 -6.569183691 -0.7217152336   6.332463204  -8.081665603 0.03856248973   6.877564711 1776585316 1776585316
-6.572824268 -0.775999636  6.387569433  -8.011070625 0.02878296445   6.874957033 1776585316 1776585316
  -6.52213327 -0.8453847652    6.57930292   -7.800421159 0.002891306935     6.87444833 1776585316 1776585316
-6.362643969 -1.001219745  7.017768678   -7.467860021 -0.04199923756    6.884196149 1776585316 1776585316
-6.211157751 -1.138263905   7.39393972  -7.043102579 -0.1072223399    6.91612162 1776585316 1776585316
-6.067494374 -1.230407806  7.705618393  -6.564589578 -0.1942113232   6.981299964 1776585316 1776585316
-5.848009981 -1.420907977  8.100286972  -6.073956567 -0.3005804691   7.086096471 1776585316 1776585316
-5.619627271 -1.594604584  8.442684705 -5.614917232 -0.421734613  7.232445711 1776585316 1776585316
-5.346357214 -1.818355204  8.747803588  -5.225432321 -0.5482914998    7.41264266 1776585316 1776585316
 -5.15640304 -1.949461542   8.90257921  -4.934702738 -0.6704851977   7.612860098 1776585316 1776585316
-5.015560696 -2.020086304  8.980540265 -4.758100978 -0.774757108  7.813006968 1776585316 1776585316
-4.904844744 -2.092205377  9.005644281  -4.694945049 -0.8460691676   7.991759432 1776585316 1776585316
-4.823041382 -2.114931459  8.995728215  -4.730205165 -0.8761367341   8.131704877 1776585316 1776585316
-4.828820046 -2.104300478  8.904721533  -4.836189925 -0.8577311677   8.220368751 1776585316 1776585316
-4.893468414 -2.063903957  8.846312654  -4.981504654 -0.7932570934   8.251235817 1776585316 1776585316
-4.967875882 -1.993567714  8.803272231   -5.13427807 -0.6903430773   8.225968545 1776585316 1776585316
-5.162406028 -1.871736665  8.730209856  -5.267978908 -0.5611937453   8.153432626 1776585316 1776585316
-5.322319338 -1.777030958  8.683757604  -5.367856183 -0.4233238091   8.047026697 1776585316 1776585316
-5.585066462 -1.676580638    8.6059352  -5.432279231 -0.2952640543   7.921450452 1776585316 1776585316
-5.88470778 -1.61852258 8.503945861  -5.471623885 -0.1945170632   7.791272033 1776585316 1776585316
 -6.05413362 -1.599050887  8.444971104  -5.504918593 -0.1350675374   7.668285744 1776585316 1776585316
-6.245167355 -1.629475316  8.357194927 -5.553930289 -0.124878128  7.560976266 1776585316 1776585316
-6.463910946 -1.697402044  8.244653773  -5.638428659 -0.1663863612   7.473313003 1776585316 1776585316
-6.718385552 -1.855984423  8.092989716   -5.76976661 -0.2548533787   7.406606016 1776585316 1776585316
-6.906988338 -2.026265695   7.97034248  -5.947195115 -0.3800249636   7.360941849 1776585316 1776585316
-7.002756184 -2.137425363  7.914480191  -6.157687047 -0.5278486957   7.335642411 1776585316 1776585316
-7.074208511 -2.271636071  7.874568362  -6.376303004 -0.6805166708   7.332720163 1776585316 1776585316
-7.077557368 -2.400967818  7.891611142  -6.571150016 -0.8205666089   7.355515491 1776585316 1776585316
-6.991161033 -2.493426987  7.963771664  -6.708326335 -0.9309012642   7.409953807 1776585316 1776585316
-6.775143777  -2.51995252  8.121326169  -6.759222641 -0.9968275455    7.50231537 1776585316 1776585316
-6.542563441  -2.51395128  8.273018775 -6.706327647 -1.006796074  7.637482935 1776585316 1776585316
-6.245103689  -2.48582636   8.45337879  -6.545693933 -0.9534754565   7.817733871 1776585316 1776585316
-5.889376731 -2.398904794  8.669301865  -6.289240901 -0.8333780587   8.041901767 1776585316 1776585316
-5.422817131 -2.189817454  8.972497561  -5.962414297 -0.6483317775   8.303585003 1776585316 1776585316
-5.007538125 -1.905135644   9.27326251  -5.600683317 -0.4074394259   8.588328984 1776585316 1776585316
 -4.78217413 -1.675068176  9.461311757  -5.240153756 -0.1259708139   8.877709383 1776585316 1776585316
-4.588797497  -1.48664887  9.627417311 -4.91528559 0.171269148 9.146058355 1776585316 1776585316
-4.446105229 -1.261244522  9.790138198 -4.655610983 0.4588954235  9.368368964 1776585316 1776585316
-4.421423466 -1.057250676  9.903773704 -4.479318895 0.7078526599  9.521179933 1776585316 1776585316
 -4.564460171 -0.9326845727   9.900493105 -4.391829382 0.8932321299   9.58463465 1776585316 1776585316
 -4.695802993 -0.8954756439   9.849774147 -4.383575439  0.994414531  9.548334883 1776585317 1776585317
 -4.913568313 -0.8710069494    9.72206148 -4.439122605 0.9977868817  9.407721494 1776585317 1776585317
  -5.09546027 -0.8696074693   9.582954076 -4.539745639 0.9004549117  9.174205806 1776585317 1776585317
-5.307860599 -1.023635208  9.322118729 -4.666470923 0.7137201405  8.871539444 1776585317 1776585317
-5.411864485 -1.255461995  9.067059658 -4.801537574 0.4616745452  8.529385106 1776585317 1776585317
 -5.43333518 -1.423017392  8.918103273 -4.930730229 0.1777202195  8.182633691 1776585317 1776585317
-5.431288082 -1.636739871  8.766129385 -5.042751916 -0.100913227   7.86716379 1776585317 1776585317
-5.409290676 -1.839092578  8.622249295  -5.137226018 -0.3429600737   7.610042059 1776585317 1776585317
-5.401703213 -2.050185101   8.47993619  -5.216885218 -0.5234698648    7.43545924 1776585317 1776585317
-5.438899831 -2.172737106  8.401146915  -5.288538287 -0.6329491523   7.355716721 1776585317 1776585317
-5.484306722 -2.209204074  8.391220095  -5.360750651 -0.6774899954   7.372012785 1776585317 1776585317
-5.537108873  -2.22461959  8.401554817  -5.437720056 -0.6758441552   7.476670319 1776585317 1776585317
 -5.68329945 -2.231997002  8.473521425  -5.520683911 -0.6571602368   7.652243332 1776585317 1776585317
-5.753534601 -2.249506179  8.516810798  -5.607090854 -0.6539293544   7.872234396 1776585317 1776585317
-5.851351876  -2.29669792   8.59824517    -5.6910347 -0.6946055496   8.106554358 1776585317 1776585317
-5.915964502 -2.423850781  8.733685454  -5.763440837 -0.7959476616   8.324445449 1776585317 1776585317
-5.930436244 -2.515883512  8.810444526 -5.815686447 -0.959320498  8.498524653 1776585317 1776585317
-5.918635676 -2.683609839  8.885496955 -5.841466727 -1.167950776  8.609133858 1776585317 1776585317
-5.830217668 -2.939640567  8.951428583 -5.837818489 -1.388880488  8.646655749 1776585317 1776585317
-5.713028685 -3.123812655  8.975534207 -5.805239926 -1.577470323  8.611455243 1776585317 1776585317
-5.612030121 -3.163624553  8.970898712  -5.74829038 -1.686442877  8.513183738 1776585317 1776585317
-5.542084886 -3.131157951  8.960250126   -5.6753525 -1.676151759  8.369606512 1776585317 1776585317
-5.454588761  -2.98594255  8.947198033 -5.596415101 -1.522443721  8.203817753 1776585317 1776585317
 -5.36312578 -2.576132103  8.902696722 -5.521850206 -1.223403176   8.04135101 1776585317 1776585317
-5.338139839 -2.012093185  8.848573714  -5.460704178 -0.8020751796   7.905780983 1776585317 1776585317
-5.338239205 -1.646219166  8.828015651    -5.4208771 -0.3037985783   7.817227704 1776585317 1776585317
-5.363591734 -1.280780603  8.823039812 -5.406636465 0.2109932216  7.789223339 1776585317 1776585317
 -5.432462719 -0.8310579963   8.830766468 -5.416703501  0.676433824  7.824308182 1776585317 1776585317
 -5.563885368 -0.3056186469   8.855355495 -5.445607912  1.031929763  7.913146297 1776585317 1776585317
   -5.68461696 -0.09788172776    8.883105019 -5.484566655  1.233123843  8.037070227 1776585317 1776585317
  -5.747306545 -0.09560902759     8.89073142 -5.522527154   1.26060049  8.171915171 1776585317 1776585317
 -5.763539573 -0.1770128962   8.916136135 -5.548426721  1.121401259  8.290049709 1776585317 1776585317
 -5.744208263 -0.4338269315   8.931454719   -5.5534721 0.8476126896  8.365486808 1776585317 1776585317
 -5.671569852 -0.8595290242   8.925842704 -5.532561205 0.4914740274   8.37942473 1776585317 1776585317
-5.524082721 -1.441352072  8.886876595 -5.486425615 0.1155342206  8.323494375 1776585317 1776585317
 -5.44733608 -1.734301589   8.84429047  -5.420864608 -0.2193096496   8.202417234 1776585317 1776585317
-5.362757104 -1.983230629  8.804848931 -5.347230383 -0.464871291  8.033145293 1776585317 1776585317
-5.230369683 -2.261635588  8.750836236  -5.280384793 -0.5934391413   7.843532039 1776585317 1776585317
-5.113360922 -2.438340651  8.699806501  -5.235907054 -0.6036095202   7.667996076 1776585317 1776585317
-5.071475983 -2.520150792  8.642440641 -5.225868435 -0.517608924   7.54272014 1776585317 1776585317
-5.079216298 -2.513089705  8.638656305  -5.259289444 -0.3789243028   7.494044963 1776585317 1776585317
-5.104811015 -2.485319494  8.650151834  -5.333050436 -0.2397820982    7.53931602 1776585317 1776585317
-5.192163538 -2.436995239  8.687107329  -5.436332203 -0.1516102325   7.677448766 1776585317 1776585317
-5.350364463 -2.416942367  8.738553673  -5.546929483 -0.1538559727   7.891255807 1776585317 1776585317
-5.568668545 -2.422443727  8.813751143  -5.635447969 -0.2669683371   8.144134536 1776585317 1776585317
-5.680910225 -2.397737224  8.859340232   -5.67052264 -0.4872503149   8.390021292 1776585317 1776585317
-5.743309049 -2.385526072   8.89598653  -5.621294014 -0.7891427936    8.58241759 1776585317 1776585317
-5.755556173 -2.412794596  8.902103333 -5.467514807 -1.131852382  8.673591258 1776585317 1776585317
 -5.63138292 -2.456456521  8.817316556 -5.201310966 -1.463824065  8.629998392 1776585317 1776585317
-5.442858463 -2.498203441  8.708559794 -4.834756754  -1.73327649  8.437713382 1776585317 1776585317
-5.267185569 -2.540937672  8.577537024 -4.402935782 -1.898030616  8.109965227 1776585318 1776585318
-4.975688628  -2.58817038  8.393905599 -3.963118417 -1.934825303  7.684380642 1776585318 1776585318
-4.675347701 -2.622827524  8.223000279 -3.586828442 -1.844635014  7.225676633 1776585318 1776585318
-4.406398488 -2.688776649  8.066095969 -3.350798432 -1.649606833  6.810531164 1776585318 1776585318
-4.228009823 -2.887815752  7.915203123 -3.326845759 -1.390092979  6.517752294 1776585318 1776585318
-4.254265941 -3.104865097  7.912541528 -3.566084073 -1.121150041  6.419741805 1776585318 1776585318
-4.339233856 -3.220562373  7.960452389 -4.082815078 -0.912511715  6.568451186 1776585318 1776585318
-4.658905545  -3.34437618  8.121533908  -4.852246902 -0.7896240825   6.975341507 1776585318 1776585318
-5.257475216 -3.486926095  8.411599103  -5.813976807 -0.7564663644   7.617111602 1776585318 1776585318
-6.289726025  -3.51682471  8.936984575  -6.876216441 -0.7988993309   8.431361192 1776585318 1776585318
-6.761934807 -3.348412672  9.232421955  -7.927361355 -0.8768556518   9.325697442 1776585318 1776585318
-7.168025366 -3.223233578  9.454213063  -8.855493036 -0.9675711298   10.19589808 1776585318 1776585318
-7.519513671 -2.980126315  9.673761587 -9.550431622 -1.025328949  10.92792411 1776585318 1776585318
-7.749601262 -2.702871114  9.811973513 -9.931878383 -1.045966676  11.42591096 1776585318 1776585318
-7.624804223 -2.270830137  9.714891849 -9.955286259 -1.037474584  11.61555478 1776585318 1776585318
 -7.43027338 -2.199546932  9.466961472 -9.608964333 -1.002518346  11.46508867 1776585318 1776585318
-7.218830973 -2.137645004  9.253538878  -8.893090322 -0.9224623732   11.02265769 1776585318 1776585318
-6.691393525  -2.00709958  8.948788178  -7.884899412 -0.8337228584   10.34312375 1776585318 1776585318
-6.030133789 -1.887993875  8.634493822  -6.689379759 -0.7769729158    9.51580647 1776585318 1776585318
-5.000541863  -1.83261301   8.22838108 -5.434649505 -0.791311413  8.636545381 1776585318 1776585318
 -4.39346332 -1.801520337   8.00757564   -4.25216783 -0.8850069643   7.806735867 1776585318 1776585318
-4.220215837 -1.729903138  7.939083766 -3.268864129 -1.053667706  7.109212631 1776585318 1776585318
-3.999343015 -1.625104696  7.925659306 -2.586235301 -1.255419082  6.584616353 1776585318 1776585318
-3.814445887 -1.295306336  7.992739608 -2.256712496 -1.422732913  6.269647537 1776585318 1776585318
 -3.890193676 -0.8763735575   8.119328865 -2.294939215 -1.466812905  6.158171818 1776585318 1776585318
 -4.197047209 -0.1267781777   8.324677974 -2.665249376 -1.300576294  6.230816887 1776585318 1776585318
  -4.378598681 -0.03884516733    8.331443056  -3.302726593 -0.8377341781   6.429342772 1776585318 1776585318
-4.533885434 0.3817928877  8.421447855  -4.139400007 -0.1161905045   6.693722192 1776585318 1776585318
-4.818983218  1.275401178   8.64895843 -5.047993362 0.8781955668  6.976445729 1776585318 1776585318
-4.992467263  1.912784607  8.825323064 -5.909498218   2.06250894  7.253016728 1776585318 1776585318
-5.144826254   2.19540088  8.926168776 -6.626450861  3.293858867  7.507960095 1776585318 1776585318
-5.263885112   2.28920145  8.966536654 -7.121756816  4.392102658  7.717654238 1776585318 1776585318
-5.399506818  2.312454387   8.96364002 -7.344355302  5.179605757  7.869693823 1776585318 1776585318
-5.522508296  2.058244665  8.949192482 -7.27965865 5.494245684 7.983541862 1776585318 1776585318
-5.568622735  1.376620068   8.92182641 -6.937282169  5.224036391  8.076568054 1776585318 1776585318
-5.556650312 0.6678009585  8.877724101 -6.361150461  4.327369864  8.156670252 1776585318 1776585318
-5.492170437 0.1148085424  8.865006284 -5.628680113  2.841732392  8.259191946 1776585318 1776585318
 -5.354135892 -0.6602965747   8.875135907 -4.832189338 0.8944313671  8.398550259 1776585318 1776585318
-5.032809488 -2.013864747  8.914442922 -4.065369012 -1.308638135  8.569096074 1776585318 1776585318
-4.705637457  -3.12907735  8.950886875 -3.414912942  -3.51073108  8.750122427 1776585318 1776585318
-4.573127783 -3.578841797  8.956962717 -2.958705597 -5.443825419  8.904340303 1776585318 1776585318
-4.400950261 -4.084934991  8.955662721 -2.762040818 -6.869501522  8.989322265 1776585318 1776585318
-4.176117795 -4.605117934  8.957242881 -2.851598232 -7.605246958  8.971513048 1776585318 1776585318
-4.093710066 -4.776622968  8.913531722 -3.224196743 -7.556756038  8.827641456 1776585318 1776585318
  -4.1986672 -4.528977081  8.850753601 -3.811714771 -6.716148999  8.577469951 1776585318 1776585318
-4.461326337 -3.939793801  8.763379262 -4.520537657 -5.179145756  8.249503678 1776585318 1776585318
-4.805526485 -3.251798518  8.676657125 -5.247767812  -3.12821469  7.911263788 1776585318 1776585318
-5.114559911 -2.541577049  8.645514565  -5.870003739 -0.8119640685   7.639170831 1776585318 1776585318
-5.404993203 -1.828299435  8.645321476 -6.343067615  1.478786186  7.451351822 1776585318 1776585318
-5.725985808 -1.055198366  8.667056751 -6.647585333  3.471555115  7.354108482 1776585318 1776585318
 -5.987906439 -0.4449291124   8.699463634 -6.783455331  4.950969557  7.336749616 1776585319 1776585319
  -6.107562392 -0.09044962621    8.736739038 -6.821850937  5.768738457  7.331692253 1776585319 1776585319
-6.163360268 0.1052154569  8.756050588 -6.737664546  5.907679295  7.386038422 1776585319 1776585319
 -6.185908046 0.08522138029   8.773084827 -6.594948931   5.42314124  7.519958942 1776585319 1776585319
 -6.117550359 -0.2103143109   8.787817724 -6.389032463  4.459783516  7.705961268 1776585319 1776585319
 -6.026340011 -0.5484602657   8.786860331 -6.153924485  3.204270335   7.92640344 1776585319 1776585319
 -5.948984334 -0.7872938572   8.787551399 -5.918986995  1.859352939   8.15585581 1776585319 1776585319
-5.848912156 -1.009921532   8.80619403 -5.723640652 0.6082823816   8.36567897 1776585319 1776585319
-5.756741382 -1.274929739  8.813618784  -5.582218049 -0.4055429561    8.52892396 1776585319 1776585319
-5.694406327 -1.570139671  8.798968835 -5.496061152 -1.097978212  8.624779965 1776585319 1776585319
-5.690904237 -1.756443066  8.763627575 -5.458272518 -1.448799237  8.644685629 1776585319 1776585319
-5.701508837 -1.804841678  8.744374063 -5.455656314  -1.49549852  8.591988789 1776585319 1776585319
-5.716832239 -1.828625535  8.723823084 -5.474364157 -1.316946999  8.482920407 1776585319 1776585319
-5.718926185 -1.874750848   8.69538605 -5.497964938 -1.015091657  8.338822697 1776585319 1776585319
-5.696973915 -1.930630232  8.666821775   -5.52027054 -0.6913961296   8.185156233 1776585319 1776585319
-5.631122077 -1.992612909  8.658513562  -5.536736449 -0.4279004405   8.048919924 1776585319 1776585319
-5.584572173 -2.028939171  8.668310107  -5.546646453 -0.2761255576   7.952267297 1776585319 1776585319
-5.529457556 -2.044243958  8.691522176  -5.551504543 -0.2520290028   7.910155394 1776585319 1776585319
-5.410979855 -2.093572103  8.760740643  -5.554547677 -0.3397797871   7.928820918 1776585319 1776585319
-5.326354501 -2.123868663  8.829554048  -5.55531029 -0.499208576  8.005479854 1776585319 1776585319
-5.237363452 -2.144005741  8.929638405  -5.548489508 -0.6798622933   8.127998225 1776585319 1776585319
-5.129607918 -2.120137606  9.072676419   -5.52385056 -0.8342373748   8.277719459 1776585319 1776585319
-5.079374386 -2.091814372   9.13847868  -5.466571033 -0.9284355869   8.432692845 1776585319 1776585319
-5.019416075  -2.06141134  9.214167586  -5.357720235 -0.9490598326   8.570081877 1776585319 1776585319
-4.871016697 -1.999535545  9.342753339  -5.179221539 -0.9044239721   8.671337306 1776585319 1776585319
 -4.69781378 -1.956584944  9.408679638  -4.922528267 -0.8206506953   8.723128886 1776585319 1776585319
-4.495880604 -1.959405128  9.431209501  -4.58720679 -0.734015921  8.718745807 1776585319 1776585319
-4.360224586 -1.951956666  9.437636713  -4.186067417 -0.6807232167   8.661227409 1776585319 1776585319
-4.139202115 -1.974534363  9.424874912  -3.746512029 -0.6883891176   8.558281093 1776585319 1776585319
-3.704909472 -2.107991426  9.354972093  -3.309674623 -0.7657362815    8.42534241 1776585319 1776585319
-3.319247416 -2.306633368  9.254542436 -2.925738997 -0.902176862  8.283030768 1776585319 1776585319
 -3.08765974 -2.457832458  9.187993653 -2.649467855 -1.069239023  8.151172879 1776585319 1776585319
-2.934994012 -2.565007217  9.133334421 -2.530284491 -1.229624103  8.050922566 1776585319 1776585319
-2.889832883 -2.665948009  9.064961338  -2.60522817 -1.334403267  7.999642277 1776585319 1776585319
-3.112572039 -2.763787356  8.972642025 -2.896506904 -1.336043006  8.002685841 1776585319 1776585319
-3.666896145  -2.75787791  8.901006605 -3.402192036 -1.206840364  8.060192577 1776585319 1776585319
-3.900930484 -2.710555345  8.905376813  -4.093492597 -0.9443063595   8.168055675 1776585319 1776585319
-4.276031056 -2.629353994  8.899719091  -4.918711441 -0.5653679114   8.312807482 1776585319 1776585319
-5.150150131 -2.423560712  8.868616485  -5.814011935 -0.1122066117   8.469932686 1776585319 1776585319
-6.234558838 -2.130938022  8.823038048 -6.706864387 0.3549198495  8.609803523 1776585319 1776585319
  -7.4254774 -1.784613455  8.738576811 -7.522951568 0.7711045521   8.70340007 1776585319 1776585319
-8.301842189 -1.377411863  8.622722891 -8.199440709  1.094235641  8.703099928 1776585319 1776585319
-8.578535886 -1.191068549  8.555237542 -8.694995789  1.259875556  8.599584294 1776585319 1776585319
-8.849825784 -1.068842362  8.444649517 -8.981980663  1.230440395   8.40053894 1776585319 1776585319
 -9.172289713 -0.9522729918   8.216912493 -9.050758574  1.011681887  8.118127005 1776585319 1776585319
 -8.93986623 -1.057703773  7.930564391 -8.910347179  0.636545341  7.781904452 1776585319 1776585319
-8.649485528 -1.129621054  7.846031376 -8.585644238 0.1594639296  7.434638103 1776585319 1776585319
-8.219304375 -1.289155036  7.829955851  -8.118008781 -0.3504453497   7.109897681 1776585319 1776585319
-7.728943369 -1.466737771  7.867590006   -7.55479524 -0.8118025045   6.835143396 1776585319 1776585319
 -6.96151162 -1.720465577  7.962008275  -6.94113328 -1.153548159  6.639997147 1776585319 1776585319
-6.007615396 -1.929493405  8.169830385 -6.319867464 -1.326797663  6.550207145 1776585320 1776585320
-5.484504097 -1.961875238  8.353833098 -5.727446859 -1.309074134  6.578614342 1776585320 1776585320
-5.121424936 -1.945768918  8.513128771 -5.189566131  -1.10672083  6.734189057 1776585320 1776585320
-4.769320613 -1.850722537  8.731480292  -4.728927673 -0.7575467642   7.014355528 1776585320 1776585320
-4.422360052 -1.645834969  9.037588504  -4.364617941 -0.3241801471   7.405776866 1776585320 1776585320
-4.172966513 -1.376239246  9.421935585 -4.112708117 0.1172361325  7.884005788 1776585320 1776585320
-4.090304181 -1.223522387  9.659235196 -3.984444326 0.4854892343   8.41855983 1776585320 1776585320
-4.058895061 -1.142208461  9.819244717 -3.981297232 0.7108427994  8.972575347 1776585320 1776585320
-4.082051727 -1.138715539  9.971666433 -4.095924734 0.7448550692  9.504946283 1776585320 1776585320
-4.152174477 -1.267622122  10.14744803  -4.30587164 0.5683352807   9.97280418 1776585320 1776585320
-4.269342006 -1.675650099  10.24549772 -4.572020552 0.1970613048  10.33600657 1776585320 1776585320
-4.322378614 -2.018350834  10.24470982  -4.845143667 -0.3204131125   10.55707168 1776585320 1776585320
 -4.32812713 -2.309462534  10.21699874  -5.068016361 -0.9063578053   10.61210575 1776585320 1776585320
-4.306679213 -2.593363413  10.15065914 -5.191997652 -1.477735809  10.48524993 1776585320 1776585320
-4.223820834 -2.956273944  9.991908325 -5.177077574 -1.946402656  10.17776993 1776585320 1776585320
-3.961495374 -3.244826883  9.673699555 -5.002875304 -2.235353661  9.709834495 1776585320 1776585320
-3.733357484 -3.316049997  9.407127218   -4.6771597 -2.288865171   9.11877525 1776585320 1776585320
-3.570151996 -3.275342825  9.220226925 -4.244951677 -2.077035912   8.46797934 1776585320 1776585320
 -3.40012978 -3.084059609  9.021135621 -3.773749503 -1.617108022  7.823591704 1776585320 1776585320
-3.257991354 -2.649330304  8.808256942  -3.352954502 -0.9624932989   7.252834366 1776585320 1776585320
-3.359147334 -1.983823705  8.617335145  -3.077576791 -0.1977692968    6.81406419 1776585320 1776585320
-3.831236744 -1.341648375  8.484666141 -3.030243224 0.5698050148  6.548603977 1776585320 1776585320
-4.239985531 -1.003069183  8.438612774 -3.271173215  1.229899353  6.466586831 1776585320 1776585320
 -4.758523387 -0.7036288181   8.414151631 -3.812490988  1.687601963    6.5593679 1776585320 1776585320
 -5.750950647 -0.4509045197   8.372945466 -4.627278456  1.896912564  6.802948079 1776585320 1776585320
-7.296196555  -0.46716207  8.293685111 -5.639177863  1.829125633  7.145224617 1776585320 1776585320
 -8.532282947 -0.6610328289   8.214964738 -6.733753446  1.503214276  7.522235311 1776585320 1776585320
  -9.07036063 -0.8205183684   8.213924245 -7.785900329 0.9845910811  7.881512747 1776585320 1776585320
-9.515196846 -1.174121591  8.113036235 -8.668042717 0.3355916173   8.15945677 1776585320 1776585320
-9.830779815 -1.685997495  7.967601983  -9.266228624 -0.3547389128   8.304227888 1776585320 1776585320
-9.646035751 -2.307903951  7.785988052   -9.50661832 -0.9916088864   8.295585516 1776585320 1776585320
-9.061408055 -2.619749944  7.708804521 -9.365095577 -1.488308959  8.143751938 1776585320 1776585320
-8.535275356 -2.691147418  7.704017853 -8.873701008 -1.787255871  7.880824596 1776585320 1776585320
-7.924939958 -2.713575466  7.745021362 -8.106816184 -1.864965666   7.55903075 1776585320 1776585320
-7.017972281 -2.620562326  7.866856727 -7.185552326  -1.72165905  7.240152153 1776585320 1776585320
-5.869978466 -2.319354019  8.115602655 -6.248148094 -1.390767446  6.983675198 1776585320 1776585320
-5.237905273 -2.004155812  8.333953835   -5.43275853 -0.9302541739   6.836390454 1776585320 1776585320
-5.020150535 -1.797665934  8.465273483  -4.851971788 -0.4186250966   6.821627653 1776585320 1776585320
-4.954220359 -1.611219325  8.571479175  -4.572339737 0.06836522284   6.937788206 1776585320 1776585320
-5.112588167 -1.396051264  8.670188921 -4.609458182 0.4640533887  7.157019486 1776585320 1776585320
-5.689395699 -1.274361853  8.671959325 -4.924805123 0.7238630785   7.43330419 1776585320 1776585320
-6.331859412 -1.277376297  8.577924932 -5.432722882 0.8266605769  7.706991312 1776585320 1776585320
-6.729740566 -1.310250808  8.495078661 -6.022399074 0.7828542286  7.922617511 1776585320 1776585320
 -7.05294492 -1.403978319  8.399673666 -6.575438282 0.6206245104  8.033776244 1776585320 1776585320
-7.366716146 -1.554879881  8.258496014 -6.987968544 0.3825664151  8.005319719 1776585320 1776585320
-7.558518031 -1.813295346   8.03594331 -7.191113435 0.1189316799  7.830194578 1776585320 1776585320
-7.390073314 -1.956522551  7.859009951  -7.160745844 -0.1188955462   7.526961342 1776585320 1776585320
-7.163823808 -1.959013281  7.779253612 -6.922958201 -0.289487174  7.140397542 1776585320 1776585320
-6.938500056 -1.943688571  7.718120515  -6.547700983 -0.3667049091   6.732891096 1776585320 1776585320
 -6.62707241 -1.828198379  7.661142882  -6.134160531 -0.3456457455   6.376533647 1776585320 1776585320
-6.203668212 -1.593632977  7.601758983  -5.791326096 -0.2379342038   6.138134422 1776585321 1776585321
-6.014374832 -1.273488275  7.585685419   -5.615125807 -0.07684467505    6.071051246 1776585321 1776585321
-6.040415682 -1.088786969  7.614974655  -5.669115167 0.09800658138   6.203043419 1776585321 1776585321
  -6.10935064 -0.9814608282   7.668695347 -5.963956965 0.2512194119   6.54110315 1776585321 1776585321
 -6.371277512 -0.9234681491   7.779993748 -6.454907926 0.3420246584   7.06427785 1776585321 1776585321
-6.736766946 -1.035801014  7.993253534 -7.052257298 0.3405150695   7.72457718 1776585321 1776585321
-7.106408944  -1.36983726  8.389183125 -7.633803075 0.2322604272  8.451912822 1776585321 1776585321
-7.162565279 -1.588191755  8.721531641  -8.067138426 0.02131623098   9.168455454 1776585321 1776585321
-7.119721195 -1.889541846  9.031900223   -8.24723415 -0.2975748864   9.784129668 1776585321 1776585321
-6.902262202 -2.198598573  9.369911414  -8.091573988 -0.6834818951    10.2356027 1776585321 1776585321
-6.400838176 -2.594099263  9.771797332 -7.571017831 -1.100997189  10.48011555 1776585321 1776585321
-5.160520414  -3.15688433  10.25770405 -6.701652021 -1.513992887  10.50779835 1776585321 1776585321
-4.541873457 -3.595513021  10.29299548 -5.549232988 -1.840113608    10.348723 1776585321 1776585321
-3.930333188 -3.656101964  10.41080589 -4.235205042 -1.984414419  10.09580755 1776585321 1776585321
 -3.24910839 -3.375645964  10.51928868 -2.937340291 -1.986221267  9.778628713 1776585321 1776585321
-2.548992184 -2.981525536  10.51247507 -1.806899595 -1.865138982  9.430255656 1776585321 1776585321
-2.205819218 -2.448713103  10.20468639 -0.9816148652  -1.621335636    9.09159568 1776585321 1776585321
-2.342588955 -2.085028619  9.894356537 -0.5602252622  -1.277475539   8.792008866 1776585321 1776585321
-2.492206573 -1.901012594  9.697688434 -0.5871170644 -0.8606713735   8.541205551 1776585321 1776585321
-2.887374425 -1.652995149   9.40843705   -1.03761654 -0.4195330474   8.344320488 1776585321 1776585321
-3.699377661 -1.370543594  8.990365276    -1.829962163 -0.002042994984     8.195673067 1776585321 1776585321
-4.698557241 -1.246880663  8.642921442 -2.838522048 0.3453103976  8.083849921 1776585321 1776585321
-5.329084378 -1.251845948  8.472112438 -3.929973772 0.5871819186  7.982834946 1776585321 1776585321
 -5.74842944 -1.301785325   8.37801327 -4.974582613 0.7044850577  7.871928092 1776585321 1776585321
 -6.13733673 -1.412207083  8.299951846 -5.868377339 0.6921516464  7.736633251 1776585321 1776585321
-6.462821071 -1.586591765  8.224754861 -6.543324132 0.5612181292  7.572573755 1776585321 1776585321
-6.635424715 -1.851113294   8.13308017 -6.972489735 0.3341835198  7.391119941 1776585321 1776585321
-6.667845888 -1.981709771  8.072822622 -7.167903243 0.0440050566  7.209978221 1776585321 1776585321
-6.662990602 -2.103885292  8.013839908  -7.172739909 -0.2762529867   7.051495831 1776585321 1776585321
-6.628935854 -2.231491511  7.950449647  -7.047544626 -0.5893562639   6.933284472 1776585321 1776585321
 -6.60216877 -2.320525009  7.894947494  -6.857272397 -0.8636834787   6.865829833 1776585321 1776585321
-6.677208769 -2.355072521  7.802883905 -6.657960125 -1.076471048  6.850174557 1776585321 1776585321
-6.698437951 -2.345313701   7.80865552 -6.487460706 -1.213919854  6.876763569 1776585321 1776585321
-6.731960433 -2.318887165   7.81314063 -6.360850103 -1.277150255  6.935160268 1776585321 1776585321
 -6.81606369 -2.208481139  7.818991933  -6.27612158 -1.273640097  7.005559646 1776585321 1776585321
-6.828184994 -2.157417392  7.836624324  -6.21982022 -1.218737971  7.069308828 1776585321 1776585321
-6.721285326 -2.039308864  7.872203958 -6.177532722   -1.1348941  7.113542638 1776585321 1776585321
-6.550175919 -2.071854214  7.915582268 -6.136219502 -1.040297937   7.13506246 1776585321 1776585321
-6.433445738 -2.097266533  7.931374308   -6.09286902 -0.9546111816   7.146434518 1776585321 1776585321
-6.190574904  -2.18078917  7.938718601  -6.054141506 -0.8864949453    7.16595114 1776585321 1776585321
-5.885566844 -2.342868868  7.953230689  -6.036082202 -0.8401808634   7.219758417 1776585321 1776585321
 -5.61057534 -2.614583402  8.030325233  -6.058007176 -0.8125781111   7.333734306 1776585321 1776585321
-5.558585969 -2.761679197  8.116516203  -6.13628275 -0.793065452  7.525263142 1776585321 1776585321
-5.575166461 -2.791856245  8.200922343  -6.277885152 -0.7628601413   7.796674985 1776585321 1776585321
-5.852529519 -2.664665614  8.486323661  -6.476648611 -0.7086746579   8.135940389 1776585321 1776585321
-5.89666708 -2.61595515 8.591033536  -6.711991772 -0.6174550689   8.511868035 1776585321 1776585321
-6.178165314 -2.344958533  8.809943101  -6.955179023 -0.4818679444   8.874712738 1776585321 1776585321
-6.645813796 -1.676517508  9.073315008 -7.163996512 -0.307524613  9.176157953 1776585321 1776585321
-6.763296303 -1.433359816  9.151746128   -7.321445733 -0.07694885908    9.340962999 1776585321 1776585321
 -7.040790201 -0.8696892422   9.070088278 -7.409810142 0.2066527955  9.322564453 1776585321 1776585321
 -7.452729146 -0.2363342041    8.67384954 -7.409820298 0.5043099277  9.110278111 1776585321 1776585321
  -7.7714723 0.4823023252  7.827455521  -7.29782362 0.7852617292  8.737796903 1776585322 1776585322
-7.882845776 0.8857738224  7.007912868 -7.076660823  1.012782555  8.252856209 1776585322 1776585322
-7.748862114 0.8994129177  6.552373343 -6.780336608  1.159904603  7.714738754 1776585322 1776585322
-7.488553634 0.8928708062  6.346707054 -6.453853819  1.204519235  7.180927587 1776585322 1776585322
-7.064233715  0.616586576  6.179360353 -6.122922867  1.152160892  6.737848357 1776585322 1776585322
  -6.22695576 -0.2656197093   6.339652012 -5.805365211  1.018220532  6.463165057 1776585322 1776585322
 -5.503411829 -0.9894101898   6.912316184 -5.506552134 0.8180605004  6.414171622 1776585322 1776585322
-5.019746587 -1.473511851  7.421861959 -5.216179402  0.574322796  6.623673273 1776585322 1776585322
-4.596833145 -1.897226381  7.971276892 -4.922328667 0.3021685162  7.081362541 1776585322 1776585322
-3.863635955 -2.514835778  9.106514843  -4.612679527 0.02242069051   7.741716552 1776585322 1776585322
 -3.19460559 -2.989790992  10.31025864  -4.275501814 -0.2470362969   8.531998577 1776585322 1776585322
-2.777151112 -3.225876542   11.1546376  -3.905168328 -0.4796483035   9.365971258 1776585322 1776585322
-2.457881641 -3.062649992     11.77508  -3.503853921 -0.6320389973   10.16463969 1776585322 1776585322
-2.250134821 -2.892828694  12.14792173  -3.097414626 -0.7163246288   10.83040167 1776585322 1776585322
-2.146783897 -2.655545716  12.38377129 -2.721421661 -0.732139883   11.2915458 1776585322 1776585322
 -2.28202792 -2.292701015  12.19594694  -2.413494325 -0.6877010658    11.5066281 1776585322 1776585322
 -2.65992397 -2.053362197  11.66263486  -2.213222441 -0.5935358484   11.46490448 1776585322 1776585322
-2.976365181 -1.939365528  11.20770128  -2.155509914 -0.4630440481     11.186228 1776585322 1776585322
-3.256788948  -1.83290995  10.77053938  -2.267216528 -0.3154505626    10.7108138 1776585322 1776585322
-3.871386072 -1.667100576   9.86116032  -2.557805334 -0.1696039478   10.09988085 1776585322 1776585322
-4.397277085 -1.582841587  9.197357392   -3.012934575 -0.04753379276    9.423863497 1776585322 1776585322
-4.915413077 -1.530443959   8.68976439  -3.594344601 0.03251864885   8.755392019 1776585322 1776585322
-5.291866502 -1.496209088  8.418742302  -4.250854093 0.06051271829   8.156687424 1776585322 1776585322
-5.550467077 -1.498909824  8.284883778  -4.920332842 0.03759385538   7.677992674 1776585322 1776585322
-5.850794629 -1.532205701  8.207451452   -5.543144837 -0.03038110935    7.343800055 1776585322 1776585322
-6.152355928 -1.633450199  8.262578557 -6.065497397 -0.130048163   7.15977422 1776585322 1776585322
-6.242523139 -1.732180796  8.434990255  -6.447350347 -0.2438535098   7.113450174 1776585322 1776585322
-6.208414856 -1.782533322  8.547716313   -6.66680189 -0.3550005556   7.179039645 1776585322 1776585322
-6.158147002 -1.828633426  8.637490074  -6.722729047 -0.4505505885   7.322163934 1776585322 1776585322
-6.021794698 -1.881989365   8.76290423  -6.630788604 -0.5239389391   7.508419381 1776585322 1776585322
-5.771054662 -1.914435438  8.890242534  -6.422779807 -0.5774762327   7.705934284 1776585322 1776585322
-5.529311478 -1.892597723  8.943135492  -6.139106854 -0.6216873268   7.890234268 1776585322 1776585322
-5.394861982  -1.84586008   8.95468146 -5.823094499 -0.673105784  8.046250411 1776585322 1776585322
-5.318438032 -1.820962319  8.945287154 -5.514571955 -0.750069871  8.167218909 1776585322 1776585322
-5.235578951 -1.787884206  8.929030697  -5.244450348 -0.8682817081    8.25626611 1776585322 1776585322
-5.161618905 -1.757695486  8.888461682 -5.032615956 -1.038090249  8.321146494 1776585322 1776585322
-5.187616511 -1.810106151  8.832259981 -4.885929929 -1.261248716  8.371763444 1776585322 1776585322
-5.230006019 -1.894851779  8.808238192 -4.79906757 -1.53046758 8.416534053 1776585322 1776585322
-5.249791902 -1.971510812  8.804400936 -4.758365233 -1.831937536   8.46154525 1776585322 1776585322
 -5.28603411 -2.082063708  8.821451911 -4.746160535  -2.14763034  8.513738326 1776585322 1776585322
-5.321820855 -2.290669988  8.854478856 -4.737310326  -2.46100465  8.569965215 1776585322 1776585322
-5.355389214  -2.55170756  8.895680375 -4.723169123 -2.765607999  8.625474027 1776585322 1776585322
-5.375856526 -2.671000023  8.907206896 -4.702301166 -3.065929551  8.668708227 1776585322 1776585322
-5.383491331 -2.754645171  8.910571328 -4.666434308  -3.37132568  8.691035797 1776585322 1776585322
-5.383025971 -2.835901232  8.914792619  -4.63188081 -3.700156831  8.691350949 1776585322 1776585322
-5.376961977 -2.960155376  8.887079615 -4.613581777 -4.069565679  8.655204435 1776585322 1776585322
-5.402982357 -3.049247971  8.774848214 -4.673146645 -4.496096736  8.559269392 1776585322 1776585322
-5.454089856 -3.133608297  8.648827047 -4.817720638 -4.958380748  8.394454686 1776585322 1776585322
-5.486379651 -3.194693286  8.551289755 -5.040185651 -5.408494459  8.199125411 1776585322 1776585322
-5.522102999 -3.216349421   8.42770118  -5.36602755 -5.782703915  7.990224804 1776585322 1776585322
-5.554130376 -3.238817992  8.267347831 -5.805166794 -5.989146302  7.746926523 1776585323 1776585323
-5.635530704 -3.191057814  8.091132779 -6.367364599 -5.915630439  7.466172199 1776585323 1776585323
-5.744913144 -3.098790127  7.991885073 -6.974269621 -5.450283355  7.183259497 1776585323 1776585323
-5.834773394 -2.982499651  7.938228769  -7.50634318 -4.534337337  6.973180883 1776585323 1776585323
-5.913507464 -2.754107072  7.946971648 -7.923140272 -3.140425182  6.834765283 1776585323 1776585323
-6.020822365 -2.268665095  8.066033475 -8.166256285 -1.293628976  6.801976181 1776585323 1776585323
-6.184559022 -1.476003064  8.326600396  -8.15356444 0.9128948746  6.916572931 1776585323 1776585323
  -6.27171921 -0.9926376792   8.493138136 -7.825204852  3.293060609  7.204957071 1776585323 1776585323
 -6.327393422 -0.4358630746   8.693018295 -7.242224414  5.596301083  7.583359785 1776585323 1776585323
-6.375503547 0.1237162701  8.979915404 -6.55094938 7.592294644 8.080290945 1776585323 1776585323
-6.442578482 0.5501920382  9.211656695 -5.79818256 9.090049043 8.614889333 1776585323 1776585323
-6.481797841  1.058456832  9.406771207 -5.045117275  9.934740024  9.023866238 1776585323 1776585323
-6.470076061  1.168481699  9.423798537 -4.511329187  10.04384857   9.22878236 1776585323 1776585323
-6.436267267  1.303842852  9.395196023 -4.139726537  9.410789859  9.221745361 1776585323 1776585323
-6.353726011  1.073283355  9.305454894 -3.990538059  8.110896588  9.174250345 1776585323 1776585323
 -6.24342894 0.6202896684  9.159757538 -4.014150453  6.310432708  9.046089906 1776585323 1776585323
 -6.027565773 -0.2564124313   8.886077187 -4.159313339  4.227326779  8.839857468 1776585323 1776585323
-5.814349692 -1.198815496  8.655273035 -4.392330097  2.106976658   8.60754836 1776585323 1776585323
-5.774379173 -1.343690305  8.630193075 -4.650663037 0.1787311771   8.37315617 1776585323 1776585323
-5.693009694 -1.717578622  8.570508094 -4.899248393 -1.370363751  8.140820703 1776585323 1776585323
-5.537962489 -2.523963234  8.484504094 -5.086217867 -2.427015355  7.920135746 1776585323 1776585323
-5.488136974 -2.863461645  8.482723375 -5.183869256 -2.963152269  7.721361223 1776585323 1776585323
-5.482336292 -3.028881921  8.475410109 -5.184604805 -3.029369782  7.551567976 1776585323 1776585323
-5.467372908 -3.082683823  8.496532018  -5.10563955 -2.744924437  7.430675939 1776585323 1776585323
-5.476678817 -3.063062005  8.507675953 -4.976517347 -2.265819134  7.358706032 1776585323 1776585323
-5.468156455 -3.035101849  8.496690939 -4.845698144 -1.758030312  7.332409649 1776585323 1776585323
-5.518681837 -2.901480463  8.390652544 -4.768644216 -1.375520717   7.36037778 1776585323 1776585323
-5.590632117 -2.860382447  8.246965443  -4.79305726 -1.228412086  7.440085051 1776585323 1776585323
-5.614233136 -2.854640318   8.19537223 -4.95608977 -1.37624798 7.570915171 1776585323 1776585323
-5.707622132 -2.794722914  8.081032469 -5.271139207 -1.817056982  7.750755784 1776585323 1776585323
-5.897342305 -2.788189911  7.884981075 -5.727891908 -2.494055564  7.957935125 1776585323 1776585323
-6.177570842  -2.85470674   7.73293164 -6.289749041 -3.315168319  8.170800126 1776585323 1776585323
-6.402659231 -2.882067831  7.679408364 -6.919029435 -4.161507765  8.352786931 1776585323 1776585323
-6.541384301 -2.873620815  7.660009729 -7.533466361 -4.917509419  8.463192513 1776585323 1776585323
-6.740076184 -2.847978426  7.701394355 -8.035883696 -5.489318915  8.484853464 1776585323 1776585323
-6.989841883  -2.86025951  7.757781778 -8.356147569 -5.811163082  8.338238092 1776585323 1776585323
-7.133857153 -2.880048503  7.857950556 -8.436143573 -5.854269207  8.012838818 1776585323 1776585323
-7.163813234 -2.914811661  7.871844283 -8.276533013 -5.608332361  7.467637695 1776585323 1776585323
-7.179189696 -2.833228453  7.875204299 -7.818994682  -5.15304368  6.850322796 1776585323 1776585323
-7.041465091 -2.885607537  7.865451512 -7.12434026 -4.53338824 6.141795454 1776585323 1776585323
-6.714268376 -3.022562406   7.75364079  -6.33384091 -3.765851382  5.407024187 1776585323 1776585323
-6.240525401 -3.094271119  7.599290899 -5.553315775 -2.932281073  4.795675566 1776585323 1776585323
-6.005915188 -3.124382783   7.43792787 -4.907078455 -2.065724196  4.385965283 1776585323 1776585323
-5.807518764 -3.033463036  7.355747658 -4.482295541 -1.267887239  4.276650765 1776585323 1776585323
-5.535459982 -2.863882527  7.322548187  -4.366937201 -0.5186038729   4.485573847 1776585323 1776585323
-5.384585499 -2.718679264  7.333933495 -4.579227409 0.1838294969  5.029091715 1776585323 1776585323
-5.383431676 -2.339049835  7.501097261  -5.08810936 0.8214001268  5.881960263 1776585323 1776585323
-5.516804843 -1.967951266   7.74276957 -5.803129498  1.403524449   6.98296304 1776585323 1776585323
-5.779059879  -1.51433009  8.051095351 -6.602698924  1.932094725  8.218843632 1776585323 1776585323
 -6.315606829 -0.8263749921   8.495792957 -7.381187205  2.415486134  9.439717779 1776585323 1776585323
 -6.780593749 -0.4054113305   8.764587739 -7.98498242 2.859199244 10.56572302 1776585324 1776585324
-7.486222495 0.2587694708   9.11616818 -8.335156002  3.262213903  11.43246984 1776585324 1776585324
-7.926575204 0.7326654755  9.249267606 -8.361701803   3.61456889  11.96165881 1776585324 1776585324
-8.213690911  1.143939498  9.318932523 -8.044418201  3.897751081  12.11252427 1776585324 1776585324
-8.388874333  1.389150705  9.293279063 -7.419970383  4.075516939  11.91607596 1776585324 1776585324
-8.487634904  1.346305902  9.153995677 -6.569305327  4.125340896  11.46360956 1776585324 1776585324
-8.26962658  1.13747268  8.88955549 -5.516905943  4.069570107  10.82446314 1776585324 1776585324
-7.835224513 0.7979255169  8.592772457 -4.393203322   3.90318777  10.11642468 1776585324 1776585324
-7.660459271 0.6633492392  8.447711281 -3.351174121  3.676961931  9.411037821 1776585324 1776585324
-7.214406578 0.4340884043   8.26946867 -2.479466795  3.410515207  8.777430442 1776585324 1776585324
 -6.219725154 -0.2624713635   8.014194394 -1.829965678  3.067497136  8.374350857 1776585324 1776585324
 -6.099627569 -0.3160178765   8.011837402 -1.471700386  2.721577536  8.139622171 1776585324 1776585324
 -5.835371213 -0.4528877469   8.052513349 -1.411243905  2.393242263  8.078767258 1776585324 1776585324
 -5.363774055 -0.7468351859    8.16264697 -1.59366358 2.064127147 8.182716603 1776585324 1776585324
 -5.205374584 -0.8260805389   8.279097327 -1.968212455  1.752623067  8.392179252 1776585324 1776585324
 -5.280736081 -0.9363546012   8.310575629 -2.466588634  1.460108513  8.669895325 1776585324 1776585324
 -5.440543878 -0.9558435464   8.329562627 -3.005485994  1.163214183  8.902477701 1776585324 1776585324
 -5.656891907 -0.9550060725   8.315284945 -3.538235547 0.8607036933   9.03941674 1776585324 1776585324
 -5.927874885 -0.9839612766   8.256713534 -4.032098627 0.5372394282  9.045230405 1776585324 1776585324
-6.195994276 -1.057210017  8.167601183 -4.478608507 0.1765945301  8.905756896 1776585324 1776585324
 -6.44617294 -1.200016729  8.033840919  -4.888513109 -0.2381358318   8.635309896 1776585324 1776585324
-6.694971176 -1.483959833   7.84526443  -5.283810986 -0.7180747617   8.262494762 1776585324 1776585324
-6.897070154 -1.803742735  7.650144302 -5.689910055  -1.26492653  7.829444965 1776585324 1776585324
-7.041031254 -2.099657143  7.484837127 -6.122920773 -1.869636614  7.382485697 1776585324 1776585324
-7.214434245 -2.594441627  7.234559108 -6.588358797 -2.507754076  6.964170168 1776585324 1776585324
-7.308664011 -2.871598921  7.077558512 -7.063217834 -3.141784253   6.59045882 1776585324 1776585324
-7.373129861 -3.139792543  6.932722799 -7.520418962 -3.729619554  6.282771265 1776585324 1776585324
 -7.41867506 -3.423556904  6.738595689 -7.922078513 -4.214046699  6.024655641 1776585324 1776585324
-7.413411159 -3.505396651  6.632534219 -8.229215647 -4.554643193  5.811350339 1776585324 1776585324
 -7.31770726 -3.423332711  6.600655643 -8.412677856  -4.72533911  5.637046404 1776585324 1776585324
-7.229530103 -3.268238172  6.552556967 -8.453388314 -4.685364295  5.440285527 1776585324 1776585324
-7.083285133 -3.022120233  6.558866158 -8.350884839 -4.468506997   5.24918157 1776585324 1776585324
-6.908052642 -2.678907701  6.609171509 -8.153332012  -4.08103927  5.058531346 1776585324 1776585324
-6.80534233 -2.42116527 6.644016818 -7.89575223 -3.57754466 4.884611029 1776585324 1776585324
-6.655159699 -2.024635102  6.776880951  -7.64980271 -3.043054443  4.779496284 1776585324 1776585324
-6.663639672 -1.753112529  6.794313154 -7.477014604 -2.383274136  4.677313554 1776585324 1776585324
-6.785187152 -1.575838568  6.773971752 -7.406821147 -1.700140054  4.660757431 1776585324 1776585324
-6.998440486 -1.408545969  6.739546191 -7.467853082 -1.001714479  4.765365401 1776585324 1776585324
-7.273758256 -1.246913705  6.716993489  -7.639350199 -0.3003990312   5.023494795 1776585324 1776585324
 -7.566922691 -0.9514476406   6.802029183 -7.877301002 0.3890144489  5.474460149 1776585324 1776585324
 -7.798057259 -0.7028117401   6.988757654 -8.079323906  1.142013335  6.129858262 1776585324 1776585324
 -7.950217524 -0.4564985868    7.25404063 -8.124629152  1.869415861  6.978971096 1776585324 1776585324
 -8.036737845 -0.2237964064   7.504465864 -7.926184136   2.53989385  7.985650203 1776585324 1776585324
-7.977468516 0.1070842104  7.892618675 -7.42628311 3.116397998 9.121971306 1776585324 1776585324
 -7.58764796 0.5676152123  8.496972673 -6.572480503  3.581242693  10.31509512 1776585324 1776585324
-7.308197151  0.791791299  8.861863765 -5.422977048  3.817709765  11.55434503 1776585324 1776585324
-6.813095377 0.9290156769   9.35594018 -4.029464834  3.822537656  12.71569063 1776585324 1776585324
-6.167649965 0.9968364695  9.875494095 -2.515493019  3.612511485  13.67540663 1776585324 1776585324
-5.591329257 0.9595643208  10.24306458 -1.052622275  3.246821344  14.32982069 1776585324 1776585324
-5.071613772 0.9628167269  10.44207984 0.1995475801  2.838994968  14.57206192 1776585325 1776585325
-4.873817044 0.8336590439  10.41965562 1.030232878 2.400421012 14.48448345 1776585325 1776585325
-4.889738677 0.6355897487  10.22048026 1.358640122 2.007184312 14.04912907 1776585325 1776585325
-5.124104751  0.372517825  9.820494605 1.177539761  1.60876292 13.29937208 1776585325 1776585325
 -5.51517984 0.1401664968   9.31509146 0.5039217883  1.224631269  12.30492478 1776585325 1776585325
  -6.080189922 -0.07933593162    8.660942777 -0.5756760498  0.8494378765   11.15185113 1776585325 1776585325
 -6.579727146 -0.2156514013   8.124413975 -1.945395499 0.5069030631   9.95412592 1776585325 1776585325
 -7.068793873 -0.3044736313   7.607662054 -3.433646732 0.1756441496  8.791599337 1776585325 1776585325
 -7.525439728 -0.3600156467   7.120300588   -4.88520778 -0.1203367776   7.740702931 1776585325 1776585325
 -7.821907659 -0.3831618608   6.793164065  -6.165421832 -0.3696765894   6.867689144 1776585325 1776585325
 -7.934968075 -0.3939229749   6.657340107  -7.17224775 -0.568435821  6.209315978 1776585325 1776585325
 -8.010475335 -0.4700800973   6.547573742 -7.840675749 -0.721474977  5.760032817 1776585325 1776585325
  -8.00188006 -0.5857777576   6.525120656 -8.174521254  -0.83822988  5.530638464 1776585325 1776585325
 -7.893072354 -0.7200279411   6.647788709  -8.223470879 -0.9372972842   5.515317142 1776585325 1776585325
 -7.824957065 -0.8573826035   6.752577517 -8.056412477 -1.032965216  5.667171582 1776585325 1776585325
 -7.764185843 -0.9671366968    6.87560986 -7.772478475  -1.13029292   5.93706238 1776585325 1776585325
-7.644376609 -1.145229293   7.10791574 -7.466780225 -1.231236939  6.260652962 1776585325 1776585325
-7.555335931   -1.3329345   7.30982306 -7.206340282 -1.330243639  6.566969212 1776585325 1776585325
-7.509389348 -1.529598979  7.489081842 -7.046576319 -1.417117122  6.805891719 1776585325 1776585325
-7.482812939 -1.573493285  7.546200504 -7.004061202  -1.48631491  6.939996768 1776585325 1776585325
-7.535412078 -1.593822731  7.481319085 -7.059125829 -1.533319732  6.938200022 1776585325 1776585325
-7.617033021 -1.505118569  7.281163402 -7.210000049 -1.532446132  6.802522329 1776585325 1776585325
-7.711017316 -1.375377048  7.068559696 -7.413728908 -1.472851165   6.53387921 1776585325 1776585325
 -7.78384647 -1.156041966  6.751821644 -7.652402478 -1.357965953  6.178234031 1776585325 1776585325
 -7.845592198 -0.9650077277   6.512785778  -7.89165969 -1.197110934  5.771848666 1776585325 1776585325
 -7.882890623 -0.7949313515   6.312281575 -8.125087983 -1.002506987   5.37772968 1776585325 1776585325
 -7.954948714 -0.5874792231   6.110324576  -8.342569279 -0.7410545119    5.04658778 1776585325 1776585325
  -8.01411193 -0.4690319497     6.0227575  -8.527505291 -0.4141303327    4.82503839 1776585325 1776585325
 -8.168581508 -0.2536575903   5.959759435  -8.664523783 -0.0227811906   4.758197275 1776585325 1776585325
  -8.307121122 -0.05029607224    5.976617711 -8.721321301 0.4263230172  4.869962684 1776585325 1776585325
-8.427637264  0.146661269  6.065960181 -8.670988804 0.8873498946  5.170644142 1776585325 1776585325
-8.500085247 0.3780084404  6.298402675 -8.459884506  1.371761217  5.666275297 1776585325 1776585325
-8.455802056   0.52219999  6.573482215 -8.050498113   1.80670154   6.33029897 1776585325 1776585325
 -8.25105288 0.6339900108  6.944783848 -7.418076512  2.128433649  7.110696567 1776585325 1776585325
-8.029667123 0.7495660498  7.221814707 -6.54613642 2.293637827 7.944429859 1776585325 1776585325
-7.585250028 0.8030218085  7.621186768 -5.47102174 2.257900655 8.774517352 1776585325 1776585325
-6.928985317 0.7521138931  8.069638638 -4.244351418   1.98527503  9.546125622 1776585325 1776585325
-6.443826883 0.6384197467  8.347215312 -2.970031316  1.507110751  10.19350362 1776585325 1776585325
-5.800810148 0.3638445974  8.650845266  -1.74715707 0.8945797999  10.66720929 1776585325 1776585325
-5.393171722 0.1611566024  8.791286829 -0.6994973316  0.1794062332   10.97900494 1776585325 1776585325
  -5.173149389 -0.04306786983    8.836112189 0.07388366484 -0.5037103175   11.13589204 1776585325 1776585325
 -5.147347315 -0.3089218068   8.759005614 0.4947822641 -1.078216191  11.19023895 1776585325 1776585325
 -5.294693412 -0.4949330589   8.642102878 0.5617795652 -1.429523174  11.14710169 1776585325 1776585325
-5.613411033 -0.824581918  8.486875992  0.287874428 -1.609028742  11.00858154 1776585325 1776585325
-5.870534134 -1.057956384  8.402331838 -0.2976138983  -1.687264569   10.83101305 1776585325 1776585325
-6.141412666 -1.264438211  8.350756559  -1.10667688 -1.633405856  10.69263252 1776585325 1776585325
-6.583680855 -1.465974518  8.307528594 -2.032764657 -1.503551997  10.64482192 1776585325 1776585325
-6.917371324 -1.585283221  8.301635381 -2.951588712 -1.333533364  10.71097958 1776585325 1776585325
-7.303892487 -1.717223545  8.330355305 -3.745384903 -1.166371447  10.88285662 1776585325 1776585325
-7.327133672 -1.720346885  8.406547671 -4.317276528 -1.028568385  11.13061418 1776585325 1776585325
-7.369308627 -1.711794219   8.45361756  -4.635205232 -0.9463698599   11.40963218 1776585325 1776585325
-7.326415853 -1.556885659  8.512959108  -4.674996075 -0.9238416272   11.65181522 1776585326 1776585326
-7.194774674 -1.374294354  8.558415602  -4.483531394 -0.9360822112   11.79482127 1776585326 1776585326
-7.099884028 -1.119381671  8.430294719  -4.156019562 -0.9633593047   11.79965699 1776585326 1776585326
-7.061221747 -0.835635849  8.247473703  -3.768267898 -0.9891657728   11.63778912 1776585326 1776585326
    -7.018086 -0.6553223964   8.100330277  -3.381198139 -0.9996389865   11.28781386 1776585326 1776585326
  -6.96427328 -0.3919974114   7.805085433  -3.063507286 -0.9671743471   10.76673017 1776585326 1776585326
  -6.94163327 -0.2306414835   7.537916316   -2.85873845 -0.8698811565   10.11736434 1776585326 1776585326
 -6.918724274 -0.1201972608   7.271873194   -2.77858043 -0.7460766532   9.387204554 1776585326 1776585326
  -6.893409149 -0.07511058353    7.121380651  -2.814926199 -0.6230427697   8.647213606 1776585326 1776585326
  -6.886879228 -0.08236619077    7.027030141  -2.939651916 -0.5105760062   7.982435327 1776585326 1776585326
 -6.884679621 -0.1458562443   6.989262285  -3.111802141 -0.4004418527   7.460341097 1776585326 1776585326
 -6.914380769 -0.2275492374   7.017156296  -3.291882873 -0.2833886917    7.14249247 1776585326 1776585326
-6.941822434 -0.354766625  7.167872314  -3.455194882 -0.1501329566   7.050819427 1776585326 1776585326
 -6.962292208 -0.4480283671   7.349938344  -3.588378419 0.00631385822    7.18867026 1776585326 1776585326
 -6.981202627 -0.5052708042   7.512758877 -3.687587027 0.1882380008  7.531191233 1776585326 1776585326
 -7.038863821 -0.5150448995   7.797846137 -3.762739153 0.4038485034   8.02361187 1776585326 1776585326
 -7.081488729 -0.5196813262   8.022480219 -3.833061433 0.6578473679  8.588302905 1776585326 1776585326
 -7.160459153 -0.4643566249   8.211063113 -3.916621844 0.9363442889  9.146193645 1776585326 1776585326
 -7.181237614 -0.4172243281   8.291122263 -4.010105443  1.204335309  9.614695208 1776585326 1776585326
 -7.202609755 -0.3760261217    8.31441359 -4.114091744   1.43470952  9.942148549 1776585326 1776585326
 -7.204451767 -0.2679106294   8.250734572 -4.228390449  1.623822689  10.08454653 1776585326 1776585326
 -7.174137874 -0.2305935404   8.118507516 -4.352824543  1.770146764  10.03004435 1776585326 1776585326
 -7.122967752 -0.2253115466   7.954827592 -4.462543854  1.850287892    9.8133737 1776585326 1776585326
 -7.055696374 -0.2160084695   7.821248719 -4.535684145  1.864535076  9.494257004 1776585326 1776585326
 -6.999538511 -0.2543831545   7.695874904 -4.585741337  1.835921082  9.156454161 1776585326 1776585326
 -6.935345079 -0.2801335814   7.523033217 -4.632247052  1.811036444  8.857181458 1776585326 1776585326
 -6.982063286 -0.3497821951   7.363795499 -4.727442128  1.830040405    8.6548389 1776585326 1776585326
 -7.020202295 -0.3932106058   7.321182734 -4.857661088   1.90907514  8.613004509 1776585326 1776585326
 -7.095836766 -0.4209229435   7.321415817 -5.060823735  2.074935565  8.723608932 1776585326 1776585326
  -7.29128775 -0.3991536486   7.425442405 -5.352746272  2.327353249  8.956909037 1776585326 1776585326
 -7.455210271 -0.3394467206   7.558263726 -5.734501828  2.646828333   9.23590677 1776585326 1776585326
 -7.659704171 -0.2748906493   7.702030969 -6.203651744   2.98509522  9.468515516 1776585326 1776585326
 -7.772664616 -0.2632036599   7.769669196 -6.674078577  3.266331258  9.585240221 1776585326 1776585326
 -7.880362947 -0.1990152345   7.798880585 -7.077958725  3.419300178  9.492463008 1776585326 1776585326
 -7.917843744 -0.1546395495   7.753457795 -7.386509699  3.365217835  9.111168577 1776585326 1776585326
 -7.819781274 -0.1295534505   7.619337288 -7.529117291  3.044420969    8.4217828 1776585326 1776585326
 -7.630063486 -0.2529093883   7.387019177 -7.50159925 2.395757416 7.449906465 1776585326 1776585326
 -7.321190762 -0.4631415512   7.127440519 -7.264003077  1.428406639  6.288856305 1776585326 1776585326
 -7.006261963 -0.7286677993   6.867266406 -6.837927968 0.1847784233  5.052046132 1776585326 1776585326
-6.642071925   -1.0753413  6.613533992  -6.28632141 -1.244675882   3.88313998 1776585326 1776585326
-6.255526586 -1.502384869  6.415071867 -5.711146507 -2.758309707   2.92821466 1776585326 1776585326
-5.968059368 -1.970892899  6.345394025 -5.260199114  -4.18041427  2.288795329 1776585326 1776585326
-5.764602019 -2.412354016  6.414568944 -5.115424182  -5.36943734  2.024246887 1776585326 1776585326
-5.764360727   -2.7772328  6.619126066 -5.411143397 -6.225797189  2.160234013 1776585326 1776585326
-5.956266237 -3.006887174  6.881739274 -6.142806766 -6.673470125  2.668612507 1776585326 1776585326
-6.353078425  -3.17164765  7.218241468 -7.191178571 -6.694170647  3.493920557 1776585326 1776585326
-6.917137437 -3.159517457  7.582925481 -8.475405591 -6.279490089   4.54483067 1776585326 1776585326
 -7.40651803 -3.066751306  7.883031409 -9.714507737 -5.530969957  5.721667946 1776585326 1776585326
-8.084206416 -2.776919596  8.059097136 -10.73999681 -4.526774176  6.861945688 1776585326 1776585326
-8.459516038 -2.579092754   8.06731164 -11.41223851  -3.38280754  7.850133344 1776585327 1776585327
 -8.74817928 -2.278086891  8.057239611 -11.62038979 -2.221238035  8.642415321 1776585327 1776585327
-8.934269333 -1.799742589  7.946924478 -11.32860524 -1.141603819  9.150087323 1776585327 1776585327
-8.849913615 -1.511275729  7.831391502  -10.56116528 -0.2257761348   9.390898344 1776585327 1776585327
-8.429496474  -1.21467671  7.782244172 -9.404421319 0.4993247738  9.402437385 1776585327 1776585327
-7.964124857 -1.063812437  7.813217789 -8.006189257  1.020761277  9.233398598 1776585327 1776585327
 -7.471013506 -0.9776201319    7.87171208 -6.541762668  1.364205947    8.9613191 1776585327 1776585327
 -6.928489617 -0.9910168879   7.978813421 -5.182080742  1.578932917   8.67800477 1776585327 1776585327
-6.545339973 -1.029754616  8.090141497 -4.048785524  1.716318254  8.466046686 1776585327 1776585327
-6.133851076  -1.09749002  8.301324685 -3.228520825  1.824693134  8.381053376 1776585327 1776585327
-5.984770575 -1.130270295  8.458050799 -2.75439354 1.937425258 8.449111051 1776585327 1776585327
-5.932457736 -1.116799651  8.587986861 -2.611344168  2.072312369  8.651762061 1776585327 1776585327
-5.963542504 -1.097264495  8.697160459 -2.745571973  2.232541973  8.964445062 1776585327 1776585327
-6.100134325 -1.050825992    8.7644715 -3.071881644  2.402848621  9.329592616 1776585327 1776585327
-6.370243497 -0.957760387  8.754309983 -3.499608956  2.564541584  9.675122342 1776585327 1776585327
 -6.451445039 -0.9084933962    8.74003987 -3.944812311  2.698634936   9.93453043 1776585327 1776585327
 -6.554435996 -0.8638399229   8.699719972 -4.326647655  2.782334443  10.07079751 1776585327 1776585327
 -6.658119476 -0.8282308561   8.599183499 -4.63908667 2.828490652 10.02858199 1776585327 1776585327
-6.682070047 -0.824805469  8.527987112 -4.853008664  2.828972886  9.827525642 1776585327 1776585327
 -6.664985267 -0.8496917616   8.419384083 -4.993304274  2.801746844  9.480474757 1776585327 1776585327
 -6.607868073 -0.8855981254   8.329805793 -5.102231402  2.763937561  9.020463506 1776585327 1776585327
  -6.51289017 -0.9019629899   8.286033334 -5.189114809  2.717900232  8.513621978 1776585327 1776585327
 -6.386619869 -0.9760375009   8.243636246 -5.320754889  2.662624543  8.018550781 1776585327 1776585327
-6.258021363 -1.044049771  8.231868464 -5.50360338 2.575452314 7.578557501 1776585327 1776585327
-6.145598947 -1.092156766  8.206296452 -5.749606021  2.414595384  7.217444745 1776585327 1776585327
-6.094404027 -1.133576926  8.183527745 -6.037973735  2.129234782  6.972665255 1776585327 1776585327
-6.071154302 -1.197269367  8.161501829 -6.357037725  1.665419776  6.849755566 1776585327 1776585327
-6.108205247 -1.368081987  8.095464036 -6.663805955 0.9785218939  6.843712489 1776585327 1776585327
-6.163138914 -1.648829191  8.015605005   -6.90489329 0.05693322888   6.938423035 1776585327 1776585327
-6.289992998 -2.179235631  7.864407426 -7.033787605 -1.092865008  7.092826481 1776585327 1776585327
-6.327586272 -2.576647324  7.795041903 -7.023595003  -2.41104884  7.283186367 1776585327 1776585327
-6.305289408 -2.865193202  7.790152494 -6.887285035 -3.792752252  7.479785319 1776585327 1776585327
-6.298482854 -3.164136919  7.779345418 -6.656091774 -5.117141131  7.637756893 1776585327 1776585327
-6.244241419 -3.453811268  7.789778985 -6.348922335 -6.264566464  7.719185427 1776585327 1776585327
-6.148362848 -3.668521112  7.821553659 -6.018556781 -7.110349538  7.698668356 1776585327 1776585327
-6.055910283 -3.705379829  7.870335419 -5.758344604 -7.552937038  7.572485509 1776585327 1776585327
-5.993017617  -3.67058119  7.910748589 -5.624256417 -7.543035721  7.364897033 1776585327 1776585327
-5.934419066 -3.503814011  7.983273495 -5.614996075 -7.084568817  7.140474068 1776585327 1776585327
-5.876241149 -3.212350021  8.097503068  -5.70326121 -6.228789034  6.956853994 1776585327 1776585327
-5.860912961   -2.8122006   8.23387113 -5.870269614 -5.069023243  6.843277195 1776585327 1776585327
-5.870013254 -2.571524994  8.317404568 -6.074832601 -3.733970128  6.839221849 1776585327 1776585327
-5.873851597 -2.341673156  8.409653858  -6.23535939 -2.363442587  6.966687464 1776585327 1776585327
-5.876320035 -2.148037036  8.502384846 -6.313515854  -1.08850401  7.199929432 1776585327 1776585327
-5.886358139 -2.034051278  8.562801407   -6.292307341 -0.01967895907     7.50516018 1776585327 1776585327
 -5.91825129 -1.985611521  8.597753393 -6.172735882 0.7668892162  7.841132454 1776585327 1776585327
-5.938270603 -1.977175064  8.596587692 -5.973263815  1.235642067   8.16547036 1776585327 1776585327
-5.936793175 -1.985432935  8.594929201 -5.725056207  1.391921252  8.440254558 1776585327 1776585327
-5.929119217 -2.008168763  8.577111536 -5.463800833  1.276345087  8.639150672 1776585327 1776585327
-5.930816142 -2.013272913  8.544385159  -5.22392598 0.9559569731  8.743989658 1776585327 1776585327
-5.919238546 -1.951503898  8.516719363 -5.035712092 0.5127961845  8.748285985 1776585327 1776585327
-5.914798567 -1.900070755  8.501317681  -4.918780154 0.03011777539   8.664930539 1776585328 1776585328
-5.904842773 -1.821917315  8.497175993  -4.885364099 -0.4177423597     8.5133488 1776585328 1776585328
-5.887400711 -1.727673637  8.506871944  -4.932504211 -0.7742048125   8.324067584 1776585328 1776585328
-5.894233665 -1.679198137  8.500300991  -5.04524162 -1.004322763  8.128096856 1776585328 1776585328
-5.914104388 -1.688061585  8.479950138 -5.200870099 -1.094186714  7.955732641 1776585328 1776585328
-5.923860226 -1.711206534  8.468732649 -5.373357292 -1.049380926  7.830340257 1776585328 1776585328
-5.924843766 -1.749398022  8.461127397  -5.540321454 -0.8904844096   7.767636083 1776585328 1776585328
-5.908615632 -1.817925237  8.460028619  -5.682289779 -0.6476192174   7.774529724 1776585328 1776585328
-5.888313438 -1.873043707  8.464338127  -5.787978063 -0.3536609926   7.845461403 1776585328 1776585328
-5.883211143 -1.878572138  8.477168889   -5.853973125 -0.03974603674     7.96766199 1776585328 1776585328
-5.894072455 -1.854839195  8.483433906 -5.883005546 0.2697255457  8.120330054 1776585328 1776585328
-5.897945196 -1.792175084  8.510904523 -5.880076949 0.5609962354  8.279036434 1776585328 1776585328
-5.93373139 -1.65101242 8.557045382 -5.855293697 0.8325062005  8.415895939 1776585328 1776585328
-5.985020836 -1.535461382  8.587266559 -5.815434395  1.093923533  8.510159911 1776585328 1776585328
-6.095085208 -1.335735168  8.646395292 -5.767788374  1.365112677  8.542895076 1776585328 1776585328
 -6.15785865 -1.240598361  8.678908807 -5.715561309  1.671406311  8.506356262 1776585328 1776585328
-6.192131995 -1.156441058  8.716238152 -5.655555057  2.038578333  8.401648387 1776585328 1776585328
-6.208984993 -1.094455278  8.747070435 -5.592985907  2.482920085  8.243215129 1776585328 1776585328
-6.180241454 -1.063224144  8.763182547 -5.53781263 3.005874035 8.053997705 1776585328 1776585328
-6.094461202 -1.004514934   8.76856347 -5.502606053  3.586328948  7.848627557 1776585328 1776585328
 -6.006078837 -0.9321868852   8.771865078 -5.485615119  4.175757492  7.661098092 1776585328 1776585328
 -5.883145515 -0.8009989967   8.783113944 -5.502213354  4.698581032  7.508603317 1776585328 1776585328
 -5.709154057 -0.5977300603   8.790741655 -5.565594317  5.061752132  7.421846238 1776585328 1776585328
-5.585105269 -0.410567914  8.773947577 -5.681873713  5.163410187  7.413833263 1776585328 1776585328
 -5.514841948 -0.2000390151    8.71910712 -5.84023112 4.905100991 7.463120977 1776585328 1776585328
 -5.529004667 -0.1765561084   8.655459037 -6.013174571  4.221258459  7.576605868 1776585328 1776585328
-5.542450026 -0.212186358  8.609436259  -6.1300607 3.101072971 7.739128897 1776585328 1776585328
 -5.590908825 -0.3922243974   8.523301923 -6.154325517  1.584801286  7.921616019 1776585328 1776585328
 -5.629079471 -0.8211720362   8.407316361  -6.045689824 -0.2288862767   8.098309156 1776585328 1776585328
-5.597059805 -1.607362573  8.220749328  -5.75780552 -2.175167121   8.24640753 1776585328 1776585328
-5.458570743 -2.170425109  8.121605161 -5.283831558 -4.045394951  8.365769834 1776585328 1776585328
-5.291322257 -2.512878914  8.090280875 -4.721397753 -5.626693948  8.425103218 1776585328 1776585328
-4.982725621 -2.943391562  8.055118115 -4.136600057 -6.758521825  8.387933211 1776585328 1776585328
-4.575755295 -3.195284853   8.06668978 -3.624727629 -7.325458302  8.254786084 1776585328 1776585328
-4.067880779 -3.167204483  8.128144044 -3.298308578 -7.297225841  7.973098076 1776585328 1776585328
 -3.81540124 -2.916823062  8.217297803 -3.191708337 -6.692851305  7.662539016 1776585328 1776585328
-3.727740678 -2.706548305  8.275816216 -3.413288816 -5.657312819  7.326076932 1776585328 1776585328
-3.657394297 -2.251218499  8.470006174 -3.806645444 -4.283279722  7.161329937 1776585328 1776585328
-3.747919407 -1.672714915  8.760236548 -4.352699898 -2.779989908  7.184844461 1776585328 1776585328
-4.200198006 -1.140355586  9.162198564 -4.970759748 -1.343642404  7.417886768 1776585328 1776585328
 -4.614518526 -0.9488458638   9.432185041  -5.600768455 -0.1637662206   7.828897922 1776585328 1776585328
 -4.928181436 -0.8849058218   9.598264741 -6.173287585 0.6338228921  8.344510963 1776585328 1776585328
-5.330106694 -1.070030968   9.72023648 -6.640967606 0.9823479341   8.88681634 1776585328 1776585328
 -5.81425403 -1.509838127  9.783871106 -6.968165239 0.8907503678  9.370193637 1776585328 1776585328
-6.43859457 -2.54088758 9.642200394  -7.13628078 0.4368194684  9.718868504 1776585328 1776585328
-6.649236181 -3.073237445  9.450625573  -7.150205859 -0.2458435677   9.866269168 1776585328 1776585328
-6.756206504 -3.437178415  9.257680879  -7.025856296 -0.9970896832   9.792416174 1776585328 1776585328
-6.758289635  -3.73866492  9.027027017 -6.803464074 -1.671590872  9.502195741 1776585328 1776585328
-6.646221776 -3.885851862  8.764895557 -6.525517549 -2.142530411   9.04037341 1776585328 1776585328
-6.318833561 -3.634158568  8.446650813 -6.235295212 -2.336240342  8.481984628 1776585328 1776585328
-6.024606373 -3.125882576  8.329146491 -5.966590632 -2.240201462  7.917508368 1776585329 1776585329
-5.828136095 -2.723336334  8.341027112 -5.739367365  -1.89734693  7.431364457 1776585329 1776585329
-5.647821288 -2.315762874  8.373994738 -5.564901593 -1.388300816  7.086717422 1776585329 1776585329
-5.438682081   -1.7838995   8.47281002 -5.440939666 -0.812277517  6.928338023 1776585329 1776585329
-5.275073401 -1.316857273  8.634799399  -5.359863253 -0.2703463336   6.966692258 1776585329 1776585329
-5.192372559 -1.034252722  8.840537669 -5.309097069 0.1541986062  7.182675168 1776585329 1776585329
  -5.18800611 -0.9928585045    8.93513122 -5.277321065  0.407972694  7.529353529 1776585329 1776585329
-5.171244785 -1.011606243  9.012857917 -5.257457213  0.476194501  7.943487729 1776585329 1776585329
-5.193329105 -1.138076301  9.090946482 -5.244307922 0.3770973089  8.356419214 1776585329 1776585329
-5.226235578  -1.36137487  9.130538137 -5.239985966 0.1560923425  8.703430784 1776585329 1776585329
-5.302200196 -1.654507498  9.090810292  -5.248520103 -0.1265857144   8.934317118 1776585329 1776585329
-5.354584109 -1.865180386  9.023530629  -5.272416511 -0.4092826005   9.021913598 1776585329 1776585329
-5.367232535 -1.944269269  8.994502404  -5.311786627 -0.6392977141   8.963219897 1776585329 1776585329
-5.395563006 -2.037303879  8.923802805  -5.362402001 -0.7819798568   8.778702505 1776585329 1776585329
-5.391926363 -2.070676086  8.883523909  -5.414727626 -0.8254854415    8.50622033 1776585329 1776585329
 -5.39972444 -2.056666367  8.809506984  -5.461276801 -0.7785764023   8.193052857 1776585329 1776585329
-5.364889341 -1.950642983  8.795972633  -5.491303852 -0.6670211872   7.889637241 1776585329 1776585329
-5.354570026 -1.895006274  8.793018248  -5.499458305 -0.5258216299   7.639541947 1776585329 1776585329
-5.322772254 -1.805834927  8.812760578  -5.485842424 -0.3905203138   7.475592765 1776585329 1776585329
-5.290538514 -1.723650277  8.841672749  -5.456625851 -0.2893827329   7.416447668 1776585329 1776585329
-5.306536368  -1.66648766  8.870869831  -5.422491834 -0.2408345395   7.464561016 1776585329 1776585329
-5.322570684 -1.643927092  8.889396528  -5.397928486 -0.2504854786   7.605104005 1776585329 1776585329
-5.338104915 -1.626902399  8.904739625  -5.395689915 -0.3084021032   7.813412182 1776585329 1776585329
-5.419533197 -1.649692287  8.904974983  -5.424047519 -0.3955318842   8.056295908 1776585329 1776585329
-5.473236286 -1.670478239  8.894687425 -5.483395404 -0.487974724  8.297039442 1776585329 1776585329
-5.582070208 -1.732570858  8.861178471  -5.564802116 -0.5611688166   8.501167808 1776585329 1776585329
-5.626718812 -1.785649889  8.842205653  -5.650159611 -0.5947359394   8.641689446 1776585329 1776585329
-5.638719791 -1.796345789  8.835001825  -5.717367163 -0.5745836966   8.701311813 1776585329 1776585329
-5.605353909  -1.79921194  8.842397059  -5.742938228 -0.4976005493   8.675711718 1776585329 1776585329
-5.460594379 -1.772434533  8.875775168  -5.709293018 -0.3703830114   8.572956257 1776585329 1776585329
-5.211149844 -1.714264915  8.934360804  -5.608636288 -0.2086583553   8.412988493 1776585329 1776585329
-5.026594315 -1.666800487  8.988606504   -5.444820238 -0.03343753475    8.226737342 1776585329 1776585329
-4.847408002 -1.611482634  9.046619804 -5.236075018 0.1300937991  8.049089354 1776585329 1776585329
-4.656232099 -1.538484203  9.113389113 -5.009555614 0.2571752399  7.916176065 1776585329 1776585329
-4.474788656 -1.461339794  9.190197767 -4.796886519 0.3274353335  7.859464999 1776585329 1776585329
-4.350707817 -1.385678721  9.290804602 -4.627488044 0.3272838103  7.900167117 1776585329 1776585329
-4.329927962 -1.301227888  9.364840034 -4.524068546  0.251033906  8.042224135 1776585329 1776585329
-4.325946734  -1.25357196  9.421990707 -4.492061287 0.1102835785  8.279916254 1776585329 1776585329
-4.346736433 -1.250684647  9.508444946   -4.518478101 -0.07806771419    8.590961024 1776585329 1776585329
 -4.40470879 -1.289382407   9.63681243  -4.573542292 -0.2897977167   8.939831387 1776585329 1776585329
-4.424313241 -1.385011566  9.818680287  -4.617853874 -0.4951718112   9.282317653 1776585329 1776585329
-4.363268002 -1.439605586  9.931026824  -4.609800468 -0.6632451912    9.57249324 1776585329 1776585329
-4.284524221 -1.459979882  10.01763759   -4.51672979 -0.7652182892   9.769011785 1776585329 1776585329
 -4.13862031 -1.495942353  10.10420023  -4.324685284 -0.7822813904   9.840065409 1776585329 1776585329
 -3.86698164 -1.527672539  10.19821999  -4.043134555 -0.7039610566    9.77162607 1776585329 1776585329
-3.524829844  -1.55119756  10.16594249  -3.709385238 -0.5342827755    9.56592925 1776585329 1776585329
-3.454032109 -1.512490856  10.04687647 -3.380951236 -0.287826207  9.248431885 1776585329 1776585329
 -3.45351575 -1.490897872  9.935939164   -3.130485524 0.006328793093    8.854301792 1776585329 1776585329
-3.589192739 -1.446497961  9.728335647 -3.033855185 0.3118058246  8.429067741 1776585329 1776585329
-4.069211499 -1.381995183  9.258059047 -3.155347506  0.588311208  8.018693341 1776585329 1776585329
-5.251142298 -1.357847384  8.505535447 -3.535567364 0.7979614552  7.663641964 1776585330 1776585330
-6.018802714 -1.414403375  8.102954409 -4.188253723 0.9066805606  7.387308631 1776585330 1776585330
-6.575121616 -1.437543747  7.861042537  -5.06850924 0.8845315004   7.20442493 1776585330 1776585330
 -7.30793659 -1.373095474  7.597786294 -6.093154089 0.7247953665   7.10871087 1776585330 1776585330
 -8.29429451 -1.374212256  7.266007263 -7.163440188 0.4514186325  7.094405703 1776585330 1776585330
-9.13898279 -1.47198534 6.993954891  -8.167483798 0.08875012636      7.133855 1776585330 1776585330
-9.424749808 -1.568998235  6.866653718   -8.99581916 -0.3286875678   7.197551875 1776585330 1776585330
-9.506224004 -1.651836179  6.815089064   -9.55733599 -0.7616949675   7.257708713 1776585330 1776585330
-9.326787799 -1.815129006  6.865171665 -9.790622333 -1.171882884  7.295596263 1776585330 1776585330
-8.842978175 -1.982567512  7.039187681 -9.674513961 -1.515643623   7.29867863 1776585330 1776585330
-7.910275187 -2.125515184  7.376106263  -9.23780566 -1.760380173  7.267020396 1776585330 1776585330
-7.187588523  -2.18419103  7.674948085  -8.54383404 -1.884545122  7.218216301 1776585330 1776585330
-6.770029501 -2.195684777  7.854935971  -7.69667966 -1.886044891  7.167911301 1776585330 1776585330
-6.256520511  -2.17328837  8.104798764 -6.798018132 -1.775012866  7.144362722 1776585330 1776585330
-5.804809813 -2.110509581  8.365235514 -5.948338272 -1.572552471  7.171258946 1776585330 1776585330
-5.444128994 -2.028769375  8.633143569  -5.23376374 -1.310067934  7.254432917 1776585330 1776585330
-5.290684945 -1.910587848  8.826983381 -4.705427145 -1.016570237  7.404186761 1776585330 1776585330
-5.262144183 -1.820612257  8.916634588  -4.384156795 -0.7211809147   7.608130695 1776585330 1776585330
-5.264291396 -1.737334835  8.985573987  -4.260579125 -0.4474060236   7.846445252 1776585330 1776585330
-5.319992302  -1.61716149  9.037078288  -4.300767409 -0.2147714558   8.097609817 1776585330 1776585330
-5.417753826  -1.48305186   9.03889507    -4.45825017 -0.03587166573    8.332250494 1776585330 1776585330
-5.491182325 -1.387337573  8.996740991  -4.679698735 0.08257654137   8.526219507 1776585330 1776585330
-5.511736543  -1.32236862  8.968767157 -4.917101285 0.1409666716  8.659829776 1776585330 1776585330
-5.500183132 -1.286695694  8.967006135  -5.13520782 0.1447195335  8.723440061 1776585330 1776585330
-5.507785388  -1.28459678  8.926956292 -5.313278887 0.1023659096  8.716022829 1776585330 1776585330
-5.501236033 -1.339838399  8.859779768 -5.444469583 0.0261034604  8.644904004 1776585330 1776585330
-5.481353239 -1.424824351  8.832187263  -5.534686657 -0.0704468617   8.524979565 1776585330 1776585330
-5.470151343 -1.456165726   8.82466559   -5.59621341 -0.1720925563   8.373938638 1776585330 1776585330
-5.451970419 -1.513389383  8.823603825  -5.64453549 -0.267183064  8.213974919 1776585330 1776585330
-5.429821266 -1.583228566  8.832077499  -5.690432665 -0.3442408588   8.063449268 1776585330 1776585330
-5.408473896 -1.697120185  8.845785542  -5.737825565 -0.3959831983   7.937778003 1776585330 1776585330
-5.394398766 -1.769079313  8.861251311  -5.782671405 -0.4173729624   7.847526937 1776585330 1776585330
-5.38100583 -1.78813647 8.877289837  -5.815205373 -0.4081387132   7.797934143 1776585330 1776585330
-5.366737488  -1.80516732   8.89010906 -5.822671593 -0.372175697  7.788441192 1776585330 1776585330
-5.347385053 -1.799329296  8.910219377  -5.793957687 -0.3169171845   7.815430285 1776585330 1776585330
-5.348144329 -1.785534488   8.91399761  -5.723423245 -0.2526042185   7.871551512 1776585330 1776585330
-5.370058925 -1.769636015  8.899489144  -5.613731832 -0.1909981286   7.948501499 1776585330 1776585330
-5.379032559 -1.734688445   8.89657557  -5.476941964 -0.1439893686   8.036622954 1776585330 1776585330
-5.385950831 -1.714345354  8.891740395  -5.332439837 -0.1207335912   8.126795709 1776585330 1776585330
-5.401551019 -1.693098344  8.880836471  -5.204004088 -0.1273386977    8.21062238 1776585330 1776585330
-5.424139851 -1.699884404  8.862904414  -5.115230704 -0.1650494009   8.280755945 1776585330 1776585330
-5.434898703 -1.710291359  8.854917962  -5.084260721 -0.2300327473   8.330829571 1776585330 1776585330
-5.432294742 -1.698316399  8.860680761  -5.120118262 -0.3135627127   8.356139572 1776585330 1776585330
-5.421109369 -1.705451445  8.868894203  -5.220038094 -0.4033513509   8.355040019 1776585330 1776585330
-5.409262202 -1.718883362  8.878096508  -5.369747878 -0.4856167115   8.327097639 1776585330 1776585330
-5.407597998 -1.751653595  8.878788415  -5.545625822 -0.5472998621   8.274874056 1776585330 1776585330
 -5.41449326 -1.792598806  8.871816161  -5.718453048 -0.5779012184   8.203900919 1776585330 1776585330
-5.417751313 -1.790682173   8.87164674  -5.859154807 -0.5713953882   8.122570626 1776585330 1776585330
-5.401593535 -1.787562761  8.882242191  -5.944115624 -0.5279785345   8.040686275 1776585330 1776585330
 -5.39992264 -1.769279257  8.886521499  -5.959574649 -0.4533583709    7.96929053 1776585330 1776585330
-5.390495072 -1.760536889  8.891418043  -5.903667179 -0.3581978753   7.918218249 1776585330 1776585330
-5.412629395 -1.751304027  8.871147949  -5.787115073 -0.2562531851   7.895738498 1776585331 1776585331
-5.410173318 -1.716531877  8.874054764  -5.631010566 -0.1625309994   7.906215928 1776585331 1776585331
 -5.40844215 -1.706665292  8.872975572   -5.462301359 -0.08990058917    7.949050275 1776585331 1776585331
-5.410787729 -1.680636409   8.87089947   -5.309292558 -0.04806665386    8.018831832 1776585331 1776585331
-5.408672767 -1.692821157  8.864045112   -5.196401365 -0.04109350731     8.10564474 1776585331 1776585331
-5.410293615 -1.711730915  8.853926957   -5.139735227 -0.06789198656    8.196143962 1776585331 1776585331
-5.406899044 -1.717039469  8.853161937  -5.144895469 -0.1218666753    8.27559867 1776585331 1776585331
-5.392789599 -1.714093876  8.861777263   -5.20637564 -0.1924636855   8.330750564 1776585331 1776585331
-5.380182445 -1.713471718  8.870211274  -5.309385307 -0.2673494704   8.351578239 1776585331 1776585331
-5.368973581 -1.738692145  8.874929259  -5.432923677 -0.3345265578   8.333576154 1776585331 1776585331
-5.385606178 -1.758664504  8.866659673  -5.554107729 -0.3841221413   8.278080974 1776585331 1776585331
-5.391604443 -1.756638436  8.867321745  -5.652383242 -0.4102895511   8.193232132 1776585331 1776585331
   -5.388995 -1.750745878  8.872972483 -5.713316929 -0.411977799  8.092026439 1776585331 1776585331
-5.389798027 -1.735030763  8.878045834  -5.730652203 -0.3927439918   7.990409445 1776585331 1776585331
-5.391025453 -1.729556104  8.882109699    -5.7064605 -0.3596309221   7.904857792 1776585331 1776585331
-5.406657579 -1.726914456  8.875779396  -5.650270391 -0.3217959943   7.849494338 1776585331 1776585331
-5.406465768 -1.715724843  8.878110252  -5.576324861 -0.2886403582   7.833759874 1776585331 1776585331
-5.393128056 -1.717630755  8.885321761  -5.500461475 -0.2677749006   7.860549896 1776585331 1776585331
-5.386613699 -1.710079213  8.889232497  -5.436615257 -0.2638486887   7.926424217 1776585331 1776585331
-5.390673703 -1.715534325  8.882637208  -5.394647507 -0.2774643356   8.021354866 1776585331 1776585331
-5.397594664 -1.738865895  8.868484622  -5.378936813 -0.3055132518    8.13071358 1776585331 1776585331
 -5.39338707 -1.735716602  8.868580181  -5.387952438 -0.3416292702    8.23802623 1776585331 1776585331
-5.385941307 -1.744348785  8.869415935  -5.415393733 -0.3774912953   8.327336176 1776585331 1776585331
-5.382299802 -1.735665353  8.871389914  -5.452349851 -0.4046212368   8.385970378 1776585331 1776585331
-5.387160532 -1.741714535  8.865286457  -5.489450167 -0.4161938369   8.406144436 1776585331 1776585331
-5.402747745 -1.754407239  8.853814118  -5.519024227 -0.4081864198   8.386296983 1776585331 1776585331
-5.401176701 -1.742960378  8.858774229  -5.536354331 -0.3800307694   8.331121042 1776585331 1776585331
-5.408481866 -1.734620226  8.857604937  -5.540709647 -0.3354018595   8.250065749 1776585331 1776585331
 -5.40602387 -1.717951252  8.865593727  -5.534666746 -0.2812794297   8.156043957 1776585331 1776585331
-5.408136875 -1.710719399  8.871767759 -5.523232334 -0.226804204  8.062961853 1776585331 1776585331
-5.421927542 -1.729167885  8.868189719  -5.511993873 -0.1815223484   7.983748094 1776585331 1776585331
-5.419868231 -1.727888857  8.874467444  -5.505688062 -0.1538978583     7.9281763 1776585331 1776585331
-5.415267402 -1.738094601  8.878135394  -5.506931457 -0.1497290996    7.90189583 1776585331 1776585331
-5.410574262 -1.739878776  8.883235455  -5.515574273 -0.1711784045   7.905728027 1776585331 1776585331
-5.416117693  -1.75135451  8.879867963   -5.52879982 -0.2160956215   7.936221201 1776585331 1776585331
 -5.41969763 -1.765643895  8.873362206  -5.542187944 -0.2785721214   7.986256327 1776585331 1776585331
-5.416415197 -1.759487177  8.873842535  -5.550801285 -0.3498155172   8.046799415 1776585331 1776585331
-5.409443214 -1.751599571  8.877280569  -5.550465522 -0.4191280356   8.108339387 1776585331 1776585331
-5.397728369 -1.732514887  8.884636074  -5.538952573 -0.4758755995   8.162366944 1776585331 1776585331
-5.399229098 -1.725147353  8.879278459 -5.516682869 -0.511100771  8.202325234 1776585331 1776585331
-5.400630692 -1.725156726  8.871110352  -5.486659325 -0.5188966401   8.224432587 1776585331 1776585331
-5.394409728 -1.730969797  8.869971679  -5.453658929 -0.4971654243   8.227936063 1776585331 1776585331
-5.395608399 -1.709575831  8.870762175  -5.423290524 -0.4478140647   8.214667697 1776585331 1776585331
-5.386825831 -1.702093954  8.875360792  -5.400641173 -0.3770087066   8.188667734 1776585331 1776585331
-5.383657356 -1.699073238  8.874836531  -5.389461221 -0.2938152234   8.155047979 1776585331 1776585331
 -5.39399105 -1.722176159  8.858461965  -5.391178068 -0.2091020346   8.119460376 1776585331 1776585331
 -5.4029968 -1.72446153 8.848634621  -5.404762501 -0.1337645281   8.087256727 1776585331 1776585331
-5.400437816 -1.724725276  8.847107567  -5.427348343 -0.0777586736   8.062745252 1776585331 1776585331
-5.398358815 -1.723153473  8.845053664   -5.454959792 -0.04847806165    8.048817034 1776585331 1776585331
-5.402238906 -1.718151674  8.839252897   -5.483334567 -0.04981904453    8.046949897 1776585331 1776585331
-5.407469591 -1.732127395  8.830156783   -5.509004174 -0.08173428478    8.056987968 1776585332 1776585332
-5.419500857 -1.743774556  8.822075653   -5.52978752 -0.1404487389    8.07757525 1776585332 1776585332
-5.419481298 -1.720428225  8.829858984  -5.545126084 -0.2189851826    8.10595416 1776585332 1776585332
-5.418956281 -1.708792738  8.838369575  -5.555601443 -0.3075451339   8.138625665 1776585332 1776585332
-5.412689506 -1.714326775  8.853180138  -5.562730578 -0.3954995942   8.171523144 1776585332 1776585332
-5.424621235  -1.73368823   8.86583422  -5.567977185 -0.4725759948   8.200454111 1776585332 1776585332
-5.429561401 -1.743807692  8.877427444  -5.572402325 -0.5300647156   8.221331608 1776585332 1776585332
-5.434061318 -1.738470453  8.886844174  -5.575994631 -0.5618740169   8.230849087 1776585332 1776585332
-5.425386392 -1.738784627  8.902321291  -5.577778765 -0.5653552924   8.226954772 1776585332 1776585332
-5.416221705  -1.74924836  8.915229512  -5.576013242 -0.5415659608   8.208918087 1776585332 1776585332
-5.401014067 -1.764298987  8.925724488  -5.568647087 -0.4948471721   8.177800695 1776585332 1776585332
-5.407028382 -1.769047831  8.916898198  -5.554236912 -0.4320797549   8.136376936 1776585332 1776585332
-5.407314019 -1.747145152  8.915519012  -5.532215119 -0.3617401881   8.089391169 1776585332 1776585332
  -5.4034663 -1.739633487  8.912468039 -5.503557427 -0.293055748  8.042298038 1776585332 1776585332
-5.405430966  -1.72501802  8.903208719  -5.470581305 -0.2340613854    8.00129555 1776585332 1776585332
-5.415569567 -1.734421452  8.880583999  -5.436707387 -0.1909848945   7.971961857 1776585332 1776585332
-5.424699351 -1.737157645  8.864797154   -5.40605912 -0.1673349292    7.95886208 1776585332 1776585332
-5.420030862 -1.737649911  8.863846437  -5.382511075 -0.1636512343   7.964354701 1776585332 1776585332
-5.421014627 -1.743163934   8.86027666  -5.369161272 -0.1776719904    7.98840414 1776585332 1776585332
-5.433008204 -1.750897087  8.850917209  -5.367659731 -0.2048169718   8.028428309 1776585332 1776585332
-5.437740836 -1.759466241  8.848058944  -5.378253492 -0.2391783889   8.079361863 1776585332 1776585332
-5.446690338 -1.774005426  8.842174241  -5.399411553 -0.2744163286   8.134810639 1776585332 1776585332
-5.432746411 -1.749361528  8.856903777  -5.428476648 -0.3052678989   8.187292048 1776585332 1776585332
-5.414138186 -1.735910282  8.871621695 -5.461947757 -0.327225657  8.230577184 1776585332 1776585332
 -5.40872053 -1.722989469  8.877573961  -5.496004673 -0.3383024662   8.259594177 1776585332 1776585332
-5.398343138 -1.723932407  8.882837416   -5.52734959 -0.3387256233    8.27151823 1776585332 1776585332
-5.404157982 -1.734404682  8.875744076  -5.553247303 -0.3306175414   8.265979936 1776585332 1776585332
 -5.40008331 -1.729515661  8.878405019  -5.571871371 -0.3173719812   8.245303908 1776585332 1776585332
-5.395166802 -1.716137634  8.883436313  -5.582556103 -0.3030482138   8.213590022 1776585332 1776585332
-5.397657689 -1.703404896  8.883823288  -5.585714698 -0.2917113763   8.175835269 1776585332 1776585332
-5.403710607  -1.73122535  8.874145896  -5.582399966 -0.2867852572   8.137057592 1776585332 1776585332
-5.418486902 -1.754919847  8.859623636  -5.574625965 -0.2892850311   8.101759411 1776585332 1776585332
 -5.41411607 -1.760887561  8.860174414  -5.564526338 -0.2989480841   8.073079354 1776585332 1776585332
-5.404648229 -1.759117553  8.865544165  -5.554743928 -0.3141329857    8.05202102 1776585332 1776585332
-5.401529964 -1.755230832  8.866819174   -5.5474006 -0.331980742  8.038183973 1776585332 1776585332
-5.386176407    -1.754587  8.873567349  -5.544052448 -0.3490182626   8.029954004 1776585332 1776585332
-5.401144286 -1.770704065  8.858950824 -5.545005644 -0.361853988  8.025526245 1776585332 1776585332
-5.400315164 -1.757403471    8.8614424  -5.549756075 -0.3683849179   8.022700898 1776585332 1776585332
-5.402712953 -1.738874169   8.86351607  -5.556165395 -0.3671704836     8.0205949 1776585332 1776585332
-5.410939769 -1.716108403  8.863815388  -5.561162289 -0.3582588469   8.019408579 1776585332 1776585332
 -5.40593726 -1.735148349  8.866040991  -5.561280042 -0.3427995635   8.020520135 1776585332 1776585332
-5.413979941 -1.739978323  8.865187312  -5.552826234 -0.3238134754    8.02615528 1776585332 1776585332
 -5.40216727 -1.730077505  8.878093711  -5.533530751 -0.3042589688   8.038698106 1776585332 1776585332
-5.392576477 -1.729326698  8.886517196  -5.502719868 -0.2871237601   8.060190779 1776585332 1776585332
-5.391702038 -1.731303669  8.889331528  -5.462190979 -0.2749177624   8.091244649 1776585332 1776585332
 -5.39053262 -1.740780722  8.892255091  -5.416133382 -0.2690170278   8.130748312 1776585332 1776585332
-5.410991138 -1.750815801  8.880379527  -5.370772521 -0.2694169765   8.175520567 1776585332 1776585332
-5.418707792 -1.751157173  8.876415715 -5.333175737 -0.274747606  8.220802514 1776585332 1776585332
-5.412175054 -1.743555864  8.882085211  -5.310206774 -0.2825907737   8.260568417 1776585332 1776585332
-5.403650819 -1.735667689  8.888777049  -5.30718262 -0.290005707  8.288422644 1776585332 1776585332
-5.398507155 -1.735806846  8.891268024  -5.326555213 -0.2940479999    8.29884957 1776585333 1776585333
-5.418274712 -1.744462232  8.875417489  -5.367193109 -0.2923263908   8.288286614 1776585333 1776585333
-5.414974154 -1.738662092  8.876472426  -5.424247595 -0.2836512581   8.256169732 1776585333 1776585333
-5.400974786 -1.735584145  8.883763421  -5.490075303 -0.2684816815   8.205080379 1776585333 1776585333
-5.392905432 -1.737407517  8.884272189  -5.555465035 -0.2489553292    8.14082498 1776585333 1776585333
-5.387113609 -1.736370785   8.88180331 -5.611180337  -0.22869322  8.071909169 1776585333 1776585333
-5.405307484 -1.745666882  8.859282057 -5.649805122 -0.212373523  8.008184894 1776585333 1776585333
 -5.40428096 -1.738065193  8.855429756  -5.666729229 -0.2048082566   7.959680668 1776585333 1776585333
-5.400968365 -1.732243127  8.854688479  -5.661205213 -0.2102636668   7.934491327 1776585333 1776585333
-5.396457438 -1.727041528  8.854801647 -5.636175591 -0.231423605  7.937585268 1776585333 1776585333
-5.387938694  -1.71851872  8.857999533  -5.597516785 -0.2687295491   7.969669619 1776585333 1776585333
-5.393738631 -1.737795536  8.851960512  -5.552595478 -0.3198019645   8.027038088 1776585333 1776585333
-5.398852712 -1.751223406  8.849134512  -5.508978203 -0.3797312064   8.101499183 1776585333 1776585333
-5.401059919 -1.729010558  8.855012609  -5.472613417 -0.4413996271   8.181734852 1776585333 1776585333
-5.395982247  -1.74230633  8.860079049  -5.447524484 -0.4960038894   8.255617863 1776585333 1776585333
-5.393155759 -1.749056515  8.867671551   -5.43461072 -0.5350579735   8.310993137 1776585333 1776585333
-5.409708112  -1.76368841  8.860668706  -5.432606207 -0.5511668692   8.338606934 1776585333 1776585333
-5.420101231 -1.750611012  8.859106504  -5.438835659 -0.5396775007   8.333072455 1776585333 1776585333
-5.423005756 -1.746209455  8.859050112  -5.450172722 -0.4994157643   8.294400943 1776585333 1776585333
-5.413992919 -1.732933837  8.867141619  -5.464009077 -0.4334087008   8.227614254 1776585333 1776585333
-5.404341508 -1.727444874  8.873248918 -5.478650095 -0.348582812  8.142329297 1776585333 1776585333
-5.413783057  -1.74037047  8.864260553  -5.49392826 -0.255169558  8.050965206 1776585333 1776585333
-5.409296216 -1.728365376    8.8698403   -5.51018166 -0.1650981103   7.967390404 1776585333 1776585333
 -5.40301325 -1.730966521  8.874177448   -5.527907117 -0.09070018087    7.903698357 1776585333 1776585333
-5.392823404 -1.730269301  8.882065261  -5.546714012 -0.0424973878   7.869368879 1776585333 1776585333
-5.397404938 -1.746022882  8.878936864   -5.564922853 -0.02781671611    7.869144475 1776585333 1776585333
-5.401214607 -1.763877667  8.875491258   -5.579698731 -0.04964870005      7.9024755 1776585333 1776585333
-5.400588565 -1.760476294  8.875649435  -5.587041316 -0.1058892161   7.963920797 1776585333 1776585333
-5.402403097 -1.752168282  8.874300673  -5.583110561 -0.1896937044   8.043775628 1776585333 1776585333
 -5.39888566 -1.751654446  8.871034503 -5.565204144 -0.290251103  8.129942298 1776585333 1776585333
-5.395309169 -1.737615706  8.865317278  -5.532999267 -0.3943213597    8.20970117 1776585333 1776585333
-5.404788655 -1.725782955  8.841702336  -5.489176322 -0.4880563751   8.271681679 1776585333 1776585333
-5.418439274 -1.719210927  8.821456481  -5.439408571 -0.5588930746   8.307517157 1776585333 1776585333
-5.420282301 -1.701854169  8.815773599  -5.391617027 -0.5973372803   8.313022542 1776585333 1776585333
  -5.4189479 -1.691983445  8.811068218  -5.354594338 -0.5983174807   8.288605395 1776585333 1776585333
-5.418901954 -1.691743712  8.805614179  -5.336211436 -0.5618145754    8.23890442 1776585333 1776585333
-5.430091637 -1.719571053  8.801012684  -5.341449653 -0.4927163878   8.172081114 1776585333 1776585333
-5.439294561 -1.737751487  8.805903051  -5.371196612 -0.4002088952   8.098348845 1776585333 1776585333
-5.433434395 -1.747704645  8.820516676  -5.421654068 -0.2964242007   8.028436018 1776585333 1776585333
 -5.43000071 -1.761074602   8.83893876  -5.484650959 -0.1946903468   7.972157418 1776585333 1776585333
-5.428755875 -1.766798809  8.866880777  -5.549085073 -0.1078147507   7.937083134 1776585333 1776585333
 -5.42207151 -1.782860023  8.903763334   -5.603073639 -0.04630466936    7.927588473 1776585333 1776585333
 -5.42592199 -1.783401965  8.922562701   -5.636157524 -0.01724218271     7.94470011 1776585333 1776585333
-5.415722305  -1.76214499  8.943731669   -5.641698439 -0.02333736103    7.985891446 1776585333 1776585333
-5.401322748 -1.749674553  8.960951366   -5.618013531 -0.06255241962    8.046003005 1776585333 1776585333
-5.391206644 -1.744095161  8.970049379   -5.56903551 -0.1289074026   8.117802022 1776585333 1776585333
-5.393747671 -1.746025491  8.955095179   -5.50358396 -0.2132604061   8.192941312 1776585333 1776585333
-5.405160092 -1.755534325  8.931101466  -5.433676089 -0.3045960058   8.262934613 1776585333 1776585333
-5.405962482 -1.742703782  8.921532672  -5.372066442 -0.3914182243   8.320145446 1776585333 1776585333
-5.404058994 -1.732013672  8.910557862  -5.329936251 -0.4634687134   8.358482691 1776585333 1776585333
-5.403928083 -1.729279922  8.893637089  -5.314861541 -0.5129612018   8.373718073 1776585334 1776585334
-5.417511197 -1.731464981  8.865105891  -5.329412553 -0.5352354285   8.363876966 1776585334 1776585334
-5.426515582 -1.747431275  8.845336619  -5.370844273 -0.5293967835   8.329515011 1776585334 1776585334
-5.424645405 -1.740182688  8.843970667  -5.432012032 -0.4978448268   8.273434135 1776585334 1776585334
-5.410316626 -1.732275978  8.852789013  -5.503090793 -0.4465221443   8.200406274 1776585334 1776585334
-5.395201141 -1.714773904  8.866368808  -5.573464754 -0.3834242502   8.116894995 1776585334 1776585334
-5.387441511 -1.727353427  8.873741473  -5.633581398 -0.3177639579   8.030587074 1776585334 1776585334
-5.395705492 -1.736570201  8.872223111  -5.676513827 -0.2584815117   7.949969409 1776585334 1776585334
-5.398521729 -1.731780671  8.874960705  -5.698744481 -0.2134508477   7.883300871 1776585334 1776585334
-5.401761529 -1.730300159  8.876245675  -5.700124951 -0.1882580925   7.837817922 1776585334 1776585334
-5.404694135 -1.725473717  8.878970109  -5.683168357 -0.1855274474   7.819000138 1776585334 1776585334
-5.410156033  -1.74915239  8.873661254  -5.652026557 -0.2045616043   7.829609686 1776585334 1776585334
-5.416991203 -1.750174131  8.869699117  -5.611263497 -0.2418294986   7.869383469 1776585334 1776585334
-5.416067607 -1.735194613  8.872428906  -5.564904986 -0.2908994043   7.934550967 1776585334 1776585334
-5.407024482 -1.727523757    8.8780078  -5.516006942 -0.3435391227   8.018161918 1776585334 1776585334
-5.408941455 -1.713576925    8.8764072   -5.46668423 -0.3909917482   8.110809554 1776585334 1776585334
-5.397609082 -1.723456806  8.875479231 -5.418755343 -0.425099547  8.201435894 1776585334 1776585334
-5.407920763 -1.737950883  8.857322503  -5.374294994 -0.4396919292   8.278944652 1776585334 1776585334
-5.410110536 -1.722260195  8.853858618  -5.336163159 -0.4313172268   8.333598546 1776585334 1776585334
 -5.39608406 -1.725620412  8.857757649  -5.308159822 -0.4001726303   8.358507485 1776585334 1776585334
-5.391817277  -1.71072719  8.855159333  -5.294768728 -0.3500288644   8.350532752 1776585334 1776585334
-5.391650093 -1.715558866  8.849109946  -5.300174124 -0.2880389459   8.311118272 1776585334 1776585334
-5.400208318 -1.724368722  8.837616433   -5.32706493 -0.2234957421   8.246068958 1776585334 1776585334
-5.401596006 -1.716165785  8.837893509   -5.37549721 -0.1666597909   8.164850925 1776585334 1776585334
-5.389332815 -1.723573848  8.844280413  -5.442105198 -0.1270701041   8.079350135 1776585334 1776585334
-5.393550073 -1.716653737  8.845946609  -5.519843227 -0.1120803154   8.002047953 1776585334 1776585334
-5.39371915 -1.72376313  8.85188766  -5.598804252 -0.1254076006   7.944280596 1776585334 1776585334
-5.407735813 -1.738054322  8.851955889  -5.667589659 -0.1665777166   7.914457144 1776585334 1776585334
-5.400321826 -1.728823617  8.865562513  -5.715553959 -0.2308000817   7.916660569 1776585334 1776585334
-5.388965358  -1.72011421  8.880286103  -5.734589746 -0.3092883228   7.950179585 1776585334 1776585334
-5.393513639 -1.718666147  8.885900535  -5.721129576 -0.3907876498   8.009409241 1776585334 1776585334
-5.395652975 -1.735271672  8.891756756  -5.677047346 -0.4632872114   8.084630735 1776585334 1776585334
-5.422557893 -1.761385831  8.879807281  -5.609883556 -0.5158113538    8.16356857 1776585334 1776585334
-5.423204218 -1.751839625  8.883203568  -5.530905134 -0.5398888466   8.233695278 1776585334 1776585334
-5.418099529 -1.756383405  8.886130713  -5.453717741 -0.5315810339   8.283522412 1776585334 1776585334
-5.415287435 -1.739089285  8.889744211  -5.391380842 -0.4913940741   8.304984684 1776585334 1776585334
   -5.416335 -1.731172675  8.884663341  -5.353932348 -0.4249418153   8.294616985 1776585334 1776585334
-5.423919432 -1.731592954  8.869797732  -5.346245371 -0.3412999396    8.25436985 1776585334 1776585334
-5.425008195 -1.724313614  8.863589748  -5.367367559 -0.2520958565   8.190985279 1776585334 1776585334
-5.427355524 -1.722029227  8.857381206  -5.410642318 -0.1696026755   8.115246998 1776585334 1776585334
 -5.41728161 -1.717081199  8.858012356   -5.46538716 -0.1049662087   8.039955241 1776585334 1776585334
-5.407301428 -1.723254313  8.854558212   -5.518861659 -0.06648778589    7.978200769 1776585334 1776585334
-5.423989038 -1.752168051  8.834008924  -5.559027236 -0.0586807748   7.941147694 1776585334 1776585334
-5.413297692 -1.749694258  8.840413182    -5.57784725 -0.08230058535    7.935348883 1776585334 1776585334
-5.403994996 -1.746498218  8.847039945  -5.571726725 -0.1332627993   7.963054227 1776585334 1776585334
-5.404971519 -1.742364657  8.849042786  -5.543023491 -0.2042998673     8.0206479 1776585334 1776585334
-5.413408609 -1.742595978  8.847813679  -5.499372451 -0.2859288912   8.099277357 1776585334 1776585334
-5.420109038 -1.756809233    8.8482319  -5.451836879 -0.3678365191   8.186368227 1776585334 1776585334
-5.425709101  -1.75392923  8.847847166   -5.41244732 -0.4401694288   8.267581132 1776585334 1776585334
-5.424204835  -1.73360588  8.855031526  -5.391545732 -0.4945207366   8.329244009 1776585334 1776585334
-5.416740112 -1.726349825  8.863566514  -5.395730558 -0.5254017342   8.360447951 1776585335 1776585335
-5.403815361 -1.720714689  8.874863968  -5.426222387 -0.5300644396    8.35492605 1776585335 1776585335
-5.408969234 -1.739664801  8.869051908  -5.478865749 -0.5091135275   8.311915466 1776585335 1776585335
-5.404815662 -1.738883871  8.871451453  -5.544387137 -0.4655350013    8.23711908 1776585335 1776585335
-5.393077781 -1.740124268  8.877858562  -5.611112589 -0.4054195983   8.140792986 1776585335 1776585335
-5.390855983  -1.72588521  8.880818021  -5.666792275 -0.3364120479   8.036933232 1776585335 1776585335
-5.390075199 -1.725699979  8.878661933  -5.700957247 -0.2672066678   7.940619864 1776585335 1776585335
-5.399407402  -1.73662755  8.866571349  -5.707248486 -0.2062948362    7.86593289 1776585335 1776585335
-5.399940874 -1.730543705  8.864694153  -5.684186153 -0.1611133102   7.823940929 1776585335 1776585335
 -5.39647159 -1.728140381  8.865394001  -5.635818375 -0.1373087194   7.820279463 1776585335 1776585335
-5.390508786  -1.71854754  8.869164396  -5.570267606 -0.1376507371   7.855160393 1776585335 1776585335
-5.393224571 -1.717264469  8.866254087  -5.498541918 -0.1617388618   7.922958312 1776585335 1776585335
-5.409479014 -1.729475535  8.855861354   -5.43225758 -0.2060629718   8.013356203 1776585335 1776585335
-5.407631723  -1.73260975  8.859979661  -5.381798673 -0.2643472996   8.112700911 1776585335 1776585335
-5.400218491 -1.725611561  8.869255477  -5.353793844 -0.3279221121   8.207038035 1776585335 1776585335
-5.400385064 -1.719372435  8.875318152 -5.350632143 -0.387133283  8.283883233 1776585335 1776585335
-5.416814829 -1.736157527  8.871593517   -5.37016582 -0.4328972795   8.334106018 1776585335 1776585335
-5.437191919 -1.767995825   8.86729592   -5.40602694 -0.4579408527   8.353201536 1776585335 1776585335
-5.440835365 -1.773207542  8.871088586  -5.449215094 -0.4579494879   8.341833474 1776585335 1776585335
-5.440660499 -1.757185322  8.879016334  -5.490046968 -0.4325435426   8.305323613 1776585335 1776585335
-5.438920409 -1.756361129  8.885005358  -5.519795877 -0.3860226554   8.252220499 1776585335 1776585335
-5.426404698 -1.751730016  8.897022943  -5.532521866 -0.3259421795   8.193017535 1776585335 1776585335
-5.420929759 -1.747291263  8.898500074  -5.526466532 -0.2626953536   8.137842219 1776585335 1776585335
-5.418597425 -1.746104342  8.894731031  -5.503995955 -0.2077248006   8.095058103 1776585335 1776585335
-5.406720927 -1.740352354  8.898747981  -5.471492232 -0.1718400096   8.069525141 1776585335 1776585335
-5.399157911 -1.728052444  8.897749523  -5.437775947 -0.1632507987   8.062227824 1776585335 1776585335
-5.382544241 -1.729107654   8.89324246  -5.412652224 -0.1858076041   8.070362955 1776585335 1776585335
-5.392460008 -1.743756463  8.867608622  -5.404140024 -0.2385521028   8.088302974 1776585335 1776585335
-5.398694084 -1.745938786  8.854363606  -5.417782449 -0.3154876522   8.108274047 1776585335 1776585335
-5.404538204 -1.737265103   8.84750713  -5.454379405 -0.4057866284   8.123149773 1776585335 1776585335
-5.405860926 -1.731251883   8.84408234  -5.509928125 -0.4958080684   8.127410757 1776585335 1776585335
-5.400903255 -1.734879485  8.844472548  -5.575582982 -0.5713996099   8.118422124 1776585335 1776585335
-5.401877986  -1.74013249  8.848699694  -5.640108966 -0.6199650645   8.096680182 1776585335 1776585335
-5.394709091 -1.741200028  8.859524585  -5.690332071 -0.6324067755   8.066983223 1776585335 1776585335
-5.396056409 -1.722372754   8.86828245  -5.716151301 -0.6046064139   8.036159148 1776585335 1776585335
-5.373171514 -1.715945497  8.891275539 -5.709173395 -0.539938425  8.012194499 1776585335 1776585335
-5.359142019 -1.717014677  8.910797698  -5.668950552 -0.4462801282   8.002258357 1776585335 1776585335
-5.366830817 -1.736112709  8.914371106  -5.600228334 -0.3358965406    8.01187944 1776585335 1776585335
-5.386283424 -1.746905248  8.905863343  -5.513011368 -0.2231543919   8.043292578 1776585335 1776585335
 -5.45387588 -1.976341407  8.817966016   -5.4208617 -0.119345611   8.09809696 1776585335 1776585335
-5.417679564 -1.889502162  8.859809301   -5.341422575 -0.04446326035    8.158745677 1776585335 1776585335
-5.423798074 -1.847823431  8.862759086    -5.287236092 -0.003446182556     8.219081328 1776585335 1776585335
-5.431310774 -1.828070828  8.856902713   -5.268242811 0.002060940093    8.267277967 1776585335 1776585335
-5.429205246 -1.774739598  8.864829531   -5.287713227 -0.02611555303    8.290201413 1776585335 1776585335
-5.424979796 -1.749834024  8.868749037   -5.341543346 -0.07688147302    8.282716495 1776585335 1776585335
-5.410132691 -1.742697847  8.874883802  -5.419542108 -0.1391139983   8.241499285 1776585335 1776585335
-5.418102418 -1.725396408  8.868541813  -5.504977125 -0.2015477411   8.170413991 1776585335 1776585335
-5.421078408 -1.715944374   8.86419935  -5.582006951 -0.2538511106   8.078746346 1776585335 1776585335
-5.411737254 -1.715314209  8.868176165  -5.635617438 -0.2899536962   7.980604758 1776585335 1776585335
-5.414781336 -1.730186188    8.8622767  -5.656010101 -0.3086669312   7.892298493 1776585336 1776585336
 -5.40243556 -1.737886199   8.86689984 -5.639389711 -0.312659472  7.831069356 1776585336 1776585336
-5.400766689 -1.744732988    8.8641927 -5.591738342 -0.308615561  7.809164717 1776585336 1776585336
-5.401466818 -1.754037795  8.857785167  -5.524062038 -0.3047984257   7.833667468 1776585336 1776585336
-5.397613384 -1.760388303  8.855245907  -5.451413988 -0.3089185752   7.904339067 1776585336 1776585336
 -5.39053463 -1.766822773  8.855560077  -5.390666879 -0.3263366984    8.01248238 1776585336 1776585336
-5.381872052 -1.771420902  8.856504202  -5.356039114 -0.3584647442   8.142618622 1776585336 1776585336
-5.385343278 -1.755282407  8.853430442  -5.355858848 -0.4023942119   8.274659585 1776585336 1776585336
-5.388462259 -1.757480893  8.848153793  -5.391367492 -0.4509626717    8.38786719 1776585336 1776585336
-5.396766552 -1.751970123  8.844408639  -5.455789221 -0.4944881621   8.463515062 1776585336 1776585336
-5.396434256 -1.757602416  8.844788183  -5.536445937 -0.5223352781   8.489019662 1776585336 1776585336
-5.383455534  -1.75976871  8.855148494  -5.615939745 -0.5257388199   8.459771807 1776585336 1776585336
-5.374676528 -1.743375206  8.870039923  -5.676957882 -0.4997061525   8.379946701 1776585336 1776585336
-5.385106455 -1.753649339  8.871530914   -5.70548202 -0.4439418955   8.262468407 1776585336 1776585336
-5.408355673 -1.753653549  8.866665841  -5.693801294 -0.3643364569    8.12565259 1776585336 1776585336
-5.422940234 -1.747245551  8.865299776  -5.641897325 -0.2714868709   7.991120684 1776585336 1776585336
-5.424888752 -1.755072634  8.867363557  -5.557412512 -0.1795052589    7.87969809 1776585336 1776585336
-5.418908025  -1.76188905  8.874101133  -5.454816082 -0.1032982795   7.808482301 1776585336 1776585336
-5.424402845 -1.757739747  8.873927804   -5.352597084 -0.05608535979    7.787825126 1776585336 1776585336
-5.423092121 -1.762272738  8.872694313   -5.268868396 -0.04702430353    7.819926233 1776585336 1776585336
-5.410970027 -1.739972752  8.882570356 -5.219048338 -0.079229117  7.898831768 1776585336 1776585336
-5.399753548 -1.735079313  8.887703119  -5.212543674 -0.1494325319   8.010997651 1776585336 1776585336
 -5.40030269 -1.740589715  8.881875829  -5.251042244 -0.2477121437   8.138666336 1776585336 1776585336
-5.407450966 -1.742613229   8.87066934  -5.328277492 -0.3593588594   8.262147388 1776585336 1776585336
-5.421962517 -1.763962475  8.852734345  -5.431674071 -0.4670488142   8.363295245 1776585336 1776585336
-5.420828156 -1.765380301  8.850803018  -5.544490413 -0.5539891299   8.427539977 1776585336 1776585336
-5.407554116 -1.771592279  8.856029531  -5.648909478 -0.6061978919   8.446960659 1776585336 1776585336
-5.390756569 -1.758331749  8.867284856  -5.728947557 -0.6153439335   8.420005256 1776585336 1776585336
-5.395585733 -1.775212677  8.859977621  -5.773406863 -0.5796465579   8.352356613 1776585336 1776585336
-5.412983998 -1.765925252  8.851462416  -5.777283171 -0.5048161121    8.25420126 1776585336 1776585336
-5.425171351 -1.743723308  8.848977417  -5.742261109 -0.4024383234    8.13973604 1776585336 1776585336
-5.421762811 -1.743442997  8.851908612  -5.675630984 -0.2882708708   8.024151188 1776585336 1776585336
-5.418149719 -1.727901064  8.858697125  -5.588880532 -0.1795381791   7.921860289 1776585336 1776585336
-5.410860403 -1.736919257  8.864187777   -5.495450802 -0.09209706275    7.844279677 1776585336 1776585336
-5.410614021 -1.733584988  8.867259589   -5.409045999 -0.03783001777    7.799300302 1776585336 1776585336
-5.403542775  -1.73396612  8.872708193   -5.340723949 -0.02283041128    7.790098614 1776585336 1776585336
-5.389101207 -1.742838954  8.880535408   -5.298654866 -0.04689501592    7.815148652 1776585336 1776585336
 -5.39414348 -1.734778865  8.879363023 -5.286919133 -0.103482889  7.869522178 1776585336 1776585336
-5.395862943 -1.749062323  8.874394663  -5.30471769 -0.181562833  7.944842822 1776585336 1776585336
-5.415803826 -1.756531381  8.858710702  -5.348158922 -0.2673202652   8.031565118 1776585336 1776585336
-5.422135957 -1.766056437  8.851663747  -5.410012974 -0.3469725683   8.119509925 1776585336 1776585336
-5.414333734 -1.765210421  8.855637372  -5.481567405 -0.4089747672   8.199223403 1776585336 1776585336
-5.413642254 -1.773552493  8.853743545  -5.553538908 -0.4459062997   8.262865398 1776585336 1776585336
-5.420420702 -1.751569869  8.855195427  -5.616804168 -0.4553413639   8.305039977 1776585336 1776585336
-5.420821813  -1.74957186   8.85913781 -5.664220298 -0.439699692  8.323535404 1776585336 1776585336
-5.419203403 -1.729364152   8.86749541  -5.690477917 -0.4056668214    8.31882538 1776585336 1776585336
-5.404826838 -1.733988417  8.878442477  -5.693655755 -0.3617949876   8.294848617 1776585336 1776585336
 -5.38940057 -1.736633146  8.891114228 -5.674267671 -0.317758624  8.257134834 1776585336 1776585336
-5.390244052 -1.737491884   8.89486738  -5.635109935 -0.2816745767   8.213236448 1776585336 1776585336
-5.422287664 -1.752561544  8.873296237  -5.582066303 -0.2588597933   8.170549113 1776585336 1776585336
-5.429493614 -1.742404401  8.869432666  -5.522566056 -0.2514281282   8.134958546 1776585337 1776585337
-5.431783229 -1.740068608  8.866650579  -5.463617483 -0.2574627456   8.110980822 1776585337 1776585337
-5.433649423 -1.750751351  8.859578542 -5.411253792 -0.272489647  8.100024834 1776585337 1776585337
-5.442393491 -1.769997819  8.845037426  -5.369731372 -0.2902798279   8.100483455 1776585337 1776585337
-5.456457954 -1.788914768  8.830258474  -5.340954714 -0.3042540626   8.108143326 1776585337 1776585337
-5.453270938 -1.787139303  8.833405251  -5.323646587 -0.3088322698    8.11783058 1776585337 1776585337
-5.447840652 -1.791259509  8.837856406  -5.315521561 -0.3018409584   8.122947925 1776585337 1776585337
-5.427402136 -1.776267798  8.858362892  -5.313246988 -0.2838584567    8.11883325 1776585337 1776585337
-5.404712835 -1.767607374   8.88235316  -5.314984062 -0.2599521587   8.102323145 1776585337 1776585337
-5.388588786 -1.755059688  8.899425321  -5.320666649 -0.2372672773   8.074405335 1776585337 1776585337
-5.377421287 -1.744317947  8.906758465  -5.333335821 -0.2247816219    8.03940493 1776585337 1776585337
-5.358238733 -1.730594498  8.917116309  -5.359163065 -0.2315072939   8.004211657 1776585337 1776585337
-5.354522008 -1.714618521    8.9100944  -5.405582339 -0.2642020813   7.977810725 1776585337 1776585337
-5.356591291 -1.707932367  8.882302077  -5.479707996 -0.3254217991   7.969141795 1776585337 1776585337
 -5.40709439 -1.718835748  8.807692207  -5.584128785 -0.4129912509   7.986016754 1776585337 1776585337
-5.437956033  -1.71908238  8.767077997   -5.71637289 -0.5184271209   8.032556012 1776585337 1776585337
 -5.45970854 -1.749453686  8.733065477  -5.864799918 -0.6268914154   8.110020921 1776585337 1776585337
-5.504562471 -1.795009725  8.686115133  -6.009256352 -0.7219723995   8.214651557 1776585337 1776585337
-5.545772241 -1.875189826  8.650825543  -6.123215916 -0.7857802722   8.338647392 1776585337 1776585337
 -5.52323833 -1.946615862  8.700017959  -6.176916918 -0.8029387397   8.471477663 1776585337 1776585337
-5.448508913 -1.921814052  8.794848337  -6.140845783 -0.7615218652   8.603759161 1776585337 1776585337
-5.365248726 -1.928493333  8.882701794  -5.993917495 -0.6633504855   8.722876366 1776585337 1776585337
-5.208171869 -1.875446004  9.049519455  -5.728290635 -0.5130379177   8.821132556 1776585337 1776585337
-4.857067569 -1.731417442  9.388929489  -5.350730445 -0.3280675253   8.893070964 1776585337 1776585337
-4.446223871 -1.557540292  9.738862988  -4.886038791 -0.1311022922   8.936508821 1776585337 1776585337
-4.186385605 -1.451101785  9.936701308 -4.373785881 0.0550578199  8.954275151 1776585337 1776585337
-3.983461118 -1.426715826  10.06816865 -3.864788217 0.2068475369  8.949241308 1776585337 1776585337
-3.767513449 -1.361371302  10.18611442 -3.413522272 0.3061237392  8.926834575 1776585337 1776585337
-3.539246741 -1.346503098  10.24140349 -3.069375213 0.3426381141  8.891034948 1776585337 1776585337
-3.446388813  -1.48538844  10.13650856 -2.869094058 0.3160871384  8.846086353 1776585337 1776585337
-3.441896812   -1.6468368  10.00826959 -2.828890624 0.2355838639  8.797375847 1776585337 1776585337
 -3.43965475 -1.773868724  9.896981249 -2.942679889 0.1169860554  8.750007401 1776585337 1776585337
-3.492036508 -1.940072983  9.740549377   -3.179483936 -0.01194540489    8.713200914 1776585337 1776585337
-3.604608912 -2.196572089  9.494382141  -3.493295845 -0.1244279109   8.694254973 1776585337 1776585337
-3.672240535 -2.364224592  9.323511942  -3.828657933 -0.1987148007   8.700339113 1776585337 1776585337
-3.662259997 -2.387310411  9.284237673   -4.13204668 -0.2239117159   8.735468296 1776585337 1776585337
-3.633082335 -2.399843208  9.273002245  -4.359992254 -0.2011147585   8.800334983 1776585337 1776585337
 -3.57906791 -2.284899201  9.316468999  -4.487910154 -0.1413737456   8.888130408 1776585337 1776585337
-3.507908254 -1.965944913  9.433295053   -4.514200606 -0.06678058033    8.986703878 1776585337 1776585337
-3.574340655 -1.544779119  9.538847703    -4.461576161 -0.005948977792     9.076889726 1776585337 1776585337
-3.736141903 -1.316684854   9.54403282  -4.372166123 0.01236064717   9.135240091 1776585337 1776585337
-3.892369537 -1.185178066  9.519950328   -4.303030755 -0.03481255213    9.136546339 1776585337 1776585337
-4.220817526 -1.080901505  9.403166639  -4.313721665 -0.1589074525   9.056069336 1776585337 1776585337
-4.890123856 -1.104963488  9.080898397 -4.456525977 -0.354885939  8.877738019 1776585337 1776585337
-5.876207712 -1.462072732  8.486104233   -4.76943476 -0.5980727538   8.592469741 1776585337 1776585337
-6.502386935 -1.720785439  8.082063173  -5.263950788 -0.8550257948   8.205826503 1776585337 1776585337
-6.905887538 -1.944753125  7.812276905 -5.921219879 -1.075226486  7.739495239 1776585337 1776585337
-7.369032974 -2.260682628  7.472817253 -6.693022469 -1.220000595  7.233071852 1776585337 1776585337
-7.955309681 -2.678888618  7.026367323  -7.51322384 -1.263254997  6.734906019 1776585337 1776585337
-8.419483858 -2.830697778  6.691010902 -8.304138274 -1.195709123  6.300522218 1776585337 1776585337
-8.523275387 -2.743991559  6.665950358  -8.98966398 -1.019617177  5.977134426 1776585338 1776585338
-8.553092712 -2.637406153  6.685577635  -9.505535924 -0.7540234746   5.798705356 1776585338 1776585338
-8.509444831 -2.387941898  6.814777852  -9.804962055 -0.4299148718   5.783160269 1776585338 1776585338
-8.382118647 -1.821732035  7.117057716   -9.866007639 -0.07832202756    5.926473961 1776585338 1776585338
 -8.132783775 -0.9999636351   7.574952756 -9.700410961  0.256380662  6.198234583 1776585338 1776585338
 -8.018284019 -0.5878144627   7.754322816 -9.335305157 0.5330552631  6.564197165 1776585338 1776585338
 -7.939139888 -0.3821303709   7.857457728 -8.810825229 0.7036365795  6.991901322 1776585338 1776585338
 -7.757473144 -0.2117386738   8.007592718 -8.181246657 0.7593808167  7.437336009 1776585338 1776585338
 -7.432854522 -0.1240313503    8.19090925 -7.506567028 0.6958657841  7.857801914 1776585338 1776585338
 -6.847696425 -0.3758142649   8.358363679 -6.838160289 0.5242778208  8.221474063 1776585338 1776585338
  -6.52996989 -0.5647169155    8.40336299 -6.213327472 0.2693317159  8.509440699 1776585338 1776585338
 -6.126172053 -0.8891922186    8.49037764   -5.648701332 -0.03656934795    8.713176406 1776585338 1776585338
-5.836917206 -1.136570332  8.570041342  -5.146603751 -0.3512723497   8.832959426 1776585338 1776585338
-5.337235263 -1.489253632  8.745720278 -4.695674294 -0.637027637  8.879409253 1776585338 1776585338
-4.311662849 -2.059671242  9.180594682  -4.275792993 -0.8650589287   8.869464371 1776585338 1776585338
-3.640724013 -2.281709128  9.538873082 -3.864746771 -1.015730118  8.818669503 1776585338 1776585338
-3.510039364 -2.296608777  9.624406381 -3.448965627 -1.079882051  8.737079978 1776585338 1776585338
-3.250673151 -2.324155808  9.773158325 -3.026168637 -1.056300409  8.636071094 1776585338 1776585338
-2.786944162 -2.284627377   10.0342015 -2.610455312 -0.958308124   8.52852685 1776585338 1776585338
-2.570635195 -2.139736973  10.10620127  -2.232887401 -0.8009341532   8.427764572 1776585338 1776585338
-2.575036813 -1.947104786  10.04534474  -1.938574177 -0.6131754091    8.34743704 1776585338 1776585338
-2.648327917  -1.83444446  9.946704948  -1.778389235 -0.4148597726   8.306585748 1776585338 1776585338
-2.776193953 -1.709546981  9.822445947  -1.798187424 -0.2321939378    8.32505693 1776585338 1776585338
-3.061272098 -1.529865692  9.621468906   -2.026559777 -0.08493642789    8.424017744 1776585338 1776585338
-3.522320294 -1.369285935  9.405581061   -2.47245609 0.01828769426   8.614450846 1776585338 1776585338
-3.849894235 -1.318237697  9.374039092  -3.108318717 0.07245516725   8.899986175 1776585338 1776585338
-4.043790613 -1.338851879  9.428452217  -3.872201502 0.07987342253   9.270015112 1776585338 1776585338
  -4.2638422 -1.366281557  9.575523104  -4.679305123 0.05339569013   9.691242855 1776585338 1776585338
-4.446805722 -1.384166675  9.796788379  -5.429468088 0.01477021119   10.11144725 1776585338 1776585338
-4.647476987 -1.420725627  10.22733217   -6.021490721 -0.01604767843    10.46366347 1776585338 1776585338
-4.697033379 -1.394016545   10.6251925   -6.364949336 -0.01507516803      10.682369 1776585338 1776585338
-4.666342322 -1.411725454  10.81661514  -6.401338219 0.02018030768   10.70726993 1776585338 1776585338
-4.569542029 -1.400354786  10.96219121 -6.113000085 0.1074807868  10.50388637 1776585338 1776585338
-4.476692286 -1.164514291   10.9904638 -5.538353474 0.2517778385  10.05736098 1776585338 1776585338
 -4.245026314 -0.8567333846   10.71043881 -4.748757162 0.4137133233  9.407357364 1776585338 1776585338
 -4.016085298 -0.7261522977   10.25465633 -3.868830275 0.5896459121  8.618434448 1776585338 1776585338
 -3.884864653 -0.6876391697   9.850180507 -3.052235737 0.7677872595  7.767716541 1776585338 1776585338
 -3.777675767 -0.6065093519   9.402797218 -2.456843762 0.8990063873  6.940731111 1776585338 1776585338
 -3.807382857 -0.5121132301   8.680886142 -2.216112419 0.9474458846  6.228810733 1776585338 1776585338
 -4.078471306 -0.5448601088   7.981309077  -2.42109633 0.8767230734  5.705630009 1776585338 1776585338
 -4.655479084 -0.7115647257   7.319030432 -3.102557305 0.6555399881  5.420210016 1776585338 1776585338
 -5.125817105 -0.8692228396   6.994314227 -4.225235678 0.3047254287  5.390440869 1776585338 1776585338
-5.545697207 -0.997255916  6.809206009  -5.680641477 -0.1310163313   5.606577322 1776585338 1776585338
-6.247805587 -1.333588394  6.629751825 -7.309733519 -0.594374918  6.020412493 1776585338 1776585338
-7.273840338 -2.096676435  6.467885323 -8.925548146 -1.046268258  6.551049469 1776585338 1776585338
-8.008982074 -2.739181009  6.325146401 -10.37251656 -1.462960582  7.087524514 1776585338 1776585338
-8.355846404 -3.113472936  6.173964659 -11.51279945 -1.808328513  7.526300671 1776585338 1776585338
-8.592225084 -3.335940548   6.07017585  -12.2256724 -2.018655621  7.810787967 1776585338 1776585338
-8.691488707 -3.470013416  6.059365716  -12.4400212 -2.071288561  7.914994108 1776585338 1776585338
-8.460919519 -3.430113336  6.250944943 -12.14926767 -1.965280036   7.84592954 1776585338 1776585338
-7.884046833 -3.122811838  6.657409006 -11.41304793 -1.718564329  7.633471696 1776585339 1776585339
-7.524014362 -2.902347198  6.927620372 -10.33712595 -1.369551294  7.334805953 1776585339 1776585339
-7.162870981 -2.682455798  7.198784107  -9.050079475 -0.9559300739   7.023935323 1776585339 1776585339
-6.653683906 -2.398574716  7.612712933  -7.691652252 -0.5224914004   6.773631079 1776585339 1776585339
-5.951016861 -2.013336743  8.283175919  -6.394114459 -0.1133491453   6.639072143 1776585339 1776585339
-5.481596566 -1.709772678  8.860926517 -5.265409958 0.2259107605  6.651493836 1776585339 1776585339
-5.322402789 -1.553079141  9.111520627 -4.390366351 0.4581865624  6.814114091 1776585339 1776585339
-5.185704312 -1.469911556  9.319973842 -3.815036752 0.5700435325  7.103316118 1776585339 1776585339
-5.080360959 -1.464758336  9.505094337 -3.539571495 0.5605429621  7.478055666 1776585339 1776585339
-5.013026645 -1.591273641  9.614385443  -3.53531869 0.4383415819  7.883051775 1776585339 1776585339
-5.038061675 -1.643682387  9.569791995 -3.744760004 0.2280785202  8.268781734 1776585339 1776585339
-5.06723315 -1.73017404 9.506410485   -4.098875468 -0.03433934796    8.584379129 1776585339 1776585339
-5.141287351 -1.871783918   9.35178653  -4.527004057 -0.3161392722   8.797026094 1776585339 1776585339
-5.224301361 -1.990571256  9.174813469  -4.960971893 -0.5815488647   8.892329364 1776585339 1776585339
-5.324431446 -2.112454495  8.932331002  -5.346084496 -0.8017482279   8.871802998 1776585339 1776585339
-5.392672643 -2.136823659  8.784928693  -5.644928615 -0.9570064329   8.753031636 1776585339 1776585339
-5.412013578 -2.139070485  8.724873892 -5.834745696 -1.038543255  8.566093196 1776585339 1776585339
-5.428139767  -2.12692908  8.686252787 -5.912434433 -1.046721987  8.347893755 1776585339 1776585339
-5.415632288 -2.074340407  8.692216678  -5.888273525 -0.9911557454   8.135276959 1776585339 1776585339
 -5.37321605 -1.977413134  8.749546542  -5.784858257 -0.8881956538   7.958826211 1776585339 1776585339
-5.330988562 -1.849394082  8.841413771   -5.63099556 -0.7570052599   7.840353048 1776585339 1776585339
-5.309748774 -1.815754374  8.887113078  -5.457690986 -0.6167274851   7.791527819 1776585339 1776585339
 -5.29683752 -1.775516917  8.924340305  -5.293826869 -0.4842721539   7.811561522 1776585339 1776585339
-5.285517871 -1.746633516   8.95985324  -5.163426515 -0.3720350304   7.890322501 1776585339 1776585339
-5.269366076 -1.722434489  8.996156978  -5.082463123 -0.2875157158   8.010131526 1776585339 1776585339
-5.298747755 -1.719634217  8.986317739  -5.057738116 -0.2333022158   8.149818822 1776585339 1776585339
 -5.32491364 -1.740399734  8.963687973   -5.08765691 -0.2075082795   8.286506475 1776585339 1776585339
-5.341006554 -1.782259964  8.940934499  -5.162738373 -0.2058689772   8.399913199 1776585339 1776585339
-5.343843771 -1.821728267  8.922522514 -5.267592811 -0.222316366  8.475500893 1776585339 1776585339
-5.367913039 -1.843724541  8.890966404  -5.384301775 -0.2502549117   8.505028526 1776585339 1776585339
-5.389511372  -1.84954681  8.862429047  -5.494925817 -0.2834851817    8.48635852 1776585339 1776585339
-5.395175357 -1.822028548  8.858660763  -5.584423084 -0.3167728093   8.424046957 1776585339 1776585339
-5.396041207 -1.830908566  8.852727871 -5.642607833 -0.346275564  8.327906935 1776585339 1776585339
-5.385523057 -1.818337996  8.858705907  -5.665430227 -0.3690049981    8.21150142 1776585339 1776585339
-5.360536701 -1.795673007  8.877181347  -5.655263404 -0.3834530577   8.089498598 1776585339 1776585339
-5.354897728  -1.75446899  8.890022111  -5.619232851 -0.3888043849   7.976104629 1776585339 1776585339
-5.370748326 -1.739273484  8.885077398  -5.568320392 -0.3853726089   7.883853249 1776585339 1776585339
-5.371728639 -1.742208777  8.885245907  -5.514764501 -0.3739540085   7.821801116 1776585339 1776585339
-5.381979395 -1.741412287  8.881288783 -5.470317018 -0.356058929  7.793732881 1776585339 1776585339
-5.372183901 -1.741587396  8.890267723  -5.443768237 -0.3331207474   7.799701443 1776585339 1776585339
-5.380843212 -1.748187722  8.887310571  -5.439758734 -0.3065142319      7.835772 1776585339 1776585339
-5.375308827 -1.759539079   8.88981976  -5.458476851 -0.2771450562   7.894631974 1776585339 1776585339
-5.373474362 -1.781427255  8.887280178  -5.496217681 -0.2460132196   7.966867801 1776585339 1776585339
-5.365431434 -1.788776105  8.890730176  -5.545308481 -0.2137107307   8.043733788 1776585339 1776585339
-5.367107112 -1.799173045  8.886456525  -5.596153841 -0.1813329514   8.116664238 1776585339 1776585339
-5.374633777 -1.788530813  8.879326805  -5.638725392 -0.1511758098   8.179271959 1776585339 1776585339
-5.371449658 -1.755466487  8.884222608  -5.663554333 -0.1270577495   8.227419994 1776585339 1776585339
-5.379565198 -1.768784321  8.873998671 -5.663464181 -0.114811245  8.259915928 1776585339 1776585339
-5.379851846 -1.760680827  8.871941892 -5.633768095 -0.121247636  8.279301001 1776585339 1776585339
 -5.36856189 -1.740557768  8.879363558  -5.574909803 -0.1541973629   8.288216033 1776585339 1776585339
-5.383437326 -1.711844018  8.876217893 -5.490693131 -0.219270083  8.289680929 1776585340 1776585340
-5.390802566 -1.701826146  8.877957948  -5.389903038 -0.3183927328   8.286804364 1776585340 1776585340
-5.397292135 -1.718314203    8.8748464  -5.283895291 -0.4463093523   8.281962735 1776585340 1776585340
-5.407967472 -1.729850591  8.872842654  -5.188120887 -0.5902413749   8.273217064 1776585340 1776585340
-5.404492146 -1.771962424  8.878559531  -5.119082052 -0.7291518096    8.25813011 1776585340 1776585340
-5.401356184 -1.844786706  8.882652588   -5.09212964 -0.8350390947   8.232542459 1776585340 1776585340
-5.377492935 -1.874931943  8.899506779  -5.119336582 -0.8776068512   8.192511972 1776585340 1776585340
-5.362763979  -1.90231618  8.905698826  -5.208503704 -0.8310576818   8.132597713 1776585340 1776585340
-5.349706094  -1.92343142  8.908242441  -5.357160588 -0.6786893094   8.053616754 1776585340 1776585340
-5.337663283 -1.914861512  8.907848599  -5.553757898 -0.4213605303   7.959906243 1776585340 1776585340
-5.348280453 -1.810360625  8.894299453   -5.775965451 -0.08163876604    7.860933666 1776585340 1776585340
-5.367619456 -1.695035445  8.882179793 -5.992585671 0.2944178709  7.769455586 1776585340 1776585340
-5.398187954 -1.626910418  8.860979243 -6.164766434    0.6417611  7.704010737 1776585340 1776585340
-5.420221443 -1.535142825  8.849404097 -6.255110938 0.8816762105  7.681305663 1776585340 1776585340
-5.458487408 -1.423093508  8.833793508  -6.23060768 0.9354431191  7.715300483 1776585340 1776585340
-5.496457464 -1.406492377  8.822433394  -6.07386642 0.7379851519  7.816321825 1776585340 1776585340
-5.490312858 -1.514149929   8.83420059 -5.780245202  0.255034575  7.987586987 1776585340 1776585340
 -5.47299134 -1.684588178  8.841963842  -5.366115941 -0.5065123552   8.221621915 1776585340 1776585340
-5.439339017 -1.902238593  8.862209471 -4.870705698 -1.493488865  8.495123877 1776585340 1776585340
-5.355218696 -2.271535461  8.908257786 -4.351199364 -2.604964757  8.780531183 1776585340 1776585340
-5.193378953 -2.844869536  8.990868911 -3.881594693 -3.705685184  9.039015572 1776585340 1776585340
-5.039810645 -3.273583727  9.075874239 -3.540385664 -4.639865273  9.239815591 1776585340 1776585340
-4.977535167 -3.487213009  9.105773896 -3.420410848 -5.269771354  9.318556252 1776585340 1776585340
 -4.93072721 -3.608066974  9.131759003 -3.565498562 -5.468146807  9.257432186 1776585340 1776585340
-4.935598998 -3.620598406  9.136601202 -3.989766478 -5.157423768   9.05179168 1776585340 1776585340
-5.057373327 -3.267864979  9.107467836 -4.652844494 -4.317581605  8.722210083 1776585340 1776585340
-5.294741594 -2.689705487  9.032184929 -5.465152619 -2.995498371  8.305720742 1776585340 1776585340
-5.492531198 -2.282794741  8.948839223 -6.273063787 -1.299252265   7.85822591 1776585340 1776585340
-5.669433124 -1.829858498  8.887061921 -6.954375956 0.5891436635  7.471649297 1776585340 1776585340
-5.903944795 -1.266626983  8.800574074 -7.432764499  2.445563812  7.188896782 1776585340 1776585340
 -6.244800928 -0.5383517233   8.667002005 -7.661143246  4.044291042  7.035191657 1776585340 1776585340
  -6.48542532 -0.1641937996   8.542257129 -7.622343926  5.193052728  7.018241731 1776585340 1776585340
  -6.568106472 -0.09182385339    8.477003931 -7.438848885  5.728184055  7.062407133 1776585340 1776585340
 -6.598477217 -0.1404378222    8.42823164 -7.080052666  5.625063274  7.212255347 1776585340 1776585340
 -6.525126975 -0.4380169898   8.392589313 -6.609896797  4.914435621  7.443440861 1776585340 1776585340
-6.236786807 -1.015153664  8.390798693 -6.021006533  3.726748275  7.714034239 1776585340 1776585340
-5.735045464 -1.739042118  8.449535544 -5.381375693   2.23531994  7.991959883 1776585340 1776585340
-5.381595445 -2.184128373  8.501624608 -4.745619625 0.6503951421  8.258377799 1776585340 1776585340
-5.189146572 -2.382763784  8.540027755  -4.199400649 -0.8320710586   8.469076262 1776585340 1776585340
-4.905634737 -2.596359942  8.620224742 -3.819605278 -2.046083868  8.609868433 1776585340 1776585340
-4.384605477 -2.842365625  8.825945739 -3.645258573 -2.871046216  8.682514026 1776585340 1776585340
-4.049365684 -2.749427841  9.071534621 -3.681295641 -3.246872476  8.705660257 1776585340 1776585340
-3.944143006 -2.619387258  9.206937063 -3.899792006 -3.176241611   8.70192313 1776585340 1776585340
-3.870143607 -2.479749943  9.324625861  -4.24608957 -2.720211496  8.719428655 1776585340 1776585340
-3.838252447 -2.231491797  9.477513024 -4.651644411 -1.984336462  8.797354064 1776585340 1776585340
-3.847250128 -1.824015925  9.698416184 -5.046647912 -1.100605936  8.954497468 1776585340 1776585340
-3.930016478 -1.330595505  9.930924479  -5.363612569 -0.2036094097   9.191964526 1776585340 1776585340
-3.953208728 -1.175609025  10.01570715 -5.546458848 0.5834411656    9.4865625 1776585340 1776585340
-3.941857244 -1.071959128  10.08351044 -5.558511166   1.16856771  9.803543603 1776585340 1776585340
-3.90126535 -1.04253266 10.11609031 -5.390252078   1.49607697  10.08974078 1776585340 1776585340
-3.746413865 -1.041599754  10.14152457 -5.054388165  1.554194065  10.29006161 1776585340 1776585340
-3.357948537 -1.251648734  10.04388176 -4.586722575  1.366802581  10.35736103 1776585341 1776585341
-3.19160022 -1.39331378 9.943864525 -4.040946589 0.9807469056  10.26936145 1776585341 1776585341
-3.057581595 -1.533255992  9.846621798 -3.480717699    0.4688007  10.02683093 1776585341 1776585341
-2.916459668 -1.725966109  9.690452677   -2.978030053 -0.08712769527    9.650837443 1776585341 1776585341
-2.842165672 -1.970992937  9.446038269  -2.599593528 -0.6061077182   9.186396726 1776585341 1776585341
-3.123831083 -2.134181651   9.14702983 -2.400056847 -1.021106278  8.693066999 1776585341 1776585341
-3.488395912 -2.253613314  8.963689531 -2.415851138 -1.275909281  8.236162392 1776585341 1776585341
-3.844206865 -2.285977036  8.839316953 -2.662577021 -1.369962605  7.861919737 1776585341 1776585341
  -4.3403926 -2.259872825  8.749029189 -3.121754002 -1.304800959  7.612655861 1776585341 1776585341
-5.061993189  -2.17253081  8.707155785 -3.739898231   -1.1114643  7.515660458 1776585341 1776585341
-5.964912498 -2.020302518  8.750011449  -4.435369998 -0.8383240059   7.580565536 1776585341 1776585341
-6.263684516 -1.853734679  8.847583589  -5.117110656 -0.5357147269   7.789829989 1776585341 1776585341
-6.489215467 -1.687509707  8.884867369  -5.712607807 -0.2293001972    8.09761247 1776585341 1776585341
-6.682851853 -1.548061827  8.877001285  -6.164914776 0.04178714003    8.44076273 1776585341 1776585341
-6.816524668 -1.387450867  8.770969492 -6.440507227  0.249725756  8.752544601 1776585341 1776585341
-6.619794905 -1.424432193  8.644997374 -6.515935577 0.3604838775  8.986533796 1776585341 1776585341
-6.537209161 -1.585851714  8.538755503 -6.394484368 0.3602512671  9.113293562 1776585341 1776585341
-6.394206964 -1.684867434  8.530984391   -6.1022358 0.2651939008  9.129727459 1776585341 1776585341
-6.202708186  -1.78966486  8.623719935  -5.700075426 0.08359745821   9.028000459 1776585341 1776585341
-6.051359956 -1.940432459  8.819117934  -5.258031569 -0.1651493764   8.816194851 1776585341 1776585341
-6.173551749 -2.099513862  9.117048575  -4.844670323 -0.4516057315   8.516325112 1776585341 1776585341
-6.245183925 -2.005018258  9.319110195  -4.523103419 -0.7491980831   8.151950422 1776585341 1776585341
-6.334415739 -2.008576574  9.412211608 -4.323669315 -1.000586132  7.770739382 1776585341 1776585341
-6.438350188  -2.13262826  9.423297188 -4.264874939 -1.165851512  7.405237613 1776585341 1776585341
 -6.52596642 -2.299184847  9.279772081 -4.337075248 -1.234663865  7.091292083 1776585341 1776585341
-6.273042602 -2.190426548  8.898559159 -4.531148515 -1.235909809   6.84434347 1776585341 1776585341
-6.024107292 -1.997682034  8.672313055 -4.812588652 -1.155623223  6.696082763 1776585341 1776585341
-5.803752917 -1.888887403  8.498171461  -5.151620933 -0.9811162226   6.654869118 1776585341 1776585341
-5.440563406 -1.769432031  8.263690507  -5.518393003 -0.7345304856   6.726376526 1776585341 1776585341
-4.987140048 -1.698771161  8.023320422  -5.888646862 -0.4425790182   6.904717469 1776585341 1776585341
-4.690061642 -1.604925333  7.916950144   -6.24898121 -0.1367080047   7.175752202 1776585341 1776585341
-4.704152768  -1.65303929  7.966748192 -6.590621482 0.1439742457  7.512378069 1776585341 1776585341
 -4.79434754 -1.660258839  8.025754482  -6.91279484 0.3868555896  7.875413362 1776585341 1776585341
-5.120015102 -1.624582733  8.169254579 -7.206774127 0.5681749808  8.221281791 1776585341 1776585341
-5.755785656  -1.54117496  8.370102679 -7.465972243 0.6740285024  8.498885253 1776585341 1776585341
 -6.84217826 -1.299492205  8.523461519 -7.677402857 0.7116171052  8.655233627 1776585341 1776585341
-7.438231112 -1.092025946  8.480824574 -7.823768411 0.6831610108  8.650895805 1776585341 1776585341
 -7.824289161 -0.9667498111   8.421885481 -7.868755248 0.5889183939  8.497601542 1776585341 1776585341
 -8.272895287 -0.8084698174   8.282915951 -7.791134829 0.4517754055  8.201592439 1776585341 1776585341
 -8.615787676 -0.6821882272   8.069720588 -7.575983511 0.2924089389  7.798682089 1776585341 1776585341
 -8.576617204 -0.6431010626   7.776107117 -7.218193577 0.1344390106  7.343174173 1776585341 1776585341
  -8.31490034 -0.7869695384   7.714246789    -6.73850262 0.005444490745    6.896268375 1776585341 1776585341
 -8.044036344 -0.8309467663   7.705968352   -6.168148541 -0.09237334218    6.522496057 1776585341 1776585341
 -7.565330841 -0.9755509091   7.701682662  -5.552828746 -0.1475019515   6.292325881 1776585341 1776585341
-6.986140434 -1.244892104  7.749534233  -4.949622874 -0.1519226377   6.252959453 1776585341 1776585341
-6.229919732 -1.642123986  7.947913875  -4.425873243 -0.1227953306   6.428338372 1776585341 1776585341
-5.847446659 -1.941707645  8.121835746  -4.040712205 -0.0765613135   6.817153631 1776585341 1776585341
-5.676507633 -2.099374176  8.240429297   -3.848340663 -0.04478343002    7.387851625 1776585341 1776585341
-5.607021762 -2.216424434  8.422673604   -3.870385804 -0.02975635948    8.080123016 1776585341 1776585341
-5.674655335  -2.35858555  8.686223071   -4.103031648 -0.03013588946    8.807614819 1776585341 1776585341
-6.026635082 -2.423206877   8.98802342   -4.515778554 -0.04835305897    9.481171195 1776585342 1776585342
-6.428970518 -2.382830612  9.226216013   -5.050773798 -0.08456952749    10.01428606 1776585342 1776585342
-6.682763851 -2.314037703  9.362463389  -5.639409002 -0.1487865267   10.33226123 1776585342 1776585342
-6.979807933 -2.316209659  9.402426838  -6.207499261 -0.2529809481   10.38664066 1776585342 1776585342
-7.255500274 -2.387421464  9.322600367   -6.67438611 -0.3975689154   10.16834086 1776585342 1776585342
-7.424140038   -2.4260521  9.144015342 -6.958770155 -0.561432889  9.707886826 1776585342 1776585342
-7.281467682 -2.434741976  8.766957945  -7.008205039 -0.7339100212   9.065462466 1776585342 1776585342
-7.001442045 -2.426404525  8.490093895   -6.79477984 -0.9085365845   8.339442416 1776585342 1776585342
-6.711271844 -2.284808083  8.367807713 -6.348794558 -1.086556985  7.616998056 1776585342 1776585342
-6.153190926 -2.312733725  8.270121008 -5.739945534 -1.244658019  6.980129028 1776585342 1776585342
-5.237682113 -2.416012343  8.204407556 -5.053664885  -1.36240115  6.503134114 1776585342 1776585342
-4.455709898 -2.571197627  8.277288288 -4.391376953 -1.408012627  6.238910611 1776585342 1776585342
 -4.07628719 -2.677608817   8.37548897 -3.855194517 -1.371877155  6.220831356 1776585342 1776585342
-3.842993915 -2.735921632  8.495993314 -3.539251723 -1.253665229  6.448254172 1776585342 1776585342
-3.732260427 -2.782708563  8.690559684 -3.500440165 -1.048303177  6.894993608 1776585342 1776585342
-3.892052464 -2.736485411   8.99998913  -3.765347235 -0.7773779734   7.508297952 1776585342 1776585342
 -4.29073332 -2.631633832  9.258975205 -4.314577825 -0.470517783  8.218670087 1776585342 1776585342
-4.633729875 -2.564064847  9.385950246  -5.087344778 -0.1628299781   8.945391451 1776585342 1776585342
-5.029323153 -2.459328636  9.485953566 -5.988504466 0.1140132932  9.602843585 1776585342 1776585342
-5.525239262 -2.332777827  9.544695635 -6.903027257 0.3208582702  10.11222488 1776585342 1776585342
-6.178331445  -2.18039656  9.513679135 -7.710350221 0.4300442646   10.4108709 1776585342 1776585342
-6.688637416 -1.915113939  9.358316768 -8.308402416 0.4775704808  10.43961401 1776585342 1776585342
-6.971170985 -1.781681005  9.166136702 -8.613885709 0.4062104348   10.2053308 1776585342 1776585342
-7.162590489 -1.712223723  8.947372178   -8.5742539 0.2296925043  9.743301751 1776585342 1776585342
-7.216314885 -1.701703249  8.709714393   -8.188581925 -0.02582545381     9.11126719 1776585342 1776585342
  -7.1282006 -1.740391385  8.414766982  -7.506779593 -0.3202216072   8.381681034 1776585342 1776585342
-6.700753639 -1.862433131  8.153834029  -6.618505922 -0.6060203847   7.637280695 1776585342 1776585342
-6.036387299 -2.068713213  8.047889589  -5.647647654 -0.8261520102   6.946965378 1776585342 1776585342
-5.847173541 -2.136444529    8.0397516  -4.726670268 -0.9625737734   6.386287104 1776585342 1776585342
-5.521098898 -2.172601623  8.054183439  -3.963165823 -0.9968424336   6.023260883 1776585342 1776585342
-4.754412355  -2.23156317  8.190081844  -3.445289665 -0.9086563275   5.889273247 1776585342 1776585342
-4.280513355 -2.173133008  8.389658071  -3.221354281 -0.7428312495   6.007136579 1776585342 1776585342
-4.059709326 -2.148912231  8.551238437  -3.297830308 -0.5204661434   6.356511625 1776585342 1776585342
-3.977911168 -2.062870178  8.699496369  -3.635461068 -0.2870035633   6.898616652 1776585342 1776585342
-4.010185409 -1.951173995  8.866604313   -4.165467622 -0.06094747393    7.565713619 1776585342 1776585342
-4.271106953 -1.814091808  9.102398684 -4.802932754 0.1303207163     8.276124 1776585342 1776585342
-4.783302253  -1.74773505  9.293328716 -5.456705535 0.2634310552  8.946745943 1776585342 1776585342
 -5.22221509 -1.761085886  9.375920891 -6.043327058 0.3241005463  9.500673577 1776585342 1776585342
-5.600000679 -1.785201307  9.417178085 -6.495555367 0.3138740119  9.877608237 1776585342 1776585342
 -6.11010903 -1.916456855  9.400592921 -6.773223104 0.2331061929  10.04060911 1776585342 1776585342
-6.706941596  -2.10367265  9.253527826 -6.860720333 0.1072749342  9.976145266 1776585342 1776585342
-7.169946111 -2.282037039  8.976282077   -6.762161479 -0.03861718157    9.705455234 1776585342 1776585342
-7.399331206 -2.345696689  8.702572939  -6.501254616 -0.1806642543   9.273487841 1776585342 1776585342
-7.438967696 -2.305045836   8.51920525  -6.120887521 -0.3025500266   8.734737117 1776585342 1776585342
-7.297368672 -2.268276013  8.327804904  -5.676786208 -0.3880347463   8.142988727 1776585342 1776585342
-6.881470752  -2.22541964  8.170593139  -5.224916042 -0.4193280069   7.554761852 1776585342 1776585342
-6.198112467 -2.073555873  8.067925133  -4.813507441 -0.3937350861   7.026822895 1776585342 1776585342
  -5.6857217 -1.993091571  8.042423139  -4.480688515 -0.3062238463   6.611657286 1776585342 1776585342
-5.279011348 -1.920462262   8.02829177 -4.250883805 -0.178357594  6.350533176 1776585342 1776585342
-4.844104392 -1.786663003  8.063770044  -4.144259946 -0.0362051145   6.261014186 1776585342 1776585342
-4.422059313 -1.597411629  8.175378243  -4.166462865 0.09494793047   6.349852897 1776585343 1776585343
-4.171998613 -1.416341852  8.353818157  -4.31577246 0.1911905137  6.606917443 1776585343 1776585343
-4.14740787 -1.37141828 8.470527164 -4.576664991 0.2351299266  7.015790431 1776585343 1776585343
-4.188690362 -1.358221056  8.592373213  -4.93052016 0.2100104244  7.535984636 1776585343 1776585343
-4.352663667 -1.391574991   8.77015582 -5.351310903 0.1109646988  8.119547794 1776585343 1776585343
-4.625513409 -1.532855737  8.975498943     -5.8040815 -0.05979592239    8.713015875 1776585343 1776585343
-5.029867193 -1.731316483   9.22042204  -6.250294757 -0.2823973092   9.256101392 1776585343 1776585343
 -5.20948815 -1.900140088  9.351810759  -6.652394042 -0.5346719484   9.690394148 1776585343 1776585343
-5.360516538 -2.037095973  9.435825732   -6.98233874 -0.7796983411    9.96081933 1776585343 1776585343
  -5.5483829 -2.063344296  9.512681913  -7.214395353 -0.9720537697   10.03698028 1776585343 1776585343
-5.676275592 -2.051349909  9.511315762 -7.322382438   -1.1024729  9.900481686 1776585343 1776585343
-5.719616799 -1.984924474  9.383896759 -7.291494319 -1.157480944  9.559426701 1776585343 1776585343
-5.750070224 -1.952817893  9.238392759 -7.113165786 -1.129984169  9.054282503 1776585343 1776585343
-5.690963784 -1.963395524  9.089925251 -6.795295841 -1.021155387  8.446129656 1776585343 1776585343
-5.535018772 -1.950479597  8.872997742  -6.368374722 -0.8398395545   7.804686514 1776585343 1776585343
-5.300777177 -1.902500808  8.707113219  -5.876893818 -0.6089423556   7.200395503 1776585343 1776585343
-5.088343226 -1.795439588    8.4458422  -5.366569344 -0.3626940192   6.701654993 1776585343 1776585343
-5.006361151 -1.770612579  8.323280561  -4.882273937 -0.1328861069   6.365265295 1776585343 1776585343
-4.97129069 -1.77188349 8.217530568   -4.46474523 0.05253667316   6.228936296 1776585343 1776585343
-4.961046543 -1.779704045  8.123786534 -4.149816958 0.1746205401  6.302533382 1776585343 1776585343
-4.982061576 -1.807398291  8.083045877 -3.962277942 0.2273440239  6.571218836 1776585343 1776585343
-5.048484939 -1.824157272  8.174257837 -3.916204143 0.2130824368  6.995958159 1776585343 1776585343
-5.105144855  -1.83477081  8.280857963 -4.011237612  0.157058123  7.523102582 1776585343 1776585343
-5.167653513 -1.825342055  8.421894427  -4.236048757 0.07975016605   8.087128732 1776585343 1776585343
-5.280004134 -1.814699343  8.640364106  -4.565842287 0.00495609958   8.623024867 1776585343 1776585343
-5.399864398 -1.834052876  8.859826565   -4.967690808 -0.05512241214    9.070798612 1776585343 1776585343
-5.601299567 -1.844199097  9.169066243   -5.402938629 -0.09733671544    9.386672702 1776585343 1776585343
-5.692192302 -1.822433956   9.35230457  -5.827414331 -0.1268855292    9.54665636 1776585343 1776585343
-5.797978909 -1.899004692  9.431293385  -6.201537332 -0.1622882606   9.542931996 1776585343 1776585343
 -5.91983824 -1.990739442  9.443562194  -6.485023282 -0.2154836208   9.389810524 1776585343 1776585343
-6.024558207 -2.051589406  9.353888355      -6.64341 -0.2969611498   9.114456473 1776585343 1776585343
-6.017944047 -1.992351485   9.14313049 -6.649751475 -0.413429783  8.755311847 1776585343 1776585343
-5.930517475 -1.918564186  8.972611248  -6.499574869 -0.5722516826   8.356037394 1776585343 1776585343
-5.834832453 -1.901897335  8.821524833  -6.205277803 -0.7607030225   7.956512449 1776585343 1776585343
-5.636607616 -1.937272812  8.620511525  -5.795537472 -0.9524212318   7.589388844 1776585343 1776585343
-5.330302696 -1.972071994  8.464725181 -5.315331631 -1.116007619  7.279445163 1776585343 1776585343
-4.925496429 -1.998123179  8.310336745 -4.816601489 -1.218425943  7.052300306 1776585343 1776585343
-4.689933292 -2.001281373  8.280431303 -4.364907809 -1.237813369  6.921466394 1776585343 1776585343
-4.560062881 -2.004372515  8.272555957 -4.023472806 -1.160789834  6.896477786 1776585343 1776585343
-4.436503754 -1.937037759  8.334430069  -3.844720217 -0.9865830877   6.981663399 1776585343 1776585343
-4.378735301 -1.883557416  8.462303608  -3.861547268 -0.7244943022   7.171439341 1776585343 1776585343
-4.546981701 -1.779990784  8.686413221  -4.084035981 -0.4067117797   7.459126252 1776585343 1776585343
-4.783477624 -1.704110345  8.870217792  -4.496152865 -0.0711067159   7.823817636 1776585343 1776585343
-4.976232232 -1.675216129  8.977910514  -5.05365925 0.2393727683  8.238611142 1776585343 1776585343
-5.350946088 -1.640311005  9.125868901 -5.691250713 0.4847626125  8.667264227 1776585343 1776585343
-5.814608454 -1.649080624  9.275292059 -6.329071833 0.6312855701  9.068829694 1776585343 1776585343
-6.392967639 -1.703043721  9.383897956 -6.887381473 0.6618469283   9.39422395 1776585343 1776585343
-6.753607231  -1.72454013  9.417561419 -7.290369135 0.5863390387  9.597723572 1776585343 1776585343
-7.001663826 -1.687681754  9.383357665 -7.482049672 0.4252724535  9.642511789 1776585343 1776585343
-7.182481087 -1.665272787   9.26048904 -7.431302179 0.1966892522  9.514886995 1776585343 1776585343
-7.268211281 -1.606271803  9.052241947   -7.133971498 -0.05965928345     9.22005431 1776585344 1776585344
-7.036427617 -1.525274026  8.739564003  -6.614909907 -0.3086315963   8.792132541 1776585344 1776585344
-6.681504754 -1.524590474  8.522753027  -5.935115768 -0.5094645663   8.273174786 1776585344 1776585344
-6.389770942  -1.53510855  8.395140626   -5.18076311 -0.6312726385   7.712862469 1776585344 1776585344
-5.897894915 -1.476944611  8.250012029  -4.448824684 -0.6642521396   7.172343106 1776585344 1776585344
 -5.43217341 -1.425246337  8.136903711  -3.829929313 -0.6076258273   6.718412326 1776585344 1776585344
-4.989946459 -1.338869997  8.061611375  -3.39960437 -0.482262007  6.411817037 1776585344 1776585344
-4.817293127 -1.329612475   8.06610408  -3.206265395 -0.3073051361   6.299281954 1776585344 1776585344
-4.775902883 -1.366018758  8.094521695  -3.273098434 -0.1146050315   6.398950269 1776585344 1776585344
-4.858773479 -1.436520228  8.233124947  -3.591088629 0.06403252226   6.702298328 1776585344 1776585344
-5.082934823 -1.522872693  8.463274683 -4.116822461 0.2072004195  7.179221192 1776585344 1776585344
-5.476496322 -1.652367273  8.829358516 -4.783613392 0.3037826144  7.775376168 1776585344 1776585344
-5.940624926 -1.777733656  9.240935055 -5.509141242 0.3466444752  8.420325577 1776585344 1776585344
-6.225926015  -1.84432539  9.498031379 -6.205861419 0.3294376413  9.036487666 1776585344 1776585344
-6.549502623 -1.915681839  9.782642356 -6.791208116 0.2490938514  9.548860644 1776585344 1776585344
-6.827462482 -1.965858103  10.03685868 -7.195898628 0.1053311535  9.896057754 1776585344 1776585344
-6.954829947 -2.065908745  10.15419571  -7.373831324 -0.1053284901   10.03682454 1776585344 1776585344
 -6.96718925 -2.098178775  10.01015325  -7.308349256 -0.3594601736   9.945926958 1776585344 1776585344
-6.935214811 -2.095108607  9.793584359  -6.997977161 -0.6343050936   9.642837692 1776585344 1776585344
-6.692357449  -1.89499293  9.527583134  -6.477348345 -0.9095805133   9.165051294 1776585344 1776585344
-6.295603907 -1.696822785  9.186745961  -5.81414898 -1.171079372  8.563066912 1776585344 1776585344
-5.708173973 -1.553123985  8.789994759  -5.09087433 -1.387030172  7.900558399 1776585344 1776585344
-4.966130238 -1.474741603  8.371738037  -4.3970506 -1.52408887 7.249261952 1776585344 1776585344
 -4.45606592 -1.531745874  8.126654719 -3.815532201 -1.546102334  6.682328088 1776585344 1776585344
-4.033601872 -1.605592546  7.942629078 -3.419947624 -1.447963414   6.27446684 1776585344 1776585344
-3.674944698 -1.663169742  7.830886964 -3.266590903 -1.238015939  6.080933922 1776585344 1776585344
-3.394978391 -1.702476922   7.84821502  -3.385042873 -0.9360449245   6.132146413 1776585344 1776585344
-3.393406108 -1.681701503  8.018403541 -3.772763535 -0.577675654  6.433476233 1776585344 1776585344
-3.517380878 -1.657703036  8.171973799  -4.391346735 -0.2018256129   6.961335475 1776585344 1776585344
 -3.76460803 -1.625970922  8.375566047 -5.174011987 0.1452020621  7.663365004 1776585344 1776585344
-4.223189183 -1.567704747  8.640374356 -6.033859711 0.4172918252    8.4603575 1776585344 1776585344
-4.959349877 -1.510497319  8.971884669 -6.870522769 0.5760182884  9.259006478 1776585344 1776585344
 -5.88998962 -1.490796164  9.253215169 -7.589335876 0.5994905143  9.951916914 1776585344 1776585344
-6.366024235 -1.565990008  9.345447221 -8.108338095 0.4851570085  10.43979388 1776585344 1776585344
-6.81188945 -1.54746792  9.39237306 -8.363531786 0.2805151871  10.64073301 1776585344 1776585344
-7.349574699 -1.542992898  9.310010701   -8.325669546 0.007404784031    10.52173921 1776585344 1776585344
-7.749515972 -1.568950829  9.068699497  -7.988670039 -0.2930538317   10.10106278 1776585344 1776585344
-7.854445442 -1.579340493  8.637066695  -7.378719866 -0.5684978674    9.44060007 1776585344 1776585344
-7.765864804 -1.585846982  8.356114922  -6.556026537 -0.7779299881   8.635616594 1776585344 1776585344
-7.548506152 -1.676730934  8.127744676  -5.619962814 -0.8750522101   7.779228174 1776585344 1776585344
 -7.00556141 -1.759625355  7.918030663   -4.68859529 -0.8326548163    6.97295597 1776585344 1776585344
-6.226537673 -1.778621838  7.856828688  -3.888625692 -0.6599022304   6.306231898 1776585344 1776585344
-5.317072741 -1.661083494  7.900576961  -3.309086167 -0.4028814522   5.882493842 1776585344 1776585344
-4.864718938 -1.606191229   8.00384984  -3.017462643 -0.1016485036   5.749751102 1776585344 1776585344
-4.523055318 -1.578028538  8.126289357 -3.040852221 0.1921034261  5.922569676 1776585344 1776585344
 -4.20879438 -1.545485782  8.375591313 -3.365860463 0.4254948681  6.372553178 1776585344 1776585344
-4.088353861 -1.553293173  8.692135157 -3.940409831  0.566123544  7.031857525 1776585344 1776585344
-4.370760954 -1.715698463  9.297187586 -4.682395041 0.6019503798  7.805286956 1776585344 1776585344
-4.484373071 -1.667393293  9.404468166 -5.490809995 0.5411718137  8.585713831 1776585344 1776585344
-4.675058258 -1.715007415  9.563503302 -6.261693303 0.3941027666  9.273940788 1776585344 1776585344
-5.189840743 -1.885443862  9.827638201  -6.89749872 0.1844848995  9.782487945 1776585345 1776585345
-5.556490941 -2.021116789  9.927305261     -7.3212244 -0.07139019887     10.0579843 1776585345 1776585345
-5.999122744 -2.249415083  9.816078444  -7.487472975 -0.3489234755   10.07262319 1776585345 1776585345
-6.208508421 -2.461587093  9.579572524  -7.378397114 -0.6176495207   9.838659929 1776585345 1776585345
-6.297922359 -2.560301189  9.343475671  -7.001505644 -0.8350186455   9.407389253 1776585345 1776585345
-6.254453569 -2.478576164  9.014401739  -6.411319593 -0.9918647531   8.841064589 1776585345 1776585345
-6.025919456 -2.322579204  8.740062629 -5.689332556 -1.091792526    8.2111387 1776585345 1776585345
-5.430015412  -2.13829601  8.370812719 -4.930591841 -1.128249903  7.588574756 1776585345 1776585345
-4.981475029 -2.046514613  8.236952289 -4.232301998 -1.094773797  7.038528247 1776585345 1776585345
-4.580818441 -1.987243784   8.14674996   -3.67439863 -0.9975662127   6.626431003 1776585345 1776585345
-4.114233888 -1.914855431  8.109890912  -3.321526322 -0.8484736893   6.396759748 1776585345 1776585345
-3.746605792 -1.852814166  8.166859432 -3.214326717 -0.662450287  6.372350357 1776585345 1776585345
-3.492216658 -1.728434418  8.389271891  -3.363417169 -0.4608933472   6.556894864 1776585345 1776585345
-3.483089992 -1.661261137  8.577438542  -3.751208145 -0.2588527233    6.93105576 1776585345 1776585345
-3.569044692 -1.602423045  8.767619277   -4.333892083 -0.07525012711    7.457171879 1776585345 1776585345
-3.877151327  -1.51452965  9.027858871  -5.047153083 0.07418443825   8.080768704 1776585345 1776585345
-4.301822483 -1.444970953  9.270562356 -5.813568346 0.1724165296  8.735874423 1776585345 1776585345
-5.172598118 -1.371641877  9.582553016 -6.549098968 0.2122141313  9.351872731 1776585345 1776585345
-5.648773048 -1.432100752  9.712800509 -7.174728985 0.1787476232  9.858685722 1776585345 1776585345
-5.996934737 -1.521660629  9.767075738  -7.632502405 0.08569904216   10.18337084 1776585345 1776585345
-6.441455594  -1.60248151   9.78104055  -7.871318662 -0.0408655928   10.28415385 1776585345 1776585345
-6.898247801 -1.665993259  9.649406177  -7.879481072 -0.1825672789   10.12675145 1776585345 1776585345
-7.175057148 -1.859046967  9.296237041  -7.645491262 -0.3316377719   9.734588471 1776585345 1776585345
-7.221591624 -1.945577396  8.994825662  -7.191183495 -0.4638019185   9.152365068 1776585345 1776585345
-7.142047569 -2.077064805  8.760930198  -6.562882281 -0.5561045074   8.450898755 1776585345 1776585345
-6.732890404 -2.240282554  8.506190483   -5.84048041 -0.5840534469   7.702668073 1776585345 1776585345
-6.136234523 -2.363785777  8.374482376   -5.11916192 -0.5367110666   6.983958769 1776585345 1776585345
-5.226888135 -2.281458795  8.287831216  -4.481223229 -0.4321381637    6.38583871 1776585345 1776585345
-4.697463177 -2.185055435  8.296899456  -3.996217564 -0.2844903719   5.987541612 1776585345 1776585345
-4.337424395 -2.082986207  8.338478481  -3.719141105 -0.1273158193   5.838125386 1776585345 1776585345
-3.952450888 -1.903935317  8.471735353  -3.673931715 0.01636453995   5.959483124 1776585345 1776585345
-3.736435773 -1.722053076   8.67162258 -3.855751291 0.1171733703  6.336076117 1776585345 1776585345
-3.796059789 -1.498624558   9.01463644 -4.225560157 0.1603681276  6.924527806 1776585345 1776585345
-4.027607028 -1.375159436  9.240810926 -4.722672127 0.1502587883  7.651891346 1776585345 1776585345
-4.285878273 -1.343202936  9.396746718  -5.271297255 0.09649144522   8.425897641 1776585345 1776585345
-4.750173712 -1.378977923  9.563372555   -5.790513194 0.009611418623    9.148984441 1776585345 1776585345
-5.311312011 -1.519967892  9.681173577  -6.203569444 -0.0987098568   9.732969455 1776585345 1776585345
-6.040438374 -1.769896881  9.679163508  -6.454846793 -0.2128116844   10.10524354 1776585345 1776585345
-6.541179581 -2.050995954  9.529718825  -6.514774945 -0.3308033329   10.21905573 1776585345 1776585345
-6.887652028 -2.296754857  9.328850257  -6.372971358 -0.4372642571   10.07418422 1776585345 1776585345
-7.168455621 -2.520755883   9.01920717  -6.050003031 -0.5272027904   9.700568288 1776585345 1776585345
-7.281076194 -2.570888374  8.667118398  -5.593674592 -0.6104623914   9.152078534 1776585345 1776585345
-7.064592157 -2.541180632  8.304292761  -5.076017244 -0.6996570814   8.501303195 1776585345 1776585345
 -6.70922414 -2.469164769  8.126660613  -4.580305715 -0.7958265837   7.828986246 1776585345 1776585345
-6.347456461  -2.45163288  7.990208751   -4.17511929 -0.8928272174    7.22633131 1776585345 1776585345
-5.811031439 -2.382656175  7.893848437  -3.917515864 -0.9980499871   6.765915484 1776585345 1776585345
-5.186694497 -2.336253727  7.877845836 -3.838378774 -1.101644975  6.506395951 1776585345 1776585345
-4.488418921 -2.175792784   8.05029632 -3.943164416 -1.210938244  6.480481966 1776585345 1776585345
-4.247955972 -2.082299226  8.204724261 -4.213877149 -1.309980326  6.694835961 1776585345 1776585345
-4.121935046 -2.029607148  8.359151793 -4.619717113 -1.382960587   7.11515465 1776585345 1776585345
-4.173300253 -1.987679842  8.649017414 -5.110696906 -1.416794716  7.686683887 1776585346 1776585346
-4.451229611 -1.953384349  8.939743711 -5.634944324 -1.398502056  8.339178882 1776585346 1776585346
-5.069447933 -1.928487387  9.288718062 -6.138587674 -1.323814174   8.98799228 1776585346 1776585346
-5.645715969 -1.918953892  9.523596525 -6.577521757 -1.194319437  9.550452668 1776585346 1776585346
-6.157176043 -1.953271783  9.665155397 -6.918496988 -1.022397039  9.951486814 1776585346 1776585346
-6.682361421 -1.932962015  9.776642026    -7.1370029 -0.8120914105   10.15152303 1776585346 1776585346
-7.220031862 -1.777220564  9.813270371   -7.22714895 -0.5767457447    10.1209976 1776585346 1776585346
-7.687848087 -1.571979895  9.682707522  -7.184911667 -0.3483177411   9.856643139 1776585346 1776585346
-7.858375209 -1.378254246  9.441615701   -7.01916363 -0.1409653298    9.39263154 1776585346 1776585346
-7.793743224  -1.41519918  9.200936718 -6.755514784 0.0324455259  8.801242161 1776585346 1776585346
-7.503361362 -1.450031188  8.969183674 -6.424653866 0.1772943211  8.142434383 1776585346 1776585346
-6.888141405 -1.499500936  8.735265639 -6.055407177 0.2931752489  7.487476707 1776585346 1776585346
-5.990826655 -1.524633001  8.487627833 -5.661471542 0.3828119159  6.905433319 1776585346 1776585346
-5.219075629 -1.541266755  8.315452903 -5.250802389 0.4504946595  6.461749479 1776585346 1776585346
-4.655596964 -1.544954466  8.222417285 -4.832668885 0.4989897863  6.202798846 1776585346 1776585346
-4.112845437 -1.494191183  8.191382973 -4.425817694 0.5261025554  6.147256729 1776585346 1776585346
-3.643318566 -1.440613468  8.241716873 -4.058238031 0.5310051178  6.294089091 1776585346 1776585346
-3.387512665 -1.368539469   8.40196861 -3.760062371 0.5046602782  6.614364176 1776585346 1776585346
-3.481371724 -1.345037385  8.609411949 -3.567611097 0.4415931818  7.059827885 1776585346 1776585346
-3.790357735 -1.395821573  8.763391359 -3.515364998 0.3363482974  7.566162693 1776585346 1776585346
 -4.20379903 -1.477202416  8.875001698 -3.633231931 0.1835026469  8.063219637 1776585346 1776585346
-4.994235245 -1.634706953  8.962935636   -3.940281591 -0.01419155844    8.483531197 1776585346 1776585346
-6.280398983 -1.909861207  8.908582993  -4.437917938 -0.2450800613   8.772379364 1776585346 1776585346
-7.512908496 -2.093750528  8.746005216  -5.113253956 -0.4953645927    8.88884032 1776585346 1776585346
-8.400130849 -2.201097851  8.565072598  -5.920981183 -0.7256598965   8.821689121 1776585346 1776585346
-8.924253467 -2.344871842  8.411184376  -6.797864518 -0.9053209447   8.585601598 1776585346 1776585346
-9.554995663 -2.619171851  8.088661761 -7.673807995  -1.02200025  8.213750451 1776585346 1776585346
-10.18853495 -2.789896135  7.544707425 -8.474611745 -1.061852677  7.754624529 1776585346 1776585346
-10.30223342 -2.767672815  7.113431768  -9.13372764 -1.014474313  7.258526722 1776585346 1776585346
-10.19868127 -2.638098382  6.880159506  -9.596533883 -0.8734355304   6.781879989 1776585346 1776585346
-10.00735495 -2.465487991  6.723232619  -9.826055407 -0.6498918677   6.377733135 1776585346 1776585346
-9.552364588 -2.151318089  6.670391053 -9.805237584 -0.364761361  6.092849718 1776585346 1776585346
-8.763128697 -1.700864974  6.835864621   -9.542649496 -0.05003853372    5.956659537 1776585346 1776585346
-7.816619916 -1.234852258  7.269982143 -9.070184457 0.2593566515  5.979608437 1776585346 1776585346
-7.299182377 -1.022259791   7.58384772 -8.434087416 0.5218304061  6.155301191 1776585346 1776585346
 -6.906303847 -0.8724842025   7.849927373 -7.693305325 0.7070740765  6.460569568 1776585346 1776585346
-6.416977698 -0.779707258  8.233590012 -6.909459334 0.7938390907  6.861561972 1776585346 1776585346
 -5.858409405 -0.7895874315   8.710778009 -6.142754701 0.7754217689  7.315708369 1776585346 1776585346
 -5.449984949 -0.9505717736   9.054263716 -5.446264539 0.6595506149  7.779034017 1776585346 1776585346
-5.245715889 -1.138460605  9.203847462 -4.860814137 0.4682345141  8.211889835 1776585346 1776585346
-5.125602597 -1.307343014  9.275901873 -4.412189597 0.2288097439  8.579804628 1776585346 1776585346
-4.999628215 -1.576951625  9.302793933   -4.112995029 -0.02616664264    8.858394448 1776585346 1776585346
-4.887764119 -1.937956022  9.249520426  -3.962199308 -0.2663615367    9.03355733 1776585346 1776585346
-4.887023091 -2.216767763  9.116013559  -3.943714907 -0.4684286861   9.103510618 1776585346 1776585346
-4.925989896 -2.369337387  9.004032529  -4.040091612 -0.6141706104   9.073476858 1776585346 1776585346
-4.964899258 -2.455454714  8.920826362  -4.228437825 -0.6961073123   8.956168142 1776585346 1776585346
-5.057539939 -2.518258723  8.813042752  -4.483966462 -0.7163779245   8.770291354 1776585346 1776585346
-5.196033165 -2.517008996  8.705709396  -4.781314882 -0.6858352934   8.537873811 1776585346 1776585346
-5.354791132 -2.433571411  8.637143747  -5.096244744 -0.6207377406   8.282669036 1776585346 1776585346
-5.457459753 -2.370858056  8.606067445  -5.405248585 -0.5407919732   8.028766157 1776585347 1776585347
-5.543183937 -2.304606926  8.587342777  -5.686531208 -0.4634296835   7.799730285 1776585347 1776585347
-5.622346624 -2.192555634  8.591140624  -5.919850918 -0.4026585182   7.617073342 1776585347 1776585347
-5.677956646 -2.047797411  8.624908029  -6.088457504 -0.3671272771   7.497011869 1776585347 1776585347
 -5.69527163 -1.910247465  8.668796309  -6.181102905 -0.3581948531   7.450280883 1776585347 1776585347
-5.687467253 -1.851738519  8.695668547  -6.191839083 -0.3717422679   7.479896988 1776585347 1776585347
-5.671819275  -1.81883422  8.716991866 -6.121585918 -0.398887148  7.581617227 1776585347 1776585347
-5.643740325 -1.781475434  8.743118908  -5.979150117 -0.4288801773   7.742746131 1776585347 1776585347
-5.585050336  -1.76558448  8.779943656  -5.781128075 -0.4509823328   7.943120036 1776585347 1776585347
-5.537918224 -1.761833041   8.80554206  -5.550213511 -0.4574573136   8.157752027 1776585347 1776585347
  -5.5317284 -1.781681933  8.803013654  -5.313422395 -0.4436355208   8.359710355 1776585347 1776585347
-5.531620533 -1.800428063  8.798194323  -5.099849719 -0.4099284181   8.522478695 1776585347 1776585347
-5.535859097 -1.831087466  8.789403197  -4.936414905 -0.3607467206   8.624610535 1776585347 1776585347
-5.521545298 -1.872596377  8.791403173  -4.844693386 -0.3037445631    8.65224915 1776585347 1776585347
-5.521342967 -1.892263991  8.789234076  -4.837567708 -0.2480151026   8.601650126 1776585347 1776585347
-5.524767028 -1.912377859  8.783058053  -4.917821165 -0.2023222656   8.479308902 1776585347 1776585347
-5.539327074 -1.937844169   8.76797958  -5.077125322 -0.1735511364    8.30146839 1776585347 1776585347
 -5.54506034 -1.942447532  8.761555064 -5.296556502 -0.165344671  8.092415802 1776585347 1776585347
-5.538402857 -1.926925249  8.765176459  -5.549099833 -0.1779163718   7.880658803 1776585347 1776585347
-5.550211736 -1.875960202  8.764104047  -5.803475759 -0.2079824915   7.694963403 1776585347 1776585347
-5.546480502 -1.853567909  8.768459832  -6.027203275 -0.2502303499   7.560438843 1776585347 1776585347
 -5.55666422 -1.830798684  8.764892856  -6.192007671 -0.2976073869   7.495091798 1776585347 1776585347
-5.566537795 -1.817023152   8.75990715  -6.276581404 -0.3432831534   7.507483787 1776585347 1776585347
-5.555605082 -1.806822729   8.76781287  -6.270171636 -0.3812504188   7.595522105 1776585347 1776585347
-5.538231379 -1.787309207  8.782714325  -6.173623835 -0.4073582865    7.74691208 1776585347 1776585347
-5.535013006 -1.795662744  8.783277064  -5.998892091 -0.4196801254   7.941312056 1776585347 1776585347
-5.536518599 -1.822646407  8.777128857  -5.767305052 -0.4181656783   8.153532282 1776585347 1776585347
-5.545939422 -1.853651212  8.765109554   -5.50667332 -0.4044847333   8.356899455 1776585347 1776585347
-5.537466712 -1.876474668  8.766391222  -5.247691253 -0.3815237323   8.526791876 1776585347 1776585347
-5.542524042 -1.882767279  8.763384262  -5.019606332 -0.3526003353   8.644368346 1776585347 1776585347
-5.548624535 -1.905217931  8.756083093  -4.847270219 -0.3206409276   8.698559035 1776585347 1776585347
-5.553873003 -1.920315391  8.750859707   -4.74804953 -0.2889024885    8.68666806 1776585347 1776585347
-5.555435174 -1.920504793  8.751634317  -4.730339477 -0.2600662826   8.614543141 1776585347 1776585347
-5.536471975 -1.917607278  8.766973626  -4.793397103 -0.2363614328   8.495097407 1776585347 1776585347
-5.540919545  -1.88012278  8.774071944  -4.927461296 -0.2198464226   8.345822949 1776585347 1776585347
-5.529329854 -1.867337047  8.784057928 -5.116049088 -0.212252183  8.186676022 1776585347 1776585347
-5.537726619 -1.858100367  8.779702038   -5.33794426 -0.2149334404   8.036072295 1776585347 1776585347
 -5.55247163 -1.848478354  8.769798308    -5.5697995 -0.2286266109   7.909482464 1776585347 1776585347
-5.555681972 -1.853746825  8.760544312  -5.788254775 -0.2531885903   7.817796217 1776585347 1776585347
-5.550322267 -1.829346457  8.759888708 -5.972315367 -0.286609878  7.766212537 1776585347 1776585347
-5.559390395 -1.828586753  8.747700144  -6.105321614 -0.3261266972   7.754452135 1776585347 1776585347
-5.554436257 -1.838959478  8.744231794  -6.175710934 -0.3673293042    7.77791785 1776585347 1776585347
-5.569897718   -1.8402903  8.730323966   -6.17816968 -0.4049584591    7.82893765 1776585347 1776585347
-5.567486535 -1.867336893   8.72388273  -6.113233478 -0.4334665127   7.898119764 1776585347 1776585347
 -5.56421908 -1.851189088  8.733796855  -5.988297992 -0.4482908468   7.976574113 1776585347 1776585347
-5.564426174 -1.860567956  8.738001317  -5.815620325 -0.4457734066   8.055220445 1776585347 1776585347
 -5.56523139 -1.873293464  8.741662356 -5.612393604 -0.424801361  8.127424074 1776585347 1776585347
-5.554111547 -1.880390841  8.756387742  -5.398608224 -0.3866597767   8.188527109 1776585347 1776585347
-5.525121906 -1.902741018  8.783831915  -5.196041223 -0.3352625432   8.235184083 1776585347 1776585347
-5.505108937 -1.903117622  8.807788296  -5.025788834 -0.2770694973   8.265886301 1776585347 1776585347
-5.504916224   -1.9135512   8.80799116  -4.906455804 -0.2195203099   8.279621138 1776585348 1776585348
-5.507369049 -1.915752912   8.80670359  -4.851902785 -0.1707459851   8.276204502 1776585348 1776585348
-5.509182088 -1.908285846   8.80318864  -4.869343083 -0.1377779695   8.256207686 1776585348 1776585348
-5.510265182 -1.904137808  8.794256113   -4.95833423 -0.1258351465   8.221156647 1776585348 1776585348
-5.520267603 -1.880105297  8.775317582  -5.109996592 -0.1374281595   8.173684563 1776585348 1776585348
-5.529478225 -1.856499379  8.760666863   -5.30755149 -0.1718525782     8.1182694 1776585348 1776585348
-5.539441145 -1.842864631  8.748142468  -5.528056199 -0.2253625771   8.061045845 1776585348 1776585348
-5.541338404 -1.832316509  8.741074952  -5.745333819 -0.2919100129   8.009102197 1776585348 1776585348
-5.537388569 -1.827688476   8.73736325  -5.932540921 -0.3635103357   7.970192471 1776585348 1776585348
-5.510869827 -1.813677794  8.757017953  -6.065907232 -0.4312416454   7.951536243 1776585348 1776585348
-5.494742123 -1.814927213  8.771418727  -6.128330025 -0.4866584913   7.958248095 1776585348 1776585348
-5.489130582 -1.850149149  8.772495664  -6.111670634 -0.5226039375   7.992167139 1776585348 1776585348
-5.491029814 -1.869854498  8.774269496  -6.018300395 -0.5336696613   8.051398783 1776585348 1776585348
-5.492676834 -1.897226458  8.777494927  -5.860935015 -0.5174269136   8.129424392 1776585348 1776585348
-5.492885154 -1.905610212  8.786923399  -5.661380435 -0.4743616296   8.215855763 1776585348 1776585348
-5.513289478 -1.914020123  8.778140298  -5.447500831 -0.4079712258   8.297396912 1776585348 1776585348
-5.533340305 -1.899516696  8.771363949  -5.248977387 -0.3245261534   8.360568547 1776585348 1776585348
-5.563328573 -1.885685692  8.756833747 -5.093116861  -0.23245141  8.393535742 1776585348 1776585348
-5.589229241 -1.859971369  8.745807256  -5.000865606 -0.1418399001   8.388571363 1776585348 1776585348
-5.619666447 -1.794812047  8.738374519   -4.983033765 -0.06351703888    8.343750367 1776585348 1776585348
-5.646039113 -1.775469739  8.723802233     -5.03896159 -0.007788328706     8.264358523 1776585348 1776585348
-5.660053458 -1.743321877  8.719906861  -5.155925195 0.01680763802   8.161189049 1776585348 1776585348
-5.653654282 -1.727020323  8.725920588   -5.311935068 0.004145207454    8.050573981 1776585348 1776585348
-5.592686225 -1.716211882   8.76607437   -5.478033485 -0.04784286111     7.95092281 1776585348 1776585348
-5.429814772 -1.764294624  8.860619206  -5.623476377 -0.1371539016   7.880439031 1776585348 1776585348
-5.270221638 -1.833103557  8.949599418  -5.719800584 -0.2562976538      7.853131 1776585348 1776585348
-5.169807369 -1.895887511  9.003234915  -5.746785927 -0.3940207732   7.876647119 1776585348 1776585348
-5.059508372 -1.958972201   9.06464156   -5.69525766 -0.5359903184   7.951071916 1776585348 1776585348
-4.893080566 -2.062696661  9.155108636  -5.568818703 -0.6661669497   8.068235061 1776585348 1776585348
-4.752081359 -2.129076396   9.23732317  -5.383521691 -0.7687268013   8.213665903 1776585348 1776585348
-4.704988546 -2.164326254  9.262245813  -5.166200496 -0.8298683805   8.366188684 1776585348 1776585348
-4.703965707 -2.186422164  9.258539152    -4.9501196 -0.8404660663   8.504373873 1776585348 1776585348
-4.759014848 -2.173708023  9.226624426  -4.769102571 -0.7974544017   8.610359615 1776585348 1776585348
-4.892987177 -2.056749485  9.166554508 -4.652886909 -0.704931904  8.672147981 1776585348 1776585348
-5.101629267 -1.847940173  9.075487046   -4.62146835 -0.5719705024   8.682474696 1776585348 1776585348
-5.267290524 -1.667962586  9.006266577  -4.683519268 -0.4142594783   8.642247979 1776585348 1776585348
-5.387744656 -1.556798919  8.954292455 -4.832471167 -0.251538271   8.56254003 1776585348 1776585348
-5.502006329 -1.471928512  8.904406835  -5.050425581 -0.1062010578   8.459591299 1776585348 1776585348
-5.576699001 -1.405363118   8.87964253   -5.308749456 0.001071407638    8.352824517 1776585348 1776585348
-5.620609602 -1.383112213  8.865927944  -5.573510916 0.05447310748   8.259944934 1776585348 1776585348
-5.592776863 -1.438970627  8.871144646  -5.810135924 0.04421827069   8.195140669 1776585348 1776585348
-5.572008195 -1.515925651  8.861661902   -5.989641113 -0.03131098888    8.165741359 1776585348 1776585348
-5.528144123 -1.633692228  8.850576783  -6.090914618 -0.1649432869    8.17329264 1776585348 1776585348
-5.457289996 -1.807998492  8.827643341  -6.105314392 -0.3408968206   8.210801706 1776585348 1776585348
-5.328765047 -2.015250092  8.808940056  -6.035290164 -0.5366674748   8.266843412 1776585348 1776585348
-5.231856358 -2.199982009  8.761655252  -5.896559216 -0.7263324569   8.323503757 1776585348 1776585348
-5.185377457 -2.280223566  8.727951462  -5.711754646 -0.8827076527   8.363638406 1776585348 1776585348
 -5.16351358 -2.331372067   8.69054901 -5.508885802 -0.982099937  8.371040278 1776585348 1776585348
-5.151672729 -2.323949309  8.651524933 -5.315905262  -1.00707088  8.335181571 1776585348 1776585348
-5.145881699 -2.231615306  8.629957733  -5.157117888 -0.9493425682   8.251627061 1776585348 1776585348
-5.191521548 -2.087908365  8.609086504  -5.051198779 -0.8115487819   8.124172838 1776585349 1776585349
-5.243831001 -1.972745403  8.596545104  -5.008517803 -0.6074104639   7.964396514 1776585349 1776585349
-5.312293977 -1.878634598   8.57688754  -5.030417665 -0.3595096845    7.79076205 1776585349 1776585349
-5.407492061  -1.73366833  8.564711993  -5.111624569 -0.0985846327   7.625058124 1776585349 1776585349
 -5.52591943 -1.609669121  8.553895101 -5.241095338 0.1433916702  7.490202944 1776585349 1776585349
-5.664288378 -1.539038875  8.536504423 -5.403283117 0.3344922407  7.407083029 1776585349 1776585349
 -5.73508805 -1.530886946  8.526976345 -5.580855092 0.4493340386  7.391031608 1776585349 1776585349
-5.812252054 -1.535279682  8.510942132 -5.755764563  0.472114392  7.448952138 1776585349 1776585349
-5.888720641 -1.579966312  8.513632375 -5.911521026 0.3992171563  7.578824008 1776585349 1776585349
-5.927400903 -1.673142052  8.542992173  -6.03150836 0.2400826734  7.769265821 1776585349 1776585349
-5.876647236 -1.764631013  8.623260521  -6.100510597 0.01677969561   8.000852993 1776585349 1776585349
-5.821443406 -1.841230163  8.672922915   -6.10735214 -0.2402977408   8.248628065 1776585349 1776585349
-5.741025105 -1.895645674  8.732626251  -6.044403763 -0.4953571441   8.485265465 1776585349 1776585349
-5.616938603 -1.969116291  8.805126754  -5.908506828 -0.7137521295   8.684839582 1776585349 1776585349
-5.395237314 -2.038611967  8.924588218  -5.703073707 -0.8652952631   8.827886707 1776585349 1776585349
-5.141735151 -2.070337919  9.049257057  -5.440804227 -0.9307716037   8.901579855 1776585349 1776585349
-5.024762032 -2.071270478  9.104470646  -5.139930776 -0.9037710568    8.90065052 1776585349 1776585349
-4.960197333 -2.069234478  9.133594444  -4.823534438 -0.7898394203   8.831399727 1776585349 1776585349
-4.903100887 -2.045310941  9.164293603  -4.521885886 -0.6070484399   8.708127115 1776585349 1776585349
-4.901327339 -1.983978652  9.180572278  -4.267258237 -0.3813422825   8.550843838 1776585349 1776585349
-5.017591584 -1.924769744  9.146054741  -4.093474783 -0.1421631486   8.384273975 1776585349 1776585349
-5.142477477 -1.932829038  9.092493234  -4.030964412 0.07972220566   8.235170451 1776585349 1776585349
-5.262295657 -1.931780122  9.040720178 -4.095034636 0.2551677277  8.120040527 1776585349 1776585349
-5.449571332 -1.860893567  8.969610195 -4.291142083 0.3657608607  8.046612162 1776585349 1776585349
-5.704368617 -1.731841652  8.869719877  -4.60918538 0.4038963479  8.016628118 1776585349 1776585349
-5.974839297 -1.528006726  8.757590129 -5.017500672 0.3746464238  8.023431231 1776585349 1776585349
-6.115230999 -1.422467861  8.689166357 -5.475212996 0.2917044451  8.058833118 1776585349 1776585349
-6.213281309 -1.346777805  8.635928002 -5.935767946 0.1744386275   8.10328421 1776585349 1776585349
-6.298355882 -1.270015684  8.582819648  -6.349321646 0.04397023044   8.140193363 1776585349 1776585349
-6.347463877  -1.19326481  8.538851195   -6.670809215 -0.08125265291     8.15393977 1776585349 1776585349
-6.299422915 -1.200580955  8.532222031  -6.863615832 -0.1878623562   8.134683592 1776585349 1776585349
-6.256492905 -1.265675977   8.51663724  -6.906169733 -0.2694996385   8.076892039 1776585349 1776585349
-6.204607496  -1.32766987  8.507850018  -6.793026622 -0.3242272401   7.987180265 1776585349 1776585349
-6.073573989 -1.453399157  8.508558576  -6.536289158 -0.3560812001   7.878535915 1776585349 1776585349
-5.786723224 -1.654009933  8.530537279  -6.165798263 -0.3715989561   7.770386551 1776585349 1776585349
-5.434278946 -1.834108857  8.562694165  -5.723909005 -0.3780303214   7.685114506 1776585349 1776585349
-5.194024183 -1.948413457  8.580757445  -5.259491918 -0.3802211385   7.644145977 1776585349 1776585349
-5.000464753 -2.037747678  8.599107599  -4.822210776 -0.3796045146   7.664383204 1776585349 1776585349
-4.799912484 -2.111487119  8.632411796   -4.45597708 -0.3746677916   7.754857867 1776585349 1776585349
-4.535701255 -2.141816322  8.736840038  -4.194833358 -0.3623716867    7.91294323 1776585349 1776585349
-4.420707153 -2.070426364  8.887268895  -4.057120795 -0.3389043802    8.12760021 1776585349 1776585349
 -4.44383745 -1.957688647  9.008345255  -4.047460956 -0.3013960955   8.377740131 1776585349 1776585349
-4.509676569 -1.866269686  9.090440441  -4.156112866 -0.2500364623   8.635711431 1776585349 1776585349
-4.642555667 -1.791103102  9.171944805  -4.361850114 -0.1916637929   8.869687547 1776585349 1776585349
-4.939342953 -1.696505991  9.268786274  -4.636177407 -0.1388133765   9.049436278 1776585349 1776585349
-5.350764602 -1.700212911  9.252436116  -4.946893616 -0.1067093358   9.149984815 1776585349 1776585349
-5.635626132 -1.737669353  9.163044396  -5.264868269 -0.1118027683   9.154885125 1776585349 1776585349
-5.827792419 -1.811857727  9.074315815  -5.563155764 -0.1666638515   9.058749182 1776585349 1776585349
-6.055137772 -1.921320456  8.918219887  -5.821311247 -0.2773925158   8.869621844 1776585349 1776585349
-6.263215318 -2.085762653  8.707092641  -6.025463414 -0.4406488568    8.60551061 1776585349 1776585349
-6.368092164 -2.325231184  8.461148724  -6.168228224 -0.6429230324    8.29347592 1776585350 1776585350
-6.362360828  -2.42778193  8.359428313  -6.246734967 -0.8617683268   7.966529648 1776585350 1776585350
-6.341326418 -2.543819846  8.283718573 -6.261079196 -1.069438119  7.658668987 1776585350 1776585350
-6.255458374 -2.634168033  8.246635961 -6.212540196 -1.236116212  7.399619891 1776585350 1776585350
-6.033536283 -2.668665388  8.272959876 -6.104349799 -1.335263818  7.213065779 1776585350 1776585350
-5.706024775 -2.512072021  8.401710561 -5.942885795 -1.347401213  7.113878834 1776585350 1776585350
-5.453221985 -2.389193698  8.500733871 -5.740489536 -1.264131579    7.1049178 1776585350 1776585350
-5.27815328 -2.27095058 8.571486937 -5.514259138 -1.088869779  7.184722018 1776585350 1776585350
-5.105736196  -2.07940879  8.648049375 -5.284392803 -0.838498942  7.343562954 1776585350 1776585350
-4.859855249 -1.726165045  8.757000881 -5.073968773 -0.540530182  7.563819727 1776585350 1776585350
-4.601542013 -1.365041276  8.858905921  -4.904252636 -0.2273862135     7.8231212 1776585350 1776585350
-4.525876902 -1.223412874  8.883906639  -4.793331596 0.06775124737   8.098132524 1776585350 1776585350
-4.502057458 -1.171326603  8.891617793 -4.753038096 0.3165329538  8.366000461 1776585350 1776585350
-4.526404576 -1.152042488  8.892644628 -4.787267601 0.4970254236  8.607427769 1776585350 1776585350
-4.683056152  -1.26818477   8.88679644 -4.890530194 0.5981163088  8.806812063 1776585350 1776585350
-4.91557162 -1.47190198 8.887074811 -5.049143341 0.6172447124   8.95433104 1776585350 1776585350
-5.098752179 -1.681233291  8.885129927  -5.24112833 0.5594437961  9.048070436 1776585350 1776585350
-5.24871046 -1.84379791 8.885965984  -5.44319648 0.4376907519  9.083756333 1776585350 1776585350
-5.446411856 -2.023185254  8.868529421 -5.634847695 0.2684127035  9.062065535 1776585350 1776585350
-5.681363363 -2.251953665  8.851488746  -5.798451634 0.06975054942   8.990790993 1776585350 1776585350
-5.901242052  -2.37793171  8.787163276  -5.927553632 -0.1359277064   8.871319912 1776585350 1776585350
-6.024127148 -2.295896128   8.71815587  -6.023574267 -0.3272371152    8.70928211 1776585350 1776585350
-6.09837225 -2.27126547 8.648570824 -6.094817418 -0.501667356  8.526366229 1776585350 1776585350
-6.161261712 -2.207945926  8.548260921  -6.151034422 -0.6420356394    8.33071691 1776585350 1776585350
-6.180301706 -2.121423892  8.427666043  -6.202569982 -0.7405337798   8.133248316 1776585350 1776585350
-6.163206074 -1.960837152  8.318502553  -6.253955369 -0.7898100599   7.941336406 1776585350 1776585350
-6.142327394 -1.939376935  8.286643431  -6.301160447 -0.7880916522    7.76133948 1776585350 1776585350
 -6.1280786 -1.88050585   8.2837322   -6.33131389 -0.7409101696    7.60021161 1776585350 1776585350
-6.088617734 -1.804262072  8.313956004  -6.321405344 -0.6552658887   7.463523674 1776585350 1776585350
-6.00262738 -1.75847322 8.373731762   -6.24406709 -0.5401837367   7.356377295 1776585350 1776585350
-5.741650044 -1.762117075  8.498216464  -6.076419551 -0.4089713065   7.284408844 1776585350 1776585350
 -5.56006075 -1.774737297  8.549971992  -5.807924059 -0.2773536083   7.252840583 1776585350 1776585350
-5.464188784 -1.821441936  8.554865653 -5.445257726 -0.158044374  7.262341167 1776585350 1776585350
-5.309082034 -1.853846365  8.564930413  -5.015346534 -0.0638031968   7.315941913 1776585350 1776585350
-5.015084314 -1.940871544  8.596827716    -4.564049288 9.018014949e-05     7.411388171 1776585350 1776585350
-4.607045484 -1.980661616  8.686029487  -4.151478121 0.02936899006    7.54638991 1776585350 1776585350
-4.405569559 -1.955782836  8.799394385  -3.840009593 0.02724389538   7.714599547 1776585350 1776585350
-4.353233257  -1.94193252  8.850389405   -3.683373883 0.002073168614    7.907360107 1776585350 1776585350
-4.355906304 -1.902298335  8.928866808   -3.715267787 -0.03453107893    8.114677677 1776585350 1776585350
-4.458101983 -1.833003423  9.093192626   -3.943570992 -0.07003934696    8.323029687 1776585350 1776585350
-4.795397017 -1.739139203  9.325549319   -4.344446444 -0.09490079774    8.519685077 1776585350 1776585350
-5.202748026  -1.67275442  9.515993214  -4.867727105 -0.1047416518    8.69036877 1776585350 1776585350
-5.418555367 -1.657558218  9.588931551  -5.442401354 -0.1007258604   8.824050419 1776585350 1776585350
-5.625401514 -1.652041543  9.604163353   -5.990843332 -0.09177163478    8.910838595 1776585350 1776585350
-5.809240109 -1.678616108  9.585903595   -6.441641211 -0.09216496049    8.944967758 1776585350 1776585350
-5.983056443 -1.760145781  9.456816758  -6.741247793 -0.1187410354   8.925310258 1776585350 1776585350
-6.014804268 -1.910067526  9.158871657  -6.863452377 -0.1868816356     8.8552127 1776585350 1776585350
-5.999855513 -1.993375597  8.964174913    -6.8125647 -0.3085526801   8.743437646 1776585350 1776585350
-5.986707777 -2.075754778  8.761466803  -6.620100289 -0.4844368731   8.602157516 1776585350 1776585350
-5.931853567 -2.160777257  8.572102201  -6.335401647 -0.7027772788   8.447574811 1776585350 1776585350
-5.837283231  -2.29473375  8.314319097  -6.016852774 -0.9390172946   8.293377481 1776585350 1776585350
-5.727971727 -2.370630296  8.161459744 -5.716690072 -1.159567763  8.151571542 1776585351 1776585351
-5.688050337  -2.39010375  8.162595031 -5.471168696 -1.325886482   8.02865886 1776585351 1776585351
-5.659188102 -2.385293992  8.183703689 -5.293375402 -1.401195915  7.928520237 1776585351 1776585351
-5.587498827 -2.331243131  8.281069885 -5.170492667 -1.359128674  7.850845628 1776585351 1776585351
 -5.40843942 -2.160215759  8.508645775 -5.071987008 -1.186940993  7.793214039 1776585351 1776585351
-5.076612183 -1.881165125  8.809160604  -4.959023537 -0.8905852591   7.754222904 1776585351 1776585351
-4.877067799 -1.766575381  8.938889238   -4.79410005 -0.4958249212   7.730310852 1776585351 1776585351
-4.703971303 -1.651300971  9.040769224   -4.551998328 -0.04538415169    7.723867087 1776585351 1776585351
-4.419979718 -1.554700465  9.165508311 -4.233340829 0.4069307365  7.737333934 1776585351 1776585351
-4.007256445 -1.472829045  9.321087578 -3.867517276 0.8002297817  7.779456671 1776585351 1776585351
-3.761784551 -1.497889026  9.431122859 -3.511371145  1.077958005  7.858815279 1776585351 1776585351
-3.789363167 -1.530113304  9.462084697 -3.237028233  1.200688138  7.989008555 1776585351 1776585351
-3.859610499  -1.56222562  9.483837399 -3.123467039  1.145897702  8.175955477 1776585351 1776585351
-4.119622807 -1.646821576  9.496947101 -3.234716722 0.9176856837  8.422489956 1776585351 1776585351
-4.718831473 -1.728359568  9.500871265 -3.600702744 0.5361208759  8.718206968 1776585351 1776585351
-5.780874383 -1.828862114  9.450298885  -4.213639335 0.04937144213   9.047834824 1776585351 1776585351
-6.195805155 -1.907117544  9.423422572  -5.009191643 -0.4888085454   9.381668219 1776585351 1776585351
-6.510916365  -1.92975191   9.39177916 -5.891529575  -1.00649988  9.675515733 1776585351 1776585351
-6.912758035 -1.880251947  9.305986541 -6.742199916 -1.431694057  9.886241991 1776585351 1776585351
-7.296103171 -1.759269839  9.094889502 -7.440543637 -1.700837138  9.968098509 1776585351 1776585351
-7.109502633  -1.75565636  8.689583254 -7.873403617  -1.80233103  9.889110875 1776585351 1776585351
-6.831333228 -1.830938907  8.446120896 -7.968847233 -1.717682744  9.630089398 1776585351 1776585351
-6.586595448 -1.856743577  8.260143469 -7.691556048 -1.442301528  9.218017179 1776585351 1776585351
-6.008717877 -1.846012953  8.057719011 -7.059375339 -1.024782541  8.700392747 1776585351 1776585351
-5.087911598 -1.820933852  7.874945189  -6.149098014 -0.5348481031   8.137628936 1776585351 1776585351
-3.984604634  -1.78935362  7.860963021   -5.080724892 -0.04852177705     7.60216538 1776585351 1776585351
-3.572321444 -1.739511561    7.9526961 -4.002198521 0.3593485475  7.165654492 1776585351 1776585351
-3.380418399    -1.696973  8.034064384 -3.061904793 0.6229592832  6.885760262 1776585351 1776585351
-3.318739887 -1.633595791  8.219363392 -2.389260216 0.7029652494  6.797004866 1776585351 1776585351
-3.495559159 -1.608709062  8.526557212 -2.072982436 0.6071766431  6.905139111 1776585351 1776585351
-4.247333894 -1.647548735  8.950766491 -2.149390707 0.3573369606  7.180987124 1776585351 1776585351
-4.755635459 -1.695593896  9.130070916  -2.580424786 0.01784527227   7.587870495 1776585351 1776585351
-5.127213492 -1.749449194  9.229086952  -3.285530072 -0.3407356632   8.057826304 1776585351 1776585351
-5.630427555  -1.75898536  9.297970417   -4.14862666 -0.6462223883   8.516384823 1776585351 1776585351
-6.041735512  -1.81287554  9.357143434  -5.041625135 -0.8024414257   8.882668159 1776585351 1776585351
-6.156538824 -1.790427612  9.160339065  -5.826707894 -0.7618124623   9.118847129 1776585351 1776585351
-5.984429083 -1.731181836  8.993142415  -6.406825492 -0.4971716143   9.191898672 1776585351 1776585351
-5.855488619 -1.698138966  8.827584472   -6.737481027 -0.02604638961    9.089669092 1776585351 1776585351
-5.655725676 -1.538147568  8.515958244 -6.815985307 0.6077263331   8.82401557 1776585351 1776585351
-5.272410167 -1.339704336  8.175931583 -6.678498786   1.31115908  8.466125888 1776585351 1776585351
-4.975192616 -1.002994729  7.899636717 -6.389346827  1.989493949  8.079718852 1776585351 1776585351
 -5.028701649 -0.8522128734   7.867781314 -6.033314321  2.536536495  7.730424462 1776585351 1776585351
 -5.137645278 -0.7784774958   7.868019413 -5.675544313     2.866993  7.470788196 1776585351 1776585351
 -5.499800617 -0.6596201512   7.937302959 -5.367541768  2.916487335  7.328154095 1776585351 1776585351
 -6.138390017 -0.6641629876   8.140184083 -5.171317986  2.638300564   7.33403955 1776585351 1776585351
 -7.179072803 -0.9867218528   8.528997749 -5.090562755  2.054449465  7.457447162 1776585351 1776585351
-7.603518538  -1.25150927  8.759479746 -5.097612377  1.227327326  7.631952583 1776585351 1776585351
 -7.83771349 -1.386353026  8.866272667 -5.166670868 0.2467773031  7.829165159 1776585351 1776585351
-8.026857685 -1.554257749  8.882003237  -5.286475645 -0.7794952884   8.009824855 1776585351 1776585351
-7.954101078  -1.80992412  8.866451837 -5.439594186 -1.729803482  8.138296897 1776585351 1776585351
-7.135310387 -2.147240825  8.787152605 -5.612284895  -2.49151308  8.179253851 1776585352 1776585352
-6.267507485 -2.243069699  8.715517751 -5.800534787  -2.98614701  8.134695217 1776585352 1776585352
-5.682650451  -2.32474556  8.654788941  -6.01122486 -3.175965358  7.998587569 1776585352 1776585352
-5.103454681 -2.337423495  8.597419347 -6.237347867 -3.063956316  7.854287763 1776585352 1776585352
-4.349109598 -2.288281734  8.616049928 -6.449609333 -2.688059992  7.755348047 1776585352 1776585352
-3.696767263 -2.034062531  8.804426367 -6.634655719 -2.126646209  7.775679919 1776585352 1776585352
-3.682330207 -1.826921928  9.008404831 -6.767222633  -1.47272768  7.943089572 1776585352 1776585352
-3.858060263 -1.673606458     9.164137  -6.809448398 -0.8253767689   8.241252797 1776585352 1776585352
-4.290850242 -1.563856521  9.291755889  -6.735407406 -0.2798211493   8.616456629 1776585352 1776585352
-4.880245642  -1.52583661  9.427444336  -6.513397885 0.09189954519   9.013473948 1776585352 1776585352
-5.785343841 -1.687309264  9.524105756 -6.144275833 0.2493662779  9.354195491 1776585352 1776585352
-6.368014938 -2.025774804  9.411107645 -5.649786146 0.1944693357   9.56160606 1776585352 1776585352
-6.626745225 -2.353720997  9.208439674   -5.064654044 -0.02909584633    9.583275035 1776585352 1776585352
-6.759261803 -2.532987493  8.981907002  -4.437237848 -0.3567997163   9.400295871 1776585352 1776585352
 -6.66747706 -2.591471228  8.685583672  -3.848007207 -0.7390213195   9.036384928 1776585352 1776585352
-6.012906875 -2.735721455  8.315795878 -3.391942107 -1.100953431  8.542652726 1776585352 1776585352
-5.173440843 -2.774843457  8.080090814 -3.142929858 -1.374223172  7.995612029 1776585352 1776585352
-4.715668874  -2.80017519  8.009951062 -3.148606638  -1.50425113  7.490013679 1776585352 1776585352
-4.316504366 -2.831621452   7.95795253 -3.420639307 -1.481327441  7.129985807 1776585352 1776585352
-3.900022434 -2.759509358  8.044611672 -3.943607267 -1.328335799  6.990627627 1776585352 1776585352
 -3.69320002 -2.615825382  8.350321015 -4.657664078 -1.079962609  7.113961436 1776585352 1776585352
-4.087863766 -2.402942654  8.895425259  -5.471444846 -0.7891522324   7.502220084 1776585352 1776585352
-4.437772319 -2.339971094  9.176127662  -6.285654008 -0.5075873131   8.094034706 1776585352 1776585352
-4.986447749 -2.277485535  9.412308943  -7.008983491 -0.2742966497   8.776633039 1776585352 1776585352
-5.719607842 -2.219011674  9.673176214  -7.539993432 -0.1193541171   9.438157077 1776585352 1776585352
-6.423323657 -2.146834175  9.919809769   -7.799460396 -0.04638374897    9.970183653 1776585352 1776585352
 -7.16667658 -1.808888117   9.93255214   -7.772456798 -0.01492501312    10.25014175 1776585352 1776585352
-7.353972451 -1.539889729  9.731014266   -7.462759093 -0.04123223741    10.22263032 1776585352 1776585352
 -7.39744789 -1.427656026  9.471086286   -6.90035934 -0.1123865258   9.895826468 1776585352 1776585352
-7.056617959 -1.338333942  9.044987452  -6.156378575 -0.1799689461   9.317979634 1776585352 1776585352
-6.335850475 -1.241002283  8.601281847  -5.338062945 -0.2040782507   8.566880198 1776585352 1776585352
-5.208584565 -1.099612437  8.074549213  -4.562939343 -0.1686057587   7.747913251 1776585352 1776585352
-4.692717842 -1.092872283  7.874514525   -3.935140229 -0.08210374863    6.984153417 1776585352 1776585352
-4.419777198 -1.036153957  7.763861771  -3.533740679 0.01601913468   6.389214272 1776585352 1776585352
-4.249977397 -1.061839891  7.754243224 -3.412567626 0.1214175024  6.039068064 1776585352 1776585352
-4.325963053 -1.205486726  7.948747172 -3.589872243 0.2121595358  5.962585912 1776585352 1776585352
-5.160522061 -1.532615758  8.442279913  -4.01480788 0.2596539901  6.173425852 1776585352 1776585352
-5.910115245 -1.728872301  8.823182091 -4.616183849 0.2534819157  6.625000144 1776585352 1776585352
-6.569032428 -1.840089793  9.072322914 -5.297345898 0.1940413642   7.23844249 1776585352 1776585352
-7.302510158 -1.964644737  9.328561152  -5.959628233 0.08907442233   7.907143187 1776585352 1776585352
-8.034495477 -2.258759332  9.539066886   -6.501347146 -0.05760038087    8.530048798 1776585352 1776585352
-8.222183847 -2.146915246  9.534040876  -6.845016086 -0.2167970724    9.02471424 1776585352 1776585352
-7.942985962 -1.927734458  9.396261708   -6.94555428 -0.3681526986   9.332700786 1776585352 1776585352
-7.659340242 -1.771942244  9.235009173  -6.79569612 -0.499420818  9.431643126 1776585352 1776585352
-6.895307954 -1.550818153  8.945169926   -6.42581935 -0.5951242769   9.339904505 1776585352 1776585352
-5.789718104 -1.339131928  8.609297807   -5.90444402 -0.6463391689   9.101976529 1776585352 1776585352
-4.103167939 -1.087445857  8.259655042  -5.326071978 -0.6475884682   8.778883722 1776585352 1776585352
 -3.23254334 -1.014869885  8.165145937  -4.794290587 -0.6040556252   8.434223058 1776585352 1776585352
-2.851932271 -1.007167478  8.166045062  -4.401630039 -0.5253314861   8.125845027 1776585352 1776585352
-2.696933613 -1.052922685  8.273722495  -4.214981238 -0.4253206281   7.892849523 1776585352 1776585352
-2.958336712 -1.231973968  8.591069696  -4.271383672 -0.3170321671    7.75035074 1776585353 1776585353
 -3.99370629 -1.541671785  9.113359777  -4.557714495 -0.2156230552   7.692664961 1776585353 1776585353
-4.754096558 -1.795703958  9.378007432  -5.021140193 -0.1325422987   7.700279773 1776585353 1776585353
-5.354871471 -1.953485615   9.52552335   -5.577156239 -0.07713206999    7.735243695 1776585353 1776585353
-6.145811246 -2.148897014  9.658686551   -6.128799713 -0.05290566582     7.76651085 1776585353 1776585353
 -6.97020032 -2.308712709  9.717712283   -6.576792552 -0.05708088688    7.772373898 1776585353 1776585353
-7.320686447 -2.363277114  9.430500363   -6.845514901 -0.08559659317    7.743233288 1776585353 1776585353
-7.175447292 -2.404283847  9.184143304  -6.890452289 -0.1354122477   7.685030391 1776585353 1776585353
  -7.0386978 -2.396945824  8.919671881  -6.714026667 -0.1931356572   7.619075009 1776585353 1776585353
-6.591642838 -2.356368887  8.485476931 -6.351279077 -0.253439503  7.578241606 1776585353 1776585353
-5.831794778 -2.337172814  8.078317981 -5.868551379 -0.309982677  7.592951866 1776585353 1776585353
-4.828008673 -2.221034753  7.907681459  -5.360783058 -0.3594244971   7.688269453 1776585353 1776585353
-4.399837894 -2.186498812  8.021310301  -4.917561167 -0.4048622301     7.8682727 1776585353 1776585353
-4.222996103 -2.135090624  8.155637541   -4.60912198 -0.4516852955    8.12121219 1776585353 1776585353
-4.202369914 -2.070608973  8.484899159  -4.469951627 -0.4995925851   8.413495445 1776585353 1776585353
-4.346235152 -2.059696601  9.028859856  -4.504282775 -0.5445942441   8.694094314 1776585353 1776585353
-4.936061033 -2.031340679  9.814823808  -4.679856269 -0.5866218943   8.911667441 1776585353 1776585353
-5.231896255 -1.971919772   10.1058143  -4.938234249 -0.6192853578   9.019182601 1776585353 1776585353
-5.529724497 -2.025307289  10.21378289  -5.208278162 -0.6322022449   8.989446499 1776585353 1776585353
-5.803592437 -2.029495645  10.15469788  -5.423373268 -0.6231540489   8.810542525 1776585353 1776585353
-5.880944654 -1.903207965  10.00067014  -5.544474429 -0.5881089992   8.494298463 1776585353 1776585353
-5.538620252 -1.603883283  9.244484134  -5.552521217 -0.5234855839   8.088907401 1776585353 1776585353
-5.188426643 -1.505613921  8.771199398   -5.46210811 -0.4290851643   7.660149815 1776585353 1776585353
-4.940218352 -1.397043031  8.460601081  -5.316159905 -0.3183750292   7.277984842 1776585353 1776585353
-4.629157937 -1.311665069  8.039824195  -5.172586953 -0.2000399825   7.012188748 1776585353 1776585353
 -4.18614851 -1.340767445  7.681729659  -5.094049246 -0.0874538522   6.908335029 1776585353 1776585353
-3.926667277 -1.582776462  7.594577699      -5.12011735 -0.0008070647339      6.995345259 1776585353 1776585353
 -4.04173684 -1.795661287  7.779436799  -5.268208196 0.04620563642   7.265426185 1776585353 1776585353
-4.215170831 -1.936085301  7.963489309  -5.524907765 0.04893889493   7.676260018 1776585353 1776585353
-4.64059262 -2.12917707 8.237546822   -5.850480171 0.007202458685       8.154391 1776585353 1776585353
 -5.16229925 -2.423766733  8.662996038     -6.1687318 -0.08077948651    8.631404688 1776585353 1776585353
-5.898721792 -2.648739822  9.230658197  -6.407349663 -0.1869569462   9.024023423 1776585353 1776585353
-6.253479017 -2.523797708  9.450791357  -6.507003616 -0.2797000945    9.25874705 1776585353 1776585353
-6.371489544 -2.317182851  9.484889802  -6.426858703 -0.3498397448   9.300617479 1776585353 1776585353
-6.474552132 -2.114298027  9.367546077  -6.158443831 -0.3892959086    9.15542779 1776585353 1776585353
-6.310492028 -1.886512338   9.07515534  -5.732781589 -0.3802029783   8.865113395 1776585353 1776585353
-5.714262687 -1.464736531   8.54531636  -5.224069955 -0.3145618117   8.485330212 1776585353 1776585353
-5.292020186  -1.27350451  8.175464656  -4.727822354 -0.2074209837   8.092004774 1776585353 1776585353
-5.061810454 -1.159853966  7.972394709   -4.347538065 -0.09928169572    7.756920624 1776585353 1776585353
  -4.9316679 -1.003428573  7.824015503   -4.169031635 -0.02673527954    7.541733899 1776585353 1776585353
-4.901415895 -1.018347389  7.787412039   -4.251101265 0.004026098393     7.47519353 1776585353 1776585353
-5.323910386 -1.283584235  7.998481321   -4.593342129 -0.03419326327    7.565283321 1776585353 1776585353
 -5.89927482 -1.578938454  8.335370946  -5.147914914 -0.1394295065   7.785348418 1776585353 1776585353
-6.329028744  -1.73717987  8.576167719 -5.830198654 -0.299522781  8.072984628 1776585353 1776585353
-6.775063583 -2.006378841  8.795912582  -6.528980034 -0.5032815008   8.342834853 1776585353 1776585353
 -7.27923979 -2.419643521  9.015490583 -7.123373525 -0.727577899  8.514535658 1776585353 1776585353
-7.666089518 -2.892991559  9.095229571  -7.508960805 -0.9339243973   8.524731054 1776585353 1776585353
-7.570572967 -2.927018307  8.980304389 -7.609749054 -1.064873298  8.360548209 1776585353 1776585353
-7.318867505  -2.78369026    8.8566234  -7.38970981 -1.109571188  8.034607022 1776585353 1776585353
 -6.93018654 -2.584829268   8.71044192 -6.872628644  -1.06388562  7.594183515 1776585353 1776585353
 -6.21437804 -2.356687445  8.516430851  -6.138876639 -0.9275283048   7.113409678 1776585354 1776585354
-5.071004132 -2.050340459  8.315165572  -5.318606548 -0.7120329437    6.67787809 1776585354 1776585354
-4.037049346 -1.730252381  8.216821778  -4.551425548 -0.4518860636   6.383771281 1776585354 1776585354
-3.664361997 -1.608772734  8.248403407  -3.970953415 -0.1814869504   6.307814266 1776585354 1776585354
-3.498825865 -1.496250769  8.311236527  -3.677258435 0.05191199434   6.495133283 1776585354 1776585354
-3.527015487 -1.475897696  8.495189642 -3.737513719  0.223472176  6.941817331 1776585354 1776585354
-3.964338762 -1.545999498  8.906963826 -4.146313941 0.2938745926  7.603936873 1776585354 1776585354
-5.024833379 -1.793412719  9.444248765 -4.834474378 0.2494830258  8.401610618 1776585354 1776585354
-5.603969497 -1.995048288   9.67468342  -5.694628858 0.09537097658   9.215468969 1776585354 1776585354
-6.171999261 -2.096820815  9.855917434  -6.591279397 -0.1229582711   9.911194645 1776585354 1776585354
-6.942007459 -2.301583038  9.985152472  -7.383360725 -0.3852057443   10.37835247 1776585354 1776585354
-7.713999713 -2.379684675  9.968858082  -7.941484468 -0.6170250486   10.53344928 1776585354 1776585354
-8.201920082 -2.343903946  9.543359628  -8.177028385 -0.7950827773   10.34061217 1776585354 1776585354
-8.269219469 -2.306457019  9.153694574  -8.034875773 -0.9055164573   9.828378019 1776585354 1776585354
-8.199521667 -2.313005268  8.783166195  -7.519761075 -0.9118686923   9.076945405 1776585354 1776585354
-7.786802285 -2.278524067  8.294332613  -6.710621566 -0.7955521716   8.190410273 1776585354 1776585354
-6.995484153 -2.142441306  7.786307011  -5.742918625 -0.5611272599   7.287057492 1776585354 1776585354
-6.044325015 -1.887164937  7.424890163  -4.772259115 -0.2463832374   6.496612297 1776585354 1776585354
-5.565468728 -1.784324935  7.368273493  -3.950469046 0.08982316285    5.93032797 1776585354 1776585354
-5.215936782 -1.596203547  7.417208214 -3.396803937 0.3648790981  5.668917515 1776585354 1776585354
-4.931615546 -1.469588854  7.640339968 -3.184820018 0.5606285675  5.749036664 1776585354 1776585354
-4.784714538 -1.447033152   8.15962437 -3.337678039 0.6419311174   6.15301335 1776585354 1776585354
 -4.97041844 -1.630368471  8.947645125 -3.812251816 0.5939606164  6.823021629 1776585354 1776585354
-5.170828918 -1.801981893   9.39515974 -4.516933262 0.4252981241  7.660977676 1776585354 1776585354
-5.411466596 -1.907949321  9.769434297 -5.330525551 0.1646770396  8.537745544 1776585354 1776585354
-5.803329405 -2.134140514  10.15999797  -6.122920537 -0.1473049731    9.32309377 1776585354 1776585354
-6.183072536 -2.480996556  10.40102137  -6.767816433 -0.4781686999   9.903335922 1776585354 1776585354
-6.499473513 -2.743241273  10.26168432  -7.170070396 -0.7711826494   10.19000305 1776585354 1776585354
-6.592132427 -2.729220151  9.995296501  -7.272292502 -0.9760448405   10.15301121 1776585354 1776585354
 -6.60023665 -2.623630188  9.707003736 -7.066772332 -1.074586801  9.810862204 1776585354 1776585354
-6.410771953 -2.439467562  9.212375951 -6.596894087 -1.062399788  9.222538479 1776585354 1776585354
-5.941894842 -2.185006528  8.621008525  -5.948827633 -0.9391071249   8.481589833 1776585354 1776585354
-5.262162655 -1.779626663   7.96955199 -5.242133004 -0.722492114  7.703970391 1776585354 1776585354
-4.865517279 -1.541984241  7.693354921  -4.596573155 -0.4486766748    7.01199239 1776585354 1776585354
-4.607510006 -1.349758554  7.545892708  -4.117885109 -0.1641770604    6.51416231 1776585354 1776585354
 -4.32453894 -1.192959592  7.513694903  -3.883638434 0.09471733863   6.283109523 1776585354 1776585354
-4.128424983 -1.113946266  7.690143862 -3.927313262 0.2879274277  6.355560901 1776585354 1776585354
-4.269759043 -1.213468155  8.140111704 -4.230931279 0.3861942776  6.724153453 1776585354 1776585354
 -4.52118098 -1.393697981  8.462894132 -4.738922638 0.3792740324  7.331923671 1776585354 1776585354
-4.767792901  -1.53650065  8.725246176 -5.361855626 0.2713911903  8.082013566 1776585354 1776585354
-5.178878323 -1.779475622  9.042421315  -5.995977142 0.08182960137   8.857635958 1776585354 1776585354
-5.666508093 -2.164234505  9.341385118 -6.537220684 -0.168804466  9.539758225 1776585354 1776585354
-6.173948472 -2.492732242   9.45992567  -6.898536198 -0.4251567214   10.01087952 1776585354 1776585354
-6.384677922 -2.580522309  9.364504739   -7.03152735 -0.6570313024   10.18988557 1776585354 1776585354
-6.468765098 -2.577179745  9.228118527 -6.910591813 -0.836256903  10.05474542 1776585354 1776585354
-6.360557461 -2.620617251  8.975365505  -6.555012638 -0.9494736408   9.621443662 1776585354 1776585354
-5.934928114 -2.618545066   8.64204588 -6.019914007  -0.96965208  8.950208604 1776585354 1776585354
-5.062795858 -2.304825124  8.261579589  -5.396873572 -0.8931348284    8.13755276 1776585354 1776585354
 -4.43743496 -2.111818428  8.091645097  -4.784925172 -0.7323807112   7.297564727 1776585354 1776585354
-4.042040326 -1.952277775  8.032369417  -4.286294192 -0.5228940193   6.554761612 1776585354 1776585354
 -3.66061531 -1.690388354  8.060907026  -3.979882239 -0.3055712385   6.017767038 1776585355 1776585355
-3.299311629 -1.435156108  8.222631865   -3.914099765 -0.09522059838    5.759208945 1776585355 1776585355
-3.502985526 -1.241667703  8.614737881  -4.098143866 0.06485717648   5.823063935 1776585355 1776585355
-3.922187868 -1.229938131  8.879077366 -4.501069625 0.1714372894  6.202979748 1776585355 1776585355
-4.366054897 -1.242552272  9.068434969 -5.062786399 0.2172297826  6.845540567 1776585355 1776585355
-5.268623897  -1.35152947  9.272194223 -5.703649628 0.2056233624  7.655935683 1776585355 1776585355
-6.397742875 -1.554605547  9.413104068 -6.333861882 0.1439961571   8.51749945 1776585355 1776585355
-7.688963241 -1.852479855  9.386404935  -6.861398649 0.04211208535   9.310231208 1776585355 1776585355
-8.375492848 -2.145025103   9.17266095   -7.211885414 -0.09166705011    9.921289718 1776585355 1776585355
-8.764897954 -2.170515908  8.912951372  -7.324465849 -0.2186541013   10.27285951 1776585355 1776585355
-8.858433135 -2.084608837   8.67880929  -7.180983321 -0.3339765826   10.32239444 1776585355 1776585355
-8.667745167 -1.968352166  8.462415125  -6.792779771 -0.4298613123    10.0732845 1776585355 1776585355
-7.269095327 -1.623688356  7.868686134  -6.208586155 -0.4953307919    9.56676944 1776585355 1776585355
-6.681937184 -1.542261537  7.727149677  -5.501702507 -0.5219903068   8.880721476 1776585355 1776585355
-6.069276916 -1.416709419  7.625727412  -4.767782723 -0.5063562213   8.118279629 1776585355 1776585355
-4.876371256 -1.228468221  7.521733623  -4.105727985 -0.4505120402   7.388979682 1776585355 1776585355
-3.868772351 -1.156790904  7.607766049  -3.610595702 -0.3569213364   6.789208676 1776585355 1776585355
-3.156059876 -1.149168319   7.88312215 -3.350651252 -0.243406659   6.40504339 1776585355 1776585355
-3.014563567 -1.203841009  8.175596845  -3.364270059 -0.1216279695   6.281466818 1776585355 1776585355
-3.129688976 -1.258907788  8.448887306    -3.652127603 -0.007413188302     6.424060723 1776585355 1776585355
-3.547586994 -1.367192136  8.792737837  -4.176654044 0.08453873376   6.799483257 1776585355 1776585355
-4.255984397 -1.545246933  9.219137392 -4.867425962 0.1358900193  7.343604551 1776585355 1776585355
-5.361800968 -1.795180913  9.631624549 -5.624992403 0.1323728186  7.968814875 1776585355 1776585355
-6.09830463 -2.01142412 9.814995298  -6.340151025 0.06787801151   8.579041612 1776585355 1776585355
   -6.527003 -2.127774227  9.891276123   -6.908941939 -0.04677111924    9.079645752 1776585355 1776585355
-6.991213692 -2.114020484  9.828666843  -7.2570801   -0.195547 9.393339153 1776585355 1776585355
-7.194669687 -1.932886915  9.567037907  -7.340265132 -0.3622048667   9.487035382 1776585355 1776585355
-6.957660242 -1.888864248  9.106946233  -7.155213706 -0.5373177349   9.361821987 1776585355 1776585355
-6.458707422 -1.871887487  8.670649521  -6.738466877 -0.6804651742   9.047022123 1776585355 1776585355
-5.975767885 -1.834843078  8.338559645  -6.168755517 -0.7641538189   8.602724427 1776585355 1776585355
-5.347194769 -1.786675094  7.985534579  -5.546559847 -0.7711815684   8.107534944 1776585355 1776585355
-4.609570343 -1.718720416  7.748181501    -4.981743 -0.696511422  7.641002284 1776585355 1776585355
-3.923007095 -1.633272857  7.749390769  -4.571401113 -0.5530615547   7.277953035 1776585355 1776585355
-3.798020185 -1.639408154  7.876364931  -4.378034125 -0.3641502775   7.076091382 1776585355 1776585355
-3.824886693 -1.633942218  8.060233915  -4.425785612 -0.1643545875   7.059943317 1776585355 1776585355
-4.291318821 -1.699157333  8.423866743  -4.690668519 0.01462692989    7.22209435 1776585355 1776585355
-4.917285705 -1.741856765  8.785858013 -5.114716572 0.1385834274  7.519776195 1776585355 1776585355
-6.014503147 -1.864109725  9.202951558 -5.610992132 0.1799349299  7.891429647 1776585355 1776585355
-6.697754861 -1.954611913  9.404335334 -6.085465773 0.1152255781  8.266251967 1776585355 1776585355
-7.197364967 -2.128677609   9.42417174  -6.455052733 -0.0673009367   8.570076082 1776585355 1776585355
-7.724880117 -2.384376437  9.248699749  -6.653949743 -0.3521789973   8.741761454 1776585355 1776585355
-7.981431282 -2.607688094  8.914828103  -6.646483157 -0.7031551781    8.74899379 1776585355 1776585355
-7.867486511 -2.601714599  8.468058599 -6.439653955  -1.07167979  8.587237671 1776585355 1776585355
-7.431544815 -2.562300517  8.044866522 -6.082182111  -1.41007968  8.274593539 1776585355 1776585355
-6.960257632 -2.525245921  7.771579879 -5.649070728 -1.661525884  7.846116165 1776585355 1776585355
 -6.38171606 -2.415837184  7.517398508 -5.226294455  -1.78262521  7.362332429 1776585355 1776585355
-5.702359757 -2.308659772  7.316013166 -4.898318777 -1.738889655  6.878487997 1776585355 1776585355
-5.054012603 -2.098988174  7.218836053 -4.734550916 -1.532869364  6.460184485 1776585355 1776585355
-4.869821908 -2.014146382  7.240484865 -4.774150771 -1.187380429  6.159303926 1776585355 1776585355
-4.783978914 -1.928642167  7.289954412  -5.022359086 -0.7446590698   6.009054797 1776585356 1776585356
-4.910989371 -1.770101482   7.42649984  -5.451081947 -0.2617612882   6.021311061 1776585356 1776585356
-5.126889426 -1.693750265  7.596943183 -6.012040598 0.2021296968  6.183940553 1776585356 1776585356
-5.582404082 -1.648938689  7.847207059 -6.638559214 0.5847313256  6.472227307 1776585356 1776585356
-5.941093471 -1.563470231  8.031145526 -7.252778387 0.8460427229   6.83679365 1776585356 1776585356
-6.208495916 -1.443810159  8.137630798 -7.796442547 0.9666599853  7.227473624 1776585356 1776585356
-6.561773984 -1.372324532  8.147846454 -8.231217304 0.9384015465  7.603705669 1776585356 1776585356
-6.779994155 -1.343759232   8.18288919 -8.520694868 0.7765089448    7.9487516 1776585356 1776585356
-6.849051507 -1.335598147   8.21262692 -8.649519515 0.5204737936  8.240626685 1776585356 1776585356
-6.749642004 -1.326260865  8.235597189 -8.620808339 0.2193825495  8.467425282 1776585356 1776585356
-6.685020603 -1.338075099  8.239851603    -8.44922475 -0.08231309407    8.627065031 1776585356 1776585356
-6.572578692 -1.332130252  8.256163089  -8.155989581 -0.3417985019   8.721085006 1776585356 1776585356
-6.318124143 -1.310038948  8.322151833  -7.763522317 -0.5361618745   8.755347592 1776585356 1776585356
-6.000005057 -1.313690335  8.437752322  -7.290648476 -0.6633569022   8.736833245 1776585356 1776585356
-5.726435744 -1.350006584  8.548488378  -6.758746396 -0.7360034027   8.670038757 1776585356 1776585356
-5.575675414 -1.372542206  8.613161764  -6.186487974 -0.7805188192   8.563924548 1776585356 1776585356
-5.432677902 -1.415880385  8.676299353  -5.593832608 -0.8348248108   8.426463966 1776585356 1776585356
-5.261446464 -1.550031894  8.742598682  -5.006992923 -0.9339854536   8.265479811 1776585356 1776585356
-5.097977741 -1.764826414  8.788635565 -4.460636477 -1.103384677  8.095384764 1776585356 1776585356
-5.042603182 -1.991171296  8.772599048 -3.995738756 -1.358682284  7.929507013 1776585356 1776585356
-5.045796399 -2.232438408   8.72101828 -3.651962802 -1.692801161  7.773098232 1776585356 1776585356
-5.047878477 -2.451836147  8.679382308  -3.47147469 -2.094816268  7.642153181 1776585356 1776585356
 -5.05934355 -2.675104332  8.643768656 -3.485545759 -2.542013171  7.541490778 1776585356 1776585356
-5.174412265 -2.905871856  8.587330484 -3.704531547 -3.010848315  7.488566067 1776585356 1776585356
-5.394733383 -3.092132464  8.507402473 -4.117521871 -3.474426465    7.4885988 1776585356 1776585356
-5.579777355 -3.177007068  8.463776473 -4.689377625 -3.909077503  7.545900588 1776585356 1776585356
-5.805905176 -3.211359626  8.424076774 -5.347754446 -4.288712109  7.667886503 1776585356 1776585356
-6.065787718 -3.240901596  8.388513449 -6.020632369 -4.599803424  7.822131699 1776585356 1776585356
-6.322992766 -3.280400477  8.353511719 -6.628950392 -4.838828926  7.980453873 1776585356 1776585356
-6.471151595 -3.328556194  8.333677479 -7.108597607 -5.008976841  8.106443341 1776585356 1776585356
-6.518191919 -3.389509347  8.312716526 -7.400745741 -5.116302048  8.173655609 1776585356 1776585356
-6.517749769 -3.450928626  8.280539018 -7.491703352 -5.162560409  8.160547849 1776585356 1776585356
-6.434146696 -3.528652411  8.241712186 -7.396746476 -5.143909453  8.049075827 1776585356 1776585356
-6.231627203 -3.635157944   8.17858045 -7.168072357 -5.045484765  7.825131056 1776585356 1776585356
-5.998910702 -3.729189255  8.044564447 -6.886590661 -4.836519124  7.486018226 1776585356 1776585356
-5.877950634 -3.747814109  7.901279775 -6.615299329  -4.48936017  7.087950819 1776585356 1776585356
-5.81692809 -3.72742291  7.74946737  -6.39533978 -3.993546034  6.686649574 1776585356 1776585356
-5.742828902 -3.589923679  7.625408698 -6.290856372 -3.339963368  6.340891698 1776585356 1776585356
-5.687485328 -3.285208541  7.528016974 -6.319755684 -2.534151534  6.088353224 1776585356 1776585356
-5.717050534 -2.887614497  7.464318604 -6.466898205  -1.59932029  5.970916576 1776585356 1776585356
-5.781980901 -2.481591801  7.447659185  -6.675300299 -0.6016567777   6.023507337 1776585356 1776585356
-5.780285755 -1.973866541  7.540544752 -6.886866968 0.3782469582  6.239994712 1776585356 1776585356
-5.774383378 -1.485387356  7.636368456 -7.012472541  1.306138902  6.572870044 1776585356 1776585356
 -5.687330877 -0.8932246728   7.796049992 -6.997549688  2.129756763  6.986023598 1776585356 1776585356
 -5.542385637 -0.4224844634   7.946088258 -6.784387366  2.818541967  7.430180218 1776585356 1776585356
  -5.39080301 -0.1147180774   8.058195436 -6.371287633  3.348719441  7.834688243 1776585356 1776585356
-5.208084917 0.1493440164  8.167665682 -5.797313776  3.731922817  8.148915617 1776585356 1776585356
-5.060907152 0.2932533409  8.249193585 -5.133325364  4.001243636  8.377552765 1776585356 1776585356
-4.967251534 0.3020412588  8.340305029 -4.432135169  4.198320254  8.549665601 1776585356 1776585356
-4.990831285 0.1999311356  8.464356396 -3.749493828  4.359703604  8.691850379 1776585356 1776585356
 -5.122204059 0.04388261238   8.545921091 -3.168438534  4.514192728  8.841651515 1776585357 1776585357
 -5.278914772 -0.0604766818   8.676949265 -2.755843917  4.682119179  8.980717704 1776585357 1776585357
 -5.564726464 -0.2188338573   8.846914273 -2.567753403  4.853140054  9.182837654 1776585357 1776585357
 -5.869758608 -0.3268066602   9.041555402 -2.600793301   4.99368987  9.426103439 1776585357 1776585357
 -6.297224166 -0.3224706781   9.251464693 -2.833682572  5.054909127  9.695057221 1776585357 1776585357
 -6.559243456 -0.2551124535   9.373694657 -3.243385302  4.991561985  9.963704804 1776585357 1776585357
-6.799823864 -0.138882789  9.442876608 -3.791879686  4.765108408  10.18993353 1776585357 1776585357
  -7.022108996 -0.05433591284    9.420108351 -4.436238671  4.344195991  10.34148481 1776585357 1776585357
 -7.165447116 0.01936405295   9.322871816 -5.102329644  3.711522145   10.3713617 1776585357 1776585357
  -7.251395749 -0.04380666534    9.076794311 -5.728766392  2.867896459  10.26560651 1776585357 1776585357
 -7.256488571 -0.2281293798   8.810945713 -6.263726031  1.835664675  10.02840007 1776585357 1776585357
 -7.224124703 -0.3999372338   8.625757759  -6.67031599 0.6716228446  9.660031323 1776585357 1776585357
 -7.182645855 -0.7175891184   8.398607546  -6.932515154 -0.5515885057   9.173622185 1776585357 1776585357
-7.157028433 -1.226196626  8.093526974 -7.045322705 -1.745351186  8.586022959 1776585357 1776585357
 -7.14505103 -1.779980975  7.808770768 -7.033205567 -2.819011061  7.945798986 1776585357 1776585357
-7.157848943 -2.126056927  7.656307896 -6.931569051 -3.702697139  7.285430809 1776585357 1776585357
-7.185360668 -2.440546401  7.536783913 -6.781800797 -4.345555788  6.638968415 1776585357 1776585357
 -7.21113166 -2.728800643  7.449960628  -6.64109818 -4.722004848  6.042851709 1776585357 1776585357
-7.217805226 -2.958647609  7.395466023 -6.541514702 -4.845830644  5.535735739 1776585357 1776585357
-7.159459654 -3.132255819  7.379164252 -6.544758819 -4.748559685  5.150359229 1776585357 1776585357
-7.096193898 -3.177076841  7.371647212 -6.673223282  -4.48327571  4.903850314 1776585357 1776585357
-7.003918399   -3.1925954  7.360287524 -6.910051126 -4.125996088  4.820286686 1776585357 1776585357
 -6.89685491 -3.179150912  7.323459595 -7.265110435 -3.724485033  4.886910505 1776585357 1776585357
-6.800441406 -3.113307777  7.270435818 -7.710436642 -3.337264261  5.105633343 1776585357 1776585357
-6.698984559 -2.987994613  7.230491739 -8.215822278 -2.989391478  5.454507727 1776585357 1776585357
-6.686467633   -2.8422869  7.192784309 -8.728678013 -2.675782153   5.89165396 1776585357 1776585357
-6.723300511 -2.692287034  7.170482195 -9.180064327 -2.400309004  6.382936258 1776585357 1776585357
-6.819005067 -2.491294907  7.170442802 -9.517075466 -2.137941602  6.883228887 1776585357 1776585357
-6.960616402 -2.238134363   7.21629759 -9.691294851 -1.860277854  7.348414085 1776585357 1776585357
-7.175530056 -1.896182009  7.295483648 -9.668734835 -1.543727474   7.71945929 1776585357 1776585357
-7.29066931 -1.60030853 7.387223266 -9.440177091 -1.181942728  7.962594927 1776585357 1776585357
-7.388246058 -1.256332062  7.457106026  -9.026072646 -0.8082571223   8.013834359 1776585357 1776585357
 -7.419830523 -0.9389864985   7.496811092  -8.471393343 -0.4262596517   7.863254094 1776585357 1776585357
 -7.360218534 -0.7591006446   7.454253797   -7.836888867 -0.04020462574    7.522659117 1776585357 1776585357
 -7.238040598 -0.6881613089   7.331959035 -7.197797986 0.3182132937   7.01872832 1776585357 1776585357
-7.017365062 -0.706399614  7.113583674 -6.630438109 0.6413955101  6.405325392 1776585357 1776585357
 -6.804828622 -0.6811784887   6.880223137 -6.211096972 0.8798777929  5.736600006 1776585357 1776585357
 -6.525129385 -0.8086015062   6.587059991 -5.999389875  1.076498428  5.105719109 1776585357 1776585357
-6.321800378 -1.007651179  6.358810844 -6.00829158 1.285773135 4.606586307 1776585357 1776585357
-6.178373228 -1.245492345  6.202596326 -6.217188544   1.49003897  4.313190052 1776585357 1776585357
-6.242198268  -1.33707358  6.097517307 -6.500649192  1.710766967  4.293455859 1776585357 1776585357
-6.517934338 -1.282865276  6.058612967 -6.767320134  1.958021558  4.586987232 1776585357 1776585357
-6.938855768 -1.084851496   6.24146251 -6.989167806  2.225884383  5.197527549 1776585357 1776585357
 -7.389420126 -0.8561546003   6.570898838 -7.10824005 2.513405194 6.107397949 1776585357 1776585357
 -7.810811351 -0.6124683038   7.064467974 -7.090576515  2.786488605  7.235869014 1776585357 1776585357
-8.238866368 -0.299387141  7.721279611 -6.911317573  3.025642339  8.457214128 1776585357 1776585357
   -8.56080357 -0.05611912385    8.309852627 -6.602312078  3.213241016  9.641220204 1776585357 1776585357
-8.762370426 0.1909503977  8.930962416 -6.199808987  3.354980848  10.64322598 1776585357 1776585357
-8.758219756 0.3472814896  9.351026147 -5.74221017 3.436523677 11.38448837 1776585357 1776585357
-8.516180646  0.520765458  9.599654214 -5.299213419  3.476954516  11.76525485 1776585357 1776585357
-8.260409836 0.6130138971  9.596651147 -4.989139668  3.466180652  11.78363747 1776585358 1776585358
-8.018595764 0.5615116211  9.179247523 -4.850197189   3.40822641  11.49107797 1776585358 1776585358
-7.775345745  0.526201087  8.600331754 -4.853813913  3.319173175  10.95933481 1776585358 1776585358
-7.560532072 0.4528893417  8.041356875 -4.986479558  3.211754722   10.2901981 1776585358 1776585358
-7.279327813 0.4192496342  7.470722279 -5.17014216 3.087850948 9.590395222 1776585358 1776585358
-7.017155876 0.4984791788  7.116731176 -5.335075155  2.942992632  8.942721842 1776585358 1776585358
-6.778297666 0.6400935879  6.910676668 -5.433003832   2.76553779  8.403146718 1776585358 1776585358
-6.552118587 0.8261486771  6.882539623   -5.411018 2.543039933 8.006960094 1776585358 1776585358
-6.398688199  0.995855338   6.97638534 -5.259139587   2.27119148  7.741458769 1776585358 1776585358
-6.27412916 1.066338163   7.1647036 -5.007584423  1.963261849  7.582613155 1776585358 1776585358
-6.231056861  1.048345341   7.32112334 -4.676817877  1.639898164  7.495860031 1776585358 1776585358
-6.257892264  1.057516032   7.38690228 -4.312188421  1.339466632  7.419260072 1776585358 1776585358
-6.348628837  1.031541841  7.325289602 -3.949819603  1.089635058  7.350432665 1776585358 1776585358
-6.372054649 0.9151785128  7.264203414 -3.654075046 0.9398817705    7.2901187 1776585358 1776585358
 -6.43436255 0.8318051097  7.123706274 -3.437966764 0.8999208959  7.263911627 1776585358 1776585358
-6.545053911 0.7540704657   6.93161468 -3.309634805 0.9668522189  7.325420885 1776585358 1776585358
-6.682427662 0.8142690433   6.76602222 -3.256130331  1.108562896  7.507590005 1776585358 1776585358
-6.837199642 0.9584068395  6.722442074 -3.260378632  1.281334583  7.849262068 1776585358 1776585358
-6.935683311  1.045257153  6.834575434 -3.316416917  1.439569818  8.351983654 1776585358 1776585358
-7.007766078  1.118105911  7.105576517 -3.407950845  1.524659047  8.972206498 1776585358 1776585358
-7.03033443  1.19031869 7.585181169 -3.518127751  1.490436919  9.640353717 1776585358 1776585358
-6.970119166  1.199130325  8.231324071 -3.637847504  1.324101067  10.26263406 1776585358 1776585358
-6.867607512  1.129080481   8.86185354 -3.767564336  1.037627294  10.74795987 1776585358 1776585358
-6.650738844  0.977546105  9.454498592 -3.893057224 0.6956615626  11.00126838 1776585358 1776585358
-6.425339349 0.8232394852  9.846110995 -4.033993841 0.3562356069   10.9921965 1776585358 1776585358
-6.164744189 0.6980050631  10.07060957  -4.193482514 0.09361815904   10.72311295 1776585358 1776585358
-5.948101685 0.6610402923  10.03743249  -4.381947681 -0.0412878868   10.25742653 1776585358 1776585358
-5.866044496 0.7490227601  9.755049481   -4.587177885 -0.02927172239    9.697155177 1776585358 1776585358
-5.864783454 0.9566187906  9.260877865 -4.763950325  0.125799189  9.146818143 1776585358 1776585358
-5.941241798  1.085325241  8.836215935 -4.877091744 0.3964285915  8.718619508 1776585358 1776585358
-5.985666975  1.301290115  8.411773651  -4.89564834 0.7213353675  8.476565902 1776585358 1776585358
-5.982603628  1.517150113  8.068479176 -4.799243873   1.03087023   8.47418478 1776585358 1776585358
-5.958824592   1.63863388  7.937949058 -4.595430633  1.265834462  8.695891172 1776585358 1776585358
-5.919827837  1.681216718   7.95214524 -4.305216805  1.381389769   9.07733486 1776585358 1776585358
 -5.8711899 1.639978717 8.086259078 -3.967530859  1.364232107  9.515236379 1776585358 1776585358
-5.817684265  1.538217124  8.324254926 -3.623192255  1.229764544  9.896068435 1776585358 1776585358
-5.77575388 1.425224407 8.542444859 -3.330523581  1.034678329  10.11420457 1776585358 1776585358
-5.748281994  1.406223883  8.704750491 -3.127776671 0.8636748992  10.09771229 1776585358 1776585358
-5.654202175  1.479466864  8.853553838 -3.019680301 0.7763074904  9.830679005 1776585358 1776585358
-5.49459004  1.61628443 8.968177737  -3.01054619 0.8037946628  9.357236494 1776585358 1776585358
-5.273098183  1.867780134  9.014370683 -3.081737851 0.9303891897  8.764754975 1776585358 1776585358
-5.09753122 2.042765672 9.021524012 -3.215409863  1.138791257   8.17292167 1776585358 1776585358
-4.934181424  2.266346386  8.994602432 -3.375025195  1.334540329   7.69456632 1776585358 1776585358
-4.844924443  2.436239802  8.950936082 -3.533897513  1.396076282  7.434490773 1776585358 1776585358
-4.826631097  2.563604973  8.914992304 -3.674103778  1.192173988  7.430857467 1776585358 1776585358
-4.935491114  2.501835192  8.927854983 -3.796955111 0.6044880213  7.683360145 1776585358 1776585358
-5.034482182  2.355083338  8.976845726  -3.944708404 -0.4123594136   8.125928565 1776585358 1776585358
-5.237205905   2.09448774  9.022782714 -4.164249455 -1.817142998  8.672653074 1776585358 1776585358
-5.623011156  1.528244336  9.090111165 -4.495741904  -3.53939075  9.200584029 1776585358 1776585358
 -6.06163074 0.8493496014   9.12416161 -4.923631208 -5.410893072  9.587643402 1776585358 1776585358
  -6.68494101 -0.1483055199   9.070359224  -5.43650997 -7.249581481  9.722390692 1776585359 1776585359
 -7.057790873 -0.7980032357   8.976894474 -5.941177795 -8.832208532  9.587940534 1776585359 1776585359
-7.288930838 -1.413556579  8.869163355   -6.2501003 -9.978011495  9.238221588 1776585359 1776585359
-7.450920206 -1.893469049  8.676722243 -6.420755177  -10.5499183  8.798669824 1776585359 1776585359
-7.444818389 -2.093360181  8.484077933 -6.442632711 -10.47836695   8.32550957 1776585359 1776585359
-7.202767293 -1.934028154   8.26406717 -6.295831518 -9.771962614  7.939432547 1776585359 1776585359
-6.982438765  -1.61724578  8.152089694 -6.048964246 -8.508291905  7.711519007 1776585359 1776585359
-6.681758072 -1.184146849  8.119735085  -5.78475959 -6.817806941  7.631129338 1776585359 1776585359
 -6.230036324 -0.4826251228   8.169338547 -5.554201753 -4.876823484  7.684398894 1776585359 1776585359
-5.876566944 0.1325497982  8.261195823 -5.397875614 -2.880968796  7.838791314 1776585359 1776585359
-5.515009099 0.9108343676  8.419193661 -5.324798858 -1.019866773  8.048471992 1776585359 1776585359
-5.34112129 1.382281165 8.529353007 -5.328816401 0.5475282912  8.255552292 1776585359 1776585359
-5.281410495  1.750630557  8.585061667 -5.379331925  1.711647152  8.400681055 1776585359 1776585359
-5.373801991   2.03576776  8.552430906 -5.46697745 2.423746751 8.429124582 1776585359 1776585359
-5.562886827  2.165853189   8.42973861 -5.574547808  2.693771866  8.296377495 1776585359 1776585359
-5.949770274  2.190298592  8.107631617 -5.689305458  2.581168413   7.98962598 1776585359 1776585359
-6.249710077  2.139536894  7.815169969 -5.792293927  2.178864603  7.531460715 1776585359 1776585359
-6.534679202  2.100543355  7.502969166 -5.884417952   1.59642606  6.968377202 1776585359 1776585359
-6.852950349  1.998849929  7.126602146 -5.965516493 0.9400281956  6.386348376 1776585359 1776585359
-7.073811089  1.896069967  6.844340995 -6.027338328 0.3013555393  5.876090301 1776585359 1776585359
-7.217254465  1.746647631  6.644471924  -6.058750337 -0.2512376825   5.528248712 1776585359 1776585359
-7.20702563 1.637243047 6.644312258  -6.054924836 -0.6749020428   5.412517792 1776585359 1776585359
-7.094781172  1.567273081  6.777111046   -6.01409981 -0.9542695323   5.570179928 1776585359 1776585359
-6.810134794   1.45587249  7.159158754 -5.926532622 -1.088211367  6.003344732 1776585359 1776585359
-6.49863712    1.370257 7.608852695 -5.789783355 -1.092757472  6.676000613 1776585359 1776585359
-6.023499482  1.234413891   8.32461216   -5.60918024 -0.9922937689   7.515989324 1776585359 1776585359
-5.639625115  1.136118732  8.916424784  -5.397295505 -0.8205389927   8.430952439 1776585359 1776585359
-5.305712706   1.05601607  9.423669857   -5.16374277 -0.6135340757   9.321430766 1776585359 1776585359
 -5.00065842 0.9856304004  9.896967597  -4.926387006 -0.4072153984   10.09159027 1776585359 1776585359
-4.742591118 0.9560929167  10.24859248 -4.702423011  -0.23563119   10.6647014 1776585359 1776585359
-4.555606313 0.9470620676  10.46186132  -4.519959963 -0.1337534809   10.99092316 1776585359 1776585359
-4.504283992 0.9435375268  10.45870237  -4.399167862 -0.1338300779   11.05809867 1776585359 1776585359
-4.543553738 0.9537192749  10.35466334   -4.36634969 -0.2564688836   10.88179008 1776585359 1776585359
 -4.70597573 0.9476665423  10.10448426  -4.435458698 -0.5146491816   10.50970826 1776585359 1776585359
-4.942970176 0.9180693572  9.806380067   -4.60918911 -0.9051516931   10.00805074 1776585359 1776585359
-5.349735556 0.8132826887  9.411959297 -4.878310131 -1.408365706  9.448577498 1776585359 1776585359
-5.674279407 0.6889011997  9.156042655 -5.216305397 -1.987063664  8.899241444 1776585359 1776585359
-5.939884331 0.5874135313  8.982821573 -5.591967137 -2.591722964   8.41591258 1776585359 1776585359
-6.250665934 0.4434544232  8.831795397 -5.956881396  -3.16928808  8.032872079 1776585359 1776585359
-6.486479666 0.3353628696  8.750956313 -6.266748053  -3.66891775  7.766494681 1776585359 1776585359
-6.661954769 0.2050439214  8.723873118 -6.470598649 -4.051762761  7.601580359 1776585359 1776585359
-6.713453704 0.1062936587  8.717718297 -6.533750134 -4.296267601  7.514421865 1776585359 1776585359
 -6.676237183 0.05268118303   8.729247862 -6.463746411 -4.401339336  7.471970404 1776585359 1776585359
  -6.5630604 0.1021236875  8.712911183 -6.284105646 -4.389261074  7.443125092 1776585359 1776585359
-6.404454808 0.1976674355   8.66850135 -6.005473875  -4.29775421  7.399990963 1776585359 1776585359
-6.181659818 0.3265995843  8.562702393  -5.65633655 -4.169396538  7.328165739 1776585359 1776585359
-6.013625352 0.4280730781  8.458172236 -5.255163091 -4.038172977     7.257382 1776585359 1776585359
-5.905875966 0.5089406972  8.358116798 -4.845309027 -3.923839541   7.21188501 1776585359 1776585359
 -5.78691198 0.6032727885  8.246197564 -4.434965963 -3.811267652  7.242459279 1776585359 1776585359
-5.770579446 0.6676783596   8.18638262 -4.053261975 -3.662171732  7.393994406 1776585359 1776585359
-5.790225214 0.7285701105  8.149538124  -3.72210111 -3.409583168  7.682548385 1776585360 1776585360
-5.880234803 0.8358036136  8.163840871 -3.435234833 -2.957486103  8.136775125 1776585360 1776585360
-5.950488729 0.9355601737  8.209880095 -3.264248581 -2.254756503  8.683324976 1776585360 1776585360
-6.018942402  1.151112304  8.292020724 -3.242881071 -1.261522199  9.270941628 1776585360 1776585360
-6.069065099  1.427133661  8.368766205   -3.39588049 0.02249083341   9.805324485 1776585360 1776585360
-6.094232672  1.834302854  8.455296733 -3.743720361  1.529227903  10.19156462 1776585360 1776585360
-6.103079792  2.312949008  8.502022765 -4.300258849   3.16036087  10.33434643 1776585360 1776585360
-6.113842086  2.700651909  8.487585817 -5.010674915  4.751659109  10.18197927 1776585360 1776585360
-6.106620082  3.065621736  8.475063239 -5.812585705  6.136176637  9.766368736 1776585360 1776585360
-6.128638086  3.357154302  8.431927462 -6.625500949  7.169397897  9.115291577 1776585360 1776585360
-6.168369226  3.487797015  8.396678267 -7.302783436    7.7543678  8.362320243 1776585360 1776585360
-6.225085351  3.399288078  8.392200225 -7.763615906  7.836352729  7.606279119 1776585360 1776585360
-6.251965319  3.221309773  8.419911835 -7.925470428  7.423801533  6.964230212 1776585360 1776585360
-6.294302091  2.913680831  8.470708394 -7.866963086  6.523131492  6.486049953 1776585360 1776585360
-6.373161199   2.38505437   8.55301247 -7.625779719  5.229134411  6.241537746 1776585360 1776585360
-6.473874659  1.787016679  8.618848696 -7.260280501  3.654989541  6.180782473 1776585360 1776585360
-6.584598012  1.105134094  8.654868497 -6.816544871  1.972267754  6.302772125 1776585360 1776585360
-6.622143594 0.6919173485  8.660612096 -6.333248017 0.3590710211  6.567807234 1776585360 1776585360
-6.641214249 0.4384073797  8.628265103 -5.834861691  -1.02132639  6.937062051 1776585360 1776585360
-6.650356786 0.2699038645  8.525510097 -5.363366729 -2.034956804  7.363235946 1776585360 1776585360
-6.648866184 0.2777889818  8.376414753 -4.960892287 -2.609290158  7.783167754 1776585360 1776585360
-6.621107245  0.473063842  8.175048518 -4.667317254 -2.731892922  8.128397799 1776585360 1776585360
-6.584015762 0.7399490508  7.996210598 -4.508069468 -2.446837727  8.339135629 1776585360 1776585360
-6.558353396  1.013328927  7.822556327 -4.491201148 -1.843207016  8.380318601 1776585360 1776585360
-6.557527645  1.306126742  7.625759649 -4.616248191 -1.040937975  8.251632982 1776585360 1776585360
-6.597484646  1.612120265  7.413131981  -4.870684508 -0.1716864319   7.984439279 1776585360 1776585360
-6.688335417  1.845219746  7.216152677 -5.225597021 0.6413251579  7.633492292 1776585360 1776585360
-6.776296845  1.954290761  7.103302686 -5.642086015  1.294986455   7.26678543 1776585360 1776585360
-6.869559354  1.991184624  7.032275732 -6.071785761  1.718176266  6.951470937 1776585360 1776585360
-6.987254821  1.964656736  6.987262835 -6.46488708 1.876365207 6.742739819 1776585360 1776585360
-7.128175867  1.814729501  6.994066841 -6.776897213   1.77379955   6.67892619 1776585360 1776585360
-7.227038044  1.633621583  7.070618722 -6.970973842  1.445215665  6.765232223 1776585360 1776585360
-7.257048338  1.472051337  7.200813068 -7.031153542 0.9530940514  6.989378494 1776585360 1776585360
-7.260417686  1.353683983  7.329666367 -6.955432558 0.3723160741  7.311835377 1776585360 1776585360
-7.232297225  1.201105503  7.504545693  -6.756553096 -0.2213151346   7.677229568 1776585360 1776585360
-7.159842148 0.9797420275  7.762869705  -6.460914248 -0.7602341101   8.024753564 1776585360 1776585360
-7.038999379 0.8319760245  8.015931704 -6.104269632 -1.191665044  8.303734266 1776585360 1776585360
-6.918494778 0.7325217319  8.195152622  -5.72659645 -1.483542824  8.482009275 1776585360 1776585360
-6.771925746 0.6996561639  8.362151897 -5.377529332  -1.62253865  8.553517599 1776585360 1776585360
-6.598467604 0.6899433401  8.517810611 -5.096941595 -1.619137516   8.53357996 1776585360 1776585360
-6.423504223 0.7577810942  8.636372529 -4.913655748 -1.498922715  8.458358011 1776585360 1776585360
-6.259063031 0.8669844334  8.722086905 -4.835070399 -1.299049228  8.372594501 1776585360 1776585360
-6.182924655  0.999801762  8.749161167 -4.850825192  -1.06213187  8.318625108 1776585360 1776585360
-6.12340002 1.107822217 8.775072373  -4.936730369 -0.8253814169   8.324694056 1776585360 1776585360
-6.045304417  1.156510333  8.835436007  -5.058615271 -0.6183230123    8.39815063 1776585360 1776585360
-5.985423299  1.151595552  8.915426986  -5.176927818 -0.4609144798    8.52149698 1776585360 1776585360
-5.934697832   1.09780073  9.015844166  -5.257239951 -0.3601679965   8.654866244 1776585360 1776585360
-5.915072128  1.062716226   9.06043689  -5.274370746 -0.3107465397   8.745800854 1776585360 1776585360
-5.879847533  1.031651844  9.094160075  -5.218242282 -0.2977334808   8.741484631 1776585360 1776585360
-5.869773137  1.016624601  9.066299915  -5.098749329 -0.2998591326   8.602750264 1776585360 1776585360
-5.913529577  1.062111819  8.903577375  -4.943904616 -0.2942466041   8.316061772 1776585360 1776585360
-6.035515202  1.222059518  8.514614398  -4.794906039 -0.2604484893   7.901153895 1776585361 1776585361
-6.175509244  1.381248445  8.154171619  -4.699807886 -0.1868333707   7.412745437 1776585361 1776585361
-6.298746116  1.557561799  7.821404289   -4.705853652 -0.07287083118    6.931134025 1776585361 1776585361
-6.505549867   1.76039528  7.379039515  -4.841164762 0.07631438794   6.553762078 1776585361 1776585361
-6.783019422  1.989680031  6.900135985 -5.119240814 0.2402600644  6.373738652 1776585361 1776585361
-7.128952998  2.153945073  6.528352494 -5.528634077 0.3984269101  6.461660101 1776585361 1776585361
-7.322292512  2.218278376  6.452281473 -6.041744446 0.5231701701  6.847475636 1776585361 1776585361
-7.453300459  2.220840124  6.552563221 -6.607320213 0.5992088503  7.511789518 1776585361 1776585361
-7.509535317  2.122986654  6.901393476 -7.155282374 0.6104009665  8.387147858 1776585361 1776585361
-7.491373799  1.945362914  7.485974133 -7.618510742 0.5500599147  9.360791128 1776585361 1776585361
-7.233048973  1.528444414  8.770385346 -7.933844661 0.4166452098  10.29157147 1776585361 1776585361
-7.114772618  1.493018401  9.244591619 -8.032505912 0.2398966261  11.04435181 1776585361 1776585361
-6.88895658 1.389430372 9.741640565   -7.845248176 -0.01965494592    11.51377465 1776585361 1776585361
-6.394442432  1.043330849   10.5023031   -7.39319096 -0.3523318513   11.61134632 1776585361 1776585361
-5.887706337 0.7298748583  10.91986001  -6.749067891 -0.7019713082   11.29229722 1776585361 1776585361
-5.392410558 0.4796098706  10.87547465 -6.000381087 -1.031508794  10.57871413 1776585361 1776585361
-5.159955223 0.3783454934  10.53451825 -5.257094589 -1.326795099  9.550924067 1776585361 1776585361
-5.09440364 0.346207207 10.11882027  -4.60446388 -1.572861675  8.350484304 1776585361 1776585361
-5.174187938  0.259485796  9.475313519 -4.114231161 -1.741966056  7.148130287 1776585361 1776585361
-5.531631909 0.2014279138  8.624554903 -3.812081701 -1.819476022  6.120890825 1776585361 1776585361
-6.137123339  0.276315969  7.731256317 -3.725276997 -1.809181098  5.409428332 1776585361 1776585361
-6.606367469 0.4036713431  7.297098905 -3.869779438 -1.705479628  5.100418332 1776585361 1776585361
-6.953410927  0.559488063  7.110689157 -4.226509384 -1.532151698  5.220739118 1776585361 1776585361
-7.283958234 0.7767856815  7.129623262 -4.751677209 -1.303304004  5.732141027 1776585361 1776585361
-7.555996692  1.049714226   7.41960956 -5.372051366 -1.049155949  6.544046129 1776585361 1776585361
-7.666038472  1.413308269  8.122092081  -6.007468486 -0.8084955192   7.525525647 1776585361 1776585361
-7.572721836  1.562570478  8.795567554  -6.572758463 -0.6148256447   8.528545017 1776585361 1776585361
-7.435318938  1.648766518  9.262612693  -7.000246463 -0.4653651945   9.415066123 1776585361 1776585361
-7.186185143   1.82356942  9.707183155   -7.23100336 -0.3321443415   10.07027121 1776585361 1776585361
-6.729985609    1.9513448  10.15195404  -7.223672751 -0.2175658946   10.41572773 1776585361 1776585361
-6.041335668  1.944659633  10.42806304  -6.988530501 -0.1182319804   10.41521945 1776585361 1776585361
-5.504804426  1.854802254  10.41946786   -6.577369597 -0.02402391158     10.0759324 1776585361 1776585361
-5.18495388 1.757702772 10.28700401  -6.061582947 0.06692860968   9.448187885 1776585361 1776585361
-4.931163537  1.704924188   10.0032161 -5.500747474 0.1474854023  8.623043654 1776585361 1776585361
-4.836247338  1.509040225  9.492986272 -4.960994772  0.206259849  7.718331255 1776585361 1776585361
-4.980767288  1.401838252  8.834238879 -4.491235394 0.2245032028  6.846652978 1776585361 1776585361
-5.25395016 1.316156516 8.294745978 -4.140662151  0.186994237  6.114786305 1776585361 1776585361
-5.530986904  1.257877953  7.906937662  -3.946583287 0.07313683235   5.601978989 1776585361 1776585361
-5.887853017  1.268150798  7.531174477  -3.928150122 -0.1267972665   5.361215807 1776585361 1776585361
-6.302237712  1.290069551  7.251888648  -4.080726876 -0.3811580551   5.416502675 1776585361 1776585361
-6.72278273 1.306345074 7.152787129  -4.382410166 -0.6419677834   5.758283427 1776585361 1776585361
-6.982653902  1.335531506  7.228404857  -4.798500145 -0.8459545391   6.351020027 1776585361 1776585361
-7.128335164  1.380762067  7.388809608  -5.285949914 -0.9097120425   7.127237658 1776585361 1776585361
-7.196478114  1.449490761  7.743248886   -5.79078224 -0.7577642315   8.000837276 1776585361 1776585361
-7.157092554  1.529735683  8.206447941  -6.264297172 -0.3426933453   8.873287173 1776585361 1776585361
-6.961190367  1.709797682  8.836025032 -6.666394662 0.3475201535  9.645577335 1776585361 1776585361
-6.750222765   1.94863332  9.275800178 -6.959317344  1.282775216  10.22658743 1776585361 1776585361
-6.562298923  2.141396635  9.567472413 -7.114914978  2.370979677  10.56611298 1776585361 1776585361
-6.209107356  2.364688846  9.899193601 -7.13342386 3.479084482 10.65763606 1776585361 1776585361
-5.859077193  2.552302328  10.07329827 -7.019849405  4.465060093  10.51174782 1776585361 1776585361
-5.403226034  2.783273528  10.03553672 -6.742696684  5.197316762  10.17022806 1776585362 1776585362
-5.092122778  2.787011403  9.943870393 -6.35057335 5.526231275 9.696558909 1776585362 1776585362
-4.907676654  2.767944741  9.779460189 -5.880194407  5.353041618  9.101091126 1776585362 1776585362
-4.81247934 2.637578397  9.41482062 -5.398176839   4.62464975  8.465346357 1776585362 1776585362
-4.85085381  2.34296593   9.0756534 -4.96056476 3.368423316  7.87773391 1776585362 1776585362
-4.98143975  1.88911097 8.761294055 -4.603610008  1.685319771  7.390879256 1776585362 1776585362
-5.139386766   1.36206876  8.592172004  -4.362672934 -0.2585446462   7.051907227 1776585362 1776585362
-5.273831236   1.00057752  8.529359275 -4.240116769 -2.255248973  6.914376327 1776585362 1776585362
-5.482688844 0.6541471527   8.50607886 -4.206086313 -4.076170814  7.032402813 1776585362 1776585362
-5.730811117 0.3038173502  8.535622459 -4.202399554 -5.507368547  7.364777768 1776585362 1776585362
 -5.992716999 0.04819543272   8.601200139 -4.163663479 -6.392632403  7.889906453 1776585362 1776585362
     -6.157494 -0.02378418443     8.65993406  -4.09110443 -6.658117815   8.49749911 1776585362 1776585362
  -6.242341693 -0.04189124567     8.69762731  -3.97681434 -6.308109231  9.052696739 1776585362 1776585362
 -6.310691229 0.05673387173   8.698062653 -3.928796528 -5.444933291  9.426985616 1776585362 1776585362
-6.361084413 0.2190729685   8.63545855 -3.961175321 -4.216904956  9.543476041 1776585362 1776585362
-6.388491574 0.4478315361  8.506319589 -4.095200673 -2.811972272  9.372261816 1776585362 1776585362
-6.396747506 0.6505157453  8.357837736 -4.320211355 -1.418272524  8.950783075 1776585362 1776585362
-6.402018417  0.783984049  8.243849485 -4.627401725  -0.20501489  8.352395613 1776585362 1776585362
-6.412032958 0.9362771379   8.12308167 -4.997836743 0.6988766342  7.668900034 1776585362 1776585362
-6.436149838  1.024268144  8.031609577 -5.408517629  1.226291818  7.013625859 1776585362 1776585362
-6.477347224  1.105231016  7.982850474 -5.816427986  1.370175195  6.489026719 1776585362 1776585362
-6.526750018   1.20647724  8.000241137 -6.183674539  1.178431014  6.175673667 1776585362 1776585362
-6.551040104  1.303868222  8.064707026 -6.484376809 0.7445224042  6.124884348 1776585362 1776585362
-6.566903475  1.398976826   8.16721621 -6.697342788 0.1846005274  6.345187317 1776585362 1776585362
-6.554392194  1.513459052  8.336871473  -6.807974297 -0.3842390487   6.803506816 1776585362 1776585362
-6.558439582  1.660906918  8.490286353  -6.812893844 -0.8614508831   7.435755854 1776585362 1776585362
-6.561600621  1.798933785  8.629935763  -6.72116351 -1.175413942  8.151795959 1776585362 1776585362
-6.573460477  1.860894432  8.696138126 -6.549093199 -1.293895738  8.852888477 1776585362 1776585362
-6.597985184  1.909436157  8.699248024 -6.326402129 -1.219117866  9.446350293 1776585362 1776585362
-6.64655524 1.902013962 8.618062053 -6.081377148 -0.988819312  9.852429803 1776585362 1776585362
-6.696170771   1.83543691   8.44073444 -5.842430825 -0.660781247  10.01971571 1776585362 1776585362
-6.723753707  1.705652549  8.198143269  -5.631759079 -0.3041634365    9.92932172 1776585362 1776585362
-6.73380607 1.637017908 7.984245514  -5.472480399 0.01655900234   9.592792888 1776585362 1776585362
-6.758088378  1.504938234  7.746153882 -5.376801183  0.238568756  9.060036995 1776585362 1776585362
-6.809398858  1.290237431  7.492075926 -5.348840436 0.3343782505  8.408117214 1776585362 1776585362
-6.871345191   1.03997772   7.25164378 -5.378641741 0.3043608894   7.72682599 1776585362 1776585362
-6.887316962  0.819245048  7.133663373 -5.453821207 0.1702224828   7.10626648 1776585362 1776585362
-6.865883929   0.64087633  7.144150493   -5.559002106 -0.02757908857    6.623970176 1776585362 1776585362
-6.812221218 0.5507487006  7.232618536   -5.67250639 -0.2537392291   6.336564698 1776585362 1776585362
-6.714311582 0.5339589019  7.428744581   -5.77754099 -0.4636035273   6.275368248 1776585362 1776585362
-6.591451603  0.594220402  7.707754367  -5.858686151 -0.6211607239   6.438586346 1776585362 1776585362
-6.438702109 0.7329316582  8.045813649  -5.911400123 -0.7040829493   6.789340648 1776585362 1776585362
-6.317888409 0.8836476045  8.307241963  -5.932468747 -0.7045219105   7.265515326 1776585362 1776585362
-6.217605082  1.047995248  8.505565224  -5.924840205 -0.6275824849   7.784574048 1776585362 1776585362
-6.148960971  1.195271949  8.628683181  -5.894720022 -0.4921873467   8.256696141 1776585362 1776585362
-6.124767218  1.367548153  8.662782255  -5.854711003 -0.3267414489   8.599863078 1776585362 1776585362
-6.207391535  1.528316668  8.506129641  -5.817268014 -0.1651064212   8.754107224 1776585362 1776585362
 -6.4151314   1.6428986 8.139962644   -5.793626834 -0.03404557376     8.69200753 1776585362 1776585362
-6.493697982  1.656761157  7.999827809    -5.7965198 0.04247491884   8.423936361 1776585362 1776585362
-6.672961419  1.661048598  7.741236498  -5.838100485 0.05832477264   7.994177572 1776585362 1776585362
-7.060423745  1.639521765  7.300672111  -5.924210943 0.01966415483   7.478042138 1776585363 1776585363
-7.379343061  1.628694895    7.0789274  -6.053030972 -0.0567632564   6.967813703 1776585363 1776585363
-7.575410438   1.63165086  7.061203451   -6.21726197 -0.1494595959   6.559668544 1776585363 1776585363
-7.701518626  1.652683974  7.137149544  -6.398347818 -0.2351751523   6.338379448 1776585363 1776585363
-7.780902342  1.693139351  7.326861457  -6.575404015 -0.2922049644   6.358831012 1776585363 1776585363
-7.789062772  1.731964011  7.720523719  -6.721809055 -0.3020570183   6.635831242 1776585363 1776585363
-7.664931065  1.783037347  8.281428188  -6.815488156 -0.2612197608   7.139814768 1776585363 1776585363
-7.534031599  1.873999122  8.624601782  -6.844302703 -0.1730878926   7.797401822 1776585363 1776585363
-7.360696803  1.963641356  8.877112986   -6.797876978 -0.04723725245    8.502490166 1776585363 1776585363
-7.053119727  1.863119727  9.149356646  -6.666973536 0.08211773172   9.143306175 1776585363 1776585363
-6.704639038  1.751566952   9.25125608 -6.456370918 0.1924638191  9.615261765 1776585363 1776585363
-6.250232503  1.603644965  9.164434576  -6.17182083 0.2619551218  9.840021847 1776585363 1776585363
-5.846967767  1.529260901  8.937627465 -5.836694849  0.278610512  9.773583448 1776585363 1776585363
-5.592325076  1.415627917  8.624363696 -5.500568486 0.2160070301  9.420733227 1776585363 1776585363
-5.450202663  1.328404137    8.4056169 -5.201396531 0.0788982673  8.835510863 1776585363 1776585363
-5.381031715   1.21151145  8.112929482  -4.977829202 -0.1134064966   8.107571001 1776585363 1776585363
-5.507343562  1.108479513   7.84087702  -4.858187963 -0.3330231777   7.351595596 1776585363 1776585363
-5.738492134  1.087520556  7.829622368  -4.853315437 -0.5418824411   6.687560633 1776585363 1776585363
-5.975083334  1.114681463  7.926848472  -4.958443192 -0.7061620919   6.216671508 1776585363 1776585363
-6.314970637   1.18507701  8.161313392   -5.15298363 -0.7960653215   6.006597249 1776585363 1776585363
-6.787039797  1.353117723  8.548161022   -5.40267595 -0.7991062062   6.080065966 1776585363 1776585363
-7.243740041  1.588364026   8.99503302  -5.676304487 -0.7152375726   6.406173658 1776585363 1776585363
-7.555684033  1.774623322   9.26826593  -5.934577518 -0.5563176857   6.912204059 1776585363 1776585363
-7.686025389  1.953750045   9.39150141  -6.14845941 -0.349026429  7.493571508 1776585363 1776585363
-7.661427346  2.153264343  9.450814449  -6.286438301 -0.1173017686   8.037076482 1776585363 1776585363
-7.445411785   2.19803448  9.274920104 -6.328610479 0.1042058941  8.444064028 1776585363 1776585363
-7.024480337  2.161867245  8.805022281 -6.275366421 0.2785318197  8.645048063 1776585363 1776585363
-6.601391071  2.000249483  8.334718443 -6.142858909   0.37732238  8.614070532 1776585363 1776585363
-6.258322915  1.857996568  7.902521305 -5.959327481 0.3842689697  8.371416892 1776585363 1776585363
-5.881325058  1.696860602  7.420027529 -5.759361435 0.2937954174  7.983551377 1776585363 1776585363
-5.530725209    1.4913419  7.002036868 -5.579158674 0.1138926412  7.548549619 1776585363 1776585363
-5.338948075  1.228368238  6.800197654  -5.448573435 -0.1326831384   7.175883937 1776585363 1776585363
-5.358951605  1.090134042  6.919277531  -5.386982203 -0.4115206023   6.964415606 1776585363 1776585363
-5.470771483  1.001711106  7.159736697  -5.399082498 -0.6813295643   6.982038189 1776585363 1776585363
-5.720221275 0.9059794368  7.633251115  -5.473712977 -0.9009270972   7.250787613 1776585363 1776585363
-6.133702431 0.8003550742  8.381265284 -5.586675116 -1.036748262  7.740992276 1776585363 1776585363
-6.651535731 0.7175076427  9.228776664 -5.711374148  -1.06763718  8.374314563 1776585363 1776585363
-7.005031839 0.7044269531  9.799937121  -5.811539932 -0.9859417841   9.041204017 1776585363 1776585363
-7.190781026 0.7241312187  10.09844434 -5.858946007 -0.808229421  9.614387939 1776585363 1776585363
-7.284439564 0.5915048571  10.28233944  -5.837811917 -0.5783583638   9.975363366 1776585363 1776585363
-7.206657371 0.3519998312   10.1545485   -5.75598351 -0.3329235167   10.04099483 1776585363 1776585363
-6.877823118 0.2333540696  9.556609545  -5.632200765 -0.1102500103   9.774247813 1776585363 1776585363
-6.546835114 0.2669231331  8.902719944  -5.493842882 0.02688939666   9.191949703 1776585363 1776585363
-6.292178427 0.3168628192  8.434536905  -5.371443291 0.02403134946   8.375445252 1776585363 1776585363
-5.962472149 0.3483472759  7.732757438  -5.286504373 -0.1455203443   7.456431985 1776585363 1776585363
-5.685847641 0.3986284396  7.157102827  -5.251814362 -0.4837372564   6.593216897 1776585363 1776585363
-5.481446387 0.4460942182  6.846860885   -5.26598346 -0.9528242033   5.945674215 1776585363 1776585363
-5.449463469 0.4887686879  6.989089247 -5.321908949 -1.493355488  5.638699171 1776585363 1776585363
-5.469655355 0.5177774183  7.211706771 -5.400743408 -2.035568299  5.745214358 1776585363 1776585363
-5.546806845 0.5680079513  7.784619441 -5.465733991 -2.500666417  6.276222211 1776585363 1776585363
-5.682962424 0.5939014443  8.611953392 -5.477046946 -2.815626269  7.169067578 1776585364 1776585364
-5.883909157 0.6462990291  9.614843749 -5.410850584 -2.924152755  8.309542342 1776585364 1776585364
-5.924611352 0.7582058436  10.18605188 -5.241903142 -2.773545928   9.55507965 1776585364 1776585364
-5.939838786  0.872609961  10.47011782  -4.97130027 -2.352594763  10.71683691 1776585364 1776585364
-5.823980787  1.024531668  10.66082911 -4.607612569  -1.68827513  11.61973587 1776585364 1776585364
-5.66785998 1.109551741 10.56517845  -4.208564344 -0.8501197445   12.11579002 1776585364 1776585364
-5.509331574  1.196588333  9.923923466   -3.84881853 0.08048784031   12.12234131 1776585364 1776585364
-5.456300038  1.240900052  9.222592037 -3.593055524  1.004603953  11.62214001 1776585364 1776585364
-5.459597991  1.322554228   8.70900446 -3.482306348  1.812931009  10.66163329 1776585364 1776585364
-5.523914758  1.415100567  7.942773195 -3.543076622  2.407027844  9.366705926 1776585364 1776585364
-5.640662819  1.467061195  7.298848352 -3.785708757  2.723979242  7.910649372 1776585364 1776585364
-5.814605777  1.489321216   6.65985529 -4.200006259  2.739980759   6.49047074 1776585364 1776585364
-6.135527399  1.483399423  6.133279186 -4.752850331  2.460486335  5.286589485 1776585364 1776585364
-6.243988105  1.462509368  6.082584356 -5.41174066 1.933994605 4.454231933 1776585364 1776585364
-6.349407552  1.427744139  6.136375399 -6.116563393  1.240954518  4.099511041 1776585364 1776585364
-6.45698608 1.331790625 6.475888998 -6.797803224 0.4819993388  4.265440543 1776585364 1776585364
-6.495508217  1.207186432  7.011941235  -7.377864204 -0.2382004161   4.928110579 1776585364 1776585364
-6.447502902   1.09254929  7.832573208  -7.794468898 -0.8263703208   5.997059943 1776585364 1776585364
-6.374236147  1.066574352  8.324452968 -7.990225685  -1.21050054  7.334785676 1776585364 1776585364
-6.267834111  1.096558491  8.813024749  -7.93347146 -1.359282564  8.765984625 1776585364 1776585364
-6.104894072  1.172794052  9.350017859 -7.616389147 -1.288488542  10.10267335 1776585364 1776585364
-5.882137202  1.186129228  9.823948108 -7.057251253 -1.074944669  11.16852889 1776585364 1776585364
-5.607732405   1.11800788  10.05155226 -6.306801017 -0.794537818  11.83317682 1776585364 1776585364
-5.408045649  1.006487304   10.0337762  -5.446396183 -0.5209698305   12.01600824 1776585364 1776585364
-5.268183763  1.024821735  9.815831089    -4.5793567 -0.3331626089   11.69069906 1776585364 1776585364
-5.171972882  1.025132161  9.343309721 -3.794923348 -0.327833318  10.91050696 1776585364 1776585364
-5.152764591 0.8180910381  8.509104347  -3.181950269 -0.5463561988     9.7944161 1776585364 1776585364
-5.166046133 0.6208526975  7.873344702  -2.817953639 -0.9848177522   8.505614082 1776585364 1776585364
-5.243803322 0.4572658071  7.450703714 -2.72684865 -1.57878231 7.237994678 1776585364 1776585364
-5.382231842 0.1575281477  6.979736071   -2.9231595 -2.238249365  6.170294997 1776585364 1776585364
 -5.561127732 -0.1882857173   6.704101656 -3.372114369 -2.840975936  5.444513749 1776585364 1776585364
 -5.748139646 -0.4656229496   6.697151104 -4.010838927 -3.276752199  5.150229571 1776585364 1776585364
 -5.969162422 -0.6362274417   7.090854064 -4.755287715 -3.459987062   5.30980596 1776585364 1776585364
  -6.08507215 -0.6335500146   7.496280834 -5.510394857  -3.34517207  5.899621898 1776585364 1776585364
 -6.191276743 -0.4956673861   7.965886282  -6.19578774 -2.922533881  6.818476616 1776585364 1776585364
 -6.286720095 -0.1400632076   8.579234987  -6.71923274 -2.217355469  7.921046207 1776585364 1776585364
-6.389792327 0.2919484101  9.102413003 -7.027517547 -1.310869356  9.031144013 1776585364 1776585364
-6.480197874  1.166619712  9.591596027  -7.083894175 -0.2857975348   9.986887406 1776585364 1776585364
-6.455213694   1.67051297  9.710704757 -6.875173218 0.7338820616  10.65650329 1776585364 1776585364
-6.38214509 2.045121966 9.712186833 -6.439533112  1.635123219   10.9726226 1776585364 1776585364
-6.221917738  2.414615458  9.546579381 -5.846165894   2.34435403  10.90580577 1776585364 1776585364
-6.076044458  2.552247726  9.218271704 -5.211468149   2.79925699  10.49123793 1776585364 1776585364
-5.879294351  2.468063527  8.713175859 -4.62831373 2.985110869 9.806350201 1776585364 1776585364
-5.824144524  2.279898145  8.328261773 -4.176882724  2.895950292  8.934716495 1776585364 1776585364
-5.858609135  2.093545902  7.955100289 -3.905311226  2.552425381  8.015360894 1776585364 1776585364
-5.927663809  1.892396713  7.605878533 -3.861222486  2.003557439  7.188557132 1776585364 1776585364
-6.123014437  1.575365993  7.284230583 -4.03259667  1.34758433 6.579461851 1776585364 1776585364
-6.419451466  1.254320768  7.025626779 -4.398881218 0.6535222084  6.237623503 1776585364 1776585364
-6.685904427  1.020717911  6.911734172  -4.914410995 0.01054829758   6.168092112 1776585364 1776585364
-6.813832712 0.9313802051  6.879866462  -5.495116117 -0.5281701849   6.326884612 1776585365 1776585365
-6.933478773 0.8218541618   6.88248546  -6.052392795 -0.9338859285   6.640857949 1776585365 1776585365
 -7.10130886 0.7122793957  6.895074933 -6.510977146  -1.19792295  7.026646557 1776585365 1776585365
-7.214513711 0.7432637929  6.893823518 -6.827000026   -1.3250509  7.401125448 1776585365 1776585365
-7.231792901 0.7883091437  6.924963935 -6.978546384 -1.332024513  7.698483883 1776585365 1776585365
-7.217815849  0.902332039   6.97302861 -6.978169236 -1.241865187  7.879813816 1776585365 1776585365
-7.180752324  1.056135595  7.066436806 -6.854423877 -1.088653835  7.940479905 1776585365 1776585365
-7.122855036  1.191474687  7.245694572  -6.648379125 -0.9040780072   7.910572584 1776585365 1776585365
-7.015175771  1.398280012  7.652109828  -6.404338351 -0.7097084361   7.843888403 1776585365 1776585365
-6.927523145  1.542154634  8.026953696  -6.163083424 -0.5229628523   7.804512714 1776585365 1776585365
-6.836348903  1.676515743  8.414956462  -5.955278244 -0.3514472744    7.85085273 1776585365 1776585365
-6.732311183  1.812823624  8.894619887  -5.796496553 -0.1952907791   8.022312285 1776585365 1776585365
-6.658325318  1.880601763  9.305586507   -5.687114886 -0.05062371354    8.328648351 1776585365 1776585365
-6.503709685  1.881058263  9.754089087  -5.614347356 0.08378423523   8.747322566 1776585365 1776585365
-6.393921629  1.834759547  9.898877079 -5.55523384 0.207471884 9.228845559 1776585365 1776585365
-6.290549855   1.81331623  9.906537772 -5.487027692  0.319816042  9.702121923 1776585365 1776585365
-6.159714834  1.768462307  9.698805248 -5.388411029 0.4128626933  10.08625513 1776585365 1776585365
-6.055515328  1.683096486  9.258107523  -5.24871381 0.4732464787   10.3048404 1776585365 1776585365
-5.992756975  1.581543101  8.605704095 -5.067738255 0.4879911474  10.29972373 1776585365 1776585365
-5.995982692  1.497251798  8.018741042 -4.860828186 0.4425331099   10.0399879 1776585365 1776585365
-6.046536595  1.425532423  7.462633817 -4.649562225 0.3280531482  9.530680353 1776585365 1776585365
-6.169198637  1.326723788  6.854156538 -4.462111159 0.1426917011  8.812917442 1776585365 1776585365
-6.368819908  1.180529784  6.337070929 -4.326896795 -0.100564202  7.960673414 1776585365 1776585365
-6.599123184  1.046681017  6.000413317  -4.273220536 -0.3808169837   7.064346039 1776585365 1776585365
-6.821566507 0.9281979545  5.918026758   -4.32027151 -0.6672750257   6.226522469 1776585365 1776585365
-6.984212749 0.8651095098  6.020309821 -4.482963114 -0.931556863   5.54354167 1776585365 1776585365
-7.127033477 0.8314701855  6.396987398  -4.76572037 -1.142826557  5.094587221 1776585365 1776585365
-7.218666386 0.8543116462  7.012350521 -5.150620033 -1.276130245  4.934943222 1776585365 1776585365
-7.227916287 0.9329493557  7.796427855 -5.615419193 -1.310520682  5.080207479 1776585365 1776585365
-7.161074942  1.032029931  8.600109525 -6.121520253 -1.236567507   5.50919282 1776585365 1776585365
-7.06793269 1.108809557 9.232816482 -6.619853606 -1.061921409  6.166707011 1776585365 1776585365
-6.902330041  1.252422597  9.945542089   -7.05633233 -0.8097492027    6.97097429 1776585365 1776585365
-6.714150392  1.388158407  10.46837979  -7.378836655 -0.5103943619   7.820788575 1776585365 1776585365
-6.571758424  1.505333114   10.6400016  -7.543462935 -0.2022684783   8.611926384 1776585365 1776585365
-6.43142192  1.55218705 10.57622354  -7.512318984 0.07470714048   9.254035949 1776585365 1776585365
-6.310985553  1.568744304  10.34734979 -7.273669643 0.2873848387   9.67803997 1776585365 1776585365
-6.225281175  1.595169273  9.775339895  -6.84533986 0.4135360761  9.844190867 1776585365 1776585365
-6.18466431 1.629037859  9.01581855  -6.26589926 0.4421099821  9.753085084 1776585365 1776585365
-6.225768927   1.62077412   8.08835239 -5.603844771 0.3674805576  9.442825968 1776585365 1776585365
-6.295550128  1.574003405   7.40667602 -4.939881594 0.2013074468  8.984206507 1776585365 1776585365
-6.378059098   1.52225838  6.902397547   -4.358799825 -0.02853529513    8.467081158 1776585365 1776585365
-6.51281012 1.446048954 6.454332798  -3.934845641 -0.2856196891   7.989337512 1776585365 1776585365
-6.639529943  1.316849159  6.273476875  -3.720359446 -0.5272397136   7.639260417 1776585365 1776585365
-6.707628241  1.210047735  6.438618196  -3.740625325 -0.7152222804   7.481011789 1776585365 1776585365
-6.722866527  1.110840073   6.82646669  -3.983617416 -0.8182967893   7.545081488 1776585365 1776585365
-6.700426312  1.066065731  7.241565007  -4.409272824 -0.8213547115    7.82249593 1776585365 1776585365
-6.623192948  1.066960747  7.849137771  -4.950076147 -0.7234031331   8.263902346 1776585365 1776585365
-6.485414788  1.117291618  8.567936796  -5.518709312 -0.5395197229   8.789395822 1776585365 1776585365
-6.329387558  1.158547159  9.197205234  -6.026606344 -0.3064386304     9.2998465 1776585365 1776585365
-6.124061287  1.189942096  9.687988149    -6.38887594 -0.06485330736    9.703026813 1776585365 1776585365
-5.930981118  1.225227918  9.951774588 -6.551316519   0.14618284  9.919018287 1776585366 1776585366
-5.70755653 1.258274213 10.04648991 -6.493973172 0.2891878686  9.895914548 1776585366 1776585366
-5.563245786  1.346860346  9.917566151 -6.234783778 0.3429808325  9.614219788 1776585366 1776585366
-5.503713178  1.374354361  9.590703917 -5.821810265 0.2877337386  9.105624826 1776585366 1776585366
-5.581382269  1.320897654  9.011961492 -5.325244557 0.1290866985  8.437447039 1776585366 1776585366
-5.689723772  1.281809827  8.556460132 -4.823459653  -0.11284427  7.706521877 1776585366 1776585366
-5.853171629  1.224428799  8.060875439 -4.399804629  -0.40503163   7.02287079 1776585366 1776585366
-6.054700415  1.119815013  7.619006502  -4.128204322 -0.7008561904   6.490476079 1776585366 1776585366
-6.269280414   1.01382288  7.355189427  -4.051752392 -0.9518016307   6.190757266 1776585366 1776585366
-6.458534823 0.9188215801   7.34910742 -4.185887476 -1.116692665  6.167254361 1776585366 1776585366
 -6.56877473 0.8952880181  7.500890265 -4.512281753 -1.177635719  6.422156484 1776585366 1776585366
-6.643063476 0.8981944485  7.839704572 -4.981811559 -1.127684166  6.915782787 1776585366 1776585366
-6.678435526 0.9614564952  8.386781309  -5.522127298 -0.9800202171   7.576044348 1776585366 1776585366
-6.657429061   1.05144034  9.029202746  -6.053861554 -0.7614208948   8.304901427 1776585366 1776585366
-6.598175345  1.183520267  9.640934355  -6.498853259 -0.5006667708   9.000273107 1776585366 1776585366
-6.535180562  1.325171256  10.00389456 -6.792725469 -0.226188473  9.565943711 1776585366 1776585366
-6.416988639    1.4975904  10.26754012  -6.890936654 0.02849621912    9.92580609 1776585366 1776585366
-6.212881892  1.670689648  10.39103842 -6.780191907 0.2345522726  10.03530754 1776585366 1776585366
-5.975723678  1.798416233  10.21332359 -6.489511371 0.3699305487  9.882326053 1776585366 1776585366
-5.813417711    1.6787821  9.797097642 -6.068097745 0.4242424266    9.4932299 1776585366 1776585366
-5.747374513  1.568237564  9.370856557  -5.57848998 0.4155498244  8.928330303 1776585366 1776585366
 -5.7637649 1.497911392 8.878875298 -5.081897029 0.3506902287  8.268108993 1776585366 1776585366
-5.869108269  1.392317903  8.254093179 -4.638737372 0.2449957226  7.601872476 1776585366 1776585366
-6.058810613  1.264210481  7.565160846 -4.304332194 0.1144759367  7.012748098 1776585366 1776585366
-6.293101429  1.210890392  7.013248534   -4.11605398 -0.0330067973    6.56760044 1776585366 1776585366
-6.459378156  1.223182411  6.742989418  -4.100395177 -0.1794021699   6.310894198 1776585366 1776585366
-6.600628608  1.245899511  6.582341825  -4.25988393 -0.307596738  6.262814336 1776585366 1776585366
-6.741558242  1.221766319  6.568808242   -4.57705791 -0.4096464612    6.41740635 1776585366 1776585366
-6.863021426  1.191133435  6.721297264  -5.008617018 -0.4882983932   6.748386554 1776585366 1776585366
-6.943651202   1.17247291  7.024097768  -5.504623265 -0.5487578403   7.211571564 1776585366 1776585366
-6.967795154  1.132312231  7.289152921  -6.007535077 -0.5967319651   7.753604038 1776585366 1776585366
-6.976785168  1.112031105  7.566775477  -6.461683515 -0.6374564768   8.316988552 1776585366 1776585366
-6.961411419  1.074508475  7.881657949 -6.813722597 -0.674442406    8.8477976 1776585366 1776585366
-6.937221105  1.042475613  8.187453501  -7.029002772 -0.7099496411   9.296752162 1776585366 1776585366
-6.867826051  1.028592465  8.437425045   -7.07642533 -0.7400372826   9.629310957 1776585366 1776585366
-6.767395858 0.9652475317  8.569199633  -6.935155612 -0.7705070763   9.822808142 1776585366 1776585366
-6.644060089 0.8969421858  8.652399479  -6.624464412 -0.7899226902   9.864648301 1776585366 1776585366
-6.430250866 0.8503537194  8.707685885  -6.172409032 -0.7837274826   9.758038548 1776585366 1776585366
-6.167833252 0.7822767404  8.626617013 -5.638623088  -0.75060618  9.510192571 1776585366 1776585366
-5.906367709  0.717289177  8.454277992  -5.082392109 -0.6854046049   9.143887392 1776585366 1776585366
 -5.76238753 0.7378170626  8.282682837  -4.569400864 -0.5923258841   8.689651102 1776585366 1776585366
-5.686269275 0.7463952054   8.07166901 -4.153495354 -0.479708997  8.189044919 1776585366 1776585366
-5.701414902 0.7334157379  7.762701415  -3.875856175 -0.3549947551   7.690370074 1776585366 1776585366
-5.815789934 0.6511121239  7.385938577  -3.767798152 -0.2180256876   7.243676215 1776585366 1776585366
-6.002861961 0.5928711469  7.078490161   -3.843874088 -0.08293829029    6.892001276 1776585366 1776585366
 -6.17341992 0.5632691106  6.917257678  -4.099343213 0.04118401714    6.67071958 1776585366 1776585366
-6.352656944 0.5558997086   6.83462037 -4.502187827 0.1403148107  6.603660699 1776585366 1776585366
-6.558062145   0.58469657  6.832802492 -5.003697568 0.1955191869  6.697989351 1776585366 1776585366
-6.809646333 0.6656834026  7.013413078 -5.545861637 0.1954351155  6.943653305 1776585366 1776585366
 -7.01163721 0.7941258381  7.391109811 -6.063769806 0.1273719388  7.313610549 1776585366 1776585366
-7.086273402   0.83095977  7.722828386   -6.495572676 -0.01380390049    7.766341936 1776585367 1776585367
-7.135376984 0.9131208465  8.088196304  -6.795160358 -0.2140501927   8.250397924 1776585367 1776585367
-7.119696961  1.034923091  8.502429278  -6.932656393 -0.4432565752    8.71085524 1776585367 1776585367
-7.045027791  1.198652924  8.950688416  -6.907802248 -0.6659980539    9.09160779 1776585367 1776585367
-6.782601765  1.485683209  9.338944653  -6.726611709 -0.8305762679   9.352627905 1776585367 1776585367
-6.57099621 1.682091547 9.463065698  -6.426556951 -0.9109325253   9.457896156 1776585367 1776585367
-6.325617125  1.818905359  9.529806534  -6.056812406 -0.8910769018   9.388836158 1776585367 1776585367
-6.058543824  1.845907392  9.487123997 -5.672834759 -0.760079347  9.149301767 1776585367 1776585367
-5.795909636  1.859020773  9.246474989  -5.325520418 -0.5214748641   8.764706415 1776585367 1776585367
-5.635116562  1.880090923  8.749552946  -5.050082852 -0.2085505652   8.274862724 1776585367 1776585367
-5.639875204   1.86624864  8.383565793 -4.870565677 0.1259526972  7.729000111 1776585367 1776585367
-5.72523711 1.861058871 8.027669659   -4.7920467 0.4216913305  7.183561473 1776585367 1776585367
-5.904984988   1.86543591  7.608776028 -4.810306553 0.6174636417  6.694042501 1776585367 1776585367
-6.201023647   1.76952811  7.160204372 -4.916761697 0.6775133679  6.315814098 1776585367 1776585367
-6.585518524  1.570568604  6.799785523 -5.090506325 0.5750096313  6.091235125 1776585367 1776585367
-6.817945946  1.404410566  6.683629572   -5.3081819 0.3107943194  6.048928689 1776585367 1776585367
-7.014368701  1.194604209  6.683654311   -5.539588446 -0.09136889985     6.20045961 1776585367 1776585367
-7.140867547  1.027694185  6.759904537  -5.756460738 -0.5846784288   6.540847947 1776585367 1776585367
-7.235652094 0.7770784883  7.003986687 -5.933063774 -1.100415406  7.046907307 1776585367 1776585367
-7.191880619 0.5075422802  7.603101125  -6.05317942 -1.564751076  7.679834533 1776585367 1776585367
-7.120090556 0.4485034887  7.926414383 -6.098084125    -1.902005    8.3915399 1776585367 1776585367
-7.032315929 0.4329184958  8.205143881 -6.058936873 -2.064177329  9.114859275 1776585367 1776585367
-6.880213816 0.4988721678  8.547475859  -5.93542755 -2.022659423  9.783083379 1776585367 1776585367
-6.594402654 0.6744611498  9.006489994 -5.731061016 -1.789289868  10.32498209 1776585367 1776585367
-6.328609918 0.9127072652  9.208172164  -5.45896913 -1.399423024  10.68153936 1776585367 1776585367
-6.11922105 1.037803195 9.244044302  -5.138520644 -0.9028554368   10.81210294 1776585367 1776585367
-5.935460076  1.142063703  9.192921642  -4.815877946 -0.3613699503   10.68957399 1776585367 1776585367
-5.811371718   1.32013483  8.991847545 -4.526494154 0.1589505407   10.3097853 1776585367 1776585367
-5.826907487  1.482146502  8.518958176 -4.299096803 0.5873256723  9.696929717 1776585367 1776585367
-5.965191362  1.558565571  7.876696349 -4.15373003 0.874769457 8.908360635 1776585367 1776585367
-6.110424197  1.549208468  7.466841903 -4.122461408 0.9964084626  8.025598357 1776585367 1776585367
-6.233485507  1.506460965  7.169029415  -4.22940536 0.9587126263  7.148548676 1776585367 1776585367
-6.401752506  1.402460959  6.877202871 -4.484177803 0.7808118515  6.376210396 1776585367 1776585367
-6.632344303  1.211618871  6.668285094 -4.883847823 0.5023884176  5.801720512 1776585367 1776585367
-6.911225948 0.9989398337  6.755989696 -5.400986573 0.1678646728   5.49664872 1776585367 1776585367
-7.052355207 0.8900799462  6.953318169  -5.995095856 -0.1858507683   5.497341214 1776585367 1776585367
-7.157561548 0.7961509801  7.210579713  -6.599793509 -0.5353157547    5.80095087 1776585367 1776585367
-7.284849172 0.7160608693  7.648327893   -7.13910599 -0.8591330752    6.36603195 1776585367 1776585367
-7.428248165 0.6707660927  8.214380923 -7.541347235 -1.136483838  7.113639655 1776585367 1776585367
-7.550082628  0.734551054  8.954181216 -7.747309019 -1.338960081  7.939481614 1776585367 1776585367
-7.580026973 0.7769632704  9.275625634 -7.713978708 -1.430308562  8.729125379 1776585367 1776585367
-7.565389434  0.886957002  9.459217651 -7.432249462  -1.36793848  9.373057212 1776585367 1776585367
-7.462201844  1.024958077  9.555746081 -6.923412353 -1.125944095  9.774483592 1776585367 1776585367
-7.161625751  1.257337953  9.534141562 -6.244804453 -0.676336423  9.874797182 1776585367 1776585367
-6.654811741  1.474689279  9.039050797  -5.503562286 -0.0236370352   9.646211907 1776585367 1776585367
-6.310563065  1.567066673  8.636618558 -4.807572356 0.8328854404  9.134812156 1776585367 1776585367
-6.070891093  1.674974784  8.290202413 -4.252246606  1.844095824  8.420515506 1776585367 1776585367
-5.804518361  1.909014218  7.774358731 -3.905320282  2.920040345  7.606201327 1776585367 1776585367
-5.555851052  2.204056834  7.090799068 -3.810905613  3.953089194  6.821628833 1776585367 1776585367
-5.359224189  2.565439239  6.503756321 -3.960223892  4.811034843   6.18006834 1776585367 1776585367
-5.338944896  2.724687452  6.330556661 -4.316692225  5.371936694  5.791909549 1776585368 1776585368
-5.324599739  2.821783723  6.283209186 -4.838705228  5.527691655  5.743212443 1776585368 1776585368
-5.356272455   2.80394404  6.454741433 -5.451541524  5.195243956  6.057541473 1776585368 1776585368
-5.456183439  2.623409153  6.833573348 -6.079360857  4.336102684  6.684141495 1776585368 1776585368
-5.734366625  2.056290783  7.665558719 -6.628823945  2.986319905  7.532655652 1776585368 1776585368
-5.867854342  1.700746539   8.14875149 -7.046878431  1.243111853  8.483327707 1776585368 1776585368
-6.000045243  1.421177517  8.508119181   -7.31545873 -0.7267086344   9.392066145 1776585368 1776585368
-6.211068467 0.9446035598  9.029464921 -7.398946457 -2.711740153  10.14771575 1776585368 1776585368
-6.397618702 0.4888093544  9.422394624  -7.26765851 -4.493774346  10.65511044 1776585368 1776585368
   -6.531929513 -0.002617787479     9.711702678 -6.908593938 -5.866492052  10.86124348 1776585368 1776585368
 -6.497452876 -0.1535307152    9.74357426 -6.328255183 -6.671961438  10.76360729 1776585368 1776585368
 -6.410485884 -0.2779042603   9.739665336 -5.490108194 -6.803173484  10.46244211 1776585368 1776585368
-6.283774106 -0.218361071    9.5544293 -4.616788976 -6.292899786  10.00870453 1776585368 1776585368
     -6.13776501 -0.0005878723729      9.258107725 -3.807070619 -5.241773523  9.474584489 1776585368 1776585368
-5.979014226 0.4815722969  8.775396749 -3.168115702 -3.818435941  8.941746434 1776585368 1776585368
-5.909042364 0.7938339385  8.505498007 -2.750507379 -2.226866097  8.483052195 1776585368 1776585368
-5.886757758  1.074893182  8.315974194  -2.579560327 -0.6840436433   8.141561684 1776585368 1776585368
-5.907751099  1.435437777  8.076927932 -2.635657985 0.6289843128  7.927513062 1776585368 1776585368
-5.987186956  1.677942173  7.916591573 -2.894946722  1.579251608  7.837596128 1776585368 1776585368
-6.14285004 1.838346168 7.826897143 -3.320640955  2.093177179   7.84305803 1776585368 1776585368
-6.256105636  1.871037152  7.821133896 -3.876479785  2.170384835  7.907440329 1776585368 1776585368
-6.309702115  1.849847908  7.857194788 -4.527868578   1.86598695  7.977068037 1776585368 1776585368
-6.406989929  1.779731962  7.919104612 -5.217852023  1.283122483  7.999138353 1776585368 1776585368
-6.466388236  1.693687818  8.003913123 -5.906699057 0.5521889709  7.944000071 1776585368 1776585368
-6.518811824  1.582377685  8.098262558  -6.548355532 -0.1934132503   7.806780279 1776585368 1776585368
-6.555406142  1.483192471  8.170958284  -7.100869079 -0.8406296019   7.604038456 1776585368 1776585368
-6.574692693  1.389979501  8.238075884 -7.525513171 -1.310790997  7.373242907 1776585368 1776585368
-6.604166007  1.318818416   8.35634157 -7.801137205 -1.567173492  7.168726267 1776585368 1776585368
-6.628480789  1.234939749  8.509766512 -7.905779682 -1.615948841  7.040523208 1776585368 1776585368
-6.675423043  1.169821189  8.766178537 -7.840759731 -1.496943789   7.03091942 1776585368 1776585368
-6.731271962   1.12187571  8.954249291 -7.612498491 -1.270768841  7.160027082 1776585368 1776585368
-6.752361804  1.071432878  9.087131363 -7.242365511  -1.00375034  7.422685225 1776585368 1776585368
-6.784324019  1.083649315  9.237819256  -6.764042526 -0.7536771646    7.78613035 1776585368 1776585368
-6.758577847  1.152002777  9.379610204  -6.220490433 -0.5618894309   8.194765384 1776585368 1776585368
-6.660760233  1.249087681  9.424780814  -5.662178677 -0.4464489522   8.584528203 1776585368 1776585368
-6.527059444  1.223997181  9.384176241  -5.142914894 -0.4020804151   8.891851154 1776585368 1776585368
-6.409734289  1.152658249  9.327789212  -4.708452936 -0.4066427932   9.060903431 1776585368 1776585368
-6.23210112 1.167025722 9.163510041 -4.396058289 -0.431543282  9.060675299 1776585368 1776585368
-6.058253391  1.135066264  8.939328915  -4.228823677 -0.4457124358   8.889742264 1776585368 1776585368
-5.836397257  1.109393491  8.635235276  -4.214620114 -0.4286648274   8.573480767 1776585368 1776585368
-5.652744952  1.066558184  8.350447123  -4.344091169 -0.3709379384   8.158351505 1776585368 1776585368
-5.573850724  1.042556553  8.179624928  -4.594136717 -0.2767476054   7.702536559 1776585368 1776585368
-5.480019496 0.9937847492  8.034701691  -4.934094247 -0.1612302816   7.264642949 1776585368 1776585368
-5.420399818 0.9240343767  7.927327686   -5.322901194 -0.04732481545    6.902005341 1776585368 1776585368
-5.473202017 0.8482760371  7.875409061  -5.719461875 0.04200097113   6.658649619 1776585368 1776585368
 -5.64754218 0.8043173595  7.882491189  -6.087277676 0.08734928477   6.561521525 1776585368 1776585368
-5.837532632 0.8142071797  7.922115788   -6.39532476 0.08013616493   6.617234972 1776585368 1776585368
-6.091267822 0.8953499287  7.973646068  -6.622321071 0.02478465089     6.8135653 1776585368 1776585368
-6.509625649  1.074137233  8.060197337   -6.756920454 -0.06354639844    7.125631905 1776585368 1776585368
-6.975600598  1.288735678  8.122891491   -6.79688827 -0.1622610704   7.519303444 1776585368 1776585368
-7.505704051  1.616483199  8.187706945  -6.744452511 -0.2450915096    7.95815015 1776585369 1776585369
-7.786375272  1.859263737   8.21314044  -6.606420307 -0.2890845727    8.40728907 1776585369 1776585369
-8.024277417  2.118495629  8.202827821  -6.397288922 -0.2820990407   8.833097346 1776585369 1776585369
-8.162090807  2.224386227  8.203674216   -6.12794801 -0.2289803694   9.206236013 1776585369 1776585369
-8.177776768  2.305576789  8.123173831  -5.823969861 -0.1351188295   9.502521019 1776585369 1776585369
-7.921345643  2.357022582  7.982933842   -5.504171187 -0.01824358711    9.702060372 1776585369 1776585369
-7.692395849  2.379076154  7.884249923  -5.198995182 0.09195261311    9.78179425 1776585369 1776585369
-7.384683506  2.343978083  7.739308639 -4.934602184 0.1651463365   9.72467644 1776585369 1776585369
-7.071672686  2.229591889  7.596810286 -4.737703359 0.1775750183  9.520833568 1776585369 1776585369
-6.772216462  2.055136759  7.504673579 -4.629512629 0.1184352121  9.170989528 1776585369 1776585369
-6.40525392  1.80229627 7.601702259    -4.626385444 -0.009913098955     8.686449543 1776585369 1776585369
-6.288398824  1.728225873  7.737007503 -4.736052305 -0.191887092   8.09538374 1776585369 1776585369
-6.216684364  1.696433356  7.934491714  -4.954107572 -0.4018362771   7.441049509 1776585369 1776585369
-6.197947522  1.691281258  8.366483863  -5.265012636 -0.6054309337   6.780443083 1776585369 1776585369
-6.289272984  1.726542532  8.888670034  -5.631474712 -0.7660498744   6.180332336 1776585369 1776585369
-6.444814165  1.893294785  9.664546977  -6.014857324 -0.8613146353   5.706141887 1776585369 1776585369
-6.573457629  2.035261129  10.29984064  -6.36208077 -0.873289187  5.417768082 1776585369 1776585369
-6.611074083  2.103515924   10.5346807  -6.625693983 -0.8094147551   5.358965787 1776585369 1776585369
-6.650877858  2.208430682  10.81086455  -6.758873655 -0.6713635268   5.540704115 1776585369 1776585369
-6.693084321  2.305181319  11.08402065  -6.725762472 -0.4710139424   5.940831031 1776585369 1776585369
-6.568824819  2.328734984  10.93826347 -6.517382638 -0.233498089  6.500691422 1776585369 1776585369
-6.467028613  2.230911771  10.62779761  -6.130504374 0.03256924683   7.134199628 1776585369 1776585369
-6.353933869  2.116405204  10.22610463 -5.585860174 0.3185492199  7.736376845 1776585369 1776585369
-6.203723506  1.934493272  9.548926033 -4.919286412 0.6286117408  8.202613719 1776585369 1776585369
-6.085322669  1.729370234  8.755997025  -4.1808129 0.973659121 8.445054398 1776585369 1776585369
-6.037045799  1.429858455  7.679852023 -3.42755365 1.368446321 8.417287627 1776585369 1776585369
-6.083146319  1.192709241  7.146222469 -2.721396566  1.824921189  8.113852473 1776585369 1776585369
-6.155578358  1.083234775  6.803315659 -2.111891741   2.35425187  7.558721412 1776585369 1776585369
-6.323063495 0.9918834284   6.58440555 -1.642117197   2.94932626  6.852093192 1776585369 1776585369
-6.545171163 0.9077204918  6.660900119 -1.33473838 3.588525992 6.122252137 1776585369 1776585369
-6.788483856 0.9485048313  7.238016916 -1.18642712 4.243266893 5.494992548 1776585369 1776585369
-6.883689058 0.8466616496  7.717645592 -1.181844091  4.851681618  5.138539716 1776585369 1776585369
-6.924510784 0.7697286127  8.156056886 -1.281087689  5.367271225  5.136948179 1776585369 1776585369
-6.894732386 0.6280566646  8.756680872 -1.430709967   5.73344202  5.553501129 1776585369 1776585369
-6.744544475 0.4324480652  9.237228198 -1.569906798  5.902889275  6.387085891 1776585369 1776585369
-6.392984098 0.1385563253   9.45201183 -1.643641911  5.842406396  7.572807996 1776585369 1776585369
 -6.213850077 0.06948456285   9.268149345 -1.617460593  5.538559482  8.992099498 1776585369 1776585369
 -5.996189504 -0.1304346633   9.023178725 -1.465025368  4.985860859  10.48547651 1776585369 1776585369
 -5.742556739 -0.2087000892    8.42327867 -1.194735462  4.215029912  11.89252642 1776585369 1776585369
 -5.586237979 -0.2556375683   7.723413383 -0.8484682352   3.256021783   13.04386798 1776585369 1776585369
 -5.607147543 -0.3276860597   6.821320359 -0.4900620432   2.164817143   13.80153221 1776585369 1776585369
 -5.730748484 -0.3464967653   6.398985612 -0.20984252 1.000756112 14.08655922 1776585369 1776585369
 -5.938050838 -0.3574731075   6.144359222 -0.1037938262 -0.1703617446   13.87067624 1776585369 1776585369
 -6.226560636 -0.1829222473   6.147812148 -0.2650521117  -1.299284656   13.21026736 1776585369 1776585369
  -6.542540704 -0.01587621247    6.424469485 -0.761189646 -2.302499556  12.16459551 1776585369 1776585369
-6.928300836 0.1785819823  7.292409969 -1.636160266  -3.11980828  10.83807177 1776585369 1776585369
-7.080258375 0.3576933308  7.978436285 -2.886790413 -3.708815312  9.372528673 1776585369 1776585369
-7.169056981  0.355960187  8.505384899 -4.427655503 -4.050865338  7.887509331 1776585369 1776585369
-7.154412984 0.4460707442  9.203376215 -6.159458627 -4.145444439  6.533198401 1776585369 1776585369
-6.989658173 0.2379454768  9.634447566 -7.906186992 -4.067199358  5.363967989 1776585369 1776585369
-6.671750846 0.2517945448  9.724724954 -9.502842279 -3.839233876  4.531627847 1776585370 1776585370
-6.378210402 0.2587824328  9.402150084 -10.80164624 -3.600859848  4.030558918 1776585370 1776585370
 -6.161253058 0.02624607537    8.94671459 -11.63734762 -3.491071279   3.87029502 1776585370 1776585370
 -6.044288265 0.06017013884    8.20348337 -11.95899269 -3.606387967  4.096218529 1776585370 1776585370
-5.99198164 0.179966954 7.414167147 -11.72337809 -4.092757571  4.662974631 1776585370 1776585370
-6.104453776 0.2529616495  6.522876324 -10.98844456 -5.035345476  5.518035373 1776585370 1776585370
-6.262641617 0.4309142888  6.062178031 -9.876151413 -6.483719231  6.584072287 1776585370 1776585370
-6.450274275 0.5048991036  5.911486998 -8.562493239 -8.355001867  7.797680446 1776585370 1776585370
-6.688631024 0.6195104081  5.981864382 -7.240061823 -10.52267947  9.056772148 1776585370 1776585370
  -6.9205294 0.6156089927  6.536612108 -6.168098186 -12.71831208  10.29264728 1776585370 1776585370
-7.075522228 0.6908839403  7.677607392 -5.502823393  -14.6976089  11.37204119 1776585370 1776585370
-7.055665625 0.7400586358  8.695478715 -5.461465263 -16.13652478  12.20906339 1776585370 1776585370
-7.069777155 0.7750335056  9.409017465 -6.041473421 -16.76729946  12.75456748 1776585370 1776585370
-6.985042451  1.028930144   10.2133903 -7.216536442 -16.41260664  12.89610844 1776585370 1776585370
-6.844705816  1.233991255   10.9085213 -8.913455065 -14.99039225  12.63796916 1776585370 1776585370
-6.572437878  1.414426359   11.1406329 -10.90298316 -12.56725732  11.99089479 1776585370 1776585370
-6.251239536  1.601813698  10.83887926 -12.85467851 -9.342132446  11.03710197 1776585370 1776585370
-5.920565571  1.880233576  10.37137058 -14.44278743 -5.615212835  9.889900793 1776585370 1776585370
-5.655440496  2.005163894  9.544087294 -15.42202093 -1.815758272  8.656667074 1776585370 1776585370
-5.512018757  1.849490333   8.53513828 -15.62111808  1.623547856  7.434033679 1776585370 1776585370
-5.614382488  1.688172368  7.340129481 -14.98994524  4.439743493  6.344194045 1776585370 1776585370
-5.957774663  1.575165865    6.3859195 -13.59094558  6.397373021  5.486675317 1776585370 1776585370
-6.243151178  1.634672569  5.978049481 -11.57767972  7.388487664  4.940989207 1776585370 1776585370
-6.540627605  1.733299891  5.848413329 -9.170702785  7.431393869  4.740383514 1776585370 1776585370
-6.884593041   1.88056781  6.098276112 -6.652758214  6.682124187  4.872206119 1776585370 1776585370
-7.253044873  2.013609424  7.005246297 -4.305789905   5.40836582   5.29051733 1776585370 1776585370
-7.393095562  2.093897064  7.909330886 -2.376892073  3.904400453  5.920019703 1776585370 1776585370
-7.339100313  2.202572692  8.667681236 -1.039903022  2.470690095   6.65756704 1776585370 1776585370
-7.206480075  2.427080945  9.265604716 -0.3673333913   1.384088256   7.407777237 1776585370 1776585370
-6.963213443   2.69261643  9.680421442 -0.3528711091  0.8574290904   8.092943387 1776585370 1776585370
-6.607148349  2.871095351  9.678903625 -0.8953978582  0.9878663817   8.664756328 1776585370 1776585370
-6.229673758  2.780392748  9.159986836 -1.828203635  1.741124195  9.091171995 1776585370 1776585370
-5.971381022  2.734382657  8.502464284 -2.961546083  2.975455332  9.371383614 1776585370 1776585370
-5.821388762  2.709674868  7.856912567 -4.096225975  4.470671255  9.530037461 1776585370 1776585370
-5.738098363  2.677588618   6.95675781 -5.063473973  5.959273683  9.603271208 1776585370 1776585370
-5.826619285  2.484994651  5.840349962 -5.735951438  7.173694331  9.613150013 1776585370 1776585370
-6.074508973  2.322647237   5.19642114 -6.083235856  7.891437835  9.599761656 1776585370 1776585370
-6.277050964  2.217083594  5.079846273 -6.123725561  7.962760274  9.586197339 1776585370 1776585370
-6.489555833  2.206015624  5.141753189 -5.925366591  7.330656366  9.595402187 1776585370 1776585370
-6.770287464  2.122689138  5.625949965 -5.578527023  6.054250317  9.610978277 1776585370 1776585370
-7.118854351  1.939130041  6.731996168 -5.196557148  4.279650726  9.628315342 1776585370 1776585370
-7.36722891 1.716251167 8.295183295 -4.884870015  2.221246307  9.638581293 1776585370 1776585370
-7.476968325  1.618653317  9.150049492 -4.716768649 0.1331358804  9.629634841 1776585370 1776585370
-7.486205363  1.593261345  9.843635517 -4.722321493   -1.7330963  9.594967757 1776585370 1776585370
-7.397183126  1.462645017  10.65156553   -4.8912567 -3.172385723  9.538024307 1776585370 1776585370
-7.238260943  1.302946476  11.26157845 -5.184797026 -4.046398669  9.463051756 1776585370 1776585370
-6.980653676  1.295134311  11.16052804 -5.536064872 -4.302143526  9.376620147 1776585370 1776585370
-6.892864449  1.415691175  10.75866276 -5.875522489 -3.985307508  9.283787185 1776585370 1776585370
-6.819971892  1.552733064  10.34097052 -6.134117841 -3.225693662  9.189635562 1776585370 1776585370
-6.73324844 1.709854509 9.623643546 -6.265229495 -2.207565764  9.089944756 1776585370 1776585370
-6.754797185  1.890198046  8.500861401  -6.24807614 -1.138452903  8.973875754 1776585370 1776585370
-6.986251047  2.198559808  7.245046936  -6.08934769 -0.219058192  8.826540129 1776585371 1776585371
-7.167883417  2.380559307  6.796436274 -5.822800391 0.3909631698  8.633273479 1776585371 1776585371
-7.314993354  2.540421859  6.572245219 -5.499928828 0.5908274796  8.382570427 1776585371 1776585371
-7.526342165  2.717322549  6.549001796 -5.184589866 0.3628703297  8.070943941 1776585371 1776585371
-7.786381725  2.858909523  6.916223397  -4.935589759 -0.2361307644   7.708155998 1776585371 1776585371
-7.90761273 2.890492005 7.901094867 -4.797156549 -1.089441916  7.311943098 1776585371 1776585371
-7.856554326  2.769784926   8.41681925 -4.791385243 -2.031109591  6.913198364 1776585371 1776585371
-7.795307506  2.773071328  8.752459455 -4.916840336 -2.877658608  6.540735119 1776585371 1776585371
-7.549787083  2.696975592   9.16281188 -5.152657832 -3.462949422  6.238063034 1776585371 1776585371
-7.007641393  2.626242883  9.484408334 -5.453751934  -3.66521499  6.039104057 1776585371 1776585371
-6.232848265  2.242693119  9.314175869 -5.778828763 -3.438762726  5.977046155 1776585371 1776585371
-5.817925385  1.991984035  9.012753352 -6.074495593 -2.798862027  6.058166823 1776585371 1776585371
-5.530730696  1.842366364  8.705148056 -6.300346982  -1.82997825  6.273798561 1776585371 1776585371
-5.250776552  1.715482801  8.251677918  -6.428328557 -0.6737023249   6.605726523 1776585371 1776585371
-4.978593587  1.575918485  7.562540429 -6.447908099 0.5004607696  7.022467761 1776585371 1776585371
-5.056814316  1.594427474  6.922879137 -6.366627715  1.523130244  7.486233282 1776585371 1776585371
-5.280112844  1.677108366   6.78437292 -6.208222641  2.252282518  7.960163309 1776585371 1776585371
-5.494791801  1.766423492    6.7428972 -6.003366785  2.598555432   8.41375445 1776585371 1776585371
-5.886323095  1.923739984  6.904327205 -5.788797307  2.540120843  8.822665563 1776585371 1776585371
-6.622862425  2.081608199   7.51086968 -5.59398481 2.124125579 9.172251034 1776585371 1776585371
-7.15967611 2.107592229 8.214807853 -5.440033655  1.456542664  9.463377908 1776585371 1776585371
-7.458143488  2.117789813  8.635226733 -5.341893327 0.6853350007   9.69944011 1776585371 1776585371
-7.624531337  2.160093534  8.952107541   -5.294070275 -0.02850481703    9.886901953 1776585371 1776585371
-7.666680273  2.094037088   9.25450056  -5.280515183 -0.5433796543   10.02653672 1776585371 1776585371
-7.516214035  1.928490819  9.484913829 -5.281103479 -0.757351157  10.11525336 1776585371 1776585371
-6.963091368  1.735359396  9.264061573  -5.274221949 -0.6285172244   10.14310993 1776585371 1776585371
-6.630331057  1.749921448  8.933970958  -5.240642513 -0.1860182962   10.09367485 1776585371 1776585371
-6.399142882  1.774493554  8.653827383 -5.166946962 0.4771078213  9.943932935 1776585371 1776585371
-6.060094159  1.784180258  8.210931834 -5.052580542  1.222383433  9.674892017 1776585371 1776585371
-5.724147273  1.816509219   7.67162677 -4.908338176  1.888246185  9.276521802 1776585371 1776585371
-5.623753071  2.025987853  7.207090238 -4.753594199  2.315870907  8.755796402 1776585371 1776585371
-5.751455741  2.177081711  7.128098329 -4.616387655  2.382486677  8.134508228 1776585371 1776585371
-5.88912683 2.347391912  7.14669446 -4.527809414  2.016166204  7.454529204 1776585371 1776585371
-6.144123475  2.560173826    7.3477677 -4.513336748  1.219764586  6.772396469 1776585371 1776585371
-6.527145402  2.767632353  7.791886407  -4.591151805 0.06437239308   6.156474116 1776585371 1776585371
-7.101956525  2.951807976  8.671621535 -4.768260077 -1.318712891  5.674562432 1776585371 1776585371
-7.340526871  2.903404638  9.145915203 -5.037067855 -2.754327248  5.381730223 1776585371 1776585371
-7.49733002 2.946006568  9.37453161 -5.374133323  -4.04588057  5.305264914 1776585371 1776585371
-7.558799796  2.997067762  9.611188732 -5.744275478 -5.017297438   5.46422642 1776585371 1776585371
-7.467336941  3.006448382  9.688170271 -6.113190419 -5.534426048   5.84569048 1776585371 1776585371
-7.135131505  2.697324035  9.374929009 -6.444969503 -5.528791467  6.424777442 1776585371 1776585371
-6.855564588  2.504487605  8.922530429 -6.701825454 -4.988432189  7.127577509 1776585371 1776585371
-6.670553132  2.369630489  8.547875799 -6.857628694 -3.978448006  7.884025915 1776585371 1776585371
-6.464827193   2.29237222  7.998081303 -6.893918061 -2.621571872  8.619761427 1776585371 1776585371
-6.234834403   2.22758189  7.329454816 -6.808841366 -1.078881709  9.269156808 1776585371 1776585371
-6.069507523  2.281498614  6.520108285 -6.612658624 0.4738512931  9.779181336 1776585371 1776585371
-6.093075917  2.372258542  6.226401666 -6.32863831 1.870027324 10.11804937 1776585371 1776585371
-6.161528522  2.456896112  6.118770338 -5.989573809  2.972444514  10.27988051 1776585371 1776585371
-6.286113698  2.617721758  6.177818884 -5.637626506  3.692076284  10.27886771 1776585371 1776585371
-6.572024723  2.767257052  6.741353417 -5.30855044 3.998559693 10.14044558 1776585372 1776585372
-6.781846486  2.808341883  7.423746545 -5.039630631  3.907614214   9.91173331 1776585372 1776585372
-6.968028489  2.797189737  8.107483969 -4.857722068  3.482450087  9.642131285 1776585372 1776585372
-7.109100798   2.77978025  8.777413266 -4.780321025  2.818004454  9.376861048 1776585372 1776585372
-7.17403207  2.77143764 9.412413804 -4.810427356  2.023563389   9.14947798 1776585372 1776585372
-7.145971828  2.651570887   10.0248107 -4.93405466  1.20260639 8.976745728 1776585372 1776585372
-6.895919811  2.296989828  10.45178145 -5.128566894 0.4414077331  8.863183699 1776585372 1776585372
-6.667775668  2.150713264  10.29154439  -5.364197113 -0.1914000038   8.805881246 1776585372 1776585372
-6.528466896  2.112868715  10.00488157  -5.603165206 -0.6651387235    8.77884453 1776585372 1776585372
-6.329351559  2.099342985  9.430133368  -5.810053055 -0.9772577362   8.750994767 1776585372 1776585372
-6.131169279  2.026584083  8.557284365 -5.955257931 -1.148965191    8.6911904 1776585372 1776585372
-5.984757086  1.951561553  7.201664364 -6.019821223 -1.214197437  8.574396176 1776585372 1776585372
-6.016173517  1.953070732  6.103793512 -5.997662449 -1.214429834  8.385164298 1776585372 1776585372
-6.139479473  1.991587266  5.497271039 -5.895292303 -1.189033769  8.124215965 1776585372 1776585372
-6.283658657  2.032849686   5.19137011 -5.733683935 -1.169776999  7.807236086 1776585372 1776585372
-6.441910232   2.08416112  5.200931856 -5.541940642 -1.178306284  7.464734985 1776585372 1776585372
-6.712642548  2.214303973   5.77966128 -5.354441114 -1.227124127  7.133923026 1776585372 1776585372
-6.927879415  2.369183969  7.077742552 -5.202990496 -1.319272394   6.85515005 1776585372 1776585372
-6.969594672   2.43417341  7.876739632 -5.112841764 -1.449361221  6.666053088 1776585372 1776585372
-6.970209562   2.50950242  8.627444108 -5.099439646 -1.605920932    6.5938679 1776585372 1776585372
-6.857493168  2.529208831  9.620713919  -5.16528305 -1.773375864  6.655458149 1776585372 1776585372
-6.634961198  2.500774102  10.41655327 -5.297124672 -1.933480928  6.845220808 1776585372 1776585372
-6.33137811  2.29339178 10.63233198 -5.473090802 -2.066747698  7.144144227 1776585372 1776585372
-6.198797205  2.162560284  10.36372458 -5.662616941 -2.147995731  7.510614307 1776585372 1776585372
-6.093606072  2.123454196  9.883734557 -5.834495233 -2.151992934  7.899284498 1776585372 1776585372
-5.944297839  2.112656812  8.968496907 -5.960641582 -2.056860965  8.262468114 1776585372 1776585372
-5.89833292 2.147954799 7.720415048 -6.023639166 -1.844376587  8.553033642 1776585372 1776585372
-6.047206004   2.26416338  6.250656594 -6.015810959 -1.503810555  8.734713621 1776585372 1776585372
-6.222673801  2.383329606  5.532157681 -5.941695975 -1.036382325   8.78732752 1776585372 1776585372
-6.440754173  2.514650945   5.02391647  -5.815126812 -0.4582445251   8.709672129 1776585372 1776585372
-6.72869003 2.631615401  4.84883853 -5.658683308 0.1991543342  8.516154304 1776585372 1776585372
-7.013442661  2.698666105  5.146255146 -5.496890479  0.888836736  8.241322885 1776585372 1776585372
-7.263723211  2.693075773  6.106300186 -5.353201948  1.552413658  7.931378158 1776585372 1776585372
-7.343252717  2.638378993  6.916033255 -5.245930543   2.12724914  7.635763441 1776585372 1776585372
-7.342448369  2.579772433  7.743301329 -5.185658587  2.554342134  7.401638026 1776585372 1776585372
-7.175615272  2.400657086  8.740576195 -5.174292482  2.784937588  7.260856366 1776585372 1776585372
-6.873267112  2.112425089  9.514568692 -5.205644331  2.788054165  7.232860349 1776585372 1776585372
-6.219903817  1.754889347   10.0067624 -5.269413262  2.559026102  7.323673891 1776585372 1776585372
-5.781673535  1.592311398  9.907218024 -5.351577009  2.118134014  7.518535675 1776585372 1776585372
-5.450286542  1.552155011  9.599439529 -5.437971579  1.506905021  7.784326234 1776585372 1776585372
-5.034696624  1.506622833  8.902595541 -5.515014474 0.7829489392  8.077305433 1776585372 1776585372
-4.757020351  1.509548567  7.954061491  -5.576456979 0.01626680464   8.352652544 1776585372 1776585372
-4.790721009  1.612861142  6.873714462 -5.619948468 -0.720548276  8.570853363 1776585372 1776585372
-5.018503197   1.73917903   6.23600563 -5.645320773 -1.361232881  8.704692331 1776585372 1776585372
-5.380763731  1.884710822  5.786369912 -5.656140493 -1.852230437  8.742840582 1776585372 1776585372
-5.938470709  2.060177999  5.578309552 -5.656524749 -2.157476136  8.693149651 1776585372 1776585372
-6.593107356  2.225066887  5.702743186 -5.650493907 -2.263065907  8.576664475 1776585372 1776585372
-7.483148519  2.438839747   6.32047736 -5.639514475 -2.178760158  8.420873325 1776585372 1776585372
-7.828927859  2.483799998  6.670695988 -5.624086253 -1.931767682  8.259290061 1776585372 1776585372
-8.107389758  2.500014176  7.047760427 -5.604531241 -1.563361487  8.122704661 1776585372 1776585372
-8.298655077  2.498283938   7.49105143 -5.578620146 -1.124556896  8.032868429 1776585372 1776585372
-8.19791413 2.384889567 7.721574799  -5.547890371 -0.6668263329   8.003225944 1776585373 1776585373
-7.777645542  2.108650246   7.59716415 -5.514631489 -0.242935443  8.026514558 1776585373 1776585373
-7.402972311  1.883950795  7.222843162 -5.483882229 0.1013346239  8.083366755 1776585373 1776585373
-7.070345147  1.751618387  6.814445721 -5.462885258 0.3322925124  8.148932583 1776585373 1776585373
-6.653403724  1.631496749  6.180758151 -5.458089291 0.4304847537  8.195905018 1776585373 1776585373
-6.338968204  1.543699922  5.594734069 -5.473924613 0.3914470192  8.198239789 1776585373 1776585373
-6.214047203  1.602846329  5.141209364 -5.512488774 0.2292736033  8.144774209 1776585373 1776585373
-6.303149454   1.69593983  5.105924594   -5.571789359 -0.02548434705     8.03736449 1776585373 1776585373
-6.454032322  1.850002655  5.197403027  -5.644206909 -0.3274951918   7.893851028 1776585373 1776585373
-6.761237431  2.093805299  5.713331679  -5.714984084 -0.6253939873   7.742567238 1776585373 1776585373
-7.10851554 2.363574411 6.528990818  -5.769556126 -0.8624777814   7.621834055 1776585373 1776585373
-7.475247725  2.700612916  7.942251436  -5.791083786 -0.9879368212   7.569764912 1776585373 1776585373
-7.647134863  2.857269652  8.799587661  -5.768356674 -0.9649000988   7.614708067 1776585373 1776585373
-7.684117988  2.966569826  9.407739002  -5.691135335 -0.7771348886   7.772169646 1776585373 1776585373
-7.524363452  3.020994012  10.02045493  -5.559892604 -0.4357185949   8.036957479 1776585373 1776585373
-7.142739581  3.002536451  10.39482955  -5.385369185 0.02164409362   8.382885063 1776585373 1776585373
 -6.4839821 2.896727598 10.16617142 -5.185402133 0.5318379387    8.7678836 1776585373 1776585373
-6.053129686  2.800237771  9.689171269 -4.983260116  1.015749263  9.139169803 1776585373 1776585373
-5.799344024   2.77983731  9.195615273 -4.805367373   1.38939657  9.442011972 1776585373 1776585373
-5.511737088  2.689399154  8.557835132 -4.680259572  1.582218331  9.624345313 1776585373 1776585373
-5.315129308  2.499143115  7.774982402 -4.627743092  1.546827878  9.651306386 1776585373 1776585373
-5.44788631 2.331918256 7.054511537 -4.66144012 1.265976909 9.510775768 1776585373 1776585373
-5.715092552  2.270738911  6.855878711 -4.782886586 0.7623325467  9.214624104 1776585373 1776585373
-5.957169203  2.278704789  6.786818938  -4.983643169 0.09631336918   8.795681841 1776585373 1776585373
-6.359780489  2.347651485  6.900492075  -5.242886934 -0.6381392682   8.302598516 1776585373 1776585373
-6.885133287  2.431265555  7.189448587 -5.531350828 -1.332343108  7.794150427 1776585373 1776585373
-7.49012064 2.575427408 7.672015483 -5.815445954  -1.87828031  7.327264702 1776585373 1776585373
-7.626327651  2.640782422  7.761253661 -6.062170574 -2.185521445  6.946915793 1776585373 1776585373
-7.718563756  2.718889806  7.763523385 -6.243380809 -2.204544768  6.686560302 1776585373 1776585373
-7.617157204  2.764734563  7.696686414 -6.337253974  -1.93518731  6.563395411 1776585373 1776585373
-7.376498947  2.740612768  7.469790881 -6.339587217 -1.425826171  6.570584733 1776585373 1776585373
-6.845027978  2.564688597  6.873698924  -6.256059945 -0.7672306309   6.686429965 1776585373 1776585373
-6.569668749  2.445671303   6.56511703   -6.102444436 -0.07755767447    6.878132333 1776585373 1776585373
-6.402493092  2.389481325  6.369277456 -5.903246856 0.5165963805  7.110294483 1776585373 1776585373
-6.267028991  2.343166216  6.228826647 -5.687546951 0.9068211175  7.350639982 1776585373 1776585373
-6.21606757 2.260725097 6.274124362 -5.484714593  1.023937863  7.573452823 1776585373 1776585373
-6.398797599  2.164049618  6.881801875 -5.319682222 0.8472928437  7.764709037 1776585373 1776585373
-6.614017854  2.084595724  7.395640056  -5.20726346 0.4126714551  7.923301764 1776585373 1776585373
-6.79528872 2.042328313 7.755298485  -5.153549375 -0.1909186059   8.056055505 1776585373 1776585373
-7.004713383  1.995520668  8.275281788  -5.152023738 -0.8375159273   8.175103837 1776585373 1776585373
-7.175095209  1.887660467  8.856039679 -5.185723569  -1.39036895  8.293072999 1776585373 1776585373
-7.156493318  1.558270426  9.394523024  -5.23076664 -1.729190185  8.418973691 1776585373 1776585373
-6.980874741   1.38600822  9.419896474 -5.265693532 -1.764355408  8.555543442 1776585373 1776585373
 -6.8598001 1.314992044 9.311238511 -5.272124259 -1.469574321  8.694954125 1776585373 1776585373
-6.683074065  1.287277526  8.980931206  -5.239174538 -0.8837549603   8.822258781 1776585373 1776585373
-6.388334913   1.29683776  8.557918393  -5.165225093 -0.1087528065   8.916799375 1776585373 1776585373
-6.041838102  1.348973769  7.932974227 -5.064183075 0.7124186718  8.954790358 1776585373 1776585373
-5.913205465  1.538085966  7.644713153 -4.957014403  1.419515406  8.919124694 1776585373 1776585373
-5.893307933  1.729507987  7.616107637 -4.871405359  1.860500305  8.799591639 1776585373 1776585373
-5.935056762  1.971504015  7.736325505 -4.834822203  1.922585815  8.597087664 1776585373 1776585373
-6.057400192  2.302858267  8.126312582 -4.869992003  1.552468192  8.324816276 1776585374 1776585374
-6.349955439  2.777718324   9.09094571 -4.99017611 0.769036614 8.008019013 1776585374 1776585374
-6.586593874   3.01973152  9.908779839  -5.192928027 -0.3409704522   7.679026759 1776585374 1776585374
-6.741093791  3.098000777  10.22558237 -5.461898765 -1.629421101  7.369217093 1776585374 1776585374
-6.862729347  3.263982985  10.40246376 -5.767259698 -2.908274491  7.109430712 1776585374 1776585374
-6.903097164  3.356686955  10.43520985 -6.072510369 -3.987573468   6.93295961 1776585374 1776585374
-6.736454376  3.459972585  9.917670595 -6.333405579 -4.700578938  6.854945387 1776585374 1776585374
-6.479832155  3.140866928   8.51636836 -6.528114785 -4.943568865  6.889663114 1776585374 1776585374
-6.393990389  3.017454235  7.985797723 -6.634141858 -4.674465189  7.028418731 1776585374 1776585374
-6.32072334 2.833584035 7.272578543 -6.643978656 -3.928329675  7.255594156 1776585374 1776585374
-6.202121682  2.491719912  6.217111355 -6.563805076 -2.808114863  7.550042828 1776585374 1776585374
-6.147280028  2.150877284  5.324421872 -6.414883686 -1.466620916  7.881996167 1776585374 1776585374
-6.238734809  1.853818115   5.15253881   -6.226309794 -0.08136639186    8.223644796 1776585374 1776585374
-6.331958134  1.755297898   5.42669536 -6.029184591  1.171696076  8.549687238 1776585374 1776585374
-6.434558626  1.726370641  5.811572434 -5.852410194    2.1462759  8.841807193 1776585374 1776585374
-6.585009287  1.699819771  6.808223226 -5.71671736 2.750650434 9.086150295 1776585374 1776585374
-6.739483042  1.753291265  8.514278166 -5.63056235 2.949875238 9.277025762 1776585374 1776585374
-6.812578831  1.849695241  10.08084371 -5.589595168  2.771368239  9.413129829 1776585374 1776585374
-6.784363343  1.902475832   10.7205503 -5.58023629 2.291772073 9.494560651 1776585374 1776585374
-6.68499664 1.964285939 11.17423231 -5.584736134   1.61876091  9.521610649 1776585374 1776585374
-6.48687846 1.974961815 11.34387984  -5.58328754 0.8687651121  9.491682468 1776585374 1776585374
-6.174200354  2.009610146  10.85008172 -5.560711609 0.1495931921  9.406216909 1776585374 1776585374
-5.917297267  2.019490401  9.316800388  -5.509719647 -0.4591184734   9.261221769 1776585374 1776585374
-5.857060937  2.086176322  8.328489135  -5.433716095 -0.9123866053   9.054217003 1776585374 1776585374
-5.856549476  2.118766788  7.464407154 -5.347148744 -1.201482636  8.782335289 1776585374 1776585374
-5.971328326  2.110479413  6.331680796 -5.270485167 -1.344815735  8.453140834 1776585374 1776585374
-6.290854833  2.101126949  5.144269613 -5.226016369 -1.378481491  8.083544255 1776585374 1776585374
-6.864492527  2.243636609  4.698264361 -5.232149253 -1.345063754  7.698308606 1776585374 1776585374
-7.177620639  2.357992895  4.816914028 -5.298253527 -1.280939923  7.328948552 1776585374 1776585374
-7.444559957  2.486687408  5.075135994 -5.424968169 -1.208862847  7.006384829 1776585374 1776585374
-7.715123681  2.666915389  5.765468871 -5.597660273  -1.13228039  6.768377162 1776585374 1776585374
-7.892491444  2.849838682  6.891468826 -5.791942771 -1.040045167  6.645192153 1776585374 1776585374
-7.734781685  3.079802924  8.005513981  -5.976686955 -0.9126308352   6.646870337 1776585374 1776585374
-7.487355943   3.13176773  8.398953467  -6.120725933 -0.7292824392   6.787190024 1776585374 1776585374
 -7.2827718 3.187774493 8.555976446 -6.200058262 -0.480101505  7.053967845 1776585374 1776585374
-6.895607389  3.136898156  8.538150497    -6.1997233 -0.1712767767   7.425525288 1776585374 1776585374
-6.374273903  2.938710137  8.209958508 -6.118031121 0.1717951319  7.862049056 1776585374 1776585374
-5.943556903  2.633070837  7.360434177 -5.967079062 0.5057890169  8.315388167 1776585374 1776585374
-5.878648301  2.484425444  6.931047529 -5.771574552   0.77768301  8.734675532 1776585374 1776585374
-5.922443619  2.384294784  6.587652613 -5.564118016 0.9355889378  9.070590516 1776585374 1776585374
-6.05965127 2.286072347 6.408321186 -5.378631595 0.9411550029  9.278061745 1776585374 1776585374
-6.356271975  2.117010284  6.421428011 -5.245759982 0.7776064225   9.32624046 1776585374 1776585374
-7.081104104   1.91163129  6.937101144 -5.186077089 0.4580921961  9.210367537 1776585374 1776585374
-7.427911811  1.850615502  7.287025048  -5.208739981 0.02939704803   8.943808066 1776585374 1776585374
-7.696989227  1.864608613  7.550301756  -5.305666055 -0.4331864318   8.561434097 1776585374 1776585374
-7.914113182  1.833151132  7.977655681  -5.454556259 -0.8432672996   8.114430188 1776585374 1776585374
-7.953182971  1.788033472  8.225275834 -5.625071262  -1.10749881   7.67268744 1776585374 1776585374
-7.767753788   1.81132568  8.044160917 -5.782081188 -1.142561947  7.311610425 1776585374 1776585374
-7.586131321  1.916368676  7.733239708  -5.889824931 -0.8974406035   7.103090124 1776585374 1776585374
-7.403103291  2.030949328  7.418332748  -5.916374722 -0.3641341144   7.107601227 1776585374 1776585374
-7.056577926  2.167706258  6.963176755 -5.840761606 0.4226275315  7.362914911 1776585375 1776585375
-6.597974775   2.32781603  6.563944784 -5.654775361  1.386023282  7.876339001 1776585375 1776585375
-5.953694063  2.490733682  6.525431692 -5.361466143  2.417135792  8.620348435 1776585375 1776585375
-5.596011112  2.543664827  6.771836833 -4.973281492  3.377451379  9.539503564 1776585375 1776585375
-5.315762712  2.602192487  7.082654423 -4.515067579  4.119461313   10.5509071 1776585375 1776585375
-4.911896626  2.584809182  7.728702135 -4.02288114  4.52521844 11.54582717 1776585375 1776585375
-4.476605043  2.479625514  8.620051242 -3.523712755  4.498842022  12.42253808 1776585375 1776585375
-3.818644055  2.143486387  9.918888468 -3.064508642  3.995931375  13.07787862 1776585375 1776585375
-3.543170428   1.94328965  10.49403366 -2.675126261  3.021308779  13.44067318 1776585375 1776585375
-3.40092963   1.8711151 10.82015719 -2.391459885  1.646887706  13.46630929 1776585375 1776585375
-3.213725833  1.719741611  11.07213122   -2.245127015 -0.00646707951    13.15583009 1776585375 1776585375
-3.115572699  1.515190116  11.08979815 -2.257157235 -1.795386164  12.56320066 1776585375 1776585375
-3.313879041  1.225569258  10.64925731 -2.446746289 -3.569764085  11.78798065 1776585375 1776585375
-3.688167197  1.192745258  10.17050254 -2.826786159  -5.19641412  10.94766269 1776585375 1776585375
-4.07328226 1.241877609 9.731420525 -3.406812544 -6.568027792   10.1809894 1776585375 1776585375
-4.639736198  1.419403771  9.125897918 -4.185862374 -7.622473661   9.62357605 1776585375 1776585375
-5.348788595  1.728230477  8.450049626 -5.158112474 -8.345093536   9.39104752 1776585375 1776585375
-6.303180354  2.286785635  7.672314319 -6.304462758 -8.766008668   9.55515005 1776585375 1776585375
-6.870716225  2.670561178  7.239921737 -7.582894686 -8.951098948  10.13540764 1776585375 1776585375
-7.273416421  2.923018165  6.941841367 -8.956544211 -8.972466819  11.09886395 1776585375 1776585375
-7.678613048  3.222629253  6.664161005 -10.35397893 -8.903020376  12.35353571 1776585375 1776585375
-7.979207194  3.480984285  6.463559265 -11.69443081 -8.794505691  13.75472065 1776585375 1776585375
-8.099215491   3.52890409  6.410781103 -12.89853886 -8.653259826  15.12485325 1776585375 1776585375
-8.107601143  3.302792176  6.398323405 -13.84173303  -8.44722937  16.29966385 1776585375 1776585375
-8.16944259 3.034120749  6.32037971 -14.45066952 -8.102976386  17.08596533 1776585375 1776585375
-8.143407714  2.660874555  6.347749424 -14.66366373 -7.538237292  17.29010132 1776585375 1776585375
-8.052721018  1.983684434   6.45932299 -14.40090586 -6.662800779  16.81297646 1776585375 1776585375
-7.945397743   1.17843294  6.661785794 -13.63821519  -5.39817283  15.58834066 1776585375 1776585375
-8.035150561 0.7317796796  6.647509032 -12.37702396  -3.70400135  13.64999081 1776585375 1776585375
 -8.15107567 0.3762007294  6.624756056  -10.6521614 -1.588753241  11.07953718 1776585375 1776585375
-8.220195841 0.1350760654  6.708870904 -8.52129452 0.868637235 8.054478327 1776585375 1776585375
 -8.260834086 0.03986368562   6.874380628 -6.07978702 3.523461501 4.793743856 1776585375 1776585375
 -8.27164194 0.2016575143  7.149414827 -3.454640111  6.180384097  1.532890498 1776585375 1776585375
-8.334242128 0.5196671865  7.229565854 -0.8038157453   8.636610414  -1.482411463 1776585375 1776585375
-8.320955156 0.8501402585  7.317651868   1.75521156  10.67122889 -4.020710701 1776585375 1776585375
-8.248607579  1.285484928  7.426181253 4.038546876 12.09000957 -5.98467988 1776585375 1776585375
-8.203663449  1.753102207  7.436044074 5.895567064 12.74871647 -7.33200123 1776585375 1776585375
-8.15706317 2.191965431 7.294761212  7.214527442  12.59922588 -8.040725094 1776585375 1776585375
-8.163472476  2.459583982  7.060786241  7.912580219   11.7113211 -8.125427045 1776585375 1776585375
-8.133737095  2.645787064  6.881600152  7.965429121  10.19656221 -7.665194819 1776585375 1776585375
-8.128191556  2.808472734  6.615285623  7.364643489  8.236719025 -6.779588583 1776585375 1776585375
-8.180372277  2.885456499  6.230132874  6.158996316  6.048368821 -5.567468752 1776585375 1776585375
-8.274844834  2.956672299   5.70572613   4.43876733  3.875354968 -4.107743669 1776585375 1776585375
-8.324725229  3.069639509  5.349931603   2.33064252  1.947981254 -2.467732829 1776585375 1776585375
-8.321237231  3.208884338  5.154158569 -0.01727623117   0.4354299849  -0.6973058744 1776585375 1776585375
-8.316102802  3.419875265  4.940478169 -2.452885388 -0.565656312  1.171507218 1776585375 1776585375
-8.286981512  3.696002922  4.770266079 -4.817967786 -1.033933418  3.123018292 1776585375 1776585375
-8.207976977   4.03094531   4.73367642  -6.96647842 -1.017650503  5.133145435 1776585375 1776585375
-8.119693337  4.226890162  4.847018579 -8.776636986  -0.63174649   7.16667192 1776585375 1776585375
-8.065508606  4.324890176  4.967120912   -10.15869391 -0.03763355257    9.173625286 1776585376 1776585376
-8.022959512  4.356346564  5.141583384 -11.06187239 0.5876343074  11.08252573 1776585376 1776585376
-8.010521155  4.248134973  5.415729471 -11.47844496  1.078408582  12.80328315 1776585376 1776585376
-8.062509572  3.905723564   5.79883601 -11.44538056  1.298387526  14.23825013 1776585376 1776585376
-8.167866661  3.548898446   6.04209347 -11.03164314  1.168767896  15.29894972 1776585376 1776585376
-8.315512226  3.223536327  6.159784094 -10.33626505  0.680246043  15.91741351 1776585376 1776585376
-8.493385679    2.8371318  6.264960136  -9.482113857 -0.1109776081   16.05739288 1776585376 1776585376
-8.665796132  2.437921672   6.36669625 -8.591580893 -1.094463775  15.73027542 1776585376 1776585376
-8.793644589  2.085235571  6.439991454 -7.772671405 -2.116740594  14.99750875 1776585376 1776585376
-8.824561066  1.951186524  6.431575256 -7.107318959 -3.010289231  13.96308871 1776585376 1776585376
-8.815815224  1.936328507  6.372509791 -6.644849301 -3.618021996    12.757706 1776585376 1776585376
-8.72163504 2.000355881 6.326094029 -6.396899529 -3.819185325  11.52041519 1776585376 1776585376
-8.498886396  2.163053193  6.283306676 -6.335191268 -3.550606133  10.38070533 1776585376 1776585376
-8.112931237  2.398679731  6.230275469 -6.401253342 -2.819214154  9.436274794 1776585376 1776585376
-7.776377487  2.552536965   6.16087184 -6.517451359 -1.704512602  8.739526177 1776585376 1776585376
-7.548382627  2.639078159  6.079901699  -6.602431739 -0.3501064715   8.291753388 1776585376 1776585376
-7.326049775  2.687727614  5.995138312 -6.587668697  1.056518934  8.041386205 1776585376 1776585376
-7.144348656  2.610072451  5.873635262 -6.425793364  2.309386777  7.897751392 1776585376 1776585376
-7.087271367  2.433018464  5.722448784 -6.105230234  3.212254349  7.756353426 1776585376 1776585376
-7.207704225   2.25548496  5.571232158 -5.649543329  3.609819063  7.515735731 1776585376 1776585376
-7.379348638  2.174834632  5.464661914 -5.117727112  3.413120859  7.100947631 1776585376 1776585376
-7.571987219  2.177579547   5.41109168 -4.587623294  2.615602777  6.481079062 1776585376 1776585376
-7.863401844  2.244648276  5.431660095 -4.146893897  1.292059091  5.679392102 1776585376 1776585376
-8.183963279  2.486585165  5.630740661  -3.873879612 -0.4018648933   4.774761207 1776585376 1776585376
-8.401487255  2.815721074  5.920295201 -3.829629056 -2.250372918  3.881662195 1776585376 1776585376
 -8.4585923 3.064623887 6.167543072 -4.033890551 -4.003183152  3.136354126 1776585376 1776585376
-8.42412696 3.278857028 6.446050542 -4.471058985  -5.41504088  2.670486093 1776585376 1776585376
-8.256463055  3.580032971   6.75314209 -5.090289788  -6.27510876  2.582232361 1776585376 1776585376
-7.88427775 3.920381565 6.974813456 -5.809545584 -6.443666734  2.926563588 1776585376 1776585376
-7.400996426  4.210839813  6.973395374 -6.532089769 -5.872753869  3.701253771 1776585376 1776585376
-7.046223538  4.327214766  6.881206014 -7.165012544 -4.613089976   4.84948514 1776585376 1776585376
-6.777096193  4.386835482  6.671569526 -7.624050924 -2.803617232  6.259128893 1776585376 1776585376
-6.554336029  4.369824978  6.287813064  -7.853484227 -0.6573236886    7.78468138 1776585376 1776585376
-6.521571731  4.293185289  5.805729612 -7.835430166  1.564107928  9.269485608 1776585376 1776585376
-6.782709433   4.17343879  5.307827174 -7.591916193  3.585271253   10.5717293 1776585376 1776585376
-7.09466051 4.091376133 5.068028292 -7.180866008  5.153773615    11.584768 1776585376 1776585376
-7.415983969  4.016462524  4.955407649 -6.689560144  6.079252501  12.24156783 1776585376 1776585376
-7.985858257  3.831641298  4.987179137 -6.201895761  6.256315512   12.5297334 1776585376 1776585376
-8.66270725 3.532330707 5.296225474 -5.803997763  5.673340571  12.48130992 1776585376 1776585376
-9.412052979  3.006782484    5.9559619 -5.552549073  4.420240072   12.1594327 1776585376 1776585376
-9.769615437  2.664305911  6.332961653 -5.470480969  2.673420263  11.63909392 1776585376 1776585376
-9.947468953  2.350652321  6.773020982 -5.537482059 0.6739500638  10.98702844 1776585376 1776585376
-10.03446697  1.801618836  7.289758701 -5.694318335 -1.307192262  10.25185268 1776585376 1776585376
-9.839615384  1.126170013  7.722722956 -5.851772534 -3.002663207  9.448251955 1776585376 1776585376
-9.383688029   0.47534432  7.796757102 -5.911210233  -4.17935528  8.549128487 1776585376 1776585376
-9.054953597 0.2251067787  7.616454267 -5.777647844 -4.666903224  7.503838056 1776585376 1776585376
 -8.656757507 0.02490923402    7.39979115 -5.372118341 -4.387669711  6.265466906 1776585376 1776585376
 -8.153841385 -0.1430434614   6.971463155 -4.659291122 -3.352998967  4.783070447 1776585376 1776585376
-7.710256727 -0.173957096   6.50004084 -3.645704464 -1.662610532  3.035631858 1776585376 1776585376
  -7.372795348 -0.01816932671     6.03868063 -2.387255114 0.5081690302  1.040790228 1776585376 1776585376
-7.252899258 0.1942917757  5.955856042 -0.9677419384   2.938900369  -1.115943834 1776585377 1776585377
 -7.21483351 0.3989462388  6.041310024 0.486460562 5.374080148 -3.32943922 1776585377 1776585377
-7.272508418 0.7019013675  6.380819587  1.833951365  7.587014337 -5.442351427 1776585377 1776585377
-7.439995686  1.001887189  7.056101646  2.935511477  9.360030773 -7.311078293 1776585377 1776585377
-7.645928436  1.249495963  8.023651697  3.669334752  10.56066329 -8.778951168 1776585377 1776585377
-7.644701514  1.302040569  8.808474793  3.964329842  11.10292563 -9.733579777 1776585377 1776585377
-7.57972999 1.436009554 9.437964619  3.726126228   11.0383388 -10.12088724 1776585377 1776585377
-7.473222261  1.425973459  9.972448629  2.961613437  10.37803216 -9.971199895 1776585377 1776585377
-7.293230139  1.354637076  10.22752207  1.703705795  9.273415748 -9.331180115 1776585377 1776585377
-6.990505293  1.087658161  10.03325875 0.05059644353   7.874690601   -8.29951343 1776585377 1776585377
-6.596083019 0.8354583821  9.821285919 -1.876382979  6.365278036 -7.003939566 1776585377 1776585377
-6.339182752 0.6741933548  9.456111283 -3.992077872  4.966520892 -5.579667786 1776585377 1776585377
-6.059694239 0.4482886849  8.783611649 -6.127876383  3.812977787 -4.156508991 1776585377 1776585377
-5.824058255 0.2932472322  8.160430297 -8.16182081 3.011917901 -2.84060336 1776585377 1776585377
-5.635561348 0.3977656056  7.555367236 -9.985952795  2.631742267  -1.68141401 1776585377 1776585377
-5.413607922 0.6146809768  7.366354454  -11.50223874   2.647986357 -0.6841374671 1776585377 1776585377
-5.241213446 0.9284933158  7.345222332 -12.68813878  2.971492809 0.2191534703 1776585377 1776585377
-5.058538285  1.292358754  7.478638977 -13.50307368  3.454704601   1.10582573 1776585377 1776585377
-4.841618128  1.801765026  7.798814283 -13.95943977  3.926843448  2.107617054 1776585377 1776585377
-4.531340825  2.439192975  8.218816642 -14.07672464  4.207334664  3.359070541 1776585377 1776585377
-4.19072797 2.921488174 8.513787936 -13.89011227  4.125517694  4.967829218 1776585377 1776585377
-3.97612148 3.349919638 8.641936696 -13.46769931  3.523830687  7.049655094 1776585377 1776585377
-3.808759601  3.710020447  8.670831885 -12.84231973  2.331675421  9.631702619 1776585377 1776585377
-3.678855826  3.974253508  8.581432012 -12.06282121 0.5515200275  12.70588863 1776585377 1776585377
-3.758162182  4.285087689  8.222349478 -11.15821723 -1.757804654  16.19435409 1776585377 1776585377
-3.83980649 4.422752203  7.99619354 -10.18308989 -4.433207723  19.95762789 1776585377 1776585377
-4.038419102  4.446150973   7.82206031  -9.06651395 -7.243368154  23.84568337 1776585377 1776585377
-4.354878936  4.384518153  7.700960917 -7.902162402 -9.938096748  27.60482681 1776585377 1776585377
-4.625452862  4.319976288  7.760635865 -6.733298706 -12.33348667  30.95486892 1776585377 1776585377
-4.826564512  4.182366138  8.123203558 -5.616746189 -14.21515577  33.66633809 1776585377 1776585377
-4.886018492  4.078033599  8.513841729  -4.61047215 -15.49321291   35.5013475 1776585377 1776585377
-4.926365038  3.811380852  8.927902162 -3.747878586 -15.96748693   36.4007224 1776585377 1776585377
-4.765878724  3.504725941  9.477210234 -3.143688777 -15.70813187  36.26145489 1776585377 1776585377
-4.456732193  3.350064113  9.959314574 -2.795199782 -14.80987491  35.08853609 1776585377 1776585377
-3.854323377  3.141471661  10.37637118 -2.726077431  -13.2816649   33.0750883 1776585377 1776585377
-3.461250266    3.0344979  10.45928881 -2.898480146   -11.277437  30.41007495 1776585377 1776585377
-3.196264409  2.825598614  10.39260946 -3.266793904 -8.952396731  27.33902998 1776585377 1776585377
-2.928772333  2.632477936  10.10229629 -3.770459304 -6.509581885  24.10313511 1776585377 1776585377
-2.844233305   2.51143281  9.662667735 -4.331543736 -4.124781195  20.93976935 1776585377 1776585377
-2.909642506  2.484947733  9.008528193 -4.885398558  -1.95299404  18.04412439 1776585377 1776585377
-3.188857716  2.586103463  8.464696306  -5.367647556 -0.1151885832   15.55879147 1776585377 1776585377
-3.557938942  2.714887507  8.041800432 -5.734565814  1.316847775  13.54781676 1776585377 1776585377
-4.089876379  2.913991018  7.659661331 -5.970058764  2.315112514  12.00344584 1776585377 1776585377
-4.643580694  3.000397217  7.503315611 -6.071254346  2.904818241  10.84386122 1776585377 1776585377
-5.217616638   2.97290111  7.627699705 -6.053264031  3.139721647  9.949536645 1776585377 1776585377
-5.586251799  2.820796784  7.895990012  -5.9403822 3.105029166 9.165821772 1776585377 1776585377
-5.806571535  2.596872777  8.164218186 -5.764323914  2.905583585   8.32354216 1776585377 1776585377
-5.89169211 2.193143501 8.564351086 -5.565314155  2.647832154  7.266472573 1776585377 1776585377
-5.785422357  1.532000156  9.006580321 -5.378107059  2.409031707  5.860127397 1776585377 1776585377
-5.390781971 0.5453129325  9.471631206 -5.230198189  2.251065407  4.032383684 1776585377 1776585377
 -4.961205106 -0.2338774318   9.721338404 -5.151782348  2.231478966  1.781835854 1776585378 1776585378
 -4.559375323 -0.7152153106   9.858586237  -5.152053122   2.368795851 -0.8352537565 1776585378 1776585378
-4.106184383 -1.101998562   9.92739526 -5.269709378  2.650482793 -3.703698824 1776585378 1776585378
-3.656095318 -1.310395868  9.960210822 -5.501903646  2.982663971 -6.679076987 1776585378 1776585378
-3.195492468 -1.251128335  10.00142066 -5.865933899  3.290549555 -9.568771054 1776585378 1776585378
 -2.867012344 -0.8760674196   10.09742292 -6.381206853  3.522383472 -12.16387825 1776585378 1776585378
 -2.585140133 -0.3345015924   10.23644066 -7.052072893  3.619074063 -14.27720216 1776585378 1776585378
-2.317858677 0.6181143612  10.47226639 -7.898864709  3.541080426 -15.75899655 1776585378 1776585378
-2.010755718  1.438344085  10.76531233 -8.895879769  3.176602117 -16.53135488 1776585378 1776585378
-1.63475769 2.434150172 11.15963752 -10.03718341  2.591440288 -16.56168008 1776585378 1776585378
-1.211018509  3.151976437  11.42247169  -11.2781659  1.847164625 -15.90517827 1776585378 1776585378
-0.8736621382    3.72754236   11.52602193 -12.60379719   1.00959989 -14.67516104 1776585378 1776585378
-0.5667458907   4.305867489   11.47913008 -13.95687754 0.1391673116 -13.04369935 1776585378 1776585378
-0.1688495647   4.448231647   11.33324287  -15.24210427 -0.7605867366  -11.22277773 1776585378 1776585378
0.1938186565  4.416059674  10.92757806  -16.4326132  -1.55376343 -9.394356812 1776585378 1776585378
0.5455988636  4.219592865  10.47141748  -17.4679008  -2.20594533 -7.726418594 1776585378 1776585378
0.8302681593  4.063992053  10.05138216 -18.33677203  -2.66757945 -6.304326644 1776585378 1776585378
0.989988871  3.81209414 9.559241123 -19.03422986 -2.900450632 -5.138988235 1776585378 1776585378
1.230416541 3.606400947 9.159332456 -19.53648581 -2.898347229 -4.203069767 1776585378 1776585378
1.435019935 3.535958189 8.821770358 -19.87837488 -2.638620571 -3.365024475 1776585378 1776585378
1.674212182 3.766998716 8.593627228 -20.08498719 -2.124874979 -2.490552037 1776585378 1776585378
1.854339999 4.106454728 8.459429895 -20.17575895 -1.399289015  -1.39342149 1776585378 1776585378
1.930301109 4.710639132 8.404089346  -20.16587484 -0.5106147115 0.05076214529 1776585378 1776585378
2.076087044 5.381342967 8.400200654 -20.07406903 0.4582214582  1.885910542 1776585378 1776585378
2.217675165 6.001104604 8.429853408 -19.89647865   1.40387047  4.124279616 1776585378 1776585378
2.343351383  6.60206232 8.436942937 -19.62730388  2.215567234  6.679925022 1776585378 1776585378
2.445989113 7.036309292 8.378664206 -19.24762152  2.776945142  9.424204383 1776585378 1776585378
2.484062123 7.336781689 8.316942181 -18.74233949  2.991842652  12.18315744 1776585378 1776585378
2.491757603 7.531534817 8.183156306 -18.10450267  2.813686624  14.73633703 1776585378 1776585378
2.362488466 7.524725374 8.118856545 -17.31814195  2.205857995  16.96250168 1776585378 1776585378
2.134395778 7.470533053 7.971114459 -16.39483004  1.200444951  18.68710536 1776585378 1776585378
1.929943047 7.590275051 7.699657625  -15.34755986 -0.1574933762    19.8611742 1776585378 1776585378
1.627867903  7.67000347 7.498398374 -14.15258885 -1.785421758  20.58589378 1776585378 1776585378
1.201720439 7.786799546 7.332577985 -12.82686941 -3.514497827  20.94997348 1776585378 1776585378
0.6435912888  7.890239194  7.292533248 -11.33701011 -5.154860132  21.14497911 1776585378 1776585378
-0.1788711583   8.000978851    7.38689489 -9.685893181 -6.526091657  21.32813423 1776585378 1776585378
-0.6962951884   8.062973683   7.515276653 -7.880174657 -7.465164012  21.66741095 1776585378 1776585378
-1.169288325  8.056844834  7.718353663 -5.861058308 -7.829901479  22.24962389 1776585378 1776585378
-1.394879593  7.949822166  7.989811419  -3.66207624 -7.522194231   23.1261652 1776585378 1776585378
 -1.4027063 7.774325768 8.239065945  -1.24507715 -6.516327681  24.17349485 1776585378 1776585378
-1.113768619  7.423772968   8.50497268 1.286461316 -4.97524321 25.33882702 1776585378 1776585378
-0.6080192757   7.065926129   8.695557708  3.882985053 -3.055873134  26.46896805 1776585378 1776585378
-0.02196036426     6.62800336    8.856576293   6.519666148 -0.9724929548   27.29967295 1776585378 1776585378
0.7102946105  6.175876555    8.9469076  9.084695861 0.9851528922  27.71669918 1776585378 1776585378
 1.39461861 5.921079685 8.921112956 11.49732663 2.636189836 27.55576645 1776585378 1776585378
2.156109866 5.708723387 8.900197763 13.65264692 3.783081949 26.76866571 1776585378 1776585378
2.749934839 5.589264572 8.905764943 15.44646327 4.358213488 25.37487632 1776585378 1776585378
3.086979263 5.502944453 9.001335601 16.82168248 4.340461957 23.38629719 1776585378 1776585378
3.359858591  5.52548008 9.136817953 17.70108888 3.783754768 20.97652832 1776585378 1776585378
3.449321716 5.627029988 9.245448957 18.05851651 2.800844079   18.302697 1776585378 1776585378
3.416017766  5.85167351 9.312014001 17.89153024 1.525287396 15.56424375 1776585379 1776585379
3.413210125 5.887546176 9.336401364  17.23370095 0.1084822445  12.96224221 1776585379 1776585379
3.278042144  5.76579249 9.379880979  16.15528949 -1.317644495  10.64887887 1776585379 1776585379
3.183029074 5.558055819 9.254117929  14.74354762 -2.640093751  8.772117017 1776585379 1776585379
3.100308487 5.400147567 9.027033848  13.10589052 -3.767309148  7.397004573 1776585379 1776585379
3.019006064 5.174714587 8.632189138  11.34909832 -4.638996098  6.557280169 1776585379 1776585379
2.981237517 4.852560411 8.214513145 9.564893157 -5.23793135 6.261965391 1776585379 1776585379
 2.93081759 4.478870944 7.875744445 7.836123236 -5.54287961 6.434895613 1776585379 1776585379
2.839836309 4.137551423 7.464691482  6.211052336 -5.577688109  6.989560927 1776585379 1776585379
2.727763507 3.983441107 7.178964747   4.71356298 -5.367956299  7.816141566 1776585379 1776585379
2.578752198 3.989095887 6.928432313  3.343695835 -4.941902479  8.805235282 1776585379 1776585379
2.396981353 4.080640719 6.789607044  2.082426206 -4.332926881  9.858972006 1776585379 1776585379
2.236297313 4.235847057 6.773397279 0.9049770552 -3.570803518  10.87972757 1776585379 1776585379
2.118749682 4.562489807 6.822585479 -0.2159365133  -2.699096403   11.78787615 1776585379 1776585379
 2.04551015 4.956121556 6.912152353 -1.300180206 -1.765380601  12.52723542 1776585379 1776585379
 2.03595348 5.400662002 7.010893194  -2.356164732 -0.8277760198   13.06075922 1776585379 1776585379
2.136436766 5.795853646 7.121388474   -3.37954743 0.04459170625   13.36113339 1776585379 1776585379
2.328041734 6.127498611 7.230464174 -4.356517808 0.7808499284  13.42813101 1776585379 1776585379
 2.67250851 6.354276891 7.306634433 -5.264999246  1.319542976  13.27240997 1776585379 1776585379
2.978400453 6.429025361 7.300882166 -6.077917726  1.631242755  12.91523314 1776585379 1776585379
3.266390953 6.380006419  7.24939433 -6.772037895  1.708223719  12.39420781 1776585379 1776585379
3.535627236 6.199056539 7.115469807 -7.328067839  1.583942817  11.75484631 1776585379 1776585379
3.667700592  5.98541647  6.94619031 -7.732443014  1.322136833  11.04487658 1776585379 1776585379
3.739152106 5.713361956 6.618952693 -7.97783027 1.015517435 10.31230288 1776585379 1776585379
3.659058194 5.665751042 6.359323756 -8.059197678 0.7705867889  9.604776674 1776585379 1776585379
3.627228327 5.642486629 6.136686828 -7.980940974 0.6967095718  8.967118452 1776585379 1776585379
3.509434007 5.869268235 5.744295479 -7.741518196 0.8687300926  8.437676275 1776585379 1776585379
3.292908433 6.375906747 5.349087146 -7.338130355  1.329301819  8.031808388 1776585379 1776585379
3.126389881 7.032001898 5.006554383 -6.778638881  2.075922223   7.76202921 1776585379 1776585379
3.068523178   7.5187633 4.822157702 -6.071649199   3.04891368   7.62311349 1776585379 1776585379
3.024118377 8.134169901  4.67740174 -5.22879598 4.142646754 7.585862385 1776585379 1776585379
3.085921526 8.599294395 4.595139912 -4.284721661  5.221588007  7.622495073 1776585379 1776585379
3.236442177 8.963045292 4.580389403 -3.27894504 6.139140128 7.680054278 1776585379 1776585379
3.591117792 9.187317847 4.650840355 -2.270827173  6.759187192  7.710335564 1776585379 1776585379
4.019902233 9.214321495 4.782626467 -1.32451807 6.972404622 7.665230134 1776585379 1776585379
4.768403032 9.017050473 5.083903945 -0.5007671988    6.71997201   7.496368185 1776585379 1776585379
5.330250633  8.81325829 5.289271468 0.1413194088  5.982226883  7.189178607 1776585379 1776585379
5.927623283 8.554340606 5.522994821 0.5582909074  4.811725933  6.735588311 1776585379 1776585379
6.531155034 8.272144619 5.743659289 0.7283674142  3.306668997  6.153342333 1776585379 1776585379
6.952074645 8.038854251  5.90907827 0.6507768879  1.601305456  5.489878538 1776585379 1776585379
7.311628273 7.739977167  6.05525485  0.3523061217 -0.1436643603   4.810210453 1776585379 1776585379
7.381448735  7.51443995 6.203221593 -0.1238354555  -1.791044212   4.198606543 1776585379 1776585379
7.202127313 7.271712861 6.414184893 -0.7181719216  -3.209063883   3.741828536 1776585379 1776585379
6.816412783 7.013699279 6.663055303 -1.361756467 -4.298997812  3.518284095 1776585379 1776585379
6.334839615 6.761819169  6.89341493 -1.995997138 -5.009356917  3.606577417 1776585379 1776585379
5.654127646 6.479872393 7.088526129 -2.566082994 -5.326287709  4.052540906 1776585379 1776585379
5.120529927 6.186244786   7.3278371  -3.02600224 -5.266501653  4.868547272 1776585379 1776585379
4.534182564 5.883172118 7.580564076  -3.35639117 -4.887588569  6.036076958 1776585379 1776585379
3.915586995 5.597299127 7.844023536 -3.545924304  -4.25635061   7.49380775 1776585379 1776585379
3.422906469 5.395818736 8.063870897 -3.607947754 -3.451671108   9.15816959 1776585379 1776585379
2.915271599 5.332205566 8.249500344 -3.573743548 -2.555185155  10.91912711 1776585380 1776585380
2.581038143 5.336937086 8.392044786 -3.473623293 -1.637359037  12.65197338 1776585380 1776585380
 2.32034839 5.453188181 8.465891511  -3.351597642 -0.7726082415   14.22320096 1776585380 1776585380
2.067389925 5.791429474 8.472874807   -3.246803552 -0.02244124648     15.5145639 1776585380 1776585380
1.905952458 6.007119082 8.490249672 -3.191004401 0.5567415918  16.42763467 1776585380 1776585380
1.820671201 6.297600224  8.44066138 -3.207835236 0.9140710671  16.88688771 1776585380 1776585380
1.830969826 6.442935888 8.404247377 -3.297461882  1.008729966  16.86036941 1776585380 1776585380
1.895156479 6.424527962  8.39905002 -3.447814244 0.8166024754  16.35059066 1776585380 1776585380
2.091768587 6.209031836 8.381089878 -3.626246743 0.3351578276  15.40222134 1776585380 1776585380
2.282385067 5.822627283 8.421599716   -3.78851563 -0.4072725583   14.09437806 1776585380 1776585380
2.594846781 5.153628311 8.505814148 -3.884452701 -1.350666867  12.52992163 1776585380 1776585380
 2.81630137 4.493185696 8.651436123 -3.866427877 -2.402716838  10.83227604 1776585380 1776585380
3.003412705 3.760649888 8.854431436 -3.700758079 -3.445878015  9.133293252 1776585380 1776585380
3.105924591 3.092042764 9.079870121  -3.36191677 -4.361887688   7.53921959 1776585380 1776585380
3.098749722 2.587824189 9.301778593 -2.856741248 -5.028815626    6.1550788 1776585380 1776585380
