1.77659e+09   0.703529 0.0320174  -1.14494 -0.511214  -0.14522  0.717333
1.77659e+09  0.729095 0.108716 -1.15665 -0.283919 -0.228716  0.704149
1.77659e+09  0.807925 0.213112 -1.15239 -0.416976 -0.167925   0.64287
1.77659e+09  0.797272 0.192872 -1.18328   -0.59471 -0.0800344    0.68413
1.77659e+09  0.708855 0.133218 -1.23442  -0.594222 -0.0919973   0.810839
1.77659e+09   0.74614 0.187546  -1.2717 -0.418441 -0.195757  0.816698
1.77659e+09  0.773837 0.270637 -1.28875 -0.666732 -0.176226  0.846971
1.77659e+09  0.793011 0.187546 -1.31431 -0.830306 -0.149126  0.805468
1.77659e+09  0.744009 0.119369 -1.36118 -0.682845  -0.15645  0.910204
1.77659e+09  0.745074 0.180089 -1.39634 -0.594222 -0.305864  0.908983
1.77659e+09  0.852666 0.174763 -1.36971  -0.74681 -0.354693   0.81743
1.77659e+09  0.997542 0.111912 -1.31644 -0.705794 -0.273638  0.827684
1.77659e+09  0.979433 0.094868 -1.33881  -0.473861 -0.0561086   0.647997
1.77659e+09  0.888885  0.18222 -1.41871  -0.372054 -0.0834524   0.693407
1.77659e+09  0.909125 0.241874 -1.43362 -0.693587 -0.169878  0.699755
1.77659e+09   1.01672 0.117239 -1.40166 -0.643538 -0.140093  0.608934
1.77659e+09   0.99115 0.167306 -1.42403 -0.412093 0.0437449  0.759081
1.77659e+09  0.824969 0.271702 -1.53482 -0.510482 -0.035845  0.608446
1.77659e+09  0.863319 0.185415 -1.53269 -0.792952 -0.201861  0.725389
1.77659e+09   1.00606 0.134283 -1.46558 -0.586898 -0.227007  0.826708
1.77659e+09  0.986889 0.213112 -1.50926 -0.545394 -0.139116  0.756639
1.77659e+09  0.966649 0.197133 -1.54547 -0.670394 -0.201861  0.680956
1.77659e+09   1.05613 0.144935  -1.5263 -0.697982 -0.212847  0.791796
1.77659e+09   1.12005 0.146001 -1.49221 -0.487777 -0.114947  0.744677
1.77659e+09   1.04867 0.221634  -1.5508   -0.48387 -0.0824758   0.664598
1.77659e+09   1.11685 0.230157 -1.53056 -0.668441 -0.114947  0.714159
1.77659e+09   1.19142 0.176893 -1.53269 -0.664046  0.117719  0.730272
1.77659e+09  0.964519 0.215243 -1.63709 -0.548079  0.196089  0.628221
1.77659e+09  0.870776 0.246136 -1.70526  -0.783431 -0.0204641   0.871141
1.77659e+09  0.993281 0.188611 -1.62963 -0.904036 -0.230913  0.812792
1.77659e+09   1.11579 0.099129 -1.62217 -0.572982 -0.100054  0.882616
1.77659e+09    1.1552 0.290877 -1.56358 -0.54222 0.252241  1.00322
1.77659e+09  0.952801 0.256788 -1.71911 -0.938704  0.510786  0.298143
1.77659e+09    0.557588 -0.0201806   -1.78942 -0.908431   0.20854   0.56328
1.77659e+09     0.558653 -0.00100582    -1.78835 -0.457259 -0.696245  0.918749
1.77659e+09   1.21699   0.2227 -1.49115 -0.69847  -1.0063   1.2061
1.77659e+09    1.9158 0.207786 -1.15772  -1.06077 -0.212847  0.922411
1.77659e+09     1.44708 -0.0968796   -1.42403 -0.855941  0.586225   0.33037
1.77659e+09   0.66731 -0.15973  -1.7809  -0.44432 0.0229929  0.734667
1.77659e+09     1.09129 -0.0148543   -1.61365 -0.424544 -0.889849   1.10234
1.77659e+09   2.09583 0.127891  -1.2195 -0.598372 -0.299273  0.812548
1.77659e+09   1.88597 -0.11712 -1.38995 -0.439193   0.93144  0.258593
1.77659e+09   0.565045 0.0171037   -1.9066 -0.648665   0.76103  0.523241
1.77659e+09   0.497933 -0.217255   -1.9588 -0.955062 -0.706499   1.04399
1.77659e+09    1.64522 -0.254539   -1.4283 -0.668441  -1.16622    1.2354
1.77659e+09    2.46015 -0.122446  -1.07143 -0.139388  0.237593  0.975389
1.77659e+09      1.4098 -0.0318985   -1.51991 -0.369857  0.977827 -0.362745
1.77659e+09  0.601264 -0.17784 -1.87464 -0.695785  0.204145  0.831835
1.77659e+09     1.1797 -0.287562  -1.56465 -0.530013 -0.930132    1.4063
1.77659e+09    2.33978 0.0139079  -1.04906 -0.211165 -0.299761   1.11528
1.77659e+09     1.96267 -0.0627912   -1.31005 -0.401351  0.946821  0.146288
1.77659e+09   0.695007 -0.116054  -1.80966 -0.465804  0.707319  0.222704
1.77659e+09   0.654527 -0.156534  -1.87251  -0.35472 -0.642046   1.23467
1.77659e+09    1.82951 0.0906069   -1.3271 -0.40013 -0.79732  1.25444
1.77659e+09   2.11607 0.126826 -1.24933 -0.360091  0.400923  0.628466
1.77659e+09      1.21592 5.94454e-05    -1.70846 -0.298812  0.904341 -0.202345
1.77659e+09   0.379689 0.0852806  -2.04828 -0.0991048  0.0640085   0.794725
1.77659e+09   1.15414 0.315378  -1.7287 -0.391341  -0.74312   1.19853
1.77659e+09   1.74216 0.321769 -1.48156   -0.54637 -0.0866262   0.695848
1.77659e+09   1.21912 0.239744 -1.68502 -0.340804  0.551069  0.203905
1.77659e+09  0.556523  0.24294 -2.08343 -0.186263  0.250044   0.43828
1.77659e+09  0.477693 0.388881 -2.04934 -0.605208 -0.936236   1.41313
1.77659e+09   1.46413 0.368641  -1.6307   -1.062 -1.04634 0.698778
1.77659e+09    1.8114 0.105521  -1.5018  -0.338363 -0.0297415   0.569872
1.77659e+09    1.1275 0.475167 -1.77664 -0.0593099   0.347456   0.640917
1.77659e+09  0.688615 0.498603 -2.00993   -1.76829 -0.0690481    1.38945
1.77659e+09     1.01246 -0.0627912   -1.83523  -2.05247 -0.835161  0.975389
1.77659e+09    1.52804 -0.419655  -1.50606 -0.797103 -0.469683   1.10796
1.77659e+09    1.4865 0.111912 -1.38036  0.239762 -0.272173   1.13579
1.77659e+09   1.61859 0.398468 -1.40166   -1.27513 0.00248511   0.903368
1.77659e+09    1.15307 -0.149078  -1.60619  -1.76268 -0.170611  0.237596
1.77659e+09     1.5323 -0.350413  -1.68715 -0.673812 0.0669382   1.16973
1.77659e+09   1.41726 0.188611  -1.6275 -0.0651693   0.605268   0.542528
1.77659e+09  0.781293 0.124695 -2.28264  -1.27342   1.19291 -0.409864
1.77659e+09  -0.292493 -0.289692   -2.5383 -1.60618 0.235884  1.65923
1.77659e+09   0.344535 -0.350413    -2.517  -1.09642 -0.959673  0.921678
1.77659e+09   0.530956 -0.537899  -2.02484 -0.762435  -1.67525  0.242235
1.77659e+09     1.49502 -0.0169848   -1.39847 0.206559 -2.89034   1.6187
1.77659e+09    3.28147  0.806465 -0.307637 -0.242415  -2.26558   1.40508
1.77659e+09    3.85458  0.502864 -0.537734 -0.965316   0.15019  0.650438
1.77659e+09   2.43884 0.205656 -1.13535 -1.26048  1.82988 0.364794
1.77659e+09   1.14668 0.333487 -1.55932 -1.20409 0.682173 0.947069
1.77659e+09   1.79649 0.173698 -1.31538  -1.37865 -0.556841   1.21684
1.77659e+09   2.28758 0.111912  -1.2994 -0.975081 -0.152056  0.818407
1.77659e+09    1.62179 0.0139079  -1.67224 -0.793441  0.251753  0.455614
1.77659e+09     1.34801 -0.0947491   -1.88103  -1.18773 -0.228228   1.28887
1.77659e+09    1.81886 -0.155469  -1.68715  -1.00389 -0.393023  0.837694
1.77659e+09    1.87745 -0.187427   -1.7564 -0.572738 0.0830515  0.276415
1.77659e+09     1.37145 -0.0777049   -2.09196 -0.583968 0.0688914  0.541552
1.77659e+09     1.47691 -0.0755743   -2.05467   -1.35887 -0.0717336    1.12822
1.77659e+09     1.3608 -0.398349  -1.95454  -1.94505 -0.526079  0.914598
1.77659e+09    2.71901 -0.798889  -1.22376 -0.649642  0.272993  0.986376
1.77659e+09    1.38956 -0.275844  -1.70953 0.323258 0.709516 0.100145
1.77659e+09    1.15946 0.0575837  -1.75959 -1.24364 0.644575 0.726854
1.77659e+09    1.62392 -0.669992   -1.3484 -1.18114 0.334272 0.265917
1.77659e+09    1.26066 -0.483571  -1.54121 0.016862  0.48393  1.05034
1.77659e+09   1.30008 0.078889  -1.3452 -0.973861  0.950483  0.804979
1.77659e+09    1.27451 -0.561335  -1.79262 -0.544417   1.01689 -0.440138
1.77659e+09   0.544805 -0.414328  -2.19422 -0.57347  2.99418  1.35332
1.77659e+09  -0.597159 -0.231103  -2.40088 0.606217  2.31889 -1.05098
1.77659e+09  -2.10131 0.233352 -2.80036 0.783219  1.03593 0.415331
1.77659e+09  -1.39185 0.629631 -2.45628 -0.263167 -0.814654   2.00054
1.77659e+09  0.0728925  0.545475  -1.51671  -2.45042 -0.966753   1.15898
1.77659e+09   0.322164 -0.607141  -1.28662 -0.878158 -0.215532 -0.548292
1.77659e+09  -0.0592003  -0.102206   -1.54015 0.429215 0.633589 0.978807
1.77659e+09  -0.105007  0.788355  -0.32042  -1.85521 -0.601031   1.97759
1.77659e+09    1.07957 -0.351478  0.314477 -3.92088 -1.79293  0.91411
1.77659e+09   2.51661 -1.51688 0.925939 -0.813216 -0.965777   2.09795
1.77659e+09    2.34191 -0.504876  0.794912 1.01589 1.18046 1.27397
1.77659e+09   0.93043 0.147066 0.337913  -1.10863   1.63115 -0.876417
1.77659e+09  0.672636 -1.04497 0.428461 -1.53709  1.60747 0.408739
1.77659e+09    0.38608 -0.708341  0.173862  0.44777 0.745405  1.49297
1.77659e+09  0.0558483 -0.178905 -0.145717 0.0544596  0.199507  0.395311
1.77659e+09   0.358383 -0.463331 -0.119085 -0.105941  0.107466  0.262987
1.77659e+09   0.371167 -0.242821 -0.167022 0.132585 0.787153  1.42803
1.77659e+09  -0.468262  0.168371 -0.584606  -0.496077    0.65727 -0.0360852
1.77659e+09  -0.530047 -0.415394 -0.646391 -0.570296  0.269087 -0.082716
1.77659e+09  -0.390498  -0.13949 -0.628282  0.525163 -0.196978   1.45073
1.77659e+09  -0.253078  0.501799 -0.595259 -0.352279 -0.159624  0.793993
1.77659e+09   -0.101811 -0.0446817  -0.452513   -1.0598 -0.159868  0.175341
1.77659e+09  -0.0762445  -0.274779   -0.45784 -0.544661  0.452436   1.12871
1.77659e+09  -0.536439  0.119369 -0.587802 -0.080306  0.209516  0.304003
1.77659e+09  -0.638704 -0.103271 -0.665566 -0.692122 -0.268755  0.424608
1.77659e+09   0.0856757 -0.0713133  -0.286332 -0.338363 -0.316118   1.10552
1.77659e+09   0.111242  0.137479 -0.183001 -0.415999  0.506147  0.632616
1.77659e+09   -0.430978 -0.0318985  -0.462101 -0.649398  0.637983 -0.058302
1.77659e+09  -0.845365 -0.153339 -0.614433 -0.568343  0.246137  0.949755
1.77659e+09   -0.538569 -0.0287027  -0.393924 -0.418685 -0.290972  0.953173
1.77659e+09    -0.274384 -0.00420161   -0.332138 -0.405745 -0.106157  0.664598
1.77659e+09    -0.34043 0.00538577  -0.349183 -0.662337  0.539839  0.818651
1.77659e+09   -0.887976 -0.0819659  -0.609107 -0.589095  0.471968  0.330858
1.77659e+09    -1.2214 -0.217255 -0.686871 -0.391829 -0.438677  0.953173
1.77659e+09  -0.417129 0.0852806 -0.445056 -0.453109 -0.806597   1.42119
1.77659e+09  -0.0826361   0.122565  -0.240526  -0.899642 -0.0434133   0.753466
1.77659e+09  -0.617399 -0.206602 -0.541995 -0.60765 0.278852 0.313524
1.77659e+09  -0.871997 -0.103271 -0.602715 -0.249251 -0.269732   1.21611
1.77659e+09  -0.343626  0.128956 -0.398185 -0.645003 -0.607622   1.29741
1.77659e+09   0.0526525 -0.0425511  -0.240526 -0.729964  0.056196  0.730028
1.77659e+09  -0.556679 -0.158665 -0.588867 -0.315658  0.638227  0.445848
1.77659e+09  -0.944435 0.0522574 -0.646391 -0.179671 0.0644968  0.912645
1.77659e+09  -0.651487  0.122565 -0.609107 -0.804915 -0.512652   1.19438
1.77659e+09  -0.651487  0.122565 -0.609107 -0.804915 -0.512652   1.19438
1.77659e+09  -0.362801 -0.124576 -0.533473 -0.61888 0.437544 0.603563
1.77659e+09   -1.13831 -0.113924 -0.433338 -0.210433 -0.530962  0.394823
1.77659e+09  -0.508742 0.0416048 -0.342791 -0.00779624     -1.9565     1.58965
1.77659e+09   1.21592 0.602999 0.536052 -0.0864095   -1.17525    1.60771
1.77659e+09   1.14774 0.455993 0.184515 -0.535628  0.892134  0.218554
1.77659e+09  -0.565201  0.148131 -0.353444 -0.680892   1.24467 -0.616896
1.77659e+09    -1.0435  0.192872 -0.600585 -0.165023  -0.29439   1.63408
1.77659e+09    -1.0435  0.192872 -0.600585 -0.165023  -0.29439   1.63408
1.77659e+09  0.818578 0.278093  0.28678  -1.10277 -0.304155  0.543261
1.77659e+09      0.1432 -0.0851617 0.00555052  -1.10277 -0.304155  0.543261
1.77659e+09  -0.595028  0.152392 -0.337465 -0.183577 0.0330027   1.00078
1.77659e+09  -0.595028  0.152392 -0.337465 -0.183577 0.0330027   1.00078
1.77659e+09  0.565045  0.20459 0.243105 -0.362533 -0.523882    1.0435
1.77659e+09  0.565045  0.20459 0.243105 -0.362533 -0.523882    1.0435
1.77659e+09   -0.14016   0.26318 -0.114824 -0.503158  0.231977  0.505175
1.77659e+09   -0.14016   0.26318 -0.114824 -0.503158  0.231977  0.505175
1.77659e+09   0.228421  0.337748 0.0833148  -0.554427 -0.0356008    1.16362
1.77659e+09  0.0675662  0.362249 0.0183337 -0.886702  0.377729  0.995409
1.77659e+09   -0.34043   0.18222 -0.210698 -1.14012 0.240034 0.930223
1.77659e+09   -0.34043   0.18222 -0.210698 -1.14012 0.240034 0.930223
1.77659e+09  0.00578086   0.151327  0.0247253  -0.365462 -0.0951711    1.13115
1.77659e+09   -0.147617   0.277028 -0.0359948 -0.650374 0.0342234  0.743944
1.77659e+09   -0.166792   0.108716 -0.0274727  -1.04881 -0.134722  0.943895
1.77659e+09   -0.166792   0.108716 -0.0274727  -1.04881 -0.134722  0.943895
1.77659e+09  -0.0133939   0.094868  0.0364432 -0.384505  0.123091   1.00517
1.77659e+09  -0.0133939   0.094868  0.0364432 -0.384505  0.123091   1.00517
1.77659e+09   -0.270123  -0.070248 -0.0551696  -1.10203 -0.410845   1.07109
1.77659e+09   -0.270123  -0.070248 -0.0551696  -1.10203 -0.410845   1.07109
1.77659e+09    0.267836 -0.0606606   0.194102 -0.522201 0.0288523  0.793505
1.77659e+09    0.267836 -0.0606606   0.194102 -0.522201 0.0288523  0.793505
1.77659e+09   -0.422455 -0.0798354  -0.147848 -0.665511 -0.177447  0.833544
1.77659e+09   -0.422455 -0.0798354  -0.147848 -0.665511 -0.177447  0.833544
1.77659e+09    0.182615 -0.0755743   0.144035  -0.40013 -0.156695  0.754442
1.77659e+09    0.182615 -0.0755743   0.144035  -0.40013 -0.156695  0.754442
1.77659e+09   -0.270123  -0.107532 -0.0935191 -0.873763 -0.431109  0.777391
1.77659e+09   -0.270123  -0.107532 -0.0935191 -0.873763 -0.431109  0.777391
1.77659e+09    0.353057 -0.0606606   0.209016  -0.126449 -0.0956594   0.691454
1.77659e+09    0.353057 -0.0606606   0.209016  -0.126449 -0.0956594   0.691454
1.77659e+09   -0.195554 -0.0425511 -0.0551696 -0.863509 -0.309527  0.845995
1.77659e+09   -0.195554 -0.0425511 -0.0551696 -0.863509 -0.309527  0.845995
1.77659e+09    0.419103 -0.0681175   0.255888  -0.293441 -0.0453665   0.606249
1.77659e+09    0.419103 -0.0681175   0.255888  -0.293441 -0.0453665   0.606249
1.77659e+09   -0.144421 -0.0116585  -0.048778 -0.695785 -0.121294   0.69829
1.77659e+09   -0.144421 -0.0116585  -0.048778 -0.695785 -0.121294   0.69829
1.77659e+09   0.307251 0.0171037  0.217538 -0.463607 -0.129595  0.881395
1.77659e+09   0.307251 0.0171037  0.217538 -0.463607 -0.129595  0.881395
1.77659e+09    0.018564 -0.0691827  0.0705317 -0.718245 -0.196001  0.784471
1.77659e+09    0.018564 -0.0691827  0.0705317 -0.718245 -0.196001  0.784471
1.77659e+09   0.297663 0.0373437  0.209016 -0.416976 -0.190874  0.704149
1.77659e+09   0.297663 0.0373437  0.209016 -0.416976 -0.190874  0.704149
1.77659e+09    0.207116 -0.0382901   0.164275  -0.76512 -0.239214   0.79619
1.77659e+09    0.207116 -0.0382901   0.164275  -0.76512 -0.239214   0.79619
1.77659e+09   0.314708 0.0213647  0.202624  -0.332259 -0.0148489   0.738817
1.77659e+09   0.314708 0.0213647  0.202624  -0.332259 -0.0148489   0.738817
1.77659e+09    0.226291 0.00858156   0.150427 -0.889388 -0.223101  0.892382
1.77659e+09    0.226291 0.00858156   0.150427 -0.889388 -0.223101  0.892382
1.77659e+09    0.338143 -0.0350943   0.197298 -0.270247 0.0732859  0.656542
1.77659e+09    0.338143 -0.0350943   0.197298 -0.270247 0.0732859  0.656542
1.77659e+09  0.155983 0.104455 0.118469  -0.343001 -0.0023977   0.691698
1.77659e+09  0.155983 0.104455 0.118469 -0.834701 -0.254107  0.901171
1.77659e+09   0.422299 -0.118185    0.2463   -0.40721 -0.0023977    0.75078
1.77659e+09   0.422299 -0.118185    0.2463   -0.40721 -0.0023977    0.75078
1.77659e+09    0.12509  0.126826 0.0886412  -0.687728 -0.0502493   0.816698
1.77659e+09    0.12509  0.126826 0.0886412  -0.687728 -0.0502493   0.816698
1.77659e+09   0.259314 -0.123511  0.136578 -0.970687 -0.149126  0.881639
1.77659e+09   0.259314 -0.123511  0.136578   -0.537581 -0.00142114    0.709032
1.77659e+09    0.115503 -0.0201806   0.075858 -0.254867  0.116987   0.78618
1.77659e+09  -0.0315034   0.107651  0.0162032 -0.585677 -0.120073  0.832323
1.77659e+09      0.10272 -0.00313635   0.0705317  -1.02415 -0.376909  0.843553
1.77659e+09    0.32323 -0.167187  0.186645 -0.817367  -0.23897  0.922899
1.77659e+09   0.314708 -0.124576  0.177058 -0.235091  0.112104   0.65703
1.77659e+09  0.0292167 0.0448006 0.0375085 -0.315658 0.0588816  0.721483
1.77659e+09  -0.00593705   0.0373437   0.0183337 -0.972152 -0.374956  0.942675
1.77659e+09   0.395668 -0.166122  0.210081 -0.960433 -0.405962  0.821337
1.77659e+09   0.462779 -0.208732   0.24417 -0.390609 0.0247019  0.897997
1.77659e+09    0.135743 -0.0361595   0.080119 -0.369368 0.0539988  0.734911
1.77659e+09   0.132547 -0.100075 0.0769232 -0.996077 -0.295855   1.01396
1.77659e+09   0.477693 -0.251343  0.171732 -0.927718 -0.112993  0.794481
1.77659e+09   0.247596 -0.369587  0.103555 -0.294661  0.181196  0.522509
1.77659e+09   -0.053874  -0.182101 -0.0967149 -0.0932455  -0.182573   0.792528
1.77659e+09    0.277423 -0.0585301  0.0875759 -0.760726 -0.445513   1.06279
1.77659e+09   0.387146  -0.22045 0.0747927  -1.34642 -0.598101   1.03667
1.77659e+09  0.751466 -0.62099 0.422069  -1.06077 -0.299273  0.695604
1.77659e+09   0.730161 -0.566661  0.330456  0.371598 0.0913523  0.640184
1.77659e+09    0.427626 -0.0627912   0.175993 -0.188949  0.460493  0.735399
1.77659e+09    0.243335  -0.193819 -0.0285379   -1.687 0.300825  1.06011
1.77659e+09   0.191137 -0.872392  0.158949 -1.44334 0.260786 0.609178
1.77659e+09   0.0931325  -0.875588 0.00341999  0.52028  0.22563 0.740282
1.77659e+09    -0.21899  -0.090488 -0.0306685  0.464616 0.0315378  0.877733
1.77659e+09   -0.0229813 -0.00952793  -0.0477127  -1.59373 -0.404009   1.17949
1.77659e+09    0.30512 -0.862805  0.272932     -1.5139 -0.00410669    0.437792
1.77659e+09   0.114438 -0.763735 0.0620095 0.455827 0.397993  1.06157
1.77659e+09   -0.602485 -0.0777049  -0.207502 0.0378581  0.209516  0.427782
1.77659e+09  -0.604616 -0.404741 -0.250113 -1.09447 -1.10469  1.06841
1.77659e+09  0.495803 -0.60288 0.254822  -1.01683 -0.987993   1.29668
1.77659e+09   0.826034 -0.518724  0.481724 -0.0148763  0.0791453   0.648241
1.77659e+09  -0.0847666  -0.403676 -0.0711485 -0.185042  0.545698  0.144823
1.77659e+09  -0.475719 -0.423916 -0.187262 -0.51805 -0.25728 0.965624
1.77659e+09   0.154918 -0.486766  0.055618 -0.841292 -0.802202   1.32085
1.77659e+09  0.751466 -0.47931 0.363479  -0.488997 -0.0710012   0.808641
1.77659e+09   0.349861  -0.62099 0.0492264 0.0925456  0.867719  0.194139
1.77659e+09  -0.800624 -0.293954  -0.37901 0.131364 0.508589 0.265917
1.77659e+09  -0.732447 -0.255604 -0.330008 -0.705306 -0.787554    1.5081
1.77659e+09   0.422299 -0.331238  0.199429  -1.04906 -0.974322   1.01348
1.77659e+09   0.691811 -0.531508  0.230321 -0.137923  0.207075  0.547899
1.77659e+09  -0.0932887  -0.417524  -0.170218   0.302507   0.785444 -0.0146008
1.77659e+09   -0.883715 -0.0563996  -0.372618  -0.336654 -0.0854055    1.20415
1.77659e+09  -0.204076 -0.203406 -0.142521 -0.99974 -1.04927 0.973925
1.77659e+09   0.64707 -0.44096 0.248431 -0.609359 -0.300249  0.772997
1.77659e+09   0.410581  -0.42072 0.0215295 0.381608 0.722456 0.305712
1.77659e+09  -0.766536  0.099129 -0.393924 -0.25804 0.735884 0.531786
1.77659e+09  -0.847496 -0.184231 -0.391793 -0.915267  -0.64229  0.647264
1.77659e+09   0.0696967  -0.397284 -0.0338643 -0.859603 -0.951616   1.25737
1.77659e+09   0.745074 -0.255604  0.200494 -0.0395345   0.298139    1.01299
1.77659e+09  -0.423521 -0.113924  -0.32042 -0.151351  0.823774 -0.712599
1.77659e+09   -1.45363 -0.178905  -0.68261 -0.605452 -0.558062   1.08281
1.77659e+09   -0.331908 -0.0915533  0.0151379 -2.05199 -2.50435  2.53545
1.77659e+09    1.73897 -0.333368  0.929135 -3.07762 -2.24068  2.65801
1.77659e+09   2.25775 -1.32939    1.237 -1.62816 0.519331  1.26933
1.77659e+09     1.103 -1.63299 0.139774   1.85036   2.07011 -0.870802
1.77659e+09   -1.20756  0.310051 -0.883945  2.50905  1.88115 0.703661
1.77659e+09  -0.933782  0.968385 -0.666631 -0.513411   1.05498  0.202684
1.77659e+09   -1.08505 0.0575837  -0.33853 -1.41014  -1.0378  1.04058
1.77659e+09    -0.193424 -0.00739741   -0.405642 -0.598617  -1.98799   1.99126
1.77659e+09   1.19568 0.310051 0.289976 0.339616 -0.73189 0.793505
1.77659e+09     1.04335   0.540148 -0.0423864  0.59694  1.04472 0.645067
1.77659e+09  -0.45974  1.00141 -0.30018 -0.914046   1.33256  0.145555
1.77659e+09  -0.709012  0.261049 -0.355574 -0.738265 -0.105425  0.260302
1.77659e+09    0.187941   0.444275 -0.0775401  0.513688 -0.683062   1.35503
1.77659e+09   0.454257    1.2102 0.0470958 -0.0949544   0.019575    1.11138
1.77659e+09  0.0941978  0.768115 -0.114824 -1.72386 0.776899 0.345995
1.77659e+09  -0.598224 0.0362784 -0.435469 -1.29564 0.646528 0.845262
1.77659e+09  -0.788906 0.0629101  -0.45784 0.0366374 -0.225786  0.905809
1.77659e+09  -0.296754  0.486885 -0.180871 -0.033431 -0.916948   1.13701
1.77659e+09  0.539478 0.614717 0.206886 -0.677718  -0.52315  0.380175
1.77659e+09    0.394602   0.152392 -0.0253421 -0.660384  0.762495    0.2791
1.77659e+09  -0.487437  0.215243 -0.274614 -0.0556478    1.00517   0.384813
1.77659e+09  -1.19051 0.448536 -0.52069 0.0869303 -0.208941  0.371141
1.77659e+09  -0.177445   0.46345 -0.048778 -0.251204  -1.01631  0.934862
1.77659e+09  0.680093 0.763854 0.351761  -0.28221 -0.248003   1.20366
1.77659e+09   0.0718273   0.504995 -0.0977801 -0.400863  0.748579 -0.483107
1.77659e+09   -1.12873  0.432557 -0.463166 -0.135238 -0.075884  0.706102
1.77659e+09   -0.29995  0.719113 -0.105237 -0.101302  -1.23458   1.28032
1.77659e+09  0.949605 0.901273 0.592511 -0.654036 -0.730913   1.16411
1.77659e+09  0.813251 0.547605 0.377328 -0.433577  0.576216  0.418016
1.77659e+09  -0.489567  0.573172  -0.13826 -0.134505  0.419721  0.241991
1.77659e+09    -0.11779   0.698873 -0.0881928 -0.257552 -0.503374   1.11186
1.77659e+09  0.669441 0.802204 0.363479 -0.212386 -0.592974  0.822802
1.77659e+09  0.732291 0.759593 0.313412 -0.271468  0.428022  0.814745
1.77659e+09   0.0941978    0.78942 0.00448526 -0.283431  0.576948 0.0881824
1.77659e+09  -0.332973   0.66798 -0.141456 -0.346419 -0.247271   0.61455
1.77659e+09   0.38608 0.690351 0.112077  0.209489 -0.999956  0.706591
1.77659e+09   1.13709  1.13137 0.530726  0.204362 -0.395952   1.12578
1.77659e+09   1.55148  1.30501 0.538183 -1.59788  1.75444  2.44316
1.77659e+09  0.602329  1.08343 0.120599 -3.99583  3.75639  2.29448
1.77659e+09   -1.69758 -0.423916 -0.958514   -3.93382    3.27983 -0.0709973
1.77659e+09   -2.57749  -1.16321 -0.946796 -0.423812  0.636518   2.49834
1.77659e+09   -1.26082  0.226961 -0.232003 0.608903 -2.20015   2.9456
1.77659e+09   1.19888 0.629631   1.0346 -2.07786 -1.56905 0.943895
1.77659e+09    1.26279 -0.639099  0.803434    -1.76878    0.649214 4.76534e-05
1.77659e+09  -0.209403 -0.741365  0.184515 0.0110026   1.48198  0.566942
1.77659e+09  -0.691967  0.128956 0.0204642 0.518083 0.288618  1.19341
1.77659e+09  0.249726 0.159849  0.40609  -1.11766 -0.390093  0.864794
1.77659e+09   0.702464 -0.333368   0.60849 -1.20018 0.250288  1.17778
1.77659e+09   0.351992 -0.318455  0.401829 -0.303939   0.83769  0.486132
1.77659e+09   -0.362801 -0.0990101  0.0715969 -0.0871419    0.32768   0.342089
1.77659e+09    0.133613 -0.0883575   0.195168   -0.535628 4.37052e-05     1.05693
1.77659e+09    0.437213 -0.0159195   0.338978 -0.45555 0.400434 0.916063
1.77659e+09  -0.0144592  -0.130968   0.059879 -0.540755  0.799116 0.0830555
1.77659e+09   -0.400085   -0.17997 -0.0903233 -0.174056  0.330122  0.727831
1.77659e+09   -0.147617  0.0906069 0.00448526 -0.409408 -0.236529    0.9666
1.77659e+09    0.283815 -0.0191153   0.161079 -0.782454 -0.110552  0.475878
1.77659e+09   0.277423 -0.208732  0.168536 -0.277083  0.379194  0.642626
1.77659e+09  0.00365033  0.0597143 0.00874632 -0.03514 0.519575 0.622118
1.77659e+09   -0.144421   0.135348 -0.0498432 -0.576644  0.216108  0.477098
1.77659e+09   0.0590441 -0.0787701  0.0268558 -0.774642 -0.093218  0.759081
1.77659e+09    0.28488 -0.065987  0.105685 -0.419173 0.0850046  0.731981
1.77659e+09    0.356253 -0.0478775   0.138709 -0.292952  0.590132  0.658251
1.77659e+09   -0.115659  0.0597143 -0.0146895 -0.634749  0.400434  0.971971
1.77659e+09  -0.0464171  -0.114989  -0.137195     -1.06297 -0.000932857     0.923143
1.77659e+09   0.312577 -0.462265 0.0854454 -0.509261  0.344526  0.958788
1.77659e+09    0.16344 -0.195949 -0.130803  0.38527  0.80351 0.679003
1.77659e+09  -0.562005  0.172632 -0.367292 -0.463118  0.905805  0.540819
1.77659e+09  -0.587571 -0.248147 -0.443991 -0.832259  0.259077  0.647264
1.77659e+09  -0.280775 -0.334434 -0.352378 -0.0673666   0.255171    1.06182
1.77659e+09  -0.342561 0.0501269 -0.388597 0.313005 0.532759 0.664843
1.77659e+09  -0.779319  0.171567 -0.598454 -0.619124  0.536421  0.581102
1.77659e+09  -0.753753 -0.175709 -0.583541  -0.78807 0.0598582  0.728075
1.77659e+09  -0.451218  -0.20021 -0.447187 -0.185775  0.109907   1.02593
1.77659e+09  -0.434173  0.038409 -0.367292 0.212419 0.360151 0.366991
1.77659e+09  -0.853888   0.16411 -0.464231  0.0837565 -0.0565969   0.506884
1.77659e+09  -0.586506   0.18222 -0.368357 0.0840006 -0.779986  0.992235
1.77659e+09  0.229486 0.547605 0.202624 -0.334212 -0.712603   1.49956
1.77659e+09  0.772771 0.530561 0.422069 -1.07762 0.168745  1.02397
1.77659e+09  0.00791139   0.107651    0.12273 -1.31566 0.621382 0.987596
1.77659e+09   -0.237099   -0.13736 -0.0114937  -0.915023 -0.0417043    1.33818
1.77659e+09    0.273162 -0.0745091   0.258018 -0.154036 -0.336382   1.16533
1.77659e+09  0.542674  0.16198 0.341109 -0.257796  0.348677   1.17095
1.77659e+09   -0.0336339    0.119369 -0.00616739  -0.9243 0.837934 0.570848
1.77659e+09  -0.591833 -0.325911 -0.206437 -0.894515  0.401655   0.87285
1.77659e+09  -0.429912 -0.282236 -0.191523  0.134538 -0.369829   1.25615
1.77659e+09   -0.074114    0.10339 -0.0573001 0.0510417  -0.34273   1.01225
1.77659e+09  -0.0208508  0.0799543 -0.0626264 -0.460189 -0.123003   0.73369
1.77659e+09   -0.189163 -0.0968796  -0.155304  -0.509261 -0.0502493   0.931932
1.77659e+09  -0.162531 -0.013789 -0.124412 -0.0927572  -0.295855   0.864305
1.77659e+09    0.018564   0.136413 -0.0743443 -0.199691 -0.331499  0.899218
1.77659e+09    0.110177   0.157719 -0.0455822 -0.582503 -0.219683   1.02837
1.77659e+09     0.086741 -0.00526688  -0.0626264  -0.764388 -0.0605032   0.867235
1.77659e+09   0.0153682  -0.172513 -0.0935191 -0.360579   -0.0273  0.831591
1.77659e+09   0.0526525  -0.034029 -0.0615611 -0.0571126 -0.0524465   0.924608
1.77659e+09  0.0217598 0.0767585 -0.105237   -0.27806 -0.0812551   0.735399
1.77659e+09  0.00897665 -0.0212458  -0.112694 -0.629867 -0.111529  0.892382
1.77659e+09   0.0633051   -0.11712 -0.0764748  -0.315169 -0.0692922   0.793016
1.77659e+09   0.0388041 0.00112471 -0.0775401 -0.0397787 -0.0299856   0.856005
1.77659e+09  -0.053874  0.119369 -0.139325 -0.314681 -0.131304  0.860399
1.77659e+09   0.0590441  0.0266911 -0.0573001 -0.584456 -0.242632  0.970995
1.77659e+09     0.179419 -0.00952793   0.0247253  -0.275374 -0.0927297   0.803514
1.77659e+09  0.0878062  0.106586 -0.032799 -0.166488 0.0251902  0.753221
1.77659e+09  -0.0432213   0.126826  -0.103106 -0.517806 -0.107866  0.860399
1.77659e+09    0.110177  0.0373437 -0.0200158 -0.537093 -0.230913  0.918261
1.77659e+09   0.214573 0.0724974 0.0407043 -0.314437 -0.075884  0.825243
1.77659e+09   0.0803494   0.117239 -0.0445169 -0.361556 0.0395945  0.756639
1.77659e+09  -0.0165897  0.0714322 -0.0967149  -0.539779 -0.0800344   0.887743
1.77659e+09   0.0941978  0.0309521 -0.0423864 -0.514632 -0.155718  0.925341
1.77659e+09     0.155983   0.0490616 -0.00510212   -0.325911 -0.00679223    0.760057
1.77659e+09  0.00684612   0.102325 -0.0935191 -0.290755 0.0322703  0.751757
1.77659e+09  -0.0197855   0.139609  -0.104172  -0.476302 -0.0868704   0.867235
1.77659e+09   0.0771536   0.112977 -0.0604959 -0.523177 -0.108355  0.874803
1.77659e+09   0.0601093   0.094868 -0.0722138  -0.390853 0.00907691   0.807909
1.77659e+09  -0.0528087   0.148131  -0.129738  -0.328597 -0.0439016   0.801073
1.77659e+09  -0.00487179    0.181154  -0.0988454 -0.464095 -0.154253  0.857225
1.77659e+09   0.0920673    0.18435 -0.0477127 -0.521468 -0.148882  0.897264
1.77659e+09   0.0941978   0.187546 -0.0445169  -0.505843 -0.0522024   0.805223
1.77659e+09   0.0558483   0.195003 -0.0583653  -0.389144 -0.0580618   0.779833
1.77659e+09    0.086741   0.264245 -0.0359948  -0.370101 -0.0714895   0.859911
1.77659e+09     0.131482    0.322835 -0.00723265  -0.441146 0.00956519   0.821093
1.77659e+09   0.0558483   0.317508 -0.0242769 -0.502913  0.080366  0.739061
1.77659e+09  -0.0144592   0.298333 -0.0498432  -0.416976 -0.0175344   0.764208
1.77659e+09  0.0366735   0.36438 -0.012559 -0.344466 -0.146441  0.842577
1.77659e+09   0.154918  0.448536 0.0407043  -0.446029 -0.0575735   0.766649
1.77659e+09   0.106981  0.442144 0.0140726 -0.563216  0.076948  0.739794
1.77659e+09  -0.0101981   0.419774 -0.0391906    -0.5493 0.00810035   0.736864
1.77659e+09    0.034543     0.4251 -0.0104284 -0.490218 -0.126665   0.77788
1.77659e+09  0.148526 0.492212 0.055618 -0.395003 -0.108599  0.737108
1.77659e+09   0.167701   0.56678 0.0684011 -0.509261 0.0303171  0.702196
1.77659e+09  0.0760883  0.542279 0.0375085 -0.686995 0.0376414  0.674852
1.77659e+09  0.0760883   0.48369 0.0364432  -0.642318 -0.0817434   0.737352
1.77659e+09   0.180484  0.511386 0.0907717  -0.434554 -0.0605032   0.708788
1.77659e+09   0.167701   0.60513 0.0790538 -0.455794 0.0503367  0.783251
1.77659e+09    0.10272  0.604064 0.0385737 -0.729964  0.107466  0.669237
1.77659e+09  0.0409346   0.46558 0.0257905 -0.679183 0.0181101  0.721971
1.77659e+09  0.0760883  0.529496 0.0449653    -0.4243 -0.0861379   0.762499
1.77659e+09   0.148526  0.633892 0.0705317  -0.359847 -0.0316946   0.656298
1.77659e+09   0.134678  0.716982 0.0524222 -0.581527  0.064741  0.699022
1.77659e+09  0.0356083  0.698873 0.0140726   -0.916732 -0.00288598    0.733446
1.77659e+09   0.112307  0.568911 0.0407043   -0.90599 -0.0917532   0.657274
1.77659e+09   0.207116  0.552932 0.0790538 -0.626937   0.10893  0.820848
1.77659e+09  0.0675662  0.675437 0.0204642 -0.714583   0.29643  0.715136
1.77659e+09   -0.147617    0.54441 -0.0775401 -1.02562 0.153852 0.627489
1.77659e+09   -0.109268   0.379294 -0.0434516 -0.746077 -0.112993  0.787157
1.77659e+09   0.114438  0.531626 0.0652053  -0.418441 -0.0180227   0.887011
1.77659e+09  0.0728925  0.654132  0.039639 -0.721908  0.319136  0.595507
1.77659e+09   -0.227512   0.486885 -0.0786054 -0.997298  0.304975  0.580614
1.77659e+09  -0.301015   0.38675 -0.105237  -0.855697 -0.0724661   0.883348
1.77659e+09  -0.037895  0.446405   0.02366 -0.659896 -0.147173  0.937548
1.77659e+09  0.0696967  0.508191 0.0630748 -0.738509  0.199262  0.794237
1.77659e+09   -0.271188   0.432557 -0.0935191 -0.983138  0.267866  0.549608
1.77659e+09   -0.362801   0.251462 -0.0945843  -1.02586 -0.194536  0.944384
1.77659e+09  0.0419998  0.293007 0.0811843 -0.699935  -0.28731   1.04033
1.77659e+09  0.131482 0.389946 0.129121 -0.722152   0.15727  0.766405
1.77659e+09   -0.196619   0.281289 -0.0264074 -1.02074 0.318891 0.629686
1.77659e+09   -0.344691   0.094868 -0.0423864   -1.04491 -0.0675832   0.936815
1.77659e+09  -0.0879624  0.0682364  0.0875759 -0.547835 -0.390093  0.903368
1.77659e+09  0.0878062  0.239744  0.178123 -0.436507 -0.268755  0.810594
1.77659e+09  0.179419 0.281289 0.277193  -0.656478 -0.0199758   0.663134
1.77659e+09  0.0260209  0.233352  0.182384  -0.456038 -0.0412161   0.623094
1.77659e+09  -0.152944  0.373967 0.0183337 -0.813216 -0.535845  0.989061
1.77659e+09  0.318969 0.271702 0.227126  -1.18333 -0.826128   1.01665
1.77659e+09  0.891016 0.117239 0.433787   -0.448958 -0.00728051    0.867723
1.77659e+09  0.553327 0.291942 0.128056 0.323747  1.06206 0.619677
1.77659e+09  -0.736709  0.757462 -0.367292 -0.514632  0.784468  0.544969
1.77659e+09  -0.975328  0.367576  -0.50045   -1.1887 -0.957964   0.93535
1.77659e+09   0.245465   0.20246 -0.053039 -0.591536  -1.60396  0.989061
1.77659e+09   1.45134 0.447471 0.433787   0.861589 0.00248511   0.714891
1.77659e+09  -0.0996803    1.11433  -0.341726 -0.290755   1.03886  0.325731
1.77659e+09   -1.13725  0.597673 -0.511103  -2.58592 -0.260454   1.09819
1.77659e+09  0.0590441 -0.516594 -0.141456  -1.3391 -1.68526  1.28618
1.77659e+09    1.28942 0.0703669  0.416743   1.34255 -0.461382   1.73442
1.77659e+09    0.68755  0.919383 0.0119421 -0.192855   1.40947  0.821825
1.77659e+09   -1.28212  0.254658 -0.602715  -2.45213  0.703657 0.0312977
1.77659e+09  -0.930587 -0.891567  -0.35877 -1.02367   -1.571  1.89995
1.77659e+09   0.920843 0.0980638  0.452962 0.554215 -1.35689  1.78594
1.77659e+09   1.19036 0.170502 0.509421  0.748307  0.359419 -0.543165
1.77659e+09  -0.327647  0.412317 -0.146782  0.0564127   0.937055 -0.0951672
1.77659e+09  -0.689837  0.461319 -0.203241 -0.647201    0.1248   1.18364
1.77659e+09  -0.122051  0.294072  0.189841 -0.115218  -1.44893 -0.224073
1.77659e+09  0.942148 0.515647 0.396503 -0.262435 -0.663531   1.72124
1.77659e+09  0.978367 0.925774 0.473202 -0.484359  0.746626  0.446825
1.77659e+09   -0.270123    0.34627 -0.0402558 -0.841048  0.841108   -1.2375
1.77659e+09  -0.901824  0.236548 -0.331073  0.101579 -0.766314     1.731
1.77659e+09  0.455322 0.942818 0.428461 -0.818099  -1.69039   1.71977
1.77659e+09   1.70275 0.606195  1.09638  -1.07298 -0.958697 -0.293654
1.77659e+09    1.08063 0.0341479  0.721408 0.00196938   0.320356  -0.147657
1.77659e+09  0.627895  0.62537 0.607425 0.701188 0.264448 0.760546
1.77659e+09  0.376493 0.902338 0.480659 -0.741927 -0.902544  0.375292
1.77659e+09   1.25001 0.177959 0.947244 -1.48558 -1.45357 0.425096
1.77659e+09    2.17999 0.0671711   1.36376 0.313249 -0.65645 0.618212
1.77659e+09   2.07346 0.596608  1.14219 0.844987  1.11845  1.13994
1.77659e+09   2.01593  1.16226 0.938722  -2.15672   3.18754 -0.496046
1.77659e+09    0.48728  0.939623 -0.628282 -3.99583  4.00102  3.69243
1.77659e+09  -4.29895 -1.97175 -2.40834 -3.99583  4.00102 -1.89839
1.77659e+09  -6.58927 -3.49294 -2.89943   2.79445 -0.456988  0.457323
1.77659e+09  -3.19001 0.175828 -1.27809   4.0038 -3.99861  4.00493
1.77659e+09  2.76162 2.29038  1.5864 -3.99583 -3.99861   1.7437
1.77659e+09   4.66312 -2.15604  2.27563 -3.99583  3.05717 -2.24556
1.77659e+09  -0.840039   -3.2181  0.299564  1.57912  4.00102 -2.48115
1.77659e+09  -4.37778 0.142805 -1.66905  2.4944 1.69072 3.80303
1.77659e+09    -1.64964 -0.0585301  -0.624021 -3.45799 -3.46456  1.07256
1.77659e+09   1.84336 -2.25084 0.686255 -3.99583 -1.46626 0.756395
1.77659e+09   0.491541  -2.42342 0.0524222 -0.0986166    1.57158   0.208055
1.77659e+09   -1.5804 -1.00342 0.475332   1.80104 -0.202349  -1.48164
1.77659e+09  -0.0613308  -0.379175   0.723539  1.22487 -3.04683  2.34819
1.77659e+09   3.14512 0.575302  1.99333 -0.479232  -1.42647   2.27837
1.77659e+09    2.56135 -0.283301   1.25298  -2.01243   3.04912 -0.444288
1.77659e+09  -0.928456 -0.574118  0.280389 -0.391097   2.82939  -2.03755
1.77659e+09    -2.30904 -0.0968796  -0.535604 -0.145003   0.41435   2.40483
1.77659e+09   -0.598224 0.00325524   0.080119 -1.05369  -2.5002  1.36064
1.77659e+09     1.2319 -0.264126  0.699038 -1.36961 -1.47872   1.2271
1.77659e+09    1.29049 -0.404741  0.639383 -0.613021  0.963667   1.41167
1.77659e+09   0.0419998  -0.476114 -0.0679527 -0.306136   1.78032 -0.747267
1.77659e+09    -1.51648 -0.0830312  -0.732678 -0.668197  0.586958    1.5435
1.77659e+09  -0.800624 -0.257735 -0.406707  -2.29051 -0.998491   1.59258
1.77659e+09   0.631091 -0.997028  0.236713  -1.28734 -0.859575  0.423632
1.77659e+09   0.831361 -0.875588  0.227126 0.580339 0.773237  1.39897
1.77659e+09  -0.557744 0.0373437 -0.263961 -0.21971 0.706343 0.183886
1.77659e+09  -0.744165  -0.60075 -0.513233  -2.00584 -0.380327  0.835497
1.77659e+09   0.434017  -1.15149 0.0950327  -0.73387 -0.581011   1.15947
1.77659e+09   0.862253 -0.563465  0.231387 0.635514  0.48393 0.965868
1.77659e+09  -0.131638 -0.111793 -0.192589 -0.389632  0.770796 -0.550734
1.77659e+09   -0.62379 -0.596489 -0.408837  -1.45897 0.0493601   1.18486
1.77659e+09   0.128286  -0.82339 0.0268558 -0.499251  -0.78145  0.950487
1.77659e+09   0.721639 -0.492093   0.14297  0.450456 -0.275347  0.444384
1.77659e+09   0.526695 -0.123511 0.0929022 -0.109359  0.525923  0.609911
1.77659e+09  0.0238904 -0.249212 -0.155304 -1.04198 0.598677 0.257616
1.77659e+09  -0.0293729  -0.573053  -0.125477 -0.674788  0.126509   0.46538
1.77659e+09    0.268901  -0.458004 -0.0157548 0.235368 0.121137 0.519335
1.77659e+09    0.185811 -0.0457469 -0.0391906 0.261979 0.233442 0.455126
1.77659e+09  -0.102876 0.0767585 -0.226677 -1.20116 0.132856  1.04009
1.77659e+09    0.169832  -0.545356 -0.0562348    -1.1848 -0.0023977   0.253954
1.77659e+09   0.116568 -0.657209 -0.142521 0.488298 0.109175 0.692186
1.77659e+09  -0.0687877   0.124695  -0.191523  0.330094 -0.034136  0.896288
1.77659e+09    0.245465  0.0139079 -0.0381253 -1.49266 -0.23189 0.932665
1.77659e+09  0.551196 -0.62099 0.151492 -1.02513 0.340376 0.619432
1.77659e+09   0.179419 -0.563465 -0.111629 0.384782  0.73271 0.802782
1.77659e+09  -0.392628 0.0448006 -0.294854 -0.140609  0.598921   1.00908
1.77659e+09  -0.392628 0.0448006 -0.294854 -0.140609  0.598921   1.00908
1.77659e+09  0.0611746 -0.368522 -0.012559 -0.487288  0.172651   1.12065
1.77659e+09   -0.21899 -0.205537 -0.151043 -0.249984  0.331343   1.11333
1.77659e+09  -0.390498 -0.243886 -0.271418 -0.530013  0.125532  0.883837
1.77659e+09    -0.120986   -0.367457 -0.00616739 -0.338363 0.0640085   1.07134
1.77659e+09   -0.109268   -0.17997 -0.0477127 0.039567 0.192427  1.15776
1.77659e+09   -0.109268   -0.17997 -0.0477127 0.039567 0.192427  1.15776
1.77659e+09   -0.286102  -0.429242 -0.0999107 -0.917464 -0.156939   1.18535
1.77659e+09   -0.286102  -0.429242 -0.0999107 -0.917464 -0.156939   1.18535
1.77659e+09   -0.491698 -0.0532038  -0.154239 0.422624 0.337202 0.949266
1.77659e+09   -0.660009 -0.0223111  -0.270353 -0.818831 -0.268755  0.856493
1.77659e+09   -0.22112  -0.45907 0.0630748 -0.818831 -0.797808  0.892626
1.77659e+09   -0.22112  -0.45907 0.0630748 -0.818831 -0.797808  0.892626
1.77659e+09     0.194333 5.94454e-05    0.596772 -3.06981 -0.88399  1.78984
1.77659e+09  0.364775 -1.48812 0.603164 -2.40013 -1.67574  1.34526
1.77659e+09   1.56426 -1.36028 0.956832  0.334977 -0.742876   2.34502
1.77659e+09   1.56426 -1.36028 0.956832  0.334977 -0.742876   2.34502
1.77659e+09  -0.267992 -0.188492  -0.01682  -1.06859   2.44047 -0.723341
1.77659e+09  -0.267992 -0.188492  -0.01682  -1.06859   2.44047 -0.723341
1.77659e+09   -2.12688 -0.746691  -1.57743 2.02174 1.07719   1.304
1.77659e+09   -2.12688 -0.746691  -1.57743 2.02174 1.07719   1.304
1.77659e+09  -2.31863 0.904469 -1.29194 -1.99535  -1.7629  2.24077
1.77659e+09  -2.31863 0.904469 -1.29194 -1.99535  -1.7629  2.24077
1.77659e+09   0.556523  -1.33259 -0.384336   0.16652 -0.285845  0.766893
1.77659e+09   0.556523  -1.33259 -0.384336   0.16652 -0.285845  0.766893
1.77659e+09   -1.42807  0.725505 -0.856248 -0.330306  0.218305  0.645555
1.77659e+09   -1.42807  0.725505 -0.856248 -0.330306  0.218305  0.645555
1.77659e+09   0.362644 -0.767996  0.130186 -0.340316 -0.424761  0.934618
1.77659e+09   0.362644 -0.767996  0.130186 -0.340316 -0.424761  0.934618
1.77659e+09   0.106981 -0.195949 -0.141456  1.07619 0.280561 0.639696
1.77659e+09  -0.444826  0.402729 -0.140391 0.00611978   0.159712  -0.727491
1.77659e+09  0.407386   0.1215 0.300629 -0.893538 -0.141802   1.42412
1.77659e+09  0.407386   0.1215 0.300629 -0.893538 -0.141802   1.42412
1.77659e+09    -0.151878    -0.11712 -0.00190633 -0.0702962   0.541303 -0.0175305
1.77659e+09    -0.151878    -0.11712 -0.00190633 -0.0702962   0.541303 -0.0175305
1.77659e+09  -0.323386  0.349466 -0.089258  -1.19163 -0.155962  0.630663
1.77659e+09  -0.323386  0.349466 -0.089258  -1.19163 -0.155962  0.630663
1.77659e+09   -0.159335 -0.0212458 -0.0381253   0.294206 -0.0756399   0.867479
1.77659e+09   -0.159335 -0.0212458 -0.0381253   0.294206 -0.0756399   0.867479
1.77659e+09  -0.0208508   0.165175  -0.012559  -1.17332 -0.420366  0.290819
1.77659e+09  -0.0208508   0.165175  -0.012559  -1.17332 -0.420366  0.290819
1.77659e+09  -0.00913285    0.191807  -0.0604959 0.159196  0.43144  0.37871
1.77659e+09  -0.00913285    0.191807  -0.0604959 0.159196  0.43144  0.37871
1.77659e+09  -0.0900929   0.342009  0.0140726 -0.781478 -0.410357   1.18779
1.77659e+09  -0.0900929   0.342009  0.0140726 -0.781478 -0.410357   1.18779
1.77659e+09  -0.0432213    0.02243  0.0407043  -0.20262 0.0649851  0.375048
1.77659e+09  -0.0432213    0.02243  0.0407043  -0.20262 0.0649851  0.375048
1.77659e+09  0.119764 0.531626 0.100359 -0.971175 -0.570757  0.650194
1.77659e+09  0.119764 0.531626 0.100359 -0.971175 -0.570757  0.650194
1.77659e+09   0.396733 0.0884764  0.282519 -0.886702 -0.325884  0.546678
1.77659e+09  0.313642 0.226961 0.222864  -0.110091 -0.0705129    0.97661
1.77659e+09   0.26464 0.300464  0.18345 -0.707747 -0.322222  0.604296
1.77659e+09   0.26464 0.300464  0.18345 -0.707747 -0.322222  0.604296
1.77659e+09  0.358383 0.380359 0.188776 -0.469222 -0.228472  0.824266
1.77659e+09  0.358383 0.380359 0.188776 -0.285872 -0.114947  0.240282
1.77659e+09  0.793011 0.652001 0.258018 -0.567611  0.606245   1.21611
1.77659e+09  0.793011 0.652001 0.258018 -0.567611  0.606245   1.21611
1.77659e+09  -0.782515  0.268506 -0.782745 -3.99583  2.43071  0.26079
1.77659e+09  -0.782515  0.268506 -0.782745 -3.99583  2.43071  0.26079
1.77659e+09   -2.51464 -0.573053  -1.30259    1.3174 -0.572954   2.11211
1.77659e+09   -2.51464 -0.573053  -1.30259    1.3174 -0.572954   2.11211
1.77659e+09   -1.20649  0.737222 -0.445056 -0.556624  -2.54708   1.50908
1.77659e+09   1.02311 0.114043  0.50729 -2.91893 -1.69551 0.105761
1.77659e+09    1.08489 -0.917133  0.602099 -0.933822  0.474409  0.744921
1.77659e+09   -0.177445  -0.252408 -0.0445169   0.610124    1.15361 0.00493047
1.77659e+09   -0.809146   0.378228 -0.0232116 -0.601302  0.240766  0.874315
1.77659e+09  0.00578086 -0.0585301   0.259083  -2.07786 -0.629839   1.24712
1.77659e+09   0.50752 -0.52192 0.512616  -1.24925 -0.133989  0.601366
1.77659e+09   0.249726 -0.573053  0.353892  0.427995  0.400434 0.0156727
1.77659e+09  -0.356409  0.234418  0.139774 0.133561 0.156782 0.679491
1.77659e+09  -0.106072  0.155588   0.20582  -1.43919 -0.415728  0.507128
1.77659e+09  0.377558 -0.41859 0.400764  -1.26927 -0.195269  0.612352
1.77659e+09    0.20179 -0.377044  0.231387 0.152116 0.459028 0.488817
1.77659e+09    -0.36067   0.149196 0.00661579 0.132096 0.337446 0.137011
1.77659e+09   -0.400085   0.213112 -0.0636917   -1.09618 -0.0590383   0.681444
1.77659e+09  -0.0900929  -0.227907  0.0630748  -1.14696 -0.234331  0.370165
1.77659e+09  -0.0336339  -0.236429  0.0492264 -0.0280599   0.109419   0.608446
1.77659e+09   -0.301015   0.244005 -0.0754096 0.0139323  0.165083  0.466845
1.77659e+09  -0.369192  0.270637 -0.121216  -1.28831 -0.115679  0.693895
1.77659e+09  -0.0677224  -0.181036  0.0364432  -1.42064 -0.184771  0.711229
1.77659e+09  -0.001676 -0.270518 0.0673359 -0.276107  0.214643  0.805956
1.77659e+09  -0.324451  0.152392 -0.109498 -0.170394  0.281538  0.642626
1.77659e+09  -0.353213  0.158784 -0.111629  -1.28075 0.0222605  0.751512
1.77659e+09  -0.174249 -0.255604 -0.032799   -1.31663 -0.0731985   0.787157
1.77659e+09   -0.150813   -0.29928 -0.0296032 -0.27806 0.129438 0.701219
1.77659e+09  -0.343626  0.074628  -0.13613 -0.193099  0.119184  0.811327
1.77659e+09  -0.313798  0.117239  -0.11802   -1.06322 -0.0744192   0.693407
1.77659e+09   -0.177445  -0.186362 -0.0317337  -1.08641 -0.136919  0.759569
1.77659e+09   -0.118855    -0.1576 -0.0221464    -0.466536 -0.000688717     0.878221
1.77659e+09    -0.19875  0.0607795 -0.0477127 -0.444076 0.0232371  0.761034
1.77659e+09  -0.191293 0.0714322 -0.053039   -1.02318 -0.0700247   0.805468
1.77659e+09   -0.110333  -0.123511 0.00555052  -1.14549 -0.118853  0.838427
1.77659e+09   -0.0837014   -0.227907 -0.00403686  -0.550277 -0.0617239   0.702196
1.77659e+09   -0.118855 -0.0201806 -0.0253421  -0.475081 -0.0309622    1.03496
1.77659e+09   0.147461 0.0298869  0.182384 -0.720931  0.264936  0.629198
1.77659e+09   -0.244556 -0.0926186  0.0513569 -0.882308  0.450483  0.551317
1.77659e+09     -0.390498    -0.194884 -0.000841063 -0.764876  0.112348  0.741503
1.77659e+09  -0.179575 -0.149078  0.138709 -0.292708 -0.140337   0.63286
1.77659e+09  -0.0464171  0.0938027   0.199429 -0.441146 0.0359324  0.967577
1.77659e+09  -0.13803 0.157719 0.181319 -1.05736 0.199995 0.793993
1.77659e+09  -0.291428 -0.146947 0.0907717 -1.24412 0.227339 0.724413
1.77659e+09  -0.354279 -0.253474  0.128056   -0.482161 -0.00142114    0.873094
1.77659e+09  -0.224316 0.0522574   0.14297 -0.469954 -0.107378   1.10552
1.77659e+09  -0.116725 0.0394742   0.22606  -1.07591 0.0229929  0.762987
1.77659e+09  -0.195554 -0.270518  0.166405 -0.892806   0.21855  0.550829
1.77659e+09  -0.376649 -0.187427 0.0822496 -0.380843  0.163618  0.849657
1.77659e+09   -0.396889 0.00858156   0.108881 -0.557113 -0.127886  0.629198
1.77659e+09  -0.145487  -0.11712  0.243105 -0.757064 -0.153032  0.516405
1.77659e+09  -0.130573 -0.143751  0.297433 -0.492904 0.0122507  0.726854
1.77659e+09   -0.244556 -0.0233764   0.289976  -0.514632 -0.0419485   0.655565
1.77659e+09  -0.171053 -0.029768  0.398633 -0.553939 -0.346636  0.632128
1.77659e+09   0.137874 0.0341479  0.572271 -0.499007  -0.32564  0.849901
1.77659e+09  0.230552 0.130022 0.605294  -0.59764 0.0566843  0.762499
1.77659e+09  0.00897665  0.0714322    0.50516 -0.765853  0.282759  0.661425
1.77659e+09     -0.18064 -0.00420161    0.417808 -0.773421  0.130903  0.827928
1.77659e+09   -0.141226 -0.0233764   0.444439  -0.686995 -0.0883352   0.873583
1.77659e+09   -0.0346992 5.94454e-05    0.478528  -0.627425 -0.0526907   0.789354
1.77659e+09   -0.112464 0.00112471   0.444439 -0.732161 0.0398386  0.692186
1.77659e+09  -0.156139 -0.086227   0.40822  -0.687728 -0.0575735   0.696825
1.77659e+09  -0.0879624 -0.0734438   0.433787 -0.512191 -0.063677  0.880663
1.77659e+09  -0.0570697  0.0213647   0.415677  -0.56932 0.0586375  0.776903
1.77659e+09   -0.161466 -0.0627912   0.380524 -0.710677  0.159223  0.618944
1.77659e+09  -0.189163 -0.111793  0.384785  -0.46141 0.0991648  0.740282
1.77659e+09  -0.183836 0.0213647  0.391176 -0.447005  0.145796   0.83037
1.77659e+09  -0.243491 0.0202995  0.374132 -0.583236  0.141645  0.558886
1.77659e+09    -0.32019 -0.0350943    0.32726 -0.619613 0.0415476  0.786913
1.77659e+09  -0.241361 0.0245605   0.40609 -0.548079 -0.115191  0.814989
1.77659e+09  -0.131638 0.0256258  0.434852  -0.615218 -0.0453665   0.830614
1.77659e+09  -0.143356 0.0416048  0.465745 -0.665511 0.0686472  0.838671
1.77659e+09    -0.217925 -0.00739741    0.415677 -0.686751 0.0674265  0.792528
1.77659e+09  -0.231773 -0.034029  0.432722  -0.601302 -0.0580618   0.930712
1.77659e+09  -0.122051 0.0171037  0.478528  -0.639144 -0.0710012   0.908007
1.77659e+09   -0.109268 -0.0180501   0.495572 -0.661605 0.0413035  0.702196
1.77659e+09   -0.204076 -0.0521385   0.443374 -0.601546 0.0566843  0.843553
1.77659e+09   -0.203011 -0.0116585   0.449766  -0.561751 -0.0805227    0.83745
1.77659e+09  -0.0879624 -0.0233764   0.500899  -0.613997 -0.0285207   0.816698
1.77659e+09    -0.11779 -0.0223111   0.494507 -0.599105 0.0964793  0.857958
1.77659e+09   -0.232838 -0.0201806   0.447635 -0.623031 0.0444773  0.768846
1.77659e+09    -0.18064 -0.0468122   0.496637 -0.563216  -0.18355  0.893602
1.77659e+09  0.00684612  0.0234953   0.577598 -0.543929 -0.103716  0.935594
1.77659e+09  0.0015198 0.0437353  0.578663 -0.585189  0.125776  0.712694
1.77659e+09   -0.120986 -0.0212458   0.512616 -0.585433  0.232221  0.753221
1.77659e+09  -0.189163 0.0128426  0.506225 -0.490218  0.169233  0.802538
1.77659e+09  -0.191293 0.0511921   0.48705 -0.486068  0.135786  0.766893
1.77659e+09  -0.187032 0.0661058  0.523269 -0.533431  0.230512  0.787157
1.77659e+09   -0.29782 0.0778238  0.471071 -0.602767  0.246626  0.797899
1.77659e+09   -0.36067 0.0479963  0.472136 -0.615951  0.092573  0.754686
1.77659e+09  -0.319125  0.038409  0.476397  -0.571029 -0.0346243   0.881639
1.77659e+09  -0.194489  0.107651  0.562684 -0.649642 0.0373972   0.92119
1.77659e+09  -0.231773 0.0629101  0.561619 -0.786849    0.1873  0.758348
1.77659e+09   -0.364931 -0.0287027   0.516877 -0.660872 0.0881785  0.776415
1.77659e+09   -0.335104 0.00218997   0.521139  -0.536849 -0.0402395   0.920946
1.77659e+09  -0.191293 0.0927375  0.635122   -0.64305 0.00394996   0.884813
1.77659e+09  -0.225382 0.0256258   0.60636 -0.808333  0.174604  0.696093
1.77659e+09   -0.364931 -0.0777049   0.550966 -0.672835  0.152876  0.786913
1.77659e+09   -0.344691 -0.0201806   0.557358 -0.474349 0.0896433  0.849901
1.77659e+09  -0.315929 0.0703669  0.605294 -0.626693  0.101362   0.85869
1.77659e+09    -0.389432 -0.00952793    0.555227 -0.788802  0.102583  0.674608
1.77659e+09  -0.416064 -0.113924  0.582924   -0.634261 -0.00337426     0.84746
1.77659e+09   -0.313798 -0.0212458   0.632991  -0.491927 -0.0512258   0.917284
1.77659e+09  -0.263731 0.0245605  0.664949 -0.613753 0.0732859  0.706102
1.77659e+09   -0.319125 -0.0414859   0.623404 -0.719222  0.209516   0.73369
1.77659e+09   -0.407542 -0.0979449    0.60849 -0.553206  0.249067  0.827684
1.77659e+09    -0.489567 -0.00526688    0.604229 -0.540511  0.113325  0.934862
1.77659e+09   -0.455479 -0.0372248   0.610621 -0.811751 0.0198191   0.82329
1.77659e+09  -0.400085  -0.17997   0.66921 -0.598372  0.131147  0.825731
1.77659e+09   -0.448022 -0.0723785   0.685189 -0.365218  0.317427  0.949755
1.77659e+09   -0.673858 0.00645103   0.589315 -0.562728  0.142866  0.699999
1.77659e+09   -0.62166 -0.154404  0.624469  -0.823226 -0.0334036   0.859667
1.77659e+09  -0.426717 -0.173579  0.754431 -0.444076 0.0837839    1.0042
1.77659e+09   -0.557744 -0.0276374   0.723539 -0.369857  0.301069   0.78496
1.77659e+09   -0.805951 -0.0777049   0.594642 -0.684066  0.158735   0.77495
1.77659e+09  -0.721795 -0.212993  0.691581  -0.656966 -0.0170461   0.922655
1.77659e+09   -0.60355 -0.141621  0.774671 -0.315169 0.0164011  0.866259
1.77659e+09   -0.759079 -0.0585301   0.695842 -0.575423 0.0315378  0.898729
1.77659e+09  -0.754818 -0.183166  0.697972 -0.874007 -0.137163   0.96953
1.77659e+09  -0.569462  -0.29928  0.804499 -0.624251 -0.131792   1.03081
1.77659e+09   -0.58331 -0.227907  0.781063 -0.339339 0.0920847  0.893358
1.77659e+09  -0.697294 -0.163991  0.767215 -0.45262 0.181684 0.775927
1.77659e+09  -0.768666 -0.215124  0.755497 -0.591048 0.0530222  0.877001
1.77659e+09  -0.689837  -0.26093     0.829  -0.473861 -0.0397512   0.878221
1.77659e+09  -0.635508 -0.215124  0.863088   -0.23265 -0.0114309   0.780321
1.77659e+09  -0.642965 -0.104336  0.904634  -0.31639 0.0264109  0.821825
1.77659e+09  -0.668532 -0.114989  0.893981  -0.570785 -0.0439016   0.781786
1.77659e+09  -0.586506 -0.208732  0.977072  -0.429671 -0.0448782   0.757616
1.77659e+09   -0.525786 -0.0979449    1.02501 -0.269759  0.107466   0.94829
1.77659e+09   -0.639769 -0.0148543    1.01329 -0.439681  0.214887   0.68535
1.77659e+09  -0.813408 -0.145882  0.940853 -0.567611 0.0415476  0.697313
1.77659e+09  -0.686641 -0.154404   1.04844 -0.406722 -0.144243   0.92827
1.77659e+09   -0.521525 -0.0255069    1.15284  -0.341048 -0.0106985   0.790819
1.77659e+09   -0.648292 -0.0148543    1.11129 -0.596175  0.132856  0.696825
1.77659e+09  -0.805951 -0.158665   1.06016  -0.651107 -0.0570852   0.743212
1.77659e+09  -0.619529 -0.158665    1.1848 -0.373031 -0.225542  0.894335
1.77659e+09   -0.457609 -0.0212458    1.27535 -0.307357 -0.016802  0.809862
1.77659e+09   -0.600355 -0.0180501    1.21569 -0.513167  0.238813  0.611864
1.77659e+09  -0.819799 -0.104336   1.14751 -0.61473 0.127729 0.731249
1.77659e+09  -0.735643 -0.128838   1.20397 -0.411117 -0.110064  0.796923
1.77659e+09   -0.630182 -0.0318985    1.25617  -0.303451 -0.0578176   0.791063
1.77659e+09  -0.658944 0.0522574   1.27215 -0.657943 0.0806101  0.916063
1.77659e+09  -0.756949 -0.103271   1.24126 -0.846175 0.0901316  0.712206
1.77659e+09   -0.76334 -0.223646   1.26256  -0.45555 0.0581492  0.849413
1.77659e+09   -0.817669 -0.0169848    1.25724  -0.359115 -0.0443899   0.932665
1.77659e+09    -0.789972 -0.00739741     1.28813 -0.863509 -0.196245  0.804979
1.77659e+09  -0.620595 -0.203406   1.36802 -0.947982 -0.100786   1.05889
1.77659e+09  -0.582245 -0.188492    1.4149 -0.598861  0.235884    1.0081
1.77659e+09  -0.867736 -0.127772   1.29239 -0.615951  0.223677  0.746386
1.77659e+09  -0.893302 -0.216189     1.335 -0.926009 -0.126177   1.00688
1.77659e+09  -0.553483 -0.288627   1.53101  -0.753402 -0.0439016    1.02715
1.77659e+09  -0.537504 -0.226842   1.55977 -0.560775  0.458296  0.890428
1.77659e+09  -0.992372 -0.243886   1.37548 -0.677962  0.509077  0.569139
1.77659e+09   -1.09357 -0.354674   1.38826 -0.744857 0.0215281  0.791063
1.77659e+09  -0.734578 -0.323781   1.58853 -0.523421 -0.153521  0.916063
1.77659e+09  -0.639769  -0.22045   1.66523 -0.417464  0.233686  0.638719
1.77659e+09  -0.804885 -0.224711    1.6173 -0.711654  0.595503  0.730516
1.77659e+09    -1.5314 -0.336564   1.22528 -0.600326 -0.282671  0.136034
1.77659e+09    -1.0499 -0.531508   1.36483 -0.513656  -1.13741   1.03057
1.77659e+09  -0.0346992 -0.0595954    1.86657 -0.0912923   -1.17427    1.45806
1.77659e+09  -0.0357645  0.0693016    1.67056 -0.845443 -0.313433  0.475389
1.77659e+09  -0.481045 -0.444156   1.37442 -0.930892 -0.107378 0.0864734
1.77659e+09  -0.331908 -0.412198   1.22954 0.0761881 -0.364458   1.25298
1.77659e+09  -0.276514  0.112977    1.2828 -0.134261 -0.136431   0.84746
1.77659e+09     -0.31806 -0.00633214     1.02394 -0.803206 -0.259722  0.352587
1.77659e+09  -0.346822 -0.293954  0.957897 -0.879378 -0.103228  0.867723
1.77659e+09  -0.324451 -0.172513   0.86735 -0.0683431  -0.211626   0.828661
1.77659e+09  -0.375584 0.0842153  0.767215 -0.235091 -0.230181   0.67705
1.77659e+09  -0.234969  0.127891  0.765084 -0.926009 -0.409624   1.00859
1.77659e+09  -0.155074 -0.136294  0.684124  -1.21068 -0.296831  0.844042
1.77659e+09  -0.058135 -0.314194  0.645774 -0.267074 -0.053179  0.573778
1.77659e+09  -0.266927 0.0202995  0.459353 0.200456 0.109175 0.643358
1.77659e+09  -0.416064  0.232287  0.285715 -0.442611 -0.063677  0.586229
1.77659e+09   -0.445891 -0.0287027   0.160014 -0.686263 -0.357134  0.684374
1.77659e+09  -0.240295 0.0192342  0.150427 -0.501693 -0.222124  0.991014
1.77659e+09  -0.0549392  0.0820848   0.174928 -0.360824  0.336714  0.529833
1.77659e+09  -0.680249   0.02243 -0.193654  -0.19554  0.488813 0.0610828
1.77659e+09    -1.0712 0.0735627 -0.372618 -0.137191 -0.143999  0.923143
1.77659e+09   -0.442695    0.28555 -0.0988454 -0.565169 -0.553423   1.20464
1.77659e+09  -0.0315034   0.139609  0.0694664 -0.630843  0.214643  0.447802
1.77659e+09    -0.551353 -0.00100582   -0.180871 0.0505534  0.735151  0.213671
1.77659e+09   -1.28319  0.415513 -0.440795 0.0437174  0.147993   1.15141
1.77659e+09  -0.747361  0.400599 -0.207502 -0.589827 -0.738482  0.745165
1.77659e+09   -0.166792   0.264245 -0.0178853 -0.764632 -0.456499   1.33721
1.77659e+09  -0.0560045   0.246136  0.0726622 -0.174056   0.49394  0.614794
1.77659e+09  -0.711142  0.293007 -0.160631 0.280534 0.550581 0.133837
1.77659e+09   -1.02113  0.664784 -0.268222 -0.470443 -0.188921   1.81108
1.77659e+09  -0.248817  0.480494  0.133382  -1.84959 -0.859331   1.37065
1.77659e+09   0.474497 -0.174644  0.491311  -1.01488 -0.160845   1.11699
1.77659e+09      0.4468 -0.0350943   0.376263 0.377702  1.21293  1.52275
1.77659e+09  -0.958283  0.595542 -0.235199 -0.526351   1.22197  0.042284
1.77659e+09    -1.23419 -0.0830312 -0.0924538  -0.91014 0.0535105  0.640428
1.77659e+09  -0.546026 0.0298869 0.0769232 -0.542708  -1.08834   2.45732
1.77659e+09  0.457453 0.343075 0.624469 -0.717757 -0.316607  0.898973
1.77659e+09  0.0665009 -0.243886  0.310216 -0.157699  0.629194  -0.29048
1.77659e+09  -0.982785  0.156653 -0.169153 0.276383 0.588178  1.28252
1.77659e+09  -0.879454  0.416578 -0.121216  -0.90306 -0.638628   1.35649
1.77659e+09   0.0686315 -0.0691827    0.32513  -1.40135 -0.748491  0.679247
1.77659e+09   0.251857 -0.390893  0.400764 0.269059 0.134077 0.883837
1.77659e+09   -0.539635   0.370771 -0.0551696 0.626481 0.282759 0.879198
1.77659e+09    -0.58331    0.36438 -0.0509085 -0.928695  -0.39107  0.670458
1.77659e+09  -0.0165897  -0.135229    0.18558  -1.10765 -0.579302   1.01933
1.77659e+09   0.206051 -0.104336  0.303825  0.241471 0.0608347  0.988573
1.77659e+09  -0.244556  0.354793 0.0321821 0.256608 0.286177 0.588427
1.77659e+09   -0.52046  0.217373 -0.102041  -0.589339 -0.0614797   0.494677
1.77659e+09  -0.220055 0.0341479 0.0875759 -0.679183 -0.532915   1.37041
1.77659e+09  0.114438 0.140674 0.212212 -0.100814 -0.329302  0.912645
1.77659e+09  -0.0187202   0.213112   0.156818 -0.212386 0.0740183  0.800096
1.77659e+09  -0.228577  0.170502 0.0460306  -0.268783 -0.0744192   0.704393
1.77659e+09  -0.0954193   0.153458   0.105685 -0.292952 -0.191607   1.02397
1.77659e+09    0.32323  0.214178 0.0353779  0.51613 0.603559 0.733446
1.77659e+09  -0.351083  0.504995 -0.402446  0.898698   1.30327 0.0713367
1.77659e+09   -1.59851   1.16972 -0.753983 0.0732584  0.884077  0.892382
1.77659e+09   -1.39185   0.74681 -0.575019 -0.916488 -0.709429  0.768358
1.77659e+09  -0.413933   0.62537 -0.152109 -1.13939  -1.4233  2.09453
1.77659e+09  0.318969 0.561454 0.119534 -0.702865 -0.605669  0.654344
1.77659e+09  -0.328712  0.311117 -0.309768 -0.83348 0.186567  1.04521
1.77659e+09  -0.323386  0.530561  0.118469  -2.12108 -0.572954   2.77056
1.77659e+09   0.300859 -0.236429  0.265475 -2.34202 -1.15474   1.0977
1.77659e+09   0.842013 -0.737104  0.531791 -0.289535 -0.565874   1.35454
1.77659e+09    0.592742 -0.0585301   0.096098 0.860612 0.397505  1.36333
1.77659e+09   0.266771  0.320704 0.0353779 -0.875716   1.39555  0.622606
1.77659e+09  -0.751622 -0.271583 -0.386467  -1.0974 0.565962 -0.29048
1.77659e+09  -0.860279 -0.536834 -0.455709 -0.0366048   -0.44063    1.23638
1.77659e+09  -0.0826361   0.181154  -0.146782  0.472673 -0.929156   1.38921
1.77659e+09    0.212442   0.312182 -0.0189506 -0.611068 -0.154741  0.407518
1.77659e+09   -0.204076 -0.0894228  -0.149978 -0.870101 0.0588816  0.511034
1.77659e+09  -0.286102 -0.161861 -0.240526 -0.580794 -0.164995    1.3272
1.77659e+09  0.00258506  0.0703669 -0.0285379  -0.53807 -0.302202   1.08013
1.77659e+09  -0.0133939 -0.0798354 -0.0786054 -0.944076 -0.126665  0.752001
1.77659e+09   0.0121724   -0.31952 0.00128947 -0.386702 0.0102976  0.961718
1.77659e+09   -0.135899 -0.0532038  -0.069018 -0.0903158 -0.0343801   0.887499
1.77659e+09  -0.0837014 -0.0287027 0.00661579 -0.656966 -0.300249  0.669237
1.77659e+09    0.2444 -0.22045 0.210081 -0.732406 -0.268023  0.869921
1.77659e+09   0.277423 -0.209798  0.170667 -0.0600423   0.122602    0.53496
1.77659e+09  -0.0709182 -0.0223111  0.0513569 -0.0898275   0.241987   0.766161
1.77659e+09  -0.174249 0.0767585 0.0257905 -0.710433 -0.136187   1.03301
1.77659e+09   0.164505 -0.127772  0.230321 -0.801497 -0.174273  0.539843
1.77659e+09   0.182615 -0.199145  0.206886 -0.0549154    0.13188   0.549364
1.77659e+09  -0.166792  0.150262 0.0694664 0.118913  0.10893 0.824999
1.77659e+09  -0.0964845   0.270637  0.0982285 -0.568099 -0.213091  0.743944
1.77659e+09  0.0888715 0.0820848  0.172797 -0.934066 -0.237749  0.682177
1.77659e+09   0.0792841 -0.0777049   0.150427  -0.397689 -0.0536672   0.802538
1.77659e+09  0.000454534    0.111912    0.101424 -0.0842123  0.0366648    1.04326
1.77659e+09  0.0462609  0.264245  0.139774 -0.446029 0.0400828  0.822557
1.77659e+09  -0.00913285     0.12363   0.0875759  -0.568587 -0.0978567    0.45122
1.77659e+09  0.0100419 0.0629101 0.0428348  -0.24388 -0.155474  0.695604
1.77659e+09    0.034543   0.338814 0.00341999 -0.350814  -0.19063   1.06816
1.77659e+09    0.0281514    0.229091 -0.00936318  -0.817611 -0.0893118   0.509325
1.77659e+09   0.0462609 -0.0233764  0.0364432 -0.310775 -0.159624  0.708544
1.77659e+09    0.0356083    0.228026 -0.00403686 0.0827799 -0.223833  0.968065
1.77659e+09  0.308316 0.397403  0.18345  -0.513656 -0.0490286   0.849413
1.77659e+09  0.293402 0.212047 0.231387 -0.771712  0.298139  0.739305
1.77659e+09  -0.102876  0.133218 0.0172684 -0.624984  0.165083  0.715136
1.77659e+09  -0.134834 0.0469311 0.0257905 -0.261702 -0.300493  0.766405
1.77659e+09  0.360514 0.287681 0.273997 -0.271224 -0.298052   1.32646
1.77659e+09  0.247596 0.316443  0.20369 -0.671859   0.11479  0.487841
1.77659e+09  -0.0687877  -0.054269  0.0311169 -0.558089 0.0776804   0.49077
1.77659e+09  0.0132377 0.0661058  0.109946 -0.0163412  -0.267046     1.2271
1.77659e+09  0.346665 0.379294  0.26654 -0.350814 -0.311724   0.89995
1.77659e+09  0.250792 0.115108 0.193037 -0.707259 -0.101031  0.374804
1.77659e+09    0.212442 -0.0393553   0.175993  -0.172835 -0.0976125   0.887255
1.77659e+09  0.330687 0.288746 0.232452 0.0398112 0.0105418  0.844286
1.77659e+09  0.422299 0.307921 0.219669 -0.346663  0.550093  0.594286
1.77659e+09  0.129352 0.434687 0.158949 -1.46727 0.788618  2.05058
1.77659e+09  -0.298885   0.40486 -0.572888 -3.60985  1.61332  1.64043
1.77659e+09  -1.10636 -1.15788 -0.78168  -2.36156   1.87529 0.0842762
1.77659e+09  -2.17055 -1.00768 -1.15985  1.04616 0.251753  1.73784
1.77659e+09    -1.4515  0.279159 -0.612303 0.233659 -1.46016  2.05522
1.77659e+09    0.152787   0.153458 -0.0551696 -2.41258 -1.36983 0.505175
1.77659e+09  0.0888715  -1.03112 -0.171283    -1.4514 -0.0226614  0.0566883
1.77659e+09  -0.453348 -0.772257 -0.304441 0.716569 0.426557    1.148
1.77659e+09  -0.515134  0.111912 -0.188328 0.0940104 -0.238482   1.22051
1.77659e+09    0.0718273   -0.150143 0.000224201  -1.60594 -0.776079  0.585009
1.77659e+09   0.514977 -0.775453  0.279323  -1.22288 -0.143023   1.20024
1.77659e+09    0.20392 -0.569857  0.187711 0.0859538  0.279829  0.505663
1.77659e+09     -0.14016   -0.338695 -0.00829791   0.102799 0.00565894   0.290575
1.77659e+09   0.251857 -0.214059  0.214342 -0.597152 -0.219439  0.999071
1.77659e+09   0.397798 -0.353608  0.248431  -0.85887 0.0481394   0.75493
1.77659e+09  0.0622399 -0.605011 0.0151379 -0.386947  0.369673  0.215868
1.77659e+09   -0.125247  -0.469722 -0.0317337  0.15944 0.168745 0.959764
1.77659e+09    0.0153682   -0.109663 -0.00297159 -0.181136 -0.018511  0.539598
1.77659e+09  -0.0677224  -0.320585  0.0172684 -0.776595 -0.102007  0.403856
1.77659e+09   0.070762 -0.331238  0.248431 -0.129867 -0.417437  0.957323
1.77659e+09   0.204985 0.0490616  0.242039 -0.0185384  -0.397661   0.783983
1.77659e+09  0.403125 0.197133 0.358153 -0.365706 -0.353472  0.682421
1.77659e+09  0.491541 0.170502 0.449766  -0.696273 -0.0023977    1.02178
1.77659e+09  0.435082  0.18435  0.32726 -0.661605  0.338911  0.826708
1.77659e+09  0.0590441 0.0618448 0.0939675 -0.657454  0.485395  0.456102
1.77659e+09  -0.166792 0.0884764 0.0502916  -0.416976 -0.0575735   0.609911
1.77659e+09  0.0249556  0.190742   0.16534 -0.667952 -0.615679   1.23296
1.77659e+09  0.697137  0.24294 0.428461 -0.937728 -0.324907  0.890184
1.77659e+09    0.560784 -0.0169848   0.334717 -0.820052  0.627729   0.51494
1.77659e+09   -0.0272423  -0.0766396 -0.00297159 -0.335921  0.858442  0.219286
1.77659e+09  -0.460805 0.0916722 -0.139325 -0.0829916   0.310591   0.685594
1.77659e+09   -0.215794   0.258919 -0.0434516 -0.0829916   0.310591   0.685594
1.77659e+09   0.118699 0.0171037  0.121664  -1.10008 -0.185991  0.647997
1.77659e+09  0.0835452 -0.211928  0.106751 -0.476058   0.18144  0.724169
1.77659e+09   -0.248817  0.0213647 -0.0210811 -0.132064 -0.015093  0.907762
1.77659e+09   -0.248817  0.0213647 -0.0210811 -0.132064 -0.015093  0.907762
1.77659e+09    0.420169 -0.0777049   0.380524 -0.941878 -0.148638  0.867968
1.77659e+09   0.213507 -0.187427  0.329391 -0.465804  0.227583  0.830126
1.77659e+09  -0.0346992 -0.0372248   0.207951 -0.392806 0.0193308   1.17192
1.77659e+09   0.130417 -0.054269  0.285715 -0.453841 -0.199175  0.707811
1.77659e+09    0.267836 -0.0436164    0.38585 -0.396712  -0.08272   1.07915
1.77659e+09    0.267836 -0.0436164    0.38585 -0.396712  -0.08272   1.07915
1.77659e+09   0.0579788 -0.0255069   0.352827  -0.55223 -0.126909  0.851366
1.77659e+09   0.398863 0.0352132  0.517943 -0.160872 0.0124949  0.725634
1.77659e+09   0.28275 0.230157 0.496637 -0.0956869   0.444868   0.701464
1.77659e+09   0.28275 0.230157 0.496637 -0.0956869   0.444868   0.701464
1.77659e+09  -0.0815708  0.0405395   0.287846 -1.12254 0.282759 0.544481
1.77659e+09  0.00578086  -0.169318   0.395437 -0.113021  0.428999  0.591844
1.77659e+09  -0.361735  0.363315  0.189841 0.178483 0.411421  1.00517
1.77659e+09  -0.361735  0.363315  0.189841 0.178483 0.411421  1.00517
1.77659e+09  -0.337234 -0.129903   0.28678 -1.26488 0.382612  0.42827
1.77659e+09  -0.528982 -0.175709  0.213277 -1.26488 0.382612  0.42827
1.77659e+09  -0.481045  0.201394  0.196233 -0.195296 0.0654734  0.826952
1.77659e+09  -0.481045  0.201394  0.196233 -0.195296 0.0654734  0.826952
1.77659e+09  -0.363866 -0.126707  0.305955 -0.905745  0.670942   0.48247
1.77659e+09  -0.363866 -0.126707  0.305955 -0.905745  0.670942   0.48247
1.77659e+09  -0.834713 0.0724974  0.263345 -0.0956869  -0.119829    1.10137
1.77659e+09  -0.834713 0.0724974  0.263345 -0.0956869  -0.119829    1.10137
1.77659e+09  -0.108202 -0.136294   0.68732 -0.77391 0.415083 0.357958
1.77659e+09  -0.108202 -0.136294   0.68732 -0.77391 0.415083 0.357958
1.77659e+09  -0.836843  0.315378  0.461484 -0.0690755   0.241743   0.780809
1.77659e+09  -0.836843  0.315378  0.461484 -0.0690755   0.241743   0.780809
1.77659e+09  -0.361735 0.0874111  0.708625 -0.275374  0.716352  0.436815
1.77659e+09  -0.361735 0.0874111  0.708625 -0.275374  0.716352  0.436815
1.77659e+09  -1.49518 0.714852 0.318738 -0.106185  0.409956  0.612108
1.77659e+09  -1.49518 0.714852 0.318738 -0.106185  0.409956  0.612108
1.77659e+09  -0.878389  0.695677  0.775737  -2.49168 -0.900591   2.13701
1.77659e+09  -0.878389  0.695677  0.775737  -2.49168 -0.900591   2.13701
1.77659e+09  -0.0410908  -0.703015    1.16136  -1.5222 -1.05123  1.59892
1.77659e+09  -0.0410908  -0.703015    1.16136  -1.5222 -1.05123  1.59892
1.77659e+09  0.356253 0.528431  1.15817 -0.675033   1.36381  0.265673
1.77659e+09  0.356253 0.528431  1.15817 -0.675033   1.36381  0.265673
1.77659e+09   -1.43233 -0.566661  0.393307   -0.62596 -0.0534231    1.22246
1.77659e+09   -1.43233 -0.566661  0.393307   -0.62596 -0.0534231    1.22246
1.77659e+09  -0.275449  0.389946  0.921678    -1.10789 4.37052e-05    0.336473
1.77659e+09  -0.275449  0.389946  0.921678    -1.10789 4.37052e-05    0.336473
1.77659e+09  -0.988111 -0.412198  0.623404  -1.13011 -0.102984  0.863817
1.77659e+09  -0.988111 -0.412198  0.623404  -1.13011 -0.102984  0.863817
1.77659e+09  -0.310603  0.139609  0.985594 -0.298812 -0.172808   1.23149
1.77659e+09  -0.310603  0.139609  0.985594 -0.298812 -0.172808   1.23149
1.77659e+09  -0.919934 -0.468657  0.809825 -0.976302  0.338667   0.13994
1.77659e+09  -0.919934 -0.468657  0.809825 -0.976302  0.338667   0.13994
1.77659e+09  -0.411803  0.241874   1.13047 -0.296859 -0.277544  0.904833
1.77659e+09  -0.411803  0.241874   1.13047 -0.296859 -0.277544  0.904833
1.77659e+09   -0.80382 -0.348282   1.06549 -0.828353  0.466108  0.348436
1.77659e+09   -0.80382 -0.348282   1.06549 -0.828353  0.466108  0.348436
1.77659e+09  -0.485306 0.0724974   1.30411 -0.594222 -0.314165  0.741747
1.77659e+09  -0.485306 0.0724974   1.30411 -0.594222 -0.314165  0.741747
1.77659e+09  -0.698359 -0.194884   1.24232 -0.69847 0.342573 0.289843
1.77659e+09  -0.698359 -0.194884   1.24232 -0.69847 0.342573 0.289843
1.77659e+09   -0.490632 0.00112471    1.44792 -0.753646 -0.419634   0.91704
1.77659e+09   -0.490632 0.00112471    1.44792 -0.753646 -0.419634   0.91704
1.77659e+09  -0.585441 -0.297149   1.19971 -0.212142   1.12187 -0.100782
1.77659e+09  -0.585441 -0.297149   1.19971 -0.212142   1.12187 -0.100782
1.77659e+09  -1.62833 0.177959 0.803434 0.196794  0.69145 0.436571
1.77659e+09  -1.64005 0.270637  0.80876 -0.888656 -0.265581   1.12212
1.77659e+09  -0.797429 0.0969985   1.27535  -1.29906 -0.744341  0.996141
1.77659e+09  -0.507677 -0.114989   1.38613 -0.751204 0.0286082  0.663378
1.77659e+09    -0.958283 -0.00100582     1.21143 -0.235579  0.413862   0.37993
1.77659e+09   -1.25656 0.0884764    1.0559 -0.450911 0.0442332  0.858202
1.77659e+09  -0.957218  0.177959   1.25724  -1.12254 -0.367144   1.20879
1.77659e+09  -0.605681  -0.11925   1.45751   -1.13035 -0.0570852   0.547167
1.77659e+09  -0.799559 -0.254539   1.28813 -0.113509  0.367964   0.50786
1.77659e+09  -1.08612  0.18222  1.15284 -0.0947103   0.494917   0.877245
1.77659e+09  -1.30876 0.220569  1.12514 -1.08641 0.159223 0.755663
1.77659e+09   -1.21608 -0.203406   1.14432 -1.29979 -0.24898 0.726122
1.77659e+09  -0.960414 -0.265191   1.24765 -0.324447 -0.249224  0.957079
1.77659e+09  -0.834713  0.124695   1.30624 -0.41307 0.190473  1.03618
1.77659e+09    -1.13831 0.00964683    1.20184 -1.15721 0.363325 0.616747
1.77659e+09   -1.29917 -0.356804   1.16136  -0.804915 -0.0780813   0.629198
1.77659e+09   -1.05522 -0.219385   1.27961 -0.152083 -0.421831   1.02886
1.77659e+09  -0.626986  0.112977   1.42981 -0.255843 -0.068804   0.78618
1.77659e+09  -0.802755 0.0522574   1.34565 -0.583236  0.534468  0.456591
1.77659e+09     -1.35989 -0.00633214     1.10277 -0.943587  0.499555  0.768114
1.77659e+09   -1.42061 -0.239625   1.11449 -0.739974 -0.227007  0.798876
1.77659e+09   -0.897563 -0.0894228    1.32328 -0.0715169  -0.330279    1.00273
1.77659e+09  -0.765471  0.256788   1.43514 -0.460189  0.134321  0.971483
1.77659e+09  -1.16068  0.02243  1.21036 -1.08763  0.30644 0.265184
1.77659e+09   -1.27041 -0.309933   1.17947  -0.577132 -0.0705129   0.842577
1.77659e+09   -0.90289 0.0149731   1.44259 -0.033431 -0.279741   1.13799
1.77659e+09  -0.685576  0.232287   1.49479 -0.480208  0.100874  0.549608
1.77659e+09  -0.974262 -0.034029    1.3382 -0.730452  0.611372  0.269091
1.77659e+09    -1.32047 -0.0766396    1.19545 -0.102279  0.456831  0.599169
1.77659e+09   -1.3993 0.250397   1.1081 -0.260726  0.188032  0.883348
1.77659e+09  -1.23419 0.252527  1.19012 -0.992415  0.235639  0.672655
1.77659e+09    -1.36734 -0.0436164    1.07614 -0.998763  0.612348  0.584276
1.77659e+09    -1.86056 -0.0606606   0.896112 -0.559798  0.517134  0.666552
1.77659e+09    -2.06722 0.00858156   0.824739 -0.686263 -0.327105  0.890917
1.77659e+09      -1.476 -0.0223111    1.16136  -1.25511 -0.767534   1.18144
1.77659e+09  -0.879454 -0.247082   1.45857  -1.22923 -0.178423  0.867723
1.77659e+09  -1.11488 -0.36213  1.38933 -0.32054 0.427778 0.410448
1.77659e+09    -1.7551 -0.158665   1.10916 -0.303695 0.0220164  0.666796
1.77659e+09   -1.44298 -0.144817   1.28813 -1.14452 -0.89229  1.33891
1.77659e+09  -0.523656 -0.300345   1.67908  -1.31663 -0.718218   1.09014
1.77659e+09  -0.617399 -0.464396   1.74832  -0.732161 -0.0434133   0.856005
1.77659e+09  -0.908216 -0.405806   1.56403 -0.436995 0.0203074  0.887987
1.77659e+09  -0.896498 -0.302476   1.49372 -0.528548 -0.272173  0.824511
1.77659e+09   -0.70049 -0.308867   1.53953 -0.499495 -0.354693  0.901903
1.77659e+09  -0.765471 -0.253474   1.49159 -0.564193 -0.270464  0.984911
1.77659e+09  -0.600355 -0.249212   1.53953 -0.551497 -0.129107  0.785204
1.77659e+09  -0.796363 -0.277975    1.4394 -0.481429 0.0659617  0.611864
1.77659e+09  -0.936978 -0.270518   1.39998 -0.0898275   -0.18355   0.581102
1.77659e+09  -0.807016 -0.065987   1.35418 -0.114486 -0.207232   1.02788
1.77659e+09  -0.895433 0.0661058   1.33394 -0.310531 -0.204546  0.317675
1.77659e+09  -1.12979 -0.13736 0.821543  -0.53221 -0.478472  0.527391
1.77659e+09   -1.06694 -0.171448  0.742714 -0.491927 -0.709917   1.39092
1.77659e+09    -0.7431 0.0213647  0.758693 -0.629867 -0.722124   1.01128
1.77659e+09  -0.976393 -0.293954  0.481724 -0.792952 -0.862993  0.449022
1.77659e+09  -0.843235 -0.492093  0.319804 -0.295394  -1.19209   1.24614
1.77659e+09   -0.210468 -0.0627912   0.398633 -0.146468   -1.0898   1.28691
1.77659e+09  -0.161466 -0.104336  0.352827 -0.727279 -0.720171  0.581591
1.77659e+09  -0.213664 -0.414328  0.133382 -0.767806 -0.632281   1.02251
1.77659e+09  -0.074114 -0.379175   0.20582 -0.169906 -0.732378  0.747606
1.77659e+09   0.106981 -0.204471  0.182384  0.190202 -0.953814  0.524218
1.77659e+09   0.332817 -0.050008  0.258018  0.135026 -0.804644  0.609423
1.77659e+09  0.897407 0.226961 0.532856 -0.047347 -0.280474  0.908251
1.77659e+09  0.418038 0.221634 0.331521 -0.399154    0.0977  0.276415
1.77659e+09    0.24227 0.0533227  0.239909 -0.602279  -0.25728  0.658983
1.77659e+09   0.612982 0.0288216  0.370936 -0.110824 -0.147173  0.869432
1.77659e+09  0.742944  0.34627 0.398633  0.25734  0.60063 0.850634
1.77659e+09   0.141069  0.484755 0.0705317 -0.647689   1.16313  0.100389
1.77659e+09  -0.731382  0.175828 -0.202176 -1.03929 0.678022 0.762987
1.77659e+09  -0.525786 0.0448006 -0.140391  -0.36888 -0.203325     1.273
1.77659e+09  -0.211533  0.368641  0.133382 -0.314193 -0.560503   1.25835
1.77659e+09  0.212442 0.351597 0.258018  -0.83641 -0.136431  0.895311
1.77659e+09  -0.101811  0.108716 0.0865106 -1.10057 0.443647 0.831102
1.77659e+09    -0.405411  -0.0872922 0.000224201 -0.429671  0.186567   0.99077
1.77659e+09  -0.494893  0.160914 0.0151379 -0.424056 -0.618365   1.40849
1.77659e+09  0.281684 0.157719 0.344305  -1.05882 -0.728472   1.18804
1.77659e+09   0.568241 -0.156534   0.52753 -0.746077  0.137007  0.980028
1.77659e+09  -0.0112634 -0.0755743   0.277193 -0.206038  0.533735  0.883593
1.77659e+09   -0.455479 0.00325524  0.0534874 -0.681624 -0.170855  0.913134
1.77659e+09   0.134678 -0.233233  0.326195 -0.718734 -0.681109   1.01494
1.77659e+09   0.587415 -0.129903  0.524334 -0.196029 -0.152544   1.24687
1.77659e+09   0.245465 0.0437353   0.38798 -0.380355  0.372114  0.545214
1.77659e+09  -0.295689 -0.210863    0.1451 -0.867171 -0.141802  0.770067
1.77659e+09   0.114438 -0.396219  0.350696 -0.394759   -0.7419   1.17388
1.77659e+09    0.709921 -0.0947491   0.599968  0.216569 -0.378374    1.0313
1.77659e+09  0.476628 0.109782 0.477463 -0.24681 0.210249   0.5916
1.77659e+09  0.0686315 -0.109663  0.271867 -0.889388 0.0732859  0.694384
1.77659e+09   0.192202 -0.346152  0.357088 -0.539535 -0.404497   1.14946
1.77659e+09   0.582089 -0.156534   0.50729  0.103532 -0.275103   1.03008
1.77659e+09   0.423365 0.0501269  0.440178 -0.221908 0.0183543  0.760546
1.77659e+09   0.307251 -0.132033  0.395437  -0.807601 -0.0475637   0.806444
1.77659e+09  0.366906 -0.33976 0.447635 -0.345931  -0.27437  0.908983
1.77659e+09     0.4468 -0.170383  0.462549 -0.0239095  -0.326372    1.06938
1.77659e+09    0.614047 -0.0287027   0.596772 -0.500472 -0.373003   1.01714
1.77659e+09    0.82923 -0.246017  0.695842  -0.656966 -0.0734426   0.773485
1.77659e+09    0.66518 -0.317389  0.656427 -0.193099  0.203169  0.793993
1.77659e+09    0.50752 -0.235364  0.511551 -0.0702962   0.429975    1.01299
1.77659e+09   0.713116 -0.143751  0.198363 0.885026  1.02055 0.674364
1.77659e+09  0.0601093  0.109782  -0.39925   1.26442   2.42534 -0.395216
1.77659e+09   -2.0097  1.19955 -1.10019 0.941423   1.8394 0.358446
1.77659e+09  -2.48374  1.07811 -1.02989  -1.18675 -0.689654   1.70024
1.77659e+09  -0.622725  0.446405  -0.43973 -1.56004 -2.68575   1.4937
1.77659e+09   1.08596 0.279159 0.191972 0.0957194 -0.525591   1.24809
1.77659e+09   0.117634  0.778768 -0.433338 0.239762  1.31987 0.771776
1.77659e+09   -1.37587  0.754267 -0.883945 -1.79222 0.908735 0.778368
1.77659e+09  -0.958283 -0.407937   -0.5388  -1.15062 -0.760943   1.08354
1.77659e+09    0.354122 -0.0468122  -0.324681   1.19045 -0.606646   1.43437
1.77659e+09   0.171962  0.806465 -0.255439 0.737809 0.504194  0.48955
1.77659e+09  -0.658944  0.721244 -0.596324 -1.32152 0.487104 0.271288
1.77659e+09  -0.748426 -0.216189 -0.615499  -1.80174 -0.561968   1.68437
1.77659e+09   0.206051 0.0618448  0.340044 -1.04149 -1.25044  2.16216
1.77659e+09   0.830296 -0.090488  0.379458 -1.03978 -1.27168  1.28472
1.77659e+09    1.36293 -0.267322  0.664949  -1.09691 -0.403277   2.10942
1.77659e+09    1.06146 -0.377044  0.303825 -0.788314  0.827192  0.912157
1.77659e+09    0.441474  -0.618859 -0.0232116 0.0930338   1.12797 -0.353468
1.77659e+09   -0.102876 -0.0585301  -0.164892 0.571305  1.09746  1.58013
1.77659e+09  -0.485306  0.395273 -0.341726 -1.03099 0.651899   1.0042
1.77659e+09   -0.50022 -0.565596 -0.365162 -1.47874 0.117964 0.256639
1.77659e+09  -0.389432 -0.650817  -0.27994  0.303239 -0.150103   1.53374
1.77659e+09  -0.244556  0.217373  -0.17874   0.378678 -0.0524465   0.923632
1.77659e+09   -0.174249   0.135348 -0.0370601  -0.968978 0.00321753   0.378466
1.77659e+09  -0.246687 -0.298215 -0.089258 -1.13182 0.146528  1.08672
1.77659e+09   -0.312733  -0.246017 -0.0562348 -0.251204 0.0569285  0.835253
1.77659e+09   -0.223251 -0.0734438   0.108881    0.248796    -0.13106 4.76534e-05
1.77659e+09  -0.074114  0.188611  0.111012 0.0632487 -0.144976  0.895067
1.77659e+09  0.0569135  0.421904  0.215408 -0.981429  0.247114    1.2918
1.77659e+09  -0.267992 0.0277563 0.0279211 -1.41746 0.324751 0.323778
1.77659e+09  -0.514068 -0.410067 -0.132934 -0.132064 0.0290964  0.350389
1.77659e+09   -0.325516   0.253592 -0.0647569  0.478044 -0.277544   1.29204
1.77659e+09    -0.129508    0.513517 -0.00190633  -1.34862 -0.117876   1.01201
1.77659e+09   -0.255209  -0.302476 -0.0573001 -1.57689 0.191938 0.198778
1.77659e+09  -0.489567 -0.458004 -0.271418 0.00880532   0.100386    0.71538
1.77659e+09   -0.58331 0.0959333 -0.225612  0.200456 -0.330279  0.927538
1.77659e+09   -0.29995  0.135348 -0.120151 -0.881331  -0.84981  0.719286
1.77659e+09   0.379689 -0.186362  0.171732  -1.22191 -0.122271   1.08403
1.77659e+09  -0.0187202      -0.36 -0.0700833 -0.505111  0.612837  0.365526
1.77659e+09  -0.817669  -0.38024 -0.342791 0.122575 0.183393 0.187548
1.77659e+09   -0.409672 -0.0755743  -0.180871  -0.15013 -0.535357   1.64556
1.77659e+09  0.179419 0.104455 0.131252  -1.00267 -0.449175   0.76079
1.77659e+09   0.0356083  -0.517659 -0.0445169 -0.904036  0.163374 0.0452137
1.77659e+09  -0.429912 -0.496354 -0.213894 0.161149 0.228071 0.977343
1.77659e+09  -0.363866 0.0416048  -0.17661 -0.106673 -0.277056   1.16362
1.77659e+09    0.0281514   -0.125642 -0.00723265 -0.961654 -0.275835  0.500048
1.77659e+09  -0.0315034  -0.435634 -0.0509085 -0.537581 0.0427683  0.649706
1.77659e+09  -0.196619 -0.246017 -0.146782 -0.0180501   0.145796   0.881884
1.77659e+09   -0.296754 -0.0595954  -0.159565 -0.290999 -0.100786   0.75493
1.77659e+09   -0.126312  -0.108598 -0.0903233 -0.843245 -0.182085  0.892382
1.77659e+09  -0.0698529  -0.273714 -0.0338643  -0.642562 -0.0902883   0.757128
1.77659e+09  -0.126312 -0.268387 -0.053039  -0.158431 -0.0265676   0.683886
1.77659e+09   -0.124181 -0.0425511 -0.0434516 -0.116195 -0.143999  0.834764
1.77659e+09  -0.0464171  0.0277563 -0.0232116   -0.6743 -0.115435  0.779833
1.77659e+09  -0.0837014  -0.146947 -0.0445169  -0.760726 -0.0839407   0.695604
1.77659e+09   -0.130573  -0.203406 -0.0541043 -0.277816 -0.157183  0.768358
1.77659e+09   -0.0304381   0.0213647 -0.00403686 -0.124495 -0.244341   1.00102
1.77659e+09  0.0728925  0.124695 0.0566832  -0.50389 -0.100054  0.659471
1.77659e+09  -0.00380652  -0.0244416   0.0183337 -0.612044 0.0884226  0.775438
1.77659e+09   -0.133769  0.0245605 -0.0285379 -0.379867  0.045698  0.884325
1.77659e+09   -0.164661   0.105521 -0.0178853 -0.363265 -0.221636   0.77202
1.77659e+09  0.0249556   0.10339 0.0662706 -0.363265 -0.307085  0.793505
1.77659e+09   0.12296 0.208851 0.114207  -0.556136 -0.0778372    1.11626
1.77659e+09  -0.00380652    0.134283   0.0268558 -0.678695  0.092573  0.644335
1.77659e+09   -0.210468 -0.0244416 -0.0423864  -0.363997 -0.0685598   0.620165
1.77659e+09   -0.130573   0.112977 0.00235473 0.0381022 -0.481157  0.886766
1.77659e+09  0.251857 0.382489 0.173862 -0.43724 -0.36397  1.10893
1.77659e+09  0.318969 0.255723 0.204755 -0.877425  0.102583  0.637255
1.77659e+09   -0.114594 -0.0127237 -0.0157548 -0.498031  0.183393  0.467089
1.77659e+09  -0.301015 0.0501269 -0.048778  0.197282 -0.467241  0.712694
1.77659e+09  0.437213 0.470906  0.22606 -0.224593 -0.295611   1.34477
1.77659e+09  0.747205  0.70846  0.40609 -2.21458 0.794721  2.44341
1.77659e+09   -0.471458 -0.0382901  -0.517494  -3.72777   1.85063 0.0444812
1.77659e+09   -1.58785  -1.39331 -0.644261 -0.828597   1.04326  0.703173
1.77659e+09    -1.3748 -0.155469 -0.539865   1.78005 -0.982622   2.82915
1.77659e+09  0.0579788   1.12817  0.472136 -0.978499  -1.64668   1.37016
1.77659e+09   0.762119 -0.162926   0.38798     -2.916 -0.0719778  -0.249952
1.77659e+09  0.0878062 -0.984245  0.393307 -0.104476   1.09404  0.828661
1.77659e+09    -0.92526   0.379294 -0.0541043  1.37599 0.293501 0.708544
1.77659e+09  -0.260535  0.840553  0.449766  -1.24217 -0.459917    1.0208
1.77659e+09   0.434017 0.0618448  0.683059  -2.26317 -0.203325  0.721483
1.77659e+09   0.117634 -0.445221  0.582924 -0.540267  0.578413  0.392626
1.77659e+09  -0.546026  0.142805  0.431656  0.470964 0.0466746  0.719042
1.77659e+09  0.0760883  0.531626  0.680928  -0.89012 -0.427447  0.951952
1.77659e+09   0.441474 0.0288216  0.795977 -1.41746  0.15605 0.341112
1.77659e+09  0.239074 -0.27904  0.60849 -0.123763   1.09257  0.355761
1.77659e+09  -0.828321  0.270637  0.181319  0.390397  0.898725 -0.420851
1.77659e+09  -1.19051 0.496473 0.117403  -0.297347 -0.0778372   0.567919
1.77659e+09  -0.341495  0.432557  0.485985  -1.35106 -0.785845   1.12309
1.77659e+09   0.285945 0.0863459  0.789585 -0.946517  0.112837  0.340624
1.77659e+09   -0.285036 -0.0489427   0.445505 -0.0265951   0.804975   0.123095
1.77659e+09  -1.11168 0.433622 0.196233 -0.467513  0.335249  0.963671
1.77659e+09  -0.562005  0.258919  0.538183  -1.45335 -0.529497  0.763964
1.77659e+09   0.124025 -0.182101   0.86948 -0.915511 -0.221148  0.790575
1.77659e+09    0.014303 -0.0116585   0.734191 -0.157454  0.794966  0.826708
1.77659e+09  -0.830452  0.257853  0.468941 -0.434066  0.768843 -0.101027
1.77659e+09  -0.933782 0.0298869  0.462549 -0.847884 0.0950144  0.885546
1.77659e+09  -0.448022   0.10339  0.744844  -0.85887 -0.295122   1.16069
1.77659e+09  -0.156139 0.0895417  0.924874 -0.758773  0.185835  0.606737
1.77659e+09  -0.413933   0.02243  0.816217 -0.546859  0.756147  0.508593
1.77659e+09  -0.977458  0.109782  0.642579 -0.298324  0.575727  0.301561
1.77659e+09  -1.02007 0.225896 0.673471 -0.570296 -0.165972   0.99077
1.77659e+09  -0.492763  0.280224  0.967484  -1.04539 -0.449907  0.679979
1.77659e+09  -0.0293729  0.0511921    1.21036 -0.656478  0.285444  0.592089
1.77659e+09  -0.579049  0.266376  0.916352 -0.0737142   0.764936    0.38286
1.77659e+09  -1.08931 0.538018 0.751236 -0.797103  0.400923  0.574511
1.77659e+09  -0.854953  0.170502  0.871611  -1.43773 -0.292193  0.875536
1.77659e+09   -0.292493 -0.0105932     1.1358   -0.618636 -0.00142114    0.983202
1.77659e+09  -0.555614  0.302595   1.00157 -0.173812   0.59062   0.62578
1.77659e+09  -1.08931 0.428296 0.792781 -0.988997  0.288374  0.571093
1.77659e+09   -1.23419 0.0671711  0.743779 -1.82054  -0.9377  1.49346
1.77659e+09   -0.293558 0.00645103    1.17202 -2.07127 -1.30464  2.01787
1.77659e+09   0.277423 -0.199145   1.59386  -1.92479 -0.706988   1.56816
1.77659e+09   0.161309 -0.497419    1.4607 -1.03441 0.117964 0.476366
1.77659e+09  -0.277579 -0.471853   1.29346 -0.121566  0.352827  0.496141
1.77659e+09  -0.457609 -0.111793   1.14645  -0.249984 -0.0439016   0.930468
1.77659e+09   -0.262666 -0.0979449    1.23913  -1.24461 -0.128863  0.817919
1.77659e+09  -0.194489 -0.472918    1.3073 -1.07762  0.13603 0.386034
1.77659e+09  -0.486371 -0.477179   1.21676 -0.451888  0.183637   1.02593
1.77659e+09  -0.452283 -0.101141     1.237  -0.859603 -0.0946829    1.06499
1.77659e+09  -0.283971   -0.4612    1.3872   -1.37059 -0.0136282   0.504686
1.77659e+09  -0.381975 -0.710472   1.37655 -0.324447 0.0984324  0.636766
1.77659e+09  -0.211533 -0.309933   1.40211 0.17946 0.56645 0.80205
1.77659e+09  -0.624856 -0.054269   1.09106  -0.146712   0.942427 -0.0299816
1.77659e+09    -1.37267 -0.0691827   0.696907 -0.511947   1.16337  0.684618
1.77659e+09    -1.8286 0.0277563    0.5254 -0.297347  0.202436  0.584032
1.77659e+09   -1.41528 0.0969985  0.859893 -0.600814 -0.682329   1.11186
1.77659e+09  -0.697294  0.264245   1.29665 -1.06273  -1.0439  1.33623
1.77659e+09    -0.46187 -0.0958144    1.29878  -1.36253 -0.271685  0.476854
1.77659e+09  -0.566266 -0.324846   1.30198 -0.410628  0.209272  0.744188
1.77659e+09  -0.808081 0.0394742   1.21889 -0.204085  0.232954  0.926561
1.77659e+09  -0.832582 0.0767585   1.24126 -0.888656 -0.135698  0.513719
1.77659e+09  -0.618464 -0.293954   1.36696 -0.957503 -0.139361  0.815721
1.77659e+09  -0.552418 -0.191688   1.38933 -0.202132  0.241011   0.86455
1.77659e+09  -0.859214 0.0277563   1.30624 -0.257796  0.323774  0.439989
1.77659e+09    -1.08292 -0.0670522    1.14751 -0.730697 0.0767039  0.580126
1.77659e+09  -0.834713 -0.170383   1.31902  -0.737777 -0.0231497   0.779589
1.77659e+09  -0.851757 -0.152273     1.286 -0.225814  0.139936  0.352831
1.77659e+09   -1.03392 0.0149731   1.27108 -0.443099  0.131391   1.13701
1.77659e+09   -1.11488 0.0266911   1.13899   -1.09056 -0.0692922   0.741747
1.77659e+09  -0.897563 -0.356804     1.335 -0.835433 0.0598582  0.609423
1.77659e+09   -1.05203 -0.146947   1.24019 0.0905924  0.132612  0.688768
1.77659e+09  -1.16921 0.171567  1.26576  -0.644759 0.00907691   0.995165
1.77659e+09  -1.04457 -0.11925  1.30517    -1.1887 -0.0856497   0.540819
1.77659e+09   -1.03711 -0.304606   1.30198 -0.594222 0.0674265  0.829393
1.77659e+09    -1.20862 -0.0510733    1.24658 -0.173324 0.0254343  0.777391
1.77659e+09  -1.14577 0.100194  1.31263  -1.04295 -0.160601   1.02446
1.77659e+09   -1.07014 -0.236429   1.37122  -1.23118 -0.317339  0.598925
1.77659e+09  -0.833648 -0.371718   1.56936 -0.416732  -0.27437  0.924608
1.77659e+09   -0.72286 0.0202995   1.60877 -0.154769 0.0669382   0.99663
1.77659e+09  -0.944435  0.078889   1.54486 -0.868636   0.23686   0.37871
1.77659e+09   -1.03285 -0.259865   1.52675 -1.07347  0.17436 0.688036
1.77659e+09   -1.03498 -0.271583   1.58853 -0.354964 0.0852488  0.886766
1.77659e+09    -1.11381 -0.0382901    1.57042  -0.105941 -0.0858938   0.384813
1.77659e+09     -1.019 0.0181689    1.6663 -0.715804 -0.321001  0.863329
1.77659e+09   -0.728186 -0.0926186    1.82502 -0.934066 -0.203325  0.850389
1.77659e+09  -0.767601 -0.226842   1.84846 -0.26512 0.149458 0.325731
1.77659e+09     -1.0499 -0.0201806    1.77922   0.0837565 -0.00435083      0.5562
1.77659e+09  -0.887976   0.20459   1.78987 -0.493392  -0.27315  0.717821
1.77659e+09  -0.584376 0.0895417   1.92835  -0.805892 -0.0165579   0.622118
1.77659e+09   -0.906086 -0.0425511    1.61623 -0.632308  0.640913  0.728807
1.77659e+09   -1.49837 0.0703669   1.38613 -0.678206  0.452436  0.868212
1.77659e+09    -1.55909 0.00645103     1.3382   -1.3618 -0.254351   1.29473
1.77659e+09  -0.957218 -0.274779   1.69932 -1.50828  -0.1877  1.25127
1.77659e+09   -1.03498 -0.424981   1.65458 -0.666976  0.356489  0.822557
1.77659e+09   -1.61555 -0.265191    1.3872 -0.695052  0.199262    0.9583
1.77659e+09   -1.42167 -0.346152   1.54166 -1.05931  -0.4648 0.877489
1.77659e+09  -0.830452 -0.487832   1.83035 -0.912337 -0.296343    1.0457
1.77659e+09  -0.863475 -0.458004   1.85059 -0.269759  0.365522  0.620165
1.77659e+09   -1.38013 -0.313128   1.64073 -0.282943  0.440473  0.535692
1.77659e+09   -1.52607 -0.322716   1.57469 -0.632796 -0.186968  0.587694
1.77659e+09   -1.17453 -0.464396   1.80904 -0.548079 -0.758745  0.778856
1.77659e+09   -0.74097 -0.288627   2.05832  0.244401 -0.851763  0.876024
1.77659e+09  -0.389432  0.175828   2.27669 0.0319987 -0.535113   1.09355
1.77659e+09  -0.197685  0.228026   2.34274  -0.65306 0.0564402  0.597948
1.77659e+09  -0.574788 -0.111793   2.08601 -0.721663  0.530805  0.228807
1.77659e+09   -1.07014 -0.142686   1.84952 -0.0273275   0.207075   0.805468
1.77659e+09  -0.896498  0.209917   1.94327  -0.35765 -0.338335   1.10625
1.77659e+09  -0.375584  0.153458   2.17443  -1.08739 -0.134966  0.622118
1.77659e+09  -0.670662 -0.231103   1.97629 -0.757552  0.400923  0.372118
1.77659e+09   -1.14257 -0.152273    1.7675 0.155534 0.194624 0.815477
1.77659e+09  -1.03392 0.291942  1.82396 -0.315658 -0.507281   1.16899
1.77659e+09  -0.464001  0.131087   2.09347  -1.10399 -0.492632  0.397753
1.77659e+09  -0.146552 -0.145882   2.26391 -0.317855  0.249555   1.07939
1.77659e+09  -0.696228  0.354793   1.96883 -0.0649251    0.72685   0.657762
1.77659e+09   -1.1266 0.353727  1.76004 -0.951888  0.510786  0.212694
1.77659e+09   -0.98598 -0.173579   1.81224 -0.621077  0.208784  0.933886
1.77659e+09  -0.749492  0.288746   1.93048  0.22194 0.610639  1.21318
1.77659e+09  -1.24164 0.542279  1.67162 -0.538314   1.04741  0.099657
1.77659e+09  -1.82541  0.16198  1.46709 -0.810286  0.918012  0.438036
1.77659e+09  -2.11729   0.1215  1.32328 -0.0356283   0.183393   0.728319
1.77659e+09  -1.67521 0.496473  1.48307   -0.106185 -0.00190942    0.973925
1.77659e+09  -1.53566 0.588085  1.59706 -0.709456  0.359419  0.481249
1.77659e+09  -1.98626 0.212047   1.4085 -0.709456  0.359419  0.481249
1.77659e+09   -2.47415 0.0639753   1.25084 -0.192367 -0.349322  0.924608
1.77659e+09  -1.69651 0.449601  1.55658 -0.278304 -0.921343   1.21343
1.77659e+09  -0.934848  0.516713   2.00399 -0.750472 -0.294878  0.593798
1.77659e+09  -1.17986 0.218439  1.91877 -0.43016 0.600385 0.353807
1.77659e+09   -1.9053 0.320704  1.60664 0.0888834  0.402387  0.293016
1.77659e+09  -2.01503 0.560389  1.58321 -0.546615 -0.618365   1.35332
1.77659e+09  -1.03818 0.394207  2.03488 -0.968734   -1.0063  0.577928
1.77659e+09  -0.312733  0.274898   2.35659 -0.197249  0.201216   1.09599
1.77659e+09  -0.911412  0.504995   1.96457 0.118913  1.40727 0.279833
1.77659e+09  -0.911412  0.504995   1.96457 0.118913  1.40727 0.279833
1.77659e+09  -2.16629 0.359054  1.60664 -0.792464 -0.626909   1.21147
1.77659e+09  -0.906086  0.535887   2.07962 -0.880355 -0.742876   1.64556
1.77659e+09  -0.487437  0.455993     2.298 -0.530257  0.637495   0.34868
1.77659e+09  -0.487437  0.455993     2.298 -0.530257  0.637495   0.34868
1.77659e+09  -2.45178 0.631761  1.35737 -0.533675  0.267378     1.429
1.77659e+09  -2.45178 0.631761  1.35737 -0.533675  0.267378     1.429
1.77659e+09  -0.933782  0.124695   2.04873 -1.34154 -0.18648 0.892382
1.77659e+09  -0.933782  0.124695   2.04873 -1.34154 -0.18648 0.892382
1.77659e+09  -1.99585 0.277028  1.40957  -1.42284 -0.316607   1.92021
1.77659e+09   -1.30876 -0.163991   1.65458  -1.81077 -0.438677  0.791307
1.77659e+09    -1.1756 -0.415394   1.79733 -0.722152  0.320845   1.42461
1.77659e+09  -1.91915 0.110847  1.47242 -1.02269 0.253218  1.28618
1.77659e+09   -1.85843 -0.283301   1.59706  -1.92992 -0.832964  0.599413
1.77659e+09   -1.85843 -0.283301   1.59706  -1.92992 -0.832964  0.599413
1.77659e+09   -0.74097 -0.304606    2.0679  -0.32054 -0.172075   1.45683
1.77659e+09   -0.74097 -0.304606    2.0679  -0.32054 -0.172075   1.45683
1.77659e+09    -1.5314 -0.765866    1.8133  -1.10887 -0.723589  0.939257
1.77659e+09    -1.5314 -0.765866    1.8133  -1.10887 -0.723589  0.939257
1.77659e+09  -0.0730487  -0.397284    2.48549 -0.472884  0.272749   0.42827
1.77659e+09  -0.0730487  -0.397284    2.48549 -0.472884  0.272749   0.42827
1.77659e+09   -1.56761 -0.528312   1.88787 -1.08202 -0.21773  1.25957
1.77659e+09   -1.56761 -0.528312   1.88787 -1.08202 -0.21773  1.25957
1.77659e+09  0.0782188 -0.750952   2.20958 -0.0536947    1.85893   0.466845
1.77659e+09  0.0782188 -0.750952   2.20958 -0.0536947    1.85893   0.466845
1.77659e+09  -4.01666 0.640283 0.761888 -0.491439  0.219038   1.55815
1.77659e+09  -4.01666 0.640283 0.761888 -0.491439  0.219038   1.55815
1.77659e+09  0.0292167 -0.608207   2.53236 -1.30614 -1.78169   1.3167
1.77659e+09  0.0292167 -0.608207   2.53236 -1.30614 -1.78169   1.3167
1.77659e+09  -1.82115 0.604064   1.5406  1.00343 0.676557 0.804979
1.77659e+09  -1.82115 0.604064   1.5406 -0.255599   1.25615  -0.52046
1.77659e+09   -1.82541 -0.619924   1.86124 -1.02708 -2.12447  1.09795
1.77659e+09   -1.82541 -0.619924   1.86124 -1.02708 -2.12447  1.09795
1.77659e+09  0.0526525 0.0266911   1.99866 0.196549 0.457075 0.398241
1.77659e+09  0.0526525 0.0266911   1.99866 0.196549 0.457075 0.398241
1.77659e+09   -2.17588 -0.377044   0.88759 -1.83104 -1.37081 0.836718
1.77659e+09   -2.17588 -0.377044   0.88759 -1.83104 -1.37081 0.836718
1.77659e+09  0.795142 0.173698  1.86124  0.682633 -0.117876   0.98955
1.77659e+09  0.795142 0.173698  1.86124  0.682633 -0.117876   0.98955
1.77659e+09   -1.9085 0.074628 0.439113 -1.12718 0.344038  1.11382
1.77659e+09   -1.9085 0.074628 0.439113 -1.12718 0.344038  1.11382
1.77659e+09    0.317903 -0.0457469    1.26789 -0.367904  -1.06709  0.819384
1.77659e+09    0.317903 -0.0457469    1.26789 -0.367904  -1.06709  0.819384
1.77659e+09  -0.794233  0.264245  0.531791 -1.00658 0.522993 0.100389
1.77659e+09  -0.794233  0.264245  0.531791 -1.00658 0.522993 0.100389
1.77659e+09  -0.350017 -0.104336  0.454027  0.208512 -0.605181   1.44219
1.77659e+09  -0.350017 -0.104336  0.454027  0.208512 -0.605181   1.44219
1.77659e+09  -0.640835  0.151327  0.172797 -0.447493  0.102827  0.272264
1.77659e+09  -0.640835  0.151327  0.172797 -0.447493  0.102827  0.272264
1.77659e+09  -0.436304 0.0703669 0.0982285 -0.895247  -0.68355  0.984423
1.77659e+09  -0.436304 0.0703669 0.0982285 -0.895247  -0.68355  0.984423
1.77659e+09    -0.309537    0.180089 -0.00723265 -0.0776205  0.0974558    1.01543
1.77659e+09    -0.309537    0.180089 -0.00723265 -0.0776205  0.0974558    1.01543
1.77659e+09  -0.312733  -0.13736 -0.113759  -1.17845 -0.570025  0.736376
1.77659e+09  -0.312733  -0.13736 -0.113759  -1.17845 -0.570025  0.736376
1.77659e+09    0.109112   0.188611 0.00235473  -0.27806 -0.441363   1.16509
1.77659e+09    0.109112   0.188611 0.00235473 -0.227035 0.0610789  0.782762
1.77659e+09  -0.132704 0.0927375 -0.106302  -0.988021 0.00248511   0.758104
1.77659e+09  -0.0666571  -0.234299  -0.105237 -0.826644 -0.252886  0.649218
1.77659e+09   0.129352 -0.123511 0.0332474  -0.24974 -0.308062   0.95952
1.77659e+09   0.358383 0.0980638 0.0385737 -0.369613   0.14604  0.620653
1.77659e+09  -0.0432213 -0.0553343  -0.144652  -0.7993 0.335249  0.49077
1.77659e+09   -0.13803 -0.248147 -0.177675 -0.686995 0.0054148   1.02031
1.77659e+09  0.0324125 -0.143751 -0.089258 -0.428695 -0.170611  0.960009
1.77659e+09    0.22416  -0.13736 -0.073279 -0.370833  0.217085  0.604296
1.77659e+09  -0.176379   -0.1576  -0.27994 -0.619857  0.523969   0.69243
1.77659e+09  -0.328712 -0.285431 -0.361966 -0.58348 0.303266 0.814501
1.77659e+09  -0.539635  -0.34189 -0.433338 -0.340316  -0.19771  0.916307
1.77659e+09  -0.165727 -0.199145 -0.311898 -0.409652 -0.488238   1.02837
1.77659e+09   0.100589 -0.216189 -0.202176 -0.894759 -0.215777  0.884325
1.77659e+09  -0.0879624  -0.589032  -0.307637 -0.717025 0.0991648  0.825487
1.77659e+09  -0.129508 -0.505941 -0.464231 -0.296615  0.162397    1.0916
1.77659e+09  -0.367062 -0.482505 -0.625086 -0.624007 0.0171335  0.651171
1.77659e+09  -0.209403 -0.767996 -0.522821 -0.526839 -0.127398  0.645067
1.77659e+09  -0.0613308  -0.594358  -0.443991   -0.0790853 -0.000688717      1.05107
1.77659e+09  -0.145487 -0.422851 -0.521755 -0.723128  0.402387  0.794237
1.77659e+09    -0.6419 -0.877719 -0.777419 -0.429427 -0.174517 -0.160353
1.77659e+09   -1.15216  -1.03218 -0.849857  1.18849 -2.17964 0.701708
1.77659e+09   1.38956 0.440014 0.859893  2.31935 -3.41573  2.43926
1.77659e+09  3.32515 1.74922 1.80478 0.322282 -1.05635  1.69829
1.77659e+09   2.90437 0.630696  1.12408  -2.14085   3.06108 -0.487013
1.77659e+09  -0.490632 -0.194884 -0.122281 -0.499007   3.43999  -1.84981
1.77659e+09   -2.55938  0.511386 -0.812573  1.21852 0.529585  1.87724
1.77659e+09   -0.617399    1.21872 0.00555052 -0.568099  -2.65059   2.09502
1.77659e+09   1.77625 0.803269  1.06229 -2.54149 -1.52315  1.30962
1.77659e+09    1.32032 -0.402611  0.638318 -1.08714   1.2874 0.557909
1.77659e+09  -0.744165 0.0639753 -0.227742   0.438249    1.28935 -0.0131359
1.77659e+09  -1.15642 0.442144  -0.2597 -0.576156 -0.219683     1.627
1.77659e+09  0.317903 0.117239 0.374132 -1.68675 -1.07637  1.39849
1.77659e+09   1.14881 -0.13736 0.455092  -1.4973 0.835249  2.41484
1.77659e+09  -0.569462 -0.250278 -0.317225 -2.12108  2.74736 0.600634
1.77659e+09  -2.49546 -1.04177 -1.05545   -1.13402    1.21074 -0.0924816
1.77659e+09   -2.39319 -0.946961 -0.913773 0.789567 -1.81661  1.97344
1.77659e+09  0.0526525  0.107651  0.254822  0.16237 -2.80269  1.82866
1.77659e+09    1.37571 0.0735627  0.866284 -0.705794 -0.768755 0.0420398
1.77659e+09   0.171962 -0.672122  0.131252 -0.334945   1.08281 -0.549757
1.77659e+09    -1.0989 -0.133099   -0.1585 0.718034 0.260053 0.944628
1.77659e+09  -0.40115 0.250397 0.039639 -0.0798177  -0.948931   0.864061
1.77659e+09  0.641744 0.149196  0.48705  -0.91014 -0.657427   0.94536
1.77659e+09   0.317903 -0.181036  0.214342 -0.434066  0.480268  0.397264
1.77659e+09   -0.620595 -0.0681175  -0.193654 0.0315104  0.360884   0.19536
1.77659e+09   -0.56094  0.125761 -0.151043 -0.263411 -0.468462   1.15044
1.77659e+09  0.0419998  0.147066 0.0268558 -0.738997 -0.669146  0.833788
1.77659e+09    0.193267 -0.0894228  0.0673359 -0.474349 -0.030718  0.627245
1.77659e+09  -0.273318 0.0128426   -0.1585 -0.127913  0.202925  0.728807
1.77659e+09  -0.427782  0.132152 -0.240526 -0.463363  -0.26607  0.881151
1.77659e+09  -0.0666571   0.058649 -0.0903233 -0.81224 -0.38521  1.00591
1.77659e+09   0.0334777 -0.0585301 -0.0541043 -0.431868  0.045698  0.731981
1.77659e+09  -0.315929 0.0298869 -0.223481 -0.148177  0.216108  0.751024
1.77659e+09  -0.464001  0.142805 -0.288462  -0.450179 -0.0768606    0.91411
1.77659e+09  -0.242426 0.0799543 -0.183001 -0.619857 -0.195513  0.812059
1.77659e+09  -0.208337 0.0320174 -0.155304 -0.324202 0.0637644  0.722216
1.77659e+09  -0.490632  0.144935 -0.315094 -0.127913 0.0244578  0.717089
1.77659e+09  -0.519395  0.233352 -0.343856 -0.603743  -0.30855  0.989061
1.77659e+09  -0.18064 0.139609 -0.17661 -0.814681 -0.340532  0.982469
1.77659e+09  -0.168923 0.0607795 -0.175544 -0.353743 0.0574168  0.792528
1.77659e+09  -0.428847   0.20459 -0.322551 -0.109847   0.21855  0.735643
1.77659e+09  -0.585441  0.246136 -0.374749 -0.354476 0.0132273  0.612352
1.77659e+09  -0.569462  0.170502  -0.34066 -0.376937  -0.41353  0.931444
1.77659e+09  -0.285036  0.290877  -0.27994 -0.228988 -0.512163  0.738329
1.77659e+09   0.054783  0.206721 -0.137195 0.0278483  0.061323  0.146776
1.77659e+09  -0.811277  0.380359 -0.354509 -0.249984 -0.716265   2.05205
1.77659e+09   0.228421  0.615782 0.0289863 -1.81224 -1.45552  1.65361
1.77659e+09    1.08383 -0.324846  0.578663  -1.00926 -0.586626  0.322802
1.77659e+09    0.773837 -0.0372248   0.265475   0.7361 0.403608  1.95073
1.77659e+09  0.407386 0.795812 0.151492 -0.722152    1.0352   1.10674
1.77659e+09   -0.0698529 -0.00420161   0.0513569   -1.76488   0.428511 -0.0285168
1.77659e+09  -0.0474824  -0.369587  0.0268558 -0.917952 -0.134234   1.97051
1.77659e+09  0.436148 0.139609 0.287846 -0.361556 -0.143023    1.2376
1.77659e+09    0.378623 -0.0585301   0.151492 -0.550521   0.38603 0.0627918
1.77659e+09  -0.182771 -0.122446 0.0364432 -0.716781  0.372358   1.50469
1.77659e+09   -0.179575 -0.0436164 -0.0594306 -0.909896 -0.395464   1.06206
1.77659e+09   0.276358 -0.354674  0.160014 -0.811507 -0.445025  0.543749
1.77659e+09   0.638548 -0.242821  0.320869   0.233903 -0.0583059   0.847948
1.77659e+09   0.136808  0.212047 0.0705317 -0.11888 0.265913 0.905809
1.77659e+09   0.034543 0.0831501 0.0545527  -1.24364 -0.197954  0.635546
1.77659e+09   0.387146 -0.423916  0.194102  -1.04808 -0.435259  0.959764
1.77659e+09   0.668375 -0.322716  0.273997 0.391862 0.144819 0.537645
1.77659e+09   0.193267  0.180089 0.0172684 0.236344 0.518843 0.543993
1.77659e+09  -0.0890277   0.244005 0.00555052 -1.24705 0.197309 0.950487
1.77659e+09   0.131482 -0.369587 0.0385737  -1.40868 -0.174273   0.61455
1.77659e+09    0.34347 -0.482505    0.1451 0.176774 0.161665 0.851854
1.77659e+09   0.220964  0.099129 0.0172684 0.482194 0.733198 0.694872
1.77659e+09  -0.536439   0.22483 -0.235199 -0.678206  0.360639  0.412157
1.77659e+09   -0.47998 -0.295019  -0.25757  -1.22386 -0.350298  0.960741
1.77659e+09   0.165571 -0.365326 0.0502916 0.0361491 -0.386919  0.766405
1.77659e+09    0.189006  0.0650406 -0.0296032 0.367692 0.373579 0.900438
1.77659e+09  -0.273318  0.228026 -0.202176 -0.743148  0.640913  0.339159
1.77659e+09   -0.70262 -0.335499 -0.385402  -0.972884 -0.0226614   0.515673
1.77659e+09   -0.17851 -0.304606 -0.140391  0.104753 -0.428667   1.15093
1.77659e+09   0.127221  0.217373 0.0257905   0.239762 -0.0609915   0.849901
1.77659e+09   -0.114594   0.170502 -0.0913885 -0.611312  0.342329  0.223925
1.77659e+09  -0.324451 -0.183166 -0.172349 -0.421859  0.291792  0.485887
1.77659e+09    -0.342561 -0.00420161   -0.177675  0.359391 0.0920847  0.849413
1.77659e+09  -0.286102  0.412317  -0.13826 -0.0939779 -0.0482961   0.893602
1.77659e+09    -0.18064   0.271702 -0.0881928 -0.907454 0.0662058  0.511034
1.77659e+09   -0.232838 -0.0553343 -0.0988454 -0.391585  0.254682  0.610155
1.77659e+09  -0.400085  0.186481 -0.191523 0.376969 0.290571 0.753466
1.77659e+09  -0.408607  0.525235 -0.126542 0.0246745  0.200727  0.616503
1.77659e+09   -0.41926  0.494342 -0.148913 -0.719222  0.147016  0.741503
1.77659e+09  -0.402215   0.30366 -0.105237 -0.675277  0.243208  0.781542
1.77659e+09  -0.493828  0.289811 -0.145717 0.0173502  0.291548  0.593553
1.77659e+09   -0.92313  0.616848 -0.162761 0.0217448 -0.529253   1.06523
1.77659e+09   -0.900759    1.16972 -0.0594306  -3.6909 -2.47164  3.99858
1.77659e+09     1.15627 0.00112471   0.820478 -3.99583 -3.56807  2.55913
1.77659e+09   2.72434 -2.18373  1.31902  -1.59178 -0.830034   1.61528
1.77659e+09    2.23005 -0.933112  0.789585   4.0038  2.03422 0.505907
1.77659e+09  -0.784645    1.7961 -0.635739 1.49025  2.7061 -0.7834
1.77659e+09   -1.96709  0.781964 -0.646391 -3.40916  1.06596 -0.29463
1.77659e+09  -0.892237 -0.819129 -0.418425 -1.56126 -2.35567   2.4373
1.77659e+09  0.978367 0.138544 0.659623 0.696305 -1.43819  2.06352
1.77659e+09   0.978367  0.553997 0.0854454  0.723405  0.294721 -0.641066
1.77659e+09  -0.501285  0.636022 -0.397119 -1.54051  1.64555 0.565477
1.77659e+09   -1.15429 0.0245605 -0.490863  -1.3679 0.135053 0.297167
1.77659e+09  -0.589702 -0.306737 -0.295919 -0.367415 -0.695269  0.721483
1.77659e+09    0.16344  0.371837 0.0865106  0.564225 -0.673296    1.2227
1.77659e+09   -0.156139    0.66585 -0.0743443  -0.981185 -0.0363332    0.46538
1.77659e+09   -0.212598 -0.0414859 -0.0178853  -1.54661 -0.167925  0.292772
1.77659e+09  -0.152944 -0.295019 -0.084997 -0.509017 -0.184038   1.32817
1.77659e+09  -0.0868972   0.165175  0.0162032  -0.099349 -0.0734426   0.825731
1.77659e+09   -0.226447   0.150262 -0.0647569 -0.982161 -0.300982  0.571337
1.77659e+09   -0.126312  -0.280105 0.00235473  -1.13084 -0.572466  0.849413
1.77659e+09   0.291272 -0.263061  0.154688 -0.277083 -0.506548   1.01836
1.77659e+09   0.337078 0.0043205   0.14297   -0.176742 -0.00483911    0.700731
1.77659e+09  -0.00487179  -0.0159195  -0.0647569 -0.810286  0.161909  0.618944
1.77659e+09  -0.108202 -0.283301 -0.109498  -0.710921 -0.0590383   0.550829
1.77659e+09   0.144265 -0.185297 0.0247253 -0.068099 -0.114214  0.840624
1.77659e+09    0.12509  0.105521 0.0513569 -0.0693197   0.126753   0.662889
1.77659e+09  -0.078375  0.133218 -0.123346 -0.718245  0.245649  0.670946
1.77659e+09   -0.346822 -0.0915533  -0.234134   -0.80223 -0.0229055    0.49785
1.77659e+09   -0.149748  -0.156534 -0.0967149 -0.157699 -0.382036  0.810594
1.77659e+09   0.228421  0.269571 0.0833148 -0.134749 -0.313921   1.07793
1.77659e+09  0.111242 0.239744  0.02366  -0.91722 0.0657175  0.493212
1.77659e+09  -0.128442 -0.186362 -0.105237 -0.827132 0.0227488  0.553759
1.77659e+09  -0.0719834  -0.133099 -0.0189506 0.0476237 -0.281206    1.0977
1.77659e+09  0.234813 0.367576 0.134448 -0.151351 -0.308306   1.01494
1.77659e+09  0.312577 0.208851 0.100359 -1.04124 0.178999 0.377977
1.77659e+09  -0.129508 -0.194884 -0.109498 -0.759017  0.330122  0.626512
1.77659e+09  -0.342561 -0.116054 -0.183001 0.0246745  -0.17232  0.922655
1.77659e+09   0.100589  0.255723 0.0417695 -0.0441732  -0.377886    1.12139
1.77659e+09  0.186876 0.301529 0.055618 -0.890853 -0.192095  0.768358
1.77659e+09   0.142135 -0.120315   0.10249 -1.13328 0.117964 0.751757
1.77659e+09  0.0366735 -0.227907 0.0662706 0.0368815  0.207807  0.587938
1.77659e+09   -0.209403   0.231222 -0.0423864  0.323747 -0.140825  0.980272
1.77659e+09  0.0451956  0.398468   0.02366 -0.873031 -0.362993  0.917772
1.77659e+09     0.30512 -0.0382901   0.181319  -0.861556 -0.0812551   0.329882
1.77659e+09    0.12509 -0.013789  0.115273 0.193376 0.318403 0.910204
1.77659e+09   -0.295689   0.514582 -0.0743443 -0.178695 0.0666941  0.878954
1.77659e+09   -0.150813   0.249331 0.00874632  -1.04076 -0.439654  0.359423
1.77659e+09   0.318969 0.0043205  0.253757 -0.451644 -0.326372  0.990038
1.77659e+09  0.273162 0.381424 0.253757 0.167985 0.180708 0.787889
1.77659e+09  -0.169988  0.509256 0.0566832 -0.573958  0.149214  0.247118
1.77659e+09  -0.0922235   0.213112   0.132317 -0.853255 -0.333941  0.815233
1.77659e+09  0.230552 0.286616  0.30489 -0.390609 -0.314654   0.92119
1.77659e+09  0.251857 0.429361 0.346435 -0.186263 0.0654734  0.532274
1.77659e+09  -0.107137  0.480494  0.222864   -0.571029 -0.00947778    0.603319
1.77659e+09  0.00471559   0.369706   0.312347 -0.838363 -0.407915  0.768358
1.77659e+09  0.361579 0.312182 0.522204  -0.44847 -0.328814  0.775927
1.77659e+09  0.316838 0.495407 0.498768 -0.331771 0.0588816  0.809618
1.77659e+09  0.0015198  0.510321  0.377328  -0.764876 -0.0377981   0.521776
1.77659e+09  0.110177 0.282355 0.462549 -0.764632 -0.350298  0.781786
1.77659e+09  0.402059 0.398468 0.663884 -0.199202  -0.28023  0.793749
1.77659e+09  0.342404 0.594477 0.632991 -0.211898 0.0139597  0.424608
1.77659e+09  0.300859  0.58489 0.597838 -0.66014 0.328413 0.563036
1.77659e+09  0.349861 0.758528 0.582924 -1.50682 0.718061  2.08965
1.77659e+09   -0.31806  0.626435 0.0353779 -3.22362   1.7166  1.12602
1.77659e+09   -1.41102 -0.583706 -0.376879  -2.21702   1.56352 -0.111769
1.77659e+09   -1.96176 -0.577314 -0.413098   0.445329 -0.0876028    1.86772
1.77659e+09   -1.00835  0.679698 0.0385737 -0.178695  -1.52291   1.56792
1.77659e+09  0.285945 0.368641 0.784259 -2.49998 -1.10225 0.274706
1.77659e+09   0.288076 -0.594358  0.662819 -1.36668 0.227339 0.569628
1.77659e+09  -0.535374 -0.170383  0.500899 -0.159652  0.742719  0.827684
1.77659e+09  -0.60142 0.187546 0.482789  -0.65599 -0.170366  0.713182
1.77659e+09   -0.110333 -0.0809007   0.766149  -1.64183 -0.393267  0.982958
1.77659e+09   0.199659 -0.312063  0.921678 -1.10399 0.112837  0.75493
1.77659e+09  -0.122051 -0.342956  0.777867 -0.334945  0.701704  0.218798
1.77659e+09   -0.644031 -0.0478775   0.662819 -0.197494  0.314253   0.50786
1.77659e+09  -0.495959  0.099129  0.701168  -1.13377 -0.226763  0.926561
1.77659e+09  -0.110333 -0.247082  0.903569  -1.45409 -0.144732  0.602831
1.77659e+09  -0.0954193  -0.451613   0.892916 -0.38597 0.463178 0.539843
1.77659e+09    -0.58331 -0.0627912   0.690516 -0.0165853    0.54936   0.315233
1.77659e+09  -0.805951 0.0767585  0.645774 -0.823958 0.0801218  0.627001
1.77659e+09  -0.452283 -0.181036  0.820478  -1.18236 -0.198931   0.84453
1.77659e+09  -0.254144 -0.254539  0.927004 -0.636214   0.26396  0.724413
1.77659e+09     -0.6419 -0.0958144   0.755497 -0.33763  0.51396 0.304003
1.77659e+09   -0.907151 -0.0404206   0.690516 -0.712874   0.17143  0.676561
1.77659e+09   -0.613138 -0.0819659   0.862023 -0.965804 -0.226519  0.915575
1.77659e+09  -0.363866 -0.156534   1.00796 -0.848861 0.0962351  0.672411
1.77659e+09  -0.572658 -0.166122  0.921678 -0.433822  0.395796  0.412401
1.77659e+09    -0.869867 -0.00526688    0.840718 -0.675277  0.224897  0.844042
1.77659e+09   -0.715403 -0.0872922   0.933396 -1.02635 -0.16939 0.750048
1.77659e+09  -0.450152 -0.250278   1.08679 -0.667952 0.0537546  0.700243
1.77659e+09   -0.593963 -0.0574648    1.02927 -0.395736  0.352095  0.733446
1.77659e+09    -0.895433 -0.00420161    0.918482 -0.908919  0.196821  0.711229
1.77659e+09  -0.765471  -0.22045  0.984529  -1.04344 -0.152544  0.839403
1.77659e+09  -0.536439 -0.247082   1.11556 -0.584945 0.0415476  0.908739
1.77659e+09   -0.673858 -0.0627912    1.06549 -0.442611  0.286421  0.675585
1.77659e+09   -0.951892 -0.0734438   0.957897 -0.956038 0.0835398  0.775438
1.77659e+09  -0.780384 -0.259865   1.05377  -1.02537 -0.231157  0.939012
1.77659e+09  -0.533243 -0.284366   1.19865   -0.533675 -0.00923364    0.894335
1.77659e+09   -0.669597 -0.0958144    1.13686 -0.432113  0.240278  0.698534
1.77659e+09  -0.894368 -0.108598   1.05377 -0.974105 0.0815867  0.781786
1.77659e+09  -0.729252 -0.314194   1.14538 -0.988509 -0.155718  0.871874
1.77659e+09  -0.565201 -0.326977   1.24232 -0.444564   0.11186  0.840136
1.77659e+09  -0.750557 -0.113924   1.17521 -0.385726  0.329389  0.655321
1.77659e+09  -0.964675 -0.150143   1.10703 -0.873275  0.129682   0.70537
1.77659e+09  -0.846431 -0.310998    1.1603 -0.866927  -0.13521  0.876268
1.77659e+09  -0.678119 -0.289692   1.27322 -0.517562 0.0588816  0.799608
1.77659e+09  -0.791037 -0.166122   1.22208 -0.415023  0.249067  0.651659
1.77659e+09   -1.01155 -0.149078   1.15391 -0.815658 0.0830515   0.75786
1.77659e+09  -0.858149 -0.292888   1.24552 -0.900618 -0.180376  0.829637
1.77659e+09  -0.710077 -0.337629   1.32222    -0.53807 -0.00972192    0.815721
1.77659e+09  -0.779319 -0.193819   1.31902 -0.358626  0.203169  0.633837
1.77659e+09  -0.992372 -0.163991   1.24765 -0.774886 0.0361765  0.694139
1.77659e+09   -0.86454 -0.293954   1.34672 -0.958236  -0.28731  0.892382
1.77659e+09  -0.606746 -0.346152   1.47881 -0.626937 -0.211626  0.837694
1.77659e+09  -0.599289 -0.253474   1.50757 -0.402572 0.0515574  0.736864
1.77659e+09  -0.733513 -0.195949   1.45751 -0.622054 0.0984324  0.741259
1.77659e+09  -0.773993 -0.297149   1.42874  -0.766097 -0.0419485    0.77788
1.77659e+09  -0.678119 -0.351478    1.4884  -0.551009 -0.0512258   0.791307
1.77659e+09  -0.670662 -0.274779   1.47988 -0.365951 0.0391062  0.752001
1.77659e+09  -0.753753 -0.204471   1.45964 -0.620101 0.0139597  0.752489
1.77659e+09  -0.724991 -0.297149   1.45964  -0.770247 -0.0817434   0.745165
1.77659e+09  -0.669597 -0.349347   1.52036   -0.60472 -0.0722219   0.787157
1.77659e+09  -0.678119 -0.284366   1.51077 -0.419906 -0.120318  0.740038
1.77659e+09  -0.599289 -0.222581   1.57788 -0.596663   -0.1169  0.838427
1.77659e+09  -0.492763  -0.24069    1.6418 -0.684798  0.030073  0.782762
1.77659e+09  -0.597159 -0.297149   1.62369 -0.590316  0.184858  0.585741
1.77659e+09  -0.716468 -0.277975   1.55551 -0.440658 0.0544871  0.756639
1.77659e+09  -0.617399  -0.17997   1.62475  -0.600814 -0.0141165   0.847948
1.77659e+09    -0.5407 -0.210863   1.68228 -0.686019  0.156294  0.704393
1.77659e+09  -0.724991  -0.26093   1.61517 -0.584945  0.288862  0.683641
1.77659e+09  -0.897563 -0.223646   1.54379 -0.476546 0.0181101  0.722704
1.77659e+09  -0.704751 -0.178905   1.67589 -0.685775 -0.193316  0.957567
1.77659e+09  -0.477849 -0.175709   1.79733 -0.665999 0.0730418  0.723436
1.77659e+09  -0.711142 -0.191688   1.71423 -0.677474  0.314741  0.681444
1.77659e+09  -0.938043 -0.215124   1.60558 -0.761702 0.0168894  0.683397
1.77659e+09  -0.744165 -0.282236   1.71743 -0.723372   -0.3044   0.81035
1.77659e+09  -0.453348  -0.19808   1.87509 -0.628402 -0.129351  0.899462
1.77659e+09  -0.565201 -0.189558   1.83248 -0.644271  0.212202  0.561327
1.77659e+09  -0.793168 -0.259865    1.7398 -0.732161  0.140425  0.656542
1.77659e+09  -0.760144 -0.287562   1.76217 -0.694564 -0.179644  0.839647
1.77659e+09  -0.470392 -0.217255   1.90918  -0.60472 -0.120318  0.871141
1.77659e+09  -0.481045 -0.154404   1.89853 -0.647445  0.251264  0.595995
1.77659e+09  -0.767601 -0.222581     1.792 -0.725326  0.321089    0.5562
1.77659e+09  -0.918869 -0.268387   1.70784 -0.666488 -0.117876  0.751268
1.77659e+09  -0.497024 -0.209798   1.94646  -0.454574 -0.0565969    0.81621
1.77659e+09   -0.392628 -0.0478775    1.96883 -0.318587  0.562788  0.658739
1.77659e+09    -1.06907 -0.0212458    1.68334 -0.571517  0.715376 0.0923328
1.77659e+09   -1.44298 -0.120315   1.55338  -0.808577 -0.0536672    1.04717
1.77659e+09   -0.588637 -0.0393553    1.98162 -0.723372 -0.154497   1.07866
1.77659e+09   -0.389432 -0.0563996    2.09027 -0.401107  0.930219  0.636522
1.77659e+09   -1.48133 0.0405395    1.6418 -0.359359   1.06499 -0.283888
1.77659e+09   -2.21849 0.0181689   1.39039 -0.726546 0.0759714   1.00786
1.77659e+09    -1.22353 -0.0169848    1.87083 -0.518783 -0.800982   1.05205
1.77659e+09  -0.46187 0.219504  2.17017 -0.518294  0.260786   1.14067
1.77659e+09  -1.22673 0.118304   1.8165 -0.874495   1.15336 -0.131788
1.77659e+09   -2.37722 -0.183166   1.38187 -0.82054 0.416303 0.632128
1.77659e+09   -1.84778 -0.111793   1.63327 -0.353743 -0.829058   1.27764
1.77659e+09  -0.908216  0.186481   1.98268 -0.867415 -0.510698   1.01518
1.77659e+09  -0.926326 -0.210863    1.9454 -1.09593 0.842817 0.625292
1.77659e+09    -2.3655 -0.312063   1.30411 -0.468245  0.390669 0.0623035
1.77659e+09   -2.48055 -0.369587  0.881198 -0.538558  -1.11885    1.5125
1.77659e+09   -1.16068 -0.169318   1.37868 -0.86473 -1.13716  1.31816
1.77659e+09   -1.00302 -0.188492   1.36376  -0.966536 -0.0551321   0.415575
1.77659e+09   -2.29093 -0.651882  0.546705    -0.68431 -0.00337426   -0.235792
1.77659e+09    -2.3378 -0.667861  0.397568 -0.0676107   -1.51631     1.9334
1.77659e+09    -1.16175 -0.0894228   0.875872 -0.503402  -2.09175   1.36308
1.77659e+09  -0.513003 -0.367457   0.99092  -0.620589   -1.31124 -0.0829602
1.77659e+09  -0.657879 -0.505941  0.831131   0.21071 -0.296343  0.931444
1.77659e+09   -1.1447 0.155588 0.513682 -0.00681968   -0.430132     1.13115
1.77659e+09     -1.2278 -0.0872922   0.384785 -1.28612 -1.33907  0.53911
1.77659e+09  -0.344691 -0.586901  0.635122 -0.595687  -1.34395    1.2166
1.77659e+09   0.0462609 -0.0649217   0.794912  0.718522 -0.426714  0.969286
1.77659e+09  -0.647226  0.324965  0.280389 -0.294173 -0.103228  0.366259
1.77659e+09   -0.98598 -0.214059 0.0417695  -1.52513 -0.815142  0.856005
1.77659e+09  -0.357474 -0.563465  0.243105 -0.496322  -1.35176   1.04912
1.77659e+09  0.405255 -0.13736 0.598903  0.397721 -0.626421   1.15923
1.77659e+09  -0.133769  0.208851  0.243105 -0.436751 -0.174273  0.636522
1.77659e+09  -0.352148 -0.355739  0.101424  -1.48924 -0.413775  0.764696
1.77659e+09     0.111242    -0.58051 -0.00616739 -0.0519857  -0.434038    1.38848
1.77659e+09   0.454257 -0.086227  0.111012   0.8257 0.877973  1.00981
1.77659e+09   -1.04244  0.413382 -0.466362 -0.0231771   0.777387  0.0500965
1.77659e+09   -1.49305 -0.029768 -0.730547  -1.19969 -0.622027   1.60137
1.77659e+09   -1.49305 -0.029768 -0.730547  -1.19969 -0.622027   1.60137
1.77659e+09   0.597003 0.0192342  0.200494 -0.0715169  -0.474566    1.21489
1.77659e+09    0.120829  0.0863459 -0.0381253 -0.544661  0.395552  0.702684
1.77659e+09  -0.426717  -0.30141 -0.287397 -0.946517  0.049116   1.00322
1.77659e+09  -0.0602655  -0.460135    -0.1585  -0.15306 -0.511187   1.25908
1.77659e+09   0.534152 -0.013789  0.075858   0.340592 -0.0734426    1.23442
1.77659e+09    0.169832   0.193938 -0.0796706 -0.356673  0.541303  0.738817
1.77659e+09  -0.271188  -0.13736 -0.322551 -1.13035 0.387495 0.967089
1.77659e+09  -0.271188  -0.13736 -0.322551 -1.13035 0.387495 0.967089
1.77659e+09   0.136808 -0.086227 -0.142521  0.433366 -0.181109   1.10259
1.77659e+09    0.210312   0.244005 -0.0903233  0.433366 -0.181109   1.10259
1.77659e+09   -0.053874 0.00538577  -0.256505 -0.816146  0.418501  0.577196
1.77659e+09  -0.184901 -0.222581 -0.290593 -0.415023  0.336958  0.966356
1.77659e+09  -0.195554 -0.034029 -0.260766 0.0835124  0.202192  0.782274
1.77659e+09  -0.245622   0.10339 -0.256505  -0.314193 -0.0226614   0.890917
1.77659e+09  -0.0123286  0.0149731  -0.121216 -0.897201 -0.042925   1.07085
1.77659e+09  -0.0123286  0.0149731  -0.121216 -0.897201 -0.042925   1.07085
1.77659e+09   -0.32019 -0.248147  -0.21709 -0.10179 0.311323 0.646776
1.77659e+09   -0.429912 -0.0968796  -0.273549 -0.0263509  -0.147661   0.908251
1.77659e+09  0.0388041 0.0181689 0.0183337 -0.516341  -0.18355   1.22954
1.77659e+09  0.0388041 0.0181689 0.0183337 -0.516341  -0.18355   1.22954
1.77659e+09  -0.455479  -0.26093 -0.175544 -0.21141 0.482466 0.314989
1.77659e+09  -0.455479  -0.26093 -0.175544 -0.21141 0.482466 0.314989
1.77659e+09  0.0388041  0.226961  0.103555 -0.403548 -0.569536    1.4251
1.77659e+09  0.0388041  0.226961  0.103555 -0.403548 -0.569536    1.4251
1.77659e+09  -0.159335 -0.320585 0.0449653 -0.214339  0.397993  0.554247
1.77659e+09  -0.159335 -0.320585 0.0449653 -0.214339  0.397993  0.554247
1.77659e+09  -0.105007  0.304725  0.108881 -0.227523 -0.253863   0.88579
1.77659e+09  -0.105007  0.304725  0.108881 -0.227523 -0.253863   0.88579
1.77659e+09  -0.0485476   -0.17784   0.119534 -0.400618  0.186323  0.870409
1.77659e+09  -0.0485476   -0.17784   0.119534 -0.400618  0.186323  0.870409
1.77659e+09  -0.078375   0.14174  0.158949 -0.156478 -0.387163    1.0435
1.77659e+09  -0.078375   0.14174  0.158949 -0.156478 -0.387163    1.0435
1.77659e+09   0.223095 -0.144817  0.285715 -0.277083  0.377973  0.534471
1.77659e+09   0.223095 -0.144817  0.285715 -0.277083  0.377973  0.534471
1.77659e+09    -0.422455    0.226961 -0.00723265 -0.0378255  -0.233355    1.08061
1.77659e+09    -0.422455    0.226961 -0.00723265 -0.0378255  -0.233355    1.08061
1.77659e+09   0.367971 -0.103271  0.368806  -0.779769 -0.0536672   0.745165
1.77659e+09   0.367971 -0.103271  0.368806  -0.779769 -0.0536672   0.745165
1.77659e+09  -0.0964845   0.191807   0.167471 0.333512 0.192427  1.15068
1.77659e+09  0.0206946  0.399534    0.2463  -0.732894 -0.0622122    1.10088
1.77659e+09   0.0270861 -0.0894228   0.240974 -0.885482 0.0232371  0.374315
1.77659e+09   0.0270861 -0.0894228   0.240974 -0.885482 0.0232371  0.374315
1.77659e+09  0.0356083  0.454927  0.255888 0.263932 -0.12398  1.15239
1.77659e+09  0.0356083  0.454927  0.255888 0.263932 -0.12398  1.15239
1.77659e+09    0.127221 -0.0532038   0.322999 -0.548324   0.19145  0.759081
1.77659e+09    0.127221 -0.0532038   0.322999 -0.548324   0.19145  0.759081
1.77659e+09  -0.0932887   0.464515   0.187711   -0.233626 -0.00410669    0.950731
1.77659e+09  -0.0932887   0.464515   0.187711   -0.233626 -0.00410669    0.950731
1.77659e+09  -0.00806758   0.0448006    0.169601 -0.429671  0.173139  0.907274
1.77659e+09  -0.00806758   0.0448006    0.169601 -0.429671  0.173139  0.907274
1.77659e+09  -0.276514   0.38462 0.0375085 0.163835 0.226362  0.68828
1.77659e+09  -0.276514   0.38462 0.0375085 0.0268717 -0.115435  0.918505
1.77659e+09  -0.00380652    0.109782    0.147231 -0.871077 -0.015093  0.916063
1.77659e+09  -0.00380652    0.109782    0.147231 -0.871077 -0.015093  0.916063
1.77659e+09     -0.21899    0.179024 0.000224201 0.150895 0.109175 0.843798
1.77659e+09     -0.21899    0.179024 0.000224201 0.150895 0.109175 0.843798
1.77659e+09   -0.142291   0.185415 0.00555052  -0.320052 0.00492652   0.928026
1.77659e+09   -0.142291   0.185415 0.00555052 -0.942122 0.0767039   0.96953
1.77659e+09   -0.376649 -0.0521385  -0.185132   0.202653 -0.0524465    1.12285
1.77659e+09   -0.225382   0.274898 -0.0743443 -0.164046 -0.286089  0.920702
1.77659e+09  -0.0996803  0.0277563 -0.0349295 -0.164046 -0.286089  0.920702
1.77659e+09  -0.0996803  0.0277563 -0.0349295 -0.975814 -0.279986  0.971483
1.77659e+09  -0.0464171  -0.123511 -0.0317337 0.145524 0.242231  1.11601
1.77659e+09  -0.0464171  -0.123511 -0.0317337 0.145524 0.242231  1.11601
1.77659e+09  -0.381975 -0.274779 -0.174479 -0.187728  0.148481  0.335253
1.77659e+09  -0.381975 -0.274779 -0.174479 -0.491927 -0.316607  0.693163
1.77659e+09    0.159179  -0.134164 -0.0509085 -0.0102376   -0.25728    1.25957
1.77659e+09  -0.252013  0.154523  0.296368  0.372819 -0.611773  0.198778
1.77659e+09  0.112307 0.281289 0.206886   1.29323  -1.83296 0.0178699
1.77659e+09  1.47372 1.06745 1.01968  1.13918 -1.31514  2.15898
1.77659e+09  2.12459 1.65442 1.08573 -0.669906  0.671675   1.22734
1.77659e+09  0.638548 0.529496 0.476397 -1.95994  2.10747  -1.4936
1.77659e+09   -0.435239    0.46558 0.00874632 -0.612044   1.80717   2.45635
1.77659e+09   -0.98598   1.13244 -0.374749 -1.85741  1.53789  1.75762
1.77659e+09    -1.33645 -0.0574648  -0.377945 -1.62108 0.697309 0.772264
1.77659e+09  -1.71569 0.122565 -0.64213 -0.810775 -0.265337   2.61724
1.77659e+09   -1.13512  0.399534 -0.162761 -1.39769 -1.40401    1.002
1.77659e+09  -0.209403 -0.251343   0.16534 -1.20018 -1.41158 0.962206
1.77659e+09  0.330687  0.04267 0.517943  0.167985 -0.519488   1.63994
1.77659e+09  -0.207272  0.581694  0.348566 -0.853988 -0.492876   1.43584
1.77659e+09    0.207116 -0.0926186   0.479593   -1.9597 -0.878863  0.978319
1.77659e+09    0.72803 -0.431373  0.683059 -0.365951 -0.489458   1.49248
1.77659e+09   0.411647 0.0117774  0.477463 0.286637 0.131391 0.667528
1.77659e+09  0.127221 0.128956 0.415677 -0.597884 -0.131304   0.58037
1.77659e+09   0.195398 -0.257735  0.403959  -1.29051 -0.746294   1.08965
1.77659e+09   0.883559 -0.371718  0.742714 -0.542464 -0.693072   1.43218
1.77659e+09   0.878232 -0.246017  0.623404  0.0717936 -0.0729543   0.487352
1.77659e+09   0.474497 -0.160795  0.475332 -0.282699  0.257124   0.88994
1.77659e+09   0.226291 -0.181036  0.321934 -0.559798 -0.359087  0.838915
1.77659e+09   0.659853 -0.290758  0.564814 -0.802474 -0.464312  0.886034
1.77659e+09   0.975172 -0.429242  0.594642 0.109391 0.206587   0.5291
1.77659e+09   0.393537 -0.105402  0.178123 0.524919 0.742231 0.390917
1.77659e+09  -0.387302  0.214178 -0.125477 -0.696029  0.433393  0.881639
1.77659e+09   -0.339365  -0.316324 -0.0370601   -1.5825 -0.868609   0.99077
1.77659e+09   0.787685 -0.594358  0.315542 -0.704574 -0.457964  0.906786
1.77659e+09   0.773837 -0.531508  0.174928   1.4175 0.606733 0.196093
1.77659e+09  -0.612073  0.527365 -0.388597 0.0573893   1.08012    0.9937
1.77659e+09  -0.972132 0.0469311 -0.389663  -1.96336 -0.507769  0.294481
1.77659e+09    0.121895  -0.943765 -0.0743443 -1.08885 -1.13936 0.732469
1.77659e+09   0.931496 -0.373848  0.230321  1.36867 0.031782  1.86016
1.77659e+09  0.0388041  0.528431 -0.369423  0.124772  0.839643 -0.303663
1.77659e+09   -0.80382 -0.126707 -0.325747 -1.88451 0.473432 0.559618
1.77659e+09  -0.146552 -0.707276 -0.120151  -0.68724 -0.623736   1.56035
1.77659e+09   0.434017 -0.275844 0.0971633  0.745133 0.0293406  0.794237
1.77659e+09  -0.176379  0.155588 -0.116955 0.317887 0.181928 0.537645
1.77659e+09  -0.374519  0.124695 -0.270353   -1.43187 -0.0419485    1.46025
1.77659e+09    0.10272 -0.595423 0.0566832  -1.25584 -0.367388  0.635302
1.77659e+09   0.171962 -0.634838   0.02366 0.723893 0.016157  1.12724
1.77659e+09    0.018564   0.216308 -0.0711485 0.392839 0.278364  1.14189
1.77659e+09  -0.162531 -0.029768 -0.192589 -1.31224 0.173139 0.529589
1.77659e+09    -0.14016  -0.752017 -0.0711485  -0.956527 0.00858863   0.995165
1.77659e+09  -0.0645266  -0.505941 -0.0796706   0.59987 -0.107866   1.24053
1.77659e+09  -0.0751792 0.00645103 -0.0423864   0.133073 -0.0556204   0.814745
1.77659e+09   0.171962  -0.21832 0.0769232  -0.642562 -0.0211965   0.592577
1.77659e+09  -0.078375 -0.471853 0.0481611 -0.499495 0.0801218   1.04009
1.77659e+09  -0.0453518  -0.344021  0.0311169 0.0908366 -0.296343  0.818895
1.77659e+09   0.234813 -0.203406  0.186645  0.292985 -0.230181  0.440233
1.77659e+09     0.40419 -0.0894228   0.265475  0.380143 0.0330027  0.464159
1.77659e+09  0.0952631  0.126826  0.251627 -0.354964   0.22685   1.20073
1.77659e+09   0.351992 0.0458658 -0.048778 0.412126 0.453413 0.360399
1.77659e+09   0.830296 -0.308867 -0.571823  2.21413  3.24101 -1.70552
1.77659e+09  -2.10131  1.69703 -1.46771  4.0038 3.46123 -1.1335
1.77659e+09  -5.27473  3.44939 -2.40301 -0.653548 0.0571726   1.79424
1.77659e+09  -2.28986  1.61607 -1.18009 -3.99583 -3.99861 0.606249
1.77659e+09    1.3086  0.24294 0.075858 -1.07518 -3.55147  1.95317
1.77659e+09   1.23084  2.23925 0.478528 0.35109  -1.092  3.1043
1.77659e+09    0.44467   2.07306 0.0715969 -3.99583 -1.13619 0.601854
1.77659e+09   1.99569 -0.66147  1.03779 -3.99583 -1.97139  2.10356
1.77659e+09    2.80103 -0.330173  0.888655    1.5132 0.0466746   3.01299
1.77659e+09    2.4005  1.18889 0.557358  0.951432   2.94536 -0.630079
1.77659e+09  -0.703685   1.25388 -0.600585  -1.73363   2.63823 -0.866896
1.77659e+09    -1.55803 -0.0787701  -0.959579 -2.48387 0.685591    2.179
1.77659e+09  -0.139095 -0.124576 -0.202176 -0.23387 -1.23531  1.71587
1.77659e+09  0.857992 0.484755  0.02366  0.177995 -0.286333   1.50737
1.77659e+09  0.349861 0.565715 -0.15637 -1.10374  1.00224 0.165087
1.77659e+09   -0.755883 -0.0372248  -0.565431 -1.37205  0.73686  0.18535
1.77659e+09  -0.632313 -0.188492 -0.463166 -0.685775 -0.519732    1.7769
1.77659e+09      0.276358     0.249331 -0.000841063 -0.444564 -0.540972  0.945116
1.77659e+09   0.382884  0.106586 0.0375085 -0.454818  0.274458  0.165087
1.77659e+09  -0.124181 0.0107121 -0.162761  -0.131576   0.647993 -0.0172863
1.77659e+09  -0.653618   0.44534 -0.265027 -0.256331  0.026655  0.771288
1.77659e+09   -0.11992  0.240809 0.0268558  -1.11107 -0.256792   0.54204
1.77659e+09   0.333882 0.0724974  0.279323 -0.645003  0.174116  0.912157
1.77659e+09   -0.293558  0.0629101 -0.0754096  0.186296  0.293257 -0.487989
1.77659e+09  -0.684511  0.338814 -0.109498 -0.0126791  -0.190142   0.789354
1.77659e+09  0.114438 0.555062 0.354957 -0.693099 -0.627642  0.704882
1.77659e+09  0.313642 0.217373 0.349631  -0.54222 -0.335894 -0.221876
1.77659e+09  0.106981  0.20246 0.346435  0.351335 0.0183543  0.348925
1.77659e+09  0.0249556  0.741484  0.282519   0.13234 -0.128374  0.665087
1.77659e+09  0.295533 0.718048 0.428461  -0.755355  -0.207232 -0.0299816
1.77659e+09  0.200724 0.359054  0.36774 -0.451888 0.0200632 0.0449695
1.77659e+09  0.106981 0.637088 0.358153   0.26735 0.0146921  0.328661
1.77659e+09  0.0782188  0.959863  0.383719  -0.154525 -0.0971243   0.296679
1.77659e+09   0.60659 0.944949 0.514747 -1.24657 0.939009  1.34624
1.77659e+09  0.283815  1.01206 0.537118 -2.64061   2.2288  1.17168
1.77659e+09   -1.59425  0.572106 -0.928686 -3.99583  3.15703 0.838427
1.77659e+09   -2.87043 -0.906481  -1.14813 -3.05931  2.15556 0.599901
1.77659e+09   -3.53196 -0.886241  -1.39314 0.757585 -0.99605  1.46977
1.77659e+09   -1.5559 0.597673 0.107816 0.314225 -3.51558  1.82964
1.77659e+09  1.39702 0.92897 1.63114 -2.37743 -2.36763 0.547167
1.77659e+09    1.66546 -0.347217   1.76217   -2.15086   0.736372 -0.0192395
1.77659e+09  -0.228577 -0.401545  0.964289 -0.293441    1.7581 0.0503406
1.77659e+09  -1.15429 0.438948 0.556292 -0.590804  0.798872   1.30107
1.77659e+09  -0.642965 0.0352132  0.737387  -1.85326 -0.605669  0.330614
1.77659e+09   0.243335 -0.391958   1.18799  -1.02049 -0.341265  0.752977
1.77659e+09    0.133613 -0.0233764    1.18373  0.14943 0.505171 0.343798
1.77659e+09  -0.612073  0.353727  0.841783  -0.41014  0.523725 -0.535109
1.77659e+09  -0.739904  0.119369  0.744844 -0.841781  0.147749   0.67705
1.77659e+09  -0.426717  0.221634  0.906764 -0.709945  0.078657  0.553026
1.77659e+09  -0.454413  0.223765  0.857762 -0.264632  0.239302 -0.519239
1.77659e+09  -0.858149  0.454927  0.721408 -0.53514 0.143843  0.80205
1.77659e+09  -0.631247  0.502864  0.769345  -1.27244 -0.168169  0.771776
1.77659e+09  -0.385171  0.226961  0.882263  -1.39183 0.0835398   0.65288
1.77659e+09  -0.521525  0.135348  0.782128 -0.759749  0.445356  0.403368
1.77659e+09  -0.938043  0.319639  0.671341 -0.980697  0.176069  0.789354
1.77659e+09  -0.714338  0.159849  0.793846  -1.43773 -0.323687   0.52788
1.77659e+09   -0.191293 -0.0585301    1.09106   -1.10667 -0.0439016    0.84868
1.77659e+09  -0.393693 0.0767585  0.952571 -0.670394  0.513471  0.446581
1.77659e+09   -0.80169 0.0618448  0.831131 -0.91014 0.467573 0.289598
1.77659e+09   -0.827256 0.00645103   0.825804   -1.22752 -0.0131399   0.845995
1.77659e+09   -0.493828 -0.0979449    1.03033   -1.14598 -0.0524465   0.691454
1.77659e+09  -0.507677 -0.123511   1.04205 -0.877425  0.286665    0.7083
1.77659e+09   -0.724991 -0.0489427   0.955766 -0.92015  0.36186 0.440966
1.77659e+09  -0.877323 -0.184231  0.884394   -1.1743 0.0732859  0.650682
1.77659e+09  -0.622725 -0.272648   1.05484 -0.933577 0.0137156  0.763719
1.77659e+09  -0.639769 -0.162926   1.02394 -0.746566  0.244184   0.53203
1.77659e+09   -0.84217 -0.190623   0.94831 -0.964339  0.298384  0.393846
1.77659e+09  -0.922065 -0.297149  0.892916  -1.07152 0.0832957  0.746386
1.77659e+09  -0.765471 -0.323781   1.00796 -0.97557 0.108442 0.733934
1.77659e+09  -0.827256 -0.337629   0.96855 -0.864486  0.250044  0.553026
1.77659e+09   -1.00942 -0.377044  0.905699 -1.00877 0.235884 0.627245
1.77659e+09  -0.995568 -0.445221  0.908895   -1.0283 0.0149363  0.664598
1.77659e+09  -0.849627 -0.500615  0.993051 -1.05833 0.133344 0.818407
1.77659e+09  -0.975328 -0.552813  0.927004  -0.8889   0.2581 0.486132
1.77659e+09   -1.16175 -0.609272  0.855632 -0.993392 0.0945261   0.64287
1.77659e+09   -1.01581 -0.669992  0.936592  -1.04491 -0.119097  0.884081
1.77659e+09   -0.80169 -0.693428   1.08573 -1.03514 0.149214 0.711473
1.77659e+09   -1.01048 -0.826586  0.967484 -0.991683  0.368208  0.494432
1.77659e+09   -1.4238 -0.90222  1.00264  -1.11449 -0.264605  0.274706
1.77659e+09   -1.05416 -0.928851   1.41063 -0.35472 -1.68917 0.981493
1.77659e+09    0.38608 -0.336564   2.07003 -0.258529  -1.55855   1.67998
1.77659e+09    1.22977 -0.162926   2.51105 -0.678939   0.42021  0.911913
1.77659e+09  0.0409346 -0.565596   1.63114 -0.467757   1.45122  -1.01387
1.77659e+09   -1.62301 -0.283301   1.09532 -0.12596 0.995161  0.61162
1.77659e+09    -1.1447 0.0693016   1.12408 -0.384505 -0.507769   1.17363
1.77659e+09  -0.457609 0.0043205   1.39466  -1.36473 -0.398394  0.278368
1.77659e+09  -0.736709 -0.466526   1.10064 -0.705306  0.197553  0.579393
1.77659e+09  -1.13618 -0.17997  0.90783 -0.0497884   0.146284   0.815233
1.77659e+09   -1.16068 0.0735627  0.658558 -0.746077 -0.319048   0.72246
1.77659e+09   -1.17134 -0.309933  0.634057  -1.24095 -0.591265   0.69243
1.77659e+09  -0.760144 -0.394088  0.762954 -0.855697 -0.567583   1.33013
1.77659e+09  -0.686641 -0.271583  0.807695 -0.564193 -0.208452  0.745653
1.77659e+09  -0.836843 -0.302476  0.699038 -0.49266 -0.19356 0.398973
1.77659e+09  -0.950827 -0.310998  0.624469 -0.497054 -0.545122   0.81328
1.77659e+09  -0.476784 -0.184231  0.864154 -0.667952 -0.659136   1.03716
1.77659e+09  -0.199815 -0.226842  0.979202 -0.818099 -0.186968  0.954882
1.77659e+09  -0.323386 -0.323781  0.954701 -0.460433   0.44438  0.610155
1.77659e+09  -0.717534 -0.208732  0.746975 -0.269271  0.504682  0.573778
1.77659e+09  -0.962545 -0.145882  0.676667 -0.60887 0.132124 0.701708
1.77659e+09  -0.798494 -0.241756  0.781063 -0.767074 -0.345415  0.971971
1.77659e+09  -0.465066 -0.225777  0.946179 -0.593245 -0.198443  0.824755
1.77659e+09  -0.391563 -0.202341  0.996247 -0.438704  0.324995  0.764696
1.77659e+09  -0.843235 -0.136294  0.801303  -0.6743 0.378462 0.737352
1.77659e+09   -1.04777 -0.275844  0.734191 -0.890609 -0.246782  0.749315
1.77659e+09  -0.619529 -0.353608  0.974941 -0.813704 -0.682818    1.2625
1.77659e+09  0.00471559  -0.214059      1.286  -0.616439 -0.0522024    1.01396
1.77659e+09   -0.34043 -0.290758   1.17521 -0.658431   0.61186  0.361376
1.77659e+09   -1.11594 -0.337629  0.846044 -0.888167  0.106977  0.936571
1.77659e+09  -0.777189 -0.537899    1.0591  -1.05443 -0.984087   1.22002
1.77659e+09   0.338143 -0.472918   1.62795   -0.6743 -0.705034   1.26933
1.77659e+09   0.759988 -0.443091   1.79839 -0.524154  0.976118  0.836229
1.77659e+09  -0.738839 -0.503811  0.704364 -0.475814   1.71123  -0.58882
1.77659e+09   -1.52287 -0.518724  0.644709 0.350846  1.54912  0.94829
1.77659e+09  -1.75617 0.163045 0.617012 0.580339 0.317427  1.20854
1.77659e+09   -1.6017 0.368641 0.778933 -1.06468 -1.05586   1.0064
1.77659e+09  -0.532178 -0.268387   1.25191 -1.82323 -1.31124  1.06938
1.77659e+09   0.185811 -0.396219    1.5864 -0.0969076  -0.245806   0.946337
1.77659e+09  -0.288232 0.0799543   1.27322 0.352311 0.807661 0.524218
1.77659e+09  -1.06907 0.288746  1.09851 -0.355208  0.487104   0.32329
1.77659e+09    -1.01687 -0.0745091    1.00583 -0.858382 -0.296587   1.01177
1.77659e+09    -0.385171 -0.00313635      1.4149 -0.248275  -0.39522   1.15312
1.77659e+09  -0.237099  0.255723   1.39039 -0.161361  0.247602  0.621386
1.77659e+09  -0.734578  0.214178   1.21356 -0.753402  0.658003  0.447069
1.77659e+09     -1.09464 -0.00739741     1.01009 -0.742904   0.20268   0.71245
1.77659e+09   -0.997698 -0.0478775    1.13793 -0.475814 -0.312456  0.880907
1.77659e+09  -0.562005  0.109782   1.31476 -0.313216 -0.284868   1.00469
1.77659e+09  -0.660009  0.190742   1.26469 -0.724105 0.0420359  0.699755
1.77659e+09   -1.03072 -0.128838  0.962158  -1.11522 -0.175493  0.628221
1.77659e+09  -0.673858 -0.284366   1.17841 -0.414779 -0.428667   1.17729
1.77659e+09  -0.574788 0.0852806   1.18267 -0.099349 -0.332964   0.64287
1.77659e+09   -0.645096 0.00858156    1.13686 -0.69847 -0.39815 0.610399
1.77659e+09  -0.383041 -0.118185   1.16136 -0.784652 -0.295366   1.06011
1.77659e+09   -0.389432 -0.0947491    1.14006 -0.416976 0.0222605  0.712206
1.77659e+09  -0.620595 -0.123511  0.966419 -0.127425  0.142866  0.475634
1.77659e+09  -0.759079 0.0469311  0.913156  -0.300765 -0.0580618    1.13433
1.77659e+09  -0.62166 0.148131 0.940853 -0.742904 -0.351519  0.698778
1.77659e+09  -0.554548 -0.166122  0.955766  -0.57347 -0.432085  0.550096
1.77659e+09  -0.381975 0.0213647  0.981333 -0.0773763  -0.453081    1.31767
1.77659e+09  -0.237099  0.281289   1.06655 -0.701888 -0.196978   1.01152
1.77659e+09  -0.256274 -0.086227   1.05803 -0.767318 0.0066355  0.429735
1.77659e+09  -0.406476 -0.127772  0.998377 -0.050765 0.0332468   1.01225
1.77659e+09  -0.381975  0.289811   1.00796 -0.204085  -0.23189   1.19341
1.77659e+09  -0.163596  0.167306    1.0804 -0.796859 -0.135454  0.505419
1.77659e+09    -0.17851 -0.0766396    1.11982 -0.328841  0.119428  0.896776
1.77659e+09  -0.3383 0.22483 1.00477 0.0344401  0.259321  0.941942
1.77659e+09  -0.379845  0.302595  0.976006 -0.396712  0.330366  0.575731
1.77659e+09  -0.437369  0.281289  0.836457 -1.07152 0.528364  1.55498
1.77659e+09  -0.886911  0.219504  0.510486 -1.89085 0.745161  1.36284
1.77659e+09   -1.37587 -0.476114  0.305955 -1.44017 0.259565 0.540819
1.77659e+09   -1.23206 -0.601815   0.32513  0.247575 -0.716753   1.22783
1.77659e+09  -0.535374  0.191807  0.679863 0.0107584 -0.981157   1.67412
1.77659e+09   0.014303 0.0863459  0.920613   -1.4016 -0.367144  0.314745
1.77659e+09  -0.316994 -0.652948  0.673471 -0.972152  0.353071  0.325731
1.77659e+09  -0.816603 -0.488897  0.491311 0.243669  0.16728 0.929979
1.77659e+09   -0.600355 -0.0180501   0.474267  0.195329 -0.332964  0.619188
1.77659e+09  -0.225382 -0.013789  0.560553  -0.542708 -0.0780813    0.44536
1.77659e+09  -0.428847 -0.171448  0.452962 -0.543929  0.272016  0.679491
1.77659e+09  -0.827256 -0.223646  0.164275 -0.261702 0.0862253  0.471239
1.77659e+09  -0.752687 -0.124576  0.129121  0.102311 -0.491411  0.749071
1.77659e+09  -0.376649   0.14387  0.255888 -0.376693 -0.487993   0.93828
1.77659e+09  -0.244556  0.104455   0.38585 -0.707259 -0.540972  0.578173
1.77659e+09  -0.275449 -0.133099  0.200494 -0.358138  -0.57271  0.947557
1.77659e+09  -0.0251118   0.201394    0.32726 0.00294595  -0.571001    1.16875
1.77659e+09  0.266771 0.379294 0.379458 -0.647201 -0.319292   0.89995
1.77659e+09    0.10485 0.0618448  0.173862  -1.1245 0.106733   0.7166
1.77659e+09  -0.113529 -0.140555 0.0779885 -0.636702 0.0539988  0.870409
1.77659e+09   -0.0773098 -0.00313635   0.0588137  -0.28099 -0.253374   1.07622
1.77659e+09  0.126156 0.130022 0.113142 -0.565658 -0.234575  0.936815
1.77659e+09    0.162375 0.00538577  0.0854454 -0.776595  0.129682  0.652391
1.77659e+09   -0.130573  -0.110728 -0.0839317 -0.522201  0.190229  0.774462
1.77659e+09   -0.238165 -0.0489427   -0.19898  -0.367904 -0.0302297   0.885546
1.77659e+09  -0.0655919  0.0650406  -0.105237 -0.606673 -0.180132   1.05766
1.77659e+09    0.034543 -0.0148543 -0.0903233  -0.705062 -0.0175344   0.646288
1.77659e+09  -0.152944 -0.129903 -0.180871 -0.551253 0.0742625  0.733446
1.77659e+09   -0.191293 -0.0414859  -0.212829 -0.398177  -0.15938  0.885546
1.77659e+09  -0.00593705  0.00325524   -0.119085 -0.523421 -0.212114   0.80205
1.77659e+09    0.105916 -0.0169848 -0.0679527  -0.52391 0.0041941  0.680712
1.77659e+09   -0.074114 -0.0265722  -0.159565 -0.488509  0.106001  0.710985
1.77659e+09   -0.129508 -0.0105932  -0.188328  -0.514876 -0.0917532   0.767382
1.77659e+09   0.0973936 0.00112471 -0.0796706   -0.487288 -0.00728051    0.798143
1.77659e+09   0.0228251  0.0448006 -0.0988454 -0.504867  0.198286  0.916796
1.77659e+09    -0.285036 -0.00313635   -0.307637 -0.920882  0.179731  0.804491
1.77659e+09  -0.194489 -0.284366 -0.133999 -0.624007 -0.173296  0.867723
1.77659e+09   0.0217598  -0.163991 -0.0903233 -0.0468587 -0.0197317    1.09551
1.77659e+09  -0.123116 0.0906069 -0.114824 -0.225326  0.155317  0.764452
1.77659e+09   -0.229643 -0.0563996  -0.193654 -0.793197 0.0644968   0.72661
1.77659e+09   -0.157205  -0.216189 -0.0935191  -0.502181 -0.0419485   0.977343
1.77659e+09   -0.112464 -0.0777049  -0.084997 -0.0536947  0.0322703   0.914598
1.77659e+09  -0.213664 0.0671711 -0.129738 -0.303939 0.0383738  0.900438
1.77659e+09    -0.194489 -0.00526688   -0.109498    -0.78514 -0.00679223    0.948778
1.77659e+09   -0.167857  -0.183166 -0.0626264  -0.493392 -0.0207082   0.867723
1.77659e+09   -0.188097 -0.0819659 -0.0860622  -0.123519 -0.0141165    1.00664
1.77659e+09   -0.189163  0.0703669 -0.0956496  -0.262679 -0.0182668   0.832811
1.77659e+09   -0.176379  0.0277563 -0.0764748  -0.563704 -0.0304739   0.863817
1.77659e+09   -0.166792 -0.0553343 -0.0700833  -0.433333 -0.0419485   0.822313
1.77659e+09   -0.195554 -0.0276374 -0.0860622  -0.315658 -0.0961477    1.10869
1.77659e+09  -0.0666571  0.0533227 0.00768105 -0.520492 -0.118364   1.10649
1.77659e+09  -0.0879624  -0.103271 -0.0157548 -0.584212 -0.042925  0.848192
1.77659e+09  -0.0964845  -0.172513 -0.0232116   -0.233138 -0.00532739    0.970018
1.77659e+09   -0.124181 -0.0244416 -0.0594306 -0.0829916 -0.0119192   0.919481
1.77659e+09    -0.11779  0.0128426 -0.0658222   -0.261702 -0.00728051    0.796434
1.77659e+09    -0.101811 -0.00739741  -0.0679527 -0.297835 0.0298289  0.962694
1.77659e+09     -0.1604  0.0245605 -0.0828664 -0.287581 0.0767039  0.839159
1.77659e+09   -0.216859 0.00858156   -0.11589  -0.246077 -0.0126516   0.787157
1.77659e+09   -0.190228  0.0469311 -0.0977801   -0.25804 -0.0902883   0.962938
1.77659e+09  -0.0964845  0.0884764  -0.048778 -0.326644 -0.079302  0.937792
1.77659e+09  -0.0847666  0.0735627 -0.0402558 -0.438704 0.0496043  0.835253
1.77659e+09   -0.171053  0.0043205 -0.0796706 -0.412826 0.0652293  0.855272
1.77659e+09   -0.196619 0.00858156 -0.0935191  -0.277572 -0.0221731   0.925585
1.77659e+09    -0.11992  0.0863459 -0.0445169  -0.281478 -0.0543997    1.00737
1.77659e+09   -0.109268  0.0895417 -0.0210811   -0.472396 -0.00630395     0.85454
1.77659e+09   -0.156139 -0.0201806 -0.0402558  -0.408187 -0.0348684   0.789843
1.77659e+09   -0.105007  0.0139079 -0.0146895   -0.21971 -0.0817434    1.01933
1.77659e+09  -0.0400255   0.130022 0.00768105  -0.320296 -0.0207082   0.908495
1.77659e+09  -0.0964845  0.0554532 -0.0200158 -0.473617 0.0327585  0.734667
1.77659e+09   -0.155074 0.00538577 -0.0519738  -0.361312 -0.0634329   0.944384
1.77659e+09   -0.0613308   0.0927375 -0.00403686 -0.289535 -0.121294  0.923876
1.77659e+09  0.0132377  0.106586    0.0439 -0.344954 0.0066355  0.791552
1.77659e+09  -0.0964845   0.104455 -0.0146895 -0.460677 0.0969675  0.884081
1.77659e+09  -0.159335 0.0575837 -0.048778  -0.436507 -0.0102102   0.775438
1.77659e+09   -0.078375  0.0618448 -0.0114937  -0.401351 -0.0631887   0.978319
1.77659e+09  -0.0165897   0.114043    0.02366  -0.35765 0.0620554  0.752001
1.77659e+09   -0.174249  0.0724974 -0.0583653 -0.401595  0.106733  0.762499
1.77659e+09   -0.225382  0.0703669 -0.0786054  -0.381087 -0.0834524   0.849901
1.77659e+09   -0.0794403   0.0927375 -0.00829791 -0.322493 -0.139361  0.899462
1.77659e+09  0.0441304  0.158784 0.0577485 -0.310775  0.154341  0.838671
1.77659e+09   -0.267992   0.156653 -0.0924538 -0.28099  0.19145 0.514452
1.77659e+09  -0.370258   0.16411 -0.149978 -0.403548 -0.248003  0.907762
1.77659e+09  -0.0389603   0.215243  0.0215295 -0.433822 -0.477007  0.973436
1.77659e+09  0.266771 0.232287 0.151492 -0.402816 0.0171335   0.84746
1.77659e+09  -0.0996803   0.254658 -0.0146895 -0.170394  0.311323  0.420702
1.77659e+09  -0.519395  0.314312 -0.245852 -0.453597 -0.164995   1.07475
1.77659e+09    -0.0964845     0.295138 -0.000841063  -0.71263 -0.691118    1.0352
1.77659e+09    -0.0964845     0.295138 -0.000841063  -0.71263 -0.691118    1.0352
1.77659e+09   0.134678  0.433622 0.0470958 0.189958 0.546186 0.314501
1.77659e+09  -0.577984  0.630696 -0.265027 -0.355941  0.236372  0.815477
1.77659e+09  -0.396889  0.514582 -0.141456 -0.986556 -0.585161   1.19536
1.77659e+09   0.22203 0.345205 0.155753 -0.415023 -0.676714  0.488817
1.77659e+09  0.294468 0.503929 0.267606  0.18654 -0.21895 0.738329
1.77659e+09  0.135743  0.85014 0.184515 -0.509993 -0.284136   1.05107
1.77659e+09  0.174093 0.494342 0.245235  -1.52318 -0.630327  0.955126
1.77659e+09   0.660919 0.0863459  0.462549  -1.52318 -0.630327  0.955126
1.77659e+09  0.754662 0.462384 0.511551 0.259049 0.089155  1.11016
1.77659e+09  0.754662 0.462384 0.511551 0.259049 0.089155  1.11016
1.77659e+09  0.171962 0.137479 0.182384  -1.47826 -0.430132   1.38335
1.77659e+09    0.670506 -0.0809007   0.398633  -1.47826 -0.430132   1.38335
1.77659e+09    0.66731 0.0256258  0.399698 0.193376 0.578657 0.964159
1.77659e+09    0.66731 0.0256258  0.399698 0.193376 0.578657 0.964159
1.77659e+09  -0.458674  0.239744 -0.155304 -0.391097 0.0220164  0.834764
1.77659e+09   0.0419998   0.281289 -0.0274727 -0.499984 -0.472613   1.64043
1.77659e+09  0.0569135  0.308986 0.0577485 -0.333724 -0.374468  0.192186
1.77659e+09  0.0569135  0.308986 0.0577485 -0.333724 -0.374468  0.192186
1.77659e+09  0.393537 0.705265 0.239909  0.142106 -0.309527   1.83428
1.77659e+09  0.393537 0.705265 0.239909  0.142106 -0.309527   1.83428
1.77659e+09   0.439343 0.0202995 0.0929022  -1.11424 0.0552195   1.67534
1.77659e+09  0.369036  0.22483 0.210081 -0.145736  0.706831   1.48149
1.77659e+09  -0.507677  0.234418 -0.114824   0.428971 -0.0685598  -0.633741
1.77659e+09  -0.507677  0.234418 -0.114824   0.428971 -0.0685598  -0.633741
1.77659e+09   1.26812  0.66585 0.656427  -1.32152 -0.848589   2.47075
1.77659e+09   1.26812  0.66585 0.656427  -1.32152 -0.848589   2.47075
1.77659e+09   -0.14016  -0.68171 0.0151379  0.852311  0.257124 -0.331495
1.77659e+09   -0.14016  -0.68171 0.0151379  0.852311  0.257124 -0.331495
1.77659e+09   1.22018  1.08556 0.671341 -1.01512 -0.57564 0.645555
1.77659e+09   1.22018  1.08556 0.671341 -1.01512 -0.57564 0.645555
1.77659e+09   0.409516  -0.27904 -0.564366 -2.93993  4.00102  1.07134
1.77659e+09  -3.90267 -1.13019 -2.36999 -2.11497  3.78691  -1.1103
1.77659e+09  -4.55035 -1.90996 -2.09941  0.698747 -0.983599   2.81963
1.77659e+09  -4.55035 -1.90996 -2.09941  0.698747 -0.983599   2.81963
1.77659e+09   1.95628 0.371837 0.719278 -1.65721 -1.75899 0.574999
1.77659e+09   1.95628 0.371837 0.719278 -1.65721 -1.75899 0.574999
1.77659e+09  -2.63714  -1.0162 -0.78168  0.537614   1.02788 -0.977491
1.77659e+09  -2.63714  -1.0162 -0.78168  0.537614   1.02788 -0.977491
1.77659e+09  2.94698 1.26133 2.02316   0.2007 -3.99861  3.64189
1.77659e+09  2.94698 1.26133 2.02316   0.2007 -3.99861  3.64189
1.77659e+09    2.85004 -0.463331   1.26469 -1.94847  4.00102 -3.42769
1.77659e+09    2.85004 -0.463331   1.26469 -1.94847  4.00102 -3.42769
1.77659e+09    -4.11892 -0.0617259   -1.43895 0.016862 -1.64717  2.93926
1.77659e+09    -4.11892 -0.0617259   -1.43895 0.016862 -1.64717  2.93926
1.77659e+09    2.53685 0.0927375   1.13473 -1.30907  -1.4941   2.0418
1.77659e+09    2.53685 0.0927375   1.13473 -1.30907  -1.4941   2.0418
1.77659e+09    -1.7306 -0.142686 -0.510037  0.537614   1.61186 -0.172804
1.77659e+09    -1.7306 -0.142686 -0.510037  0.537614   1.61186 -0.172804
1.77659e+09    1.11259 -0.423916  0.679863 -2.23265 -2.88082  1.05205
1.77659e+09    1.11259 -0.423916  0.679863 -2.23265 -2.88082  1.05205
1.77659e+09     1.04228 -0.0425511   0.496637  0.910661   2.21367 -0.145216
1.77659e+09     1.04228 -0.0425511   0.496637  0.910661   2.21367 -0.145216
1.77659e+09    -1.6049   0.30366 -0.613368 -1.49754  0.87187 0.442186
1.77659e+09  -0.177445 -0.990637  0.256953  -1.65477 -0.824663  0.908007
1.77659e+09    0.374362   0.504995 -0.0349295 0.121354  1.20024 0.134813
1.77659e+09    0.374362   0.504995 -0.0349295 0.121354  1.20024 0.134813
1.77659e+09   -1.05735 -0.890502 -0.510037 -0.778548   -0.1252   1.35796
1.77659e+09   -1.05735 -0.890502 -0.510037 -0.778548   -0.1252   1.35796
1.77659e+09     0.3456 0.0341479 -0.163827 0.181901 0.301313  0.37578
1.77659e+09     0.3456 0.0341479 -0.163827 0.181901 0.301313  0.37578
1.77659e+09   -1.06588 -0.507006 -0.605911 -1.15965 0.183882 0.551317
1.77659e+09   -1.06588 -0.507006 -0.605911 -1.15965 0.183882 0.551317
1.77659e+09  -0.765471 -0.797824 -0.472753  0.293473 -0.892534   0.64995
1.77659e+09  0.0995241 -0.029768 -0.216024  0.691423 -0.563189   1.66167
1.77659e+09  -0.294624 -0.558139 -0.370488 -0.903548  0.322309  0.689989
1.77659e+09  -0.294624 -0.558139 -0.370488 -1.40697 0.812788 -0.48506
1.77659e+09  -0.807016 0.0522574 -0.456774 0.289811 0.508589  1.24809
1.77659e+09  -0.807016 0.0522574 -0.456774  0.751237 -0.239458   1.21318
1.77659e+09  -0.0911582   0.232287  -0.163827 -0.856673 -0.432085  0.791307
1.77659e+09    0.137874  -0.409002 -0.0157548 -0.686995  0.358198  0.144335
1.77659e+09  -0.620595 -0.209798 -0.490863 0.427018 0.552534 0.981005
1.77659e+09  -0.642965  0.277028 -0.311898 -0.136214 0.0657175  0.793505
1.77659e+09  -0.213664 0.0490616 -0.151043  -0.47972 -0.311724    0.2708
1.77659e+09     0.112307 -0.00100582 -0.00829791 0.0737467  0.314497  0.773973
1.77659e+09   -0.18064  0.108716 -0.252243   0.677018   0.736372 -0.0651379
1.77659e+09   -1.03818  0.638153 -0.514299 0.00245767   0.562055   0.672655
1.77659e+09  -0.731382  0.511386 -0.343856 -0.403548 -0.105669  0.356249
1.77659e+09  -0.256274  0.395273 -0.151043 -0.0893392  0.0303171   0.518602
1.77659e+09  -0.343626  0.559323 -0.172349   0.563005   0.391401 -0.0734387
1.77659e+09   -1.31515     1.109 -0.576084 -0.524154 -0.752886   1.09697
1.77659e+09  -0.715403   1.42432  0.132317 -3.99583 -2.88179  3.97612
1.77659e+09    1.59835 -0.447352   1.23913 -3.99583 -3.99861  1.30083
1.77659e+09   3.61277 -1.51688  1.98268  -0.85179 -0.963335   2.44121
1.77659e+09    2.93206 -0.104336   1.19332  2.34889  2.48637 0.391893
1.77659e+09  -0.729252   1.41367 -0.294854 -0.657699   2.31767  -2.64912
1.77659e+09   -0.911412 -0.0968796  -0.543061 -2.84618  1.51591  1.66533
1.77659e+09  -0.323386 -0.158665 -0.327877 -0.230697  0.738325   1.88945
1.77659e+09   -1.44298  0.672241 -0.924425 -0.0348958   0.240278    0.17827
1.77659e+09   -1.38439  0.394207 -0.646391  -1.79613 -0.955034   1.24907
1.77659e+09  -0.460805 0.0362784 -0.388597 -1.92747  -2.2563  1.50322
1.77659e+09   0.883559 -0.188492  0.265475 -1.39134 -1.07784  1.26836
1.77659e+09   0.839883 -0.242821  0.200494 -0.197982   0.36772  0.382372
1.77659e+09   -0.216859  0.0075163 -0.0615611 -0.873031  0.815718  0.877245
1.77659e+09  -0.230708 -0.310998  -0.21922   -1.14793 -0.0573293   0.473192
1.77659e+09  -0.0986151  -0.672122 -0.0807359 -0.406722 -0.542925    0.6458
1.77659e+09    0.64494 -0.163991 0.0588137  0.727311 -0.131548  0.875048
1.77659e+09    0.274227   0.385685 -0.0210811 -0.485579  0.858198  0.486376
1.77659e+09   -0.262666 -0.0990101   -0.19685  -1.46654  0.966596 -0.573439
1.77659e+09  -0.992372 -0.640165 -0.492993    -0.10765 -0.00142114    0.438036
1.77659e+09  -0.314864  0.198199 -0.267157   0.61818 -0.731646   1.65947
1.77659e+09  0.390341 0.636022  0.16534   -1.01805 -0.0963918   0.487841
1.77659e+09   0.0771536  -0.253474 -0.0477127  -1.2534 0.586714 -0.62007
1.77659e+09  -0.809146 -0.330173  -0.41949 0.105485 0.283491  1.00762
1.77659e+09  -0.571593  0.300464 -0.271418  0.074235 -0.617388  0.830614
1.77659e+09  0.252922 0.234418  0.12486 -0.987533 -0.607622  0.557909
1.77659e+09   0.356253 -0.090488   0.16534 -0.783675  0.178266  0.637743
1.77659e+09   -0.375584 -0.0979449  -0.236265 -0.193099  0.491011 0.0347156
1.77659e+09  -0.509807 0.0160384 -0.154239  0.279313 -0.337359  0.431444
1.77659e+09  0.0558483   0.36438 0.0151379 -0.344954 -0.664263   1.31035
1.77659e+09  0.621504 0.362249 0.293172  -1.14281 0.0635203  0.627489
1.77659e+09   -0.177445  -0.242821 -0.0860622  -0.641829   0.451704 -0.0734387
1.77659e+09   -0.412868 -0.0883575  -0.202176   0.311784 -0.0346243    1.37041
1.77659e+09  0.0377388  0.543344  0.055618 -0.324447 -0.402544   1.18144
1.77659e+09     0.2444  0.221634 0.0428348    -1.2661 -0.0500051   0.121874
1.77659e+09  -0.0762445  -0.249212 -0.0498432 -0.313704  0.241255  0.821825
1.77659e+09   -0.18064  0.347336 -0.114824  0.216569 0.0918406   1.23735
1.77659e+09  -0.174249  0.511386 -0.108433 -0.884261 -0.240923  0.634569
1.77659e+09  -0.0112634  0.0075163 -0.0573001  -1.10521 -0.293657  0.826708
1.77659e+09   0.116568 0.0724974 0.0747927  -0.256331 -0.0973684    1.19023
1.77659e+09    0.018564   0.388881 -0.0136242  -0.335433 -0.0522024   0.785692
1.77659e+09  -0.0410908   0.228026 -0.0274727  -0.96971 -0.109575  0.638964
1.77659e+09    0.12296 0.0479963 0.0673359 -0.608382 -0.201616  0.884569
1.77659e+09   0.151722  0.201394 0.0822496  -0.270247 -0.0373098   0.811571
1.77659e+09  0.0419998  0.281289 0.0470958  -0.476546 -0.0705129   0.592821
1.77659e+09  0.0846104  0.183285 0.0662706 -0.701644 -0.114947  0.667528
1.77659e+09  0.189006 0.128956 0.161079  -0.378402 -0.0280325   0.658739
1.77659e+09  0.0537178  0.246136 0.0843801 -0.272689 0.0535105  0.690477
1.77659e+09  0.00365033   0.274898   0.100359  -0.514632 -0.0790579   0.558641
1.77659e+09  0.128286 0.187546 0.173862 -0.459456 -0.168413  0.571825
1.77659e+09  0.142135 0.235483 0.164275  -0.290511 -0.0888235   0.764696
1.77659e+09  0.111242 0.335618 0.156818 -0.483626 -0.067095  0.716112
1.77659e+09  0.194333 0.228026 0.193037 -0.697738  0.162641  0.827196
1.77659e+09   0.20392 0.316443 0.261214 -1.00877 0.533003  1.20659
1.77659e+09  -0.234969  0.365445 -0.363031 -1.90892  0.79643  1.05693
1.77659e+09  -0.815538 -0.349347 -0.447187 -2.39476 0.965376  1.26933
1.77659e+09  -0.939109 -0.652948 -0.447187 -0.476058  0.260786   1.22417
1.77659e+09   -1.03179 -0.114989 -0.467427  0.106217 -0.415239  0.807909
1.77659e+09  -0.357474  0.074628  -0.11802   -1.0222 -0.979693    1.2105
1.77659e+09   0.145331 -0.223646 0.0886412 -1.50462 -0.60689 0.804003
1.77659e+09  0.0888715 -0.561335 0.0673359   -0.735579 -0.00508325    0.528612
1.77659e+09  -0.0602655  -0.350413 0.00874632 0.125993 0.235395  0.95537
1.77659e+09  -0.0751792  0.0756932  0.0715969 -0.462874  0.156782  0.924608
1.77659e+09   -0.146552  -0.226842 -0.0636917  -1.67064 0.0205515  0.707323
1.77659e+09  -0.0975498  -0.728581  0.0151379  -1.05443 -0.091509  0.927538
1.77659e+09  0.0462609 -0.496354  0.075858 0.150651 0.063032 0.743212
1.77659e+09   -0.11779 -0.135229 0.0130074 -0.0659017   0.121626   0.467577
1.77659e+09  -0.181706 -0.209798 -0.084997  -1.00511 0.0481394  0.769823
1.77659e+09  -0.0975498  -0.469722 0.00555052 -0.863021 0.0627878  0.653368
1.77659e+09   -0.120986  -0.451613 -0.0541043 -0.0949544   0.207563   0.493944
1.77659e+09  -0.345756 -0.187427 -0.164892 0.0227213 0.0915964  0.562548
1.77659e+09   -0.272253 -0.0521385  -0.139325 -0.808333 -0.198931  0.886766
1.77659e+09  -0.0389603  -0.303541 -0.0349295 -0.984359 -0.169878  0.427294
1.77659e+09  0.00365033  -0.455874   -0.01682 -0.130843  0.195844  0.599169
1.77659e+09   -0.307407 -0.0734438  -0.192589 0.00196938   0.181684   0.767382
1.77659e+09   -0.456544 -0.0201806  -0.132934  -1.10692 -0.530718  0.528124
1.77659e+09  0.0739578 -0.368522  0.245235 -0.593978   -1.3879  0.702684
1.77659e+09    1.12431 0.0543879  0.732061  0.436296 -0.804156   1.39971
1.77659e+09    1.2074 0.690351 0.834326 0.130631 0.333784 0.867723
1.77659e+09  0.559718 0.509256 0.364545  -1.2932  1.23051 0.267382
1.77659e+09   -0.162531 -0.0350943  0.0566832 -0.913558   1.00468  0.226854
1.77659e+09   -0.518329   0.183285 0.00128947 -0.120345  0.107221   1.40776
1.77659e+09  0.0611746  0.615782  0.215408 -0.803939 -0.483843   1.24736
1.77659e+09  0.448931 0.217373 0.373067 -1.79539 0.172163 0.800585
1.77659e+09  -0.111398 -0.322716 0.0609443 -0.924544  0.522016  0.790575
1.77659e+09   -0.440565 -0.0670522   -0.13613 -0.301253  0.127729   1.42388
1.77659e+09  -0.183836  0.109782 0.0172684 -0.633285 -0.516802  0.905321
1.77659e+09   0.184745 -0.107532 0.0662706 -0.935286 -0.319048  0.868212
1.77659e+09    0.10485 -0.219385  0.181319 -0.568587 0.0308054  0.883348
1.77659e+09  -0.053874 -0.103271 0.0492264 -0.299788 -0.167437  0.850878
1.77659e+09  -0.0283076 -0.0936838   0.202624  -0.54515 -0.547564  0.874071
1.77659e+09    0.552262 -0.0350943   0.428461 -0.173324 -0.541704  0.660692
1.77659e+09  0.599133 0.136413 0.509421 -0.0131673  0.0974558   0.752001
1.77659e+09  0.258249 0.334552 0.252692 -0.513167  0.118696  0.849901
1.77659e+09   0.152787 0.0767585   0.22393    -1.0034 -0.0207082   0.468554
1.77659e+09    0.36371 -0.101141  0.349631 -0.0849447 -0.0919973   0.723925
1.77659e+09  0.408451 0.311117 0.293172  0.14821 0.442671   1.0125
1.77659e+09   -0.152944   0.473037 -0.0786054 -0.771712  0.444624  0.345995
1.77659e+09   -0.325516 -0.0233764  -0.162761 -1.30589 -0.02022 0.643846
1.77659e+09  0.0643704 -0.144817 0.0737275 -0.190658 -0.307818   1.02617
1.77659e+09   0.230552  0.300464 0.0311169 0.334489 0.182173 0.932421
1.77659e+09  0.000454534    0.449601   -0.127608  -0.416732   0.686323 -0.0329113
1.77659e+09  -0.634443    0.1215 -0.354509 -1.10033 0.514448 0.631151
1.77659e+09   -0.651487 -0.0244416  -0.355574 -0.518294  -0.31856    1.2542
1.77659e+09  -0.0357645   0.169436  -0.155304 -0.245345 -0.182818  0.920702
1.77659e+09  -0.0464171   0.196068  -0.126542 -0.0295248   0.433149   0.562303
1.77659e+09  -0.693033  0.300464 -0.531343 -0.387435  0.397261  0.423143
1.77659e+09    -0.7431  0.156653 -0.423751 -0.778548 -0.247759  0.840868
1.77659e+09  -0.157205 0.0895417 -0.218155 -0.428206 -0.353472   1.07305
1.77659e+09   0.0206946   0.288746 -0.0562348 -0.0361166   0.251264   0.833055
1.77659e+09  -0.414999  0.342009 -0.307637 -0.255599  0.575239  0.233446
1.77659e+09  -0.837909  0.229091 -0.464231 -0.336898  0.172651  0.667284
1.77659e+09  -0.598224   0.34414  -0.31829 -0.412581 -0.518755   1.11113
1.77659e+09   0.0206946   0.383555 -0.0743443 -0.41014 -0.24898 0.521532
1.77659e+09  -0.0336339   0.296203 -0.0391906 0.0188151  0.372602  0.415575
1.77659e+09  -0.883715  0.552932 -0.403511 0.0434733 0.0471628  0.405809
1.77659e+09  -0.771862   0.85014 -0.255439  -2.49168 -0.994829   2.51103
1.77659e+09  0.520304 0.375033 0.458288 -3.99583 -2.19918  1.87773
1.77659e+09   1.23723  -1.0439 0.791716 -2.19505  -1.4919   1.8709
1.77659e+09     1.9158 -0.614598  0.865219  1.21169 0.335249  1.75127
1.77659e+09     0.579958     0.36651 -0.00936318 0.164323  1.47954 -1.00093
1.77659e+09   -0.94337  0.279159 -0.414164 -2.26732 0.893598 0.809374
1.77659e+09   -0.306342  -0.830847 -0.0913885  -1.88548 -0.690386  0.937792
1.77659e+09   0.611916 -0.554943  0.242039  0.366471 -0.622271   1.63628
1.77659e+09  0.490476 0.310051 0.137643 -0.0932455   0.348921    0.78496
1.77659e+09    -0.23923 -0.0436164  -0.225612 -1.94041 0.439253 0.168505
1.77659e+09  -0.269057 -0.781845  -0.19898    -1.1804 -0.0517141   0.693651
1.77659e+09  0.0260209 -0.369587 -0.128673  0.458268 -0.143511   0.91118
1.77659e+09  -0.0645266   0.230157   -0.15637 0.0298014 0.0715769   0.19243
1.77659e+09  -0.187032 0.0810196  -0.17874    -1.24119 -0.00679223    0.342821
1.77659e+09  -0.0144592  -0.269452 -0.0711485  -0.879867 -0.0778372   0.463427
1.77659e+09  -0.0400255 -0.0979449 -0.0722138 -0.0141439  0.0254343   0.532274
1.77659e+09   -0.128442   0.268506 -0.0445169 -0.286117  -0.16646  0.440233
1.77659e+09  -0.0165897   0.173698 -0.0349295  -1.03758 -0.422808  0.519335
1.77659e+09     0.349861 5.94454e-05    0.168536 -0.804915 -0.186968  0.609423
1.77659e+09  0.277423 0.100194 0.126991 -0.193831  0.262739  0.320848
1.77659e+09   -0.212598   0.324965 -0.0413211 -0.430892 0.0378855  0.390184
1.77659e+09   -0.0677224    0.252527 -0.00190633  -1.04051 -0.485552  0.710497
1.77659e+09   0.48728 0.168371  0.30702 -0.994857 -0.310015  0.756151
1.77659e+09  0.428691 0.159849 0.269736 -0.678206  0.324751  0.441942
1.77659e+09  -0.154009  0.238679 -0.167022 -0.953597  0.463667  0.576464
1.77659e+09  -0.0794403  0.0479963  -0.109498 -0.740951  0.662885  0.472704
1.77659e+09  -0.605681  0.270637 -0.417359 -0.244124  0.443403  0.504198
1.77659e+09  -0.968936  0.447471 -0.527082 -0.934798 -0.432818  0.859423
1.77659e+09  -0.364931  0.195003 -0.249048  -1.4658 -1.09078  1.11992
1.77659e+09   0.324295  0.144935 0.0172684  -1.23363 -0.717974   1.21709
1.77659e+09    0.179419   0.094868 -0.0402558   -1.11912 -0.0922415   0.635546
1.77659e+09   -0.183836 -0.0809007  -0.260766  -1.18358 -0.226031  0.670458
1.77659e+09    0.228421  -0.128838 -0.0871275  -0.98265 -0.351763   1.04277
1.77659e+09    0.350927 -0.0926186 -0.0466474 -0.68016 0.112348 0.741747
1.77659e+09  -0.0549392  -0.104336  -0.310833 -0.637191  0.291548   0.28496
1.77659e+09  -0.296754  -0.23856 -0.512168  -0.625472 0.00346167   0.677294
1.77659e+09  -0.116725 -0.112859 -0.409903 -0.505355 -0.267534  0.853319
1.77659e+09    0.129352 -0.0191153  -0.380075  -0.631576 -0.0631887   0.420458
1.77659e+09  -0.133769 -0.154404 -0.552648 -0.639144  0.218061  0.281054
1.77659e+09  -0.361735 -0.130968 -0.624021 -0.439193 -0.109087  0.581591
1.77659e+09  -0.175314 0.0202995 -0.549452 -0.487777 -0.573687  0.771776
1.77659e+09   0.266771 0.0820848 -0.403511 -0.822982 -0.482134  0.815477
1.77659e+09    0.255053 -0.0851617  -0.418425 -0.730697 0.0207957  0.544481
1.77659e+09  -0.0922235 -0.0617259   -0.64213  -0.516341 0.00956519   0.677538
1.77659e+09  -0.0304381  0.0128426  -0.609107 -0.795394 -0.401079  0.882128
1.77659e+09    0.328556 -0.0798354  -0.521755 -0.945296  -0.45357  0.798143
1.77659e+09   0.334948   -0.1576 -0.514299 -0.557845 -0.216265  0.735887
1.77659e+09    0.252922 -0.0244416  -0.633608 -0.431868 -0.213091  0.905321
1.77659e+09     0.304055 -0.00420161   -0.638934 -0.781966 -0.294878  0.922655
1.77659e+09    0.486215 -0.0936838  -0.583541 -0.705062 -0.210406  0.793261
1.77659e+09   0.400994 -0.054269 -0.661305 -0.507552 0.0132273  0.912401
1.77659e+09   0.250792 0.0128426 -0.775288  -0.647201 -0.0265676   0.869188
1.77659e+09    0.248661 -0.0915533  -0.805116 -0.783187 -0.216265    0.8416
1.77659e+09   0.405255 -0.103271 -0.764636 -0.571761 -0.200884  0.932909
1.77659e+09     0.351992 -0.00739741    -0.80405 -0.568831 -0.109575  0.915087
1.77659e+09    0.295533 -0.0361595  -0.892467 -0.724837 -0.170366  0.859178
1.77659e+09   0.336013 -0.118185 -0.875423 -0.643783  -0.27315  0.961473
1.77659e+09    0.436148 -0.0478775  -0.877554 -0.478743  -0.23897  0.888231
1.77659e+09   0.420169 0.0160384 -0.892467 -0.478499 -0.206988  0.828661
1.77659e+09   0.408451 0.0171037 -0.968101 -0.581038 -0.206988  0.840136
1.77659e+09     0.430821 -0.00207108   -0.960644 -0.552718 -0.295611  0.793016
1.77659e+09   0.553327 0.0213647 -0.960644 -0.447982 -0.292925   0.79204
1.77659e+09   0.583154 0.0852806 -0.973428 -0.519271 -0.145952  0.867723
1.77659e+09   0.520304 0.0597143    -1.048  -0.615462 -0.0509817   0.702684
1.77659e+09     0.443605 -0.00739741    -1.10659 -0.587874 -0.169878  0.857958
1.77659e+09   0.498998 0.0448006  -1.11298 -0.657943 -0.336382  0.949755
1.77659e+09   0.670506 0.0160384  -1.05865 -0.803451 -0.314898  0.889452
1.77659e+09    0.699268 -0.0681175   -1.09167   -0.68724 -0.0773489   0.814745
1.77659e+09    0.558653 -0.0723785    -1.1737  -0.485824 -0.0434133   0.708055
1.77659e+09    0.518173 -0.0446817   -1.25359 -0.422835 -0.219195  0.694628
1.77659e+09   0.691811 0.0202995  -1.17902 -0.544661 -0.211626  0.885057
1.77659e+09    0.723769 0.00645103   -1.19926 -0.632064 0.0732859  0.683397
1.77659e+09   0.457453 -0.086227  -1.31218 -0.589339 0.0806101  0.679735
1.77659e+09    0.354122 -0.0745091   -1.41125 -0.541243 -0.371782  0.933397
1.77659e+09    0.712051 -0.0116585   -1.28342  -0.60472 -0.444292  0.905321
1.77659e+09    0.863319 -0.0425511   -1.23974  -0.554183 -0.0104543   0.686815
1.77659e+09    0.513912 -0.0595954   -1.42084 -0.430648  0.161177  0.599901
1.77659e+09    0.327491 -0.0329638    -1.5295 -0.531234 -0.278521  0.799608
1.77659e+09     0.70779 0.00538577   -1.35373 -0.647933 -0.488482  0.979296
1.77659e+09    0.911256 0.00538577    -1.2749 -0.604476 -0.126909  0.787889
1.77659e+09    0.628961 -0.0361595   -1.41977 -0.522689 0.0989207  0.584276
1.77659e+09    0.447866 -0.0670522   -1.52097 -0.529281 -0.279253  0.814989
1.77659e+09    0.794077 0.00325524   -1.38355 -0.560775 -0.458452  0.912645
1.77659e+09   0.957062 0.0171037  -1.33029 -0.566878 -0.132769  0.713915
1.77659e+09    0.708855 -0.0382901   -1.44427 -0.585921 0.0549753  0.652147
1.77659e+09    0.543739 -0.0851617   -1.54654 -0.535628  -0.25728  0.768358
1.77659e+09    0.813251 -0.0244416    -1.4251 -0.469954 -0.421831  0.867235
1.77659e+09   0.980498 0.0373437  -1.38782 -0.468734 -0.108843  0.670702
1.77659e+09   0.738683 0.0128426  -1.49647 -0.592757  0.028364  0.656786
1.77659e+09    0.609786 -0.0372248   -1.57424 -0.668441 -0.327593  0.774462
1.77659e+09    0.915517 -0.0436164   -1.45173 -0.590804 -0.433062  0.914843
1.77659e+09    1.10194 0.0234953  -1.37716   -0.435531 -0.00728051    0.700243
1.77659e+09   0.781293 0.0256258   -1.5295 -0.394515  0.263716  0.465136
1.77659e+09   0.460649 0.0234953  -1.68929  -0.58641 -0.131792   0.80205
1.77659e+09   0.771706 0.0256258  -1.56678 -0.727035 -0.481402  0.963671
1.77659e+09      1.00713 -0.00100582    -1.47197 -0.640609 -0.206988  0.774462
1.77659e+09      0.80899 -0.00313635    -1.59022  -0.43016 0.0220164  0.600878
1.77659e+09   0.550131 0.0213647  -1.75107 -0.588363 -0.295855  0.781298
1.77659e+09    0.804729 0.00645103   -1.63815 -0.730941 -0.664751  0.893602
1.77659e+09    1.19994 0.0075163  -1.49541 -0.685286 -0.381304  0.903856
1.77659e+09      1.1307 -0.0127237   -1.49434 -0.523421  0.182661  0.636522
1.77659e+09    0.670506 -0.0105932   -1.75533  -0.48265 0.0969675  0.564257
1.77659e+09   0.704594 0.0043205  -1.73829 -0.617415 -0.352739  0.894091
1.77659e+09    0.98902 0.0341479  -1.64561 -0.675033 -0.356157  0.887011
1.77659e+09    1.04015 0.0075163  -1.59235  -0.611068 -0.0294973   0.674364
1.77659e+09    0.803664 -0.0127237   -1.74468 -0.503402  0.095991  0.589647
1.77659e+09    0.658788 0.00325524   -1.80433 -0.471175 -0.116411  0.730761
1.77659e+09   0.777032 0.0522574  -1.77664  -0.47264 -0.288286   0.86162
1.77659e+09  0.851601 0.110847 -1.74681 -0.692122 -0.197222  0.814501
1.77659e+09   0.778098 0.0139079  -1.78409 -0.769271 -0.192583  0.643846
1.77659e+09    0.771706 -0.0553343   -1.81499 -0.557113 -0.289995  0.825975
1.77659e+09   0.856927 0.0533227  -1.78516 -0.439193 -0.300493  0.866747
1.77659e+09  0.900603 0.094868  -1.7777 -0.653548 -0.210894  0.732958
1.77659e+09     0.848405 -0.00420161    -1.79475 -0.805404 -0.205279  0.771776
1.77659e+09    0.834557 -0.0617259    -1.8022 -0.566878  -0.32564  0.736132
1.77659e+09    0.929365 0.00538577   -1.76705 -0.371566 -0.380083  0.776415
1.77659e+09   1.04974 0.125761 -1.69887 -0.637435 -0.299761  0.855272
1.77659e+09    1.06252 0.0213647  -1.70526  -0.85057 -0.134234  0.553514
1.77659e+09   0.955997 -0.120315  -1.74042 -0.512191 -0.084429  0.614061
1.77659e+09   0.879298 0.0554532  -1.80114  -0.25682 -0.264116  0.776659
1.77659e+09   1.00926 0.158784 -1.76279 -0.631331 -0.259234  0.711718
1.77659e+09    1.07424 0.0469311  -1.69994  -0.714095 -0.0819875   0.633837
1.77659e+09      0.78875 -0.00313635    -1.86612 -0.530013 -0.183062  0.698778
1.77659e+09   0.834557 0.0565185  -1.81925 -0.415999 -0.567583  0.658251
1.77659e+09   1.23616 0.177959 -1.68183 -0.283431 -0.478228  0.697313
1.77659e+09    1.3331 0.348401 -1.63389 -0.387679 0.0164011  0.666063
1.77659e+09  0.938953  0.30366 -1.81712 -0.655501  0.233442  0.437304
1.77659e+09  0.741879 0.210982 -1.87571 -0.590316 -0.134234  0.738573
1.77659e+09   0.82923 0.320704 -1.80966 -0.544417 -0.607622   1.25249
1.77659e+09   1.68783 0.494342 -1.37184 -1.25291 0.352583  1.35405
1.77659e+09     1.31606 -0.0915533   -1.02456  -1.21287   1.32329 -0.571241
1.77659e+09   -0.11779 -0.103271  -1.67437 -0.563216  0.630903    1.0186
1.77659e+09  0.620438 0.214178 -0.98408 -1.29198 0.080366   1.9229
1.77659e+09    1.53976 -0.121381 -0.401381 -0.693587  0.417768  0.566454
1.77659e+09   0.861188 -0.211928 -0.564366 -0.240462   1.81645  0.661425
1.77659e+09  -0.267992  0.282355 -0.864771 -0.279525   1.23588  0.113817
1.77659e+09  -0.438434 0.0479963 -0.865836 -1.55736 0.429487 0.800829
1.77659e+09   0.134678 -0.429242 -0.376879  -0.63597 -0.506792   1.11431
1.77659e+09     0.726965 -0.00633214  -0.0296032  -0.16014 0.0549753   1.51885
1.77659e+09    0.522434    0.16198 -0.0573001 -0.671859  0.549848  0.519823
1.77659e+09  0.0281514 -0.253474  -0.21922 -0.902327  0.397505  0.513475
1.77659e+09    0.159179  -0.215124 -0.0114937 -0.0607748  -0.418902   0.985643
1.77659e+09  0.795142 0.229091 0.231387 -0.268783 -0.560015   1.20488
1.77659e+09   1.29049 0.254658 0.594642 -0.630843 0.0681589  0.743212
1.77659e+09   0.864384 0.0309521  0.342174 -0.298568  0.654341  0.382616
1.77659e+09  0.414842 0.241874 0.198363 0.0786295  0.302046  0.964159
1.77659e+09  0.631091 0.487951 0.362414 -0.493392 -0.350054   1.01006
1.77659e+09   1.24042 0.372902 0.650036  -1.10277 -0.307573   1.04131
1.77659e+09   1.17864 0.099129 0.656427 -0.630843  0.223921  0.815233
1.77659e+09  0.753597   0.2227 0.382654 -0.386947  0.162397   1.08623
1.77659e+09  0.894211 0.248266 0.506225 -0.762679 -0.114702   1.02837
1.77659e+09    1.2564 0.165175 0.701168 -0.803939 0.0632761   1.19829
1.77659e+09   1.11792 0.094868 0.572271 -0.790023  0.781294  0.843553
1.77659e+09    0.398863 -0.0201806   0.170667 -0.752425   0.68144  0.630419
1.77659e+09   0.333882 -0.182101  0.126991 -0.770247  0.359907   1.20073
1.77659e+09   0.522434 -0.129903  0.259083 -0.415755  0.333784   1.03545
1.77659e+09   0.273162 -0.100075 0.0811843 -0.375472  0.482466  0.488329
1.77659e+09  -0.113529  -0.17784 -0.163827 -0.701644  0.189009  0.790819
1.77659e+09   0.238009 -0.316324 0.0183337 -0.661117 -0.015093   1.20439
1.77659e+09   0.337078 -0.231103    0.0439 -0.281478  0.440718  0.755663
1.77659e+09   -0.11992 -0.239625 -0.223481 -0.141097  0.492964  0.150194
1.77659e+09  -0.570527 -0.259865 -0.374749 -0.244124   -0.2502   1.02544
1.77659e+09  -0.570527 -0.259865 -0.374749 -0.244124   -0.2502   1.02544
1.77659e+09  0.897407 0.122565 0.353892 0.00367837  -0.497271   0.998094
1.77659e+09  0.815382 0.207786 0.418873 -0.0685873   0.460981   0.737108
1.77659e+09  0.232682 0.254658 0.103555 -0.431136  0.649458  0.734911
1.77659e+09  0.232682 0.254658 0.103555 -0.431136  0.649458  0.734911
1.77659e+09   0.298729 0.0693016  0.231387 -0.394271  0.147016   1.07866
1.77659e+09  0.231617 0.180089 0.175993 -0.564193  0.359663   1.18462
1.77659e+09   0.0164335 0.00858156  0.0982285 -0.759993  0.337934  0.753954
1.77659e+09   0.0164335 0.00858156  0.0982285 -0.759993  0.337934  0.753954
1.77659e+09    0.132547 -0.0223111   0.126991  -0.298812 -0.0605032    1.40239
1.77659e+09    0.132547 -0.0223111   0.126991  -0.298812 -0.0605032    1.40239
1.77659e+09  -0.017655 -0.212993 0.0684011 -0.278304 -0.102251  0.929003
1.77659e+09    0.200724 -0.0350943    0.10462 -0.278304 -0.102251  0.929003
1.77659e+09   0.135743  0.169436 0.0833148 -0.0527181   0.240034    0.79619
1.77659e+09   0.135743  0.169436 0.0833148 -0.0527181   0.240034    0.79619
1.77659e+09   -0.162531  -0.110728 -0.0860622 -0.0290365   -0.28023   0.886034
1.77659e+09   -0.162531  -0.110728 -0.0860622 -0.0290365   -0.28023   0.886034
1.77659e+09   0.158114  0.398468 0.0737275 -0.229476 0.0198191  0.677294
1.77659e+09  -0.0208508   0.197133  -0.048778 -0.229476 0.0198191  0.677294
1.77659e+09   0.0249556  0.0927375 -0.0317337  -0.24681 -0.139605   1.04473
1.77659e+09   0.0249556  0.0927375 -0.0317337  -0.24681 -0.139605   1.04473
1.77659e+09    0.091002   0.332422 0.00768105 -0.317367  0.256636    0.7083
1.77659e+09  -0.206207  0.216308 -0.130803 -0.317367  0.256636    0.7083
1.77659e+09  -0.184901  0.214178 -0.116955  -0.40013 -0.108111   1.15581
1.77659e+09  -0.184901  0.214178 -0.116955  -0.40013 -0.108111   1.15581
1.77659e+09  -0.0805056   0.269571 -0.0924538 -0.0141439   0.284223    0.76787
1.77659e+09  -0.0805056   0.269571 -0.0924538 -0.0141439   0.284223    0.76787
1.77659e+09  -0.377714  0.273832 -0.216024  -0.691146 -0.0419485   0.852343
1.77659e+09  -0.377714  0.273832 -0.216024  -0.691146 -0.0419485   0.852343
1.77659e+09  -0.217925  0.251462  -0.17661  -0.138656 -0.0529348    1.32622
1.77659e+09  -0.217925  0.251462  -0.17661  -0.138656 -0.0529348    1.32622
1.77659e+09   -0.40115   0.12363 -0.266092 -0.100326  0.161665  0.655565
1.77659e+09   -0.40115   0.12363 -0.266092 -0.100326  0.161665  0.655565
1.77659e+09   -0.29782  0.395273 -0.195784 -0.523665 -0.185503  0.868944
1.77659e+09   -0.29782  0.395273 -0.195784 -0.523665 -0.185503  0.868944
1.77659e+09   -0.21899   0.10339 -0.119085 -0.260726 0.0852488  0.578661
1.77659e+09  -0.442695  0.262115 -0.236265 0.295671 0.186811 0.825243
1.77659e+09  -0.565201  0.481559  0.112077 -2.98021  -1.8608   2.9605
1.77659e+09  -0.565201  0.481559  0.112077 -2.98021  -1.8608   2.9605
1.77659e+09    1.85934 -0.926721   1.02501  0.211442 -0.683794   1.86675
1.77659e+09    1.85934 -0.926721   1.02501  0.211442 -0.683794   1.86675
1.77659e+09  0.0782188  0.236548  0.193037   -1.59837    0.85893 -0.0192395
1.77659e+09  0.0782188  0.236548  0.193037   -1.59837    0.85893 -0.0192395
1.77659e+09   0.490476 -0.720059  0.309151  0.667253 -0.321978    2.1519
1.77659e+09   0.490476 -0.720059  0.309151  0.667253 -0.321978    2.1519
1.77659e+09  -0.183836  -0.36213 0.0481611 -0.889876  0.456587 -0.202833
1.77659e+09  -0.183836  -0.36213 0.0481611 -0.889876  0.456587 -0.202833
1.77659e+09   0.199659 -0.498484 -0.357705 0.562516  1.07451  1.08891
1.77659e+09   0.199659 -0.498484 -0.357705 0.562516  1.07451  1.08891
1.77659e+09  -2.82143 0.702069 -1.55826 0.511003  1.41582 0.918749
1.77659e+09  -2.82143 0.702069 -1.55826 0.511003  1.41582 0.918749
1.77659e+09  -0.890107 -0.127772 -0.724156 -1.20067 -3.23311  1.56035
1.77659e+09  -0.890107 -0.127772 -0.724156 -1.20067 -3.23311  1.56035
1.77659e+09   0.74827 0.180089 0.198363 0.0080729  0.698286 -0.132765
1.77659e+09   0.74827 0.180089 0.198363 0.0080729  0.698286 -0.132765
1.77659e+09   -0.850692 -0.0287027  -0.410968 -0.211654 -0.627642   1.49443
1.77659e+09   -0.850692 -0.0287027  -0.410968 -0.211654 -0.627642   1.49443
1.77659e+09  0.675832 0.304725 0.295302 0.00196938   -1.12764    1.03227
1.77659e+09  0.675832 0.304725 0.295302 0.0254069 0.0225046   0.58452
1.77659e+09  -0.0208508   0.401664  0.0907717 -0.440169   0.73393  0.521532
1.77659e+09    -0.6419  0.181154 -0.188328 -0.722152  0.162641  0.422411
1.77659e+09  0.447866 0.557193 0.302759  0.127702 -0.852007  0.683397
1.77659e+09  0.447866 0.557193 0.302759  0.350602 -0.770708   1.68682
1.77659e+09  0.508586 0.814987 0.397568 -0.798324  0.135542  0.516161
1.77659e+09  -0.0602655   0.152392  0.0684011 -1.42113 0.647016 0.141893
1.77659e+09  -0.613138 -0.107532 -0.168088 -0.245589 -0.133257  0.811815
1.77659e+09  -0.0698529   0.392077  0.0747927  0.379411 -0.727007   1.16069
1.77659e+09  0.473432 0.780898 0.378393 -0.818587 -0.504595   1.26933
1.77659e+09  0.316838 0.248266 0.238843 -1.58202 0.160688 0.393114
1.77659e+09  -0.0805056  -0.223646  0.0652053  -0.446029 -0.0102102   0.611132
1.77659e+09   -0.110333     0.1215 -0.0104284 -0.0512533  -0.615191    1.35552
1.77659e+09  0.496868 0.330291  0.26654  -1.02171 -0.633501   1.27519
1.77659e+09   0.831361 -0.124576  0.341109 -1.21141 0.254438 0.886034
1.77659e+09  -0.0133939  -0.415394  -0.126542  -0.169906   0.682905 -0.0802746
1.77659e+09  -0.465066 -0.090488 -0.224547   0.565446 -0.0834524   0.988329
1.77659e+09      0.162375     0.331357 -0.000841063 -0.395247 -0.454546   1.64116
1.77659e+09   0.78875 0.185415 0.217538 -1.24974 0.449018 0.858202
1.77659e+09  -0.524721  -0.50168 -0.428012  -0.39012  0.462202 -0.705519
1.77659e+09  -0.811277 -0.166122 -0.513233    1.1194 -0.487017   1.56352
1.77659e+09   0.40632  0.92897 0.258018 -0.0544271  -0.988482    2.08135
1.77659e+09    1.1275 0.432557 0.519008 -2.08983 0.299604 0.107958
1.77659e+09  -0.243491 -0.756278 -0.177675 -0.435286  0.825483 -0.562208
1.77659e+09  -0.875193   0.10339 -0.426947    1.54909 -0.0343801    2.04668
1.77659e+09   0.22416  1.13137 0.320869 -0.490951 -0.959917   1.20415
1.77659e+09  0.777032 0.236548 0.402894   -2.291 -0.43355 0.378466
1.77659e+09   0.369036 -0.567727  0.236713 -0.629378  0.566938  0.980272
1.77659e+09   -0.280775  0.0810196 -0.0381253  1.07936 0.218794  1.04888
1.77659e+09   -0.257339   0.520974 -0.0679527 -0.00535483   -0.550005    0.622118
1.77659e+09  0.513912 0.268506 0.221799 -0.891829 -0.597613  0.709032
1.77659e+09  0.782359 0.221634 0.435917 -0.347152  0.130171   1.19927
1.77659e+09  0.00258506   0.345205  0.0247253 -0.249495  0.379682  0.295214
1.77659e+09  -0.337234  0.187546 -0.125477  -0.46263 -0.603228  0.813524
1.77659e+09  0.405255 0.188611 0.181319 -0.43431 -1.05586  1.03252
1.77659e+09   1.27984 0.349466 0.615947  -0.252425 0.00272925    1.26665
1.77659e+09  0.311512 0.513517 0.134448 -0.551742  0.730268  0.190966
1.77659e+09   -0.556679 0.00858156  -0.213894  -0.630355 -0.0673391 -0.0597668
1.77659e+09    0.225225 0.00112471    0.16534 0.448258  -1.1606  1.35845
1.77659e+09   1.14774 0.912991  0.56588  0.451676 -0.624956   1.02519
1.77659e+09   0.86971 0.762789 0.471071 -0.840072    0.4102 -0.203077
1.77659e+09   0.52563 0.264245  0.28465 -1.59373  1.03154  1.11821
1.77659e+09   0.474497  0.834162 -0.304441 -2.42381  1.92265  2.42803
1.77659e+09    -1.17666 -0.0926186    -1.0725 -3.17161  2.88212 0.194628
1.77659e+09  -2.50931 -1.11101 -1.28342 -0.313216   1.19536  0.529344
1.77659e+09  -2.81504 0.110847 -1.28022  0.13527 -1.34615  2.63408
1.77659e+09   -0.70262  0.434687 -0.537734 -2.08665 -3.45406 0.889208
1.77659e+09   1.53763 -0.60075 0.597838 -2.33641 -1.31417  1.28594
1.77659e+09    1.15094 -0.657209  0.278258 0.293473  1.17021  1.12334
1.77659e+09  -0.608877 0.0256258  -0.45784 -0.241927   1.74467  -1.61201
1.77659e+09   -1.35882 -0.126707 -0.690067 -0.974349  0.420454   1.57964
1.77659e+09  -0.420325 -0.255604 -0.310833  -1.79344 -0.636187   1.59209
1.77659e+09   0.293402 -0.706211 0.0300516  -1.20946 -0.131548  0.436815
1.77659e+09  -0.107137 -0.726451 -0.246917 -0.289779   0.49272  0.319384
1.77659e+09   -0.938043  -0.363196 -0.0200158 -0.776595 -0.350054  0.686327
1.77659e+09  -0.134834 -0.510202  0.271867 -0.669417  -2.57515  0.632128
1.77659e+09    1.95095 -0.175709   1.27215 0.0390788  -2.13423   2.04888
1.77659e+09   2.85962 0.269571  1.50544 -0.155013   1.05009   1.37309
1.77659e+09     1.14455 -0.0574648   0.690516 -1.29857  3.09184 -1.45357
1.77659e+09   -1.71143 -0.184231 -0.429077  -0.846419    2.00419 -0.0319348
1.77659e+09   -1.38972 -0.300345 -0.290593 -0.499007 -0.517779   1.71245
1.77659e+09  0.120829 0.110847 0.267606 -0.428695  -1.50484   1.26128
1.77659e+09  0.441474 0.100194  0.26654 -1.24168  -0.4023 0.867968
1.77659e+09   -0.021916  -0.368522 -0.0306685  -0.84471  0.354292 0.0776844
1.77659e+09   -0.282906  -0.472918 -0.0413211  0.372575  0.219282 -0.063673
1.77659e+09  -0.351083   0.36651 -0.222416   0.016862 -0.0104543    1.34648
1.77659e+09   -0.155074   0.370771 0.00768105  -1.94359 -0.401568  0.342577
1.77659e+09   0.192202 -0.703015 0.0929022  -1.13621  -0.33272 -0.325392
1.77659e+09   0.0377388  -0.276909 -0.0285379   1.00588 0.0742625   1.64726
1.77659e+09  0.0302819  0.788355 0.0779885 -0.0971517  0.0461863   0.736132
1.77659e+09  -0.0112634   0.110847  0.0289863   -1.74022 -0.0917532   -0.51045
1.77659e+09   0.204985 -0.450547 0.0545527 -0.313216  0.164594  0.857469
1.77659e+09  -0.0400255   0.268506 -0.0711485  0.89821  0.42021 0.521776
1.77659e+09  -0.392628  0.802204 -0.224547 -0.66307 0.169966 0.735155
1.77659e+09  -0.0666571   0.266376 -0.0754096  -1.77806 0.0588816  0.259569
1.77659e+09  -0.187032   -0.2588 -0.114824 -0.14012 0.148725 0.250048
1.77659e+09  -0.281841  0.451732 -0.324681 0.828874 0.373091  1.04253
1.77659e+09  -0.322321  0.946014 -0.160631 -0.686507  0.380659  0.438036
1.77659e+09  -0.486371  0.267441 -0.326812    -1.52122    0.407026 -0.00556758
1.77659e+09  -0.677054   0.02243  -0.34066 -0.130599  0.206831  0.641893
1.77659e+09  -0.549222  0.643479 -0.291658   0.355729 0.00492652    0.84453
1.77659e+09  -0.528982  0.844814 -0.210698 -0.677718 -0.351519  0.109911
1.77659e+09  -0.532178   0.50606 -0.438665    -1.541 -0.650103  0.939257
1.77659e+09  -0.395824   0.66585  0.303825 -2.91258  -1.3774  2.62285
1.77659e+09  0.793011 0.138544  0.68732 -3.56297 -2.33565  1.48149
1.77659e+09    1.57279 -0.899024  0.940853 -1.82762 -1.34908  1.69536
1.77659e+09   2.10435 -0.36213  1.00796  1.08254 0.503462  1.59184
1.77659e+09   0.897407  0.548671 0.0854454 -0.543685   2.19438   -1.1313
1.77659e+09   -1.12553  0.109782 -0.294854  -1.84691   1.62846 -0.862257
1.77659e+09   -1.34071 -0.554943 -0.772093 -0.791488 -0.750689   1.51152
1.77659e+09    0.112307   0.147066 -0.0210811 -0.505355  -1.44747   1.56963
1.77659e+09    1.0263 0.312182 0.411416 -0.720931 -0.396197  0.285692
1.77659e+09    0.194333 -0.0553343   -0.11802  -1.5576  1.04326 0.348436
1.77659e+09  -0.797429 -0.348282 -0.550517 -0.76097 0.233686 0.307421
1.77659e+09  -0.467197 -0.306737 -0.430143 -0.137679 -0.607622  0.916552
1.77659e+09   0.410581  0.290877 0.0183337 -0.235335 -0.647173  0.955126
1.77659e+09     0.36584   0.136413 -0.0711485 -1.23704 0.286665 0.104052
1.77659e+09  -0.179575 -0.332303 -0.235199 -0.780257  0.362593  0.163134
1.77659e+09  -0.362801 -0.194884 -0.355574 0.0544596 -0.181841   0.78618
1.77659e+09  0.0941978  0.300464 -0.162761 -0.367904 -0.549273   1.02568
1.77659e+09    0.312577   0.128956 -0.0881928  -1.32054 -0.208697  0.409716
1.77659e+09   0.142135 -0.322716 -0.192589 -0.854232 0.0923289   0.43828
1.77659e+09  -0.143356 -0.172513 -0.322551 0.00538735  -0.230913   0.714647
1.77659e+09   0.171962   0.18435 -0.236265 -0.280257 -0.526079  0.854296
1.77659e+09  0.470236 0.159849 -0.11802 -0.919417 -0.307573  0.612596
1.77659e+09    0.312577 -0.0638564  -0.273549 -0.862044 0.0767039  0.480028
1.77659e+09    0.018564 -0.0574648  -0.372618  -0.519027 -0.0700247   0.796434
1.77659e+09   0.132547 0.0842153 -0.375814 -0.492415 -0.561724   1.11919
1.77659e+09   0.542674  0.151327 -0.224547 -0.849837 -0.456499  0.802782
1.77659e+09   0.561849 0.0117774 -0.253309  -0.889388 -0.0148489   0.708544
1.77659e+09    0.253987 -0.0329638   -0.43973 -0.620833  0.102094  0.779589
1.77659e+09   0.169832 0.0511921 -0.511103 -0.565902 -0.231402   0.89995
1.77659e+09   0.437213 0.0778238 -0.409903 -0.773665  -0.35396  0.984178
1.77659e+09   0.512847 0.0139079 -0.415229  -0.776351 -0.0763723   0.792284
1.77659e+09      0.3456 -0.0201806  -0.531343 -0.637679  0.094282  0.668016
1.77659e+09    0.164505 -0.0255069  -0.637869 -0.531966 -0.172564  0.881151
1.77659e+09   0.360514 0.0597143 -0.582475 -0.677962 -0.402788   1.07817
1.77659e+09    0.58635 0.0245605 -0.517494 -0.743392 -0.225298   0.62163
1.77659e+09    0.437213 -0.0809007  -0.618694  -0.485091 0.00175269   0.630663
1.77659e+09   0.287011 0.0650406 -0.747591 -0.425033 -0.162798   1.01445
1.77659e+09   0.402059 0.0735627 -0.724156 -0.781478 -0.369829  0.845995
1.77659e+09    0.575697 -0.0777049  -0.681545 -0.662826 -0.351763  0.726366
1.77659e+09    0.542674 -0.0382901  -0.744396 -0.336165 -0.233111  0.757128
1.77659e+09   0.578893 0.0916722  -0.78168 -0.452132 -0.208941   0.90996
1.77659e+09   0.623634 0.0479963  -0.78168 -0.685775  -0.15938  0.696093
1.77659e+09    0.584219 -0.0393553  -0.860509 -0.542952 -0.187456  0.730272
1.77659e+09   0.618308 0.0181689  -0.88288 -0.385726 -0.148638  0.763964
1.77659e+09   0.700333  0.109782 -0.864771  -0.447005 -0.0036184    0.87871
1.77659e+09   0.581024 0.0895417 -0.946796 -0.577865  0.174116  0.567919
1.77659e+09     0.399929 -0.00100582    -1.06717    -0.425765 -0.000200435     0.644335
1.77659e+09  0.431887 0.108716 -1.07782 -0.353743  -0.27315  0.846483
1.77659e+09   0.699268   0.20246 -0.969166 -0.592757  -0.26314  0.996386
1.77659e+09     0.7259  0.131087 -0.971297 -0.701888 0.0124949  0.616991
1.77659e+09     0.517108 -0.00100582    -1.08635  -0.520003 0.00956519   0.791552
1.77659e+09  0.549066 0.106586 -1.08422 -0.446273 -0.237505  0.988817
1.77659e+09   0.823904  0.167306 -0.955318 -0.635726 -0.184038  0.925341
1.77659e+09   0.801533 0.0916722 -0.986211 -0.751204   0.13896  0.759569
1.77659e+09     0.542674 5.94454e-05    -1.11511 -0.667952 0.0793894  0.762987
1.77659e+09   0.600198 0.0117774  -1.11191 -0.562972 -0.173784   1.00762
1.77659e+09  0.818578 0.111912 -1.02563  -0.605697 -0.0905325    1.01933
1.77659e+09     0.7259 0.0671711    -1.097 -0.755843  0.179975  0.658739
1.77659e+09    0.486215 -0.0510733   -1.21631  -0.751937 -0.0175344   0.911913
1.77659e+09    0.561849 -0.0436164   -1.19394 -0.675277 -0.378863    1.0584
1.77659e+09    0.905929 -0.0148543   -1.05865 -0.534652  -0.29439   0.89702
1.77659e+09   0.877167 0.0256258  -1.10978 -0.534408 0.0876902  0.751024
1.77659e+09    0.601264 -0.0169848   -1.26318 -0.662581 0.0500925  0.651903
1.77659e+09   0.617243 -0.102206  -1.28448 -0.575911 -0.281939   0.81328
1.77659e+09    0.900603 -0.0180501   -1.19181 -0.360824 -0.225542  0.902636
1.77659e+09   0.822839 0.0661058  -1.24933 -0.471663 0.0710886   0.66118
1.77659e+09     0.581024 -0.00420161     -1.4006  -0.669417 -0.0778372   0.703661
1.77659e+09    0.623634 -0.0936838   -1.39421 -0.689193  -0.40645  0.905565
1.77659e+09    0.982628 -0.0436164   -1.18755 -0.534163 -0.514605  0.933397
1.77659e+09    1.27451 0.0458658  -1.07356 -0.900618  0.136762  0.936815
1.77659e+09   0.938953 -0.243886  -1.05545 -0.490218  0.501753  0.170458
1.77659e+09   0.579958 -0.130968  -1.24187 0.0547038  0.160444   1.07085
1.77659e+09  0.813251 0.187546 -1.06717  -0.583968 -0.0951711   0.556932
1.77659e+09     1.15733 -0.0894228  -0.823225 -0.820052  0.189009  0.442919
1.77659e+09   0.840948 -0.138425  -0.96171 -0.319076  0.780073  0.741747
1.77659e+09   0.281684 0.0842153    -1.097 -0.220199  0.363325  0.380175
1.77659e+09    0.355188 -0.0361595   -1.02136 -0.840804 -0.465777  0.943895
1.77659e+09     1.17864 -0.0244416  -0.570758 -0.985579 -0.400835   1.21074
1.77659e+09     1.1797 -0.142686 -0.565431 -0.765853  0.485395  0.606005
1.77659e+09   0.463845 -0.256669 -0.885011 -0.487288  0.630659   0.41411
1.77659e+09    0.26251 -0.155469 -0.942535   -0.51097 -0.0128957    1.20586
1.77659e+09    0.817512 -0.0809007  -0.695394  -1.01219 0.0713328   0.99663
1.77659e+09    1.09768  -0.49955 -0.851987 -0.269515   1.43095  0.483934
1.77659e+09  -0.282906 -0.105402   -1.3516  0.564469     1.981 -0.160353
1.77659e+09  -1.76788 0.534822 -1.91619 -0.154525  0.745161  0.932909
1.77659e+09  -1.03605 0.106586 -1.41658 -1.26732 -1.22139  1.08672
1.77659e+09   0.350927 -0.034029 -0.914838 -0.761702  -1.22847   1.39556
1.77659e+09   0.615112   0.18435 -0.708177 -0.294906  0.201704  0.793261
1.77659e+09  -0.357474  0.159849  -1.22057 -0.595199  0.481977 -0.170363
1.77659e+09   -0.674923 -0.0872922   -1.28342   -1.0471 -0.432085   1.38603
1.77659e+09     0.20392 -0.0116585  -0.825356 -0.77391 -1.15621  1.36138
1.77659e+09   0.807925 0.0043205 -0.577149 -0.539046 -0.479937  0.815477
1.77659e+09    0.511781 0.00858156  -0.661305 -0.548079  0.269819  0.720018
1.77659e+09  -0.0144592 -0.0169848  -0.940404 -0.718245 0.0749949  0.590624
1.77659e+09   0.137874 -0.128838 -0.850922 -0.716292 -0.423784  0.927294
1.77659e+09     0.570371 -0.00420161   -0.651718 -0.524642 -0.301714   1.02031
1.77659e+09   0.443605 0.0192342 -0.713503 -0.568587  0.152143  0.411425
1.77659e+09   0.142135 -0.086227 -0.850922 -0.555404  0.131147  0.683397
1.77659e+09   0.158114   0.02243 -0.861575 -0.439437 -0.133257  0.967089
1.77659e+09   0.266771 0.0863459 -0.800855 -0.524154 -0.208697  0.648973
1.77659e+09   0.267836 0.0362784 -0.780615 -0.740462 -0.147661  0.753221
1.77659e+09   0.269966 0.0171037  -0.74333 -0.561019 -0.232378  0.578173
1.77659e+09    0.32323 0.0405395 -0.668762   -0.5493 -0.388872  0.889452
1.77659e+09   0.526695  0.105521 -0.590998 -0.592513 -0.495806  0.857714
1.77659e+09   0.672636 0.0724974   -0.5388 -0.656478 -0.403032  0.735399
1.77659e+09   0.654527 0.0362784 -0.570758 -0.520003 -0.414019  0.717333
1.77659e+09   0.710986 0.0916722   -0.5388 -0.445296 -0.600054  0.868456
1.77659e+09    1.07744   0.20246 -0.384336 -0.580062 -0.607622  0.992968
1.77659e+09    1.31073  0.134283 -0.332138  -0.636458 -0.0253469   0.717089
1.77659e+09   0.953866 0.0554532 -0.501515 -0.274398  0.406782  0.298143
1.77659e+09   0.463845  0.198199 -0.683676 -0.356185 -0.140581  0.836229
1.77659e+09   0.824969  0.189677 -0.587802 -0.711898 -0.644732  0.845018
1.77659e+09    1.43004  0.154523 -0.324681 -0.495589 -0.150835  0.750048
1.77659e+09    1.04015  0.176893 -0.506842  -0.2368 0.518354 0.401415
1.77659e+09   0.451061  0.236548 -0.740135 -0.539046  0.300337  0.698534
1.77659e+09   0.447866  0.112977 -0.722025 -0.860091 -0.597613    1.2249
1.77659e+09    1.34588  0.155588 -0.232003 -0.953841 -0.400103   1.28984
1.77659e+09    1.33097 0.0554532  -0.19898 -0.741439  0.462934  0.856249
1.77659e+09   0.640678 0.0202995 -0.489797 -0.947249  0.774946  0.562303
1.77659e+09   0.407386 -0.172513 -0.514299  -1.21068 0.0847605   1.32207
1.77659e+09   0.921908 -0.268387 -0.185132 -0.677718 -0.144488   1.17705
1.77659e+09     1.10194  -0.107532 -0.0647569 -0.233138  0.416792   1.10845
1.77659e+09     0.646005 -0.00207108   -0.225612 -0.665999  0.923628  0.581346
1.77659e+09   0.288076 -0.289692 -0.351313 -0.614974  0.893354  0.451708
1.77659e+09  -0.0517434  -0.247082  -0.482341 -0.153304  0.117719   1.28838
1.77659e+09   0.395668 0.0288216 -0.145717  -1.24071 -0.241167   1.62334
1.77659e+09   0.911256 -0.603946  0.200494   -0.747054 -0.00801294    0.428026
1.77659e+09    0.753597  -0.736038 -0.0871275  0.67653 0.845259 0.917528
1.77659e+09  -0.188097    0.1215 -0.409903 0.366227 0.814497 0.577684
1.77659e+09  -0.154009 -0.118185  -0.25757 -0.834945  0.260542  0.398241
1.77659e+09   0.385015 -0.447352 0.0630748 -0.415511  -0.12105   1.23735
1.77659e+09    0.46704  -0.15973 0.0130074 0.248796 0.490034 0.963427
1.77659e+09    -0.123116 -0.00420161   -0.304441 -0.0556478   0.554975   0.120897
1.77659e+09  -0.363866 -0.109663 -0.387532 -0.686507  0.245161    1.1519
1.77659e+09   0.0483914  -0.140555 -0.0956496 -0.680892 -0.117876   1.17632
1.77659e+09     0.12296  -0.204471 -0.0754096  -0.249495 -0.0326711   0.725389
1.77659e+09   -0.230708  -0.102206 -0.0551696 -0.0136556  -0.345904    1.02837
1.77659e+09   0.149592  0.131087 0.0865106 -0.204329  -1.13814   1.33476
1.77659e+09   1.08383 0.238679 0.651101 -0.275863 -0.570757   1.16313
1.77659e+09   1.04974 0.357988 0.592511 -0.0400228   0.311323    1.04619
1.77659e+09  0.251857 0.351597 0.184515 -0.624007  0.710737   0.44243
1.77659e+09  0.0174988 0.0852806  0.114207 -0.653304   0.10063   0.87163
1.77659e+09  0.334948 0.131087 0.280389 -0.543441 -0.217974   1.26641
1.77659e+09   0.418038 0.0916722  0.275062 -0.50682 0.199995 0.740282
1.77659e+09  -0.0325687 -0.0574648  0.0950327 -0.49388 0.385298 0.768602
1.77659e+09     -0.18064  -0.0713133 -0.00403686 -0.475081 0.0435007   1.09258
1.77659e+09  0.00471559  -0.112859  0.0875759  -0.384017 -0.0170461   0.890917
1.77659e+09  -0.0506782 -0.0979449  0.0311169 -0.193099  0.196821  0.955614
1.77659e+09   -0.438434 -0.0457469  -0.179805 -0.440902 0.0810984  0.883593
1.77659e+09   -0.344691  -0.178905 -0.0636917 -0.396712 -0.356157  0.720018
1.77659e+09   0.0228251 -0.0883575  0.0769232 -0.00486655   -0.303179     1.10918
1.77659e+09  -0.0496129   0.150262  0.0130074 -0.258773 0.0994089  0.835253
1.77659e+09   -0.391563 -0.0489427  -0.104172 -0.752181  0.014448  0.681932
1.77659e+09  -0.197685 -0.199145 0.0257905 -0.291488 -0.417437  0.925585
1.77659e+09   0.126156 0.0597143  0.139774  0.267839 -0.327105  0.911669
1.77659e+09  0.114438  0.30579 0.139774 -0.315658 0.0684031  0.884813
1.77659e+09  -0.211533 0.0703669 -0.012559 -0.954574 0.0500925  0.609178
1.77659e+09  -0.162531  -0.22045 0.0502916 -0.317611 -0.255083  0.824266
1.77659e+09  0.128286 0.148131 0.210081  0.435563 -0.377398   1.07915
1.77659e+09  0.216703 0.469841  0.22393  -0.37596 -0.114702  0.829637
1.77659e+09  0.108046  0.14174 0.180254 -0.949202  0.118452  0.744188
1.77659e+09  -0.105007 -0.050008 0.0843801 -0.330062 0.0542429  0.712938
1.77659e+09  0.0611746  0.177959  0.195168   0.27736 -0.119829   1.00005
1.77659e+09  0.0728925  0.499669  0.155753  -0.469222 -0.0309622     1.1165
1.77659e+09  0.0665009   0.16411  0.215408 -1.13914 0.216108 0.817919
1.77659e+09   -0.22112 -0.112859 0.0130074 -0.374495   0.10063  0.769091
1.77659e+09   -0.234969  0.0756932 -0.0104284  0.205094 -0.213335   1.04814
1.77659e+09  0.0633051  0.431492  0.116338 -0.300521 -0.368364   1.28252
1.77659e+09  0.130417 0.236548 0.107816  -1.18626 -0.011675  0.804003
1.77659e+09  -0.0922235  -0.232168 -0.0146895 -0.510238  0.152387  0.586718
1.77659e+09   -0.232838  0.0309521 -0.0743443   0.344499 -0.0609915    1.22002
1.77659e+09  -0.00487179      0.4251   0.0566832 -0.419906 -0.175738   1.16313
1.77659e+09   0.091002 0.0884764 0.0822496    -1.10203 -0.00728051      0.6458
1.77659e+09   -0.142291  -0.292888 -0.0562348 -0.188704 0.0415476  0.826464
1.77659e+09  -0.0687877   0.149196  0.0204642  0.342057 -0.104937   1.29961
1.77659e+09   0.0249556   0.381424 0.00768105 -0.405013 -0.203325  0.723192
1.77659e+09  0.0419998 0.0256258   0.02366   -0.95555 -0.0895559    1.02544
1.77659e+09   0.0569135 -0.0830312 0.00768105  -0.28221 0.0139597    1.0811
1.77659e+09   0.0015198  0.0927375 -0.0114937 0.0014811 0.0979441  0.952196
1.77659e+09  -0.0709182   0.179024 -0.0604959  -0.295394 -0.0548879   0.901415
1.77659e+09  -0.0368297  0.0554532 -0.0413211 -0.664779 -0.196489     1.179
1.77659e+09    0.212442 -0.0521385  0.0747927 -0.442855 0.0640085   1.00444
1.77659e+09   0.0398693  -0.029768 -0.0317337 -0.122542  0.438032  0.800341
1.77659e+09  -0.390498 0.0352132 -0.193654 -0.00974937    0.161177    0.699999
1.77659e+09  -0.278645 0.0980638 -0.140391 -0.463851 -0.486529   1.47368
1.77659e+09   0.175158 0.0320174 0.0481611 -0.847396 -0.484575   1.25444
1.77659e+09   0.228421 -0.201276 0.0577485  -0.594466 0.00394996    0.93535
1.77659e+09  -0.0794403  -0.236429 -0.0860622  0.167985 0.0915964  0.646532
1.77659e+09  -0.0485476  0.0266911 -0.0455822 0.167985 -0.22188  1.06743
1.77659e+09   0.280619  0.168371 0.0939675 -0.370101 -0.123247  0.821825
1.77659e+09    0.148526  -0.065987 0.00661579 -0.460921  0.222456  0.678026
1.77659e+09  -0.220055  -0.13949 -0.203241 0.0835124  0.115766  0.809374
1.77659e+09  -0.165727  0.117239 -0.113759  0.241715 -0.292925  0.970507
1.77659e+09  0.245465 0.278093   0.0439  -0.33641 -0.207476   1.00517
1.77659e+09    0.217768   0.133218 0.00981158 -0.477279  0.314497  0.647753
1.77659e+09    -0.32019 0.00325524  -0.254374 0.0522624   0.31645  0.235643
1.77659e+09  -0.458674  0.139609 -0.299115  0.671159 -0.562456  0.454149
1.77659e+09  0.554392 0.621109 0.221799 -0.349349 -0.273882   2.16582
1.77659e+09   0.70566  1.06958 0.268671 -1.58592 0.568891  1.44512
1.77659e+09   -0.645096 -0.0404206  -0.414164  -2.27244   1.35136 -0.489454
1.77659e+09  -0.976393 -0.507006 -0.261831   0.292008 -0.0114309    2.96074
1.77659e+09  -0.172118    1.2624  0.151492 -0.0566244  -0.962847    2.84966
1.77659e+09  0.506455  0.52417 0.318738  -3.03245 -0.480669 -0.750929
1.77659e+09  0.440409 -1.06307 0.411416 -0.655257  0.311811  0.286913
1.77659e+09  -0.135899  0.308986  0.188776  1.11989 0.489057  2.93657
1.77659e+09  0.124025 0.905534 0.282519 -1.59276 0.236372  0.61577
1.77659e+09    -0.173184   -0.747756 -0.00403686 -2.30345 0.408735 0.511766
1.77659e+09  -0.511938 -0.672122 -0.084997 -0.0148763   0.154585     1.8438
1.77659e+09    -0.39902  0.0202995 -0.0157548   0.30861 -0.621782   0.64287
1.77659e+09     0.20179 -0.0723785   0.188776 -1.15037 -0.60274 0.919237
1.77659e+09   0.161309 -0.417524 0.0534874 -0.895736 -0.446001   1.02715
1.77659e+09  -0.00593705   -0.515529  -0.0573001 -0.352767 -0.242632  0.951219
1.77659e+09   0.472367 -0.246017  0.269736  0.189225 -0.102495  0.886522
1.77659e+09   0.472367 -0.246017  0.269736  0.189225 -0.102495  0.886522
1.77659e+09    0.228421 -0.0361595   0.136578 -0.795638 -0.161577  0.717089
1.77659e+09   0.367971 -0.140555  0.188776  -0.587874 -0.0656301   0.933641
1.77659e+09    0.159179 -0.0809007  0.0545527 -0.531722  0.145307   0.67705
1.77659e+09    0.159179 -0.0809007  0.0545527 -0.531722  0.145307   0.67705
1.77659e+09    0.10272  -0.15973 0.0130074 -0.186751  0.194868 -0.215284
1.77659e+09  -0.0474824    0.24294  -0.048778 -0.682357  0.334516  0.389208
1.77659e+09  -0.352148 -0.187427 -0.270353  -1.05736 0.0303171  0.057909
1.77659e+09  -0.352148 -0.187427 -0.270353  -1.05736 0.0303171  0.057909
1.77659e+09    0.175158   0.321769 -0.0232116 0.212174 0.196821 0.706102
1.77659e+09    0.175158   0.321769 -0.0232116 0.212174 0.196821 0.706102
1.77659e+09   -0.426717 -0.0681175  -0.331073   -1.03807    0.48393 -0.0980969
1.77659e+09   -0.426717 -0.0681175  -0.331073   -1.03807    0.48393 -0.0980969
1.77659e+09  0.0111072  0.443209 -0.185132 0.0339518   0.01103  0.567919
1.77659e+09  0.0111072  0.443209 -0.185132 0.0339518   0.01103  0.567919
1.77659e+09  -0.792102  0.421904 -0.582475 -0.485335  0.825727 -0.161085
1.77659e+09   -1.22247  0.438948 -0.769962 -0.696761  0.153364  0.812303
1.77659e+09  -0.430978   0.44534 -0.335334  -0.518783 -0.0829641   0.654833
1.77659e+09  -0.430978   0.44534 -0.335334  -0.518783 -0.0829641   0.654833
1.77659e+09   -1.03179  0.719113 -0.713503 -0.569076  0.660688  0.103563
1.77659e+09   -1.03179  0.719113 -0.713503 -0.569076  0.660688  0.103563
1.77659e+09  -0.816603  0.542279 -0.453578 -0.0839681  -0.505327   0.426317
1.77659e+09  -0.816603  0.542279 -0.453578 -0.0839681  -0.505327   0.426317
1.77659e+09  -0.38091  1.27625 0.343239 -3.99583 -2.68477   3.5081
1.77659e+09  -0.38091  1.27625 0.343239 -3.99583 -2.68477   3.5081
1.77659e+09     1.8114 -0.908611   1.36589 -3.99583 -3.02071 0.462206
1.77659e+09    2.5507 0.261049 0.878002  1.91261 0.797651  1.41289
1.77659e+09  0.978367  1.11113 0.481724 -2.63402  2.30058 -1.21577
1.77659e+09  0.978367  1.11113 0.481724 -2.63402  2.30058 -1.21577
1.77659e+09  -0.913542  -1.22393 -0.374749 0.436784  0.11186  1.20488
1.77659e+09  -0.913542  -1.22393 -0.374749 0.436784  0.11186  1.20488
1.77659e+09   0.68542 0.968385 0.440178  -1.92674 -0.280962   0.17412
1.77659e+09   0.68542 0.968385 0.440178  -1.92674 -0.280962   0.17412
1.77659e+09  -0.296754 -0.969331 -0.151043 -0.357406   0.63896  0.599413
1.77659e+09  -0.296754 -0.969331 -0.151043 -0.357406   0.63896  0.599413
1.77659e+09   -0.282906   0.581694 -0.0541043  -1.20872 -0.701616  0.607225
1.77659e+09    0.32536 -0.149078   0.12486  -1.20872 -0.701616  0.607225
1.77659e+09  0.245465 -0.56027 0.101424 -0.548568   0.29228  0.450975
1.77659e+09  0.245465 -0.56027 0.101424 -0.548568   0.29228  0.450975
1.77659e+09  -0.290363   0.38462 -0.069018 -0.590804 -0.197466  0.435106
1.77659e+09  -0.290363   0.38462 -0.069018 -0.590804 -0.197466  0.435106
1.77659e+09   0.129352 -0.214059 0.0545527 -0.836165  0.189497  0.223192
1.77659e+09   0.129352 -0.214059 0.0545527 -0.836165  0.189497  0.223192
1.77659e+09  -0.370258  0.375033 -0.124412  -0.353743 -0.0785696   0.646288
1.77659e+09  -0.370258  0.375033 -0.124412  -0.353743 -0.0785696   0.646288
1.77659e+09   -0.113529   0.236548 -0.0413211  -1.27782 -0.396197  0.387499
1.77659e+09  0.164505 -0.11925 0.119534  -0.981673 -0.0856497   0.586962
1.77659e+09    -0.25947   0.225896 -0.0658222 -0.188704  0.218061  0.474901
1.77659e+09    -0.25947   0.225896 -0.0658222 -0.512679 0.0862253  0.497118
1.77659e+09   0.0334777 -0.0734438  0.0641401  -1.15208 -0.252398  0.761278
1.77659e+09   0.0334777 -0.0734438  0.0641401  -1.06175 -0.188189  0.565233
1.77659e+09   0.0217598 -0.0958144  0.0609443 -0.567122  0.019575  0.845018
1.77659e+09  -0.0879624  0.0842153  0.0364432 -0.613509 0.0427683  0.690966
1.77659e+09  0.0377388 -0.151208 0.0907717  -1.07152 -0.289507  0.981981
1.77659e+09  0.0377388 -0.151208 0.0907717  -1.07152 -0.289507  0.981981
1.77659e+09   0.175158 -0.162926  0.164275 -0.692855 -0.132281  0.819384
1.77659e+09   0.106981 -0.107532  0.132317 -0.584456 0.0654734  0.700731
1.77659e+09  0.0334777 -0.160795 0.0833148   -1.0349 -0.241411  0.967333
1.77659e+09  0.0334777 -0.160795 0.0833148   -1.0349 -0.241411  0.967333
1.77659e+09   0.236943 -0.265191  0.194102  -0.70848 -0.181841  0.773973
1.77659e+09   0.175158 -0.197014  0.144035 -0.392318 0.0530222  0.729784
1.77659e+09  0.0494567 -0.170383 0.0524222 -0.579085 0.0535105  0.780565
1.77659e+09  0.0494567 -0.170383 0.0524222  -0.904036 -0.0612356   0.817675
1.77659e+09   0.135743 -0.286497  0.103555 -0.661361 -0.100054  0.731981
1.77659e+09   0.150657 -0.224711  0.100359  -0.323958 -0.0251028   0.785204
1.77659e+09   0.151722 -0.103271 0.0992938 -0.460433  0.045698  0.799852
1.77659e+09  0.00684612  -0.186362 -0.0274727  -0.790023 -0.0304739   0.762011
1.77659e+09   0.109112 -0.303541 0.0225948  -0.741927 -0.0683157   0.832811
1.77659e+09   0.149592 -0.284366 0.0321821  -0.363997 0.00321753   0.749559
1.77659e+09   0.0366735  -0.171448 -0.0796706 -0.502913 0.0234812  0.913622
1.77659e+09  0.0686315 -0.234299 -0.133999 -0.640365 0.0842722  0.619432
1.77659e+09  -0.0357645  -0.306737  -0.319355 -0.266341  0.286665  0.762987
1.77659e+09  -0.173184 -0.070248 -0.366227 -0.0766439   0.391157   0.936815
1.77659e+09  -0.395824  0.074628 -0.527082 -0.285872  0.172407  0.592821
1.77659e+09    -0.547091 -0.00633214   -0.598454 -0.781234 -0.404009   1.06084
1.77659e+09  -0.0826361 -0.0446817  -0.433338 -0.898177 -0.786577   1.32134
1.77659e+09    0.348796 -0.0766396   -0.23946 -0.778792 -0.292193   1.04521
1.77659e+09   0.130417  -0.11712 -0.344921 -0.634993   0.20146  0.837206
1.77659e+09  -0.250948 -0.172513 -0.529212  -0.678695 -0.0788137   0.943651
1.77659e+09  -0.053874 -0.251343 -0.417359 -0.629134 -0.514849   1.05254
1.77659e+09   0.439343 -0.171448 -0.202176 -0.372298  -0.24605  0.960253
1.77659e+09   0.231617 -0.102206 -0.293789 -0.352767  0.297651  0.527147
1.77659e+09  -0.237099 -0.165057 -0.517494 -0.566146 0.0459421  0.637255
1.77659e+09  -0.0794403   -0.24069  -0.446122 -0.561751 -0.478228  0.994432
1.77659e+09    0.36371 -0.143751 -0.241591 -0.266585 -0.366655  0.915087
1.77659e+09    0.255053 -0.0510733  -0.352378 -0.280745 0.0615671  0.637499
1.77659e+09  -0.0666571  -0.134164  -0.515364 -0.627669 0.0403269  0.598436
1.77659e+09  -0.000610732    -0.230038    -0.485536 -0.540511 -0.324907  0.930468
1.77659e+09   0.198594 -0.154404 -0.412033 -0.315413  -0.39229   0.89702
1.77659e+09    0.276358 -0.0723785  -0.435469 -0.374495 -0.265825   0.84038
1.77659e+09   0.259314 -0.110728 -0.486602 -0.620101  -0.11397  0.756639
1.77659e+09   0.215638  -0.20021 -0.515364 -0.468734 -0.164507  0.730761
1.77659e+09   0.214573 -0.140555 -0.562235 -0.244857 -0.311724  0.931444
1.77659e+09    0.397798 -0.0180501  -0.511103 -0.371322 -0.285601  0.943895
1.77659e+09    0.477693 -0.0681175  -0.519625  -0.494368 -0.0524465   0.717821
1.77659e+09   0.306185 -0.100075 -0.628282 -0.418929  0.102827  0.783251
1.77659e+09    0.247596 -0.0436164  -0.679415  -0.387679 -0.0253469   0.950487
1.77659e+09    0.351992 -0.0169848  -0.653848 -0.463851  0.017866  0.867723
1.77659e+09    0.285945 -0.0414859  -0.710307 -0.424788  0.136518  0.802538
1.77659e+09    0.110177 -0.0361595  -0.815768  -0.46849 0.0864695  0.856005
1.77659e+09    0.165571 -0.0372248  -0.759309  -0.498031 -0.0893118   0.970507
1.77659e+09    0.278489 -0.0255069  -0.699655  -0.433333 -0.0710012   0.927538
1.77659e+09    0.260379 0.00112471  -0.694328 -0.415755 0.0237253  0.840624
1.77659e+09     0.207116 -0.00420161   -0.695394  -0.516829 -0.0275442   0.899218
1.77659e+09   0.346665 0.0107121 -0.612303  -0.542952 -0.0248586   0.926073
1.77659e+09     0.279554 -0.00100582   -0.657044 -0.452376 0.0864695  0.773485
1.77659e+09   0.167701 0.0522574 -0.690067  -0.539046 -0.0802786    1.03032
1.77659e+09   0.290206 0.0373437 -0.632543 -0.812972  -0.20772   1.12163
1.77659e+09   0.451061 -0.050008 -0.545191  -0.641341 -0.0143606   0.882372
1.77659e+09    0.243335 -0.0308332  -0.655979 -0.582015  0.130659  0.931688
1.77659e+09     0.16344 -0.0627912  -0.694328  -0.423812 -0.0714895   0.713671
1.77659e+09   0.251857 0.0107121 -0.677284 -0.379867  -0.19771  0.899706
1.77659e+09   0.396733 0.0778238 -0.600585  -0.553206 -0.0551321    0.72368
1.77659e+09    0.279554 -0.0404206  -0.678349  -0.60057 0.0342234  0.690721
1.77659e+09    0.131482 -0.0478775  -0.724156 -0.600326 -0.248491  0.976854
1.77659e+09    0.338143 -0.0553343  -0.663436 -0.634261 -0.493853  0.897997
1.77659e+09    0.740813 -0.0894228  -0.481275    -0.468734 -0.000444576     0.831591
1.77659e+09    0.407386 -0.0116585  -0.684741 -0.281478  0.478315  0.566454
1.77659e+09   -0.139095 -0.0169848    -0.9436 -0.551742  0.220014  0.540819
1.77659e+09  -0.0133939  -0.134164  -0.889272  -0.58348 -0.471392  0.949266
1.77659e+09    0.471301 -0.0276374  -0.678349  -0.42137 -0.393267   1.00762
1.77659e+09    0.561849 -0.0105932  -0.489797 -0.404036 0.0857371  0.519335
1.77659e+09    0.266771 -0.0159195  -0.597389 -0.584456  0.207075   1.00078
1.77659e+09    0.367971 -0.0233764  -0.458905 -0.65306 0.221479 0.454149
1.77659e+09   0.354122 -0.169318 -0.385402 -0.26097 0.281294 0.615526
1.77659e+09   0.296598  0.099129 -0.355574 -0.201888   0.51518  0.880663
1.77659e+09   0.108046  0.163045 -0.308702 -0.708968  0.507612  0.519091
1.77659e+09  -0.0208508  -0.114989  -0.308702 -0.692122  0.421186  0.593309
1.77659e+09    0.0494567 -0.00207108   -0.160631 -0.197005  0.379682  0.925096
1.77659e+09  -0.0666571   0.185415  -0.130803 -0.324202  0.341108  0.617235
1.77659e+09  -0.171053  0.104455 -0.127608 -0.749007 0.0906199  0.842089
1.77659e+09  0.00471559  0.0522574  0.0268558  -0.816146 -0.0148489   0.937303
1.77659e+09   0.166636 -0.013789  0.164275 -0.380111  0.192427  0.652391
1.77659e+09   -0.161466   0.137479 -0.0136242 -0.22679 0.248579 0.861864
1.77659e+09   -0.1604   0.2227 0.039639 -0.745833 0.0227488  0.765184
1.77659e+09   0.018564 0.0458658  0.175993 -0.863997 -0.200884  0.874803
1.77659e+09    0.113373 -0.0105932   0.220734  -0.397933 -0.0334036   0.770311
1.77659e+09  -0.0144592   0.198199   0.129121 -0.301742 -0.102495   1.03423
1.77659e+09  0.0888715  0.215243  0.152557  -0.880843 -0.0922415   0.737841
1.77659e+09    0.170897 -0.0105932   0.214342 -0.712142 -0.046343  0.757128
1.77659e+09  0.0654357 0.0693016 0.0875759 -0.307845 0.0576609  0.957079
1.77659e+09  -0.0464171    0.24294  0.0300516 -0.636702 -0.142046  0.990282
1.77659e+09   0.153853 0.0724974  0.100359  -1.07054 -0.216509  0.876024
1.77659e+09   0.215638 -0.112859  0.119534  -0.554671 -0.0460989   0.961962
1.77659e+09    0.10272 0.0724974 0.0268558 -0.138656  0.103803  0.822557
1.77659e+09  0.00791139    0.20246 -0.0104284  -0.651107 -0.0724661    0.91118
1.77659e+09    0.164505 0.00858156  0.0311169  -1.07616 -0.120318  0.969042
1.77659e+09   0.212442 -0.135229 0.0715969  -0.55931 0.0852488  0.828905
1.77659e+09   0.0782188 -0.0127237 -0.0423864 -0.173568  0.222456  0.819384
1.77659e+09  -0.0773098   0.112977 -0.0573001  -0.58055 0.0505808  0.988817
1.77659e+09  0.00791139 -0.0468122 -0.0413211 -0.728743 -0.184038   0.50786
1.77659e+09  0.228421 -0.15973 0.125925  -0.130111 -0.0907766   0.758104
1.77659e+09   0.200724  0.183285 0.0577485 0.0405436   0.18437  0.881639
1.77659e+09  -0.0400255   0.191807 -0.0253421 -0.614486   0.18144  0.582323
1.77659e+09  -0.0293729 -0.0532038 -0.0455822 -0.803206 0.0503367   1.00273
1.77659e+09   0.0292167 -0.0255069 0.00555052 -0.347884  0.132612  0.988329
1.77659e+09  -0.159335 0.0661058 -0.106302 -0.299788  0.166548  0.877001
1.77659e+09  -0.288232 0.0927375 -0.151043 -0.594222 -0.161577  0.971971
1.77659e+09  -0.0453518  -0.013789 -0.0359948 -0.670638 -0.326372   1.02422
1.77659e+09   0.151722 0.0256258 0.0694664 -0.390853 -0.176226   1.12456
1.77659e+09  -0.0187202   0.130022  -0.073279  -0.641341 -0.0226614   0.897997
1.77659e+09  -0.0528087 -0.0649217 -0.0594306  -0.84471 -0.178179  0.909227
1.77659e+09   0.179419 -0.113924 0.0470958 -0.388411 -0.231157   1.09917
1.77659e+09    0.200724   0.058649 0.00981158 -0.361556 0.0391062   1.11431
1.77659e+09   0.0238904  0.0362784 -0.0807359 -0.802962  0.158735   0.81328
1.77659e+09  -0.00593705   -0.251343  -0.0871275  -0.65599 0.0940378  0.839403
1.77659e+09    0.014303  -0.153339 -0.0807359 -0.0898275  0.0862253    1.03716
1.77659e+09  0.00471559  0.0597143   -0.11802 -0.242415  0.154096  0.811571
1.77659e+09   -0.108202 -0.0414859  -0.189393 -0.732161  0.154829  0.896776
1.77659e+09  -0.124181 -0.201276 -0.209633 -0.494613  0.149458  0.939012
1.77659e+09   -0.11992 -0.124576  -0.17661 -0.113997  0.214643  0.725145
1.77659e+09   -0.225382 -0.0361595  -0.218155  -0.12596 0.0928171  0.833055
1.77659e+09  -0.225382 0.0394742 -0.266092 -0.429915 -0.153521  0.994188
1.77659e+09   -0.017655 -0.0382901  -0.110563  -0.741683 -0.0651418   0.876757
1.77659e+09   0.0494567  -0.176774 -0.0562348 -0.331038  0.125532  0.784716
1.77659e+09   -0.112464 -0.0894228  -0.145717 0.0532389  0.193891  0.815966
1.77659e+09  -0.103941  0.117239 -0.135064  -0.33763 0.0644968    1.1082
1.77659e+09   -0.100746 -0.0116585  -0.191523 -0.915023 0.0969675  0.835253
1.77659e+09  -0.189163 -0.379175  -0.21922 -0.478743  0.142866  0.741747
1.77659e+09   -0.11992 -0.175709 -0.111629     0.436051 -0.000444576      1.11089
1.77659e+09  -0.122051   0.26531 -0.253309  -0.459945 -0.0146047    1.32305
1.77659e+09  -0.100746 -0.171448 -0.186197  -1.1284 0.148481 0.336962
1.77659e+09  -0.130573 -0.443091 -0.203241 -0.118392  0.144575   1.03496
1.77659e+09    -0.226447 -0.00846267   -0.243721  0.451188 0.0222605   1.23296
1.77659e+09  -0.106072  0.212047 -0.252243 -0.592757 0.0190867  0.964647
1.77659e+09  -0.0964845  -0.222581  -0.202176 -0.947005   0.20854  0.771532
1.77659e+09  -0.271188 -0.346152 -0.274614 -0.134749  0.230512  0.956102
1.77659e+09   -0.319125 -0.0350943  -0.295919  0.252946 -0.105425   1.14849
1.77659e+09  -0.0932887   0.144935  -0.238395 -0.647689 -0.120073   1.04058
1.77659e+09  -0.0613308  -0.230038  -0.200046 -0.79515 0.128218 0.699511
1.77659e+09  -0.256274 -0.290758 -0.293789 -0.182357  0.163374   1.08672
1.77659e+09   -0.282906 -0.0649217  -0.293789 0.0678874 -0.125445  0.996386
1.77659e+09  -0.106072 0.0309521 -0.214959 -0.665755 -0.174517   1.19292
1.77659e+09  0.0430651 -0.209798 -0.127608 -0.790023  0.102827  0.757372
1.77659e+09  -0.187032 -0.351478 -0.214959 -0.174056  0.238813  0.895067
1.77659e+09   -0.359605 -0.0830312  -0.312964 -0.038558 -0.156939   1.16704
1.77659e+09  -0.0879624 -0.0265722  -0.161696 -0.676742 -0.480669  0.970995
1.77659e+09    0.20392 -0.255604 0.0215295 -0.547347 -0.355425  0.954149
1.77659e+09  0.0952631 -0.116054 0.0460306  0.159684 -0.335894  0.969774
1.77659e+09   0.20179 0.214178 0.216473 0.0988932 -0.449663   1.07475
1.77659e+09  0.699268 0.420839 0.475332 -0.594954 -0.294634   1.15996
1.77659e+09   0.493672 0.0735627  0.384785 -0.666243  0.445112  0.464159
1.77659e+09  -0.0187202  0.0629101   0.173862 -0.31224 0.392866  1.01567
1.77659e+09  -0.094354  0.180089  0.144035 -0.373275 -0.165972   0.91411
1.77659e+09   0.20179 0.118304 0.382654 -0.722884 -0.345659   1.03765
1.77659e+09     0.290206 -0.00313635    0.356023  -0.410384 -0.0221731    0.79912
1.77659e+09  0.00897665  0.0693016    0.22393 -0.277816  0.293012   1.00859
1.77659e+09  -0.204076  0.136413   0.14297 -0.478743 0.0220164  0.869677
1.77659e+09   -0.156139 -0.0191153   0.158949 -0.419417 -0.247027  0.744677
1.77659e+09  -0.0410908  0.0927375   0.206886 -0.190169 -0.313921   1.00957
1.77659e+09  0.0132377  0.210982  0.221799 -0.369124 -0.175738  0.747118
1.77659e+09  -0.0911582   0.125761   0.204755 -0.534163 -0.300738  0.814745
1.77659e+09  0.0579788 0.0799543  0.242039 -0.397445 -0.380327  0.995653
1.77659e+09  0.212442 0.160914 0.331521 -0.247054 -0.029009  0.759813
1.77659e+09  -0.0517434   0.212047   0.210081 -0.405501 0.0574168  0.648485
1.77659e+09  -0.244556 0.0661058 0.0939675 -0.735579 -0.363482  0.970018
1.77659e+09    0.121895 -0.0148543   0.253757 -0.566634 -0.604204   1.21318
1.77659e+09    0.42443 0.0575837  0.360284 -0.256087 -0.152544  0.848925
1.77659e+09  0.0771536 0.0597143  0.168536 -0.17723 0.195356 0.490282
1.77659e+09   -0.298885  0.0234953 -0.0242769 -0.453109 -0.217974  0.979296
1.77659e+09  0.0963283 0.0139079  0.187711 -0.604232 -0.601031   1.16265
1.77659e+09    0.550131 -0.0255069   0.373067 -0.341536 -0.150347  0.896532
1.77659e+09    0.126156 -0.0212458   0.132317 -0.0412435   0.343061   0.569384
1.77659e+09   -0.257339  0.0554532 -0.0413211 -0.228255 0.0369089  0.696825
1.77659e+09  -0.0528087 -0.0265722  0.0630748 -0.371566 -0.527544  0.922167
1.77659e+09   0.385015 0.0373437  0.229256 -0.440169 -0.323443   1.39849
1.77659e+09    0.287011 -0.0382901   0.135513 -0.365462  0.296675  0.562792
1.77659e+09  -0.269057 -0.203406 -0.145717 -0.119369  0.378706  0.540575
1.77659e+09   -0.351083 -0.0713133 -0.0413211  0.260758 -0.396197  0.767137
1.77659e+09  0.190072 0.131087  0.12273 -0.244124 -0.654497   1.31963
1.77659e+09   0.540544 0.0479963  0.239909   -0.519271 -0.00386254     0.80205
1.77659e+09    0.086741  -0.163991 -0.0860622 -0.192122   0.54643  0.358934
1.77659e+09  -0.484241 -0.171448 -0.183001  0.451921  0.149458 0.0771961
1.77659e+09  -0.206207   0.14387  -0.11589  0.437272 -0.508501   1.64653
1.77659e+09  0.514977 0.503929 0.190907 -0.341781 -0.237505  0.887011
1.77659e+09    0.24227 -0.163991  -0.11589 -0.506331  0.770552 -0.544386
1.77659e+09  -0.870932 -0.140555 -0.263961   1.17555 -0.154009  -1.06709
1.77659e+09  -0.597159  0.891686  0.096098  1.6592 -2.6274 2.52007
1.77659e+09  1.99037 1.67572 1.42874 -0.449447  -2.72676   1.12749
1.77659e+09   3.60531 0.887425  1.71317 -1.58202  1.24956  2.14751
1.77659e+09   1.69742 0.895947 0.560553   -2.07323    4.00102 -0.0946789
1.77659e+09  -2.88535 0.715917  -1.0938  -2.39915   3.81694 -0.622023
1.77659e+09    -3.0004 -0.433503   -1.0448 -0.862777  -0.42354   2.83403
1.77659e+09    -0.62166   0.835227 0.00555052 -0.155257  -2.12154   2.92314
1.77659e+09  0.299794 0.936427  0.40609  -1.34984 -0.826861  0.134081
1.77659e+09  -0.464001  0.132152 -0.223481 -1.54002 0.275434 0.159227
1.77659e+09  -0.879454  0.264245 -0.321486 -0.743636 -0.217241   1.50176
1.77659e+09  -0.194489  0.503929  0.107816 -0.747298 -0.570269  0.908739
1.77659e+09   0.28488 0.516713 0.277193   -1.07103 -0.0351125    1.09624
1.77659e+09  -0.487437   0.24294 -0.192589 -1.33787 0.405317 0.422411
1.77659e+09   -0.713273 -0.0958144  -0.401381  -1.14818 -0.180864  0.933886
1.77659e+09  -0.017655 0.0448006 0.0524222  -0.46141 -0.413042   1.16973
1.77659e+09  0.0537178  0.262115  0.118469 -0.756331 0.0278757  0.775927
1.77659e+09  -0.220055 0.0501269 -0.073279   -1.05589 -0.0319387  -0.139357
1.77659e+09   -0.179575  -0.265191 -0.0828664 -0.454818  -0.28023  0.568895
1.77659e+09  0.279554 0.273832 0.166405 -0.0331869  -0.110552   0.975389
1.77659e+09   0.207116  0.380359 0.0343127 -0.759261  0.419721  0.158739
1.77659e+09    -0.222186 -0.00100582   -0.175544  -0.864486   0.574751 -0.0473156
1.77659e+09   -0.52259 0.0352132  -0.31829 -0.0305013   0.192427     0.3687
1.77659e+09  -0.347887  0.447471 -0.285267 0.00856118  -0.236529   0.663378
1.77659e+09     0.275293    0.610456 -0.00616739 -0.718978  0.222456  0.346971
1.77659e+09  -0.277579  0.307921 -0.260766  -0.826644     0.6331 -0.0592785
1.77659e+09  -0.791037  0.357988 -0.547322 -0.728743  0.294721  0.974413
1.77659e+09  -0.357474  0.339879 -0.262896  -0.43724 -0.151079  0.284716
1.77659e+09  -0.165727  0.419774 -0.310833 -0.176497  0.262739  0.688524
1.77659e+09  -0.426717  0.659458 -0.441861 -0.543929  0.787641  0.242723
1.77659e+09  -0.939109   0.40486 -0.620825 -0.66014 0.484175 -0.29048
1.77659e+09   -1.09357  0.466645 -0.651718 -0.474837 -0.522173   0.89287
1.77659e+09   -1.11914  0.866119 -0.714568 -1.85228 -2.59517  2.27593
1.77659e+09   1.16905 0.794747 0.811956 -3.99583 -2.16768  2.52202
1.77659e+09    1.65801 -0.676384   1.03992 -3.22337 -1.44673 0.492723
1.77659e+09    1.16266 -0.938439  0.524334 -0.552718 -0.827593   2.07036
1.77659e+09   1.72831 0.159849 0.708625  0.842546 -0.415972  0.724657
1.77659e+09   1.50993 0.543344 0.343239 -1.57957  1.30424 0.185595
1.77659e+09   0.473432 -0.282236 0.0875759 -1.99437  1.61796 -1.12935
1.77659e+09  -0.816603 -0.599684 -0.678349 0.292741 0.489302 0.106005
1.77659e+09  -0.490632  0.514582 -0.658109  0.480729 -0.530962   1.85527
1.77659e+09   0.328556  0.872511 -0.194719  -1.91453 -0.781939  0.548143
1.77659e+09   0.367971 -0.263061 -0.310833   -2.3054  0.115766 -0.154005
1.77659e+09  -0.156139   -0.5624 -0.617629 -0.107406  0.592573  0.586229
1.77659e+09  -0.706881  0.343075 -0.979819   0.55153 0.0496043  0.329637
1.77659e+09  -0.386236  0.466645 -0.699655  -1.17796 -0.711626  0.490282
1.77659e+09    0.213507 -0.0191153   -0.51856  -1.69139 -0.760698  0.556688
1.77659e+09   0.322164 -0.264126 -0.422686  -0.608138 -0.0817434   0.481981
1.77659e+09  -0.0442866  0.0874111  -0.622956   0.1736 0.089155   0.1812
1.77659e+09  -0.106072  0.338814 -0.569692 -0.563704 -0.386919  0.629198
1.77659e+09   0.239074  0.207786 -0.586737  -1.34764 -0.612017    0.5208
1.77659e+09   0.403125 -0.143751 -0.515364 -0.970443 -0.289507  0.399218
1.77659e+09   0.232682 -0.034029 -0.694328  -0.128646 -0.0927297   0.469286
1.77659e+09   0.117634  0.298333 -0.690067 -0.406234 -0.420855  0.552782
1.77659e+09   0.378623  0.188611 -0.686871  -1.16844 -0.599566  0.701219
1.77659e+09    0.575697 -0.0436164  -0.606977 -0.893538 -0.370806   0.64995
1.77659e+09   0.483019 0.0629101 -0.731613 -0.409896 -0.144243  0.718309
1.77659e+09   0.393537  0.239744 -0.758244 -0.772689 -0.179888  0.588182
1.77659e+09   0.503259 0.0650406 -0.774223  -1.02489 -0.286822   0.71953
1.77659e+09    0.52776 0.0234953 -0.807246 -0.942611 -0.146929  0.908251
1.77659e+09     0.440409 -0.00420161   -0.876488  -0.79515 -0.160357  0.589403
1.77659e+09    0.488346 -0.0382901  -0.875423  -0.60472 -0.216021  0.701464
1.77659e+09   0.572502 0.0863459 -0.871162 -0.710433 -0.105913   0.94829
1.77659e+09   0.421234 0.0288216 -0.990472 -0.950179 -0.106646  0.557421
1.77659e+09    0.38608 -0.166122  -1.02669 -0.934798 -0.384722  0.881395
1.77659e+09   0.638548 -0.116054 -0.937209 -0.660872 -0.480669  0.930468
1.77659e+09    0.857992 -0.0457469  -0.866901 -0.536361 -0.124956  0.807421
1.77659e+09   0.590611 -0.013789  -1.03095 -0.702376  0.120405  0.626757
1.77659e+09   0.351992 -0.146947  -1.16837 -0.813216 -0.296343  0.773485
1.77659e+09   0.630026 -0.160795  -1.04587 -0.684554  -0.62105   1.00884
1.77659e+09     1.09129 -0.0468122  -0.845596 -0.328109  -0.25728  0.763964
1.77659e+09   0.815382 0.0405395  -1.02136 -0.459945  0.208784   0.59038
1.77659e+09    0.414842 -0.0318985   -1.22909 -0.775618 -0.123247  0.703661
1.77659e+09    0.706725 -0.0840964   -1.10659 -0.815413 -0.548784   1.04766
1.77659e+09     1.10407 -0.0265722  -0.958514 -0.612288  -0.23482  0.996141
1.77659e+09    0.830296 -0.0276374   -1.10232 -0.621322  0.193891  0.677538
1.77659e+09    0.469171 -0.0990101   -1.30899 -0.692122 -0.174517  0.706591
1.77659e+09   0.758923 -0.129903  -1.18542 -0.669417 -0.545611  0.970507
1.77659e+09     1.17011 -0.0457469   -1.01923 -0.387679 -0.213335  0.785936
1.77659e+09   0.918712 0.0266911  -1.15026 -0.453597  0.209028  0.608446
1.77659e+09   0.590611 -0.050008  -1.32283 -0.671126 -0.113238  0.569872
1.77659e+09   0.836687 -0.112859  -1.23442 -0.649154 -0.477251  0.983202
1.77659e+09      1.17757 -0.00207108    -1.09593  -0.44847 -0.142534  0.900438
1.77659e+09   0.933626 0.0181689  -1.21205 -0.568099  0.246137  0.529344
1.77659e+09   0.595937 -0.109663  -1.40806  -0.710433 -0.0482961   0.620653
1.77659e+09    0.80686 -0.146947  -1.29194 -0.516341 -0.431353  0.919725
1.77659e+09    1.17118 0.0320174   -1.1737 -0.436507 -0.227739  0.926073
1.77659e+09  0.994346  0.02243 -1.25998 -0.746077  0.152632  0.573046
1.77659e+09   0.718443 -0.167187  -1.42936   -0.7993 -0.032427  0.728563
1.77659e+09   0.871841 -0.156534  -1.35586 -0.520736 -0.261919  0.932177
1.77659e+09     1.09022 -0.0350943   -1.29088  -0.329085 -0.0397512   0.775438
1.77659e+09      0.84947 5.94454e-05    -1.42297 -0.619613  0.229536  0.693895
1.77659e+09   0.585285 -0.120315  -1.56465 -0.838363 -0.143023  0.733446
1.77659e+09   0.842013 -0.204471  -1.43682 -0.612288 -0.480425  0.927538
1.77659e+09     1.16479 -0.0478775   -1.31112 -0.341292 -0.258745  0.915331
1.77659e+09    1.04015 0.0256258  -1.37929 -0.617415 0.0935496  0.621141
1.77659e+09   0.813251 -0.134164  -1.51352  -0.775374 -0.0412161   0.625292
1.77659e+09   0.931496 -0.155469  -1.44108 -0.602767 -0.277056   1.00054
1.77659e+09     1.17438 -0.0361595   -1.35266 -0.531966 -0.102251    0.8687
1.77659e+09    0.995412 -0.0883575   -1.43256 -0.656966  0.183393  0.543016
1.77659e+09   0.744009 -0.155469  -1.58063  -0.687972 -0.0924856   0.773729
1.77659e+09   0.929365 -0.152273  -1.50606 -0.710433 -0.372271  0.944139
1.77659e+09    1.21592 -0.133099  -1.38995 -0.561995  -0.14522  0.728319
1.77659e+09   0.992216 -0.127772  -1.50499 -0.536117  0.148969  0.613817
1.77659e+09  0.761053  -0.1576 -1.65626 -0.647201 -0.124224  0.673143
1.77659e+09    0.95067 -0.211928  -1.55826 -0.693099 -0.348833   0.91704
1.77659e+09     1.2596 -0.136294  -1.37716  -0.622786 -0.0656301   0.849901
1.77659e+09     1.0327 -0.172513  -1.51352 -0.592025  0.305708    0.3687
1.77659e+09  0.712051  -0.2588 -1.60087 -0.592025  0.305708    0.3687
1.77659e+09   0.925104 -0.158665  -1.49647 -0.491195 -0.288775  0.967577
1.77659e+09     1.14774 -0.0958144   -1.33242 -0.719954 -0.139116  0.675829
1.77659e+09    1.06039 -0.225777  -1.36118 -0.658431 0.0608347  0.576219
1.77659e+09   0.942148 -0.228972  -1.38782 -0.54222 0.109175 0.907274
1.77659e+09    1.08489 -0.148012  -1.28662 -0.603499  0.353071    0.8416
1.77659e+09   0.881428 -0.253474  -1.33349 -0.613265  0.652387  0.138231
1.77659e+09   0.555457 -0.322716   -1.1492 -0.21141 0.568647  0.52788
1.77659e+09    0.700333 -0.0169848   -1.29194 0.0710612  0.673628   1.23247
1.77659e+09     0.807925 -0.00952793    -1.17796 -0.378402   1.85844  0.362108
1.77659e+09     0.807925 -0.00952793    -1.17796 -0.378402   1.85844  0.362108
1.77659e+09   -1.6571 0.417643 -1.74574 0.695329 0.826948 0.536425
1.77659e+09  -0.942305  0.725505    -1.097 -0.630355 -0.510698   1.77446
1.77659e+09   0.419103  0.541214 -0.283136  -1.48656 -0.556109  0.999559
1.77659e+09   0.116568  0.074628 -0.426947 -0.581771  0.475141   0.44536
1.77659e+09  -0.434173  0.312182 -0.532408 -0.150619  0.777387  0.858934
1.77659e+09  -0.614203  0.493277 -0.374749  -0.494124 -0.0973684   0.749559
1.77659e+09   -0.229643   0.286616 -0.0839317  -1.10692 -0.616167   1.17339
1.77659e+09  0.276358 0.166241 0.166405 -0.525618 -0.455523   1.16728
1.77659e+09  -0.123116  0.272767  0.055618 -0.528304 -0.219683  0.690477
1.77659e+09  -0.123116  0.272767  0.055618 -0.528304 -0.219683  0.690477
1.77659e+09  0.489411 0.169436 0.416743 -0.376693 -0.524859  0.886766
1.77659e+09  0.474497 0.353727 0.369871 -0.376693 -0.524859  0.886766
1.77659e+09   0.42443 0.318574 0.399698 -0.887679 -0.398638  0.969774
1.77659e+09   0.42443 0.318574 0.399698 -0.887679 -0.398638  0.969774
1.77659e+09   0.719508 0.0543879  0.409286 -0.161605 -0.550493   1.05205
1.77659e+09  0.853731 0.343075 0.364545 -0.161605 -0.550493   1.05205
1.77659e+09  0.562914 0.405925 0.289976  -0.450423 -0.0851614   0.711718
1.77659e+09  0.562914 0.405925 0.289976  -0.450423 -0.0851614   0.711718
1.77659e+09  0.733356 0.240809 0.215408 -0.223128 -0.374468  0.932177
1.77659e+09  0.733356 0.240809 0.215408 -0.223128 -0.374468  0.932177
1.77659e+09  0.457453  0.40486  0.10249 -0.398177  0.394819  0.585985
1.77659e+09  0.457453  0.40486  0.10249 -0.398177  0.394819  0.585985
1.77659e+09   0.324295  0.380359 -0.032799 -0.292708 -0.196489   1.26933
1.77659e+09   0.324295  0.380359 -0.032799 -0.292708 -0.196489   1.26933
1.77659e+09   0.521369 0.0490616  0.120599 -0.257796  -0.11104   0.49663
1.77659e+09   0.521369 0.0490616  0.120599 -0.257796  -0.11104   0.49663
1.77659e+09    0.263575   0.477298 -0.0679527 -0.475326 0.0298289  0.751024
1.77659e+09    0.263575   0.477298 -0.0679527 -0.475326 0.0298289  0.751024
1.77659e+09   0.638548 0.0266911 0.0822496 -0.164046  -0.20357   1.29106
1.77659e+09   0.638548 0.0266911 0.0822496 -0.164046  -0.20357   1.29106
1.77659e+09   0.132547  0.393142 -0.189393 -0.356185 0.0381296  0.605516
1.77659e+09   0.132547  0.393142 -0.189393 -0.356185 0.0381296  0.605516
1.77659e+09  0.915517 0.253592 0.147231 -0.379378 -0.226763   1.58843
1.77659e+09  0.915517 0.253592 0.147231 -0.379378 -0.226763   1.58843
1.77659e+09  -0.286102  0.257853 -0.353444  -0.2014 0.686079 0.184862
1.77659e+09  -0.328712  0.106586 -0.394989 0.0312663 -0.362017   1.17583
1.77659e+09  0.691811 0.553997 0.181319 -0.190902 -0.582964   1.75029
1.77659e+09  0.691811 0.553997 0.181319 -0.190902 -0.582964   1.75029
1.77659e+09  -0.0453518   0.131087  -0.169153 -0.0270833   0.558149   0.153612
1.77659e+09  -0.0453518   0.131087  -0.169153 -0.0270833   0.558149   0.153612
1.77659e+09  0.740813 0.800073 0.108881 -1.62035 0.294721  2.30156
1.77659e+09  0.740813 0.800073 0.108881 -1.62035 0.294721  2.30156
1.77659e+09  -0.929521 -0.632708 -0.627217 -0.672591  0.975385  0.343554
1.77659e+09  -0.929521 -0.632708 -0.627217 -0.672591  0.975385  0.343554
1.77659e+09  0.0419998  0.376098 0.0204642 -0.716048   -1.2358   1.20708
1.77659e+09  0.0419998  0.376098 0.0204642 -0.716048   -1.2358   1.20708
1.77659e+09   0.374362 -0.257735  0.100359 -0.977523 -0.218706    0.5833
1.77659e+09   0.374362 -0.257735  0.100359 -0.264144   1.00786  0.864794
1.77659e+09   -0.490632 -0.0819659  -0.174479  -0.73387 -0.596636   1.37993
1.77659e+09   -0.490632 -0.0819659  -0.174479  -0.73387 -0.596636   1.37993
1.77659e+09   0.615112 -0.244951  0.317673 -0.251204  0.533735  0.537645
1.77659e+09   0.615112 -0.244951  0.317673 -0.251204  0.533735  0.537645
1.77659e+09  -0.582245 0.0629101 -0.251178 -0.472152  -0.15645   1.22295
1.77659e+09  -0.582245 0.0629101 -0.251178 -0.472152  -0.15645   1.22295
1.77659e+09   0.460649 -0.107532   0.18558 -0.229232  0.100874  0.706346
1.77659e+09   0.460649 -0.107532   0.18558 -0.229232  0.100874  0.706346
1.77659e+09  -0.194489  0.120434 -0.032799 -0.0727376  -0.195513    0.93535
1.77659e+09  -0.194489  0.120434 -0.032799 -0.0727376  -0.195513    0.93535
1.77659e+09  0.666245 0.411252 0.425265 -0.884017 -0.206499  0.760302
1.77659e+09  0.666245 0.411252 0.425265 -0.884017 -0.206499  0.760302
1.77659e+09  0.458518 0.131087 0.309151 -0.567855  0.445112   0.52788
1.77659e+09  0.0643704   0.24294  0.119534 -0.247542  0.683882  0.638964
1.77659e+09  -0.205141  0.420839 0.0428348 -0.509017  0.089155  0.720018
1.77659e+09  -0.000610732      0.30366    0.0694664  -1.42137 -0.244585  0.983934
1.77659e+09    0.230552 -0.0979449    0.28465    -1.041 -0.300493  0.883837
1.77659e+09   0.337078 0.0075163  0.210081 -0.249007 -0.164995   1.17632
1.77659e+09  0.341339  0.22483 0.187711 -0.884017  0.356001  0.891893
1.77659e+09   0.137874 -0.182101  0.108881 -0.696029  0.526411 0.0308094
1.77659e+09   -0.424586 -0.0830312  -0.191523 -0.0527181    0.18144     1.0938
1.77659e+09  -0.0932887     0.3239 -0.0242769  -0.53099 -0.376909   1.30937
1.77659e+09   0.331752 0.0501269  0.133382   -0.919906 -0.00142114    0.533007
1.77659e+09  -0.0325687 -0.0947491 0.00981158 -0.289046  0.291792   0.81743
1.77659e+09  -0.460805   0.14387 -0.175544 -0.214095 -0.451128   1.24077
1.77659e+09  0.337078 0.240809  0.22393 -0.725326 -0.661333  0.703417
1.77659e+09  0.823904  0.12363 0.384785   -0.3889 0.0154246  0.842577
1.77659e+09  0.202855 0.302595 0.116338 -0.374495  0.556928  0.918261
1.77659e+09   -0.146552   0.256788 -0.0839317 -0.829574  0.173139  0.345018
1.77659e+09    0.217768 -0.0670522   0.137643  -0.311263 -0.0490286    1.00786
1.77659e+09  0.354122 0.459188 0.106751 -0.0641927    0.49272    1.35576
1.77659e+09   -0.11992  0.424035 -0.165957 -1.26024  0.92143 0.366991
1.77659e+09  -0.705816  -0.19808 -0.391793 -0.813704  0.351606  0.102343
1.77659e+09   -0.52259 0.0575837 -0.337465  0.270768 -0.362993   1.59966
1.77659e+09     0.251857    0.666915 -0.00723265 -0.211898  0.161177  0.828173
1.77659e+09  -0.0368297   0.247201  -0.245852 -0.733626     1.106 -0.468702
1.77659e+09   -1.36841  0.192872 -0.676219 -0.749495  0.676313   1.09844
1.77659e+09   -1.12233  0.138544 -0.768897 -0.697493 -0.622027   1.68389
1.77659e+09   0.116568 0.0650406 -0.204307 -0.0539388  0.0793894   0.329149
1.77659e+09  -0.505546  0.294072  -0.55904 0.561296  0.82353 0.102587
1.77659e+09   -1.45896  0.751071 -0.859444 -0.848372  0.751753  0.773485
1.77659e+09    -1.27573 -0.0649217  -0.668762  -1.11497 -0.449419  0.119432
1.77659e+09   -1.04883 0.0767585  -0.54093 -0.102767  -1.92061   2.49834
1.77659e+09  0.0888715   1.27944  0.496637 -3.48875 -2.42623  2.70098
1.77659e+09    1.43643 -0.247082   1.10703 -3.99583 -2.65059 0.527391
1.77659e+09   2.05109 -2.03353   1.4117 -1.59569 -2.03243  2.34892
1.77659e+09   2.85536 -0.60075  1.30517    2.39601 -0.0888235    2.43608
1.77659e+09   1.93178 0.601934 0.940853 -0.757796   2.22954  -1.45552
1.77659e+09   0.128286 -0.357869  0.269736 -2.56151  2.55156  -0.4438
1.77659e+09   -0.98385  -1.16747 -0.154239 -0.822493   1.25175  0.912645
1.77659e+09  -0.883715 -0.386632 -0.203241   1.09303 -0.336382   1.31133
1.77659e+09  -0.232838  0.362249  0.265475 -0.450911 -0.581988  0.407274
1.77659e+09   0.0462609 -0.0595954   0.271867  -1.56834  -0.69771 0.0850086
1.77659e+09    -0.267992   -0.624186 -0.00297159 -0.703353 -0.138384  0.124071
1.77659e+09   -0.331908  -0.181036 -0.0636917 0.355241 -0.44063 0.719042
1.77659e+09  -0.13803 0.250397 0.166405  -0.348372  -0.739458 -0.0504895
1.77659e+09   0.465975 0.0543879  0.334717 -1.26683 -0.53438 0.210741
1.77659e+09   0.288076 -0.215124  0.357088 -0.760482 -0.063677  0.295458
1.77659e+09   -0.227512 -0.0329638  0.0162032 -0.599593  -0.52022  0.410204
1.77659e+09   0.169832 -0.138425  0.346435 -1.11717 -1.32857 0.516893
1.77659e+09    1.25108 -0.223646  0.883328  -1.11986 -0.912066   1.02593
1.77659e+09     1.8114 -0.276909  0.701168 0.0998698   1.31425  0.308886
1.77659e+09   0.210312 -0.121381 -0.331073 0.324723   2.9478 -1.32954
1.77659e+09  -3.00572 0.735092 -1.76492  0.302995   1.40458 0.0569324
1.77659e+09  -2.16416 0.528431 -1.07569 -0.582015   -2.0771   1.46196
1.77659e+09     0.20179     0.7287 -0.0370601 -1.80882 -3.61324  2.58745
1.77659e+09   2.05641 0.516713 0.820478 -2.14036 -1.15572 0.849901
1.77659e+09    1.08809 -0.223646  0.199429  -1.31077   1.32988 0.0969715
1.77659e+09  -0.446957 -0.121381  -0.39925 -0.0429525    1.05961  -0.280958
1.77659e+09  -0.731382  0.293007 -0.344921 -0.301253 -0.292193    1.4666
1.77659e+09    0.36371  0.365445 0.0513569  -1.08324 -0.980669  0.937548
1.77659e+09   0.801533 0.0639753  0.255888    -1.02977 -0.00166528    0.672655
1.77659e+09    0.153853 -0.0883575 -0.0828664 -0.192611   0.49394 -0.124464
1.77659e+09   -0.52259  0.241874 -0.425882  -0.10057 -0.139361  0.444872
1.77659e+09   0.117634  0.442144 -0.144652 -0.767562 -0.829302   1.16997
1.77659e+09  0.692876 0.361184 0.112077  -1.20213 -0.285357   0.50493
1.77659e+09    0.299794  -0.054269 -0.0945843 -0.483626   0.35185 -0.087843
1.77659e+09  -0.256274   0.24294 -0.331073  0.184342 -0.149614  0.807177
1.77659e+09   0.128286  0.588085 -0.240526 -0.675033 -0.792193  0.905565
1.77659e+09   0.710986  0.343075 0.0364432  -1.38035 -0.583941  0.478807
1.77659e+09    0.513912 -0.0670522 -0.0743443 -0.510726 -0.206011  0.327196
1.77659e+09   0.288076  0.220569 -0.249048 -0.0261068  -0.339312    1.05449
1.77659e+09    1.21912  0.573172 0.0833148 -1.05321 0.706098  1.61772
1.77659e+09   0.494737  0.383555 -0.349183 -2.07469  1.62846 0.265429
1.77659e+09   -0.96574 -0.127772  -1.26318 -3.34398  2.17167  1.61211
1.77659e+09   -1.94046 -0.857478  -1.69781 -1.93455 0.684126  1.18852
1.77659e+09    -1.2214 -0.853217  -1.16624   0.53029 -0.972857  0.821825
1.77659e+09     0.1432  0.360119 -0.412033 0.104264 -1.18331  2.05058
1.77659e+09   0.177288  0.365445 -0.566496  -2.36204 -0.594927  0.220995
1.77659e+09  0.0100419  -1.04177 -0.654913   -2.03026 -0.0536672  -0.216261
1.77659e+09   0.119764 -0.822325 -0.616564  0.896257 -0.275347   1.33061
1.77659e+09   0.210312  0.360119 -0.489797 0.0461588 -0.203081   1.05351
1.77659e+09    0.52563 0.0671711 -0.445056  -2.12205 -0.810015  0.374804
1.77659e+09   0.880363 -0.866001 -0.281006  -1.96532 -0.137896  0.909716
1.77659e+09    0.68755 -0.743495  -0.39925 0.108415 0.348188 0.776415
1.77659e+09   0.330687 -0.146947 -0.647457 0.0717936  0.270796  0.339159
1.77659e+09   0.346665 -0.199145 -0.703916   -1.26292 -0.0338918   0.759569
1.77659e+09   0.492607 -0.603946 -0.697524  -1.42137 -0.011675  0.608446
1.77659e+09    0.42443 -0.786106 -0.789137 -0.168441   0.17143   0.43828
1.77659e+09   0.310447 -0.272648 -0.892467 0.162858 0.195356 0.762255
1.77659e+09   0.210312 -0.138425  -1.01817 -0.980208  0.112837  0.484667
1.77659e+09   0.190072 -0.599684  -1.02456  -1.28294 0.0234812  0.487841
1.77659e+09   0.288076 -0.678514  -1.02669 -0.302962 0.0364207  0.867723
1.77659e+09    0.26251 -0.269452  -1.05758 -0.266097  0.201704   0.68413
1.77659e+09   0.113373 -0.336564  -1.19607 -1.02611 0.164594 0.363817
1.77659e+09  0.0430651 -0.660405  -1.25466   -1.14671 0.00834449   0.710009
1.77659e+09   0.155983 -0.677449  -1.18328 -0.412093 -0.174273  0.722704
1.77659e+09   0.280619 -0.451613  -1.20246   -0.332015 0.000531986    0.806932
1.77659e+09   0.300859 -0.393023  -1.24187 -0.811751  0.389204  0.521288
1.77659e+09  -0.249883 -0.678514  -1.55187 -0.92137 0.220747 0.256639
1.77659e+09  -0.580115 -0.788236  -1.50819 -0.432845  -1.16231  0.660936
1.77659e+09   0.755727 -0.306737 -0.836008  0.62404 -2.15474  1.28789
1.77659e+09    2.05002  0.563584 -0.229873 0.415055 -1.08589  1.06108
1.77659e+09    1.54615  0.365445 -0.782745 -0.917464  0.731489 0.0647449
1.77659e+09    0.379689 -0.0244416    -1.2195 -1.25462 0.780805 0.320848
1.77659e+09   0.232682 -0.219385  -1.21524 -0.403304 -0.334673   0.99663
1.77659e+09    1.09342  0.327096 -0.837074  0.039567 -0.590532    1.3272
1.77659e+09      1.103  0.511386 -0.947861 -0.951156  0.152387  0.783739
1.77659e+09    0.438278 -0.0787701   -1.36758   -1.4348  0.490766 0.0854969
1.77659e+09  0.0931325 -0.357869  -1.51671 -0.227523 -0.248003  0.994188
1.77659e+09  0.568241 0.248266 -1.27809 -0.119857 -0.741411    1.4168
1.77659e+09   1.09235 0.287681 -1.11191  -1.02415 -0.406939   0.48662
1.77659e+09   0.715247 -0.193819  -1.31218  -1.03197 0.0830515  0.666552
1.77659e+09    0.32536 -0.174644  -1.48902 -0.537581 -0.452593  0.990282
1.77659e+09    0.886755 -0.0255069   -1.26318 -0.449935 -0.917437  0.824022
1.77659e+09    1.44282 0.0756932 -0.988341 -0.721663 -0.458697   1.04448
1.77659e+09     1.23297 -0.0265722   -1.18115 -0.71556 0.129682 0.399218
1.77659e+09   0.774902 -0.219385  -1.37184 -0.582992 0.0832957  0.580614
1.77659e+09    0.917647 -0.0457469   -1.31644 -0.398177 -0.439898    1.1021
1.77659e+09    1.26599 0.0661058  -1.17902 -0.748275 -0.365435   0.68413
1.77659e+09    1.2596 -0.15973 -1.17157  -0.672835 -0.0414602   0.558153
1.77659e+09     1.03589 -0.0968796    -1.3207  -0.404525 -0.0124075   0.707079
1.77659e+09    1.04335 0.0107121  -1.33775 -0.550765 -0.229693  0.723192
1.77659e+09     1.25214 -0.0478775   -1.26424 -0.727035 -0.157427  0.766649
1.77659e+09    1.22764 -0.120315  -1.26318 -0.408919  0.141401  0.426317
1.77659e+09     0.95067 -0.0244416    -1.4283 -0.277572  0.103071  0.651415
1.77659e+09  0.969845 0.074628 -1.43575 -0.692122 -0.146685  0.889696
1.77659e+09     1.12644 -0.0734438   -1.39101 -0.841781 -0.131304  0.775927
1.77659e+09    1.07957 -0.184231  -1.43469 -0.387191  0.121626  0.646532
1.77659e+09    0.842013 -0.0287027   -1.58063 -0.134994 0.0256785  0.606493
1.77659e+09   0.863319 0.0565185   -1.5753 -0.450911 -0.285357  0.711473
1.77659e+09    1.19675 0.0629101  -1.43043  -0.66307 -0.261187  0.931688
1.77659e+09      1.20633 -0.00207108    -1.38249 -0.493392  0.109663  0.603319
1.77659e+09   0.946409 0.0501269  -1.51245 -0.407699 0.0427683  0.874559
1.77659e+09  0.962388 0.140674 -1.54547 -0.888411 -0.209429   1.09551
1.77659e+09     1.20101 -0.0691827   -1.44641 -0.935042 -0.147173  0.811327
1.77659e+09    1.14774 -0.141621  -1.52204 -0.411849  0.212202  0.767137
1.77659e+09   0.832426 0.0181689  -1.68715 -0.327865  0.200239  0.836962
1.77659e+09   0.805794 0.0352132  -1.74787 -0.745833 -0.101031  0.824022
1.77659e+09   0.974106 -0.114989  -1.66478  -0.72972 -0.153032  0.867968
1.77659e+09    0.98902 -0.118185  -1.68289  -0.183822 0.00761206   0.651171
1.77659e+09   0.832426 0.0416048  -1.79581 -0.0207357   0.057905   0.568651
1.77659e+09  0.805794 0.147066 -1.81818 -0.353255   -0.1252  0.671923
1.77659e+09  0.915517 0.115108 -1.77664 -0.636214 -0.306841  0.728807
1.77659e+09     1.0785 0.0554532  -1.64774 -0.548568 -0.381792  0.755175
1.77659e+09   1.26599 0.150262 -1.55719 -0.511947 -0.387652   1.02861
1.77659e+09   1.49502 0.200329 -1.47943 -0.860824 0.0727976  0.920214
1.77659e+09     1.13922 -0.0276374   -1.65946 -0.756331  0.377241    0.3958
1.77659e+09    0.782359 -0.0681175   -1.84694  -0.475326 -0.0365774    1.02007
1.77659e+09   0.99115 0.144935 -1.72337 -0.772689 -0.725054    1.2957
1.77659e+09    1.54828 0.0533227  -1.51884  -1.51634 -0.669878   1.19341
1.77659e+09   1.59409 -0.29928 -1.52737  -1.18089 -0.132281  0.942919
1.77659e+09   1.20527 -0.30141 -1.74787 -0.673079 -0.122515  0.981737
1.77659e+09    1.18609 -0.230038  -1.84694 -0.997786 -0.646929   1.22734
1.77659e+09    1.74536 -0.397284   -1.5753  -1.02611 -0.500689  0.731493
1.77659e+09    1.77838 -0.553878  -1.60513 -0.291732    0.1873    0.5208
1.77659e+09    1.17544 -0.300345  -1.90766 -0.0859212   0.329634   0.457567
1.77659e+09    1.05187 -0.241756  -2.00567 -0.677962 -0.265825  0.630175
1.77659e+09    1.41939 -0.407937  -1.84694 -0.903548 -0.615435  0.673143
1.77659e+09    1.72086 -0.449482  -1.67544 -0.681136 -0.188433  0.628466
1.77659e+09    1.90834 -0.586901   -1.8267 0.522965 0.795454 0.232225
1.77659e+09   0.798338 0.0927375  -2.36999  0.80446  1.31401 0.224413
1.77659e+09  -0.133769   0.58702  -2.67679 -0.380843  0.570356  0.766649
1.77659e+09    0.253987 0.00964683   -2.33164 -0.910628 -0.819536  0.335009
1.77659e+09   1.13496 0.172632  -2.0568 -0.137923 -0.986284   1.43877
1.77659e+09   1.31819 0.628565 -1.94175 -0.315658 -0.144243  0.588671
1.77659e+09  0.853731 0.355858 -2.18037   -1.0139 0.0852488 0.0981922
1.77659e+09   0.769575 0.0607795  -2.10154 -0.548812  -0.36397  0.843065
1.77659e+09   1.17118 0.383555 -1.91938 -0.0417318  -0.512652    1.24663
1.77659e+09    1.4066   0.6275 -1.74787 -0.357406  -0.12105  0.635546
1.77659e+09   1.20633 0.466645 -1.79901 -0.941878  0.272016  0.499071
1.77659e+09  0.744009 0.254658 -1.92151 -0.646712 -0.202349  0.531542
1.77659e+09  0.943214 0.343075 -1.84055 -0.338363  -1.05049    1.1104
1.77659e+09   1.71766 0.577433 -1.47517 -0.564925  -1.07833   1.03618
1.77659e+09    2.1981 0.474102 -1.22057 -0.654281 -0.228228  0.518358
1.77659e+09    1.6889 0.299399 -1.40273 -0.212386  0.412153  0.265429
1.77659e+09   1.00819 0.530561 -1.80646 -0.356917 -0.191851  0.950731
1.77659e+09   1.39915 0.422969 -1.65946 -0.709945  -1.12496  0.693895
1.77659e+09   2.34297 0.418708  -1.2749 -0.501693 -0.740435    1.7188
1.77659e+09    3.33473   0.56678 -0.643196 -0.366927   1.58256  0.756639
1.77659e+09   1.03696 0.461319 -1.50393 -0.351058   1.91386  -2.18843
1.77659e+09  -0.344691  0.311117  -1.94175 -0.221175  0.768354  0.854784
1.77659e+09   1.08809 0.754267 -1.21418 0.0341959 -0.774126   2.02934
1.77659e+09    2.06174  0.935362 -0.583541 -0.934554  0.491011  0.431932
1.77659e+09    1.28623  0.157719 -0.957449  -0.56346   1.43193 -0.538038
1.77659e+09  -0.285036  0.522039  -1.54547 0.258561 0.981733  0.86162
1.77659e+09  -0.298885  0.830966  -1.51991 -0.356185 -0.979448   1.02666
1.77659e+09    1.19568  0.661589 -0.698589 -1.21019 -1.71724 0.989305
1.77659e+09    2.08411  0.534822 -0.234134 -0.242415 -0.510698   1.12261
1.77659e+09    1.52272  0.841618 -0.524951 0.110368 0.692182 0.281298
1.77659e+09   0.686485  0.966254 -0.811507  -1.1096 0.821577 0.843553
1.77659e+09   0.441474   0.46345 -0.839204  -1.24559 -0.154009  0.607469
1.77659e+09    1.26173  0.492212 -0.402446 -0.428939 -0.267046   1.67046
1.77659e+09    1.73897   1.05787 -0.105237 -1.40794  1.41093  2.82891
1.77659e+09   0.475563  0.661589 -0.585671 -3.45409  2.38432 0.694872
1.77659e+09  -0.693033 -0.862805 -0.920164 -2.29417  1.48002 0.344286
1.77659e+09   -0.52259 -0.488897 -0.655979  0.189225 -0.111529   3.17485
1.77659e+09    0.396733   0.670111 -0.0775401 -0.789535 -0.455523   1.28227
1.77659e+09   0.894211 -0.330173   0.24417  -1.89452  0.430952 -0.559279
1.77659e+09   0.0409346  -0.770127 -0.0999107 -0.304183  0.966352   1.36919
1.77659e+09  -0.257339  0.128956 -0.175544 -0.0763998   0.369184    1.33818
1.77659e+09   0.147461 -0.176774 0.0662706    -1.04588    0.190229 -0.00922969
1.77659e+09   0.216703 -0.547487  0.158949 -0.37889 0.536665 0.842577
1.77659e+09   -0.387302 -0.0979449  -0.155304 -0.182113  0.556928  0.667284
1.77659e+09   -0.391563  -0.237495 -0.0903233 -0.662581  0.102583  0.166796
1.77659e+09  -0.0847666  -0.412198   0.059879 -0.348128 0.0789011   1.02153
1.77659e+09  -0.0996803  -0.143751  0.0364432 0.0752116  0.497846  0.409227
1.77659e+09  -0.715403 -0.029768 -0.272483  -0.297103   0.252485 -0.0390148
1.77659e+09  -0.746296 -0.149078 -0.271418 -0.815902 -0.394976    1.0916
1.77659e+09  -0.106072 -0.146947 0.0300516 -0.635726 -0.678179    1.0435
1.77659e+09   0.091002 -0.128838 0.0684011  -0.491195 -0.0683157   0.828661
1.77659e+09  -0.298885 -0.122446 -0.162761 -0.473128   0.39311  0.340136
1.77659e+09  -0.602485 -0.155469 -0.294854 -0.652816  0.257124  0.609423
1.77659e+09  -0.549222 -0.223646 -0.303376 -0.497054 -0.115923  0.788378
1.77659e+09  -0.418194 -0.109663  -0.23946  -0.76512 -0.015093  0.432665
1.77659e+09  -0.831517 -0.353608 -0.128673 -0.842757 -0.808306  0.596483
1.77659e+09  -0.175314 -0.315259 0.0620095 0.145524 -1.81905  1.13555
1.77659e+09  0.999673 0.362249 0.643644  0.1111 -1.3857 1.66289
1.77659e+09   1.49928 0.436818 0.744844 -0.743636  0.380659  0.724413
1.77659e+09    0.320034 -0.0436164   0.141904  -1.03343   1.39946 -0.117872
1.77659e+09    -0.850692 -0.00313635   -0.352378 -0.58055 0.473921  1.20171
1.77659e+09  -0.381975 0.0597143 -0.148913 -0.947005 -0.857134   1.28716
1.77659e+09     0.633222 -0.00526688    0.300629 -0.934066 -0.661577   1.12627
1.77659e+09   0.569306 -0.101141  0.230321 -0.50096  0.61186 0.825487
1.77659e+09   -0.458674 0.00112471  -0.169153 -0.415511  0.630171  0.360643
1.77659e+09  -0.689837 -0.148012 -0.328943 -0.549544 -0.362505  0.885302
1.77659e+09   0.133613 0.0213647  0.103555 -0.549544 -0.837359    1.3001
1.77659e+09   0.577828 0.0959333  0.249496 -0.644271 -0.034136  0.743456
1.77659e+09  0.0633051 -0.100075 0.0470958 -0.552718   0.59062  0.280809
1.77659e+09    -0.48211 -0.0713133  -0.185132 -0.447982   0.15727  0.877733
1.77659e+09   -0.217925 0.00325524 -0.0178853 -0.595199  -0.57149    1.0208
1.77659e+09    0.316838 -0.0318985   0.169601 -0.704329 -0.374712  0.965624
1.77659e+09    0.241204 -0.0798354   0.175993 -0.488021   0.23686   0.67827
1.77659e+09   -0.194489  -0.065987 -0.0317337 -0.407699  0.260542  0.610399
1.77659e+09    -0.233904  -0.0404206 -0.00297159 -0.549056 -0.258013   0.93828
1.77659e+09  0.0270861 -0.029768 0.0843801 -0.747054 -0.532427   1.00933
1.77659e+09    0.374362 -0.0936838   0.296368 -0.712874 -0.317583  0.775438
1.77659e+09   0.288076 -0.135229  0.212212 -0.424788 0.0896433  0.680956
1.77659e+09  -0.00806758  -0.0851617    0.162144 -0.432357 -0.174273  0.707567
1.77659e+09  0.219899 -0.11925 0.221799 -0.694564  -0.60982  0.968065
1.77659e+09    0.801533 -0.0979449   0.534987 -0.936263 -0.408404   1.41973
1.77659e+09     0.7259 -0.205537  0.397568 -0.783675  0.415815  0.473925
1.77659e+09  -0.0197855  -0.398349   0.171732 -0.570052  0.149946  0.596727
1.77659e+09  0.348796 -0.29928 0.235648 -0.441634  -0.19771   1.44927
1.77659e+09   0.664114 -0.175709  0.380524 -0.367415  0.209272  0.656786
1.77659e+09   0.0206946  -0.265191 -0.0402558 -0.478499  0.526899   0.46953
1.77659e+09  -0.592898 -0.314194 -0.245852 -0.723128 -0.380816   1.22295
1.77659e+09   0.268901 -0.337629  0.055618 -0.546859 -0.839068  0.962206
1.77659e+09   0.859058 -0.273714   0.46681  0.103044 0.0452097  0.827196
1.77659e+09    0.204985  0.0938027 0.00661579 0.0786295  0.603071  0.585253
1.77659e+09  -0.611007 0.0341479 -0.319355 -1.09569 0.114302 0.680712
1.77659e+09  -0.001676 -0.396219  0.096098 -0.716048 -0.782427  0.763719
1.77659e+09    0.633222 -0.0968796   0.272932  0.212419 -0.300738   1.46514
1.77659e+09  0.438278 0.300464 0.168536 -0.138411   0.58061  0.476854
1.77659e+09   -0.455479 -0.0116585   -0.27994 -0.966292  0.450239  0.258104
1.77659e+09  -0.488502 -0.317389 -0.197915 -0.923079 -0.434038   1.43657
1.77659e+09    0.32536 -0.105402  0.131252 0.0747233 -0.677691  0.981249
1.77659e+09   0.392472  0.160914 0.0822496 0.0334635  0.145063  0.797167
1.77659e+09  -0.00700232    0.188611   -0.125477 -0.745833  0.504682  0.546678
1.77659e+09  -0.481045 -0.223646 -0.299115 -0.919173 0.0632761  0.753221
1.77659e+09   -0.107137  -0.185297 -0.0839317 -0.0226888  -0.455767    1.31279
1.77659e+09   0.210312    0.2227 0.0257905 -0.173812 -0.247271   1.05547
1.77659e+09    0.091002  0.0916722 -0.0796706 -0.959945  0.191938  0.656786
1.77659e+09  -0.0922235  -0.342956  -0.133999 -0.604232  0.387007   0.62163
1.77659e+09  -0.487437 -0.168252 -0.398185  0.247087 0.0371531   1.07671
1.77659e+09  -0.285036  0.168371  -0.27994  -0.20848 -0.236284  0.881639
1.77659e+09     0.034543 -0.00207108   -0.144652 -0.613509 0.0308054  0.620165
1.77659e+09  -0.295689 -0.121381 -0.316159 -0.342025   0.47685  0.693895
1.77659e+09   -0.693033 -0.0223111  -0.458905 -0.0866537   0.212446   0.711962
1.77659e+09  -0.617399 0.0607795 -0.433338 -0.394271 -0.292437   1.04863
1.77659e+09  -0.249883 0.0234953 -0.243721 -0.520492 -0.218706  0.873583
1.77659e+09   -0.288232 -0.0308332  -0.272483 -0.0991048   0.248579   0.625048
1.77659e+09   -0.78358  0.128956 -0.477014 0.0300456   0.19438  0.602587
1.77659e+09   -1.02326  0.177959 -0.543061  -0.28514 -0.733843  0.680956
1.77659e+09  -0.232838  0.363315 -0.100976  -1.74071 -0.866411    1.8228
1.77659e+09  0.178354 0.261049 0.444439 -2.87938 -1.78096  2.59624
1.77659e+09   0.756792 -0.801019  0.660688 -2.80443 -1.84053  1.81963
1.77659e+09   1.79329 -1.11634  1.07081 0.0781413 -0.699907   1.27715
1.77659e+09    1.39169 -0.361065  0.503029 1.03298 1.12236 1.13555
1.77659e+09  0.471301  0.14387 0.337913   -1.00487    2.26103 -0.0526867
1.77659e+09   -0.853888  -0.729647 -0.0114937 -1.10326  1.59208 -1.32417
1.77659e+09   -1.85311 -0.581575 -0.647457  0.278825 -0.813677    2.3228
1.77659e+09  -0.283971 0.0607795  0.107816 -0.887191  -2.19258   2.17119
1.77659e+09    1.50035 -0.432438   1.03673  -1.07762 -0.592241  0.287645
1.77659e+09    0.28275 -0.708341  0.207951 -0.262923   1.32329  0.444872
1.77659e+09   -1.57081 -0.224711 -0.507907 -0.897445  0.166059  0.829637
1.77659e+09  -0.776123 -0.880914 -0.153174 -1.66038 -2.09273 0.663378
1.77659e+09    1.74855 -0.999159    1.1081 -0.221908 -0.925982   1.53765
1.77659e+09     1.35867  -0.660405 -0.0711485  1.66261  1.93632 0.127489
1.77659e+09   -1.15323 0.0980638 -0.911642  1.05592  3.16923 -1.69111
1.77659e+09  -3.36365  0.54654 -1.79262 0.261003  1.21562 0.934862
1.77659e+09  -2.51357 0.376098 -1.13002 -1.00975 -2.44966  1.59551
1.77659e+09   0.195398  0.253592 -0.128673 -1.80858   -3.144  2.42217
1.77659e+09      1.31606 -0.00952793    0.305955 -0.818099 -0.396197    0.9041
1.77659e+09   0.540544 -0.496354 -0.186197  0.185807   1.86015 -0.652052
1.77659e+09   0.540544 -0.496354 -0.186197  0.185807   1.86015 -0.652052
1.77659e+09  -1.61875 0.273832 -0.56117 -0.463363  -1.42452  0.725878
1.77659e+09  0.336013 0.193938 0.190907 -0.463363  -1.42452  0.725878
1.77659e+09   1.74855 0.428296 0.841783  -0.688949 -0.0551321      1.731
1.77659e+09  0.628961 0.110847 0.169601 -0.729964   1.86796 -0.961866
1.77659e+09    -1.59212 0.00538577  -0.603781 -0.164535    1.0352 -0.161329
1.77659e+09    -1.59212 0.00538577  -0.603781 -0.164535    1.0352 -0.161329
1.77659e+09  0.625765 0.606195 0.401829 -1.01463 -1.38033   1.1375
1.77659e+09  0.625765 0.606195 0.401829 -1.01463 -1.38033   1.1375
1.77659e+09   -0.232838 0.00218997 -0.0828664 -0.478743  0.941938  0.276903
1.77659e+09  -0.867736  0.131087 -0.290593  0.044694 -0.216265  0.731249
1.77659e+09  -0.00913285    0.348401   0.0353779 -0.502913 -0.775103   1.18486
1.77659e+09  -0.00913285    0.348401   0.0353779 -0.502913 -0.775103   1.18486
1.77659e+09   0.0739578 -0.0436164  0.0918369 -0.855697  0.406538  0.430712
1.77659e+09   0.0739578 -0.0436164  0.0918369 -0.855697  0.406538  0.430712
1.77659e+09  -0.294624  0.235483 -0.179805 0.000992822   -0.264116     1.33086
1.77659e+09  -0.294624  0.235483 -0.179805 0.000992822   -0.264116     1.33086
1.77659e+09   -0.205141 -0.0777049  -0.140391 -0.771712  0.246626  0.171679
1.77659e+09  -0.474653 -0.145882  -0.27994  0.204118 -0.196245  0.916552
1.77659e+09  -0.100746  0.411252 -0.123346 0.0791178 -0.424029   1.36528
1.77659e+09  -0.100746  0.411252 -0.123346 0.0791178 -0.424029   1.36528
1.77659e+09    -0.18064 -0.0457469  -0.132934 -0.517318  0.197798  0.512987
1.77659e+09    -0.18064 -0.0457469  -0.132934 -0.517318  0.197798  0.512987
1.77659e+09   -0.167857   0.567845 -0.0679527  -0.242415 -0.0773489   0.964647
1.77659e+09   -0.167857   0.567845 -0.0679527  -0.242415 -0.0773489   0.964647
1.77659e+09    -0.13803 -0.0148543 -0.0796706 -0.574447 -0.468462  0.974413
1.77659e+09    -0.13803 -0.0148543 -0.0796706 -0.574447 -0.468462  0.974413
1.77659e+09  0.0814146  0.656262 0.0534874 -0.378646  0.216596  0.564501
1.77659e+09  0.0814146  0.656262 0.0534874 -0.378646  0.216596  0.564501
1.77659e+09  -0.116725  0.212047 0.0300516 -0.392318 -0.418169    1.5313
1.77659e+09  0.150657 0.552932 0.128056 -0.477767 -0.500933   1.12309
1.77659e+09  0.197528 0.300464 0.118469 -0.951644 -0.210161  0.494188
1.77659e+09  0.197528 0.300464 0.118469 -0.951644 -0.210161  0.494188
1.77659e+09  0.00365033   0.455993  0.0705317 -0.198958 -0.158648   1.17388
1.77659e+09  0.00365033   0.455993  0.0705317 -0.198958 -0.158648   1.17388
1.77659e+09    0.26251 0.0117774  0.173862 -0.770736 -0.506304  0.874559
1.77659e+09    0.26251 0.0117774  0.173862 -0.770736 -0.506304  0.874559
1.77659e+09  0.0846104  0.531626 0.0811843 -0.258773  0.141889  0.859178
1.77659e+09  0.0846104  0.531626 0.0811843 -0.258773  0.141889  0.859178
1.77659e+09    0.179419 -0.0990101   0.166405 -0.604964 -0.689654  0.842089
1.77659e+09    0.179419 -0.0990101   0.166405 -0.604964 -0.689654  0.842089
1.77659e+09  0.257183 0.676502 0.130186 -0.346908  0.125776  0.915575
1.77659e+09  0.257183 0.676502 0.130186 -0.346908  0.125776  0.915575
1.77659e+09  0.0558483 -0.234299 0.0875759 -0.632796 -0.681109  0.884325
1.77659e+09  0.0558483 -0.234299 0.0875759 -0.632796 -0.681109  0.884325
1.77659e+09  0.540544 0.718048 0.258018 -0.0949544  0.0642527   0.756639
1.77659e+09  0.540544 0.718048 0.258018 -0.0949544  0.0642527   0.756639
1.77659e+09  -0.0165897  -0.170383 -0.0178853 -0.426986 -0.586382  0.622606
1.77659e+09  -0.0165897  -0.170383 -0.0178853 -0.426986 -0.586382  0.622606
1.77659e+09  0.824969 0.377163 0.324065   0.37111 -0.220171   1.28667
1.77659e+09  1.06465 1.21766 0.16534 -1.85716  1.28129  3.15727
1.77659e+09  -2.58707 -1.65749 -1.36864 -0.878646   2.40971 -0.514357
1.77659e+09  -2.58707 -1.65749 -1.36864 -0.878646   2.40971 -0.514357
1.77659e+09   -1.21927  0.820313 -0.571823 -1.99412 -3.15181  1.38286
1.77659e+09   -1.21927  0.820313 -0.571823 -1.99412 -3.15181  1.38286
1.77659e+09    0.145331   -1.62447 -0.0466474 -0.11888   1.0186 0.332323
1.77659e+09    0.145331   -1.62447 -0.0466474 -0.11888   1.0186 0.332323
1.77659e+09   0.28488 0.683959  0.56588 0.253923 -3.68868  2.30351
1.77659e+09   0.28488 0.683959  0.56588 0.253923 -3.68868  2.30351
1.77659e+09    2.45802 -0.656143  0.994116 -2.51439 -1.50386  2.25176
1.77659e+09    2.45802 -0.656143  0.994116  -2.03856   2.00102 -0.579298
1.77659e+09  -0.509807 -0.699819 -0.281006 0.0420084   2.04814 -0.186232
1.77659e+09  -0.598224  0.185415 -0.142521 0.452165 0.275434   2.0623
1.77659e+09    1.00287 -0.856413  0.152557  -1.97874 -0.612993  0.937792
1.77659e+09    1.00287 -0.856413  0.152557 -1.94505 0.800093 0.541063
1.77659e+09  -0.233904  -1.08971  -0.34066  0.43654   1.5269 0.211473
1.77659e+09   -1.58359 -0.070248  -1.01391 0.684831 0.728315 0.636278
1.77659e+09   -1.21927 -0.174644 -0.892467 -0.81224 -1.02584 0.474413
1.77659e+09  0.0462609 -0.480375 -0.347052  -1.15379 -0.881304  0.715624
1.77659e+09   0.582089 -0.352543    0.0439 0.247575 0.475386 0.772997
1.77659e+09  -0.694098  0.217373 -0.440795 0.0996256  0.453901 -0.387159
1.77659e+09    -1.23738 -0.0393553  -0.587802  -1.27757 -0.839312   1.24468
1.77659e+09   0.529891 -0.265191  0.204755 -1.01439 -1.30782  1.22588
1.77659e+09    1.20527 -0.153339  0.522204 0.127946 0.494673 0.795702
1.77659e+09     0.100589    0.104455 -0.00297159 -0.0622396    1.35576  -0.566847
1.77659e+09   -1.35882  0.180089 -0.527082 -1.19554 0.369917 0.758104
1.77659e+09  -0.267992 -0.347217 0.0343127 -0.999984   -1.1042  0.721239
1.77659e+09    0.888885 -0.0979449   0.474267   0.14943 -0.397661   1.14336
1.77659e+09    0.395668   0.320704 0.00555052 -0.195296  0.746137   0.38872
1.77659e+09   -0.780384 -0.0116585  -0.449317  -1.64403  0.642866 0.0835437
1.77659e+09  -0.422455 -0.592228 -0.256505 -0.661605 -0.225542  0.877245
1.77659e+09     0.110177 -0.00846267  -0.0317337 -0.0270833  -0.133257    1.24419
1.77659e+09  -0.0187202   0.179024  -0.184067  -0.881087     0.1248 -0.0795422
1.77659e+09  -0.491698 -0.443091  -0.32042  -1.50975 -0.295855  0.707567
1.77659e+09    0.193267  -0.528312 0.00235473 -0.378402  -0.82271   1.21123
1.77659e+09    0.927235 -0.0265722   0.433787 -0.12889 0.014448  1.04595
1.77659e+09    0.576763 -0.0563996   0.239909 -0.797347  0.916303 -0.016798
1.77659e+09   -0.335104  -0.329107 -0.0860622 -0.947493  0.788374  0.220262
1.77659e+09    -0.3383 -0.416459 -0.107368 -0.28807 -0.26021 0.995897
1.77659e+09  0.367971 0.102325 0.259083 -0.438704 -0.496538   1.27861
1.77659e+09   0.692876 0.0884764  0.372001 -1.35667 0.201704  0.57744
1.77659e+09   0.315773 -0.448417  0.281454  -1.2805 0.872846 0.446825
1.77659e+09    -0.308472   -0.399415 -0.00616739 -0.488021  0.345747   1.11113
1.77659e+09  -0.0837014  -0.114989   0.128056 -0.805892 -0.498003   1.12041
1.77659e+09   0.523499 -0.273714  0.353892  -1.45946 -0.484087  0.891893
1.77659e+09   0.900603 -0.549617  0.598903  -1.1616 0.472456 0.914598
1.77659e+09   0.109112 -0.563465  0.206886 -0.577132  0.748579 0.0745105
1.77659e+09  -0.213664 -0.486766  0.117403  -0.515609 0.00761206   0.875536
1.77659e+09   0.267836 -0.390893  0.317673  -1.10081 -0.660845   1.13213
1.77659e+09    1.04441 -0.576249  0.728865 -1.28441 -0.08272 0.759569
1.77659e+09   0.696072 -0.847891  0.503029 -0.557601  0.699751 0.0269031
1.77659e+09  -0.162531  -0.64123  0.252692 -0.444076  0.348188  0.623339
1.77659e+09   0.654527 -0.656143   0.48492 0.00636392    0.43437    1.04936
1.77659e+09    1.17331 -0.541095 0.0492264   1.97707   2.01762 -0.855909
1.77659e+09  -1.69225  1.40834 -1.06078   1.2278   2.2249 0.372118
1.77659e+09  -2.48907  1.12711 -1.01178 -2.18675 -0.14229 0.572802
1.77659e+09   -0.60142 -0.178905  -0.35877  -1.1848 -2.86275  1.13164
1.77659e+09   1.45667 0.757462 0.311281  1.01003 -1.25923  2.70537
1.77659e+09   1.32138  1.49782 0.144035 -0.756331   1.63676  0.305956
1.77659e+09  -0.813408  0.600869 -0.531343  -2.67869   1.84624 -0.494337
1.77659e+09   -1.26828  -0.30141 -0.605911   -1.25096 -0.0329153    1.74419
1.77659e+09   0.177288  0.382489 0.0449653 0.276139 -1.22261   1.5689
1.77659e+09   0.97091 0.828835 0.479593 -0.978255 -0.167437   1.30205
1.77659e+09  0.376493 0.361184 0.202624 -2.38792 0.652876 0.891405
1.77659e+09  0.0718273 -0.472918  0.255888 -1.78441 0.389936 0.648485
1.77659e+09   0.196463 -0.485701  0.291041 0.0727702 -0.411333   1.41411
1.77659e+09  0.710986 0.188611 0.465745   0.109147 -0.0839407   0.968065
1.77659e+09  0.791946 0.149196 0.504094 -0.842513  0.498335  0.462694
1.77659e+09   0.168766 -0.261996  0.170667 -1.27855 0.891401 0.439257
1.77659e+09  -0.129508 -0.464396 0.0428348 -0.303451  0.377241  0.793505
1.77659e+09   0.0292167 -0.0830312   0.117403    0.14528 -0.0824758   0.803026
1.77659e+09  0.283815 0.112977 0.190907 -0.618636 -0.100542  0.663134
1.77659e+09   0.290206 -0.205537  0.154688 -1.01219 0.289106 0.544969
1.77659e+09  0.0654357 -0.344021 0.0684011 -0.44847 0.473677 0.770311
1.77659e+09   -0.134834  -0.135229 -0.0253421 -0.03514 0.206098 0.658983
1.77659e+09  -0.00487179   0.0075163 -0.00723265   -0.555648 -0.00483911    0.720507
1.77659e+09   0.113373  -0.17997 0.0492264 -0.830062  0.183882  0.613329
1.77659e+09  -0.0165897  -0.250278 0.00341999 -0.394027  0.329145  0.718065
1.77659e+09   -0.227512 -0.0830312 -0.0935191 -0.338363  0.103315  0.769579
1.77659e+09  -0.0496129  -0.100075 -0.0221464 -0.775374  -0.14815  0.930468
1.77659e+09   0.175158 -0.227907 0.0790538 -0.53807 0.130171 0.653856
1.77659e+09  0.00578086  -0.126707 0.00981158 -0.213119  0.429487  0.599169
1.77659e+09     -0.25947 5.94454e-05   -0.116955 -0.419906  0.269331  0.644579
1.77659e+09   -0.185967 -0.0979449 -0.0999107 -0.669173 0.0105418  0.835009
1.77659e+09  -0.00593705   -0.102206 -0.00297159 -0.456527  0.143843   0.81035
1.77659e+09   -0.164661  -0.034029 -0.0818012 -0.351302  0.313764  0.650927
1.77659e+09   -0.375584 -0.0116585  -0.152109 -0.614974 0.0823191  0.805223
1.77659e+09    -0.19875  -0.111793 -0.0818012  -0.72557 -0.151568  0.912401
1.77659e+09   0.0377388 -0.0915533  0.0417695 -0.554671 0.0935496  0.909716
1.77659e+09   -0.201946 -0.0798354  -0.114824 -0.496077   0.33647  0.587694
1.77659e+09  -0.449087 -0.111793 -0.213894 -0.662581    0.0352  0.869677
1.77659e+09   -0.21899 -0.149078 -0.126542 -0.663802 -0.232866  0.980272
1.77659e+09   0.0238904  -0.118185 -0.0104284 -0.480697 0.0539988  0.832079
1.77659e+09   -0.22112 -0.086227 -0.153174 -0.531966  0.372114  0.650438
1.77659e+09  -0.501285 -0.151208 -0.272483 -0.707503  0.121382  0.807421
1.77659e+09  -0.359605 -0.208732 -0.164892 -0.873031 -0.258989   1.08135
1.77659e+09  -0.205141 -0.215124 0.0375085 -0.432845 -0.687456  0.766893
1.77659e+09  0.0792841 -0.144817  0.147231 -0.129134 -0.679644  0.944628
1.77659e+09  0.463845 0.169436 0.316608 -0.0720052  -0.452349    1.30498
1.77659e+09  0.530956 0.246136 0.353892 -0.701644   0.24394  0.745653
1.77659e+09   0.0686315 -0.0830312   0.109946 -0.746566  0.523481  0.246874
1.77659e+09   -0.308472  -0.116054 -0.0455822 -0.355941   0.10185   1.09404
1.77659e+09  -0.0325687    0.10126  0.0939675 -0.486556 -0.227984   1.11284
1.77659e+09    0.158114 0.00858156   0.160014 -0.75682 0.117231 0.586962
1.77659e+09   -0.217925   -0.17784 -0.0210811 -0.616927  0.388471  0.697313
1.77659e+09  -0.567331 -0.150143 -0.191523  -0.339095 -0.0832082   0.861132
1.77659e+09   -0.331908 -0.0787701  -0.032799 -0.353011 -0.600786  0.975389
1.77659e+09   0.142135 0.0117774   0.16534 -0.536117 -0.458941   1.01445
1.77659e+09   0.0984589 -0.0595954   0.157883  -0.50804 0.0810984  0.613329
1.77659e+09   -0.265862  -0.109663 -0.0200158 -0.365951  0.101362  0.742235
1.77659e+09    -0.292493 -0.00633214  0.00128947 -0.353255 -0.339312  0.908983
1.77659e+09  0.0473262 0.0554532  0.147231 -0.502913 -0.455279   0.97368
1.77659e+09   0.171962 0.0298869  0.212212 -0.519027 -0.107134  0.772997
1.77659e+09  -0.0485476 -0.0127237    0.10462 -0.363509  0.104536  0.674852
1.77659e+09   -0.19875 0.0416048 0.0183337  -0.476302 -0.0998098   0.994677
1.77659e+09  -0.053874 0.0352132 0.0982285 -0.601302 -0.275835  0.856005
1.77659e+09   0.0622399 -0.0212458   0.138709 -0.605452 -0.132036   0.91704
1.77659e+09  -0.0496129 -0.0212458   0.075858 -0.536361 0.0142039  0.821337
1.77659e+09   -0.152944 -0.0553343   0.019399 -0.464827 -0.127398  0.784227
1.77659e+09   -0.0485476 -0.00739741   0.0577485 -0.502181 -0.256792   1.01641
1.77659e+09   0.0654357 0.00538577   0.108881 -0.480208 -0.142534  0.766405
1.77659e+09  0.00258506 -0.0212458  0.0694664 -0.451156 0.0254343  0.805468
1.77659e+09  -0.111398 0.0139079 0.0140726  -0.434798 -0.0243704   0.832567
1.77659e+09  -0.0879624 0.00964683  0.0215295  -0.45848 -0.171343  0.818651
1.77659e+09  0.0281514 0.0341479 0.0620095 -0.493636 -0.167681  0.903368
1.77659e+09  0.0356083 0.0234953 0.0481611  -0.513167 -0.0451223   0.812792
1.77659e+09  -0.0165897  0.0107121  0.0289863 -0.507796 -0.013384  0.846971
1.77659e+09  -0.0251118  0.0139079  0.0162032  -0.467513 -0.0590383   0.813768
1.77659e+09  0.00365033  0.0309521  0.0385737   -0.52513 -0.0773489   0.914354
1.77659e+09  0.0270861 0.0245605 0.0353779  -0.509993 -0.0373098   0.789598
1.77659e+09   0.0015198 0.00964683  0.0353779 -0.485579 0.0041941   0.83452
1.77659e+09  -0.00274126   0.0522574   0.0183337  -0.480452 -0.0221731   0.818895
1.77659e+09  -0.00806758    0.038409  0.00768105  -0.558333 -0.0348684    0.83452
1.77659e+09   0.0121724  0.0266911 0.00555052  -0.540755 -0.0561086   0.867723
1.77659e+09  0.0334777 0.0256258 0.0140726    -0.50096 -0.00923364    0.799364
1.77659e+09  0.0174988 0.0362784 0.0130074  -0.471419 0.00175269   0.823534
1.77659e+09   0.00258506   0.0458658 -0.00403686  -0.526107 -0.0114309   0.829149
1.77659e+09    0.0153682   0.0320174 0.000224201  -0.568587 -0.0216848   0.834032
1.77659e+09   0.0366735  0.0234953 0.00768105  -0.542952 0.00150855   0.850145
1.77659e+09    0.014303  0.0394742 -0.0104284 -0.528304 0.0229929  0.809618
1.77659e+09  -0.0112634  0.0352132 -0.0285379  -0.579085 0.00736792   0.823046
1.77659e+09   0.0121724  0.0245605 -0.0136242   -0.578353 -0.00288598    0.863329
1.77659e+09   0.0132377  0.0192342 -0.0114937  -0.54637 0.0452097  0.865282
1.77659e+09   -0.021916  0.0181689 -0.0285379 -0.607894  0.071821  0.897997
1.77659e+09  -0.0464171 -0.0233764 -0.0402558 -0.599837 0.0481394  0.791552
1.77659e+09  -0.0346992 -0.0404206 -0.0349295  -0.46971 0.0337351  0.842333
1.77659e+09  -0.0474824  0.0234953 -0.0519738 -0.485335 0.0366648   0.90703
1.77659e+09  -0.0666571 0.00538577  -0.053039 -0.597884 0.0137156  0.778368
1.77659e+09  -0.0570697 -0.0606606 -0.0573001  -0.496077 -0.0180227   0.843553
1.77659e+09    -0.074114 -0.00100582  -0.0573001  -0.374007 -0.0788137   0.870165
1.77659e+09  -0.0133939  0.0533227  -0.012559 -0.461898 -0.188921  0.808886
1.77659e+09   0.136808  0.058649 0.0513569  -0.527816 -0.0944387   0.842577
1.77659e+09   0.133613 0.0969985 0.0715969 -0.620101  0.106733  0.859423
1.77659e+09    0.0100419   0.0554532 -0.00510212 -0.729232  0.129194  0.782762
1.77659e+09  -0.0315034 -0.0191153 -0.0242769    -0.644271 -0.000444576     0.838671
1.77659e+09   0.0558483 0.00112471  0.0108768  -0.534652 -0.0319387   0.936571
1.77659e+09  0.0558483 0.0288216 0.0204642 -0.605941 0.0527781  0.758104
1.77659e+09  -0.00700232  -0.0372248  -0.0114937 -0.646712 0.0662058  0.741747
1.77659e+09   -0.0155244  -0.0478775 -0.00936318 -0.574447 0.0447214  0.856005
1.77659e+09  0.00791139 -0.0191153 0.00981158 -0.524398 0.0303171  0.795214
1.77659e+09  -0.0208508 -0.0223111   -0.01682 -0.547591 0.0515574  0.750536
1.77659e+09  -0.0474824  -0.034029 -0.0306685 -0.520736 0.0229929  0.782274
1.77659e+09   -0.0123286  -0.0127237 -0.00936318  -0.488997 0.00907691   0.810106
1.77659e+09   -0.0112634   0.0160384 -0.00616739 -0.491683  0.047407  0.785936
1.77659e+09  -0.0570697  0.0245605 -0.0189506 -0.586165  0.043989   0.83452
1.77659e+09   -0.0592003 5.94454e-05  -0.0146895 -0.613997 -0.018511  0.821093
1.77659e+09   -0.0208508 -0.00526688  0.00768105  -0.603255 -0.0434133   0.876757
1.77659e+09   0.014303 0.0107121 0.0225948   -0.602035 -0.00190942    0.836229
1.77659e+09  -0.0155244 -0.0127237  0.0119421  -0.62596 0.0588816  0.808886
1.77659e+09   -0.058135 -0.0244416 -0.0114937 -0.579085  0.024946   0.80205
1.77659e+09  -0.0506782 -0.0318985 0.00874632   -0.586654 -0.00825708    0.912889
1.77659e+09  -0.0165897 -0.0276374  0.0257905  -0.53099 0.0168894  0.814257
1.77659e+09  -0.0474824  -0.029768    0.02366 -0.533431 0.0767039  0.766893
1.77659e+09    -0.103941  -0.0393553 -0.00297159 -0.522445 0.0388621  0.842577
1.77659e+09  -0.0922235 -0.0191153 0.00448526  -0.530745 -0.0331594   0.852587
1.77659e+09  -0.0432213 -0.0223111  0.0257905 -0.568099 -0.046343  0.813036
1.77659e+09  -0.0389603 -0.0318985   0.039639  -0.568343 -0.0089895   0.888475
1.77659e+09  -0.0623961 -0.0223111  0.0332474  -0.560531 -0.0138723   0.856005
1.77659e+09  -0.0592003 -0.0361595  0.0502916   -0.56224 -0.0651418    0.83037
1.77659e+09   0.0153682 -0.0361595  0.0886412  -0.527083 -0.0605032   0.858446
1.77659e+09   0.0366735 -0.0201806    0.10249 -0.482894 0.0583933   0.79912
1.77659e+09   -0.0474824 -0.00739741   0.0566832 -0.495345  0.105024  0.798143
1.77659e+09   -0.113529 -0.0201806 0.00768105 -0.550765 0.0251902  0.807421
1.77659e+09  -0.0815708 -0.0425511  0.0257905  -0.526107 -0.0436575   0.859423
1.77659e+09  -0.0432213 -0.0201806  0.0417695   -0.494368 -0.00532739    0.869921
1.77659e+09  -0.0954193 -0.0318985    0.02366 -0.512435 0.0222605  0.735399
1.77659e+09   -0.189163 -0.0777049 -0.0370601 -0.580062 -0.210406   1.06767
1.77659e+09   0.0164335 -0.0798354  0.0364432 -0.707503 -0.349322    1.0396
1.77659e+09  0.250792 -0.17997 0.190907 -0.514632 -0.118853   0.84868
1.77659e+09   0.149592 -0.155469  0.118469 -0.160872   0.22685  0.761034
1.77659e+09   -0.118855 -0.0191153 -0.0264074 -0.126204  0.174848  0.742968
1.77659e+09   -0.139095    0.02243 -0.0391906  -0.507796 -0.0988332   0.974413
1.77659e+09   0.0856757 -0.0521385  0.0630748 -0.505843 -0.110552  0.842577
1.77659e+09   0.0302819 -0.0574648  0.0353779 -0.151107  0.103315  0.761034
1.77659e+09  -0.142291  0.114043 -0.048778  -0.249984 0.00394996   0.976854
1.77659e+09  -0.0719834   0.109782 -0.0178853 -0.710921 -0.255816  0.909227
1.77659e+09    0.138939 -0.0585301  0.0779885 -0.680648 -0.206499  0.934374
1.77659e+09    0.138939 -0.0532038  0.0822496 -0.264876 0.0227488  0.909716
1.77659e+09  0.00684612  0.0597143  0.0140726 -0.352279 0.0332468  0.915331
1.77659e+09  0.00258506  0.0171037    0.02366 -0.691634 -0.117144  0.908251
1.77659e+09   0.132547 -0.100075 0.0950327 -0.572493 -0.112261  0.900438
1.77659e+09    0.138939 -0.0734438  0.0918369 -0.249007 0.0398386  0.890428
1.77659e+09  0.0270861 0.0256258 0.0247253 -0.269271 0.0898875  0.829149
1.77659e+09  -0.0165897  0.0288216 0.00981158  -0.564681 -0.0177786   0.893602
1.77659e+09  0.0366735 -0.065987 0.0332474  -0.513411 -0.0692922   0.841112
1.77659e+09   0.0451956 -0.0329638  0.0332474  -0.253402 -0.0285207   0.931444
1.77659e+09  -0.00274126   0.0767585   0.0215295  -0.370345 -0.0214407   0.866747
1.77659e+09  0.0164335 0.0298869 0.0428348  -0.574447 -0.0829641   0.858446
1.77659e+09   0.0558483 -0.0276374  0.0577485  -0.499251 -0.0519582    0.87993
1.77659e+09    0.0324125 -0.00420161   0.0385737  -0.375472 0.00321753   0.850389
1.77659e+09  -0.00806758   0.0234953   0.0151379  -0.422347 -0.0236379   0.829637
1.77659e+09  -0.0133939 0.00538577 0.00448526 -0.553206 -0.108599  0.911669
1.77659e+09   0.0451956 -0.0436164     0.0439 -0.544661 -0.129595  0.905077
1.77659e+09   0.0963283 -0.0468122  0.0673359  -0.343734 -0.0443899   0.835985
1.77659e+09  0.0398693 0.0309521 0.0428348 -0.378158 0.0435007  0.898729
1.77659e+09  -0.017655 0.0330826 0.0140726  -0.577132 -0.0294973   0.843065
1.77659e+09   0.0164335 -0.0745091  0.0247253 -0.581527 -0.053179  0.883348
1.77659e+09   0.0569135 -0.0265722  0.0417695  -0.348861 -0.0126516   0.898973
1.77659e+09  -0.0197855  0.0266911 -0.0114937 -0.428695 0.0410593   0.84746
1.77659e+09  -0.0602655 0.00112471 -0.0178853  -0.621077 -0.0458547    0.94536
1.77659e+09   0.0174988 -0.0585301  0.0119421 -0.518538 -0.065386  0.802782
1.77659e+09   0.0164335 -0.0361595  0.0300516 -0.367415 0.0210398  0.960253
1.77659e+09  -0.0442866  0.0490616 -0.0200158  -0.452376 0.00126441   0.855272
1.77659e+09   -0.053874 -0.0265722 -0.0114937  -0.622786 -0.0829641   0.835009
1.77659e+09   0.0388041 -0.0574648  0.0353779 -0.416976 -0.108599  0.810594
1.77659e+09  0.0409346 0.0192342 0.0492264  -0.282454 -0.0439016   0.772264
1.77659e+09  0.0292167 0.0714322 0.0481611 -0.433822 -0.067095  0.812548
1.77659e+09  0.0526525 0.0202995 0.0705317  -0.549056 -0.0856497   0.786669
1.77659e+09    0.112307 -0.0169848   0.114207  -0.328597 -0.0275442   0.711718
1.77659e+09  0.0803494 0.0906069 0.0897064 -0.254378 0.0520457  0.820116
1.77659e+09  -0.00913285    0.137479   0.0343127 -0.616439 0.0395945  0.804735
1.77659e+09   0.0153682 -0.0287027  0.0620095 -0.706038  0.016157  0.806688
1.77659e+09  0.00897665 -0.0563996  0.0513569 -0.344222 0.0598582  0.869677
1.77659e+09   -0.106072   0.058649 -0.0221464 -0.317855 0.0708445  0.807177
1.77659e+09  -0.146552 0.0565185 -0.053039  -0.633285 -0.0421926   0.922167
1.77659e+09   -0.110333 -0.0457469 -0.0668875  -0.701888 -0.0402395   0.903368
1.77659e+09   -0.135899 -0.0915533 -0.0860622 -0.470199 0.0608347  0.904344
1.77659e+09    -0.27971 0.00538577  -0.174479  -0.480697 -0.0036184    1.01494
1.77659e+09   -0.330843 -0.0169848   -0.21709 -0.699447 -0.300249  0.894335
1.77659e+09  -0.0645266  -0.090488 -0.0509085 -0.545394 -0.456988  0.967089
1.77659e+09   0.153853 0.0437353 0.0204642 -0.338851 -0.188189   1.03667
1.77659e+09   0.0121724    0.12363 -0.0338643 -0.572005  0.111128  0.785936
1.77659e+09    -0.242426 -0.00846267   -0.172349 -0.742904 -0.156695  0.788622
1.77659e+09   0.0132377 -0.0872922 -0.0136242 -0.552962 -0.358599    1.1104
1.77659e+09   0.321099 0.0938027  0.167471 -0.343001 -0.130572  0.977343
1.77659e+09  0.106981 0.078889 0.019399 -0.532699  0.199018  0.457323
1.77659e+09   -0.168923 -0.0627912 -0.0913885 -0.547103 0.0308054  0.786425
1.77659e+09  -0.00700232   0.0202995   0.0183337 -0.382796 -0.230181   1.05181
1.77659e+09   0.236943 0.0661058  0.171732  -0.369368 -0.0627004   0.616259
1.77659e+09  0.0888715 0.0373437 0.0918369 -0.389876  0.138227  0.652147
1.77659e+09  -0.0900929  0.0298869 0.00981158  -0.62596 0.0810984  0.887011
1.77659e+09  -0.0144592 -0.0478775  0.0705317 -0.443099 -0.146929  0.606249
1.77659e+09   0.0920673 -0.0468122  0.0992938 -0.120589 -0.132525  0.796678
1.77659e+09  0.129352 0.172632 0.108881 -0.261702 0.0383738  0.931932
1.77659e+09   0.034543  0.134283 0.0854454 -0.723128  0.109663  0.696093
1.77659e+09  -0.0698529 -0.0606606  0.0332474  -0.59471 -0.079302  0.813768
1.77659e+09  0.0665009 0.0330826  0.121664 -0.210433 -0.261187    1.0125
1.77659e+09  0.213507 0.196068 0.158949 -0.356673 -0.202349  0.991259
1.77659e+09  0.238009 0.152392 0.158949 -0.740462 0.0681589  0.842577
1.77659e+09    0.0654357 -0.00420161   0.0662706 -0.611312 0.0539988  0.851854
1.77659e+09  0.0100419 0.0128426 0.0140726 -0.359847 -0.182573   1.02666
1.77659e+09  0.215638 0.136413 0.107816 -0.393538 -0.311724   1.09184
1.77659e+09  0.378623 0.137479 0.146165 -0.624251 0.0234812  0.849169
1.77659e+09     0.140004 -0.00526688   0.0375085  -0.5493 0.270552 0.731737
1.77659e+09  -0.0517434  0.0277563 -0.0519738   -0.332747 -0.00703637     0.94121
1.77659e+09  0.136808 0.125761  0.02366 -0.489486 -0.231402  0.998339
1.77659e+09   0.308316 0.0533227 0.0811843  -0.562484 -0.0253469   0.840868
1.77659e+09   0.174093 0.0202995 0.0225948 -0.341292  0.220747  0.746141
1.77659e+09  -0.0368297  0.0852806 -0.0764748 -0.352279 0.0644968  0.786669
1.77659e+09   0.0782188  0.0756932 -0.0178853 -0.511458 -0.201372  0.924608
1.77659e+09   0.267836 0.0320174 0.0588137 -0.463363 -0.079302  0.880419
1.77659e+09    0.174093  0.0160384 0.00874632 -0.28929 0.165571 0.733446
1.77659e+09  0.0292167 0.0650406 -0.053039 -0.282699  0.119673  0.819139
1.77659e+09   0.0483914   0.099129 -0.0519738  -0.526351 -0.0609915   0.866503
1.77659e+09    0.124025 -0.0159195 -0.0296032 -0.522445 -0.093218  0.763231
1.77659e+09     0.154918 -0.00633214 -0.00616739   -0.274642 -0.00923364    0.976854
1.77659e+09    0.129352    0.12363 -0.0104284 -0.315658 0.0723093   0.80913
1.77659e+09    0.086741  0.0575837 -0.0146895 -0.545638 0.0625437  0.773485
1.77659e+09    0.0771536 -0.00420161  -0.0264074 -0.430648 0.0259226  0.893358
1.77659e+09    0.0888715   0.0543879 -0.00616739 -0.279525 0.0227488  0.886034
1.77659e+09   0.0622399   0.108716 -0.0285379   -0.37596 -0.0160696   0.833055
1.77659e+09    0.0952631   0.0607795 -0.00936318  -0.510726 -0.0165579   0.848192
1.77659e+09     0.114438   0.0352132 -0.00723265  -0.358138 0.00883277   0.857714
1.77659e+09   0.0473262   0.108716 -0.0338643  -0.345687 0.00956519    0.88994
1.77659e+09   0.0388041   0.106586 -0.0242769 -0.440658 -0.134478  0.779344
1.77659e+09   0.179419 0.0575837    0.0439 -0.441878 -0.126665  0.921678
1.77659e+09   0.261444  0.122565 0.0673359 -0.435286  0.136762   1.04643
1.77659e+09   0.0920673   0.181154 -0.0359948 -0.819076  0.406538  0.985887
1.77659e+09  -0.102876 0.0373437  -0.13613 -1.28831 0.411177  1.13286
1.77659e+09  -0.277579 -0.190623 -0.225612 -1.05272 0.196333  1.04936
1.77659e+09  -0.247752 -0.216189 -0.195784 -0.53807 -0.05147  1.10845
1.77659e+09  -0.0592003 -0.0809007 -0.0583653  -0.345199 -0.0353567   0.939012
1.77659e+09   0.0462609 -0.0265722  0.0140726 -0.721663  0.282514  0.890917
1.77659e+09  -0.222186  -0.19808 -0.135064 -0.84764 0.411177 0.613817
1.77659e+09  -0.438434 -0.328042 -0.206437 -0.544417 0.0957468  0.721971
1.77659e+09   -0.189163  -0.187427 -0.0839317 -0.459456 -0.107134   1.27446
1.77659e+09  -0.0560045  -0.116054 -0.0264074 -0.779769  0.111372  0.800829
1.77659e+09  -0.240295 -0.387697  -0.13613 -0.792464  0.334272  0.559618
1.77659e+09  -0.414999 -0.411133 -0.177675 -0.345687  0.162153  0.869677
1.77659e+09  -0.331908 -0.217255 -0.149978 -0.425277 -0.100054   1.00517
1.77659e+09   -0.152944  -0.276909 -0.0818012  -0.686019 -0.0409719   0.634081
1.77659e+09  -0.213664 -0.398349 -0.135064 -0.462874  0.168501   0.69243
1.77659e+09   -0.36067 -0.296084 -0.201111 -0.26512 0.115278  0.77202
1.77659e+09  -0.325516 -0.209798  -0.19898  -0.52806 -0.079302  0.819872
1.77659e+09  -0.216859 -0.304606 -0.143587 -0.646224 -0.122271  0.749559
1.77659e+09  -0.103941 -0.318455  -0.11802 -0.438216  0.102827  0.838671
1.77659e+09  -0.274384 -0.246017 -0.205372 -0.451156  0.214155  0.641649
1.77659e+09  -0.513003 -0.295019 -0.164892 -0.627425 -0.380327  0.741747
1.77659e+09    -0.134834   -0.308867 -0.00616739 -0.205306  -1.08956  0.955858
1.77659e+09   0.699268 0.0661058  0.414612  0.233415 -0.769976   1.15483
1.77659e+09   0.699268 0.0661058  0.414612  0.233415 -0.769976   1.15483
1.77659e+09  0.373297 0.237613 0.252692 -0.937484  0.841108  0.579149
1.77659e+09  0.373297 0.237613 0.252692 -0.937484  0.841108  0.579149
1.77659e+09   -0.105007 -0.0670522  0.0779885  -0.394271 -0.0839407   0.918261
1.77659e+09   -0.105007 -0.0670522  0.0779885  -0.394271 -0.0839407   0.918261
1.77659e+09  0.134678 0.272767 0.184515 -0.853255   0.51103  0.690233
1.77659e+09  0.134678 0.272767 0.184515 -0.853255   0.51103  0.690233
1.77659e+09  -0.515134 -0.191688 -0.122281 -0.377913 -0.126421   1.09892
1.77659e+09  -0.515134 -0.191688 -0.122281 -0.377913 -0.126421   1.09892
1.77659e+09  0.120829 0.112977 0.123795  -1.04246 -0.265825  0.682909
1.77659e+09  0.120829 0.112977 0.123795  -1.04246 -0.265825  0.682909
1.77659e+09  -0.0922235  -0.116054  0.0119421 -0.199447  0.390425  0.553514
1.77659e+09  -0.0922235  -0.116054  0.0119421 -0.199447  0.390425  0.553514
1.77659e+09   -0.175314   0.197133 -0.0413211 -0.709945 -0.278521    1.3145
1.77659e+09   -0.175314   0.197133 -0.0413211 -0.709945 -0.278521    1.3145
1.77659e+09  0.0558483 -0.236429 0.0513569  -0.575423 -0.0226614   0.626024
1.77659e+09  0.0558483 -0.236429 0.0513569  -0.575423 -0.0226614   0.626024
1.77659e+09  -0.0410908    0.12363  0.0566832  -0.674788 0.00370581   0.861376
1.77659e+09  -0.0410908    0.12363  0.0566832  -0.674788 0.00370581   0.861376
1.77659e+09  0.00365033  -0.194884  0.0907717  -0.518294 -0.0226614    1.23467
1.77659e+09  0.00365033  -0.194884  0.0907717  -0.518294 -0.0226614    1.23467
1.77659e+09   0.0814146 -0.0585301   0.170667  -0.553695 -0.0089895   0.729784
1.77659e+09   0.0814146 -0.0585301   0.170667  -0.553695 -0.0089895   0.729784
1.77659e+09    0.0728925 -0.00633214    0.117403 -0.348128  -0.10689  0.812548
1.77659e+09    0.0728925 -0.00633214    0.117403 -0.348128  -0.10689  0.812548
1.77659e+09  -0.0133939   0.100194  0.0449653 -0.672591  0.311567  0.915819
1.77659e+09  -0.0133939   0.100194  0.0449653 -0.672591  0.311567  0.915819
1.77659e+09   -0.475719 -0.0105932  -0.193654 -0.226302 -0.377398   1.28887
1.77659e+09   -0.475719 -0.0105932  -0.193654 -0.226302 -0.377398   1.28887
1.77659e+09   0.389276 -0.154404  0.148296 -0.330062 0.0632761  0.202684
1.77659e+09   0.389276 -0.154404  0.148296 -0.330062 0.0632761  0.202684
1.77659e+09    -0.4395  0.504995 -0.266092 -0.362044  0.258589  0.856493
1.77659e+09    -0.4395  0.504995 -0.266092 -0.362044  0.258589  0.856493
1.77659e+09   0.0302819 -0.0606606 -0.0189506 -0.626693 -0.123247   1.33818
1.77659e+09   0.0302819 -0.0606606 -0.0189506 -0.626693 -0.123247   1.33818
1.77659e+09  -0.362801  0.111912 -0.230938 -0.315658  0.116987  0.507128
1.77659e+09  -0.362801  0.111912 -0.230938 -0.315658  0.116987  0.507128
1.77659e+09  -0.0592003   0.151327  -0.127608 -0.535872 -0.199175  0.918016
1.77659e+09  -0.0592003   0.151327  -0.127608 -0.535872 -0.199175  0.918016
1.77659e+09  -0.224316  0.135348 -0.171283 -0.293441  0.170698   1.07793
1.77659e+09  -0.224316  0.135348 -0.171283 -0.293441  0.170698   1.07793
1.77659e+09   -0.172118 -0.0148543  -0.194719 -0.575423 0.0554636  0.730761
1.77659e+09   -0.172118 -0.0148543  -0.194719 -0.575423 0.0554636  0.730761
1.77659e+09  -0.346822  0.278093 -0.276745 -0.272689  0.135542  0.701219
1.77659e+09  -0.346822  0.278093 -0.276745 -0.272689  0.135542  0.701219
1.77659e+09  -0.233904 0.0810196 -0.148913  -0.448958 0.00492652   0.997118
1.77659e+09  -0.233904 0.0810196 -0.148913  -0.448958 0.00492652   0.997118
1.77659e+09  -0.302081  0.302595 -0.190458 -0.530013 0.0120066  0.835009
1.77659e+09  -0.302081  0.302595 -0.190458 -0.530013 0.0120066  0.835009
1.77659e+09  -0.185967  0.280224  -0.11802   -1.03929 -0.0209524    1.46758
1.77659e+09  -0.185967  0.280224  -0.11802   -1.03929 -0.0209524    1.46758
1.77659e+09  0.0611746 -0.419655  0.229256 -2.40819   -1.269  1.20683
1.77659e+09  0.0611746 -0.419655  0.229256 -2.40819   -1.269  1.20683
1.77659e+09     1.2074 -0.266257  0.592511 -0.744124 -0.779986   2.09258
1.77659e+09     1.2074 -0.266257  0.592511 0.461686 0.888227 0.890917
1.77659e+09  -0.357474  0.099129 -0.169153 -0.438949  0.754927 -0.488478
1.77659e+09  -0.737774   -0.2588 -0.253309  -1.83934 0.0066355   1.52129
1.77659e+09   0.207116 -0.666796  0.100359 -0.592513  -0.94356  0.929247
1.77659e+09   0.590611 -0.265191  0.106751  0.499528 -0.060259   1.20391
1.77659e+09    0.106981   0.170502 -0.0370601 -0.45262 0.618696 0.515428
1.77659e+09  -0.582245 -0.277975 -0.393924 -1.48949 0.168012 0.435839
1.77659e+09  -0.323386 -0.730712  -0.25757 -0.747054 -0.647661   1.30596
1.77659e+09     0.38608  -0.253474 -0.0221464  0.203385 -0.363482  0.951464
1.77659e+09    0.236943 -0.0169848 -0.0253421 -0.299788  0.316694  0.414598
1.77659e+09  -0.327647 -0.244951 -0.288462 -0.915267   0.18144  0.327196
1.77659e+09  -0.293558 -0.509137 -0.220286 -0.560531 -0.550738  0.924364
1.77659e+09   0.344535 -0.193819 0.0332474 0.0288249  -0.58687  0.827684
1.77659e+09     0.370101   0.0543879 0.000224201 -0.231673 -0.194048  0.415087
1.77659e+09   0.180484 -0.065987 -0.330008 -0.686019  0.286665  0.533251
1.77659e+09  0.0739578 -0.148012 -0.503646 -0.0751791     0.6602   0.669237
1.77659e+09  -0.711142  0.312182 -0.847726  0.18068 0.367475  0.45122
1.77659e+09  -0.780384  0.459188  -0.88075 -0.534896 -0.925738  0.993456
1.77659e+09  0.134678 0.401664 -0.56117 -1.46483 -1.29244  1.16728
1.77659e+09   0.804729  0.149196 -0.309768   -1.0349 -0.531939  0.790575
1.77659e+09   0.330687 0.0927375  -0.60165 -0.31932 0.339887 0.339159
1.77659e+09   -0.15827  0.307921 -0.849857  -0.497542 -0.0356008   0.865282
1.77659e+09  0.141069 0.262115 -0.70285  -1.19359 -0.607866  0.828173
1.77659e+09    0.688615 0.00218997  -0.504711 -0.982894 -0.435015  0.886034
1.77659e+09   0.572502 0.0043205 -0.631478 -0.163558  0.298384  0.528856
1.77659e+09  0.0846104  0.274898 -0.811507 -0.221663  0.349409  0.608446
1.77659e+09  0.0111072  0.330291 -0.872227  -1.09129 -0.236529  0.886766
1.77659e+09    0.342404 -0.0169848  -0.711372  -1.13548 -0.352251  0.619921
1.77659e+09    0.524565 -0.0223111  -0.635739 -0.229232 0.0239695  0.913622
1.77659e+09   0.238009  0.335618 -0.806181 -0.219222  0.344038  0.626024
1.77659e+09  -0.0592003    0.26318  -0.944665  -0.965072 -0.0111868   0.460253
1.77659e+09     0.132547 -0.00100582   -0.855183 -0.984847 -0.436724  0.946825
1.77659e+09   0.425495 0.0852806  -0.70285   -0.3264 -0.424761  0.868456
1.77659e+09   0.484085  0.278093 -0.748657  -0.275618 -0.0695364   0.601366
1.77659e+09   0.217768  0.239744 -0.891402  -0.744368 0.00175269   0.638475
1.77659e+09    0.22416  0.118304 -0.914838 -0.858626 -0.330034  0.893602
1.77659e+09   0.463845  0.116173 -0.797659 -0.629378 -0.397661   0.92119
1.77659e+09   0.598068  0.203525 -0.806181 -0.464339 -0.127642   0.80913
1.77659e+09   0.405255  0.241874 -0.934013 -0.755599 0.0149363  0.750536
1.77659e+09  0.315773   0.1215 -1.02243   -1.0161 -0.206255  0.866747
1.77659e+09   0.496868 0.0320174  -0.92336 -0.805892 -0.331988    1.0291
1.77659e+09     0.6247  0.109782 -0.909512 -0.523665 -0.111529  0.913378
1.77659e+09  0.465975 0.152392 -1.00858  -0.582992 0.00810035     0.6458
1.77659e+09   0.403125 0.0927375  -1.09806 -0.723617 -0.108111    0.7708
1.77659e+09   0.491541 0.0852806  -1.06824 -0.615218  -0.18648  0.912889
1.77659e+09  0.511781 0.126826 -1.09061  -0.55223 -0.129351  0.759813
1.77659e+09   0.479824 0.0959333  -1.12896 -0.587874 -0.179644  0.737841
1.77659e+09   0.524565 0.0969985  -1.12896 -0.674788 -0.278521  0.849169
1.77659e+09   0.674767 0.0639753  -1.08741 -0.631331 -0.183306  0.777147
1.77659e+09   0.651331 0.0703669  -1.11724 -0.556868 0.0749949  0.814989
1.77659e+09   0.440409 0.0831501  -1.22909 -0.580306 -0.042925  0.761766
1.77659e+09   0.452127 0.0394742  -1.25785 -0.779281 -0.383989  0.946093
1.77659e+09     0.76638 0.00964683   -1.12363  -0.68016 -0.371782  0.939501
1.77659e+09   0.833491 0.0256258  -1.11404 -0.402327 0.0381296  0.721239
1.77659e+09   0.516043 0.0863459   -1.2749 -0.406966 0.0610789  0.701708
1.77659e+09   0.449996 0.0575837   -1.3271 -0.683333  -0.38106    0.8416
1.77659e+09   0.850536 0.0309521  -1.15346 -0.710677 -0.465288  0.996874
1.77659e+09    1.01778 0.0448006  -1.08635 -0.521712 0.0198191  0.786669
1.77659e+09   0.658788 0.0448006  -1.26744 -0.517318  0.203901  0.646288
1.77659e+09     0.461714 -0.00952793     -1.4006  -0.63182 -0.213335  0.783007
1.77659e+09     0.820708 -0.00313635    -1.24294  -0.50389 -0.371782  0.960497
1.77659e+09   0.966649 0.0969985  -1.18755 -0.454574  0.078657  0.870165
1.77659e+09   0.612982 0.0810196   -1.3516 -0.630843  0.249067   0.52788
1.77659e+09    0.378623 -0.0627912   -1.50073 -0.636458 -0.193316  0.766405
1.77659e+09   0.740813 0.0202995  -1.34947 -0.421859 -0.415484   1.07256
1.77659e+09  0.906995 0.133218 -1.28662  -0.397689 -0.0634329   0.653368
1.77659e+09  0.663049 0.074628 -1.41125 -0.538558  0.155561  0.574999
1.77659e+09   0.445735 0.0373437  -1.54334  -0.56639 -0.200396   0.82329
1.77659e+09    0.7259 0.074628 -1.38249  -0.54637 -0.475786  0.985399
1.77659e+09   1.02843 0.136413  -1.2717 -0.539535 -0.231402  0.832323
1.77659e+09   0.878232 0.0916722  -1.34734 -0.584945  0.199262  0.618212
1.77659e+09   0.601264 0.0320174  -1.50073  -0.50096 0.0937937  0.687059
1.77659e+09   0.635352 0.0820848  -1.49541 -0.561751 -0.181109   1.01152
1.77659e+09  0.860123 0.119369 -1.38036 -0.698958 -0.209917  0.919969
1.77659e+09   0.765314 0.0043205  -1.46878   -0.74681 -0.0802786   0.724413
1.77659e+09     0.66518 -0.0468122   -1.52523 -0.574935 -0.245073  0.923876
1.77659e+09   0.850536 0.0490616  -1.45919 -0.554183 -0.309282   1.00615
1.77659e+09   0.942148 0.0479963  -1.43469  -0.628646 -0.0614797   0.759569
1.77659e+09    0.790881 -0.0223111    -1.5295 -0.577865  0.128706  0.672655
1.77659e+09    0.608721 -0.0191153   -1.64774  -0.452865 -0.0729543   0.692186
1.77659e+09    0.70566 0.0245605  -1.61472 -0.418441 -0.313189  0.778368
1.77659e+09  0.873971 0.102325 -1.55506 -0.551009  -0.25728  0.895067
1.77659e+09   0.862253 0.0639753  -1.54228  -0.738509 -0.0956594   0.717821
1.77659e+09     0.74614 -0.0681175   -1.61685 -0.617171 -0.185747  0.737841
1.77659e+09    0.805794 -0.0212458   -1.60193 -0.422591 -0.325396  0.908739
1.77659e+09  0.946409 0.100194 -1.55932 -0.611068 -0.330279  0.867723
1.77659e+09     1.00287 -0.0169848   -1.56039 -0.766585 -0.150591  0.625048
1.77659e+09    0.888885 -0.0958144   -1.63815 -0.513167 -0.110308  0.744432
1.77659e+09   0.904864 0.0192342  -1.64667 -0.507796 -0.155474  0.890428
1.77659e+09   0.962388 0.0117774   -1.6307  -0.642806 -0.0995657   0.647753
1.77659e+09    0.888885 -0.0691827   -1.66585 -0.524642 -0.015093  0.662401
1.77659e+09     0.795142 -0.00526688    -1.72231 -0.442855 -0.102495  0.807909
1.77659e+09   0.837752 0.0298869    -1.701 -0.602767  -0.26607  0.718065
1.77659e+09    0.959193 -0.0457469   -1.66905 -0.596663 -0.245318  0.704637
1.77659e+09    0.951736 -0.0148543   -1.67437  -0.45555 -0.119829  0.765428
1.77659e+09   0.851601 0.0330826  -1.73829 -0.527572 -0.160113  0.644823
1.77659e+09    0.895277 -0.0233764   -1.70526 -0.584456 -0.335405  0.738329
1.77659e+09      1.02098 -0.00526688     -1.6765 -0.436751 -0.333941  0.690966
1.77659e+09    1.12324 0.0597143  -1.61365 -0.378158 -0.100542  0.659716
1.77659e+09   1.04122 0.128956 -1.65946  -0.47972 0.0823191  0.637499
1.77659e+09   0.826034 0.0735627  -1.78516 -0.586654 0.0278757  0.483934
1.77659e+09   0.785554 0.0394742  -1.80859 -0.460189 -0.282183  0.815966
1.77659e+09  0.964519 0.172632 -1.76172 -0.449447 -0.323443  0.861864
1.77659e+09   1.05294 0.181154 -1.69248 -0.525374  -0.13521  0.561815
1.77659e+09  0.866515 0.134283 -1.80007 -0.471663   -0.1169  0.630175
1.77659e+09  0.861188 0.188611 -1.76811 -0.469222 -0.303179  0.667528
1.77659e+09   1.07318  0.22483 -1.71272 -0.353743 -0.354204  0.544481
1.77659e+09   1.16159 0.340944 -1.64667  -0.334945 -0.0231497    0.67119
1.77659e+09  0.964519 0.429361 -1.73616 -0.571761 0.0627878  0.541063
1.77659e+09  0.853731 0.295138  -1.7287   -1.03856 -0.0946829   0.616259
1.77659e+09   0.99115 0.131087 -1.63283 -0.586898  -0.29732  0.630907
1.77659e+09  0.969845 0.273832 -1.65946  0.151628 -0.245073  0.461229
1.77659e+09  0.873971 0.643479 -1.68609 -0.144515 -0.516314  0.736376
1.77659e+09   1.32884 0.628565 -1.43149 -0.985091 -0.509234  0.679979
1.77659e+09   1.40021 0.432557 -1.42403 -0.415267 -0.372515  0.384081
1.77659e+09   1.11472 0.517778 -1.61578 -0.0634603  -0.441607   0.609911
1.77659e+09    1.3608 0.753201 -1.51139 -0.410384  -1.00826   1.10625
1.77659e+09   2.15868 0.734027 -1.15026 -0.710921 -0.602007  0.460009
1.77659e+09   2.00102 0.612586 -1.10339 -0.459456 -0.132769  0.476366
1.77659e+09   1.65481 0.638153 -1.39421 -0.280745 -0.314409  0.491991
1.77659e+09   1.98504 0.727635 -1.20566 -0.0573568  -0.632769   0.692675
1.77659e+09   2.53685 0.964124 -1.07889 -0.107406 -0.171831  0.573534
1.77659e+09   2.33232 0.943884 -1.14494 -0.485579  0.486372   0.16411
1.77659e+09   1.41832 0.795812 -1.64987 -0.51512 0.143354 0.280809
1.77659e+09   1.57385  0.78942 -1.60619 -0.214339 -0.663531   1.10845
1.77659e+09   2.2716 1.14628 -1.3516 -0.513656 -0.634478   1.09502
1.77659e+09   2.54218 0.955602 -1.19074 -0.790999  0.132124  0.315721
1.77659e+09   1.89769  0.68609 -1.64135 -0.438949  0.612837  0.267137
1.77659e+09   1.28303 0.804334  -1.9098 -0.255843  0.049116  0.818407
1.77659e+09   1.51526  0.94708 -1.87251 -0.873519 -0.962603   1.20391
1.77659e+09    2.5997 0.760658 -1.30046   -1.0222 -0.656939  0.546678
1.77659e+09   2.52087 0.520974 -1.36225 0.142839   0.2852 0.418261
1.77659e+09   1.64522  1.03337 -1.84055 0.00123696   0.469282   0.678514
1.77659e+09   1.56107  1.04082 -2.04615   -1.5244 -0.207232       1.2
1.77659e+09   1.97332  0.46345 -1.70953  -1.34813 -0.466265  0.414843
1.77659e+09   2.34723 0.503929 -1.62857  0.237565 -0.108599   1.00664
1.77659e+09   2.64125   1.2869 -1.58169 -1.99193  1.86894  3.75762
1.77659e+09   1.58024 0.836292 -1.77344 -3.99583  2.56474  1.60991
1.77659e+09  -0.0123286   -1.60103   -2.76201 -3.99583  1.69438  1.04009
1.77659e+09  0.459584 -1.79598 -2.07917    0.29152 -0.0941946    3.33428
1.77659e+09   1.45774 0.192872  -1.8022   0.32277 -0.492388   1.72368
1.77659e+09    1.70914 -0.475049  -1.64135  -3.14378  0.548139 -0.334425
1.77659e+09   1.33204 -2.03247 -1.84588 -1.31566  1.30131 0.134813
1.77659e+09  0.215638 -1.10462 -2.54469 0.959733  1.14262  1.68047
1.77659e+09  -0.256274 -0.272648  -2.67146  -1.10081 -0.405962  0.895311
1.77659e+09  0.669441  -1.4764 -1.90766 -1.20897 -2.00044 0.135302
1.77659e+09    2.42819 -0.662535 -0.931882  1.78713 -1.56319  2.54155
1.77659e+09   2.96402 0.821378 -1.05865  1.33962 0.741499  1.01616
1.77659e+09   1.52485 0.287681 -1.89382 -1.72191  2.65336 -1.97627
1.77659e+09  -0.881584 -0.298215  -2.63098 -0.833724   1.62138  0.705126
1.77659e+09  -0.506611 0.0863459  -2.45521 -0.154769 -0.834917   1.89287
1.77659e+09   1.22125 0.316443 -1.61791 -0.375716  -1.35665  0.590136
1.77659e+09      1.56 0.136413 -1.86932 -0.080306  0.248579  0.998827
1.77659e+09  0.129352 0.435753 -2.59902 -0.516829  0.809614  0.259081
1.77659e+09  -0.41926 0.058649 -2.86427  -1.12596 -0.446001  0.741014
1.77659e+09   0.899538 0.0650406  -2.22511 -0.996322  -1.07051   1.99394
1.77659e+09   1.61859 0.200329 -1.76811 -0.462142  0.122602  0.701708
1.77659e+09   0.508586 0.0234953  -2.49676 -0.218001  0.548628 -0.313185
1.77659e+09  -0.00593705    0.134283    -2.69809 -0.80638 0.050825  1.36968
1.77659e+09   0.98902 0.074628 -2.05254  -0.71141 -0.593218  0.762499
1.77659e+09    1.21273 0.0213647   -1.9833 -0.34764 0.140913 0.765428
1.77659e+09  0.761053 0.163045 -2.08343 -0.350814  0.426557  0.252489
1.77659e+09  0.400994 0.038409 -2.32205 -0.822493 -0.327837   1.00249
1.77659e+09    1.06572 -0.029768  -2.06426 -0.807845 -0.419634  0.987841
1.77659e+09     1.39062 -0.0553343   -1.91086 0.0612956  0.269331   0.26372
1.77659e+09  0.542674 0.215243 -2.30288   0.129167   0.199507 -0.0731945
1.77659e+09  0.724834 0.304725 -2.05041  -1.26024 -0.187456   1.31792
1.77659e+09    1.96906 -0.029768  -1.42936 -1.01439  0.47563 0.291063
1.77659e+09    1.03802 -0.195949  -1.57637 0.0700846   1.45024  0.123339
1.77659e+09   0.12296   0.4251 -1.93217 -0.0380697    1.14653   0.856005
1.77659e+09  -0.15827 0.170502  -1.7809 -0.561751 -0.608355 0.0427723
1.77659e+09   1.13496 0.381424 -1.17583  -1.76121 -0.500445   1.02129
1.77659e+09    1.67612  0.535887 -0.170218 -2.74803 -1.14376  2.32646
1.77659e+09    2.40156 -0.393023  0.390111  -3.25853 -0.630816   1.58818
1.77659e+09   3.11848   -1.323 0.498768 -0.163314   1.41777   1.44585
1.77659e+09    1.62711 -0.377044 -0.152109  1.53615  2.86528 -1.25215
1.77659e+09  -0.880519   0.74681 -0.939339 -0.206527   1.97563 -0.524122
1.77659e+09  -0.530047 -0.214059 -0.745461 -2.36204 0.346723   1.0562
1.77659e+09  0.802599 -0.70195 0.146165 -0.777083 -0.175738   1.12676
1.77659e+09    1.18503 -0.583706 -0.233069 0.751237  2.02543 0.867968
1.77659e+09   -1.02753  0.152392 -0.685806 0.857438  2.59575 -1.64912
1.77659e+09  -2.78095  0.40486 -1.51991 0.094987  0.98271 0.673632
1.77659e+09  -2.12262 0.197133 -0.92336 -1.52904 -1.42378  1.78179
1.77659e+09  -0.0666571 -0.0819659  0.0353779 -1.58641 -2.13399 0.828661
1.77659e+09   0.723769 -0.374914  0.400764 -0.508285 -0.134966   0.64287
1.77659e+09   -0.47998 -0.104336 -0.195784 0.00294595   0.613325  -0.382277
1.77659e+09    -1.31941 -0.0734438  -0.474884  -1.07396 -0.324907  0.936815
1.77659e+09   -0.308472  -0.533638 -0.0253421 -0.815413  -1.55635   1.16338
1.77659e+09   0.839883 -0.181036  0.596772 0.00416665  -0.756304    1.33672
1.77659e+09    0.477693 -0.0223111   0.289976  -0.153548   0.408735 -0.0207043
1.77659e+09  -0.591833 -0.171448 -0.200046 -0.690169  0.385298  0.250048
1.77659e+09  -0.521525  -0.21832 -0.152109  -0.44847 -0.719195   1.17558
1.77659e+09   0.255053 0.0320174  0.152557 -0.330062   -1.0959     1.054
1.77659e+09  0.633222 0.130022 0.291041 -0.539535 -0.547564  0.949266
1.77659e+09    0.316838 0.00218997  0.0865106 -0.738997 0.0632761  0.687792
1.77659e+09   0.0579788  -0.100075 -0.0274727 -0.529769 -0.141314  0.789843
1.77659e+09   0.173027 -0.013789 0.0588137 -0.313704 -0.508745  0.979784
1.77659e+09  0.518173 0.177959 0.166405 -0.518783 -0.461382   1.02593
1.77659e+09  0.549066 0.078889 0.162144 -0.756331 0.0181101  0.781542
1.77659e+09    0.232682 -0.0734438 0.00874632 -0.532699  0.223188  0.828905
1.77659e+09    0.054783  0.0597143 -0.0722138 -0.305404 -0.126909  0.949755
1.77659e+09    0.186876   0.108716 -0.0828664 -0.514876 -0.278521  0.730272
1.77659e+09     0.294468   0.0416048 0.000224201 -0.431136 -0.198687  0.830614
1.77659e+09    0.294468   0.120434 -0.0146895  -0.336654 0.00565894   0.985643
1.77659e+09   0.075023  0.169436 -0.107368  -0.535628 -0.0175344   0.728075
1.77659e+09  0.0920673 0.0714322 -0.143587 -0.565658 -0.249956  0.730761
1.77659e+09   0.157048 0.0373437  -0.13826 -0.321029 -0.271929  0.830126
1.77659e+09    0.300859   0.201394 -0.0658222 -0.149154 -0.164019  0.929979
1.77659e+09  0.147461 0.306856 -0.11589  -0.43724 -0.128374  0.656053
1.77659e+09    0.145331   0.171567 -0.0935191 -0.513656  -0.35396  0.678026
1.77659e+09    0.36584  0.251462 0.0268558 -0.447005 -0.349077   1.16167
1.77659e+09  0.478758 0.359054 0.100359   -0.777572 -0.00386254    0.871874
1.77659e+09   0.266771  0.144935 0.0204642 -1.07445 0.201216  0.82036
1.77659e+09     0.137874  -0.0404206 -0.00936318 -0.929671  0.126264   1.13408
1.77659e+09    0.204985 -0.0329638   0.117403  -0.478743 -0.0246145   0.791063
1.77659e+09     0.248661 5.94454e-05    0.126991  -0.376449 -0.0211965   0.793016
1.77659e+09    0.24227 0.0639753  0.157883 -0.581527 0.0998972  0.916796
1.77659e+09      0.18368 -0.00633214    0.149361 -0.744613  0.280317  0.721971
1.77659e+09   0.018564 -0.129903  0.111012 -0.279525  0.352583  0.568895
1.77659e+09    -0.1604 0.0927375 0.0289863 -0.0886068   0.109907    1.00102
1.77659e+09  -0.0325687   0.250397    0.10462  -0.755843 -0.0336477   0.879686
1.77659e+09   0.0654357 -0.0318985   0.171732 -0.885238 0.0881785   0.76494
1.77659e+09  -0.0890277 -0.0670522  0.0609443 -0.315413  0.332563  0.775927
1.77659e+09   -0.374519   0.124695 -0.0594306 -0.397689  0.200239  0.869432
1.77659e+09  -0.277579 0.0629101 0.0162032 -0.779036 -0.157427  0.881639
1.77659e+09  -0.128442 -0.050008  0.075858 -0.744857  -0.18062  0.928026
1.77659e+09  -0.0922235 -0.0468122  0.0897064  -0.575179 -0.0321829   0.970507
1.77659e+09   -0.167857 -0.0425511  0.0481611   -0.4514 0.0461863   0.65288
1.77659e+09  -0.211533 0.0266911 0.0215295 -0.522445 -0.162554  0.929979
1.77659e+09  -0.103941 0.0171037 0.0534874 -0.840316 -0.247271  0.954882
1.77659e+09   0.050522 -0.120315  0.134448  -0.632308 -0.0612356   0.816698
1.77659e+09  -0.0528087 -0.0382901  0.0897064 -0.307845  0.140913  0.855761
1.77659e+09   -0.262666  0.0650406 -0.0349295 -0.539535 -0.067095  0.786913
1.77659e+09   -0.115659 -0.0638564     0.0439 -0.803939 -0.330279  0.863085
1.77659e+09     0.18155 -0.0990101   0.128056 -0.585921  -0.10396  0.966844
1.77659e+09   -0.021916 -0.0404206  0.0705317 -0.391097  0.175581  0.558397
1.77659e+09   -0.278645 -0.0436164 -0.0967149 -0.500472 -0.200396   0.81035
1.77659e+09   0.0153682 -0.0212458  0.0715969  -0.74266 -0.455034  0.974413
1.77659e+09    0.328556 -0.0809007   0.181319 -0.607894  -0.19063  0.885057
1.77659e+09      0.1432 -0.0755743  0.0769232 -0.334456  0.303999  0.481981
1.77659e+09  -0.226447 0.0171037 -0.084997 -0.363509 0.0413035  0.720995
1.77659e+09  -0.0325687   0.058649 -0.0509085 -0.777083 -0.225054  0.874071
1.77659e+09    0.105916 -0.0627912 -0.0775401  -0.93431 0.0876902  0.904344
1.77659e+09   0.0462609   -0.21832 -0.0551696 -0.525618  0.622114  0.606249
1.77659e+09   -0.585441 -0.0777049  -0.353444 -0.0951986   0.630659   0.545702
1.77659e+09  -0.811277 0.0831501 -0.436534 -0.440658  0.179243  0.898973
1.77659e+09  -0.647226 0.0192342  -0.27994 -0.904281 -0.380327   1.04863
1.77659e+09  -0.249883 -0.142686 -0.122281 -0.592269 -0.227251  0.823534
1.77659e+09   -0.236034 -0.0169848 -0.0636917 -0.17137 0.394331 0.758837
1.77659e+09  -0.813408  0.132152 -0.241591 -0.376937  0.260053  0.522509
1.77659e+09   -0.964675 -0.0265722  -0.260766 -0.870101 -0.786822   1.14067
1.77659e+09  -0.0442866 -0.0851617    0.10462 -0.690902  -1.06587    1.2083
1.77659e+09   0.538413 0.0543879  0.320869 -0.208968   0.10893  0.843798
1.77659e+09  -0.222186    0.1215 0.0204642 -0.450179  0.936079  0.134325
1.77659e+09    -1.12873 -0.0276374  -0.390728 -0.722396  0.200483  0.770311
1.77659e+09  -0.752687 -0.181036 -0.165957 -0.575911     -1.04   1.27739
1.77659e+09   0.236943 0.0927375  0.229256 -0.508529  -1.01998   1.28374
1.77659e+09  0.549066 0.074628 0.405025 -0.69554 0.196333  0.79912
1.77659e+09    -0.20088 -0.0819659  0.0460306 -0.671615  0.780805  0.432665
1.77659e+09  -0.926326 -0.148012 -0.247982  -0.584456 -0.0395071   0.977098
1.77659e+09   -0.427782  -0.140555 -0.0338643 -0.737533 -0.981157   1.37358
1.77659e+09    0.475563 -0.0414859   0.397568 -0.793929 -0.500445   1.32329
1.77659e+09    0.22203 -0.169318  0.164275 -0.55516 0.558393 0.472948
1.77659e+09  -0.748426 -0.276909 -0.238395 -0.437484  0.525678  0.284716
1.77659e+09  -0.816603 -0.232168 -0.240526  -0.33055 -0.574907   1.28984
1.77659e+09  -0.0634613 -0.0425511  0.0694664 -0.652327 -0.883745   1.10527
1.77659e+09   0.361579 -0.170383  0.276128  -0.639632 -0.0946829   0.700975
1.77659e+09   -0.211533  -0.236429 0.00981158 -0.291488  0.465376  0.390429
1.77659e+09  -0.769732 -0.130968 -0.227742 -0.22679 -0.19063 0.799608
1.77659e+09   -0.386236  -0.103271 -0.0764748 -0.601546  -0.98604    1.0042
1.77659e+09    0.46491 -0.090488  0.315542 -0.561751 -0.623247   0.94243
1.77659e+09    0.316838 -0.0979449    0.26441 -0.273665   0.26103  0.543016
1.77659e+09   -0.372388 -0.0745091  -0.048778 -0.400618  0.178022  0.456102
1.77659e+09   -0.350017  -0.160795 -0.0264074 -0.677718 -0.586382   1.06548
1.77659e+09    0.375428 -0.0819659   0.300629 -0.743636 -0.597857   1.23711
1.77659e+09   0.374362 -0.173579  0.302759 -0.598617  0.118208   0.71245
1.77659e+09  -0.132704 -0.224711 0.0684011 -0.450911  0.148481  0.646288
1.77659e+09  -0.203011 -0.206602 0.0279211 -0.551742 -0.380327   1.03911
1.77659e+09   0.327491 -0.124576  0.310216 -0.661605 -0.393267   1.16875
1.77659e+09   0.329621 -0.181036  0.292107 -0.665023  0.169721  0.763475
1.77659e+09  -0.147617 -0.277975 0.0833148 -0.572005  0.242719  0.641405
1.77659e+09    -0.291428   -0.305671 -0.00403686 -0.426253 -0.305864  0.915575
1.77659e+09   0.116568 -0.168252  0.199429 -0.529525 -0.503374   1.22954
1.77659e+09   0.269966 -0.162926  0.293172 -0.726058 -0.288286  0.803514
1.77659e+09   0.126156 -0.335499   0.20582 -0.754867 -0.158159   0.84746
1.77659e+09  0.0835452 -0.378109  0.182384 -0.353499  -0.32564  0.852098
1.77659e+09   0.184745 -0.231103  0.219669 -0.146712 -0.477007  0.952684
1.77659e+09    0.400994 -0.0681175   0.315542 -0.711654 -0.422564    1.1646
1.77659e+09   0.497933 -0.283301  0.358153   -1.01585 -0.0951711   0.710985
1.77659e+09   0.251857 -0.524051  0.215408 -0.234847  0.125532  0.507616
1.77659e+09  0.0398693 -0.215124   0.10249  0.117692 -0.131304   0.90703
1.77659e+09    0.154918 -0.0329638   0.150427 -0.681136 -0.548296  0.913622
1.77659e+09  0.567175 -0.30141 0.326195 -0.880355 -0.444048  0.703417
1.77659e+09   0.486215 -0.372783  0.278258  -0.0759115 -0.00850122    0.654833
1.77659e+09     0.20392 -0.0894228   0.111012 0.0661784  0.110395  0.780321
1.77659e+09   0.212442 0.0181689  0.126991  -0.632796 -0.0199758   0.738085
1.77659e+09   0.212442 0.0181689  0.126991  -0.632796 -0.0199758   0.738085
1.77659e+09    0.0526525   -0.358935 -0.00723265 -0.137679  0.249067  0.590868
1.77659e+09   -0.223251 -0.0446817   -0.19898 -0.137679  0.249067  0.590868
1.77659e+09  -0.264796   0.10126 -0.214959 -0.598372   -0.3044   0.62993
1.77659e+09  -0.264796   0.10126 -0.214959 -0.598372   -0.3044   0.62993
1.77659e+09   0.225225 -0.181036   0.02366  -0.410384 -0.0702688   0.910936
1.77659e+09  -0.0144592 -0.0627912 -0.0860622 -0.00608726    0.291548    0.430468
1.77659e+09    -0.3383  0.038409 -0.288462 -0.355208   0.14018   0.60161
1.77659e+09    -0.3383  0.038409 -0.288462 -0.355208   0.14018   0.60161
1.77659e+09  -0.0900929  -0.160795  -0.113759 -0.488509 -0.453814   0.67827
1.77659e+09  -0.0900929  -0.160795  -0.113759 -0.488509 -0.453814   0.67827
1.77659e+09   0.268901 0.0863459 0.0705317  -0.93138 -0.108111  0.600878
1.77659e+09  -0.0922235   -0.26093 0.00661579   -1.21776 -0.0890676    1.00005
1.77659e+09  0.0260209 -0.277975 0.0662706 -0.964095 -0.673784   1.63603
1.77659e+09  0.0260209 -0.277975 0.0662706 -0.964095 -0.673784   1.63603
1.77659e+09   0.845209 -0.515529  0.465745  -1.04344 -0.330279   1.18974
1.77659e+09   0.845209 -0.515529  0.465745  -1.04344 -0.330279   1.18974
1.77659e+09  -0.0261771  -0.391958  0.0769232 -0.270247  0.718061  0.099657
1.77659e+09  -0.0261771  -0.391958  0.0769232 -0.270247  0.718061  0.099657
1.77659e+09   0.562914 -0.417524  0.378393  -1.18236 -0.711626  0.970507
1.77659e+09   0.562914 -0.417524  0.378393  -1.18236 -0.711626  0.970507
1.77659e+09  -0.122051 -0.391958  0.118469 -0.124495 -0.524615  0.678514
1.77659e+09  -0.122051 -0.391958  0.118469 -0.124495 -0.524615  0.678514
1.77659e+09   1.98185 -0.56027   1.3073 -0.752913  -1.23018  0.908251
1.77659e+09   1.98185 -0.56027   1.3073 -0.752913  -1.23018  0.908251
1.77659e+09     0.603394    -0.17997 -0.00936318 1.56398  2.9329 -2.0124
1.77659e+09     0.603394    -0.17997 -0.00936318 1.56398  2.9329 -2.0124
1.77659e+09  -2.58068  1.38916 -1.09806  0.348405 -0.153277    1.4688
1.77659e+09  -2.58068  1.38916 -1.09806  0.348405 -0.153277    1.4688
1.77659e+09   1.67612 0.561454 0.627665 -1.27562 -1.92452  1.00517
1.77659e+09   1.67612 0.561454 0.627665 -1.27562 -1.92452  1.00517
1.77659e+09   -1.26401   1.52658 -0.572888 -0.149398   1.37553   -1.1396
1.77659e+09   -1.26401   1.52658 -0.572888 -0.149398   1.37553   -1.1396
1.77659e+09  0.735487 0.205656 0.321934 -1.25926  -1.6252  2.24516
1.77659e+09  0.735487 0.205656 0.321934 -1.25926  -1.6252  2.24516
1.77659e+09   -0.27971  0.801138 -0.292724 0.088151 0.993452 -1.00776
1.77659e+09   -0.27971  0.801138 -0.292724 0.088151 0.993452 -1.00776
1.77659e+09  0.0515872  0.257853 0.0545527 -0.749984 -0.678179  0.998583
1.77659e+09  0.0515872  0.257853 0.0545527 -0.749984 -0.678179  0.998583
1.77659e+09  0.0611746  0.849075 -0.103106 0.277604  0.18144 0.656542
1.77659e+09  0.0611746  0.849075 -0.103106 0.277604  0.18144 0.656542
1.77659e+09  0.377558 0.559323 0.152557 -0.170638  -0.12398  0.675585
1.77659e+09  0.377558 0.559323 0.152557 -0.170638  -0.12398  0.675585
1.77659e+09  -0.0805056    1.01313  -0.200046 -0.558333  0.418745  0.309374
1.77659e+09  -0.0805056    1.01313  -0.200046 -0.558333  0.418745  0.309374
1.77659e+09  0.0803494  0.923644 -0.069018 0.309587 -0.28731 0.981981
1.77659e+09  0.0803494  0.923644 -0.069018 0.309587 -0.28731 0.981981
1.77659e+09   0.492607   1.05893 0.0694664 -0.840804 0.0539988   1.08843
1.77659e+09   0.492607   1.05893 0.0694664 -0.840804 0.0539988   1.08843
1.77659e+09   -0.131638   0.660523 -0.0221464 -3.63768  2.48393  1.13555
1.77659e+09   -0.131638   0.660523 -0.0221464 -3.63768  2.48393  1.13555
1.77659e+09  -0.878389 -0.515529 -0.224547 -0.0800619  -0.870318    2.67949
1.77659e+09  -0.878389 -0.515529 -0.224547 -0.0800619  -0.870318    2.67949
1.77659e+09   1.15627  0.18435 0.896112 -1.08617 0.250288 0.434862
1.77659e+09   1.15627  0.18435 0.896112 -1.08617 0.250288 0.434862
1.77659e+09  -0.414999 0.0330826 0.0524222 -0.70555  1.19145 0.506151
1.77659e+09  -0.414999 0.0330826 0.0524222 -0.511214  0.852094  0.797167
1.77659e+09  0.0153682 0.0192342  0.172797 -0.361556  0.225141   1.11089
1.77659e+09  0.219899 0.196068 0.292107 -0.705062  0.406782   1.17314
1.77659e+09  0.0728925 0.0543879  0.222864 -1.35277 0.547163 0.805223
1.77659e+09  -0.100746 -0.352543  0.114207 -0.95848 0.230512  0.69536
1.77659e+09   0.111242 -0.233233  0.210081 -0.280501 0.0366648   1.15679
1.77659e+09   0.432952 0.0852806  0.400764 -0.562728  0.302534  0.971727
1.77659e+09   0.202855 -0.181036  0.236713 -0.971419  0.746137  0.335009
1.77659e+09  -0.147617 -0.417524 0.0897064 -0.406722  0.723432  0.598925
1.77659e+09  -0.238165 -0.122446 0.0225948 0.125993 0.345503 0.630663
1.77659e+09  -0.094354 0.0618448 0.0577485 -0.484847  0.139448  0.630175
1.77659e+09  0.0611746  -0.13949  0.107816 -0.763656  0.352827  0.615282
1.77659e+09   -0.132704  -0.216189 0.00341999 -0.292952  0.518598   0.45537
1.77659e+09   -0.386236 -0.0457469  -0.119085 -0.0324544   0.283003   0.528612
1.77659e+09   -0.243491  0.0597143 -0.0562348  -0.442122 -0.0397512   0.791307
1.77659e+09   0.114438 0.0277563   0.10462 -0.643538  0.078657  0.752001
1.77659e+09   0.0121724 -0.0638564 0.00874632 -0.405257  0.495161  0.491747
1.77659e+09  -0.253078 0.0202995 -0.130803 -0.220687   0.51396  0.548632
1.77659e+09   -0.25947  0.111912 -0.103106 -0.344954  0.247114  0.698778
1.77659e+09  -0.0858319   0.144935 -0.0306685 -0.691634  0.185346  0.975878
1.77659e+09  -0.0826361  0.0277563  -0.069018 -0.735091  0.408247  0.614061
1.77659e+09   -0.253078 -0.0681175  -0.133999 -0.455062  0.537397  0.782518
1.77659e+09   -0.206207  0.0959333 -0.0999107 -0.41307 0.661665  1.15239
1.77659e+09  -0.488502  0.125761 -0.227742 -0.806624  0.651167  0.558397
1.77659e+09  -0.887976 -0.256669 -0.438665  -0.81224 0.0188425  0.752733
1.77659e+09  -0.412868 -0.210863 -0.262896 -0.113753 -0.465288   1.19487
1.77659e+09   0.0782188   0.142805 -0.0562348 -0.0363607 -0.0605032   0.662645
1.77659e+09  -0.0698529   0.171567 -0.0604959 -0.519027  0.481733  0.539598
1.77659e+09  -0.531112 0.0160384  -0.30018 -0.893538  0.441938  0.437548
1.77659e+09   -0.528982 -0.0819659  -0.235199 -0.530013 -0.160845  0.998094
1.77659e+09  0.000454534    0.122565  -0.0296032  -0.605208 -0.0502493    1.04058
1.77659e+09   -0.184901  0.0820848 -0.0977801 -1.04246 0.174604 0.931932
1.77659e+09  -0.577984 -0.249212 -0.191523 -1.39671 -0.40938  1.20879
1.77659e+09  -0.0144592  -0.488897  0.0811843 -0.452376  -0.92647   1.09892
1.77659e+09   0.718443 -0.034029  0.422069  0.508561 -0.498736   1.20781
1.77659e+09  0.422299 0.307921 0.129121 -0.398177  0.454878  0.968065
1.77659e+09   -0.189163 -0.0755743  -0.167022 -1.43529 0.519819 0.508104
1.77659e+09  -0.408607 -0.556009 -0.290593 -0.631576 -0.159868  0.960741
1.77659e+09  -0.00806758   -0.148012   -0.107368  0.281266 -0.521197   1.37895
1.77659e+09   0.251857  0.214178 -0.012559 -0.481673 -0.272905   0.79204
1.77659e+09  0.0920673 -0.202341 -0.089258 -0.873763 0.0974558  0.471239
1.77659e+09   -0.11992 -0.269452 -0.253309 -0.0969076  0.0251902    1.11626
1.77659e+09  -0.0911582   0.074628  -0.195784 -0.076888 -0.175982  0.991014
1.77659e+09  0.0462609 0.0160384 -0.174479 -0.789535 -0.189165  0.918749
1.77659e+09  0.0920673 -0.280105 -0.120151 -0.558577  0.124555  0.757128
1.77659e+09  -0.112464 -0.201276  -0.21922 0.299089 0.191938  0.62871
1.77659e+09  -0.260535   0.10339 -0.261831  0.160173 -0.123491  0.921678
1.77659e+09  -0.0144592   0.156653  -0.120151 -0.794906 -0.445269   1.19097
1.77659e+09     0.2444 -0.185297 0.0162032 -0.690413 -0.171831  0.697313
1.77659e+09   0.115503 -0.188492  -0.01682 0.232926 0.149214 0.945848
1.77659e+09  -0.0932887   0.205656  -0.135064  0.213639 0.0857371  0.974413
1.77659e+09  -0.0517434   0.238679 -0.0636917 -0.742171 -0.231646  0.934862
1.77659e+09    0.169832  -0.104336 0.00981158 -0.780501 -0.171099  0.922655
1.77659e+09   0.0878062 -0.0830312 -0.0178853 0.0400553 0.0706003  0.995653
1.77659e+09  -0.0996803   0.197133  -0.145717   -0.108138 -0.00337426    0.994188
1.77659e+09  -0.0858319   0.119369  -0.142521 -0.833968 -0.235064  0.939745
1.77659e+09    0.109112  -0.165057 -0.0306685 -0.646712 -0.164507  0.975145
1.77659e+09   0.0771536 -0.0936838 -0.0296032  0.0947428 0.00272925   0.939501
1.77659e+09  -0.0964845   0.138544  -0.157435  -0.107161 -0.0507375   0.866259
1.77659e+09  -0.0272423  0.0735627  -0.102041 -0.744613  -0.24898  0.890184
1.77659e+09    0.154918  -0.148012 -0.0274727 -0.488021 -0.157427  0.814501
1.77659e+09     0.10485 -0.0425511 -0.0338643 0.0415202 0.0806101  0.916063
1.77659e+09  -0.0570697   0.156653  -0.137195 -0.165511 0.0847605  0.764452
1.77659e+09  -0.109268 0.0565185  -0.13826 -0.553206 -0.105669  0.767626
1.77659e+09   0.0281514 -0.0276374 -0.0860622 -0.297103 -0.127886  0.882128
1.77659e+09   0.034543  0.127891 -0.053039 -0.0690755  0.0205515   0.833055
1.77659e+09  -0.0506782   0.215243 -0.0977801 -0.403304 0.0535105   0.76494
1.77659e+09  -0.101811  0.094868 -0.105237   -0.62596 -0.0807668   0.796434
1.77659e+09  0.00897665  0.0234953 -0.0647569 -0.323958 -0.110064  0.907274
1.77659e+09   0.0579788   0.180089 -0.0253421 -0.135482 0.0840281  0.882128
1.77659e+09  -0.078375  0.253592 -0.100976 -0.465316  0.216108  0.751268
1.77659e+09  -0.233904  0.115108 -0.171283 -0.594222 0.0771921  0.723192
1.77659e+09  -0.189163 0.0916722 -0.141456 -0.260238 -0.123491  0.900438
1.77659e+09  -0.0400255   0.304725 -0.0636917 -0.182601 -0.136431  0.935839
1.77659e+09  -0.0315034   0.336683 -0.0871275 -0.525374 0.0366648  0.672167
1.77659e+09  -0.164661  0.203525 -0.123346  -0.52098 0.0134714  0.721971
1.77659e+09  -0.142291  0.275963 -0.100976 -0.131576 -0.164751  0.853319
1.77659e+09  -0.00487179    0.487951   -0.048778 -0.128646 -0.180132   0.81743
1.77659e+09   0.0324125   0.545475 -0.0349295 -0.616439 -0.016802  0.703173
1.77659e+09   -0.0368297    0.396338 0.000224201 -0.843978 0.0349558  0.808397
1.77659e+09   -0.152944   0.327096 -0.0413211 -0.314437 -0.302202  0.696825
1.77659e+09  -0.0442866   0.442144 -0.0253421 -0.0903158  -0.706499   0.892626
1.77659e+09  0.676897 0.658393 0.275062 -0.341781 -0.300249   1.14409
1.77659e+09    0.3456 0.602999 0.129121 -0.372542  0.309858  0.392137
1.77659e+09  -0.271188  0.471972 -0.141456  -0.492415 -0.0710012    0.80205
1.77659e+09  0.0558483  0.471972 0.0183337  -0.50389 -0.786333   1.40605
1.77659e+09  0.840948 0.593412 0.360284 -0.357406 -0.313677   1.12163
1.77659e+09  0.677963 0.489016 0.232452 -0.00779624    0.674116     0.27788
1.77659e+09  -0.388367  0.657328 -0.161696 -0.102767  0.585737   0.67119
1.77659e+09  -0.408607   0.60513 -0.211763 -0.676497 -0.348345   1.32891
1.77659e+09  0.332817 0.517778 0.181319 -0.680892 -0.515337   1.13262
1.77659e+09  0.456388 0.432557 0.260149 0.0105143  0.205854  0.624315
1.77659e+09    -0.19875   0.648805 -0.0413211  0.28029 0.204145 0.453173
1.77659e+09   -0.240295    0.78942 -0.0391906 -0.436263 -0.383989   1.17974
1.77659e+09   0.16344 0.694612 0.150427 -0.952132 -0.864458   1.00517
1.77659e+09  0.540544 0.394207 0.273997 -0.411605 -0.593706  0.646776
1.77659e+09  0.861188 0.618978 0.390111 0.583757 0.114302  1.10283
1.77659e+09   0.24227  1.18889 0.166405 -0.134017  0.262495  0.868944
1.77659e+09   -0.234969   0.575302 -0.0136242  -1.44823 -0.586626 0.0945301
1.77659e+09    1.04441 0.0874111    0.5254  -0.99388 -0.368364   2.74932
1.77659e+09  0.713116 0.618978 0.410351 0.106706 0.182417 0.893846
1.77659e+09  0.0196293   0.16198 0.0971633   -0.156478 -0.00483911   -0.653517
1.77659e+09  0.599133 0.331357 0.396503  0.33278 -0.87813  2.02837
1.77659e+09   1.75388 0.856532 0.787455 -2.08299 0.921919  2.98442
1.77659e+09   0.86758 0.436818 -0.25757 -3.99583  3.37285 0.926805
1.77659e+09  -1.80623  -1.5222 -1.21844  -3.11522   3.72807 -0.327833
1.77659e+09  -3.65127 -1.61275 -1.85547 0.771257 0.308882  2.69927
1.77659e+09   -1.95857 -0.181036  -0.76357 0.834733 -3.54659  2.53935
1.77659e+09   1.62392 0.108716 0.730996 -2.31517 -3.07515  1.36675
1.77659e+09   2.81488 -1.42207  1.25404 -1.91478  1.66166 0.224413
1.77659e+09  -0.0570697   -1.51581  0.0407043  1.10841  2.95976 -2.06221
1.77659e+09   -2.75645 -0.146947  -1.20139 0.827897  1.38115  2.16533
1.77659e+09   -1.30343 -0.411133 -0.551583 -1.68016 -2.13741 0.841112
1.77659e+09   0.710986 -0.971462  0.998377 -1.51268 -2.96578 0.871141
1.77659e+09     2.0202 -0.467592   1.78987 0.980241 -1.74166 0.438036
1.77659e+09   2.09476 0.590216  1.60451  2.01296 -1.36397  1.28398
1.77659e+09   3.17601 0.919383  1.80691 -0.705062   1.43461   1.41167
1.77659e+09   1.25853 0.154523 0.980268 -1.90184  2.76054 -1.30733
1.77659e+09    -1.18092  -0.145882 -0.0200158    -1.02  1.86064 0.616014
1.77659e+09  -0.246687  0.148131  0.530726  0.534684 -0.261187   1.72832
1.77659e+09  0.0856757  0.583824  0.195168 -0.939437 -0.208941   1.35918
1.77659e+09  -0.143356 -0.116054 0.0524222   -1.39964 -0.0590383     0.3333
1.77659e+09  -0.645096 -0.624186 -0.233069 -0.799544 -0.455523   1.74809
1.77659e+09    0.197528 -0.0585301   0.224995 -0.00779624   -0.808306     1.29961
1.77659e+09    0.664114 -0.0116585   0.428461 -0.488753  0.189497   0.15288
1.77659e+09  0.0430651 -0.100075 0.0375085 -0.892806  0.906538   1.29521
1.77659e+09   -1.00516 -0.216189 -0.492993 -0.909163 -0.218218  0.585985
1.77659e+09   -0.193424  -0.566661 -0.0658222 -0.294906  -1.18428   1.12309
1.77659e+09  0.900603  0.10339 0.344305 0.0337077  -0.46187    1.9832
1.77659e+09  0.660919 0.241874 0.285715 -1.26243 0.719526 0.413866
1.77659e+09  -0.403281 -0.659339 -0.348117  -1.33787  0.648237 0.0332508
1.77659e+09  -0.165727 -0.726451 -0.124412 0.188005 0.372114   1.1646
1.77659e+09  -0.142291  0.094868 -0.234134 0.738786 0.212202 0.795946
1.77659e+09  -0.256274  0.215243 -0.267157 -1.23704 0.402632 0.849657
1.77659e+09    -0.3383 -0.533638  -0.34066 -1.77122 0.360151 0.497362
1.77659e+09  -0.166792 -0.960809 -0.184067 -0.192367   0.85063  0.774462
1.77659e+09   -1.03285  -0.22045 -0.469557   0.96779 -0.221148   1.32475
1.77659e+09  -0.574788  0.130022 -0.615499  -1.52391 -0.483111   1.19243
1.77659e+09    0.261444   -0.88198 -0.0455822  -1.35814 -0.252398 0.0679187
1.77659e+09  -0.00487179    -1.01514   -0.228808  1.00002 0.543989 0.828661
1.77659e+09  -0.850692  0.170502 -0.636804 0.469499 0.672895 0.962694
1.77659e+09     -0.6419 -0.0318985  -0.363031 -1.36253 -0.16939   0.6187
1.77659e+09  -0.0432213   -0.80315  -0.165957  -1.22288 -0.170366  0.908007
1.77659e+09  -0.0922235  -0.687036  -0.226677  0.60402 0.356001  1.37822
1.77659e+09  -0.570527 -0.136294 -0.436534 0.363786  0.53813 0.147509
1.77659e+09  -0.665336 -0.204471 -0.347052 -0.335433  0.174604  0.624803
1.77659e+09  -0.404346 -0.413263 -0.295919 -0.201644  0.122358  0.523973
1.77659e+09  -0.618464 -0.322716 -0.332138  0.395524 -0.015093  0.927294
1.77659e+09   -0.56307 0.0309521 -0.265027 0.0102702 -0.384966  0.947802
1.77659e+09    -0.183836   -0.120315 -0.00616739 -0.162581 -0.464556 0.0923328
1.77659e+09    0.348796  -0.239625 -0.0349295 0.865251 0.324751 0.378466
1.77659e+09  -0.656814  0.408056 -0.212829  0.997087  0.311323 -0.070509
1.77659e+09   -1.3503 0.825639 -0.45784 -1.96629 -1.38448  2.33867
1.77659e+09  0.0643704    0.4251  0.609555 -3.99583 -3.82979  2.60039
1.77659e+09   2.40582 -1.32726   1.8165 -3.40892 -3.88252  1.40825
1.77659e+09   4.12835 -1.38585  2.29267   0.71779 -0.737261   3.32695
1.77659e+09    3.70757 -0.111793   1.49479   0.688005     3.7227 -0.0526867
1.77659e+09  -0.652553 0.0362784 -0.209633 -1.03856  3.71733 -3.42793
1.77659e+09   -2.18014 -0.952287  -1.58489 -0.0461263    2.94365   0.935839
1.77659e+09  -2.15458 0.480494 -1.61685  2.64748 0.628218  1.46245
1.77659e+09  -2.47629  1.67572 -1.54441 -0.512191 -0.958697   1.45415
1.77659e+09  -0.898629  0.674372 -0.487667 -3.99583 -2.70894  1.97392
1.77659e+09   0.359449   -0.8415 -0.569692 -2.30199 -1.19893  1.25688
1.77659e+09   0.141069 -0.445221 -0.691132  1.39992  0.32353 0.649706
1.77659e+09  -0.575854  0.924709 -0.753983 0.265397 0.464643  1.01982
1.77659e+09  -0.494893    0.3239 -0.434404  -2.80785 -0.222124  0.666307
1.77659e+09    0.20179 -0.894763  -0.11589  -1.7722 -0.52315  1.26103
1.77659e+09   0.186876 -0.486766 -0.285267    0.5132 -0.136675   1.27226
1.77659e+09  -0.00913285 -0.00207108   -0.265027   0.196794 -0.0876028  0.0923328
1.77659e+09   0.656657 -0.104336  0.184515   -1.07225 -0.0570852    1.48638
1.77659e+09   0.738683 -0.267322  0.129121 -1.24486 0.997358 0.858446
1.77659e+09   0.114438 -0.895828 -0.185132 -0.43724  1.59453 -0.35005
1.77659e+09   -1.31941 -0.504876 -0.569692 0.864274 0.561323 0.526415
1.77659e+09  -0.693033  0.267441 -0.327877  0.204606 -0.671343   1.96001
1.77659e+09   0.318969  0.180089 0.0918369 -2.10374 -0.49312 0.464647
1.77659e+09  0.395668 -1.18345 0.134448  -0.84471  0.787153 -0.551222
1.77659e+09  -0.906086 -0.575183 -0.467427   1.7903 0.764448 0.352587
1.77659e+09   -1.18412  0.641349 -0.464231   0.69069 -0.432085  0.917528
1.77659e+09  -0.0890277   0.369706 -0.0423864 -1.85667  -1.2917 0.787889
1.77659e+09   0.555457 -0.587967 0.0620095 -1.72288 0.126997 0.638231
1.77659e+09  0.0686315 -0.763735 0.0971633    1.08986   0.716596 -0.0612316
1.77659e+09   -1.16814   0.50606 -0.474884   0.883073 -0.0961477    0.75371
1.77659e+09   -0.272253    0.40699 -0.0232116 -1.25926 -1.31734  0.69121
1.77659e+09   0.800468 -0.231103   0.38798  -1.47142 -0.513384  0.399462
1.77659e+09   0.573567 -0.366392  0.254822 0.820085 0.445845 0.423632
1.77659e+09  -0.448022   0.54654 -0.202176  0.600358   0.43852 -0.220167
1.77659e+09   -0.400085   0.576367 -0.0775401 -0.935286 -0.490435  0.663134
1.77659e+09  0.392472 0.147066 0.259083  -1.02757 -0.427935  0.485399
1.77659e+09  0.439343 0.188611 0.269736 0.308854 0.199507 0.302294
1.77659e+09  -0.336169  0.678633 -0.137195   0.43776  0.169477 -0.402052
1.77659e+09   -0.308472   0.862924 -0.0136242 -0.456038 -0.365679  0.803514
1.77659e+09  0.233747  0.78729 0.167471 -0.838607 -0.524126  0.441698
1.77659e+09  0.342404 0.644544  0.28465  -0.197982 -0.0959036  -0.147657
1.77659e+09  -0.0336339   0.859728   0.105685  0.360856 -0.147906 0.0310535
1.77659e+09  0.170897  1.18463 0.156818  -0.295394 -0.0595266   0.761766
1.77659e+09  0.710986  1.59583 0.383719  -2.4724 0.440962  2.34624
1.77659e+09   0.157048   1.01313 -0.410968 -3.99583   2.5291  1.02446
1.77659e+09   -1.89039 -0.903285  -1.28981  -3.43211   3.28349 -0.203077
1.77659e+09  -3.44994  -0.6636 -1.80859  0.61696 0.916059  2.08013
1.77659e+09   -2.6904  0.88849 -1.35053 -0.533187  -1.81685   1.84258
1.77659e+09  -0.624856  0.312182 -0.416294  -3.32909  -2.52706 0.0881824
1.77659e+09  0.0931325 -0.693428 -0.282071  -2.1909 -0.90523  1.13848
1.77659e+09   -0.25947 -0.320585 -0.218155 0.0246745  0.285444   0.69243
1.77659e+09  -0.704751  0.282355 -0.269288 -0.800765 0.0271433  0.759569
1.77659e+09   -0.281841 -0.0361595  -0.161696  -2.30687 -0.698443  0.864794
1.77659e+09   0.421234 -0.566661  0.351761 -1.40843 -0.44356  0.62285
1.77659e+09   0.432952 -0.307802  0.361349 0.091569 0.218061 0.377001
1.77659e+09  -0.0133939   0.193938   0.186645 -0.634749  0.366255  0.429003
1.77659e+09   0.0483914 -0.0809007   0.293172  -1.66502 0.0356882  0.449511
1.77659e+09  0.160244 -0.45907  0.32513    -1.1516 -0.0231497   0.518846
1.77659e+09   0.162375 -0.266257  0.349631    -0.370589 -0.000932857     0.712694
1.77659e+09    0.133613 -0.0468122   0.260149 -0.721663  0.254682  0.314012
1.77659e+09  -0.0592003  -0.255604   0.283585 -1.09886 0.247358 0.257616
1.77659e+09  -0.122051 -0.367457  0.188776 -0.835677  0.057905  0.514696
1.77659e+09  -0.0623961  -0.266257   0.230321 -0.553939  0.057905  0.435595
1.77659e+09  -0.0208508  -0.167187   0.140839 -0.58348 0.250044 0.328417
1.77659e+09  -0.327647 -0.185297 0.0470958 -0.855208  0.286177  0.235155
1.77659e+09    -0.400085   -0.295019 -0.00936318  -0.814925 -0.0668508   0.512499
1.77659e+09  -0.181706 -0.215124 0.0950327 -0.687972 -0.123491  0.627489
1.77659e+09  -0.109268 -0.195949  0.115273 -0.613265  0.198042  0.315721
1.77659e+09   -0.405411  -0.189558 -0.0381253 -0.695052  0.300093  0.380175
1.77659e+09   -0.541765  -0.206602 -0.0604959  -0.895003 -0.0500051   0.589159
1.77659e+09  -0.302081 -0.253474 0.0247253 -0.836898 -0.303179  0.642382
1.77659e+09  -0.105007 -0.231103  0.113142   -0.683822 -0.00630395    0.552294
1.77659e+09  -0.310603 -0.193819 0.0162032 -0.727035   0.20561  0.391893
1.77659e+09   -0.481045  -0.270518 -0.0679527   -0.82347 0.00956519   0.611132
1.77659e+09  -0.351083 -0.250278 0.0119421  -0.90013 -0.184527  0.811815
1.77659e+09  -0.189163  -0.28117 0.0715969  -0.878402 -0.0448782   0.444384
1.77659e+09  -0.361735  -0.30141  0.175993 -0.855697 -0.121538  0.437304
1.77659e+09  -0.495959  -0.28117  0.184515 -0.487533 -0.992388  0.855272
1.77659e+09   0.491541 0.0724974  0.733126 -0.604964  -1.02681   1.31108
1.77659e+09   1.05507 0.223765 0.947244  -0.732894 -0.0280325   0.700243
1.77659e+09     0.248661 5.94454e-05    0.529661 -0.957015  0.921675  0.129442
1.77659e+09   -0.504481 -0.0404206   0.197298 -0.785872    0.4102  0.968553
1.77659e+09  -0.174249  0.109782  0.361349 -0.798324 -0.321245   1.14824
1.77659e+09  0.293402 0.148131 0.512616  -1.27879 0.0410593   0.85869
1.77659e+09  -0.233904 -0.216189   0.20582 -1.08006 0.450971 0.061327
1.77659e+09   -0.671727   -0.28117 0.00768105  -0.459212 -0.0876028   0.961229
1.77659e+09  -0.286102 0.0128426  0.120599 -0.702865 -0.601763   1.17925
1.77659e+09    0.227356 -0.0713133   0.381589  -1.06566 -0.312456  0.499559
1.77659e+09  -0.00593705   -0.351478    0.219669 -0.543929  0.273481  0.207567
1.77659e+09   -0.448022  -0.169318 0.00768105 -0.16429 0.149702 0.855272
1.77659e+09  -0.305276 0.0714322 0.0769232  -0.81932 -0.300738  0.913378
1.77659e+09  0.0270861 -0.208732  0.230321  -1.11351 -0.191118  0.528856
1.77659e+09  -0.0613308  -0.325911   0.191972 -0.396712  0.204145  0.513475
1.77659e+09    -0.387302   -0.126707 -0.00829791  0.023942 0.0962351  0.559618
1.77659e+09   -0.371323  0.0831501 -0.0104284 -0.709212 -0.261187  0.919481
1.77659e+09  -0.0453518  -0.150143   0.167471  -1.06785 -0.277788  0.512011
1.77659e+09  -0.0410908  -0.325911   0.160014 -0.270247 0.0237253  0.561815
1.77659e+09   -0.27971 0.0245605  0.055618 -0.289535 -0.048052    1.0501
1.77659e+09   -0.11779 0.0149731  0.109946  -1.16429 -0.302447  0.640428
1.77659e+09  -0.021916 -0.417524  0.155753 -0.977279 -0.405474   1.03545
1.77659e+09   0.145331 -0.202341  0.177058 -0.462142 -0.279986   1.22222
1.77659e+09   0.175158 -0.116054  0.224995  -0.779036 -0.0473196   0.747606
1.77659e+09  0.0270861 -0.350413  0.138709 -0.748031 0.0327585  0.725634
1.77659e+09  -0.058135 -0.235364  0.118469 -0.436263 -0.312945   1.12969
1.77659e+09    0.180484 -0.0968796   0.182384 -0.852523 -0.454546   1.03154
1.77659e+09   0.454257 -0.290758  0.360284 -0.805404 -0.103228  0.832079
1.77659e+09   0.217768 -0.239625  0.204755 -0.391341  0.307905  0.706591
1.77659e+09  -0.146552 -0.141621    0.0439 -0.401595  0.135786  0.620653
1.77659e+09  -0.116725 -0.118185 0.0811843 -0.759749 -0.460161   1.29155
1.77659e+09   0.356253 -0.130968  0.281454 -0.967269 -0.336138  0.861376
1.77659e+09   0.257183 -0.369587   0.26654 -0.422347  0.116011  0.358934
1.77659e+09  -0.0623961  -0.204471  0.0833148 -0.239974    0.1331   1.18242
1.77659e+09  -0.0858319 -0.0734438  0.0747927 -0.656722  -0.31856  0.659716
1.77659e+09   0.207116 -0.364261  0.194102   -0.7993 -0.360064  0.566942
1.77659e+09   0.32323 -0.38024 0.232452 -0.209456 0.0884226   0.90288
1.77659e+09  -0.0613308  -0.151208  0.0673359 -0.158431  0.125288  0.560839
1.77659e+09  -0.122051 -0.207667 0.0321821 -0.717269  -0.31978  0.725878
1.77659e+09   0.218834 -0.350413  0.222864 -0.706527   -0.4919  0.922655
1.77659e+09   0.399929 -0.330173  0.272932  -0.279525 -0.0180227   0.831835
1.77659e+09  0.184745 -0.23856 0.197298 -0.102035  0.436811    0.4666
1.77659e+09   -0.339365  -0.184231 -0.0786054 -0.165511  0.107466  0.587206
1.77659e+09  -0.207272 -0.109663 0.0268558  -0.77098 -0.457476    1.2271
1.77659e+09   0.211377 -0.253474  0.294237 -0.822493 -0.637163  0.822313
1.77659e+09   0.409516 -0.356804  0.285715 -0.147689 0.0549753  0.876512
1.77659e+09  0.0835452 0.0501269  0.169601 -0.183333  0.680708  0.988085
1.77659e+09    -0.369192    0.225896 -0.00403686 -1.2639 0.35771 1.61577
1.77659e+09   -0.406476  -0.329107 0.00128947 -1.34715 -0.15938 0.864794
1.77659e+09  -0.211533 -0.439895 0.0886412 0.463395 -0.61397  1.13066
1.77659e+09  0.0760883  0.300464 0.0492264   0.311296 0.00614722    1.35234
1.77659e+09  -0.0346992   0.286616  0.0343127 -0.990951  0.675581  0.436083
1.77659e+09  -0.795298 -0.270518 -0.273549 -1.22801 0.574262 0.405077
1.77659e+09  -0.988111 -0.484636 -0.376879 -0.259261 -0.386919   1.21733
1.77659e+09   -0.343626 -0.0191153 -0.0999107 -0.0983724  -0.918902    1.55351
1.77659e+09    0.213507 -0.0116585   0.157883 -0.808333 -0.226031  0.722216
1.77659e+09  -0.336169 -0.381305 -0.114824 -0.588363  0.217817  0.376268
1.77659e+09  -0.729252 -0.411133 -0.354509 -0.135726 -0.286577  0.955126
1.77659e+09  -0.145487 -0.142686 -0.073279 -0.112288 -0.541948    1.1248
1.77659e+09    0.211377 -0.0617259    0.10462 -0.0812826  0.0823191   0.500536
1.77659e+09   -0.325516 -0.0393553  -0.144652 -0.149154  0.443647  0.427294
1.77659e+09   -0.778254 -0.0627912  -0.374749 -0.296126 -0.177691  0.762499
1.77659e+09   -0.301015 -0.0287027  -0.205372 -0.287093 -0.701372    1.0374
1.77659e+09      0.137874    0.0799543 -0.000841063 0.0661784 -0.245562  0.606737
1.77659e+09   -0.100746   0.240809 -0.0711485 -0.112533  0.216596  0.633593
1.77659e+09  -0.503416  0.169436 -0.314029 -0.475326 0.0159128  0.429247
1.77659e+09  -0.363866   0.02243 -0.250113 -0.343734 -0.492388    1.0645
1.77659e+09  -0.00806758     0.26318  -0.0668875 -0.0912923  -0.447466   0.923143
1.77659e+09  -0.00806758     0.26318  -0.0668875 -0.0912923  -0.447466   0.923143
1.77659e+09  -0.164661  0.200329 -0.203241 -0.539535 0.0276316   0.60454
1.77659e+09  -0.245622  0.147066 -0.223481 -0.315658 -0.195269  0.822802
1.77659e+09  -0.110333  0.261049 -0.149978 -0.176253 -0.364458  0.852587
1.77659e+09  -0.110333  0.261049 -0.149978 -0.176253 -0.364458  0.852587
1.77659e+09  -0.00806758    0.399534   -0.104172  -0.547591 -0.0717336    0.82036
1.77659e+09  -0.0453518   0.271702  -0.114824  -0.547591 -0.0717336    0.82036
1.77659e+09  -0.0101981   0.226961 -0.0615611 -0.203109 -0.283892  0.858934
1.77659e+09  -0.0101981   0.226961 -0.0615611 -0.203109 -0.283892  0.858934
1.77659e+09    0.20179  0.541214 0.0183337 -0.542708 -0.161333  0.679979
1.77659e+09     0.161309    0.348401 -0.00616739 -0.542708 -0.161333  0.679979
1.77659e+09   0.0814146   0.354793 -0.0423864  -0.272689 -0.0783254    0.83452
1.77659e+09    0.0984589    0.520974 -0.00616739 -0.0859212  -0.152788    0.69243
1.77659e+09    0.108046   0.643479 -0.0210811 -0.470687 -0.213823  0.836473
1.77659e+09    0.108046   0.643479 -0.0210811 -0.470687 -0.213823  0.836473
1.77659e+09   0.141069  0.432557 0.0268558 -0.556136 -0.263628  0.814745
1.77659e+09   0.141069  0.432557 0.0268558 -0.556136 -0.263628  0.814745
1.77659e+09  0.355188 0.660523 0.150427 -0.475326 -0.234087  0.857469
1.77659e+09  0.355188 0.660523 0.150427 -0.475326 -0.234087  0.857469
1.77659e+09   0.130417  0.440014 0.0726622 -0.491927 -0.141558  0.682909
1.77659e+09   0.130417  0.440014 0.0726622 -0.491927 -0.141558  0.682909
1.77659e+09  0.364775 0.672241  0.20582 -0.649154 -0.148638  0.578661
1.77659e+09  0.364775 0.672241  0.20582 -0.649154 -0.148638  0.578661
1.77659e+09  0.0164335  0.532692 0.0343127 -0.417952  0.024946  0.793261
1.77659e+09  0.0164335  0.532692 0.0343127 -0.417952  0.024946  0.793261
1.77659e+09  0.235878 0.572106 0.157883 -0.521468 -0.419878   0.88994
1.77659e+09  0.235878 0.572106 0.157883 -0.521468 -0.419878   0.88994
1.77659e+09  0.193267 0.578498 0.161079 -0.611068 -0.120318  0.688524
1.77659e+09  0.193267 0.578498 0.161079 -0.611068 -0.120318  0.688524
1.77659e+09  0.232682 0.613652  0.16534 -0.620101  0.028364  0.771776
1.77659e+09  0.232682 0.613652  0.16534 -0.620101  0.028364  0.771776
1.77659e+09  0.324295  0.62537 0.210081 -1.21947 0.612837  1.60576
1.77659e+09   -0.655748 -0.0478775  -0.274614 -1.86107 0.597456 0.732225
1.77659e+09  -0.591833 -0.135229 -0.162761 -0.507064 0.0408152   1.74907
1.77659e+09  -0.591833 -0.135229 -0.162761 -0.507064 0.0408152   1.74907
1.77659e+09  -0.499155   0.10339 -0.069018   -1.67699 -0.0807668   0.698046
1.77659e+09  -0.499155   0.10339 -0.069018   -1.67699 -0.0807668   0.698046
1.77659e+09  -0.238165  -0.15973 0.0428348 -0.543685 -0.435747   1.32671
1.77659e+09  -0.238165  -0.15973 0.0428348 -0.543685 -0.435747   1.32671
1.77659e+09  -0.191293 -0.070248  -0.01682 -0.887679  0.409712  0.773729
1.77659e+09  -0.191293 -0.070248  -0.01682 -0.887679  0.409712  0.773729
1.77659e+09  -0.885846 -0.330173 -0.337465 -0.727767 -0.357622   1.06084
1.77659e+09  -0.885846 -0.330173 -0.337465 -0.727767 -0.357622   1.06084
1.77659e+09  -0.272253 -0.207667 0.0790538 -1.20457 -0.42232 0.803026
1.77659e+09  -0.272253 -0.207667 0.0790538 -1.20457 -0.42232 0.803026
1.77659e+09  -0.109268 -0.374914   0.24417 0.272477 -1.66011  1.12139
1.77659e+09  -0.109268 -0.374914   0.24417 0.272477 -1.66011  1.12139
1.77659e+09    1.3853 0.203525 0.708625  -1.46776 0.0290964  0.731981
1.77659e+09    1.3853 0.203525 0.708625  -1.46776 0.0290964  0.731981
1.77659e+09   0.508586 -0.550682  0.268671  -1.19871   1.00468 0.0039539
1.77659e+09  -0.386236 -0.454808 -0.137195 0.0713053  0.201948  0.772997
1.77659e+09    0.905929 -0.0851617   0.442309 -1.25633 -1.02071  1.04961
1.77659e+09    0.905929 -0.0851617   0.442309 -1.25633 -1.02071  1.04961
1.77659e+09    1.06998 -0.432438  0.459353 -1.10423 0.139936 0.593553
1.77659e+09   0.538413 -0.598619  0.198363 -0.127425  0.692915  0.367723
1.77659e+09    0.018564  -0.228972 -0.0136242 0.107682 0.425093 0.636766
1.77659e+09   0.0984589 -0.0755743   0.162144 -0.666488 -0.347613  0.822069
1.77659e+09  0.616177 -0.34189 0.295302   -1.3557 -0.319536   1.12676
1.77659e+09  0.782359 -0.58264  0.38798 -0.635726  0.729048    0.7708
1.77659e+09    0.106981   -0.56027 0.00661579   0.136979    1.21855 -0.0265637
1.77659e+09   -1.07014 -0.113924 -0.365162 -0.321761  0.377729  0.882616
1.77659e+09   -0.436304  -0.352543 -0.0604959 -0.939193  -0.88814  0.884081
1.77659e+09   0.440409 -0.429242   0.30702 -0.765365 -0.778765   1.45561
1.77659e+09   0.533087 -0.364261  0.311281 -0.498519  0.383589  0.678514
1.77659e+09   -0.386236  -0.472918 -0.0498432  -0.259749   0.332075 -0.0961438
1.77659e+09  -0.504481 -0.458004 -0.153174  -0.19554 -0.571001   1.31279
1.77659e+09   0.413777 -0.145882  0.288911 -0.713607 -0.817095   1.26348
1.77659e+09   0.817512 -0.402611  0.429526 -0.721175 0.0918406  0.369677
1.77659e+09  0.0111072 -0.515529 0.0460306 -0.228255   0.75688  0.625048
1.77659e+09  -0.424586 -0.236429 -0.120151 -0.309554  0.167768  0.944628
1.77659e+09  -0.111398 -0.373848 0.0662706 -0.824691 -0.442095  0.660448
1.77659e+09   0.380754 -0.471853  0.209016 -0.403792 -0.180132  0.969774
1.77659e+09   0.140004 -0.250278  0.107816 -0.276107  0.478315  0.657518
1.77659e+09   -0.312733  -0.277975 -0.0573001 -0.711165  0.245161  0.478807
1.77659e+09   -0.247752  -0.500615 -0.0828664 -0.693099   -0.3127   1.10185
1.77659e+09  0.0888715 -0.334434 0.0982285 -0.411117 -0.468462  0.912645
1.77659e+09   0.353057 -0.346152  0.211147  -0.575911 -0.0102102   0.693651
1.77659e+09   0.113373 -0.413263    0.1451 -0.53221 0.385053 0.747118
1.77659e+09  -0.335104 -0.367457 -0.164892 -0.500716 -0.114947  0.660204
1.77659e+09  0.0260209 -0.491027  0.116338 -0.923568   -0.5002  0.942675
1.77659e+09   0.717378 -0.482505   0.40609 -0.536117 -0.133013   1.11235
1.77659e+09   0.240139 -0.427112  0.227126 -0.372786  0.468305  0.173387
1.77659e+09   -0.246687  -0.524051 -0.0264074  -0.39891 -0.011675  0.619677
1.77659e+09   0.141069 -0.423916  0.218603 -0.842513 -0.598345   1.39043
1.77659e+09   0.880363 -0.511268    0.6266   -1.13573 -0.0529348     1.0147
1.77659e+09   0.802599 -0.951222  0.417808 0.206071  1.12089 0.325243
1.77659e+09  -0.226447 -0.512333  -0.57928   1.67995   2.00737 -0.244825
1.77659e+09   -1.53353   0.86825 -0.938274  1.37673  1.58232 0.881151
1.77659e+09   -2.0619 0.922578 -1.02136  -1.39159 -0.257525  0.884081
1.77659e+09  -0.665336 0.0820848 -0.245852 -2.25584 -2.28047  1.70171
1.77659e+09   0.955997 -0.184231  0.228191 -0.185042   -1.1108   1.17851
1.77659e+09   0.740813  0.375033 -0.111629 0.788835 0.845991 0.877977
1.77659e+09  -0.425651  0.699938  -0.50045 -0.904281   1.47148 -0.262648
1.77659e+09   -1.12873 0.0213647 -0.675153 -1.70311 0.488813 0.982714
1.77659e+09  -0.534308 -0.277975 -0.337465 -0.496077 -0.874468   1.35185
1.77659e+09   0.249726  0.152392 -0.174479  0.236589 -0.697954  0.946093
1.77659e+09  0.411647 0.541214 0.209016  -1.33543 -0.185015   1.78179
1.77659e+09    0.347731 -0.0329638   0.133382  -2.60814 -0.347368  0.821337
1.77659e+09   0.611916 -0.960809  0.188776 -0.71141 -0.28438 0.999559
1.77659e+09   0.836687 -0.267322  0.125925  1.62184 0.294233  1.28716
1.77659e+09   0.407386  0.792616 0.0140726 0.221208 0.598432 0.345995
1.77659e+09    0.186876   0.241874 -0.0445169 -2.02415 0.543257  0.41118
1.77659e+09   0.478758 -0.484636  0.173862 -0.768294  0.465376  0.803759
1.77659e+09    0.318969 -0.0169848  0.0151379   1.0547 0.507368 0.565966
1.77659e+09  -0.0666571   0.814987 -0.0551696 -0.163558  0.362104  0.919725
1.77659e+09  0.175158   0.3239 0.080119  -1.68236 0.0708445  0.474901
1.77659e+09   0.351992 -0.340825  0.156818 -0.892318  0.295942    1.0103
1.77659e+09   0.166636 0.0213647  0.101424 0.425553 0.540571 0.751512
1.77659e+09  -0.0549392   0.457058  0.0950327 -0.437484  0.280073   0.73955
1.77659e+09  0.136808 0.138544 0.170667   -1.36253 -0.0617239   0.562303
1.77659e+09  0.358383 -0.30141 0.260149 -0.654769  0.172651  0.891405
1.77659e+09     0.2444 0.0075163  0.227126 0.233415 0.436811 0.880663
1.77659e+09  -0.0133939   0.298333   0.113142 -0.500472  0.377485  0.776415
1.77659e+09  0.0601093 0.0341479  0.121664 -0.918929  0.156294  0.562548
1.77659e+09   0.144265 -0.127772  0.130186 -0.389632  0.247114  0.954882
1.77659e+09  0.0633051  0.154523 0.0939675 -0.0453939   0.414106   0.800829
1.77659e+09  -0.0964845   0.240809  0.0151379 -0.546615  0.316938  0.647997
1.77659e+09  -0.0304381   0.107651  0.0534874 -0.828109 0.0979441   0.86577
1.77659e+09  0.0590441 0.0181689 0.0918369 -0.516097  0.161665  0.898241
1.77659e+09  0.0409346  0.174763   0.10462 -0.442122  0.214155  0.897509
1.77659e+09  -0.00700232    0.127891   0.0620095 -0.742171  0.183882  0.853563
1.77659e+09  0.0441304 0.0213647   0.12273 -0.719466  0.146528  0.869432
1.77659e+09   0.050522 0.0128426   0.10249 -0.58055 0.144087 0.936327
1.77659e+09  0.0846104 0.0618448  0.132317 -0.730208  0.168257    1.0269
1.77659e+09   0.0782188 -0.0255069  0.0865106 -0.793441    0.2581  0.815966
1.77659e+09  0.00258506 -0.0872922  0.0897064 -0.673324  0.301313  0.897509
1.77659e+09   -0.106072 -0.0606606  0.0140726 -0.581283  0.139448  0.933153
1.77659e+09  -0.0123286  -0.050008  0.0726622  -0.740951 0.00907691    1.01763
1.77659e+09  0.0824799 -0.116054 0.0982285 -0.662581 0.0886668   0.79619
1.77659e+09   0.034543 -0.128838 0.0982285 -0.554671  0.222944  0.938036
1.77659e+09  -0.0613308 -0.0809007  0.0428348 -0.513656  0.139448  0.760546
1.77659e+09  0.00471559  -0.138425  0.0481611  -0.46849 0.0520457  0.722704
1.77659e+09   0.0846104 -0.0926186   0.096098 -0.370101  0.201216  0.838182
1.77659e+09   0.0015198 -0.0265722  0.0630748 -0.377669  0.369184  0.628954
1.77659e+09   -0.213664 -0.0681175 -0.0232116 -0.483626  0.235395  0.627733
1.77659e+09   -0.161466  -0.109663 -0.0232116 -0.411605  0.017866  0.757616
1.77659e+09   0.0206946 -0.0148543   0.100359 -0.329329 0.0906199  0.818895
1.77659e+09  -0.0794403  0.0352132  0.0460306 -0.518294  0.240522  0.669969
1.77659e+09   -0.229643 -0.0809007  -0.032799 -0.605452  0.125776  0.672411
1.77659e+09  -0.132704 -0.100075 0.0183337 -0.402572 0.0256785  0.859178
1.77659e+09   0.00791139 -0.00100582    0.117403 -0.345443  0.247358  0.755907
1.77659e+09   -0.426717 -0.0318985  -0.151043 -0.649398 -0.035845   1.11235
1.77659e+09   -0.214729  -0.261996 -0.0402558  -1.22826 -0.377154   1.32183
1.77659e+09   0.298729 -0.487832  0.215408 -0.327376 -0.262163  0.863329
1.77659e+09    0.30299 -0.345086  0.139774 0.229264 0.513227 0.921678
1.77659e+09   -0.294624 -0.0830312  -0.194719 0.0578776  0.597944  0.287645
1.77659e+09  -0.593963 -0.127772 -0.425882 -0.653548  0.232466   1.15996
1.77659e+09  -0.301015 -0.272648 -0.228808 -0.64891 -0.18355  1.10771
1.77659e+09  -0.0964845  -0.302476  -0.194719 -0.0715169  0.0989207   0.826219
1.77659e+09    -0.37878 -0.0713133  -0.348117  -0.03514 0.0964793  0.809374
1.77659e+09  -0.497024 -0.150143 -0.345987 -0.689193 -0.393267  0.900194
1.77659e+09  -0.0485476  -0.182101 -0.0221464 -0.178695  -0.96187   1.19243
1.77659e+09    0.373297  0.0629101 -0.0626264  0.228288 -0.631548   1.33721
1.77659e+09   0.463845  0.348401 0.0790538 -0.0424642 -0.0753957    1.15874
1.77659e+09    0.219899   0.280224 -0.0636917 -0.894027  0.238569  0.872606
1.77659e+09  -0.0293729  -0.118185    -0.1585  -0.844466 -0.0207082    1.07451
1.77659e+09  0.00684612 -0.0947491   -0.15637 -0.150863 -0.365679   1.07183
1.77659e+09   0.318969   0.16411 0.0183337  -0.41307 -0.399859   1.45659
1.77659e+09   0.476628 0.0192342 0.0833148  -1.0598 0.194624 0.880419
1.77659e+09   0.0494567  -0.411133 -0.0722138 -0.743636  0.482954  0.690477
1.77659e+09  -0.368127 -0.409002 -0.284201   0.145036 -0.0128957   0.942186
1.77659e+09   -0.154009 -0.0979449  -0.127608 -0.0241537  -0.583941    1.28691
1.77659e+09     0.50539 -0.0745091   0.179189  -0.62181 -0.278765  0.918749
1.77659e+09   0.304055 -0.355739  0.137643 -0.224105  0.448286  0.543993
1.77659e+09  -0.387302  -0.22045 -0.186197 0.307389 0.335249 0.608934
1.77659e+09  -0.394759 0.0245605 -0.130803 0.0495768 -0.484575   1.08257
1.77659e+09  0.248661 0.038409 0.152557 -0.525374 -0.660601  0.967089
1.77659e+09   0.469171 -0.135229  0.299564  -0.216536 -0.0661184   0.787889
1.77659e+09    0.018564 -0.0425511  0.0779885 0.135026  0.28813 0.681688
1.77659e+09   -0.215794  0.0597143 -0.0114937  -0.12596 -0.112261  0.796923
1.77659e+09   0.0760883 0.00645103   0.096098 -0.477767 -0.405474   1.01055
1.77659e+09    0.292337 -0.0617259   0.231387 -0.237533 -0.160357  0.882616
1.77659e+09   0.0696967 -0.0180501  0.0918369 0.0366374 0.0723093  0.788134
1.77659e+09  -0.101811  0.099129 0.0225948 -0.162093  -0.20479  0.931444
1.77659e+09    0.16344 0.0629101  0.151492 -0.497054  -0.35103    1.0125
1.77659e+09      0.30299 -0.00633214    0.230321 -0.234359 -0.121782  0.901659
1.77659e+09  0.0888715 0.0703669  0.103555  -0.10179 0.0657175  0.901659
1.77659e+09  -0.0528087   0.119369  0.0375085 -0.304183 -0.199663  0.841844
1.77659e+09   0.189006 0.0671711   0.14297 -0.448226   -0.3669   1.02788
1.77659e+09   0.326425 0.0703669  0.167471 -0.292952 -0.125689  0.911669
1.77659e+09   0.137874 0.0693016 0.0843801 -0.291732 0.0527781  0.804003
1.77659e+09  0.0611746 0.0639753 0.0353779 -0.40599 -0.16231 0.992235
1.77659e+09   0.247596 0.0266911  0.115273 -0.345199   -0.2419  0.816454
1.77659e+09   0.334948 0.0522574  0.184515 -0.127669 0.0105418  0.840624
1.77659e+09   0.152787  0.190742 0.0609443 -0.249495  0.142378  0.791307
1.77659e+09  0.0270861 0.0980638 0.0172684  -0.373275 -0.0231497   0.557909
1.77659e+09  0.217768 0.139609 0.144035 0.0129557 -0.192827   1.00127
1.77659e+09  0.300859 0.449601 0.156818 -0.0847005 -0.0251028    0.91704
1.77659e+09  0.191137   0.4251 0.075858 -0.577132  0.111372   0.56743
1.77659e+09  0.109112 0.238679 0.123795 -0.620101 0.0635203  0.886034
1.77659e+09  0.177288 0.331357 0.178123 -0.116195 -0.140337    1.0645
1.77659e+09  0.211377   0.5263 0.138709 -0.298324 -0.183062   1.07427
1.77659e+09  0.290206 0.481559  0.14297  -0.702132 -0.0565969    1.02349
1.77659e+09  0.297663 0.337748 0.149361 -0.666243  0.192915   1.16118
1.77659e+09  0.0643704  0.332422 0.0321821 -0.291488  0.128462   1.00371
1.77659e+09   0.0302819   0.420839 -0.0274727 -0.349349 -0.133501  0.952928
1.77659e+09   0.251857  0.413382 0.0609443 -0.659163 -0.116411   1.22051
1.77659e+09   0.276358  0.302595 0.0204642 -0.509261  0.303266  0.847948
1.77659e+09  -0.142291  0.238679 -0.187262 -0.113021  0.341841  0.676073
1.77659e+09  -0.210468  0.367576 -0.255439    0.02736 -0.0402395   0.955614
1.77659e+09   0.0941978   0.538018 -0.0445169 -0.379867  -0.16646   1.01225
1.77659e+09     0.16344   0.381424 -0.0434516 -0.453841 0.0603464  0.556688
1.77659e+09  0.0249556  0.324965 -0.104172 0.0588542  0.223432  0.753466
1.77659e+09   -0.021916   0.578498 -0.0711485 0.0859538  0.227339  0.892382
1.77659e+09  -0.00913285    0.654132  -0.0104284 -0.431624  0.125532  0.721971
1.77659e+09  -0.0528087   0.421904 -0.0200158  -0.53221 0.0259226  0.665087
1.77659e+09  -0.0922235   0.345205  -0.111629  -0.191146 -0.0819875     1.0811
1.77659e+09   0.166636  0.519908 0.0513569 -0.0983724    0.13896     1.1187
1.77659e+09   0.0217598   0.531626 -0.0114937 -0.231185  0.269819  0.378221
1.77659e+09  -0.256274  0.259984 -0.112694 -0.272933  0.113569   1.01616
1.77659e+09  -0.000610732     0.547605    0.0151379 -0.193831  -0.12398   1.42314
1.77659e+09  -0.0655919   0.398468 -0.0647569  -0.668441 -0.0641653   0.358934
1.77659e+09    0.050522  0.0416048 -0.0136242   0.178971 -0.0607473   0.505663
1.77659e+09   0.356253  0.573172 0.0311169 -0.448958  0.460493   2.94536
1.77659e+09   0.452127   1.08024 -0.172349 -3.10472  1.89262  2.08769
1.77659e+09   -1.20223  -1.08651 -0.960644 -3.15721  2.55571 -1.63716
1.77659e+09   -2.5892 -1.47853  -1.3761 1.08449  1.3416 2.38359
1.77659e+09   -2.3868 0.538018 -1.12896  1.02638 -1.02999  2.72783
1.77659e+09  -0.592898  0.353727 -0.470623   -2.88817   -1.89229 0.00200078
1.77659e+09   0.436148  -1.41461 -0.012559 -2.23314 0.082075  1.13823
1.77659e+09  -0.738839  -1.08651 -0.703916  1.13503 0.865034 0.610399
1.77659e+09   -1.90956 0.0043205 -0.636804 0.167985 -0.54854 0.727343
1.77659e+09  -0.223251 -0.153339  0.396503 -0.88304 -3.53121  1.36016
1.77659e+09     2.29077 -0.0255069    1.39892 -0.346663   -2.3813   2.24565
1.77659e+09   3.07481 0.299399  1.52675 0.0993815   1.34941    1.1375
1.77659e+09  0.863319  0.20246 0.564814 -0.83055  3.32182 -1.56709
1.77659e+09   -1.86695 0.0469311  -0.60165 -0.759993   2.43999  0.625536
1.77659e+09   -1.94791 -0.118185 -0.604846 -0.743636 -0.777056   2.02764
1.77659e+09   -0.103941    0.02243 0.00235473 -1.01292 -2.15669  1.76128
1.77659e+09   0.789815 -0.101141  0.455092 -0.895003 -0.831011   1.17998
1.77659e+09    0.42443 -0.534703 0.0247253 -0.386702  0.628218  0.197313
1.77659e+09  -0.766536 -0.365326 -0.250113 0.0808268  0.305464  0.273729
1.77659e+09   -0.50235 -0.118185 -0.218155 -0.477279  -1.01534   1.86919
1.77659e+09   0.684354 -0.176774   0.42633 -1.38109  -1.0251 0.793749
1.77659e+09    1.04974 -0.838304   0.46468    0.16237 0.00468238   -0.11006
1.77659e+09   0.179419 -0.184231  0.123795 0.879167  1.04814 0.971971
1.77659e+09   -0.58331   0.36651 -0.204307 -0.370101 0.0569285  0.711718
1.77659e+09  -0.0964845  -0.385566  0.0247253  -1.84178 -0.930865  0.783251
1.77659e+09      1.054 -0.662535  0.558423  0.584977 -0.210406  0.592333
1.77659e+09   0.392472  0.175828 -0.175544   1.2234  1.07841 0.328661
1.77659e+09  -0.818734  0.743614 -0.409903 -1.06419 0.799116 0.616747
1.77659e+09  -0.782515 -0.463331 -0.374749  -2.01048 -0.726519    0.4666
1.77659e+09   0.494737 -0.648687 0.0108768  0.206071 -0.544878   1.49053
1.77659e+09    0.584219   0.134283 -0.0711485  1.54567 0.818647 0.829637
1.77659e+09  -0.784645  0.736157 -0.554779 -0.805892   1.07622 -0.379835
1.77659e+09   -1.24697 -0.176774 -0.472753  -2.26414 -0.233111   1.44365
1.77659e+09  -0.0858319  -0.684906  -0.073279 -0.486068  -1.31758   1.61064
1.77659e+09     0.54587  -0.153339 -0.0317337   1.08156 -0.067095   1.14067
1.77659e+09  -0.0496129   0.418708  -0.167022 -0.00169272    0.824995    0.663134
1.77659e+09   -0.651487 0.00645103  -0.307637 -1.59593 0.710005  0.41411
1.77659e+09  -0.703685 -0.703015 -0.361966 -0.652816 -0.295122   1.25933
1.77659e+09   -0.134834  -0.189558 -0.0210811  0.636491 -0.328081   1.34941
1.77659e+09   0.140004  0.209917 0.0673359 0.273942 0.178511 0.456591
1.77659e+09   -0.488502 -0.0457469  -0.246917 -0.620101  0.557417  0.566942
1.77659e+09  -0.848561 -0.211928 -0.333204 -0.539046 -0.132281   1.23345
1.77659e+09   -0.275449   -0.17997 -0.0349295 -0.0287923  -0.668657   0.829882
1.77659e+09    0.321099 0.00218997   0.209016 0.630143 0.017866 0.757128
1.77659e+09   0.0995241   0.180089 -0.0200158  0.728776  0.662153 -0.125196
1.77659e+09   -1.19158  0.588085 -0.584606 -0.481673  0.555219  0.743212
1.77659e+09  -0.625921   0.20459 -0.129738 -0.583968 -0.259722  0.581102
1.77659e+09  -0.0442866   0.301529  0.0268558  0.230973 0.0984324  0.811327
1.77659e+09   -0.70049  0.719113 -0.247982 -0.00974937    0.109907     0.12163
1.77659e+09   -1.47387   1.06639 -0.288462 -3.57469 -1.26216  2.09453
1.77659e+09    0.174093 -0.0318985   0.461484 -3.99583 -3.98604  2.40288
1.77659e+09   2.58905 -1.18025  1.42342 -2.24876 -2.71334  2.70366
1.77659e+09   3.67881 -0.58051  1.60771 1.42458 1.52592 2.01885
1.77659e+09   1.07957 0.467711 0.380524 -0.411117   4.00102  -2.62324
1.77659e+09     -2.48694 -0.00207108     -1.3452 -1.82127  3.68022 -0.66255
1.77659e+09   -2.77456 -0.417524  -1.23229 0.613298 0.141645 0.727343
1.77659e+09   -1.80091  0.966254 -0.987276 0.844499 -2.59883  1.73271
1.77659e+09   0.0984589    1.30181 -0.0519738 -2.00682 -3.17403 0.918261
1.77659e+09   1.59729 0.359054 0.495572 -2.65428 -1.09932 0.790575
1.77659e+09    0.797272 -0.0713133  0.0705317 -0.738021  0.644331   0.29912
1.77659e+09  -0.308472  0.403795 -0.307637 -0.123519  0.499067  0.255175
1.77659e+09   0.086741  0.633892 0.0641401 -0.839339 -0.387896   0.91118
1.77659e+09  0.646005 0.475167 0.222864  -2.13939 -0.553423   1.11675
1.77659e+09    0.66731 -0.300345  0.341109 -1.45775 0.161909 0.143846
1.77659e+09   0.236943 -0.215124 0.0257905 0.228532 0.328169 0.516893
1.77659e+09   0.132547  0.368641 0.0662706 0.127458 0.270307 0.281054
1.77659e+09  0.0569135  0.405925 0.0982285  -1.05785 -0.206988  0.500536
1.77659e+09    0.176223 -0.0223111  0.0588137  -1.24095 -0.208697  0.524462
1.77659e+09    0.389276 -0.0755743   0.253757 -0.32347 0.182173 0.552782
1.77659e+09  0.0366735  0.259984  0.129121  0.318376  0.179975 0.0154285
1.77659e+09  -0.094354  0.452797 0.0854454  -0.196517 -0.0954153   0.226854
1.77659e+09  0.0941978  0.507125  0.162144 -0.821029 -0.469195  0.491747
1.77659e+09  0.381819 0.360119 0.287846 -0.798324 -0.213335  0.307665
1.77659e+09  0.132547 0.362249 0.175993  -0.137923 -0.0646536   0.182665
1.77659e+09  0.130417 0.623239 0.195168 -0.0236654  -0.250933   0.422655
1.77659e+09  0.378623 0.869315 0.302759 -0.821517 -0.336626   0.82036
1.77659e+09  0.369036 0.583824 0.312347   -1.06273 -0.0937063 -0.0417004
1.77659e+09  0.233747 0.321769  0.18345 -0.204085 -0.032427  0.258348
1.77659e+09  0.197528 0.820313 0.222864  0.108415 -0.195513  0.740526
1.77659e+09  0.307251 0.985429 0.235648  -1.01097 -0.385454  0.131151
1.77659e+09  0.483019 0.405925 0.361349  -1.01781 -0.325152  0.100634
1.77659e+09  0.409516 0.495407 0.289976 -0.0864095  -0.140337   0.760057
1.77659e+09  0.853731 0.903404 0.481724  -0.3264 0.698774  1.16558
1.77659e+09  0.559718   1.1335 0.321934   -2.291  1.80156 0.702684
1.77659e+09  -0.666401  0.599803 -0.631478 -3.99583  2.82841  2.35088
1.77659e+09   -2.03846 -0.759474 -0.965971 -3.61766  2.27739 0.837206
1.77659e+09   -2.64779  -1.35283 -0.947861  0.896745 -0.144243  0.494188
1.77659e+09  -0.94337 0.631761 0.252692  1.07668 -1.40132  2.98027
1.77659e+09  0.410581  1.29649 0.827935   -3.0222 -0.762896  0.146776
1.77659e+09  -0.0261771   -1.11527   0.560553 -3.58299  1.24785 -1.00484
1.77659e+09  -1.26721 -1.20795 0.232452 0.910173 0.940473  1.79082
1.77659e+09  -1.25869 0.525235 0.465745  0.814714 -0.239947   1.35112
1.77659e+09  0.00365033   0.413382    1.08573 -2.14744 -1.19869 0.194139
1.77659e+09   0.537348 -0.674253   1.37548  -2.28245 0.0903757  0.893358
1.77659e+09  0.0313472   -0.7648   1.07081 0.145036 0.890425 0.268358
1.77659e+09   -0.845365 0.00964683   0.787455  0.583757  0.506391 -0.232863
1.77659e+09  -0.526851  0.306856  0.980268 -0.777572 -0.048052   1.06108
1.77659e+09  -0.0442866  -0.065987    1.16775 -1.68285 0.121137 0.503221
1.77659e+09  -0.230708 -0.617794   1.08999  -0.302718   0.736372 -0.0890637
1.77659e+09  -0.889041 0.0511921  0.715017 0.553483  0.78227 0.387743
1.77659e+09  -1.18305  0.48369 0.737387 -0.786849  0.224653  0.605272
1.77659e+09  -0.810212 -0.104336  0.911025  -1.79417 -0.358111  0.511278
1.77659e+09  -0.328712 -0.398349    1.1358 -0.660628 0.0723093   0.80913
1.77659e+09   -0.577984 -0.0457469    1.00051  0.21901 0.629194 0.311815
1.77659e+09  -1.25336 0.264245 0.802368 -0.772201   0.21855  0.406298
1.77659e+09   -0.928456 -0.0883575   0.965354  -1.58592 -0.542437  0.958055
1.77659e+09  -0.216859 -0.351478   1.29878 -0.973617  -0.17354   1.00322
1.77659e+09  -0.307407 -0.165057   1.20717 -0.00828452    0.613325    0.448046
1.77659e+09  -1.06161  0.14174 0.900373 -0.466292  0.595259  0.199999
1.77659e+09    -1.15855 -0.0830312   0.913156  -1.36107 -0.133501   1.01055
1.77659e+09   -0.50022 -0.298215    1.2125 -0.905013  -0.36812    1.0479
1.77659e+09  -0.363866 -0.145882   1.28493 -0.238265  0.330854  0.783007
1.77659e+09  -0.959349  0.058649   1.02181 -0.427962  0.333784   0.28203
1.77659e+09   -0.930587 -0.0446817    1.05377  -1.18455 -0.112261   1.09233
1.77659e+09  -0.471458  -0.17784   1.29665 -0.991439 -0.132281  0.923632
1.77659e+09  -0.504481 -0.207667    1.2338 -0.505355  0.368696  0.539843
1.77659e+09    -1.00942 -0.0872922    1.03247 -0.435286  0.207075  0.665575
1.77659e+09   -0.800624 -0.0287027    1.17202 -0.909408 -0.263628  0.999559
1.77659e+09  -0.368127 -0.156534   1.40424   -1.05321 -0.0543997   0.900927
1.77659e+09  -0.509807  -0.26093   1.29239 -0.602035  0.540571  0.566454
1.77659e+09   -1.11275 -0.152273   1.07081 -0.477767  0.328657  0.636522
1.77659e+09  -0.933782 -0.129903   1.16456 -0.896468 -0.296587     1.054
1.77659e+09  -0.427782 -0.208732   1.42022 -0.936507  -0.10982  0.974657
1.77659e+09  -0.523656 -0.274779   1.33394 -0.587142  0.543745  0.525682
1.77659e+09  -1.15536 -0.23856  1.09319 -0.386702  0.415083  0.513964
1.77659e+09   -1.08612 -0.142686   1.14432 -0.798324  -0.22896   1.12407
1.77659e+09  -0.586506 -0.237495    1.4085 -0.995345 -0.231157  0.843065
1.77659e+09   -0.56094 -0.363196   1.41383 -0.487777  0.287153  0.578173
1.77659e+09   -1.00196 -0.202341   1.23806 -0.418197  0.300581  0.728319
1.77659e+09  -0.942305 -0.197014    1.2828  -0.81224 -0.155474  0.861376
1.77659e+09  -0.592898  -0.31952   1.47988  -0.825911 -0.0675832    0.83452
1.77659e+09  -0.612073 -0.310998   1.47988 -0.430648  0.326216  0.603563
1.77659e+09   -1.00409 -0.225777   1.30304 -0.473372  0.304975  0.677538
1.77659e+09  -0.970001 -0.249212   1.35204  -0.832992 -0.0482961   0.926561
1.77659e+09  -0.675988 -0.347217   1.52249 -0.667952 0.0305613   0.64287
1.77659e+09  -0.812342 -0.313128   1.46177 -0.399642  0.302046  0.654833
1.77659e+09   -1.06907 -0.227907   1.31583 -0.553451  0.146284  0.699266
1.77659e+09  -0.978524 -0.289692   1.39359 -0.872542 -0.169146   0.81743
1.77659e+09  -0.686641 -0.390893   1.54699  -0.661605 -0.0165579   0.729784
1.77659e+09  -0.818734  -0.31952   1.49799 -0.259993  0.262007  0.565233
1.77659e+09   -1.09464 -0.202341   1.35844 -0.646224  0.126753  0.778368
1.77659e+09  -0.991307 -0.355739   1.41809 -0.970199 -0.202349    0.7083
1.77659e+09  -0.747361  -0.49955   1.56403 -0.636214 -0.127154  0.791552
1.77659e+09  -0.779319 -0.353608   1.53101 -0.288558  0.103315  0.724901
1.77659e+09    -0.9455 -0.263061   1.46709  -0.72972 0.0842722  0.719042
1.77659e+09  -0.929521 -0.475049   1.46177 -0.962874 -0.117388   0.70244
1.77659e+09  -0.772927 -0.551748   1.58001 -0.600814 -0.106646   0.84746
1.77659e+09  -0.772927 -0.551748   1.58001 -0.600814 -0.106646   0.84746
1.77659e+09  -0.913542 -0.402611    1.5097  -0.689193 -0.0507375   0.600634
1.77659e+09  -0.913542 -0.402611    1.5097  -0.689193 -0.0507375   0.600634
1.77659e+09  -0.477849 -0.442025   1.83035 -0.220687 -0.588823  0.989305
1.77659e+09  -0.477849 -0.442025   1.83035 -0.220687 -0.588823  0.989305
1.77659e+09   -0.274384 -0.0148543    1.94327 -0.596419  0.149458  0.762987
1.77659e+09   -0.274384 -0.0148543    1.94327 -0.596419  0.149458  0.762987
1.77659e+09  -0.655748 -0.328042   1.76643 -0.384261   0.20146  0.855516
1.77659e+09  -0.655748 -0.328042   1.76643 -0.384261   0.20146  0.855516
1.77659e+09   -0.691967 -0.0169848    1.71637 -0.731185  0.180952  0.256639
1.77659e+09   -0.691967 -0.0169848    1.71637 -0.731185  0.180952  0.256639
1.77659e+09  -0.871997 0.0597143   1.34033  0.439958 -0.532427   1.03252
1.77659e+09  -0.871997 0.0597143   1.34033  0.439958 -0.532427   1.03252
1.77659e+09     -0.60142 -0.00952793     1.01116   -1.6245 -0.848101  0.257616
1.77659e+09     -0.60142 -0.00952793     1.01116   -1.6245 -0.848101  0.257616
1.77659e+09  -0.497024  0.350531  0.662819  0.573258 -0.410845  0.964647
1.77659e+09  -0.573723  0.555062   0.28465  -1.21922 -0.647906  0.631639
1.77659e+09  -0.511938 -0.270518  0.186645  -1.72166 -0.711382  0.851854
1.77659e+09  -0.511938 -0.270518  0.186645  -1.72166 -0.711382  0.851854
1.77659e+09  -0.395824  0.130022  0.039639  0.100846 -0.408648  0.873094
1.77659e+09  -0.395824  0.130022  0.039639  0.100846 -0.408648  0.873094
1.77659e+09  -0.147617 -0.323781 0.0130074 -0.884261 -0.578325   1.00737
1.77659e+09  -0.147617 -0.323781 0.0130074 -0.884261 -0.578325   1.00737
1.77659e+09   -0.0570697   0.0810196 0.000224201 -0.213363  0.118452  0.818895
1.77659e+09   -0.0570697   0.0810196 0.000224201 -0.213363  0.118452  0.818895
1.77659e+09  -0.437369 -0.121381 -0.200046 -0.272689 0.0137156  0.904589
1.77659e+09  -0.437369 -0.121381 -0.200046 -0.272689 0.0137156  0.904589
1.77659e+09  -0.0496129   0.279159 -0.0200158 -0.477035 -0.130327  0.911669
1.77659e+09  -0.0496129   0.279159 -0.0200158 -0.477035 -0.130327  0.911669
1.77659e+09  -0.440565 0.0277563 -0.177675 -0.336898  0.455366  0.776659
1.77659e+09  -0.440565 0.0277563 -0.177675 -0.336898  0.455366  0.776659
1.77659e+09  -0.457609  0.293007 -0.214959 -0.730697 -0.143999   1.06719
1.77659e+09  -0.457609  0.293007 -0.214959 -0.730697 -0.143999   1.06719
1.77659e+09  -0.420325  0.038409 -0.227742 -0.314193  0.453169  0.900438
1.77659e+09  -0.420325  0.038409 -0.227742 -0.314193  0.453169  0.900438
1.77659e+09  -0.797429  0.212047 -0.428012 -0.528548 -0.144732   1.02544
1.77659e+09  -0.797429  0.212047 -0.428012 -0.528548 -0.144732   1.02544
1.77659e+09  -0.417129 0.0565185 -0.262896 -0.444076  0.117964  0.876512
1.77659e+09  -0.417129 0.0565185 -0.262896 -0.444076  0.117964  0.876512
1.77659e+09  -0.712207  0.131087 -0.404576 -0.605697 -0.258501  0.982225
1.77659e+09  -0.712207  0.131087 -0.404576 -0.605697 -0.258501  0.982225
1.77659e+09  -0.400085 0.0693016 -0.268222 -0.647201 -0.378863   1.02861
1.77659e+09  -0.168923 0.0607795 -0.141456 -0.457747 0.0117625  0.982469
1.77659e+09  -0.683445 0.0181689 -0.398185 -0.416243  0.201216  0.577684
1.77659e+09  -0.683445 0.0181689 -0.398185 -0.416243  0.201216  0.577684
1.77659e+09    -0.606746 -0.00313635    -0.30018 -0.315658 -0.197954  0.990282
1.77659e+09  -0.271188  0.163045 -0.169153 -0.302962 -0.139849  0.983446
1.77659e+09   -0.552418 -0.0308332  -0.250113  -0.534408 -0.0373098   0.740038
1.77659e+09   -0.552418 -0.0308332  -0.250113  -0.534408 -0.0373098   0.740038
1.77659e+09  -0.417129 0.0490616 -0.160631  -0.27098 -0.303423   1.19341
1.77659e+09  -0.0964845   0.237613  0.0130074  -0.606673 -0.0954153    1.03667
1.77659e+09  -0.458674 -0.140555 -0.103106 -0.843245  0.172651  0.634569
1.77659e+09  -0.458674 -0.140555 -0.103106  -0.501693 -0.0858938    1.03935
1.77659e+09    -0.294624   0.0362784 -0.00723265 -0.392074 -0.522173   1.17632
1.77659e+09   0.182615 0.0565185  0.216473 -0.780501 -0.285601   0.92705
1.77659e+09  0.112307 -0.13736  0.20369 -0.686019  0.247358  0.745165
1.77659e+09   -0.301015  -0.188492 0.00448526 -0.232161  0.193891  0.660692
1.77659e+09   -0.361735 -0.0713133  -0.012559 -0.333236 -0.387652   1.05937
1.77659e+09    0.175158 -0.0148543    0.22393 -0.769759 -0.402056  0.956346
1.77659e+09   0.218834 -0.224711  0.263345  -0.5764  0.12602 0.537157
1.77659e+09  -0.188097 -0.233233 0.0257905 -0.188704  0.252729    0.7166
1.77659e+09   -0.262666 -0.0681175 -0.0658222  -0.225326 -0.0251028    0.88286
1.77659e+09    0.014303 -0.0382901 -0.0381253 -0.197494  0.266889  0.768846
1.77659e+09  -0.272253  0.038409 -0.209633 0.0852213  0.734907  0.707323
1.77659e+09  -0.966806  0.315378 -0.383271 -0.154036   0.34062  0.717821
1.77659e+09  -0.909281  0.203525 -0.421621 -0.841292 -0.768511   1.09014
1.77659e+09   0.0153682   0.102325 -0.0200158 -0.906478 -0.823443   1.33086
1.77659e+09   0.161309  0.115108 0.0108768  -0.664535 -0.0216848   0.872118
1.77659e+09   -0.271188 -0.0425511  -0.132934 -0.733382  0.281782  0.755663
1.77659e+09  -0.493828 -0.133099 -0.220286 -0.519515 -0.348345   1.00469
1.77659e+09    0.034543 -0.0478775  0.0375085 -0.466292 -0.518023   1.10625
1.77659e+09    0.276358 -0.0212458   0.118469 -0.485335 0.0486277  0.932665
1.77659e+09   -0.149748 -0.0638564 -0.0594306 -0.586898   0.42021  0.703905
1.77659e+09  -0.424586 -0.178905 -0.193654 -0.516829 0.0505808  0.779833
1.77659e+09   -0.236034  -0.144817 -0.0583653 -0.271712 -0.340288   1.01445
1.77659e+09  -0.0133939  0.0458658  0.0566832 -0.261702 -0.396685  0.828661
1.77659e+09  0.0984589 0.0043205  0.111012 -0.499251  -0.12813  0.758104
1.77659e+09  0.0324125 0.0181689 0.0833148 -0.572982 0.0850046  0.985887
1.77659e+09    -0.15827 -0.0595954 0.00874632 -0.598372 0.0229929  0.617723
1.77659e+09  -0.0932887  -0.133099  0.0737275 -0.195785 -0.236529  0.863573
1.77659e+09  0.131482 0.149196 0.182384 -0.346175 -0.155962    1.2376
1.77659e+09  0.0899367 0.0735627  0.179189 -0.886458 0.0767039  0.675585
1.77659e+09  -0.0762445  -0.246017   0.111012 -0.555648 0.0554636  0.584276
1.77659e+09  -0.0986151 -0.0883575   0.114207 -0.00706382   -0.181109     1.01274
1.77659e+09  0.0973936   0.16198   0.20369 -0.234847 -0.254351  0.870653
1.77659e+09  0.159179 0.104455 0.237778  -0.754134 -0.0673391   0.883104
1.77659e+09   0.0377388 -0.0723785   0.201559   -0.740951 -0.00288598    0.742723
1.77659e+09   0.054783 -0.152273  0.243105 -0.186751 -0.178667  0.798632
1.77659e+09  0.208181 0.119369 0.298498 -0.0414876  -0.207964    1.10137
1.77659e+09  0.378623 0.234418 0.413547 -0.742904  0.163618  0.899706
1.77659e+09    0.105916 -0.0809007   0.270801 -0.673324  0.395796  0.396044
1.77659e+09   -0.151878 -0.0819659   0.148296 0.0688639  0.211958  0.880175
1.77659e+09  -0.171053  0.334552  0.135513 -0.108626 -0.263628  0.967821
1.77659e+09  0.075023 0.251462 0.164275 -0.917952 -0.330034  0.641405
1.77659e+09     0.157048 -0.00100582    0.255888 -0.733626 -0.105181  0.919481
1.77659e+09  -0.0346992   0.102325   0.111012 -0.331038 -0.177691  0.916063
1.77659e+09  0.034543 0.137479 0.174928 -0.571029 -0.449663   0.97954
1.77659e+09  0.535217 0.124695 0.435917 -0.817855 -0.288286   1.21929
1.77659e+09   0.445735 0.0075163  0.393307 -0.603255   0.24394  0.611376
1.77659e+09   0.0153682 -0.0649217   0.211147 -0.293929  0.170698  0.732469
1.77659e+09   0.16344 0.131087 0.289976 -0.396224 -0.184771    1.2415
1.77659e+09  0.373297 0.155588 0.389046  -0.758285 -0.0587942   0.740038
1.77659e+09    0.243335 -0.0979449   0.299564 -0.567855  0.250776  0.651903
1.77659e+09  0.00897665  0.0107121    0.20582 -0.181624  0.175825  0.904833
1.77659e+09  0.0526525   0.16198   0.22393 -0.393783 -0.157427  0.839647
1.77659e+09   0.176223 0.0714322  0.260149 -0.732406 -0.201616  0.889208
1.77659e+09   0.360514 -0.034029  0.359218 -0.558089  0.151655    0.9312
1.77659e+09  0.147461  0.04267 0.269736 -0.413558  0.397016  0.783739
1.77659e+09  -0.135899  0.158784 -0.106302 -1.04491 0.467329  1.23686
1.77659e+09  -0.386236 -0.122446 -0.170218 -1.67357 0.427534  1.03472
1.77659e+09  -0.417129 -0.576249 -0.261831 -0.784896  0.358686  0.974413
1.77659e+09  -0.571593 -0.236429 -0.220286 0.298844 0.154829 0.964647
1.77659e+09  -0.547091  0.117239 -0.249048 -0.474349 -0.334673  0.748094
1.77659e+09   -0.225382  -0.226842 -0.0583653  -1.20433 -0.536089  0.783739
1.77659e+09  0.0803494 -0.363196 0.0929022 -0.391341 -0.278765   0.84868
1.77659e+09  -0.0474824  -0.144817  0.0577485 0.0080729 0.0471628  0.452929
1.77659e+09  -0.0485476 -0.0553343   0.080119 -0.146224 0.0139597  0.607714
1.77659e+09  -0.0272423 0.00325524  0.0332474 -0.574202 0.0229929  0.865282
1.77659e+09  -0.0602655  -0.149078  0.0694664 -0.715316 0.0222605  0.559862
1.77659e+09  -0.0762445  -0.256669  0.0119421  -0.175765 -0.0180227   0.694872
1.77659e+09  -0.074114 0.0171037 0.0385737 -0.0724935 0.00321753    1.01616
1.77659e+09  -0.074114    0.1215 0.0289863 -0.620345 -0.049761  0.674852
1.77659e+09  -0.074114 -0.116054 0.0279211 -0.805404 -0.128374  0.785204
1.77659e+09  0.00471559  -0.110728  0.0481611 -0.425277 -0.096636  0.952196
1.77659e+09  0.0643704 0.0234953 0.0907717 -0.45555 0.102583 0.912157
1.77659e+09    -0.105007  -0.0105932 -0.00190633 -0.832015   0.16728  0.877245
1.77659e+09   -0.216859  -0.193819 -0.0498432  -0.979964 -0.0624563   0.906786
1.77659e+09  -0.0805056  -0.326977    0.02366 -0.44847 -0.23897 0.845018
1.77659e+09   0.121895 -0.127772  0.137643 -0.197005 0.0066355    1.1812
1.77659e+09   -0.058135 0.00538577  0.0513569 -0.609603  0.203169  0.621874
1.77659e+09   -0.244556  -0.306737 -0.0391906 -0.859115  0.040571  0.718309
1.77659e+09  -0.127377 -0.335499 0.0492264 -0.254867 -0.227739   1.02373
1.77659e+09   0.0888715 -0.0681175   0.132317 -0.144271 -0.119829  0.983934
1.77659e+09   0.0100419 -0.0521385   0.100359 -0.637679  0.135542  0.663134
1.77659e+09  -0.176379 -0.275844 0.0151379 -0.634749 0.0503367  0.731493
1.77659e+09  -0.151878 -0.259865 0.0694664 -0.187484 -0.180132  0.939012
1.77659e+09     0.103785 -0.00207108    0.209016 -0.245101 -0.173052   1.08306
1.77659e+09     0.145331 -0.00846267     0.22606 -0.610335  0.193891  0.554003
1.77659e+09  -0.101811  -0.19808  0.116338 -0.448714  0.412886  0.502977
1.77659e+09  -0.286102 -0.070248 0.0694664 -0.0873861   0.201948    0.84038
1.77659e+09  -0.17851 0.109782 0.156818  -0.319076 -0.0160696   0.816942
1.77659e+09  -0.0613308  0.0852806   0.283585 -0.669173 0.0478953  0.813768
1.77659e+09    -0.11992 -0.0159195   0.259083 -0.582503  0.217573  0.734667
1.77659e+09  -0.184901 0.0128426  0.320869 -0.27098 0.305952 0.753221
1.77659e+09  -0.314864  0.198199  0.220734 -0.305648  0.198042  0.799364
1.77659e+09  -0.229643  0.241874  0.317673 -0.709945  0.294233  0.715136
1.77659e+09  -0.330843 0.0810196  0.228191 -0.342269    0.5081  0.393114
1.77659e+09  -0.683445  0.270637  0.170667 -0.10179 0.517866 0.745165
1.77659e+09  -0.778254  0.461319  0.177058 -0.689193  0.017866  0.889452
1.77659e+09  -0.410738  0.191807  0.428461 -1.15111 -0.10396 0.904589
1.77659e+09  -0.287167 0.0969985  0.581859 -0.700423  0.186567   1.18804
1.77659e+09  -0.460805  0.201394  0.523269 -0.675277   0.42021  0.987841
1.77659e+09  -0.569462  0.105521  0.532856 -0.918441    0.3831   1.02373
1.77659e+09    -0.584376 -0.00420161    0.570141 -0.682601  0.309858  0.822557
1.77659e+09  -0.640835 0.0511921  0.582924 -0.700911  0.373579  0.933886
1.77659e+09  -0.707946   0.04267  0.604229 -0.879867  0.221479  0.880175
1.77659e+09   -0.639769 -0.0745091    0.68732 -0.987533  0.183393   0.87285
1.77659e+09  -0.599289 -0.214059   0.78852 -0.36888 0.322798  0.52788
1.77659e+09   -0.791037 0.00325524   0.705429 -0.0475912   0.325727   0.844774
1.77659e+09  -0.860279  0.230157  0.670276 -0.76512 0.141401 0.633348
1.77659e+09  -0.753753  -0.11712   0.78852    -1.01268 4.37052e-05    0.474413
1.77659e+09  -0.614203 -0.188492   0.88759 -0.155745  0.199751  0.709032
1.77659e+09  -0.750557   0.20459  0.904634 0.224381 0.195112 0.586229
1.77659e+09  -0.887976  0.394207  0.710756 -0.980697  0.089155   0.84038
1.77659e+09  -0.916738 -0.163991  0.825804  -1.17992 -0.386431   0.39287
1.77659e+09  -0.494893 -0.205537  0.904634 0.0385905 -0.513384   1.10283
1.77659e+09  -0.139095  0.392077   1.09958 0.110612 0.145307 0.694139
1.77659e+09  -0.546026   0.36438  0.892916 -0.767318  0.439985  0.037157
1.77659e+09   -0.829387 -0.0372248   0.746975 -0.747298  0.223921  0.569384
1.77659e+09  -0.642965  0.148131  0.915286 -0.261214 -0.067095   1.17705
1.77659e+09  -0.444826  0.321769  0.980268 -0.207259 0.0684031  0.532274
1.77659e+09  -0.580115  0.322835  0.969615 -0.52513 0.259809 0.668993
1.77659e+09  -0.686641   0.26531  0.900373 -0.629622  0.220991  0.629198
1.77659e+09  -0.664271  0.277028  0.964289 -0.621077  0.136274  0.936571
1.77659e+09  -0.648292   0.34627  0.983463  -0.564681 -0.0175344   0.748339
1.77659e+09  -0.506611  0.319639    1.0804 -0.772689 0.0539988  0.893114
1.77659e+09  -0.347887  0.290877   1.17947 -0.669906  0.437055  0.747606
1.77659e+09  -0.696228  0.275963   1.07508 -0.547835  0.754194   0.66704
1.77659e+09  -1.07546 0.356923 0.868415 -0.460921  0.436323  0.626512
1.77659e+09  -1.04137 0.354793 0.952571   -0.83348 -0.0439016    0.95244
1.77659e+09  -0.895433  0.399534   1.04099  -1.32713 -0.568316   1.56597
1.77659e+09  -0.785711  0.317508   1.14432 -2.57664 -1.00875  2.25615
1.77659e+09  -0.195554 -0.250278   1.47029 -2.48973 -1.19893  1.21025
1.77659e+09   0.187941 -0.645491   1.62795 -0.754378  -0.64522   1.48979
1.77659e+09    0.145331 -0.0255069    1.55231  0.19069  0.10185 0.910204
1.77659e+09  -0.335104  0.119369   1.32328 -0.797835  0.220503  0.146776
1.77659e+09  -0.361735 -0.295019   1.27428  -1.01317 0.0347117   0.45952
1.77659e+09  -0.257339 -0.187427   1.39785 -0.293929 0.0312937   0.90703
1.77659e+09  -0.20088 0.112977  1.42022 -0.631331   0.29228  0.923632
1.77659e+09   -0.451218 -0.0382901    1.40531  -1.2578 0.379682  0.57744
1.77659e+09  -0.767601 -0.415394   1.20078   -1.00243 -0.0617239   0.855028
1.77659e+09  -0.584376 -0.357869   1.42129 -0.387191 -0.588335  0.926073
1.77659e+09    0.226291 -0.0766396    1.75365   -0.24681 -0.0270559   0.883593
1.77659e+09  -0.0208508 -0.0595954    1.28067 -0.287093   1.20268  0.273241
1.77659e+09   -1.24377 -0.102206  0.817282 -0.452865    1.8455 -0.106642
1.77659e+09   -2.23127 0.0916722  0.472136 0.220964 0.766157 0.232958
1.77659e+09  -1.89891 0.435753 0.741648 -0.356673 -0.844195   1.74419
1.77659e+09  -0.770797  0.536953   1.37655 -1.59056 -1.44014  1.16265
1.77659e+09   -0.248817 -0.0787701    1.56084  -1.53831 -0.571001  0.617235
1.77659e+09   -0.58331 -0.206602    1.4149  -0.1118 0.240522  0.50371
1.77659e+09  -0.688772  0.301529   1.39146 -0.000960303     0.399702     0.843798
1.77659e+09  -0.910347  0.355858   1.37761 -0.945052  0.196333  0.564745
1.77659e+09   -0.971067 -0.0830312    1.21036 -1.15599 0.177534   0.6187
1.77659e+09  -0.926326 -0.102206   1.35098 -0.376937  0.393843  0.883348
1.77659e+09  -1.30662 0.196068  1.10916 -0.293441  0.335981  0.494432
1.77659e+09  -1.45789 0.150262  1.09851   -1.06517 -0.0968801   0.897264
1.77659e+09    -1.13831 -0.0798354     1.1848  -1.14867 -0.132281    0.4666
1.77659e+09   -1.11701 -0.234299   1.23167 -0.366439  0.317915  0.759081
1.77659e+09  -1.68905 0.144935 0.966419 -0.610579  0.163862   0.84868
1.77659e+09    -1.75723 -0.0915533   0.899307  -1.90501 -0.737749  0.881884
1.77659e+09  -0.908216 -0.717929   1.14538 -0.898665 -0.876177  0.602587
1.77659e+09  -0.852822 -0.287562   1.21143  0.466813 -0.121294     1.273
1.77659e+09  -1.25762 0.244005 0.933396  -0.569564 -0.0292532   0.345507
1.77659e+09   -1.29384 -0.403676  0.918482   -1.4221 -0.581011  0.244921
1.77659e+09   -0.82406 -0.503811   1.02607 -0.389388 -0.810015   1.33599
1.77659e+09   -0.524721 -0.0276374     1.1049 0.0241862 -0.226519  0.680712
1.77659e+09   -1.02753 -0.086227  0.827935 -0.764632 -0.331499  0.135302
1.77659e+09  -0.869867 -0.407937  0.876937  -1.05589 -0.881548   1.07427
1.77659e+09  -0.123116 -0.332303   1.15178 -0.109115 -0.793413  0.770311
1.77659e+09   -0.139095 -0.0468122     1.0836    0.34694 -0.0265676    0.45952
1.77659e+09  -0.524721  0.176893  0.745909 -0.428206  0.286421  0.660204
1.77659e+09  -0.962545  -0.15973  0.366675   -1.34984 -0.0768606   0.623827
1.77659e+09  -0.654683 -0.564531   0.54777  -0.39891 -0.441118  0.732958
1.77659e+09  -0.626986 -0.122446   0.44657  0.572526 -0.714312   1.15825
1.77659e+09  -0.389432  0.220569  0.401829 -0.498031 -0.439654  0.927294
1.77659e+09   -0.316994 -0.0851617   0.375197  -1.03123 -0.172808  0.697069
1.77659e+09  -0.698359 -0.354674 0.0726622 -0.365951 -0.244341  0.639452
1.77659e+09   -0.678119  -0.162926 -0.0306685 0.0627604 -0.836382   1.46416
1.77659e+09  -0.0826361   0.169436   0.166405 -0.64598  -0.8398  1.41777
1.77659e+09  0.0558483 -0.122446  0.172797 -0.674056 -0.496782  0.530321
1.77659e+09  -0.211533 -0.237495 0.0130074 -0.0251302  -0.530962    1.27837
1.77659e+09  0.0771536  0.220569 0.0907717  0.163102 -0.825884   1.24809
1.77659e+09  0.581024 0.340944 0.190907 -0.43724 -0.40523  1.02202
1.77659e+09   0.483019  0.140674 0.0950327 -0.725814  0.540815   1.09355
1.77659e+09   -0.25947 0.0362784 -0.252243 -0.605208  0.603559  0.663134
1.77659e+09  -0.574788 -0.154404 -0.377945 -0.477279 -0.164507  0.850878
1.77659e+09    0.0899367 -0.00846267  -0.0743443 -0.0798177  -0.563677    1.25224
1.77659e+09    0.247596   0.127891 -0.0594306  -0.304183 -0.0553762   0.905077
1.77659e+09   -0.111398 -0.0563996  -0.193654 -0.618636  0.181196  0.665087
1.77659e+09  -0.166792 -0.208732 -0.235199  -0.419906 -0.0710012   0.940233
1.77659e+09  -0.001676 -0.111793 -0.140391 -0.0517416  -0.091509   0.904344
1.77659e+09  -0.0528087  0.0309521  -0.184067 -0.517562 0.0740183   1.32524
1.77659e+09  -0.0453518  -0.121381  -0.126542 -1.19432 0.168257  1.21514
1.77659e+09  -0.161466  -0.54003 -0.172349 -0.664046  0.186323  0.720995
1.77659e+09  -0.224316 -0.442025 -0.137195  0.459733 -0.035845   1.01641
1.77659e+09   -0.074114  0.0607795 -0.0391906   0.10988 -0.166216   1.35552
1.77659e+09    0.162375 -0.0212458   0.107816  -0.679671 -0.0937063   0.523729
1.77659e+09  -0.00380652   -0.411133  0.00874632 -0.25682 0.198042 0.714647
1.77659e+09  -0.212598 -0.120315 -0.108433  0.526383 0.0654734   1.03765
1.77659e+09   -0.0677224    0.207786 -0.00510212 -0.116927 -0.128863  0.995653
1.77659e+09     0.120829 -0.00739741   0.0609443 -0.523421 0.0239695  0.645311
1.77659e+09   -0.078375  -0.122446 -0.0413211 -0.216536  0.213423  0.954882
1.77659e+09   -0.316994 0.00325524  -0.185132  -0.110335 -0.0744192   0.865038
1.77659e+09  -0.0613308  0.0075163 -0.0722138 -0.266829 -0.245318  0.964647
1.77659e+09  0.0973936  0.074628 0.0215295  -0.404525 0.00858863    1.08159
1.77659e+09   -0.130573 -0.0201806  -0.121216 -0.492171   0.18437  0.655321
1.77659e+09  -0.243491 -0.146947 -0.179805 -0.331527 0.0203074   1.03179
1.77659e+09   -0.135899 0.00964683 -0.0988454 -0.318099 -0.126665   1.09014
1.77659e+09  -0.0549392  -0.029768 -0.0839317 -0.463363 -0.136431  0.697802
1.77659e+09  -0.0613308  -0.148012 -0.0828664 -0.306624 0.0054148  0.904589
1.77659e+09   -0.042156  0.0266911 -0.0541043 -0.0890951  0.0793894   0.910204
1.77659e+09  -0.168923 0.0756932 -0.107368 -0.315169 0.0154246  0.599413
1.77659e+09  -0.130573 0.0043205 -0.084997 -0.503646  -0.14107   1.03887
1.77659e+09     -0.017655    0.0479963 -0.000841063 -0.510726 -0.139849   1.04253
1.77659e+09   0.00684612 -0.00313635   0.0119421    -0.2993 -0.0832082   0.531542
1.77659e+09  -0.0698529 0.00645103  0.0204642 -0.0119466  -0.244829   0.654344
1.77659e+09   0.12509 0.230157  0.12273 -0.0402669  -0.485064   0.875536
1.77659e+09   0.44467 0.335618 0.252692 -0.535628 -0.272661  0.887011
1.77659e+09  0.299794 0.130022 0.181319 -0.621566  0.237837  0.549364
1.77659e+09  -0.00593705   0.0682364     0.10249 -0.137679   0.17021  0.812303
1.77659e+09  0.0409346  0.331357  0.118469 -0.0781087 -0.0600149     1.0772
1.77659e+09  0.182615 0.451732 0.180254 -0.862777  0.110884  0.955858
1.77659e+09  -0.207272   0.10339 0.0225948    -1.1931 -0.0172903   0.682665
1.77659e+09  -0.203011 -0.118185 0.0705317 -0.845687 -0.658648   1.22051
1.77659e+09   0.397798 0.0139079  0.293172  -0.2014 -0.82857  1.27934
1.77659e+09  0.658788 0.254658 0.373067  -0.46263 -0.200152   1.08403
1.77659e+09   0.324295 0.0543879  0.218603 -0.98265 0.298872  0.92412
1.77659e+09  0.0388041 -0.211928 0.0769232 -0.575667 0.0945261  0.664354
1.77659e+09  0.00471559   -0.13949  0.0375085 0.000992822   -0.460405     1.08867
1.77659e+09  0.423365 0.197133 0.252692 -0.432357 -0.734087   1.24419
1.77659e+09     0.855862 -0.00313635    0.354957 -0.985091 -0.148882  0.854784
1.77659e+09   0.502194 -0.277975  0.121664 -0.415023  0.415571  0.490038
1.77659e+09   -0.15827 -0.197014  -0.11589    0.2986 0.0203074  0.773729
1.77659e+09  0.400994 0.237613 0.204755 0.183366 -0.46895  1.50322
1.77659e+09  0.876102 0.455993 0.448701  -0.826888 -0.0907766    1.04668
1.77659e+09  0.510716 -0.20021 0.139774 -1.11693 0.872602 0.318163
1.77659e+09  -0.255209 -0.315259 -0.148913 0.407243 0.491255 0.934374
1.77659e+09  -0.188097  0.335618 -0.112694   0.491471 -0.0412161    1.11162
1.77659e+09  0.239074  0.36438 0.123795 -0.659408 -0.375689  0.845507
1.77659e+09   0.331752 0.0043205  0.148296 -0.844222   0.11894   1.06841
1.77659e+09  -0.0346992 -0.0755743 -0.0828664 -0.137191  0.296186  0.780565
1.77659e+09  -0.206207 0.0575837 -0.152109  0.249772 -0.104204   0.94243
1.77659e+09   0.0366735   0.279159 -0.0338643 -0.171615   -0.4919   1.13921
1.77659e+09   0.44467  0.18435 0.173862 -0.794417 -0.256792   1.28887
1.77659e+09   0.354122 0.0394742  0.126991 -0.69554 0.117719  1.08696
1.77659e+09    0.018564  -0.182101 -0.0668875 -0.472152  0.167036  0.855761
1.77659e+09   0.0398693  -0.143751 -0.0232116  0.394303 -0.291948  0.919237
1.77659e+09   0.382884  0.218439 0.0897064 -0.117415 -0.144732   1.53179
1.77659e+09  0.342404 0.169436 0.059879 -0.902816  0.219282  0.577684
1.77659e+09  -0.0506782  -0.419655 -0.0956496 -0.58763 0.290815 0.457567
1.77659e+09   -0.130573  -0.231103 -0.0956496  0.806901 -0.418902   0.92119
1.77659e+09   0.266771  0.278093 0.0630748 0.400895 -0.64107  1.21099
1.77659e+09   0.91019 0.402729 0.366675 -0.803939 -0.155474   1.16606
1.77659e+09   0.802599 -0.191688  0.146165 -1.42357  1.44682 0.745409
1.77659e+09  -0.0805056 -0.0894228  -0.546256 -1.1328 2.28984 1.65459
1.77659e+09   -1.80304 -0.331238  -1.01178 -1.88451  2.34111 0.624803
1.77659e+09   -2.2366 -1.06627 -1.14067 -0.937972  0.207075   1.48393
1.77659e+09   -1.85737  -0.45907 -0.617629 -0.0754232   -2.27315     2.1895
1.77659e+09    0.132547 -0.0233764   0.201559 -0.224593  -3.27876  0.258837
1.77659e+09     1.92326 -0.0894228    1.24126 -0.364486  -1.12203    2.2061
1.77659e+09  1.65481 0.56678 1.04951 -0.144271  0.945356   1.44658
1.77659e+09  -0.0805056 -0.0563996   0.186645 -1.74046  1.44536 -1.41841
1.77659e+09    -0.807016    -0.68171 -0.00297159 -0.484603 -0.403521   2.07134
1.77659e+09  0.832426 0.230157  0.70756 -0.144515  -1.01729   2.24932
1.77659e+09    1.3853 0.132152 0.999442  -0.783431   0.129927 -0.0177746
1.77659e+09  0.0228251  -0.54003    0.0439 -0.795882  0.780317   0.32622
1.77659e+09  -0.343626 -0.310998 -0.103106 -0.342269 0.0632761   1.84429
1.77659e+09   0.346665 -0.154404  0.210081 -0.197982 -0.330767  0.358202
1.77659e+09   0.350927 -0.292888    0.2463 -0.161849  0.151655  0.458544
1.77659e+09   -0.19875  -0.17997 -0.108433 -0.142318  0.175581  0.697802
1.77659e+09   -0.281841  -0.183166 -0.0636917 -0.635238 -0.521685  0.952684
1.77659e+09   0.290206 -0.276909  0.186645 -0.571517 -0.811724   0.80327
1.77659e+09   0.787685 -0.300345  0.424199  -0.160384 -0.0478079   0.681688
1.77659e+09   0.298729 -0.216189  0.135513 0.129167 0.550093 0.247606
1.77659e+09   -0.539635 -0.0894228  -0.262896  -0.571761 -0.0309622    1.00615
1.77659e+09  0.00791139  -0.402611  0.0705317  -1.35618 -0.960161   0.94536
1.77659e+09    1.11153 -0.705146  0.718212 0.0456706 -0.322466  0.544481
1.77659e+09   0.630026 -0.206602 0.0992938  1.03224 0.779341  0.75078
1.77659e+09  -0.537504  0.332422 -0.265027 -0.728255   0.49272  0.282762
1.77659e+09  -0.308472 -0.636969 -0.161696  -1.53099 -0.404009  0.249559
1.77659e+09   0.565045 -0.619924  0.156818  0.946794 -0.441607   1.06743
1.77659e+09    0.371167   0.385685 -0.0306685 0.686784 0.783735   1.1668
1.77659e+09  -0.425651  0.280224 -0.276745  -1.17039  0.668257 -0.560743
1.77659e+09  -0.786776 -0.613533 -0.420555  -1.36864 -0.306353   1.40776
1.77659e+09   0.344535 -0.314194   0.20369  0.536149 -0.483111   1.20952
1.77659e+09  0.134678 0.192872 -0.11802  0.994157 0.0481394  0.432909
1.77659e+09  -0.281841  0.481559 -0.142521 -1.17821 0.326216  1.27886
1.77659e+09  -0.250948 -0.335499 -0.127608  -1.69603 -0.139116  0.504686
1.77659e+09  -0.250948 -0.335499 -0.127608  -1.69603 -0.139116  0.504686
1.77659e+09  0.0941978  0.293007 -0.129738 0.863786 0.080366  1.40093
1.77659e+09  -0.0101981   0.389946 -0.0114937 -1.24461 0.373579 0.712938
1.77659e+09   -0.132704  -0.557074 -0.0551696 -1.24535 0.431196 0.666552
1.77659e+09  -0.434173 -0.510202 -0.190458 0.545182 0.227094  1.35991
1.77659e+09  -0.386236  0.160914   -0.1585   0.762712 -0.0546438   0.652391
1.77659e+09   -0.094354   0.238679 -0.0221464 -0.557601 0.0190867  0.916552
1.77659e+09  -0.278645 -0.173579 -0.114824 -0.579818  0.218061  0.610399
1.77659e+09  -0.489567  -0.15973 -0.143587  0.102311 0.0193308   1.07109
1.77659e+09  -0.429912 0.0735627 -0.151043  0.410661 -0.335894  0.543993
1.77659e+09  0.182615 0.220569 0.113142  0.410661 -0.335894  0.543993
1.77659e+09  -0.400085  0.338814 -0.104172 0.230241  0.16728 0.804735
1.77659e+09  -0.400085  0.338814 -0.104172 0.230241  0.16728 0.804735
1.77659e+09  -0.0336339   0.155588   0.125925  0.163102 -0.934282 -0.354933
1.77659e+09  0.739748 0.389946 0.322999  0.163102 -0.934282 -0.354933
1.77659e+09   0.179419    1.5106 -0.163827 0.893083 0.686567 0.305956
1.77659e+09   0.179419    1.5106 -0.163827 0.893083 0.686567 0.305956
1.77659e+09   -1.57933  0.532692 -0.817899 -3.06688 -1.25313  1.21221
1.77659e+09  -0.144421  0.481559 -0.132934 -0.848861  -2.74385   4.00493
1.77659e+09   1.81034  1.82166 0.581859 -1.61302 -1.46382  2.91875
1.77659e+09   1.81034  1.82166 0.581859 -1.61302 -1.46382  2.91875
1.77659e+09    1.30221  0.437883 0.0737275 -3.13426  1.08867  -1.4333
1.77659e+09  -0.711142   1.00141 -0.553713  1.44875 0.700727  2.13481
1.77659e+09    -0.4395   1.20487 -0.221351  -1.78905 -0.622027  0.349901
1.77659e+09    -0.4395   1.20487 -0.221351  -1.78905 -0.622027  0.349901
1.77659e+09   0.622569 -0.165057 0.0918369 -0.141341   0.13603   1.86968
1.77659e+09   0.622569 -0.165057 0.0918369 -0.141341   0.13603   1.86968
1.77659e+09  -0.341495  0.190742 -0.316159 -0.696029  0.390913 -0.125441
1.77659e+09  -0.341495  0.190742 -0.316159 -0.696029  0.390913 -0.125441
1.77659e+09  0.263575 0.291942 0.039639 -0.412581 -0.396685   1.97441
1.77659e+09  0.263575 0.291942 0.039639 -0.412581 -0.396685   1.97441
1.77659e+09  -0.131638 -0.466526  -0.27781 -0.508285  0.718061  -1.00532
1.77659e+09  -0.131638 -0.466526  -0.27781 -0.508285  0.718061  -1.00532
1.77659e+09   -0.388367    0.58702 -0.0956496  0.215837 -0.975786   1.65532
1.77659e+09   -0.388367    0.58702 -0.0956496  0.215837 -0.975786   1.65532
1.77659e+09   0.310447  -0.56027 0.0130074 -1.06566 0.959272  0.16118
1.77659e+09   0.310447  -0.56027 0.0130074 -1.06566 0.959272  0.16118
1.77659e+09  -0.652553  0.391012 -0.171283 0.722184 -1.03438  1.49468
1.77659e+09  -0.652553  0.391012 -0.171283 0.722184 -1.03438  1.49468
1.77659e+09   0.625765 -0.277975  0.204755  -1.43626  0.729048 0.0220203
1.77659e+09   0.625765 -0.277975  0.204755  -1.43626  0.729048 0.0220203
1.77659e+09  -0.696228   0.22483 -0.247982  0.729508 -0.307573   1.88799
1.77659e+09  -0.696228   0.22483 -0.247982  0.729508 -0.307573   1.88799
1.77659e+09   0.636417 -0.373848  0.247366   -1.28319 0.00272925   0.968798
1.77659e+09   0.636417 -0.373848  0.247366   -1.28319 0.00272925   0.968798
1.77659e+09   -0.566266 0.00858156  -0.265027 0.457536 0.382368 0.397264
1.77659e+09   -0.566266 0.00858156  -0.265027 0.457536 0.382368 0.397264
1.77659e+09    0.382884 -0.0585301   0.184515  -1.17967 -0.841753   1.39873
1.77659e+09    0.382884 -0.0585301   0.184515  -1.17967 -0.841753   1.39873
1.77659e+09    0.179419  -0.255604 -0.0413211 0.941911 0.495161 0.173387
1.77659e+09    0.179419  -0.255604 -0.0413211 0.941911 0.495161 0.173387
1.77659e+09  0.120829 0.174763 0.137643  -1.13426 -0.704302    1.2686
1.77659e+09  0.120829 0.174763 0.137643  -1.13426 -0.704302    1.2686
1.77659e+09   0.572502 -0.286497   0.10249   1.18239  0.446821 0.0124988
1.77659e+09   0.572502 -0.286497   0.10249   1.18239  0.446821 0.0124988
1.77659e+09  -0.359605  0.883164 -0.107368 -0.0815267 -0.0343801     0.6541
1.77659e+09  -0.359605  0.883164 -0.107368 -0.0815267 -0.0343801     0.6541
1.77659e+09   0.395668  0.131087 -0.461035 -3.61571  3.19926 0.264452
1.77659e+09   0.395668  0.131087 -0.461035 -3.61571  3.19926 0.264452
1.77659e+09   -4.26486 -0.603946  -2.08663   1.19826 -0.166948   2.49126
1.77659e+09   -4.26486 -0.603946  -2.08663   1.19826 -0.166948   2.49126
1.77659e+09   1.35973 0.078889  1.02607 -3.23265 -3.99861 0.923143
1.77659e+09   1.35973 0.078889  1.02607 -3.23265 -3.99861 0.923143
1.77659e+09    2.78719 -0.786106    1.8442 0.326921 -1.22261 0.544481
1.77659e+09    1.9403 0.477298  1.30517  2.69093  1.02568 0.915575
1.77659e+09  0.826034  1.81847 0.637252 -0.957992   1.94414    1.3521
1.77659e+09  -0.406476  0.257853  0.117403  -3.78758   1.13652 -0.230665
1.77659e+09  0.491541 0.154523 0.536052  -1.37327 -0.142779   2.08794
1.77659e+09  0.491541 0.154523 0.536052    1.1509 -0.154741   2.08013
1.77659e+09  0.239074 0.776637 0.378393  -0.762191   0.348432 -0.0509777
1.77659e+09  -0.305276 -0.274779  0.080119  -2.09349 0.0498484  0.618944
1.77659e+09   -0.35854 -0.668927 0.0588137 -0.569564 -0.802935    1.7935
1.77659e+09   0.569306 0.0469311  0.561619  0.128434 -0.668657   1.03032
1.77659e+09    0.801533 -0.0212458   0.681993   0.12111 -0.140337 -0.285841
1.77659e+09   0.133613 0.0373437  0.204755 -0.637679  0.493208   1.31938
1.77659e+09    -0.193424 -0.00313635   0.0694664 -0.872054 -0.215288  0.403612
1.77659e+09   0.179419 -0.447352  0.130186 -0.735579 -0.618853  0.655077
1.77659e+09    1.05081 -0.184231  0.560553  0.950212 0.0869578   0.83452
1.77659e+09  0.0728925  0.525235 -0.164892 0.111833 0.918989 0.513475
1.77659e+09   -0.45974  0.218439 -0.283136 -1.89989 0.847944   0.3687
1.77659e+09  -0.384106  -0.70408 -0.220286 -0.818099  0.121626 0.0540027
1.77659e+09  -0.709012 -0.297149 -0.245852   0.97487 -0.979204   1.25981
1.77659e+09  0.688615 0.620043 0.134448 -0.437972 -0.365435   1.49321
1.77659e+09   0.865449 0.0852806  0.196233  -1.21092   1.18486 -0.129347
1.77659e+09  -0.958283 -0.471853 -0.658109 -0.728743   1.31889 -0.745558
1.77659e+09    -1.54098 -0.0649217   -0.80405 -0.0407552   0.128462    1.83232
1.77659e+09  -0.249883  0.151327 -0.236265 -0.236068 -0.786577  0.428514
1.77659e+09    0.52776 0.0906069  0.138709 0.0451823  0.289106   1.01714
1.77659e+09  -0.392628   0.28555 -0.479145 0.00245767    1.17167  -0.649611
1.77659e+09   -1.45896  0.414447 -0.733743   -0.290511    0.685102 -0.00678828
1.77659e+09  -0.939109  0.300464 -0.475949 -0.150863 -0.525591  0.717089
1.77659e+09  -0.0187202   0.721244 -0.0551696 -0.00218101   -0.425982    0.402147
1.77659e+09  0.0249556  0.660523 -0.112694 -0.121077   0.52104  0.225878
1.77659e+09  -0.685576  0.531626 -0.488732 -0.101302  0.823042 -0.645948
1.77659e+09   -1.18838  0.737222 -0.644261  0.275651  0.421675 -0.301222
1.77659e+09   -1.45044    1.4648 -0.450383 -1.08885 -1.59273  1.54375
1.77659e+09  -0.231773   1.74283  0.402894 -3.99583 -3.35079  4.00493
1.77659e+09    2.20875 -0.591162   1.78454 -3.99583 -3.33199   1.0081
1.77659e+09   3.00663 -2.05271  1.98162 -1.21751 -1.05904  2.51494
1.77659e+09    2.77121 -0.224711   1.59599 2.07228 1.07084 1.71269
1.77659e+09   1.10194 0.874642 0.809825 -1.85423  2.56499 -2.16279
1.77659e+09  -0.222186 -0.773323  0.603164 -2.74217  1.98051  -1.0395
1.77659e+09    -1.10636   -1.05455 -0.0988454 -0.512191 0.0920847   1.47612
1.77659e+09  -0.426717 -0.308867  0.439113 0.192155 -1.63863 0.567186
1.77659e+09   1.29156 0.110847  1.14964 -0.856673  -1.40254  0.788134
1.77659e+09    1.29369 -0.070248   1.24339 -2.15745 0.290083 0.780321
1.77659e+09  0.160244 -0.78504  0.66708  -2.02269  0.542768 -0.220411
1.77659e+09  -0.347887  -1.20689  0.480659 -0.608626 -0.735552   0.79912
1.77659e+09    1.31393 -0.215124   1.16456  0.479753 -0.878863   1.22392
1.77659e+09    2.03298 -0.109663  0.542444 -0.415267   2.36284  0.131151
1.77659e+09   -0.873062 -0.0777049  -0.421621 0.158464  3.27934 -1.96968
1.77659e+09  -3.62358 0.495407 -1.23548 0.0197917   1.34428   1.15727
1.77659e+09   -1.96922  0.660523 -0.305507  -1.3474 -2.37789  1.92095
1.77659e+09  0.471301  0.38675 0.467875 -1.58617 -2.19747 0.646044
1.77659e+09  0.634287 0.220569 0.623404 -0.819076  0.382368  0.944139
1.77659e+09  -0.518329  0.500734  0.249496  -1.14378   1.31303 -0.224073
1.77659e+09  -1.35776 0.136413 0.123795 -1.30003 0.379194 0.373095
1.77659e+09   -0.795298 -0.0585301    0.42633 -0.509749 -0.882036   1.42217
1.77659e+09  0.316838 0.444275 0.955766 0.0652018 -0.299517  0.794969
1.77659e+09  -0.126312  0.525235  0.883328 -0.412581  0.448286 -0.560255
1.77659e+09  -0.635508  0.347336  0.694777 -0.952376  0.498579  0.194872
1.77659e+09  -0.848561  0.205656  0.761888 -0.621077 -0.258257  0.760057
1.77659e+09  -0.190228  0.330291   1.01968 -0.174788 -0.480181  0.325975
1.77659e+09  0.0270861  0.507125   1.15284  0.0456706 -0.0697805   0.349169
1.77659e+09  -0.210468    0.6275   1.06442 -0.447005    0.4102  0.148973
1.77659e+09  -0.495959  0.491146   1.02181 -1.16429 0.343794 0.411913
1.77659e+09  -0.644031  0.130022  0.956832 -0.582259 -0.189654 -0.079298
1.77659e+09  -0.303146  0.266376   1.09638  0.296403 -0.263384  0.681932
1.77659e+09  0.573567 0.900208  1.38187 -0.742904   1.63066   2.23345
1.77659e+09  -0.547091  0.924709  0.931265  -3.44774   2.91191 0.0645008
1.77659e+09   -3.01744 -0.567727 -0.390728 -3.99583  3.07988 0.707567
1.77659e+09   -3.65234    -1.421 -0.210698 -1.03831 0.262983  1.74175
1.77659e+09   -2.15777 -0.413263  0.414612 0.870622 -1.78121  1.25029
1.77659e+09  -0.541765  0.397403   1.70997 -0.743636   -1.4941  0.895555
1.77659e+09   -0.282906 -0.0350943    1.43833   -1.9929   -0.3752 0.0386219
1.77659e+09  -0.698359 -0.852152   1.51929  -1.09788  0.686567 -0.195753
1.77659e+09  -0.975328 -0.378109   1.39146 0.931169 0.221968 0.773973
1.77659e+09  -0.893302  0.449601   1.44579 -0.391097 0.0723093  0.865526
1.77659e+09  -0.534308 0.0980638   1.60025  -1.91112 -0.163042  0.219042
1.77659e+09  -0.444826 -0.577314   1.67056 -0.95555 0.385542 0.403124
1.77659e+09  -0.812342 -0.188492   1.43407 0.468034 0.507124 0.277391
1.77659e+09  -1.24484 0.391012  1.27748 -0.228255  0.126997  0.270311
1.77659e+09  -0.858149  0.218439   1.39039  -1.60277 -0.405718  0.890428
1.77659e+09  -0.339365 -0.235364   1.64712 -1.29539 0.182661 0.594286
1.77659e+09  -0.642965 -0.269452   1.51077 -0.161361  0.776411  0.290819
1.77659e+09  -1.49518 0.197133  1.17841 -0.392074  0.162886  0.674608
1.77659e+09  -0.933782   0.12363   1.49159  -1.54344 -0.682329  0.953173
1.77659e+09  -0.125247 -0.268387   1.78987  -1.42503 -0.319536  0.885302
1.77659e+09  -0.223251 -0.364261   1.74939 -0.224593   0.75688  0.460741
1.77659e+09   -1.13086 0.0810196   1.41063 -0.135726   0.56645  0.325243
1.77659e+09  -0.98385 0.119369  1.48201    -1.1887 -0.0404836      1.054
1.77659e+09  -0.490632 -0.232168   1.69293   -1.37889 0.00175269   0.892137
1.77659e+09  -0.467197 -0.367457   1.70039 -0.383529  0.604536  0.478563
1.77659e+09     -1.21821 -0.00739741     1.39359 -0.157699  0.376753  0.572313
1.77659e+09  -0.946566 0.0863459   1.54273  -1.15794 -0.206743  0.992968
1.77659e+09  -0.454413 -0.235364   1.77602   -1.28465 -0.0888235     0.7437
1.77659e+09  -0.486371 -0.377044   1.77069 -0.450179  0.589887  0.563768
1.77659e+09    -1.01155 -0.0606606    1.55445 -0.133285  0.522505  0.457567
1.77659e+09    -1.0712 0.0043205   1.52142  -0.85887 0.0698679  0.703905
1.77659e+09  -0.663205 -0.184231   1.75365   -1.09935 -0.0605032    0.80205
1.77659e+09  -0.576919 -0.285431   1.75471 -0.600326  0.456098  0.545702
1.77659e+09  -0.996633 -0.162926    1.5619 -0.427718   0.60185  0.529589
1.77659e+09  -1.13086 -0.11925  1.51716 -0.962142  0.292768   0.74077
1.77659e+09  -0.984915 -0.344021   1.58427  -1.14378 0.0295847   0.66704
1.77659e+09  -0.800624 -0.467592   1.71956 -0.65013 0.200727 0.725878
1.77659e+09  -0.958283 -0.292888   1.58214 -0.361068  0.312055  0.562548
1.77659e+09  -1.10529 -0.30141  1.54166  -1.0244 0.184614 0.632616
1.77659e+09  -0.909281 -0.544291   1.64925   -1.05687 -0.0214407   0.655321
1.77659e+09  -0.705816 -0.594358   1.72276 -0.839827  0.439253  0.755663
1.77659e+09  -0.950827 -0.610337   1.55871 -0.649398  0.745649  0.232225
1.77659e+09   -1.56016 -0.697689    1.3073 -0.581283  0.455122  0.529344
1.77659e+09   -1.6017 -0.70408  1.39146 -0.103011 -0.656695   0.63994
1.77659e+09  -0.787841 -0.305671    1.8197 0.860368 -1.41866  1.07378
1.77659e+09  0.388211  0.60726    2.298  0.789079 -0.631792   1.36675
1.77659e+09  0.353057 0.622174  2.11797 -1.02952  1.74711 0.519091
1.77659e+09    -1.13405 -0.0329638    1.64712 -0.797835   1.96074 -0.994093
1.77659e+09  -2.43687 0.232287   1.1603 0.671891 0.672407 0.923387
1.77659e+09  -1.60916 0.933231   1.5161  0.318864 -0.686968    1.4063
1.77659e+09  -0.383041  0.924709   2.04553 -0.965316  0.161665  0.462694
1.77659e+09  -1.01368 0.373967  1.66417 -0.885482   1.64311  0.455614
1.77659e+09  -2.37935 0.534822   1.1358 -0.112777   1.14702 -0.193556
1.77659e+09  -2.54659 0.608325  1.24126  -0.154525 -0.0710012   0.932665
1.77659e+09  -1.67095 0.796877  1.50864 -0.757552  -1.05464   1.68096
1.77659e+09  -0.845365  0.677568   1.85591  -1.35203 -0.169634  0.794725
1.77659e+09  -1.25017 0.109782  1.70039  -0.230452   0.727339 -0.0902844
1.77659e+09  -2.04272 0.593412  1.32861 0.334489 0.612837  1.00517
1.77659e+09  -1.94472 0.938557  1.55658  -0.66014 -0.310015  0.884569
1.77659e+09  -1.23312  0.48582  1.77069  -1.62498 -0.445757  0.645555
1.77659e+09  -1.00942 0.130022  1.93474 -0.213363  0.374067   0.83037
1.77659e+09    -1.525 0.675437  1.55231 0.359391 0.768843 0.345018
1.77659e+09  -2.08001 0.881033  1.44792 -0.563216  0.435591  0.303026
1.77659e+09   -1.9085 0.500734  1.55658  -1.01829 -0.402056   1.00981
1.77659e+09  -1.26614 0.609391  1.85059 -0.917464 -0.393511   1.32183
1.77659e+09  -1.35669 0.704199   1.8442  -1.90672 -0.205279   1.93511
1.77659e+09  -1.50689 0.206721  1.73767  -3.19798 -0.437212   2.17607
1.77659e+09   -1.13086 -0.747756   1.81224  -1.23363 -0.376421  0.405077
1.77659e+09   -1.43339 -0.297149   1.58001  0.501969 0.0430125   1.80644
1.77659e+09  -1.34604 0.657328  1.64499  -1.36937 0.0835398    1.3936
1.77659e+09   -1.55377 -0.473983    1.5651  -2.72728  0.033491 -0.128859
1.77659e+09  -1.60383 -1.17599  1.50864 -0.328353 0.0312937   1.39629
1.77659e+09    -1.71782 -0.0212458    1.45431   0.621598 -0.0641653    1.65532
1.77659e+09  -1.58146 0.140674  1.49905   -1.75609 -0.0797903   0.673387
1.77659e+09   -1.65497 -0.837238   1.58534  -2.34495 -0.181109   0.90288
1.77659e+09  -1.64112 -1.10142  1.70571 -0.419906 -0.520464   1.01543
1.77659e+09   -1.41422 -0.518724   1.69826  0.601579 -0.853716  0.717089
1.77659e+09  -0.896498 -0.103271   2.04234 -0.815413 -0.591753   1.09941
1.77659e+09    -0.8443 -0.515529   2.09027  -1.60765 0.0168894  0.334276
1.77659e+09  -1.44191 -1.00449  1.81863  -0.616683 -0.0753957   0.348436
1.77659e+09   -1.41209 -0.672122   1.86657  0.177018 -0.865191   1.08501
1.77659e+09  -0.397954 -0.170383   2.38109 -0.807601 -0.630083   1.32305
1.77659e+09  -0.478914  -0.49955   2.24261  -1.04979  0.183149 -0.386183
1.77659e+09   -1.34284 -0.966135   1.34459 0.264176 0.849897 0.339891
1.77659e+09   -1.65816 -0.135229   1.06123    1.63551   0.875288 -0.0248547
1.77659e+09  -2.48907 0.920448 0.733126 -0.208724  0.297407   1.50078
1.77659e+09  -2.61264 0.180089 0.624469 -2.62059 -1.71602 0.737352
1.77659e+09   -1.08079 -0.908611   1.08786 -1.34813 -2.05635 0.809862
1.77659e+09  -0.209403 -0.186362   1.38826  1.84645 -1.15303  1.33623
1.77659e+09  -0.574788  0.944949  0.880133 0.472428  0.26518 0.153368
1.77659e+09  -1.14684 0.350531 0.754431 -2.09691 0.520552 0.313768
1.77659e+09   -1.47494 -0.488897  0.493442  -1.35423 -0.344439  0.940966
1.77659e+09   -1.05948 -0.315259  0.656427  0.366227 -0.875933   1.33794
1.77659e+09  -0.355344  0.431492  0.936592  0.462174 -0.569536  0.710009
1.77659e+09  -0.491698  0.435753  0.944049  -1.00047 -0.175738  0.666307
1.77659e+09  -0.614203 -0.128838  0.752301  -1.32005 0.0115183  0.396288
1.77659e+09  -0.630182 -0.308867  0.832196 0.0962077 -0.161822  0.900438
1.77659e+09  -0.335104  0.430426  0.850305 0.509049 -0.18648  1.23833
1.77659e+09  -0.357474  0.504995  0.892916 -0.776107  0.183882  0.414843
1.77659e+09   -0.56094 -0.013789   0.79065 -0.956527  0.214155  0.474413
1.77659e+09   -0.715403 0.00218997    0.72993  -0.288802 -0.0724661    1.23638
1.77659e+09  -0.391563  0.333487  0.870545 -0.321517 -0.214068   1.01811
1.77659e+09  -0.365996  0.219504  0.831131 -0.957992  0.105512    0.8687
1.77659e+09  -0.506611 -0.103271  0.805564 -0.85765 0.391401 0.861376
1.77659e+09    -0.74097 -0.0894228   0.681993 0.0178385  0.126753  0.778124
1.77659e+09  -0.670662  0.163045  0.676667  -0.14012 -0.109087  0.882128
1.77659e+09  -0.499155   0.14387  0.797042 -0.687972 -0.166704  0.991747
1.77659e+09   -0.400085 -0.0105932   0.801303 -0.760238  0.123579  0.801317
1.77659e+09  -0.597159 -0.144817  0.723539 -0.291976  0.348188  0.623339
1.77659e+09    -0.785711 -0.00952793    0.597838 0.114518  0.17021 0.732469
1.77659e+09  -0.860279  0.195003   0.54777 -0.247542 -0.344683  0.687059
1.77659e+09  -0.588637 0.0437353  0.478528 -0.622298 -0.551226  0.721239
1.77659e+09  -0.270123 0.0043205   0.66921 -0.317611 -0.155962   1.11138
1.77659e+09  -0.424586  0.240809  0.489181 -0.267318  0.199262  0.869432
1.77659e+09  -0.574788  0.146001  0.291041 -1.23802 0.663618  1.02739
1.77659e+09  -0.977458  0.153458 -0.197915 -2.15526   0.8477  1.81987
1.77659e+09   -1.62194 -0.460135  -0.49832 -2.31615 0.706587 0.556444
1.77659e+09   -1.87654  -1.13658 -0.524951 -0.271224 -0.448198  0.984911
1.77659e+09   -1.41741 -0.248147 -0.289528 0.660661 -1.67818  1.86235
1.77659e+09  -0.00806758    0.251462    0.377328 -1.16917 -1.69576 0.588182
1.77659e+09   0.199659 -0.630577  0.452962   -1.20164   -1.09566 -0.0226574
1.77659e+09   0.165571 -0.685971   0.30489  0.743669 -0.401079  0.866747
1.77659e+09  0.190072 0.274898 0.254822   1.08009 -0.196001  0.722948
1.77659e+09  0.261444 0.479428 0.343239  -0.650863 -0.0609915   0.290819
1.77659e+09   0.0856757 -0.0894228   0.140839   -1.19359 -0.0487844   0.708055
1.77659e+09  0.0228251 -0.182101  0.019399 -0.388656 0.0364207  0.829637
1.77659e+09   -0.120986  0.0756932 -0.0477127  0.284928 -0.115679  0.429247
1.77659e+09    -0.11779   0.367576 -0.0604959 -0.394759 -0.359087  0.783007
1.77659e+09   0.0590441   0.248266 -0.0700833  -1.23753 -0.513628  0.985399
1.77659e+09    0.184745  -0.065987 -0.0594306 -0.957259 -0.164995  0.571093
1.77659e+09   0.0419998 -0.0713133  -0.105237 -0.106429  0.103559  0.888475
1.77659e+09   -0.19875   0.30366 -0.278875 -0.379134 0.0347117  0.760546
1.77659e+09  -0.203011  0.122565 -0.258635  -1.33543 -0.234575  0.821581
1.77659e+09  -0.0123286  -0.190623  -0.157435  -1.09325 -0.390581  0.970018
1.77659e+09  0.0601093 -0.162926 -0.104172  -0.37474 -0.321489  0.956102
1.77659e+09    0.126156  0.0671711 -0.0828664 -0.440413 -0.171099  0.742723
1.77659e+09    0.131482    0.02243 -0.0338643 -0.943099 -0.029009  0.698534
1.77659e+09   0.0356083  -0.190623 -0.0594306   -0.86766 -0.0106985   0.787645
1.77659e+09  -0.0283076  -0.170383 -0.0743443 -0.330306 -0.168657  0.781053
1.77659e+09     0.150657    0.058649 -0.00510212 -0.447493 -0.156206  0.920458
1.77659e+09   0.164505 0.0288216 0.0300516 -0.84471 0.169966 0.573046
1.77659e+09  -0.130573 -0.188492 -0.106302 -0.515365  0.250044  0.436815
1.77659e+09  -0.315929 -0.050008 -0.188328  -0.180404 -0.0700247   0.981981
1.77659e+09  -0.0549392   0.173698 -0.0807359 -0.569076 -0.214312  0.968065
1.77659e+09    0.0196293 -0.00739741  -0.0551696 -0.87474 0.210981 0.516405
1.77659e+09  -0.365996 -0.138425  -0.21922 -0.399154  0.388227  0.604296
1.77659e+09  -0.608877 0.0703669  -0.34066 -0.190169 -0.044634  0.837694
1.77659e+09  -0.412868  0.169436  -0.23946 -0.697738 -0.455523  0.951952
1.77659e+09  -0.0666571  0.0288216  -0.133999 -0.865706 -0.244585  0.896288
1.77659e+09  -0.262666 -0.054269 -0.195784 -0.470931   0.18437  0.585985
1.77659e+09  -0.524721 0.0139079 -0.330008 -0.130599 0.0539988  0.727343
1.77659e+09  -0.470392  0.146001 -0.270353 -0.264632 -0.243853  0.798387
1.77659e+09   -0.32019  0.140674 -0.293789 -0.384749 -0.385454  0.594774
1.77659e+09   -0.23923  0.078889 -0.227742 -0.327865 -0.158648  0.678759
1.77659e+09  -0.230708  0.196068  -0.19898  -0.136702 -0.0336477   0.653856
1.77659e+09  -0.328712  0.289811 -0.241591  -0.433822 -0.0680715   0.830858
1.77659e+09  -0.294624  0.246136 -0.197915 -0.807845 -0.325884  0.827196
1.77659e+09  -0.094354 0.0756932 -0.112694 -0.791976 -0.376177   1.13091
1.77659e+09    0.091002   0.111912 -0.0242769 -0.538802 0.0510691   1.12407
1.77659e+09  -0.204076  0.148131 -0.228808 -0.637679  0.274946  0.705614
1.77659e+09  -0.497024 -0.070248 -0.372618  -0.667708 0.00102027   0.725389
1.77659e+09    -0.236034 -0.00952793    -0.21922 -0.270247 -0.261919   1.08501
1.77659e+09  -0.0794403   0.210982  -0.112694 -0.317611 -0.106157  0.801073
1.77659e+09   -0.149748   0.179024 -0.0977801 -0.612044 -0.060259  0.653856
1.77659e+09   -0.152944   0.114043 -0.0477127 -0.793441 -0.271197   1.10942
1.77659e+09  0.129352 0.106586 0.134448 -0.769271 -0.333452   1.15532
1.77659e+09   0.337078 0.0820848  0.280389  -0.630843 -0.0158254   0.916063
1.77659e+09   0.150657 0.0895417   0.18345 -0.790755  0.259077  0.978563
1.77659e+09  0.00684612 -0.0318985   0.135513 -0.942611  0.156294  0.804003
1.77659e+09  0.0696967 -0.145882  0.164275     -0.71556 -0.000444576     0.924364
1.77659e+09  0.0920673 -0.070248  0.168536 -0.615218 0.0420359   1.08599
1.77659e+09  0.0366735 -0.111793  0.161079 -0.763167  0.108442  0.740282
1.77659e+09  -0.0283076  -0.253474   0.147231  -0.638167 -0.0675832   0.901171
1.77659e+09  0.0739578 -0.181036  0.199429 -0.517806 -0.175738   1.00908
1.77659e+09  0.229486  -0.1576 0.299564  -0.439681 -0.0541555   0.714159
1.77659e+09   0.132547 -0.151208  0.237778 -0.357161 0.0840281  0.772997
1.77659e+09  -0.0464171 -0.0627912   0.138709 -0.548812  -0.15938   0.93535
1.77659e+09   0.218834 -0.138425  0.329391 -0.787093 -0.327837  0.876024
1.77659e+09    0.48728 -0.257735  0.482789   -0.373275 -0.00630395     0.86455
1.77659e+09   0.220964 -0.086227  0.337913 -0.190902  0.294233  0.825243
1.77659e+09  -0.0464171  -0.116054   0.215408 -0.654769 0.0264109  0.652391
1.77659e+09   0.168766 -0.289692  0.354957 -0.697738 -0.385698  0.943895
1.77659e+09   0.474497 -0.263061  0.476397 -0.177474 -0.158892  0.775438
1.77659e+09   0.300859 -0.113924  0.380524 -0.184066  0.199262  0.723192
1.77659e+09   0.108046 -0.163991  0.278258 -0.699447  0.237837  0.700487
1.77659e+09  0.192202 -0.34189 0.308086 -0.325423  0.291303  0.695116
1.77659e+09    0.215638  -0.271583 -0.0551696 0.730485  1.05058 0.749559
1.77659e+09  -0.481045  0.290877 -0.350248  0.858171    1.4832 -0.203566
1.77659e+09    -1.7551  0.891686 -0.701785 -0.614974   0.66728   1.06523
1.77659e+09   -1.22673   0.14174 -0.348117 -1.52122 -1.15523 0.890184
1.77659e+09   0.0398693 -0.0798354  0.0172684 -0.232161  -1.10738   1.29058
1.77659e+09   0.236943  0.527365 0.0715969   0.161149 0.00858863    1.15557
1.77659e+09  -0.412868  0.466645 -0.238395 -1.20775 0.339155 0.197802
1.77659e+09  -0.624856 -0.241756 -0.256505  -1.36424 -0.456011   1.04033
1.77659e+09  -0.0528087 -0.0510733   0.055618 -1.04515 -1.06563  2.25273
1.77659e+09    0.723769 -0.0169848   0.458288  -1.19456 -0.612505   0.87578
1.77659e+09   0.480889 -0.449482  0.275062 -0.514388  0.104048  0.589403
1.77659e+09   0.166636 -0.178905  0.125925 -0.0795736   0.276655    1.26592
1.77659e+09   0.144265 0.0256258 0.0609443 -0.512435 0.0727976  0.684374
1.77659e+09   0.124025 -0.226842 0.0843801 -0.693831  0.169966  0.644823
1.77659e+09  0.0217598 -0.181036 0.0204642 -0.181869  0.247114  0.877977
1.77659e+09    -0.217925 -0.00313635   -0.130803 -0.0883626   0.127729   0.477831
1.77659e+09   -0.201946 0.00538577  -0.160631 -0.332503 -0.148882  0.897264
1.77659e+09  -0.110333 0.0820848 -0.127608 -0.739242  -0.17647  0.953661
1.77659e+09  -0.0389603  -0.123511 -0.0477127 -0.706771 -0.147661  0.569872
1.77659e+09  -0.0709182   -0.17784 -0.0945843  -0.253402 -0.0434133   0.843553
1.77659e+09  -0.194489 0.0448006 -0.124412 -0.304427  -0.20357  0.909716
1.77659e+09  -0.0240465 -0.0223111 -0.0509085 -0.863509 -0.382525  0.815233
1.77659e+09   0.158114 -0.250278 0.0534874 -0.637679 -0.208452  0.900927
1.77659e+09   0.119764 -0.134164 0.0311169 -0.151839 0.0598582  0.795702
1.77659e+09   -0.0815708 5.94454e-05  -0.0956496 -0.376449 0.0261668  0.766405
1.77659e+09  -0.0613308 -0.0755743  -0.053039 -0.751693 -0.187212  0.902636
1.77659e+09   0.110177 -0.167187 0.0279211 -0.604232 -0.182085  0.963182
1.77659e+09   0.0590441  -0.129903 -0.0242769 -0.260238 0.0544871  0.787645
1.77659e+09     -0.13803 -0.00313635   -0.107368  -0.522689 0.00785621   0.943651
1.77659e+09  -0.0762445  -0.106467 -0.0668875 -0.838607 -0.201861  0.815966
1.77659e+09   0.0292167  -0.251343 -0.0210811  -0.46141 -0.192339  0.861376
1.77659e+09  0.00791139 -0.0745091 -0.0562348   -0.19847 -0.0753957   0.943895
1.77659e+09  -0.103941 0.0117774 -0.113759 -0.556868 -0.129839  0.745409
1.77659e+09  -0.017655  -0.13949 -0.048778 -0.751937 -0.244829  0.891405
1.77659e+09     0.075023   -0.176774 -0.00936318 -0.353499 -0.147661  0.830126
1.77659e+09  -0.000610732   -0.0350943   -0.0509085  -0.229232 -0.0314504   0.829149
1.77659e+09  -0.0709182  0.0160384  -0.084997   -0.62889 -0.0824758   0.831591
1.77659e+09  -0.0165897  -0.126707 -0.0498432  -0.67137 -0.140337  0.711718
1.77659e+09  -0.0133939  -0.128838 -0.0434516  -0.364974 -0.0959036   0.861864
1.77659e+09  -0.0293729  0.0160384 -0.0604959   -0.33348 -0.0788137   0.794237
1.77659e+09  -0.0805056 0.00964683 -0.0796706 -0.619857 -0.155474  0.805956
1.77659e+09  -0.000610732   -0.0777049   -0.0391906 -0.641829 -0.201616  0.880419
1.77659e+09   0.0409346 -0.0840964 0.00128947 -0.369124 -0.110064  0.795458
1.77659e+09  0.0121724 0.0160384  -0.01682  -0.345443 -0.0495168    0.82329
1.77659e+09  -0.0315034  0.0394742  -0.048778  -0.603011 -0.0749075   0.789354
1.77659e+09  -0.0208508 -0.0563996 -0.0402558 -0.655745 -0.120318  0.790575
1.77659e+09   0.0174988 -0.0595954 -0.0200158 -0.417708  -0.11104  0.841112
1.77659e+09  0.00791139  0.0405395 -0.0349295  -0.411117 -0.0336477   0.801073
1.77659e+09  -0.0528087  0.0373437  -0.053039  -0.411117 -0.0336477   0.801073
1.77659e+09  -0.0602655 -0.0436164 -0.0477127 -0.654036 -0.146441  0.814989
1.77659e+09   0.0164335 -0.0265722 0.00661579 -0.473617 -0.191118  0.848436
1.77659e+09  0.0952631 0.0437353  0.039639  -0.518294 -0.0729543    0.82329
1.77659e+09   0.0132377  0.0139079 0.00235473  -0.518294 -0.0729543    0.82329
1.77659e+09  -0.0432213 -0.0510733 -0.0274727  -0.598861 -0.0907766    0.76787
1.77659e+09  -0.0432213 -0.0510733 -0.0274727  -0.598861 -0.0907766    0.76787
1.77659e+09    0.12296 0.0352132 0.0747927  -0.502669 -0.0968801   0.800585
1.77659e+09    0.12296 0.0352132 0.0747927  -0.502669 -0.0968801   0.800585
1.77659e+09   -0.0560045  0.00538577 0.000224201 -0.587874 0.0193308  0.737352
1.77659e+09   -0.0560045  0.00538577 0.000224201 -0.587874 0.0193308  0.737352
1.77659e+09   0.114438 0.0543879 0.0684011 -0.505843 -0.167193  0.871874
1.77659e+09   0.111242  0.100194 0.0779885  -0.533187 0.00468238   0.694139
1.77659e+09  -0.0357645  0.0543879  0.0162032  -0.537581 -0.0377981   0.592089
1.77659e+09  -0.00380652   0.0490616    0.039639 -0.421859 -0.257769  0.772997
1.77659e+09  0.159179 0.146001 0.126991 -0.514876  -0.29854  0.848192
1.77659e+09  0.159179 0.146001 0.126991 -0.514876  -0.29854  0.848192
1.77659e+09    0.187941 -0.0116585   0.161079  -0.64598 -0.110552  0.772753
1.77659e+09    0.187941 -0.0116585   0.161079  -0.64598 -0.110552  0.772753
1.77659e+09   0.327491 0.0266911  0.174928 -0.637679 -0.154741  0.887499
1.77659e+09   0.327491 0.0266911  0.174928 -0.637679 -0.154741  0.887499
1.77659e+09    0.265705 -0.0404206   0.115273 -0.409896 0.0124949  0.745897
1.77659e+09   0.0899367 0.00538577  0.0215295  -0.365951 -0.0175344   0.978563
1.77659e+09    0.312577 0.00538577  0.0630748 -0.539046   -0.1252  0.941942
1.77659e+09    0.312577 0.00538577  0.0630748 -0.539046   -0.1252  0.941942
1.77659e+09    0.129352   0.156653 0.00555052  -0.132308 -0.0160696    1.01494
1.77659e+09    0.129352   0.156653 0.00555052  -0.132308 -0.0160696    1.01494
1.77659e+09   0.310447 0.0799543 0.0225948 -0.954329  -0.22896  0.968798
1.77659e+09   0.310447 0.0799543 0.0225948 -0.954329  -0.22896  0.968798
1.77659e+09     0.18368   0.198199 0.00768105 -0.0429525   0.135542   0.850389
1.77659e+09     0.18368   0.198199 0.00768105 -0.0429525   0.135542   0.850389
1.77659e+09   0.378623 0.0469311  0.106751 -0.835677  -0.17232   1.01055
1.77659e+09   0.378623 0.0469311  0.106751 -0.835677  -0.17232   1.01055
1.77659e+09   0.194333 0.0533227 0.0225948 0.0246745  0.321089  0.834276
1.77659e+09   0.194333 0.0533227 0.0225948 0.0246745  0.321089  0.834276
1.77659e+09   0.0579788  0.0362784 -0.0146895  -0.829085 -0.0265676   0.632616
1.77659e+09   0.0579788  0.0362784 -0.0146895  -0.829085 -0.0265676   0.632616
1.77659e+09  0.234813 0.195003 0.105685   0.15529 0.0268992   1.12163
1.77659e+09  0.234813 0.195003 0.105685   0.15529 0.0268992   1.12163
1.77659e+09  0.0590441 -0.135229 0.0492264  -0.651595 -0.0563528   0.846971
1.77659e+09  0.0590441 -0.135229 0.0492264  -0.651595 -0.0563528   0.846971
1.77659e+09   0.243335 0.0128426  0.118469 -0.0695638 -0.0795461    1.12505
1.77659e+09  0.250792 0.191807 0.136578 -0.209701   0.17021  0.580858
1.77659e+09  0.0409346 0.0629101    0.0439 -0.497054  0.184858  0.714891
1.77659e+09  -0.0453518 0.00538577  0.0119421  -0.422347 -0.0517141   0.852587
1.77659e+09   0.24227  0.14174 0.153622 -0.0810384  -0.106402    0.84746
1.77659e+09   0.24227  0.14174 0.153622 -0.0810384  -0.106402    0.84746
1.77659e+09   0.159179 0.0607795  0.128056 -0.476302 0.0688914  0.804247
1.77659e+09   0.159179 0.0607795  0.128056 -0.476302 0.0688914  0.804247
1.77659e+09   0.127221  0.357988 -0.204307 -0.594222  0.247602   1.31499
1.77659e+09   0.127221  0.357988 -0.204307 -1.57078 0.717817  1.67363
1.77659e+09  -0.971067 -0.887306 -0.469557 -0.745833   0.11894   1.16997
1.77659e+09  -0.971067 -0.887306 -0.469557 -0.745833   0.11894   1.16997
1.77659e+09  -0.819799 -0.324846 -0.402446 0.381608 -1.05611  1.55986
1.77659e+09  0.477693 0.111912 0.243105 -0.611312 -0.896685  0.927538
1.77659e+09   0.762119 -0.250278  0.364545 -1.06883 0.336714 0.627001
1.77659e+09  -0.312733  -0.48144 -0.123346 -0.570052  0.823286 0.0242176
1.77659e+09    0.234813 -0.0180501   0.184515 -0.606185 -0.607622    1.5313
1.77659e+09    0.234813 -0.0180501   0.184515 -0.606185 -0.607622    1.5313
1.77659e+09    -0.021916   -0.672122 0.000224201 -1.03416 0.224409 0.467333
1.77659e+09    -0.021916   -0.672122 0.000224201 -0.286605  0.811811  0.242235
1.77659e+09  -0.608877 -0.228972 -0.155304 0.252458 0.408003 0.881639
1.77659e+09   -0.290363 0.00645103  0.0257905 -0.507796 -0.301714  0.598925
1.77659e+09  0.0728925 -0.187427  0.106751  -1.02708 -0.326128  0.664598
1.77659e+09  0.0196293 -0.347217  0.256953  -0.514632 -0.0348684   0.689501
1.77659e+09  -0.0208508 -0.0777049   0.303825  0.334001 -0.196001  0.613085
1.77659e+09  0.223095 0.394207 0.489181  -0.152327 -0.0985891   0.837694
1.77659e+09  0.380754 0.393142 0.592511 -0.886214  0.214643  0.507128
1.77659e+09  0.133613   0.1215 0.498768 -0.815658  0.666548   0.37578
1.77659e+09  -0.234969  0.177959  0.336848 -0.225081  0.636274  0.723436
1.77659e+09  -0.477849  0.466645  0.271867 -0.579818  0.265913  0.844286
1.77659e+09  -0.232838  0.343075  0.423134  -1.12889 0.0327585  0.693651
1.77659e+09  -0.213664  0.130022  0.442309 -0.950179  0.314497   0.78911
1.77659e+09  -0.544961   0.20459  0.336848 -0.648421 0.0723093  0.768846
1.77659e+09  -0.432043  0.181154  0.443374  -1.07347 -0.366167  0.888964
1.77659e+09   0.121895 0.0863459  0.741648 -1.00096 -0.32271 0.990282
1.77659e+09  0.140004 0.074628 0.724604 -0.652572   0.35893   0.59453
1.77659e+09  -0.309537  0.099129  0.543509 -0.690413  0.557417  0.453905
1.77659e+09  -0.536439 0.0298869  0.490246 -0.767806  0.101362  0.750536
1.77659e+09  -0.245622 0.0863459   0.64684 -0.736556 -0.226763  0.910204
1.77659e+09  -0.0389603    0.10126   0.761888 -0.725326 0.0437449  0.605028
1.77659e+09  -0.214729 0.0693016  0.708625 -0.539779  0.329145   0.39702
1.77659e+09  -0.407542  0.192872  0.619143 -0.539535  0.222456  0.739305
1.77659e+09  -0.381975  0.298333  0.680928  -1.03709 0.0322703  0.957079
1.77659e+09  -0.244556  0.130022  0.753366  -1.01659 0.0625437   0.66411
1.77659e+09    -0.3383 0.0522574  0.719278 -0.467025  0.358442  0.681932
1.77659e+09  -0.584376  0.355858  0.642579 -0.419417   0.20854  0.915575
1.77659e+09  -0.569462  0.359054  0.634057   -1.17284 -0.0541555   0.753954
1.77659e+09  -0.423521 0.0639753  0.751236  -1.11571 -0.133501   0.81328
1.77659e+09  -0.345756   0.10339  0.799173 -0.571273 0.0693796   1.00688
1.77659e+09  -0.47998 0.306856 0.753366 -0.665999  0.104292  0.731981
1.77659e+09   -0.5407 0.176893 0.753366  -1.15257 -0.101763  0.811327
1.77659e+09   -0.34043 0.0330826  0.891851 -0.90599 -0.24898 0.951952
1.77659e+09  -0.199815 0.0980638  0.981333  -0.490462 -0.0705129   0.791552
1.77659e+09  -0.238165   0.24294  0.966419 -0.690413  0.166059  0.845751
1.77659e+09  -0.350017  0.152392  0.962158 -1.01536 0.251753 0.642626
1.77659e+09   -0.449087 -0.0233764   0.929135 -0.84471 0.106001 0.800096
1.77659e+09  -0.353213 0.0320174  0.973876 -0.463607  0.121382  0.792528
1.77659e+09  -0.40115  0.18435 0.951505 -0.505599  0.291059  0.724901
1.77659e+09  -0.585441  0.165175  0.919547 -0.977035  0.269331  0.752977
1.77659e+09   -0.631247 -0.0393553   0.896112 -0.865218 0.0188425  0.746386
1.77659e+09  -0.469327 0.0043205   1.03247  -0.350326 -0.0292532   0.939989
1.77659e+09  -0.429912  0.269571   1.06868 -0.486068  0.103803  0.824755
1.77659e+09  -0.528982  0.157719   1.08679  -1.01585 0.0913523  0.544481
1.77659e+09   -0.489567 -0.0681175    1.09425  -0.779036 -0.0160696   0.823778
1.77659e+09  -0.381975 0.0767585   1.19332 -0.380111 0.0569285   1.02031
1.77659e+09  -0.406476  0.215243   1.20184 -0.69847   0.1602 0.765428
1.77659e+09   -0.472523 0.00218997    1.20291 -0.991439  0.218794   0.63286
1.77659e+09  -0.521525 -0.104336   1.18906 -0.634261  0.200483  0.891405
1.77659e+09  -0.514068 0.0245605   1.21676 -0.369857  0.239057  0.734667
1.77659e+09  -0.630182 0.0767585   1.17308 -0.616927   0.20561  0.748583
1.77659e+09   -0.670662 -0.0276374    1.15817 -0.926986 0.0940378  0.832811
1.77659e+09  -0.579049 -0.158665   1.22315 -0.627913 0.0610789  0.741991
1.77659e+09   -0.596094 -0.0532038    1.24658 -0.358626  0.121382  0.949511
1.77659e+09  -0.600355 0.0618448   1.26895 -0.649642 0.0725535  0.805956
1.77659e+09  -0.573723 -0.132033   1.29559 -0.852035  0.094282  0.735155
1.77659e+09  -0.595028 -0.181036   1.32541 -0.456527 0.0420359  0.878221
1.77659e+09    -0.553483 -0.00420161     1.36802  -0.566878 -0.0434133   0.933397
1.77659e+09  -0.424586 -0.111793   1.44898  -0.739486 -0.0346243   0.651415
1.77659e+09  -0.356409 -0.190623   1.51397 -0.472396  0.268598  0.783251
1.77659e+09   -0.517264 -0.0457469    1.45644 -0.302474  0.457563  0.644579
1.77659e+09   -0.777189 -0.0414859    1.34033 -0.625472  0.363325  0.642382
1.77659e+09  -0.794233 -0.146947    1.3595 -0.690902 0.0754832  0.752733
1.77659e+09   -0.76334 -0.155469   1.40424 -0.645736 -0.185747   1.02617
1.77659e+09  -0.557744  -0.13949   1.52781 -0.620833 -0.400103   0.94243
1.77659e+09  -0.287167 -0.184231   1.67695 -0.639144 -0.179644  0.870897
1.77659e+09  -0.209403 -0.171448   1.72276 -0.488509  0.212446  0.836962
1.77659e+09   -0.40115 -0.158665    1.6418 -0.363997  0.560346  0.638475
1.77659e+09   -0.705816 -0.0777049     1.5097 -0.344466  0.453657   0.68828
1.77659e+09   -0.731382 -0.0382901    1.51077 -0.627425  0.234907  0.818895
1.77659e+09  -0.666401 -0.135229   1.52568 -0.504867  0.231001  0.533251
1.77659e+09   -0.771862 -0.0691827     1.5097 -0.30931 0.385298 0.742479
1.77659e+09  -0.913542 0.0671711   1.43407 -0.463363  0.356489  0.569384
1.77659e+09   -1.04777 -0.029768   1.41916 -0.811019  0.119673  0.737352
1.77659e+09   -0.935913 -0.0979449    1.48094 -0.898421  -0.13521   1.03423
1.77659e+09  -0.795298 -0.192753   1.55231     -0.68016 -0.000932857     0.744188
1.77659e+09  -0.796363 -0.128838   1.58214 -0.509505    0.1956  0.911425
1.77659e+09   -0.930587 -0.0766396    1.52781 -0.804427  0.308393  0.738817
1.77659e+09    -1.0467 -0.236429   1.49053 -1.01585 0.151655 0.832567
1.77659e+09   -1.09357 -0.361065   1.45751  -0.595687 -0.0971243   0.638964
1.77659e+09  -0.857083 -0.236429   1.58534 -0.435531 -0.101031   1.10381
1.77659e+09   -0.830452 -0.0936838    1.61303 -0.738265   0.19438  0.599901
1.77659e+09   -1.23738 -0.344021   1.41809  -0.985579 -0.0402395   0.542284
1.77659e+09   -1.13299 -0.487832   1.50544 -0.603499 -0.650103   1.04546
1.77659e+09  -0.498089 -0.205537   1.78774 -0.254378 -0.762652   1.15117
1.77659e+09  -0.277579 -0.121381   1.76537  -0.587386 -0.0744192   0.725145
1.77659e+09  -0.600355 -0.322716   1.61517 -0.614242  0.449751  0.433153
1.77659e+09   -1.00516 -0.276909   1.43833 -0.291488 0.0732859  0.764452
1.77659e+09  -0.841104 -0.101141   1.49479 -0.494124 -0.466265  0.901415
1.77659e+09  -0.361735 -0.104336   1.68441 -0.808333 -0.381304  0.726366
1.77659e+09   -0.50235 -0.283301   1.52675 -0.623275 0.0427683  0.555468
1.77659e+09  -0.755883 -0.259865    1.4117  -0.175033 -0.0675832   0.599413
1.77659e+09   -0.731382 -0.0489427    1.30198 -0.185775  -0.53438   0.79619
1.77659e+09  -0.373453 0.0416048   1.40744 -0.587386 -0.587847  0.610887
1.77659e+09   -0.204076 -0.0670522    1.41809 -0.589827 -0.263872  0.638964
1.77659e+09   -0.294624 0.00964683     1.3382 -0.36888 0.132124 0.685106
1.77659e+09  -0.487437  0.109782   1.17308 -0.431624  0.181928  0.721483
1.77659e+09  -0.626986 0.0980638   1.04631   -0.67137 -0.0207082    0.83452
1.77659e+09  -0.573723 0.0149731  0.908895 -0.659408 -0.113482   0.57329
1.77659e+09  -0.586506 -0.118185  0.847109 -0.0344076   0.240522   0.378466
1.77659e+09  -0.814473  0.269571  0.573337 0.225846 0.391157 0.537157
1.77659e+09  -1.28212 0.345205 0.269736  -0.406234    0.10893 -0.0846691
1.77659e+09   -1.30769 0.0234953  0.172797 -0.475814 -0.416948  0.723925
1.77659e+09  -0.788906  0.327096   0.34537 -0.313949 -0.325884   1.23931
1.77659e+09  -0.677054  0.286616  0.393307 -0.470199  0.405805  0.294481
1.77659e+09    -1.66455  0.0661058 -0.0722138 0.0178385 0.0247019 -0.121534
1.77659e+09    -1.43978   0.403795 -0.0519738  0.123063 -0.833208   1.49224
1.77659e+09  -0.427782  0.694612  0.338978 -0.606185 -0.563677  0.821337
1.77659e+09  -0.367062  0.310051  0.386915 -0.319076  0.491011  0.261034
1.77659e+09    -1.48133   0.558258 -0.0871275 -0.0204916   0.452192   0.943895
1.77659e+09    -1.31408   0.590216 -0.0775401  -0.68724 -0.453814   1.08769
1.77659e+09  -0.609942  0.433622  0.234582 -0.894271 -0.660845   1.55742
1.77659e+09  -0.278645  0.430426  0.368806 -0.604964  0.241011  0.929491
1.77659e+09  -0.807016  0.337748 0.0875759 -0.260726  0.724409  0.556444
1.77659e+09    -1.34284   0.428296 -0.0999107 -0.410872  0.176557   1.05107
1.77659e+09  -0.906086  0.477298   0.12273 -0.834945  -0.69356   1.43584
1.77659e+09  -0.272253  0.337748  0.384785  -1.00267 -0.398882   1.18096
1.77659e+09  -0.363866  0.264245  0.369871 -0.592757   0.16435   1.19853
1.77659e+09   -1.08185  0.348401 -0.187262 -0.934554 0.0271433    1.0999
1.77659e+09   -1.03392 0.0192342 -0.142521 -0.828353  -1.04341  0.879686
1.77659e+09  -0.310603  0.109782 0.0470958 -0.426742  -1.15303   1.58452
1.77659e+09  0.162375 0.403795 0.282519 -0.797835  -0.38814   1.25908
1.77659e+09  -0.174249  0.114043  0.131252 -1.25487 0.176069 0.401903
1.77659e+09  -0.719664 -0.273714  -0.19898 -0.691146 -0.334185   1.03618
1.77659e+09   -0.432043 -0.0638564  -0.114824 -0.120833 -0.994829   1.32183
1.77659e+09  0.425495 0.218439 0.222864  -0.54637 -0.597124  0.992723
1.77659e+09     0.271032 -0.00633214     0.12273 -0.841781  0.389204  0.400927
1.77659e+09  -0.634443 -0.181036  -0.27781 -0.641341  0.250532  0.495165
1.77659e+09  -0.598224 -0.173579 -0.238395 -0.54515 -0.87398  1.16631
1.77659e+09   0.358383 -0.013789  0.162144 -0.531722  -1.10201   1.06597
1.77659e+09     0.860123 5.94454e-05    0.375197  -0.67137 0.0488718   1.10308
1.77659e+09   0.275293 -0.151208 0.0715969 -0.745833   1.18242  0.364305
1.77659e+09  -0.747361 -0.318455 -0.527082  0.0361491   0.851118 0.00419804
1.77659e+09   -1.02646 0.0192342 -0.710307 0.250993 0.485884  1.41094
1.77659e+09  -0.600355  0.435753 -0.532408  0.163346 0.0654734  0.898729
1.77659e+09  -0.845365  0.468776  -0.49832 -0.885482  -0.14815  0.892626
1.77659e+09  -0.822995 0.0693016  -0.49832  -1.40965 -0.847613   1.09477
1.77659e+09  -0.108202 -0.169318  -0.19685 -0.788558 -0.788775   1.22588
1.77659e+09    0.238009  0.0181689 -0.0711485 0.0727702 0.0557078   0.94829
1.77659e+09   -0.31806  0.226961 -0.233069 -0.796859  0.609907  0.771288
1.77659e+09  -0.771862 -0.272648 -0.404576  -1.16576 -0.120318  0.607958
1.77659e+09  -0.402215 -0.502745 -0.230938 -0.314681 -0.767534   1.19829
1.77659e+09     0.309381 -0.00526688   0.0865106  0.367692 -0.429155  0.853807
1.77659e+09    0.12509  0.177959 0.0481611 -0.384017  0.264204  0.741503
1.77659e+09  -0.344691 -0.029768 -0.171283  -1.28343 0.0759714  0.866259
1.77659e+09   -0.214729  -0.472918 -0.0423864 -0.925765 -0.525347    1.1563
1.77659e+09  0.337078 -0.26093 0.198363 0.102311 -0.39107  1.12456
1.77659e+09   0.266771 0.0607795  0.195168 -0.0522298   0.153364   0.858446
1.77659e+09  -0.0389603 -0.0159195  0.0407043 -0.832992  0.124067  0.679003
1.77659e+09  0.0132377 -0.342956 0.0811843  -0.59471 -0.101031  0.781053
1.77659e+09   0.196463 -0.150143  0.146165  0.142594 -0.140581  0.876268
1.77659e+09   0.133613  0.107651 0.0790538 0.0695963 0.0356882  0.574266
1.77659e+09  0.113373 0.132152 0.118469 -0.484115 0.0591257  0.812059
1.77659e+09   0.105916 0.0213647 0.0854454 -0.471175  0.103315  0.672899
1.77659e+09  0.0377388 0.0277563 0.0588137 -0.0705404   0.105024   0.743944
1.77659e+09  -0.00487179    0.239744   0.0215295 -0.0910482  0.0610789   0.897509
1.77659e+09  0.0633051  0.322835 0.0907717 -0.589339 0.0303171  0.705858
1.77659e+09   0.034543  0.128956 0.0577485 -0.673812 0.0515574  0.595262
1.77659e+09  -0.0773098  0.0906069 0.00981158  -0.321517 -0.0329153    1.07573
1.77659e+09  0.00684612   0.287681  0.0364432 -0.308089 -0.170611  0.814501
1.77659e+09  0.168766 0.188611 0.154688  -0.614974 -0.0695364   0.756395
1.77659e+09  0.0835452  0.147066  0.100359 -0.514388 -0.032427  0.994188
1.77659e+09  0.0302819  0.159849  0.075858  -0.600814 -0.0680715   0.900927
1.77659e+09   0.128286 0.0906069  0.118469 -0.531478 -0.148882  0.937059
1.77659e+09  0.175158  0.10339 0.151492  -0.450423 -0.0468313   0.868212
1.77659e+09   0.182615 0.0959333  0.140839 -0.408431  0.113081  0.895555
1.77659e+09  0.0675662  0.142805  0.096098 -0.534408  0.200971  0.933397
1.77659e+09  -0.0261771  0.0352132  0.0641401 -0.581038 0.0632761  0.805223
1.77659e+09  0.0526525 0.0128426  0.096098 -0.412581 0.0164011   1.02812
1.77659e+09  0.00578086  0.0980638  0.0790538 -0.353499 0.0906199  0.778856
1.77659e+09  -0.0549392  0.0394742  0.0353779 -0.438949 0.0518015  0.776415
1.77659e+09  -0.0645266  0.0533227 0.00874632  -0.358138 -0.0424368   0.910936
1.77659e+09  -0.0357645  0.0735627  0.0215295  -0.277816 -0.0788137   0.674852
1.77659e+09  0.0164335 0.0703669  0.075858  -0.183333 -0.0924856   0.788134
1.77659e+09  0.0846104  0.217373 0.0992938  -0.298812 -0.0768606    1.00298
1.77659e+09  0.0526525  0.179024 0.0886412  -0.582992 -0.0163137   0.682421
1.77659e+09  0.0537178  0.038409 0.0939675  -0.352279 -0.0231497   0.833055
1.77659e+09  0.219899 0.190742 0.181319 -0.0915365   0.150923   0.691698
1.77659e+09   0.265705  0.498603 0.0417695 -0.873519  0.499067   2.00273
1.77659e+09  -0.445891  0.294072 -0.385402 -2.86766  1.34062  1.15508
1.77659e+09  -0.941239 -0.883045  -0.58141 -1.63988  1.04033 0.523973
1.77659e+09    -1.4547  -0.64123 -0.595259  0.735856 -0.258257   1.50176
1.77659e+09   -0.58118  0.259984 -0.254374 0.00392251   -1.34908    1.62944
1.77659e+09  0.635352 0.107651 0.279323  -1.80858 -0.494097  0.784471
1.77659e+09  -0.0187202  -0.791432  -0.153174 -0.978743  0.772505 -0.223097
1.77659e+09  -0.891172 -0.541095 -0.363031 0.749772   0.3748 0.617235
1.77659e+09   -0.56094  0.177959 -0.177675 0.0573893 -0.496538   1.49614
1.77659e+09   0.200724 0.0671711 0.0886412  -1.65233 -0.576372  0.844286
1.77659e+09      0.144265    -0.727516 -0.000841063 -0.972884  0.217573  0.385302
1.77659e+09  -0.348952 -0.596489 -0.211763 0.748551 0.369184 0.651415
1.77659e+09   -0.442695    0.20246 -0.0913885  0.391374 -0.117876  0.907762
1.77659e+09  -0.0964845   0.206721    0.10249 -0.821273 -0.789019  0.668505
1.77659e+09   0.389276 -0.121381  0.269736 -0.917708 -0.587359  0.954149
1.77659e+09   0.380754 -0.086227  0.224995 0.0903483 0.0244578    0.5916
1.77659e+09  0.0526525  0.240809 0.0545527 -0.0326986    0.19145   0.853807
1.77659e+09  0.00258506   0.266376  0.0460306   -1.09837 -0.0395071    1.08061
1.77659e+09    0.20179 -0.122446  0.186645   -1.13548 0.00199683   0.769823
1.77659e+09  0.0281514 -0.206602 0.0779885 -0.190169  0.132368   0.60454
1.77659e+09   -0.162531  0.0820848 -0.0413211  -0.220931 -0.0722219    1.02641
1.77659e+09  0.0728925 0.0980638 0.0694664 -0.903548 -0.209917  0.824022
1.77659e+09   0.157048 -0.192753  0.140839  -0.80516 0.0598582  0.615038
1.77659e+09  -0.0592003  -0.199145   0.080119 -0.0951986   0.149702    0.68828
1.77659e+09  -0.185967 0.0863459    0.0439 -0.215316 -0.265825  0.906298
1.77659e+09   0.174093 0.0693016  0.210081 -0.825423 -0.390581  0.835009
1.77659e+09    0.388211 -0.0798354   0.343239 -0.671859 0.0146921  0.687059
1.77659e+09     0.12296 -0.0478775   0.202624 -0.199935  0.339399  0.597704
1.77659e+09  -0.146552  0.111912 0.0865106 -0.350326  0.124067  0.835741
1.77659e+09  -0.0549392   0.108716   0.140839 -0.792464 -0.250933  0.897753
1.77659e+09    0.22203 -0.054269  0.254822 -0.684554 -0.136187   0.82036
1.77659e+09   0.158114 0.0171037  0.216473 -0.252913  0.185102  0.738573
1.77659e+09  -0.150813  0.137479  0.075858 -0.465316  0.117231   0.82036
1.77659e+09  -0.0730487  0.0927375  0.0822496  -0.82054 -0.227739  0.937059
1.77659e+09     0.210312 -0.00100582    0.215408 -0.795882 -0.144976   0.96953
1.77659e+09    0.141069 0.00538577   0.144035 -0.450911  0.199995  0.688036
1.77659e+09  -0.136965 0.0671711 0.0130074 -0.39598 0.129682 0.740282
1.77659e+09  -0.0890277   0.107651 -0.0189506 -0.550765 -0.127398  0.811083
1.77659e+09    0.10272 0.0650406   0.10462 -0.551497 -0.124956  0.697802
1.77659e+09   0.126156 0.0969985  0.080119 -0.52391 0.111372 0.796923
1.77659e+09  -0.0304381   0.074628  0.0151379 -0.613265  0.153608  0.695848
1.77659e+09    -0.101811 -0.00526688  -0.0551696  -0.758529 -0.0985891   0.983446
1.77659e+09   0.148526 -0.054269   0.10249 -0.693099 -0.276812   1.06621
1.77659e+09     0.30299 -0.0670522   0.135513  -0.642562 -0.0666067    1.23003
1.77659e+09   0.301924 -0.034029  0.155753 -0.576644  0.272993  0.889208
1.77659e+09  0.000454534   -0.113924    0.019399 -0.702865  0.394087   0.67705
1.77659e+09  -0.094354 -0.181036 0.0524222  -0.600326 -0.0275442    1.16655
1.77659e+09   0.0760883 -0.0958144   0.117403  -0.62596 -0.209673   1.15141
1.77659e+09   0.283815 -0.141621  0.305955 -0.582747 -0.130572     1.023
1.77659e+09   0.211377 -0.106467  0.217538 -0.361312    0.1602  0.589159
1.77659e+09   0.0633051 -0.0755743   0.174928 -0.129134  0.174116  0.591356
1.77659e+09  -0.0272423   0.122565   0.138709  -0.47972 -0.129351   1.26152
1.77659e+09   0.142135 0.0522574  0.234582  -1.04759 -0.242632   0.93535
1.77659e+09  0.356253 -0.26093 0.383719 -0.255355 -0.029009   0.16704
1.77659e+09   0.145331 0.0394742  0.129121 0.354997 0.352827  1.18437
1.77659e+09  -0.152944  0.459188 0.0108768 -0.494124  0.203657  0.589647
1.77659e+09   -0.0666571   0.0213647 -0.00723265  -1.17918 0.0535105  0.312792
1.77659e+09  -0.0805056  -0.188492 0.00661579 -0.220687 0.0332468  0.906786
1.77659e+09    -0.021916    0.252527 -0.00190633 0.306901 0.145796 0.705858
1.77659e+09  -0.274384  0.395273 -0.181936 -0.534408 0.0527781  0.643602
1.77659e+09  -0.237099 0.0959333 -0.184067  -1.06419 -0.110552  0.703661
1.77659e+09    0.018564 -0.0489427 -0.0296032 -0.513656 0.0698679  0.863817
1.77659e+09   0.034543 0.0543879 -0.100976 0.282243 0.588178 0.469286
1.77659e+09  -0.586506  0.416578 -0.275679 -0.236068  0.673139  0.768358
1.77659e+09  -0.635508  0.274898 -0.335334 -0.795394  0.159712  0.307421
1.77659e+09   -0.359605  0.0117774 -0.0562348  -0.60887 -0.001177  0.833544
1.77659e+09  -0.184901  0.297268 0.0460306 0.0947428   0.32646  0.995165
1.77659e+09   -0.511938   0.491146 -0.0604959 -0.351058   0.53227   0.16704
1.77659e+09  -0.669597  0.254658 -0.069018 -0.643783  0.298628  0.571825
1.77659e+09  -0.488502  0.319639  0.126991  -0.404525 -0.0023977    1.11186
1.77659e+09  -0.249883  0.522039  0.254822 -0.544417  0.222456  0.747362
1.77659e+09   -0.3383 0.335618 0.232452 -0.576156  0.628706  0.236132
1.77659e+09  -0.762275  0.354793 0.0577485 -0.228499  0.689985  0.729052
1.77659e+09    -1.18625   0.582759 -0.0647569  -0.276595 0.00517066   0.540819
1.77659e+09  -0.788906   0.78729  0.230321  -2.28099 -0.291704   1.69634
1.77659e+09  -0.490632  0.495407  0.603164 -3.92503  -1.7004  2.83599
1.77659e+09   0.537348 -0.749887  0.931265 -3.23216 -1.76607  2.03081
1.77659e+09    1.46945 -0.950157   1.31902 0.318376 0.146284  1.10771
1.77659e+09   0.360514 0.0906069  0.713951  0.97487   1.4124 0.308153
1.77659e+09  -0.990241  0.598738  0.343239  -2.08836   1.35502 0.0508289
1.77659e+09  -0.769732 -0.733908  0.557358  -1.81932 -0.532915  0.575487
1.77659e+09  -0.145487 -0.614598  0.660688  0.318132 -0.516802   1.21782
1.77659e+09  0.249726 0.412317 0.927004 0.522477 0.242231 0.954637
1.77659e+09  -0.450152  0.332422  0.566945   -1.4575  0.805464 -0.400831
1.77659e+09   -1.08612 -0.488897  0.292107 -1.59959 0.214643 0.795458
1.77659e+09  -0.785711  -0.50168  0.428461 -0.210433 -0.460405   1.41265
1.77659e+09  -0.179575  0.109782  0.766149 -0.0251302  -0.218706   0.733446
1.77659e+09   -0.37878 0.0394742  0.637252 -0.929427  0.367475  0.185839
1.77659e+09  -0.785711 -0.367457  0.513682 -0.999495  0.390425  0.419481
1.77659e+09  -0.833648 -0.349347  0.591446 -0.231673 -0.179888  0.877245
1.77659e+09  -0.443761 0.0171037  0.765084  -0.21849 -0.370318    0.8062
1.77659e+09  -0.248817 0.0256258  0.891851 -0.810531 -0.144976  0.529833
1.77659e+09  -0.336169 -0.243886  0.855632 -0.91014 0.267866 0.628954
1.77659e+09  -0.664271 -0.253474   0.74804 -0.521224  0.137983  0.694628
1.77659e+09  -0.648292  -0.17784  0.824739  -0.57347 -0.343462  0.705614
1.77659e+09  -0.129508 -0.113924  0.996247 -0.743148 -0.332964   1.06597
1.77659e+09  0.0451956 -0.197014   1.01436 -0.423324  0.764204  0.419725
1.77659e+09   -0.675988 -0.0787701   0.734191 0.0571452   1.17436  0.303759
1.77659e+09  -1.61875  0.26318 0.326195 -0.341292  0.416792   0.65288
1.77659e+09  -1.14044 0.122565 0.620208  -1.14183 -0.639605   1.06279
1.77659e+09   -0.270123 -0.0223111   0.996247  -1.03099 -0.374468   1.12163
1.77659e+09   -0.457609 -0.0350943   0.955766 -0.485091  0.487837  0.583788
1.77659e+09   -1.12873 0.0320174  0.692646 -0.578353  0.408491  0.487841
1.77659e+09    -1.03179 -0.0638564   0.817282 -0.822982 -0.267534  0.960253
1.77659e+09   -0.477849 -0.0223111    1.10064  -0.72679 -0.333452   1.15117
1.77659e+09   -0.444826 -0.0287027    1.15178 -0.616927  0.219038   0.66704
1.77659e+09  -0.796363 -0.110728    1.0346 -0.629622  0.409223  0.552294
1.77659e+09  -0.906086 -0.124576   1.02394 -0.536117 0.0703562  0.759569
1.77659e+09   -0.728186 -0.0766396    1.11662 -0.433577 -0.107866  0.837938
1.77659e+09  -0.663205 -0.013789   1.16562 -0.550277 0.0403269  0.807909
1.77659e+09  -0.663205 -0.013789   1.16562 -0.550277 0.0403269  0.807909
1.77659e+09  -0.853888 -0.170383   1.13047 -0.431868 0.0784128  0.581835
1.77659e+09   -0.826191 -0.0489427    1.12514 -0.254622 -0.015093  0.942675
1.77659e+09  -0.742035  0.110847   1.19652 -0.574447 0.0593699   0.78496
1.77659e+09    -0.82193 -0.0489427    1.17415 -0.805648  0.113813  0.446581
1.77659e+09   -0.90289 -0.172513   1.12088 -0.435775 0.0378855  0.783007
1.77659e+09  -0.828321  0.038409   1.16562 -0.197738 0.0615671  0.938036
1.77659e+09  -0.931652  0.135348   1.13154 -0.56639  0.11479 0.665087
1.77659e+09    -1.01155 -0.0233764    1.12834  -0.879622 -0.0883352   0.722704
1.77659e+09  -0.891172 -0.123511   1.15817 -0.564681 -0.311236  0.832323
1.77659e+09  -0.891172 -0.123511   1.15817 -0.564681 -0.311236  0.832323
1.77659e+09  -0.737774  0.131087   1.21036 -0.470687  0.361128  0.609423
1.77659e+09    -1.1202 0.0522574   1.06549 -0.830062  0.284468  0.707079
1.77659e+09    -1.20436 -0.0819659    1.01329   -0.9243 -0.290484   1.04766
1.77659e+09   -0.731382 -0.0851617    1.25084 -0.666732  -0.37398   1.18999
1.77659e+09  -0.580115 0.0639753   1.37974  -0.591536 -0.0236379   0.940477
1.77659e+09  -0.580115 0.0639753   1.37974  -0.591536 -0.0236379   0.940477
1.77659e+09  -0.829387 -0.150143   1.34033 -0.379378  -0.41939   0.82744
1.77659e+09  -0.29782 0.105521  1.54273 -0.171859 -0.273882  0.917528
1.77659e+09  -0.232838  0.190742   1.56297 -0.283919  0.414595  0.498339
1.77659e+09  -0.914608  0.155588   1.23593 -0.283919  0.414595  0.498339
1.77659e+09    -1.1479 0.0341479   1.13686 -0.796126 0.0435007  0.871141
1.77659e+09    -1.1479 0.0341479   1.13686 -0.796126 0.0435007  0.871141
1.77659e+09  -0.551353  0.160914   1.42768 -0.277816  0.275678  0.856737
1.77659e+09  -0.551353  0.160914   1.42768 -0.277816  0.275678  0.856737
1.77659e+09   -1.35243 -0.120315    1.0314 -0.741927   0.13603  0.525438
1.77659e+09   -1.35243 -0.120315    1.0314 -0.741927   0.13603  0.525438
1.77659e+09  -0.665336  0.226961    1.4117   -0.5493 0.0893992   0.76494
1.77659e+09  -0.665336  0.226961    1.4117   -0.5493 0.0893992   0.76494
1.77659e+09    -1.44724 -0.0819659     1.0559 -0.349349  0.395552  0.634325
1.77659e+09    -1.44724 -0.0819659     1.0559 -0.349349  0.395552  0.634325
1.77659e+09  -1.01155 0.154523  1.22954   -1.20848 -0.0126516   0.883348
1.77659e+09  -1.01155 0.154523  1.22954   -1.20848 -0.0126516   0.883348
1.77659e+09    -1.66455 -0.0958144   0.969615 -0.18431 0.529341 0.604784
1.77659e+09    -1.66455 -0.0958144   0.969615 -0.18431 0.529341 0.604784
1.77659e+09     -1.1724 -0.0787701    1.25404  -1.45897 -0.642046  0.941942
1.77659e+09     -1.1724 -0.0787701    1.25404  -1.45897 -0.642046  0.941942
1.77659e+09    -1.2491 -0.175709   1.28493 -0.101058  0.722456  0.298143
1.77659e+09    -1.2491 -0.175709   1.28493 -0.101058  0.722456  0.298143
1.77659e+09   -1.64964 -0.273714   1.24445  -1.16771 -0.740435  0.971727
1.77659e+09   -1.64964 -0.273714   1.24445  -1.16771 -0.740435  0.971727
1.77659e+09  -0.744165 -0.111793   1.74513 -0.551497  0.308882  0.734178
1.77659e+09  -0.744165 -0.111793   1.74513 -0.551497  0.308882  0.734178
1.77659e+09   -1.36415 -0.439895    1.5374 -0.926986 -0.647173   1.14849
1.77659e+09   -1.36415 -0.439895    1.5374 -0.926986 -0.647173   1.14849
1.77659e+09  -0.422455 -0.065987   1.82715 -0.276839 -0.408159  0.923387
1.77659e+09  -0.422455 -0.065987   1.82715 -0.276839 -0.408159  0.923387
1.77659e+09  -0.977458 -0.227907   1.41809 -0.968734  0.436811  0.555468
1.77659e+09  -0.977458 -0.227907   1.41809 -0.968734  0.436811  0.555468
1.77659e+09  -1.26614    -0.36  1.29452  -0.421859 -0.0482961   0.862352
1.77659e+09   -1.18732 -0.132033   1.21569 -0.163314  -0.47603  0.970018
1.77659e+09  -0.869867 -0.154404    1.0282 -0.547103 -0.733111  0.337694
1.77659e+09  -0.869867 -0.154404    1.0282 -0.547103 -0.733111  0.337694
1.77659e+09  -0.799559 -0.166122  0.896112 0.0271159  -0.62398  0.845018
1.77659e+09  -0.890107  0.193938   0.64684 -0.408187 -0.490679  0.988817
1.77659e+09  -0.896498 -0.489962  0.301694 -0.675521  -1.16768  0.625048
1.77659e+09  -0.896498 -0.489962  0.301694 -0.675521  -1.16768  0.625048
1.77659e+09  0.280619 0.169436 0.517943 -0.348617  -1.23262   1.23345
1.77659e+09  0.280619 0.169436 0.517943 -0.348617  -1.23262   1.23345
1.77659e+09   -0.197685  -0.402611 -0.0114937  -1.19652 -0.300493  0.852343
1.77659e+09   -0.197685  -0.402611 -0.0114937  -0.839095 -0.0260793   0.613085
1.77659e+09   0.0388041 -0.0670522  -0.139325 0.128678 -1.30391  1.17876
1.77659e+09   0.0388041 -0.0670522  -0.139325 0.128678 -1.30391  1.17876
1.77659e+09    0.754662 -0.0627912  0.0609443 -0.733382  0.189985   0.25078
1.77659e+09    0.754662 -0.0627912  0.0609443 -0.733382  0.189985   0.25078
1.77659e+09   0.274227  0.261049 0.0492264 -0.0063314   0.147993   0.902147
1.77659e+09   0.274227  0.261049 0.0492264 -0.289535 -0.417437   1.15972
1.77659e+09  0.855862  0.16198 0.315542 -0.874251  -0.45479  0.673143
1.77659e+09      1.1339 -0.0361595   0.558423 0.00319009   0.323286   0.715624
1.77659e+09  0.607655 0.394207 0.259083  0.24611 0.894575 0.740038
1.77659e+09  -0.042156  0.562519 0.0545527 -0.830306   0.89726  0.413134
1.77659e+09  0.0377388 0.0820848  0.157883 -0.832015  0.390425  0.636522
1.77659e+09  0.0643704  0.261049  0.182384 -0.152327  0.382124   1.27739
1.77659e+09  -0.0719834   0.565715   0.177058 -0.58055 0.429487 0.606493
1.77659e+09  -0.275449  0.212047 0.0865106 -0.80931 0.291548 0.413378
1.77659e+09  -0.307407  0.220569 0.0375085  -0.453597 -0.0109426    1.26055
1.77659e+09  -0.0698529   0.421904    0.16321 -0.420882 0.0461863   0.81035
1.77659e+09  -0.319125  0.320704 0.0566832 -0.678939 0.0425242  0.568651
1.77659e+09  -0.295689  0.199264  0.117403 -0.793441 -0.301714   1.10015
1.77659e+09  0.173027 0.210982  0.26441 -0.602767 -0.084429   1.00102
1.77659e+09  0.0206946  0.208851  0.186645 -0.461165  0.548628  0.698046
1.77659e+09   -0.538569   0.176893 -0.0999107 -0.581527  0.324262  0.565477
1.77659e+09   -0.590767  0.0618448 -0.0839317  -0.77806 -0.498003   1.11626
1.77659e+09   0.192202 0.0831501  0.220734 -0.462386 -0.454302  0.878466
1.77659e+09  0.229486 0.198199  0.24417 -0.325667  0.302778  0.876757
1.77659e+09    -0.40115   0.185415 -0.0498432 -0.746566  0.408979  0.551561
1.77659e+09   -0.498089  -0.070248 -0.0221464 -0.820296 -0.303911  0.815477
1.77659e+09   0.0441304 -0.0308332   0.188776  -0.48265 -0.620806   1.34404
1.77659e+09  0.394602 0.181154 0.380524 -0.474837 -0.101519  0.944872
1.77659e+09   0.118699 0.0171037  0.211147 -0.682845  0.401411  0.356249
1.77659e+09  -0.298885 -0.127772 0.0684011 -0.440169  0.216352  0.943407
1.77659e+09  -0.195554 0.0266911 0.0992938  -0.16429 -0.254107  0.963182
1.77659e+09  0.105916 0.126826 0.265475 -0.310286 -0.157915  0.751512
1.77659e+09  0.0153682  0.111912  0.216473 -0.365951 0.0911082  0.616259
1.77659e+09   -0.23923 0.0661058 0.0907717 -0.355697 -0.032427  0.757128
1.77659e+09  -0.0730487   0.126826   0.168536 -0.148665  -0.27315   0.86577
1.77659e+09  0.146396  0.28342 0.271867  -0.298812 -0.0785696   0.903612
1.77659e+09  -0.0560045   0.233352   0.169601  -0.51512 0.0505808  0.554735
1.77659e+09  -0.240295 0.0884764  0.075858 -0.483138 -0.268511  0.957323
1.77659e+09  0.114438 0.187546  0.22606 -0.182601 -0.404741    1.0501
1.77659e+09  0.220964 0.362249 0.296368 -0.469222  -0.14229  0.963427
1.77659e+09  -0.00487179    0.291942    0.204755  -1.24998 -0.260698   1.11797
1.77659e+09    0.154918 -0.0649217    0.30702 -1.55785 -0.58687   1.4229
1.77659e+09   0.585285 -0.241756  0.524334 -0.483138 -0.532915   1.14092
1.77659e+09   0.494737 0.0330826  0.389046 0.0339518 -0.155718  0.972948
1.77659e+09  0.327491 0.142805  0.32513 -0.784652 -0.101275  0.903612
1.77659e+09   0.439343 -0.190623  0.399698 -0.984359 -0.180376  0.807909
1.77659e+09   0.440409 -0.247082  0.368806  -0.331283 -0.0780813    1.04033
1.77659e+09    0.327491 -0.0244416   0.296368   -0.19139 -0.0397512    0.73662
1.77659e+09    0.299794 -0.0734438   0.260149 -0.423324 -0.162798  0.654833
1.77659e+09    0.349861 -0.0798354   0.285715 -0.550765 -0.196734   1.03276
1.77659e+09    0.413777 -0.0627912   0.331521  -0.55931 -0.126421  0.876757
1.77659e+09   0.342404 -0.160795  0.267606 -0.356185 0.0183543  0.706591
1.77659e+09    0.271032 -0.0255069   0.277193  -0.314193 -0.0456106   0.931932
1.77659e+09    0.283815 -0.0276374   0.298498  -0.55516 -0.206011  0.733934
1.77659e+09   0.396733 -0.140555  0.384785 -0.478011 -0.306109  0.942675
1.77659e+09    0.513912 -0.0318985   0.320869 -0.250716 0.0066355  0.917772
1.77659e+09   0.682224 -0.128838  0.096098  0.27028  1.07768 0.424608
1.77659e+09  -0.363866  0.361184 -0.293789 0.757585  1.41289 0.417772
1.77659e+09   -1.41102  0.856532 -0.665566 -0.357161  0.449262   1.04546
1.77659e+09  -0.948696  0.311117   -0.3609  -1.6328 -1.30684  1.10674
1.77659e+09   0.477693 0.0171037 0.0843801 -0.985091  -1.00557   1.56597
1.77659e+09   0.511781  0.195003 0.0950327 0.000992822    0.446821    0.946825
1.77659e+09  -0.530047   0.32603 -0.341726 -0.93431 0.720991 0.613085
1.77659e+09  -0.721795 -0.241756 -0.408837  -1.25584 -0.356646  0.916796
1.77659e+09    0.115503  -0.351478 -0.0434516 -0.345199  -0.66646   1.52568
1.77659e+09   0.473432 0.0735627   0.12486  0.177506 0.0950144  0.943407
1.77659e+09  -0.142291 0.0959333 -0.121216 -0.684798  0.512007  0.402636
1.77659e+09  -0.521525 -0.328042 -0.302311  -0.92723 -0.171343  0.894091
1.77659e+09   0.0803494  -0.292888 -0.0413211  -0.12889 -0.521685    1.3333
1.77659e+09   0.422299 0.0629101  0.136578   0.0473795 0.000776127      1.0081
1.77659e+09   -0.037895  0.0597143 -0.0807359 -0.639388  0.313032  0.724169
1.77659e+09    -0.3383 -0.248147 -0.236265  -1.06615 -0.113238    1.1165
1.77659e+09   0.0856757  -0.331238 -0.0381253 -0.228499 -0.329058  0.837938
1.77659e+09    0.381819 -0.0745091   0.112077 0.182389 0.179731  1.08916
1.77659e+09    -0.1604  0.175828 -0.163827 -0.562484   0.54936  0.922655
1.77659e+09  -0.485306 -0.249212 -0.334269 -1.25072 0.248091 0.653368
1.77659e+09  -0.243491 -0.462265 -0.170218  -0.457503 -0.0409719    1.33769
1.77659e+09  -0.210468 -0.125642 -0.157435 0.00465493  0.0998972   0.912157
1.77659e+09  -0.474653 -0.183166 -0.252243   -0.50682 -0.0780813   0.637011
1.77659e+09  -0.111398   -0.2588 -0.106302 -0.683089  0.024946   1.40581
1.77659e+09   -0.230708  -0.160795 -0.0498432 -0.502669  0.333784   1.06841
1.77659e+09  -0.630182 -0.300345 -0.204307  -0.353743 -0.0702688   0.380663
1.77659e+09   -0.303146  -0.223646 -0.0743443 -0.0424642  -0.603472   0.994677
1.77659e+09  0.281684 0.148131 0.213277 -0.254867 -0.390581   1.21684
1.77659e+09   0.277423 0.0554532  0.239909 -0.911117  0.617964  0.995165
1.77659e+09  -0.499155 -0.154404 -0.141456  -0.594222   0.371137 -0.0404797
1.77659e+09  -0.663205  -0.34189 -0.290593 -0.283431 -0.353472   1.06157
1.77659e+09  0.0739578  0.038409  0.103555  -0.19847 -0.665972   1.95073
1.77659e+09  0.513912 0.144935 0.310216 -0.897689  0.221723  0.757616
1.77659e+09  -0.238165 -0.433503 -0.189393  -0.822005   0.811323 -0.0578137
1.77659e+09  -0.825125 -0.402611 -0.453578 0.0832682  0.189985   1.34209
1.77659e+09  -0.495959 0.0682364 -0.284201 -0.520736 -0.644243   1.29253
1.77659e+09   0.230552 -0.256669 0.0971633  -0.96141 -0.427202  0.499071
1.77659e+09    0.153853  -0.530442 -0.0573001 -0.0502767   0.405317   0.852831
1.77659e+09  -0.680249 -0.161861 -0.401381 0.420671 0.441206 0.148241
1.77659e+09   -0.507677 0.00112471  -0.167022 -0.064681 -0.309527   1.08647
1.77659e+09   0.16344 0.135348 0.132317  -1.02952 -0.114702   1.47539
1.77659e+09    -0.19875  -0.344021 -0.0541043 -0.964339   0.28227  0.131639
1.77659e+09  -0.585441 -0.680645 -0.220286    0.12111 -0.0346243     1.0562
1.77659e+09   -0.229643  0.0320174 -0.0210811  0.474137 -0.528032   1.47905
1.77659e+09  0.204985 0.127891 0.195168  -1.06712 -0.338335  0.805468
1.77659e+09  0.0249556 -0.615663 0.0620095 -0.989974  0.183882  0.624071
1.77659e+09   -0.326582  -0.533638 -0.0935191    0.16359 -0.0565969    1.17485
1.77659e+09  -0.175314 -0.148012 0.0140726 -0.257064 -0.620562   1.29375
1.77659e+09   0.460649 -0.322716  0.275062 -0.870589 -0.401079  0.925096
1.77659e+09   0.361579 -0.618859  0.154688 -0.267806   0.40727  0.719774
1.77659e+09  -0.331908 -0.422851 -0.153174 0.191178 0.469526 0.865526
1.77659e+09  -0.407542 -0.251343 -0.140391 -0.279769  -0.23189   1.06792
1.77659e+09  0.0206946 -0.388762 0.0929022  -0.59349 -0.664995   0.85869
1.77659e+09  0.290206 -0.50168 0.189841 -0.105697  -0.46187   1.15288
1.77659e+09   0.30512 -0.23856 0.100359 0.238786 0.109175 0.761766
1.77659e+09  -0.00913285   -0.170383   0.0172684 -0.339827  0.423139  0.531542
1.77659e+09   -0.275449  -0.309933 -0.0786054  -0.28807 -0.210406  0.619677
1.77659e+09  -0.0400255  -0.365326  0.0215295 0.0476237 -0.647173  0.811327
1.77659e+09    0.708855 -0.0553343    0.34537   0.411637 -0.0351125    1.27056
1.77659e+09   0.109112  0.293007 0.0343127 -0.121566  0.507612  0.204393
1.77659e+09  -0.495959  -0.15973 -0.120151 -0.477279  0.017866 -0.204542
1.77659e+09  -0.139095 -0.189558 0.0130074  0.567643 -0.952105   1.17485
1.77659e+09  0.729095 0.614717 0.294237  0.730485 -0.498247  0.856981
1.77659e+09  0.542674 0.575302 0.175993  -0.16307  0.503218 -0.372511
1.77659e+09  -0.245622  0.280224 -0.180871 0.0976725  0.497846 -0.317823
1.77659e+09   0.158114   0.78942 0.0353779 -0.916243  0.990766   2.64287
1.77659e+09  0.161309  1.22724 -0.45784 -3.25706  2.22099  1.56133
1.77659e+09  -2.11516    -0.36 -1.26211 -3.46141  2.36284  -1.3105
1.77659e+09  -3.41798 -1.00875 -1.39527 0.636247  -0.9023  2.24712
1.77659e+09   -1.03179   1.09941 -0.162761  1.35133 -3.61275  3.25615
1.77659e+09  1.88917 1.70129 1.15604  -2.04735  -1.45674 -0.127882
1.77659e+09    1.16692 0.0661058  0.454027  -2.21483   1.56938 -0.631056
1.77659e+09   -1.01368  0.273832 -0.253309 -0.694076   2.43217  0.426073
1.77659e+09   -1.84565  0.828835 -0.421621  -0.393538 0.00687964    1.40825
1.77659e+09  -0.652553  0.631761 -0.012559 -2.30272 -1.52315  1.76055
1.77659e+09   0.793011 0.0511921  0.534987  -2.19481 -0.592974    1.2437
1.77659e+09   0.397798 -0.426046  0.198363 -0.520736   1.02495 -0.155958
1.77659e+09   -1.14364  0.181154 -0.354509 0.00782876   0.820356   0.207811
1.77659e+09  -0.976393  0.094868 -0.303376 -0.990706 -0.756792   1.04473
1.77659e+09  -0.0315034 -0.0968796    0.02366 -1.69823 -1.37837   1.5291
1.77659e+09   0.840948 -0.373848  0.340044  -0.92015 -0.317339  0.384081
1.77659e+09    0.0473262   -0.424981 -0.00190633   0.453385    0.39311 -0.0363293
1.77659e+09  -0.350017  0.201394 -0.127608  0.256608 0.0950144  0.662645
1.77659e+09  0.137874 0.388881 0.109946 -0.631087 -0.518511  0.371874
1.77659e+09  0.501129 0.127891 0.249496 -0.849593 -0.104448   0.44243
1.77659e+09  0.391407 0.220569 0.113142 0.015153  0.35478 0.446093
1.77659e+09   0.0111072    0.40486 -0.0541043 -0.0842123   0.795698  0.0151844
1.77659e+09  -0.497024  0.609391 -0.251178 -0.350814  0.144819  0.783983
1.77659e+09  -0.211533  0.606195 -0.173414 -1.15062 -0.18062  0.66411
1.77659e+09   0.0462609    0.24294 -0.0381253  -0.759261 -0.0299856   0.201952
1.77659e+09  0.0824799   0.38462 -0.112694 0.399186  0.28227 0.199266
1.77659e+09  -0.347887   1.01419 -0.266092 -0.27513 0.668012 0.741747
1.77659e+09  -0.490632   0.80753 -0.274614 -1.61571 0.120161 0.405077
1.77659e+09  -0.199815  0.212047 -0.179805  -1.29808 0.0608347  0.535204
1.77659e+09  -0.164661  0.363315  -0.15637 0.303727 0.366499 0.522753
1.77659e+09  -0.474653  0.930035 -0.268222 -0.0558919   0.570844   0.467577
1.77659e+09  -0.649357  0.865054 -0.278875 -1.23118 0.335737 0.282518
1.77659e+09  -0.547091  0.377163 -0.197915    -1.2346 -0.0304739    0.56743
1.77659e+09  -0.39902 0.388881 -0.17874   -0.10472 -0.0165579   0.635546
1.77659e+09   -0.52259  0.791551 -0.240526 -0.0964193 -0.0605032   0.700487
1.77659e+09   -1.33326  0.862924 -0.441861 -1.79808 -2.11617  1.78765
1.77659e+09  0.814317 0.734027 0.558423 -3.99583 -2.41646  2.06059
1.77659e+09     1.6612 -0.535769   1.17521 -3.79954 -2.18941  2.53032
1.77659e+09    1.90089 -0.852152  0.899307  -1.14427 -0.874224   1.45171
1.77659e+09    2.05002 -0.675318   1.06655  1.12453  0.41435 0.070116
1.77659e+09   0.953866  0.580629 0.0929022 -0.177718   1.81108    1.2542
1.77659e+09    -0.157205    0.356923 -0.00297159 -2.85789  1.51713 -1.20552
1.77659e+09  -0.698359   -1.1973 -0.285267    -1.03856 -0.00923364   -0.244093
1.77659e+09  -0.195554  -0.32165 -0.242656   1.39357 -0.618365   2.15703
1.77659e+09  0.432952  1.02378 0.228191 -0.352279 -0.397417  0.918749
1.77659e+09    0.155983  0.0479963 -0.0775401  -2.86204    0.3206 -0.673292
1.77659e+09  -0.402215 -0.993832 -0.282071 -1.03758 0.317427 0.668749
1.77659e+09  -0.517264 -0.249212 -0.364096   1.09059 -0.284868  0.797411
1.77659e+09  -0.0730487   0.427231 0.00341999 -0.169417 -0.514116  0.545702
1.77659e+09   0.261444  0.166241 0.0609443  -1.51024 -0.533892   0.49785
1.77659e+09   0.187941 -0.406872 0.0279211 -1.19432 0.114302 0.425341
1.77659e+09   -0.0506782   -0.384501 -0.00936318 0.194352 0.245405 0.404345
1.77659e+09  -0.210468   0.14387 -0.135064   0.206803 -0.0570852   0.667528
1.77659e+09  0.0814146  0.213112 0.0897064 -0.928206 -0.273638  0.536669
1.77659e+09  0.0675662 -0.233233  0.055618  -1.09593 -0.228228  0.401415
1.77659e+09  0.0356083 -0.348282 0.0662706 -0.310042 -0.208697  0.890428
1.77659e+09     0.168766 5.94454e-05    0.189841 -0.0588216  -0.355913   0.690966
1.77659e+09   0.371167 0.0511921  0.253757 -0.766341 -0.259234  0.649462
1.77659e+09  0.272097 -0.24069 0.211147   -0.872542 -0.00996606    0.635546
1.77659e+09   0.117634 -0.252408  0.147231  -0.56932 -0.194048   1.02544
1.77659e+09   0.248661 -0.174644  0.212212 -0.391585   -0.4648   0.54912
1.77659e+09    0.529891 -0.0936838    0.40609 -0.748031 -0.393755   1.11577
1.77659e+09    0.757858 -0.0617259   0.451896 -0.602035  0.111372  0.430956
1.77659e+09   0.204985 -0.114989  0.212212 -0.486068  0.423384  0.400194
1.77659e+09  0.0430651 0.0202995   0.14297 -0.918441 0.0781687    1.3084
1.77659e+09    0.315773 -0.0947491     0.3475    -1.1201 -0.0795461   0.903856
1.77659e+09  0.153853 -0.32165  0.20369  -1.10472 0.0537546   1.13017
1.77659e+09   0.111242 -0.407937  0.215408 -0.557601 0.0129832  0.728807
1.77659e+09  0.0292167     -0.36  0.166405 -0.444076 -0.192095  0.760546
1.77659e+09   0.275293 -0.340825  0.277193 -0.726058 -0.164263   1.13188
1.77659e+09   0.176223 -0.433503   0.24417 -0.940902 0.0200632  0.862108
1.77659e+09  0.0931325 -0.690232  0.162144 -0.564437  0.143843  0.435839
1.77659e+09  0.0590441 -0.606076 0.0353779 0.512956 0.303755 0.850878
1.77659e+09   0.054783 -0.111793 -0.132934 0.696549  1.01298 0.921678
1.77659e+09  -0.576919   0.16411 -0.301246   0.109391   0.998335 -0.0482922
1.77659e+09   -1.53779  0.109782 -0.687937 -0.759017   0.19145  0.931444
1.77659e+09   -1.03072 -0.195949 -0.397119 -0.763167  -1.46602   1.46587
1.77659e+09     0.204985  -0.0105932 -0.00616739 -0.576156  -1.41695   1.42266
1.77659e+09     0.734422 5.94454e-05    0.302759   -0.4868 -0.136187  0.939257
1.77659e+09    0.0153682  -0.0894228 -0.00616739 -0.267074  0.491255  0.535448
1.77659e+09  -0.420325 -0.108598  -0.21709 -0.284408  -0.12398   1.07744
1.77659e+09   0.0760883 -0.0127237 0.00448526  -0.56346 -0.752886   1.49272
1.77659e+09    0.724834 -0.0468122   0.300629 -0.592269 -0.217974   1.04619
1.77659e+09   0.458518 -0.186362 0.0907717 -0.0251302   0.667768   0.567919
1.77659e+09  -0.285036 0.0405395 -0.172349 0.0410319  0.630171  0.834032
1.77659e+09  -0.334039 0.0863459 -0.175544  -0.59764 -0.117632   1.11724
1.77659e+09   0.226291 -0.120315 0.0705317 -0.649398 -0.168902   1.02812
1.77659e+09   0.174093 -0.140555 0.0385737 0.0144206  0.417768  0.824999
1.77659e+09  -0.352148 0.0597143 -0.189393 0.00856118   0.436079   0.649462
1.77659e+09  -0.478914 0.0394742 -0.236265 -0.471175 -0.245318  0.933886
1.77659e+09   0.0792841 -0.0595954  0.0353779 -0.535628 -0.411577   1.07427
1.77659e+09    0.28275 -0.013789   0.12486 -0.117171  0.138716  0.925341
1.77659e+09  -0.146552 0.0597143 -0.084997 -0.18431 0.470014 0.579882
1.77659e+09     -0.46187 -0.00526688   -0.207502  -0.522689 -0.0285207   0.952684
1.77659e+09    -0.11992  -0.108598 -0.0423864 -0.360824 -0.438921  0.911669
1.77659e+09   0.247596 0.0320174  0.119534 -0.085433 -0.107134    1.1104
1.77659e+09   0.100589  0.163045 0.0300516 -0.249984  0.382124  0.575243
1.77659e+09    -0.367062 5.94454e-05   -0.191523 -0.541976  0.240278  0.701708
1.77659e+09   -0.29995 -0.034029 -0.170218 -0.454574 -0.274126   1.23198
1.77659e+09  0.0963283 0.0927375 0.0140726 -0.321029 -0.237993   1.02104
1.77659e+09   0.106981  0.074628 0.0268558 -0.337386  0.221479  0.660692
1.77659e+09  -0.361735   0.04267 -0.186197  -0.33641 0.0723093  0.647753
1.77659e+09   -0.22112 0.0405395 -0.111629 -0.432845 -0.346636   1.03179
1.77659e+09   0.211377  0.179024 0.0502916 -0.521224 -0.241656   1.15434
1.77659e+09   0.0419998  0.0533227 -0.0423864 -0.698958  0.314009  0.555956
1.77659e+09  -0.344691 -0.134164 -0.168088 -0.19554 0.192182 0.775438
1.77659e+09  -0.282906  0.232287 -0.113759 -0.194564 -0.234331   1.56743
1.77659e+09  -0.0517434   0.282355 -0.0860622  -1.07664 -0.251909  0.891405
1.77659e+09    -0.078375   -0.233233 -0.00510212 -0.988265 0.0666941  0.707323
1.77659e+09   -0.190228  -0.168252 0.00235473  0.154069 0.0066355   1.12969
1.77659e+09  -0.303146  0.281289 -0.102041 -0.0285482  -0.414019    1.08428
1.77659e+09   0.0579788   0.190742 -0.0178853  -1.04393 -0.414507  0.910692
1.77659e+09    0.246531 -0.0851617  0.0929022  -0.907943 -0.0277883    1.13848
1.77659e+09   -0.185967  -0.120315 -0.0977801 0.00611978  0.0320261   0.363329
1.77659e+09   -0.197685   0.151327 -0.0913885  0.148454 -0.479693   1.19243
1.77659e+09  0.370101 0.437883 0.075858  -1.00096 -0.451616   1.39897
1.77659e+09    0.440409 -0.0947491   0.173862 -1.14744 0.291792 0.461473
1.77659e+09  -0.147617 -0.313128 -0.252243 0.182878  0.47978 0.493212
1.77659e+09  -0.392628  0.274898 -0.254374   0.488786 -0.0600149    1.26225
1.77659e+09   0.0526525   0.480494 -0.0210811 -0.971175  -0.44478  0.958055
1.77659e+09    0.288076 -0.0979449  0.0897064  -1.07249 -0.115435  0.595018
1.77659e+09  -0.0485476  -0.183166  -0.107368 0.074235 0.259809  1.07134
1.77659e+09  -0.0996803    0.24507 -0.0977801 0.0449381  0.235884   1.14238
1.77659e+09   -0.129508   0.191807 -0.0668875 -0.741927 0.0532664    0.7437
1.77659e+09   -0.150813  -0.172513 -0.0615611 -0.623763 -0.139116  0.942675
1.77659e+09   -0.0293729  -0.0798354 -0.00936318 -0.124495 -0.276568   1.17314
1.77659e+09  0.0984589  0.102325 0.0705317 -0.309798 -0.298296   1.08867
1.77659e+09     0.137874 -0.00739741   0.0662706 -0.839095 -0.242632   1.04204
1.77659e+09   0.171962 -0.269452 0.0843801 -0.564681 -0.168169   1.01348
1.77659e+09    0.22416 -0.189558  0.157883  -0.0576009 -0.00874536     1.05596
1.77659e+09   0.164505 0.0171037  0.116338 -0.406478 0.0723093   1.00298
1.77659e+09  0.000454534   -0.243886   0.0268558  -0.761458 -0.0246145   0.648973
1.77659e+09  0.0324125  -0.42072 0.0353779 -0.185775 -0.237993  0.983934
1.77659e+09   0.252922 -0.124576  0.138709  0.074235 -0.113238   1.24101
1.77659e+09     0.132547 -0.00526688   0.0790538 -0.470687 0.0471628  0.839403
1.77659e+09   -0.058135  -0.325911 -0.0349295  -0.575911 -0.0692922   0.525927
1.77659e+09  -0.0453518  -0.395154  0.0279211  0.235368 -0.492388  0.985399
1.77659e+09   0.438278 0.0639753  0.140839  0.195817 -0.289751    1.3748
1.77659e+09   0.36371 0.163045 0.181319 -0.52513 0.137251 0.533007
1.77659e+09  0.0441304  -0.32165 -0.012559 -0.476546  0.238813 0.0378895
1.77659e+09   -0.181706  -0.263061 -0.0722138  0.775407 -0.397661  0.837694
1.77659e+09  0.620438 0.455993 0.237778   0.149919 -0.0934622    1.60185
1.77659e+09   1.00606 0.762789 0.146165 -2.25267  1.23051  2.56206
1.77659e+09   -0.58331 -0.714733 -0.695394   -3.5471   2.97734 -0.695265
1.77659e+09  -2.56151 -1.48705 -1.22909 0.115251   1.3853 0.908495
1.77659e+09    -2.33034 -0.0777049    -1.1982 0.860368 -1.37447  3.09648
1.77659e+09   -0.261601    0.38462 -0.0668875 -1.56956 -3.65669 0.624315
1.77659e+09    1.69316 -0.829782   1.01436 -1.84984 -1.64424 0.281054
1.77659e+09    1.70807 -0.553878   1.11556   1.79933 0.0686472   1.42803
1.77659e+09  0.656657  1.01206 0.840718 0.882096 0.835493 0.384081
1.77659e+09  0.646005 0.737222 0.929135 -1.70164 0.470014 0.904589
1.77659e+09   0.919778 -0.141621   1.08892 -2.04808 0.797651  1.40703
1.77659e+09   0.512847 -0.361065  0.618078 -0.113265    1.1082  0.595018
1.77659e+09  -0.656814 0.0479963  0.204755  0.342546  0.789839 -0.172071
1.77659e+09  -0.733513   0.30579 0.0332474  -0.60057 -0.514849   1.42363
1.77659e+09  0.0611746 0.0458658  0.322999 -1.80125 -1.16475  1.07842
1.77659e+09   0.607655 -0.697689  0.429526 -0.851058 -0.526079  0.512499
1.77659e+09   0.322164 -0.429242  0.211147 0.779557  0.20268 0.802782
1.77659e+09    -0.15827   0.279159 -0.0807359 -0.169417  0.160688  0.851854
1.77659e+09  -0.0709182  -0.145882  -0.084997  -1.14818 -0.248736  0.267137
1.77659e+09   0.0675662  -0.467592 -0.0296032  -1.02171 -0.192583   1.04204
1.77659e+09  0.0814146 -0.432438 0.0939675 -0.0932455  -0.338335    1.06548
1.77659e+09   0.134678 -0.224711   0.16534 0.0490885 -0.653032  0.910936
1.77659e+09   0.497933 -0.107532  0.301694 -0.498763 -0.543902    0.8687
1.77659e+09  0.744009 -0.24069 0.433787  -0.499007 -0.0543997   0.577684
1.77659e+09   0.437213 -0.181036  0.384785 -0.0688314  0.0979441   0.918749
1.77659e+09    0.197528 0.00112471   0.182384 -0.382796 -0.413042  0.881639
1.77659e+09   0.668375 -0.127772  0.436983 -0.723861 -0.512407  0.619432
1.77659e+09     1.0785 -0.269452  0.512616 0.126725 0.280073 0.578905
1.77659e+09  0.430821 0.159849 0.238843 0.301774 0.829145 0.634569
1.77659e+09  -0.287167  0.318574 -0.128673 -0.880599  0.402876  0.513475
1.77659e+09   0.0409346   -0.31952 0.00128947  -1.22655 -0.161333  0.656542
1.77659e+09   0.477693  -0.27904 0.0684011 0.636979 0.197798 0.902391
1.77659e+09  -0.0357645    0.46558  -0.147848 -0.0309896   0.988813   0.916552
1.77659e+09  -0.622725  0.117239 -0.423751    -1.2827   0.606489 -0.0839367
1.77659e+09   -0.86454 -0.532573 -0.534539 -0.977523  -0.45479   1.55986
1.77659e+09  -0.146552 -0.160795 -0.203241 -0.263656  -1.13936   1.67021
1.77659e+09   0.797272 -0.175709  0.221799  0.0197917 -0.0824758   0.143602
1.77659e+09   0.797272 -0.175709  0.221799  0.0197917 -0.0824758   0.143602
1.77659e+09   -1.01155  0.527365 -0.613368 -0.753158   0.94438   0.84746
1.77659e+09  -0.886911 -0.372783 -0.441861  -1.50804 -0.410845  0.440477
1.77659e+09  -0.0623961  -0.473983  -0.221351 0.0302897 -0.729693   1.85039
1.77659e+09   0.488346  0.339879 0.0300516  0.19777 0.478315  1.34087
1.77659e+09  -0.524721  0.112977 -0.380075 -0.985579  0.568403 -0.262159
1.77659e+09  -0.787841 -0.546421 -0.327877 -0.985579  0.568403 -0.262159
1.77659e+09   -0.136965  -0.195949 -0.0945843  0.338639 -0.518999   1.64141
1.77659e+09   -0.136965  -0.195949 -0.0945843  0.338639 -0.518999   1.64141
1.77659e+09   -0.301015 -0.0436164 -0.0999107 -0.738997  0.629194  0.682177
1.77659e+09  -0.751622 -0.277975 -0.272483 -0.738997  0.629194  0.682177
1.77659e+09  -0.337234 -0.364261 -0.032799 0.0529948 -0.672075  0.653124
1.77659e+09   0.427626 -0.114989  0.161079  0.863298 -0.115435  0.703417
1.77659e+09  -0.0954193   0.342009  0.0460306 0.337663 0.471968 0.863573
1.77659e+09  -0.0954193   0.342009  0.0460306 0.337663 0.471968 0.863573
1.77659e+09    -0.39902  -0.275844 0.00341999 -0.103744 -0.608111 0.0815906
1.77659e+09    -0.39902  -0.275844 0.00341999 -0.103744 -0.608111 0.0815906
1.77659e+09  0.0419998   1.01206  0.269736 0.383073 -0.14107 0.894823
1.77659e+09  0.0419998   1.01206  0.269736 0.383073 -0.14107 0.894823
1.77659e+09    1.18396 -0.330173  0.251627 -3.99583 -1.27071 0.645067
1.77659e+09    1.18396 -0.330173  0.251627 -3.99583 -1.27071 0.645067
1.77659e+09  -0.634443   1.92073 -0.608042 3.07179  1.7603 1.54863
1.77659e+09  -0.634443   1.92073 -0.608042 3.07179  1.7603 1.54863
1.77659e+09   -0.98598  -1.22819 -0.775288 -3.99583  -2.0754 0.262255
1.77659e+09     1.2319 -0.891567 -0.188328   2.50221 -0.407915   2.84966
1.77659e+09  0.134678   1.4648  -0.4376  2.90431 0.817671 -1.29463
1.77659e+09  0.134678   1.4648  -0.4376  2.90431 0.817671 -1.29463
1.77659e+09   -0.518329  -0.393023 -0.0754096 -2.96898 -1.23067   1.9644
1.77659e+09   -0.518329  -0.393023 -0.0754096 -2.96898 -1.23067   1.9644
1.77659e+09   0.422299  0.491146 -0.139325 1.49465 0.42729 0.75371
1.77659e+09   0.422299  0.491146 -0.139325 1.49465 0.42729 0.75371
1.77659e+09  -0.330843 0.0906069 -0.089258   -1.93358 -0.0309622   0.843553
1.77659e+09  -0.330843 0.0906069 -0.089258   -1.93358 -0.0309622   0.843553
1.77659e+09   0.544805  0.187546 0.0939675 -0.204085 -0.218218     1.023
1.77659e+09   0.544805  0.187546 0.0939675 -0.204085 -0.218218     1.023
1.77659e+09  -0.250948  0.144935  -0.15637 -0.750472  0.404341  0.757616
1.77659e+09  -0.250948  0.144935  -0.15637 -0.750472  0.404341  0.757616
1.77659e+09   0.348796 -0.158665  0.113142 -0.50682 0.089155 0.425096
1.77659e+09   0.348796 -0.158665  0.113142 -0.50682 0.089155 0.425096
1.77659e+09  -0.694098  0.133218 -0.305507  0.137467 -0.123003  0.438768
1.77659e+09  -0.694098  0.133218 -0.305507  0.137467 -0.123003  0.438768
1.77659e+09   0.76638 0.187546 0.331521  -1.08397 -0.285845  0.752245
1.77659e+09   0.76638 0.187546 0.331521  -1.08397 -0.285845  0.752245
1.77659e+09   -0.771862  0.0192342 -0.0647569 0.995133 0.563276 -0.45503
1.77659e+09   -0.771862  0.0192342 -0.0647569 0.995133 0.563276 -0.45503
1.77659e+09  0.297663 0.436818 0.333652 -1.83299 -1.43917 0.152391
1.77659e+09  0.297663 0.436818 0.333652 -1.83299 -1.43917 0.152391
1.77659e+09   0.197528  0.362249 0.0875759  1.02272 0.439497 0.227343
1.77659e+09   0.197528  0.362249 0.0875759  1.02272 0.439497 0.227343
1.77659e+09  0.0388041  0.421904  0.149361 -0.235335  0.061323 -0.117384
1.77659e+09  0.0388041  0.421904  0.149361 -0.988265  -1.11666  0.838671
1.77659e+09  0.848405 0.413382 0.423134  0.331071  0.295698 -0.101027
1.77659e+09  0.848405 0.413382 0.423134  0.331071  0.295698 -0.101027
1.77659e+09  -0.0251118     1.1335  0.0865106 -0.665511  0.281294  0.761522
1.77659e+09  -0.0251118     1.1335  0.0865106 -0.665511  0.281294  0.761522
1.77659e+09  0.556523 0.628565 0.234582 -0.244857  0.673139   1.15459
1.77659e+09  0.556523 0.628565 0.234582 -0.244857  0.673139   1.15459
1.77659e+09  0.419103  1.66187 0.258018 -2.28905  2.26372  2.72417
1.77659e+09   -1.41209  0.853336 -0.947861 -3.99583  3.60039 0.106493
1.77659e+09   -3.2731 -1.67454  -1.4283  -2.97826    2.3477 0.0474109
1.77659e+09   -3.61186 -0.660405  -1.41338   1.61965 -0.646197   2.98735
1.77659e+09   -1.64005   1.34762 -0.276745 -0.762679  -2.76241   1.49394
1.77659e+09   0.28488  0.34414 0.634057  -3.99583  -1.85958 -0.352736
1.77659e+09  0.232682 -1.05455 0.700103   -1.83494 0.00956519   0.831102
1.77659e+09    -0.4395 -0.211928  0.623404 0.401383 0.467085  1.27153
1.77659e+09  -0.266927  0.380359  0.847109  -1.02684 -0.227007  0.739061
1.77659e+09   0.454257 -0.156534   1.20717 -2.53294 0.118452  1.10088
1.77659e+09   0.165571 -0.627381   1.03247   -1.28856   0.855024 -0.0592785
1.77659e+09  -0.592898  -0.50168  0.871611  0.114274  0.584272 0.0879383
1.77659e+09  -0.691967  0.127891  0.896112 -0.0607748  -0.465288   0.891161
1.77659e+09  0.120829  0.20459  1.25724 -1.60228 -0.83565 0.693651
1.77659e+09   0.554392 -0.373848   1.38826  -1.22679 0.0237253  0.181688
1.77659e+09  0.0771536 -0.330173   1.06975 0.063737 0.818159 0.464647
1.77659e+09  -0.564136  0.315378  0.773606 -0.331283  0.869917   0.15288
1.77659e+09  -0.748426    0.1215  0.787455 -1.13231 0.216108 0.219042
1.77659e+09  -0.570527 -0.128838  0.798107  -1.23216 -0.181353  0.723436
1.77659e+09   -0.261601 -0.0734438   0.937657 -0.687972 0.0337351  0.687059
1.77659e+09  -0.423521 0.0320174  0.840718 -0.53221 0.471479 0.152391
1.77659e+09  -0.773993 0.0522574  0.710756 -0.888167  0.491743  0.379686
1.77659e+09   -0.856018 -0.0649217   0.696907 -1.02782 0.115766 0.488573
1.77659e+09  -0.713273 -0.146947  0.781063  -0.761702 -0.0788137   0.686815
1.77659e+09  -0.562005 0.0234953  0.915286  -0.659408 -0.0243704   0.575731
1.77659e+09    -0.56307 -0.0478775   0.896112 -1.14622 0.252241 0.526415
1.77659e+09   -0.72073 -0.237495  0.851371 -0.954085   0.30937  0.509325
1.77659e+09  -0.841104 -0.212993  0.786389 -0.758285  0.247358    0.6187
1.77659e+09  -0.817669  -0.17997  0.865219 -0.748031 0.0591257  0.531542
1.77659e+09  -0.750557  -0.22045  0.898242 -0.935042  0.071821  0.614305
1.77659e+09  -0.731382 -0.280105  0.939788 -0.851302  0.221479  0.453661
1.77659e+09  -0.891172 -0.307802  0.890785 -0.751449  0.223921  0.606737
1.77659e+09  -0.946566 -0.274779  0.886524  -0.853743 -0.0624563   0.602831
1.77659e+09  -0.794233 -0.364261   0.99092  -1.12108 -0.251421  0.694872
1.77659e+09  -0.534308 -0.473983   1.16136 -0.902572 -0.111773  0.658251
1.77659e+09  -0.634443 -0.446286   1.09851 -0.668441  0.166792  0.502001
1.77659e+09  -0.817669 -0.424981    1.0804 -0.842025 0.0154246  0.622606
1.77659e+09  -0.688772  -0.51979   1.16136  -1.18236 -0.229693   0.82329
1.77659e+09  -0.375584 -0.657209   1.33287  -0.980208 -0.0229055   0.654344
1.77659e+09  -0.584376 -0.672122   1.24978 -0.58348 0.314985 0.427538
1.77659e+09  -0.825125 -0.570922   1.14432 -0.774154 0.0935496  0.687059
1.77659e+09  -0.719664 -0.673188    1.2615  -1.21117 -0.299517  0.886766
1.77659e+09  -0.152944 -0.856413   1.52355 -0.695052  0.294233  0.612352
1.77659e+09  -0.389432 -0.793563   1.16988 0.876725  1.06743 0.122606
1.77659e+09   -1.7583 0.278093 0.798107  0.196794  0.984419 0.0886707
1.77659e+09  -1.96389 0.131087 0.820478  -1.57542 -0.509966  0.931932
1.77659e+09  -0.880519 -0.469722   1.32648  -1.7158 -1.79195  1.26714
1.77659e+09  0.351992 -0.36213  1.70252  0.169206 -0.882281   1.21514
1.77659e+09  0.0537178  0.286616   1.63647  0.20485 0.546919 0.681932
1.77659e+09  -0.871997  0.296203   1.22847 -1.44017 0.627241 0.314501
1.77659e+09  -0.881584 -0.398349   1.30304  -1.64769 -0.251421   1.05937
1.77659e+09  -0.133769 -0.291823   1.62688 -0.159408 -0.295855   1.39922
1.77659e+09  0.0324125  0.174763   1.63008 -0.0226888   0.849897   0.732469
1.77659e+09  -1.05629 0.195003  1.18693     -1.05589     0.914839 -0.000928909
1.77659e+09   -1.89039 -0.328042  0.679863  -1.50584 -0.323931  0.981737
1.77659e+09  -0.613138 -0.396219   1.25724 -0.592757  -1.32515   1.40996
1.77659e+09    0.18368 0.0469311   1.57895  0.108659 -0.339556   1.01885
1.77659e+09  -0.710077  0.208851   1.11023 -0.813704  0.258589  0.369432
1.77659e+09  -0.894368 -0.273714  0.976006  -1.60033 -0.360796    0.7166
1.77659e+09  -0.304211  -0.49955     1.286 -0.468978 -0.719195   1.07891
1.77659e+09   0.086741 0.0245605   1.29132  0.162126 -0.201128  0.854296
1.77659e+09  -0.336169  0.107651   1.09212 -0.852279  0.338911  0.274706
1.77659e+09  -0.590767 -0.317389  0.903569  -1.20262 0.0530222  0.710253
1.77659e+09  -0.497024 -0.404741  0.938722 -0.504378 -0.379107    1.0064
1.77659e+09  -0.168923  -0.15973   1.00157 -0.178206 -0.370562  0.749803
1.77659e+09  -0.0964845 -0.0840964   0.997312 -0.584701 0.0547312  0.561815
1.77659e+09  -0.242426 -0.224711  0.947244 -0.79637 0.399702 0.648485
1.77659e+09  -0.564136 -0.233233  0.769345 -0.553695  0.113081  0.724413
1.77659e+09  -0.460805 -0.224711  0.819413 -0.656478 -0.155962  0.790087
1.77659e+09    -0.1604 -0.193819  0.984529 -0.341536 -0.187212  0.742235
1.77659e+09   -0.144421 -0.0553343   0.999442 -0.388167  0.212446  0.910204
1.77659e+09  -0.275449 0.0842153   1.02607 -0.879134  0.395307  0.828173
1.77659e+09  -0.406476 -0.194884  0.981333 -1.15013 0.514936 0.575487
1.77659e+09  -0.573723 -0.348282  0.901438 -0.0859212   0.498823    0.54204
1.77659e+09  -0.671727  0.122565  0.843914  0.12526 0.588667 0.900438
1.77659e+09  -0.832582  0.293007  0.822608 -0.759261  0.685835  0.436327
1.77659e+09    -1.05842 -0.0723785    0.76828 -0.856917  0.704634  0.254686
1.77659e+09     -1.329 -0.050008  0.688385 0.0205241  0.482466  0.623827
1.77659e+09  -1.41422  0.34414 0.671341 -0.0285482  0.0984324   0.716112
1.77659e+09  -1.22673 0.379294 0.760823 -0.756576 -0.151079  0.625292
1.77659e+09  -1.01368 0.165175 0.923809 -0.945052  0.119184  0.766893
1.77659e+09  -1.29065 0.111912 0.847109 -0.242415 0.0867136  0.376268
1.77659e+09  -1.35563 0.324965 0.823674 -0.361068 -0.330523   1.04839
1.77659e+09  -0.84217  0.40486  1.01116 -0.966292 -0.348589   0.91704
1.77659e+09  -0.697294 0.0863459   1.10277 -0.829329  0.387495  0.523973
1.77659e+09   -1.5037 0.102325 0.702233 -0.359603  0.254194  0.795214
1.77659e+09  -1.69119 0.156653 0.519008 -0.802718 -0.831499   1.03227
1.77659e+09   -0.760144 -0.0563996   0.848175 -1.12938  -1.1274 0.938768
1.77659e+09   -0.319125 -0.0276374     1.0037  -0.52806 -0.485796   1.28691
1.77659e+09  -1.02326 0.108716 0.533922 -0.989242 -0.138384  0.760546
1.77659e+09   -1.15429 -0.414328  0.480659  -1.25951 -0.949419  0.814501
1.77659e+09  -0.445891 -0.450547   0.66921 -0.29515 -1.23995  1.59551
1.77659e+09  0.100589  0.04267 0.880133 -0.0449056  -0.373247    1.04619
1.77659e+09   -0.472523 -0.0489427   0.501964 -0.658431   0.35185  0.014452
1.77659e+09   -1.15429 -0.328042  0.139774 -0.860579 -0.155962   1.26396
1.77659e+09  -0.847496 -0.273714   0.26441 -0.549056 -0.904986   1.13506
1.77659e+09  -0.283971 -0.173579  0.443374 -0.252913  -1.04903  0.944139
1.77659e+09  -0.107137 -0.065987  0.449766 -0.430892 -0.372271   1.02129
1.77659e+09   -0.343626 -0.0169848   0.316608 -0.567611 -0.162798   0.64287
1.77659e+09  -0.630182 -0.257735  0.107816  -0.68846 -0.487749   0.77495
1.77659e+09   -0.31806 -0.228972  0.218603 -0.248275 -0.928423   1.24614
1.77659e+09   0.246531 0.0724974  0.427395 -0.348861 -0.490435  0.829393
1.77659e+09  -0.00487179  -0.0574648    0.289976 -0.561995 0.0527781  0.258593
1.77659e+09   -0.473588  -0.221516 -0.0466474 -0.476546 -0.233843  0.733446
1.77659e+09  -0.312733 -0.145882   0.02366 -0.405013 -0.821978   1.06133
1.77659e+09   0.439343 0.0075163  0.315542 -0.624495 -0.602984  0.987108
1.77659e+09   0.438278 -0.132033  0.315542 -0.566146  0.299604  0.384081
1.77659e+09   -0.346822  -0.178905 -0.0583653 -0.570296  0.466596  0.817675
1.77659e+09  -0.457609 -0.134164 -0.242656 -0.597152 -0.225786    0.9937
1.77659e+09   0.0952631  -0.197014 -0.0349295  -0.410872 0.00956519   0.814501
1.77659e+09   0.0430651 -0.0372248 -0.0136242 0.243424 0.600385 0.712694
1.77659e+09  -0.843235   0.34627 -0.380075 -0.354232  0.303511  0.660692
1.77659e+09  -0.745231   0.10339 -0.304441  -1.27122 -0.762163   1.07305
1.77659e+09   0.161309 -0.169318 0.0524222   -1.0078 -0.739458   1.10967
1.77659e+09    0.429756 -0.0627912   0.240974 -0.114974  0.231977   1.07964
1.77659e+09  -0.285036  0.165175 -0.148913 -0.37596 0.581098 0.231737
1.77659e+09   -0.665336 -0.0713133  -0.269288  -1.12547 0.0381296  0.886522
1.77659e+09   -0.152944  -0.276909 -0.0306685 -0.829574 -0.477251    1.0999
1.77659e+09  0.0920673 -0.187427  0.109946 -0.0949544   -0.15645   0.763475
1.77659e+09   -0.105007  0.0213647 -0.0285379 -0.318099  0.139936   0.79204
1.77659e+09   -0.231773 -0.0734438 -0.0381253 -0.807357 0.0413035  0.615526
1.77659e+09  -0.0187202  -0.251343  0.0684011 -0.671859  0.123579   1.19194
1.77659e+09   -0.250948  -0.122446 -0.0477127 -0.197005  0.263716  0.543505
1.77659e+09  -0.577984 -0.188492 -0.204307  -0.298568 -0.0282766   0.470018
1.77659e+09   -0.282906  -0.113924 -0.0999107 -0.131087 -0.437212   1.20928
1.77659e+09  -0.0197855    0.14174 0.00448526 -0.253402 -0.128374   0.69243
1.77659e+09    -0.25947  0.0277563 -0.0775401 -0.291732 0.0649851  0.153124
1.77659e+09  -0.536439 0.0458658 -0.179805 -0.221175 -0.380816  0.778856
1.77659e+09  -0.0911582   0.223765  0.0300516 -0.352523  -0.79854  0.931444
1.77659e+09  0.356253 0.269571 0.182384 -0.576644 -0.474566  0.770311
1.77659e+09  0.232682 0.152392 0.113142 -0.594222  0.168745  0.680468
1.77659e+09   -0.155074   0.147066 -0.0881928 -0.598128  0.174116   0.89287
1.77659e+09  -0.194489  0.119369 -0.125477 -0.770003 -0.248003   1.02373
1.77659e+09    0.0931325   0.0522574 -0.00403686 -0.877425 -0.344683   1.26543
1.77659e+09    0.171962 -0.0212458  0.0257905  -0.681868 -0.0146047   0.815966
1.77659e+09  -0.0794403  -0.105402  -0.132934 -0.490951  0.103315  0.841112
1.77659e+09   -0.179575 -0.0627912  -0.206437 -0.405257 -0.109087    1.1375
1.77659e+09    0.050522  0.0458658 -0.0796706 -0.629867 -0.204302   1.04717
1.77659e+09    0.115503 -0.0947491 -0.0402558 -0.773665 0.0608347  0.824755
1.77659e+09  -0.0868972  -0.185297  -0.161696 -0.304671    0.0977  0.802538
1.77659e+09   -0.126312 -0.0105932  -0.204307  -0.193831 -0.0353567   0.923876
1.77659e+09   0.0654357  0.0682364 -0.0871275 -0.457992 0.0312937  0.880175
1.77659e+09   -0.094354 -0.0233764  -0.145717 -0.480208  0.149458  0.614305
1.77659e+09   -0.285036 -0.0883575  -0.243721 -0.176742 -0.159868  0.694384
1.77659e+09  -0.001676  0.118304 -0.106302 -0.193831 -0.359575   1.04961
1.77659e+09    0.273162   0.189677 0.00235473  -0.492904 0.00858863   0.690477
1.77659e+09  -0.0283076  0.0043205  -0.109498 -0.409652  0.316938  0.518358
1.77659e+09  -0.285036 0.0437353  -0.25757  -0.214827 -0.0126516    1.06645
1.77659e+09  -0.103941  0.177959 -0.142521 -0.499007 -0.338823   1.01738
1.77659e+09   0.274227 0.0405395 0.0428348  -0.508285 -0.0536672   0.782518
1.77659e+09  0.00578086  0.0458658 -0.0551696 -0.143294  0.316938  0.759569
1.77659e+09  -0.327647  0.177959 -0.226677   -0.346175 -0.00190942    0.962694
1.77659e+09  -0.0677224    0.10339 -0.0881928 -0.748519 -0.369097   1.07207
1.77659e+09    0.227356 -0.0255069  0.0747927 -0.336165 -0.116411  0.776415
1.77659e+09    0.0558483    0.099129 0.000224201 0.134294 0.223188 0.918261
1.77659e+09  -0.206207  0.357988 -0.110563 -0.396712  0.057905   1.08452
1.77659e+09   -0.078375   0.139609 -0.0647569 -0.926742 -0.192583  0.919237
1.77659e+09   0.0696967 -0.0255069  0.0481611 -0.469222 -0.108355   1.19243
1.77659e+09   -0.021916   0.150262 -0.0455822 -0.0815267  0.0256785   0.884081
1.77659e+09   -0.078375   0.213112 -0.0466474  -0.205062 -0.0539114   0.720262
1.77659e+09  -0.00274126    0.269571  -0.0391906 -0.547347 -0.128618   1.13994
1.77659e+09   0.054783  0.207786 0.0247253 -0.741927 0.0105418  0.943895
1.77659e+09  -0.0996803  0.0799543  -0.084997  -0.399154 -0.0756399   0.603563
1.77659e+09  -0.0133939   0.131087 0.00981158 -0.0878744  -0.164751   0.970507
1.77659e+09  0.149592 0.402729 0.080119 -0.424056 -0.063677   1.32524
1.77659e+09  0.0366735  0.234418 0.0289863 -0.915023   0.17021  0.547167
1.77659e+09   -0.175314 -0.0947491  -0.109498   -0.494857 -0.00947778    0.836229
1.77659e+09  0.0164335  0.160914 0.0385737 0.0376139 -0.268755   1.30156
1.77659e+09    0.12296  0.381424 0.0385737 -0.589827 -0.192339  0.933153
1.77659e+09    0.126156 0.00538577  0.0470958 -0.742904  0.012739  0.545702
1.77659e+09   0.0249556 -0.0276374 -0.0178853 -0.232161 0.0872019     1.231
1.77659e+09  0.0281514  0.213112 0.0279211 -0.362044 0.0264109     1.002
1.77659e+09  -0.0133939  0.0352132  0.0247253 -0.502181 -0.205767  0.612352
1.77659e+09    0.106981 -0.0212458  0.0257905 -0.423812 -0.286577   1.35991
1.77659e+09   0.230552 0.0895417  0.126991   -0.51805 -0.0495168    1.18193
1.77659e+09    0.227356 -0.0404206   0.121664 -0.678206  0.194868  0.904344
1.77659e+09  -0.0602655  -0.192753 -0.0221464 -0.394027  0.170698  0.936571
1.77659e+09  -0.074114  -0.13949  -0.01682 -0.0710287 -0.0961477    1.07549
1.77659e+09    0.152787 0.00964683    0.10462  -0.155501 -0.0558645      1.054
1.77659e+09  0.0760883 0.0117774 0.0652053  -0.48265 0.0654734  0.876757
1.77659e+09   -0.132704  -0.201276 -0.0604959 -0.594222 -0.123491  0.983446
1.77659e+09   0.101655 -0.202341 0.0843801 -0.106673 -0.365923   1.12578
1.77659e+09   0.313642 0.0320174  0.157883 -0.0978841  -0.148638    1.14531
1.77659e+09    0.162375 0.00325524  0.0545527 -0.451644  0.115278  0.623583
1.77659e+09  0.00365033  -0.247082  0.0375085 -0.256331 0.0198191  0.806444
1.77659e+09    0.136808 -0.0318985   0.080119 0.174577 -0.24312  1.15727
1.77659e+09  0.223095 0.130022 0.112077 -0.290267   -0.2148  0.909471
1.77659e+09    0.304055 -0.0595954    0.14297  -0.536117 -0.0316946    0.77495
1.77659e+09   0.197528 -0.118185  0.113142 -0.155013 0.0886668  0.849169
1.77659e+09     0.108046 -0.00420161   0.0620095   0.251481 -0.0868704   0.615282
1.77659e+09   0.217768   0.14174 0.0705317  0.0156413 -0.0731985    1.11968
1.77659e+09  0.498998 0.248266 0.275062 -0.672835  0.346479   1.02544
1.77659e+09    0.34347  0.268506 -0.376879 -1.87035  1.58378  1.80742
1.77659e+09   -1.11168 -0.390893 -0.731613 -2.10765  2.06865 0.523729
1.77659e+09   -1.83606  -0.96507 -0.986211 -0.0810384   0.584028    1.08965
1.77659e+09   -1.64218 -0.226842 -0.894598 0.146256 -0.83272  2.17558
1.77659e+09  -0.350017 0.0916722 -0.322551 -0.953597  -1.51876  0.741503
1.77659e+09  -0.0336339  -0.590097  -0.289528  -1.11693 -0.520952  0.310839
1.77659e+09   -0.21899 -0.601815 -0.319355 -0.0258626  -0.146685    1.27934
1.77659e+09  -0.455479 -0.271583 -0.153174 0.0114909 -0.801714   1.00273
1.77659e+09   0.592742 -0.141621   0.42633 -0.0937337   -1.64351    1.18242
1.77659e+09   1.50674 0.094868 0.884394 -0.174788  -0.73897   1.22881
1.77659e+09     1.77519 -0.0521385   0.862023 0.329362 0.764204 0.132372
1.77659e+09   0.160244  0.317508 0.0481611 -0.286117   1.27592  0.411669
1.77659e+09  -0.126312  0.188611  0.221799 -1.07225 0.208784  1.10845
1.77659e+09   0.514977 -0.298215  0.503029 -0.755355 -0.731646   1.04961
1.77659e+09    1.25853 -0.118185  0.678798 0.358903 0.132124  1.16655
1.77659e+09   0.42656 0.210982 0.193037  0.238786  0.637007 0.0854969
1.77659e+09   -0.275449   0.186481 -0.0274727 -1.06517 0.282759  1.18999
1.77659e+09   0.274227 -0.237495  0.337913 -0.663802 -0.576861  0.967821
1.77659e+09    1.03163 -0.106467  0.386915  0.755387 0.0937937  0.763231
1.77659e+09  0.332817   0.4251 0.148296  0.831071  0.672651 -0.162062
1.77659e+09  -0.489567  0.713787 -0.268222 -0.858626  0.501753   1.16118
1.77659e+09  -0.103941 0.0693016  0.160014  -1.13035 -0.445513  0.527391
1.77659e+09   0.410581 0.0852806 0.0577485 -0.104964 -0.476519   1.15239
1.77659e+09  0.380754 0.393142 0.136578 0.060319 0.387007  0.39287
1.77659e+09  -0.103941  0.431492 -0.135064 -0.592269  0.279585  0.912889
1.77659e+09   -0.207272   0.307921 -0.0988454 -1.17235 -0.14522 0.861864
1.77659e+09      0.10272  -0.0169848 -0.00936318  -1.02464 -0.546099  0.894335
1.77659e+09    0.501129 -0.0414859   0.281454  -0.239974 -0.0143606    1.04326
1.77659e+09  0.0696967  0.259984 0.0151379 -0.175033  0.190229  0.884325
1.77659e+09    -0.22112   0.139609 -0.0136242  -1.05858 -0.370806  0.838671
1.77659e+09   0.397798 -0.148012  0.228191 -0.921859 -0.627154   1.01323
1.77659e+09     0.84947 -0.0872922   0.407155 0.0493327  0.158979   1.10991
1.77659e+09  0.274227 0.241874 0.108881 -0.130843  0.735395  0.469774
1.77659e+09   -0.29995 0.0288216  -0.11802 -0.869613   0.66313  0.488817
1.77659e+09  -0.330843 -0.232168 -0.125477 -0.587386 -0.164751    1.2813
1.77659e+09  -0.0805056  -0.065987  -0.100976 -0.338851 -0.530718   1.55913
1.77659e+09   0.0888715 -0.0713133  0.0705317 -0.520003 -0.491655  0.474413
1.77659e+09   0.338143 -0.284366 0.0524222  -0.103255 -0.0553762   0.621141
1.77659e+09   0.316838 0.0256258  0.119534 0.726823 0.477339 0.842577
1.77659e+09  -0.266927  0.592346 -0.233069 -0.503402  0.568403    1.0313
1.77659e+09    -0.17851  0.0724974 -0.0711485 -1.64232 0.306684 0.524462
1.77659e+09  -0.270123 -0.415394 -0.120151  -0.196029 -0.0661184   0.996386
1.77659e+09  -0.148682  0.225896 0.0684011 -0.0497884  -0.277788    1.93559
1.77659e+09  0.280619 0.104455 0.172797 -0.561751  0.100386  0.411669
1.77659e+09  -0.344691 -0.207667 -0.243721 0.158708  0.35771  0.70952
1.77659e+09   -0.50235  0.340944 -0.197915 -0.326156  0.057905   1.58867
1.77659e+09  -0.021916  0.150262 0.0407043  -1.24315 -0.233599  0.810839
1.77659e+09   0.324295 -0.451613  0.300629 -0.58763 0.754438 0.944872
1.77659e+09   -0.765471 -0.0148543  -0.133999   0.7986 0.285688 0.742723
1.77659e+09  -0.829387  0.230157 -0.396054 -0.411605 -0.381304   1.13848
1.77659e+09    0.136808 -0.0468122   0.188776 -0.569564 -0.598589  0.986376
1.77659e+09     0.116568 5.94454e-05   0.0577485 -0.0231771   0.392622    1.24712
1.77659e+09   -0.437369   0.163045 -0.0967149 -0.00535483    0.548384   0.0476551
1.77659e+09   -0.771862 -0.0127237  -0.324681  0.091569 0.0566843  0.639696
1.77659e+09  -0.281841  0.220569 -0.103106  0.265397 0.0041941   1.09209
1.77659e+09   -0.405411    0.46345 -0.0232116 -0.129867 0.0217722  0.648241
1.77659e+09   -1.03179  0.158784 -0.349183 -0.50096 -1.00044 0.528856
1.77659e+09  -0.734578  0.740418 0.0982285 -3.41868 -2.88887  4.00493
1.77659e+09     1.8178 -0.236429   1.30517 -3.99583 -3.81929 0.951952
1.77659e+09   3.18666 -1.66601  1.72169 -0.818831  -1.11983   1.80766
1.77659e+09    2.79145 -0.427112   1.11875 2.42458 1.84501 1.01201
1.77659e+09  -0.305276   1.14841 0.0481611 -1.09495  1.80961  -2.1252
1.77659e+09  -0.626986 -0.747756  0.279323   -3.38963 -0.0729543   0.899706
1.77659e+09    1.44921 -0.889436  0.532856 -0.217757 -0.321978   2.45732
1.77659e+09    1.76453 -0.401545  0.125925  2.09718  2.91166 -1.47969
1.77659e+09  -2.65525  1.36786 -1.51884  1.59352  2.85161 -1.93526
1.77659e+09  -3.95274   1.3146 -1.74574  -1.77391 -0.989458   2.35845
1.77659e+09  -0.782515  0.610456 -0.415229 -3.66917 -3.99861  2.51445
1.77659e+09    2.46761 -0.209798   1.02181 -1.66502 -2.04366  1.11943
1.77659e+09    1.87425 -0.176774  0.485985    1.01198    1.55253 -0.0932141
1.77659e+09  -0.908216   1.00567 -0.472753 -0.200911   2.04374  -0.95796
1.77659e+09    -1.5527  0.231222 -0.669827  -1.64867 0.0608347  0.653612
1.77659e+09   -0.152944  -0.138425 -0.0221464 -1.08348 -1.69478  1.56914
1.77659e+09   1.13603 0.318574 0.552031 0.00343423  -0.566851   0.898973
1.77659e+09  0.739748 0.350531 0.282519  -0.512679    1.15922 -0.0998059
1.77659e+09  -0.810212  0.112977 -0.276745 -0.566146  0.831098  -1.22749
1.77659e+09   -1.09464  0.134283 -0.448252 -0.0217123  -0.516558    1.21416
1.77659e+09  0.177288 0.641349 0.182384 -0.332747  -1.15499  0.940477
1.77659e+09  0.778098 0.592346 0.522204  -0.713607   -0.16939 -0.0651379
1.77659e+09  0.272097  0.20459 0.201559 -0.248519  0.777143 -0.331984
1.77659e+09   -0.721795   0.674372 -0.0860622 0.226335 0.190473 0.334764
1.77659e+09  -0.315929  0.795812 0.0939675 -0.580062 -0.771197  0.545458
1.77659e+09  0.577828  0.74894 0.513682  -0.98973 -0.759234  0.772753
1.77659e+09  0.598068 0.536953 0.579728 -0.504134   0.27812   0.15288
1.77659e+09  -0.0133939   0.606195   0.443374 0.0520182   0.26103 -0.137404
1.77659e+09  -0.163596  0.871446  0.316608 -0.264144 -0.425738  0.758593
1.77659e+09  0.567175 0.871446 0.705429 -0.847884 -0.497759  0.435106
1.77659e+09  0.575697 0.632827 0.638318 -0.429671  0.104536  0.187792
1.77659e+09   0.97091 0.837357 0.679863 -0.74388  1.72978  1.76738
1.77659e+09  -0.249883   1.42964 0.0918369 -2.78441  2.59404  1.62212
1.77659e+09   -1.73912  0.324965 -0.791267 -3.99583  2.96049 0.298632
1.77659e+09  -3.25073 -1.34004 -1.17476 -1.92967  1.09038 0.517382
1.77659e+09   -2.24406 -0.445221 -0.628282  1.47072 -1.33492  2.41948
1.77659e+09  -0.269057   1.50315    0.7278 -0.999251  -1.90987     2.127
1.77659e+09  0.360514  0.24294 0.561619    -3.99583 -0.00972192   -0.974806
1.77659e+09  -0.618464  -1.61808  0.519008 -1.50828   1.2083 0.370165
1.77659e+09   -1.38013  -0.24069 0.0769232  1.76418 0.213667  1.40386
1.77659e+09  -0.660009  0.915122  0.856697 -0.830062 -0.962115  0.939012
1.77659e+09   0.432952 0.0160384   1.01116  -3.30028 -0.779986  0.627001
1.77659e+09   0.530956 -0.903285   1.24339 -1.38451 0.530561 0.684374
1.77659e+09  -0.258405 -0.487832  0.769345   1.00588  0.606489 -0.206495
1.77659e+09  -0.62166 0.551866 0.738452 0.0188151  0.213667  0.749315
1.77659e+09  -0.129508    0.3239  0.946179  -2.05931 -0.282915  0.545946
1.77659e+09   0.200724 -0.485701   1.11343 -1.54344 0.266645 0.224169
1.77659e+09  -0.123116 -0.422851  0.885459 0.463639 0.734907 0.560839
1.77659e+09  -0.637639  0.502864  0.680928 -0.122298   0.83476  0.261034
1.77659e+09  -0.804885    0.2227  0.697972  -1.48997  0.341596 0.0779285
1.77659e+09  -0.688772 -0.340825  0.779998  -1.36668 -0.109087  0.829882
1.77659e+09  -0.310603  -0.11712  0.958962 -0.169173 -0.035845  0.757372
1.77659e+09  -0.310603  -0.11712  0.958962 -0.169173 -0.035845  0.757372
1.77659e+09  -0.74097 0.099129 0.795977 -1.05394 0.460249 0.255175
1.77659e+09  -0.74097 0.099129 0.795977 -1.05394 0.460249 0.255175
1.77659e+09  -0.446957 -0.163991   1.02394 -0.637679 -0.209673  0.672411
1.77659e+09  -0.446957 -0.163991   1.02394 -0.637679 -0.209673  0.672411
1.77659e+09  -0.644031 0.0682364   0.94831 -0.845687  0.337202  0.276415
1.77659e+09  -0.705816 -0.141621  0.949375   -1.19603 -0.0680715   0.822557
1.77659e+09  -0.295689 -0.222581   1.17521   -1.19603 -0.0680715   0.822557
1.77659e+09  -0.295689 -0.222581   1.17521  -0.793929 -0.0812551   0.877245
1.77659e+09   -0.751622 -0.0414859   0.946179 -0.71849 0.412886 0.230272
1.77659e+09   -0.751622 -0.0414859   0.946179 -0.71849 0.412886 0.230272
1.77659e+09  -0.343626 -0.215124   1.22315 -0.712874 -0.141558   1.05034
1.77659e+09  -0.343626 -0.215124   1.22315 -0.712874 -0.141558   1.05034
1.77659e+09   -0.829387 -0.0777049    1.00157 -0.72557 0.526655  0.42705
1.77659e+09   -0.829387 -0.0777049    1.00157 -0.72557 0.526655  0.42705
1.77659e+09  -0.552418 -0.156534   1.20397 -0.945785 -0.232134   1.10454
1.77659e+09  -0.552418 -0.156534   1.20397 -0.945785 -0.232134   1.10454
1.77659e+09  -0.731382 -0.192753   1.12727 -0.503402  0.496137  0.684862
1.77659e+09  -0.731382 -0.192753   1.12727 -0.503402  0.496137  0.684862
1.77659e+09  -0.701555 -0.266257    1.1848  -1.05955 -0.154497  0.736864
1.77659e+09  -0.701555 -0.266257    1.1848  -1.05955 -0.154497  0.736864
1.77659e+09  -0.729252 -0.107532   1.21356 -0.372542  0.435835  0.773485
1.77659e+09  -0.729252 -0.107532   1.21356 -0.372542  0.435835  0.773485
1.77659e+09  -0.775058 -0.371718   1.22634  -1.05272 -0.136187  0.932421
1.77659e+09  -0.775058 -0.371718   1.22634  -1.05272 -0.136187  0.932421
1.77659e+09  -0.834713 -0.172513   1.23274 -0.356673  0.422163   0.55205
1.77659e+09  -0.834713 -0.172513   1.23274 -0.356673  0.422163   0.55205
1.77659e+09   -1.04883 -0.199145   1.16456 -0.888411  0.157759  0.672167
1.77659e+09   -0.82193 -0.372783   1.33287 -0.998031 -0.102251  0.953173
1.77659e+09   -0.88478 -0.239625   1.32115 -0.36888 0.365522 0.620165
1.77659e+09   -0.88478 -0.239625   1.32115 -0.36888 0.365522 0.620165
1.77659e+09   -0.88478 -0.414328   1.36802 -0.873031 -0.109087  0.779589
1.77659e+09   -0.88478 -0.414328   1.36802 -0.873031 -0.109087  0.779589
1.77659e+09   -0.90289 -0.274779   1.38933 -0.399642  0.318159  0.529833
1.77659e+09   -0.90289 -0.274779   1.38933 -0.399642  0.318159  0.529833
1.77659e+09  -0.932717 -0.385566   1.39572 -0.779036 -0.127154  0.831591
1.77659e+09  -0.932717 -0.385566   1.39572 -0.779036 -0.127154  0.831591
1.77659e+09   -0.90502 -0.345086    1.4149 -0.722152  0.200239   0.65996
1.77659e+09   -0.90502 -0.345086    1.4149 -0.722152  0.200239   0.65996
1.77659e+09   -1.04883 -0.450547   1.36802  -0.84349 0.0432566  0.680956
1.77659e+09  -0.910347 -0.497419   1.46283 -0.730941 -0.144732  0.909471
1.77659e+09  -0.789972 -0.463331   1.54166 -0.769515    0.1331  0.604296
1.77659e+09  -0.789972 -0.463331   1.54166 -0.769515    0.1331  0.604296
1.77659e+09   -0.90502 -0.583706   1.48414 -0.622786 -0.137652  0.775682
1.77659e+09   -0.90502 -0.583706   1.48414 -0.622786 -0.137652  0.775682
1.77659e+09  -0.672793  -0.49955   1.73554 -0.249007 -0.712603  0.738329
1.77659e+09  -0.672793  -0.49955   1.73554 -0.249007 -0.712603  0.738329
1.77659e+09    0.210312 -0.0105932    2.16804 -0.522933   0.10185  0.769823
1.77659e+09    0.210312 -0.0105932    2.16804 -0.522933   0.10185  0.769823
1.77659e+09  -0.275449 -0.267322   1.89853 -0.851302  0.821821  0.291552
1.77659e+09  -0.814473  -0.29928   1.60238 -0.641829  0.633589  0.957811
1.77659e+09    -1.0435 -0.195949   1.38933 -0.335433 -0.141558  0.402391
1.77659e+09  -0.616334 -0.300345   1.34246 -0.0331869 -0.0180227 -0.0766125
1.77659e+09   -1.3748 0.146001 0.751236 -0.0449056    0.19145      1.398
1.77659e+09   -1.3748 0.146001 0.751236   -1.03343  -0.048052 -0.0321789
1.77659e+09   -1.57401 -0.581575  0.537118 -0.622298 -0.955523  0.297655
1.77659e+09  -0.677054 -0.136294  0.705429  0.468278 -0.965532   1.64189
1.77659e+09  -0.538569  0.530561  0.672406 -0.256331 -0.172564  0.593065
1.77659e+09   -1.36202 -0.054269 0.0843801  -1.21263 -0.258257 -0.278517
1.77659e+09   -1.16281 -0.391958  0.187711 -0.532454 -0.970415   1.78154
1.77659e+09  -0.418194  0.153458  0.458288  0.140641 -0.791216   1.23491
1.77659e+09  -0.376649  0.228026  0.449766  -0.23265 -0.116411  0.264452
1.77659e+09  -0.934848 0.0597143  0.119534 -0.318587 -0.221636  0.637743
1.77659e+09  -0.865605   0.16411  0.149361 -0.493392 -0.958941   1.33061
1.77659e+09  -0.100746  0.244005  0.381589 -0.582015 -0.906939   1.00347
1.77659e+09  0.109112 0.206721  0.46681 -0.527083 -0.115923   1.13506
1.77659e+09  -0.409672  0.240809  0.123795 -0.613997  0.286665  0.824266
1.77659e+09   -0.711142  0.0522574 -0.0391906 -0.750716  -0.15645  0.865038
1.77659e+09  -0.442695 0.0575837  0.019399 -0.467025 -0.578325   1.27593
1.77659e+09  -0.120986  0.225896  0.130186 -0.544661 -0.294878   1.08769
1.77659e+09  -0.181706  0.119369 0.0449653 -0.763411  0.241987  0.706835
1.77659e+09   -0.633378 -0.0670522  -0.183001 -0.471175   0.22685  0.520067
1.77659e+09  -0.764405 0.0341479 -0.301246 -0.289535 -0.443072   1.03325
1.77659e+09    -0.3383  0.126826 -0.130803 -0.478988  -0.69063  0.824266
1.77659e+09   0.105916 0.0852806 0.0524222 -0.577865 -0.170122  0.901171
1.77659e+09   -0.238165  0.0629101 -0.0807359 -0.547591  0.307661  0.586473
1.77659e+09   -0.639769 -0.0425511  -0.304441 -0.582015 -0.104693  0.708544
1.77659e+09   -0.408607 -0.0116585  -0.165957 -0.641341 -0.737017   1.15532
1.77659e+09   0.267836 0.0533227 0.0992938 -0.793197 -0.509234   1.15557
1.77659e+09    0.269966 -0.0670522   0.120599 -0.745589  0.269575  0.718309
1.77659e+09  -0.307407 -0.148012   -0.1585 -0.531234  0.352339  0.645067
1.77659e+09   -0.405411 -0.0979449  -0.172349 -0.587386 -0.311724    1.1187
1.77659e+09    0.120829 -0.0489427  0.0843801 -0.796859 -0.521197   1.12554
1.77659e+09   0.339209 -0.146947  0.202624   -0.69139 -0.0424368   0.757616
1.77659e+09  0.00791139  -0.186362  0.0534874 -0.483138  0.269819    0.7166
1.77659e+09   -0.144421  -0.126707 -0.0104284  -0.444564 -0.0546438   0.815966
1.77659e+09    0.121895 -0.0926186   0.114207 -0.654525 -0.196001  0.916063
1.77659e+09   0.297663 -0.149078  0.230321 -0.710433  0.185102  0.969286
1.77659e+09  -0.0954193  -0.237495 -0.0200158 -0.558089  0.441938  0.643358
1.77659e+09  -0.133769 -0.331238 -0.148913 -0.0358724   0.649458   0.477831
1.77659e+09   -0.487437 -0.0691827   -0.31829 0.396745  0.85185 0.781786
1.77659e+09  -0.827256  0.291942 -0.521755 0.0371256  0.665327  0.612841
1.77659e+09    -1.2736  0.219504 -0.632543  -0.978011 -0.0929739   0.762255
1.77659e+09  -0.755883 -0.160795 -0.464231 -0.942855 -0.930376   1.25859
1.77659e+09   -0.149748 -0.0510733  -0.221351  -0.31346 -0.446001   1.29619
1.77659e+09   -0.22112  0.117239 -0.227742 -0.53807 0.205854 0.821093
1.77659e+09  -0.679184 -0.183166 -0.401381 -0.976302 0.0298289  0.728319
1.77659e+09  -0.597159 -0.405806 -0.299115 -0.489486 -0.695025   1.03081
1.77659e+09    0.218834 -0.0990101  0.0119421 -0.0483236  -0.546831    1.31401
1.77659e+09   0.299794 0.0554532 0.0343127 -0.221175  0.354292  0.579149
1.77659e+09  -0.424586  -0.11925 -0.261831 -0.501937  0.537641  0.388964
1.77659e+09  -0.639769 -0.208732 -0.371553 -0.294906  -0.14522   1.06182
1.77659e+09  -0.0549392  0.0298869 -0.0679527 -0.0661459  -0.351275    1.07768
1.77659e+09   0.119764  0.157719 0.0215295 -0.330062  0.171675  0.787157
1.77659e+09  -0.408607 0.0288216  -0.21922 -0.422835  0.240766  0.345995
1.77659e+09   -0.554548 -0.0787701  -0.273549 -0.335189 -0.374712  0.969774
1.77659e+09  0.0899367  0.190742 0.0534874 -0.206527 -0.622027   1.19048
1.77659e+09  0.285945 0.252527  0.12273 -0.575911 -0.124712  0.755663
1.77659e+09  -0.0400255  0.0075163  0.0119421 -0.636702 0.0713328  0.718553
1.77659e+09   -0.110333 -0.0180501 -0.0146895 -0.364974  -0.29732   1.08306
1.77659e+09  0.277423 0.134283 0.189841 -0.171859 -0.377398   0.83745
1.77659e+09  0.471301 0.190742 0.239909 -0.274642  0.220014  0.827196
1.77659e+09   0.054783  0.239744 0.0119421 -0.65013 0.629194  0.77788
1.77659e+09   -0.467197 0.00218997  -0.225612 -0.894027  0.224897  0.758593
1.77659e+09   -0.273318  -0.125642 -0.0913885 -0.405745 -0.421099   1.06328
1.77659e+09  0.228421 0.174763 0.120599 -0.308333 -0.395708   1.25664
1.77659e+09  0.248661 0.140674 0.135513 -0.808822  0.208052  0.615282
1.77659e+09    -0.144421   -0.156534 -0.00510212 -0.714583  0.306928  0.794725
1.77659e+09   -0.246687 -0.0926186 -0.0583653 -0.198958 -0.102251  0.987841
1.77659e+09  0.0760883  0.120434  0.116338 -0.200423 -0.226031  0.937059
1.77659e+09  0.154918 0.185415 0.139774 -0.456038 0.0618113  0.758593
1.77659e+09  -0.058135  0.105521 0.0332474 -0.547591  0.179487  0.717089
1.77659e+09   -0.136965  0.0874111 0.00874632  -0.485335 -0.0285207   0.961229
1.77659e+09  -0.0123286   0.160914  0.0779885 -0.605208 -0.166704   1.09209
1.77659e+09  0.0654357  0.100194  0.121664 -0.711898  -0.11397   0.86162
1.77659e+09   0.0462609 -0.0169848   0.119534  -0.555892 -0.0226614   0.847948
1.77659e+09  0.0665009 0.0661058  0.133382  -0.404036 -0.0453665     1.0352
1.77659e+09  0.0430651  0.104455 0.0726622  -0.678206 -0.0517141   0.876024
1.77659e+09   0.0249556 -0.0627912     0.0439  -0.685775 -0.0600149   0.744677
1.77659e+09  0.0334777 -0.065987  0.039639 -0.355941 -0.100786  0.951219
1.77659e+09  0.0824799 0.0416048 0.0172684 -0.370101 -0.021929  0.930712
1.77659e+09  0.0782188 -0.013789 0.0172684 -0.504378  0.187055  0.777147
1.77659e+09  -0.0496129 -0.0830312 -0.0306685 -0.312972  0.221479  0.764452
1.77659e+09   -0.183836 -0.0287027  -0.103106 -0.220199 0.0366648   0.83037
1.77659e+09  0.000454534   0.0629101  -0.0232116  -0.394759 -0.0605032    1.08672
1.77659e+09    0.0515872    0.074628 -0.00190633 -0.618636  0.176069  0.828173
1.77659e+09  -0.225382 -0.118185 -0.162761 -0.392806  0.190718  0.550341
1.77659e+09   -0.309537 -0.0521385  -0.216024 -0.0991048   -0.11812    1.02739
1.77659e+09  -0.0304381    0.16411 -0.0626264 -0.328353 -0.238482   1.00933
1.77659e+09   0.140004 0.0916722  0.019399  -0.63304 0.0793894  0.790331
1.77659e+09    -0.11992 -0.0223111 -0.0839317 -0.473372  0.262495  0.735887
1.77659e+09    -0.287167 -0.00207108   -0.163827  -0.282699 -0.0666067   0.857469
1.77659e+09  -0.0410908  0.0895417  -0.048778 -0.365462 -0.310503  0.979296
1.77659e+09  0.171962 0.105521   0.0439  -0.46971 -0.093218  0.816454
1.77659e+09  0.0313472  0.058649  -0.01682 -0.484115  0.168501  0.691942
1.77659e+09  -0.141226 0.0256258 -0.084997  -0.38182 0.0261668  0.855272
1.77659e+09   -0.021916   0.099129 -0.0274727 -0.371077 -0.160845  0.970018
1.77659e+09   0.124025  0.119369 0.0545527  -0.467513 -0.0487844   0.791552
1.77659e+09  0.0515872 0.0671711 0.0183337 -0.480208  0.127729  0.805956
1.77659e+09  -0.0805056  0.0778238 -0.0349295 -0.492415 0.0547312  0.904344
1.77659e+09  -0.0464171  0.0607795  -0.012559 -0.480697 -0.137652  0.820116
1.77659e+09  0.0835452 0.0831501 0.0481611 -0.446517 -0.149126  0.929003
1.77659e+09  0.0995241  0.119369 0.0577485  -0.502913 -0.0126516   0.832811
1.77659e+09  0.0153682 0.0639753 0.0321821   -0.52513 0.00248511   0.751268
1.77659e+09  0.0419998 0.0629101 0.0545527  -0.421615 -0.0658743   0.914843
1.77659e+09  0.0835452  0.132152 0.0673359  -0.442611 -0.0627004   0.843309
1.77659e+09  0.0483914  0.104455 0.0481611  -0.574202 -0.0351125   0.759325
1.77659e+09   0.034543 0.0352132 0.0470958  -0.463851 -0.0863821   0.785936
1.77659e+09   0.113373 0.0980638 0.0982285  -0.391097 -0.0863821   0.973436
1.77659e+09  0.158114 0.133218 0.125925 -0.529769 0.0554636  0.842333
1.77659e+09   0.108046 0.0756932 0.0971633 -0.755355  0.220991  0.946337
1.77659e+09  -0.0293729  0.0959333  -0.104172  -1.1096 0.449507   1.2896
1.77659e+09  -0.368127 -0.133099 -0.212829  -1.3286 0.517622   0.8062
1.77659e+09  -0.547091 -0.389827 -0.324681 -0.731185 0.0955027   1.08525
1.77659e+09  -0.365996 -0.171448 -0.212829 -0.326156 -0.218706   1.24126
1.77659e+09  -0.0975498 -0.0553343 -0.0871275 -0.729232 -0.075884  0.789598
1.77659e+09   -0.17851 -0.296084 -0.144652 -0.775863  0.314741  0.514208
1.77659e+09  -0.532178 -0.317389 -0.268222 -0.484115  0.189253  0.937792
1.77659e+09  -0.487437 -0.216189  -0.23946 -0.354232 -0.377154  0.694384
1.77659e+09  -0.0911582  -0.170383  0.0407043 -0.502425  -0.50606  0.841112
1.77659e+09     0.22203 -0.0606606   0.212212 -0.362533 -0.309771  0.898973
1.77659e+09   0.0473262 -0.0223111   0.139774  -0.437972 -0.0973684   0.886034
1.77659e+09  0.0782188 0.0160384  0.190907 -0.783675 -0.168413   1.11382
1.77659e+09   0.280619 -0.070248  0.338978  -0.902083 -0.0395071   0.974657
1.77659e+09   0.175158 -0.169318  0.315542 -0.571029  0.127973  0.608934
1.77659e+09  -0.108202 -0.124576  0.173862 -0.435775 -0.144488  0.985887
1.77659e+09   0.214573 0.0107121  0.314477 -0.760726  -0.29146    1.0374
1.77659e+09   0.408451 -0.207667  0.384785 -0.565413  0.231001  0.328173
1.77659e+09  -0.184901 -0.151208 0.0939675 -0.193343  0.298139  0.693895
1.77659e+09   -0.308472 -0.0265722  0.0428348 -0.511947 -0.223101   0.75786
1.77659e+09   0.133613 -0.118185  0.254822 -0.636214 -0.424273  0.933886
1.77659e+09    0.226291 -0.0723785   0.260149 -0.491439 -0.016802  0.834032
1.77659e+09  -0.0826361 -0.0851617    0.12273   -0.4514 0.0896433  0.301073
1.77659e+09  -0.224316 -0.188492 0.0566832 -0.370589 -0.360552  0.926073
1.77659e+09    0.22203 0.0629101    0.2463 -0.357161 -0.535601   1.18852
1.77659e+09  0.475563 0.074628 0.318738 -0.594954 -0.042925  0.392626
1.77659e+09   0.12296 -0.11712 0.150427 -0.342269  0.391645  0.462206
1.77659e+09   -0.292493  0.0724974 -0.0658222  -0.22679 0.0173777  0.971727
1.77659e+09  -0.0101981   0.174763  0.0641401 -0.782943 -0.425738  0.910692
1.77659e+09    0.378623 -0.0382901   0.209016 -0.861068 -0.117876  0.765428
1.77659e+09    0.214573 -0.0840964   0.096098 -0.277572   0.53935  0.670214
1.77659e+09  -0.254144 0.0394742 -0.155304  0.0080729   0.561323 -0.0492688
1.77659e+09  -0.638704  0.203525 -0.314029  -0.452132 -0.0299856    1.25371
1.77659e+09   -0.161466   0.168371 -0.0722138  -1.05687 -0.572222   1.00859
1.77659e+09   0.324295 -0.114989  0.171732 -0.912826 -0.164995  0.974169
1.77659e+09   0.0643704 -0.0755743  0.0609443 -0.193099  0.414106  0.951464
1.77659e+09   -0.357474   0.179024 -0.0999107 -0.795882  0.135542  0.901659
1.77659e+09  -0.115659 -0.170383 0.0407043 -1.48973 -0.50899  1.30889
1.77659e+09    0.42656 -0.361065  0.318738 -0.741927 -0.290484   1.26445
1.77659e+09   0.344535 -0.183166  0.299564 -0.314193  0.366743   1.08745
1.77659e+09  -0.213664 -0.141621 0.0407043 -0.553939  0.223432  0.632616
1.77659e+09  -0.0655919  -0.251343   0.137643 -0.789535 -0.326861   1.10625
1.77659e+09    0.26464 -0.216189  0.354957 -0.702865 -0.414507   1.41582
1.77659e+09   0.470236 -0.178905   0.46681 -0.436751 0.0520457  0.637743
1.77659e+09  0.0995241 -0.231103  0.312347 -0.038558  0.235639  0.361864
1.77659e+09  -0.0325687    0.04267   0.171732 -0.302718 -0.110552   1.25005
1.77659e+09   0.147461 0.0309521  0.249496 -0.980697 -0.321001  0.757128
1.77659e+09   0.337078 -0.340825  0.344305  -0.586898 -0.0812551   0.715624
1.77659e+09    0.20392 -0.129903  0.248431 0.0219889  0.260053  0.960253
1.77659e+09  -0.0986151  0.0245605     0.0439 -0.109359  0.199751  0.282762
1.77659e+09   -0.203011 -0.0777049 -0.0594306 -0.71971 -0.20479 0.936327
1.77659e+09  0.0846104 -0.184231 0.0897064 -0.634993 -0.351275  0.812548
1.77659e+09   0.241204 -0.202341  0.120599 -0.0729818 0.00712378   0.811815
1.77659e+09   0.0334777   0.078889 0.00341999 -0.105208  0.241499  0.630663
1.77659e+09   -0.213664 -0.0446817  -0.122281  -0.673568 -0.0959036   0.545702
1.77659e+09  -0.0890277  -0.193819 -0.0700833 -0.739974 -0.580523   1.28276
1.77659e+09   0.514977 -0.104336  0.211147 -0.442611 -0.221148    1.0667
1.77659e+09   0.441474 -0.232168  0.141904   0.184342   0.548628 -0.0163098
1.77659e+09  -0.372388  0.114043 -0.175544 0.0222331  0.403364   1.10991
1.77659e+09    -0.25947   0.174763 -0.0871275 -0.889876 -0.462603    0.7708
1.77659e+09   0.391407 -0.284366  0.153622 -0.704574 -0.362993  0.632128
1.77659e+09   0.534152 -0.118185  0.230321 0.380632 0.500288  1.23808
1.77659e+09  -0.342561  0.349466 -0.130803 -0.255843  0.405805  0.434374
1.77659e+09   -0.369192 -0.0840964  -0.161696  -1.18089 -0.375933  0.761766
1.77659e+09  0.375428 -0.27904 0.209016 -0.381331  -0.52315   1.33525
1.77659e+09  0.468106 0.104455 0.252692 0.0405436  0.176069   1.09477
1.77659e+09  0.0430651  0.109782 0.0375085 -0.688216  0.416548  0.456591
1.77659e+09   -0.168923  -0.231103 -0.0359948    -0.781966 -0.000688717     0.947313
1.77659e+09   0.111242 -0.135229 0.0833148 -0.159163 -0.299273   1.15727
1.77659e+09  0.333882 0.094868 0.178123  -0.231185 0.00639136   0.931932
1.77659e+09   0.192202 0.0405395  0.136578 -0.60765  0.33769 0.709276
1.77659e+09  -0.0868972  -0.103271 0.00341999 -0.600814  0.235884  0.864061
1.77659e+09  -0.0432213 -0.0798354  0.0353779  -0.340804 -0.0680715    1.02056
1.77659e+09   0.166636 0.0437353  0.119534 -0.302718 -0.001177   0.87163
1.77659e+09  0.0952631 0.0330826 0.0897064 -0.374007  0.235395  0.599413
1.77659e+09    -0.101811   0.0128426 -0.00297159 -0.469222  0.170698  0.938036
1.77659e+09  -0.0773098  0.0277563 0.00555052  -0.455794 -0.0734426   0.802294
1.77659e+09    0.0931325 -0.00313635   0.0705317  -0.334701 -0.0600149   0.789354
1.77659e+09  0.0739578 0.0671711 0.0566832 -0.266829   0.14604  0.783983
1.77659e+09  -0.0453518  0.0916722 0.00448526 -0.36473 0.169233 0.718798
1.77659e+09  -0.0709182  0.0874111 -0.0114937 -0.499495  0.040571  0.875048
1.77659e+09  0.0281514 0.0650406 0.0279211  -0.35765 0.0342234  0.769335
1.77659e+09   0.0196293   0.133218 0.00235473 -0.197494  0.212202  0.696581
1.77659e+09    -0.11779   0.219504 -0.0477127 -0.295394  0.249067  0.776415
1.77659e+09  -0.209403  0.215243 -0.108433 -0.520736 0.0764597  0.843798
1.77659e+09  -0.101811   0.14174 -0.053039 -0.489974 0.0417918  0.806444
1.77659e+09  -0.0528087   0.148131 -0.0466474 -0.0883626   0.279829   0.626268
1.77659e+09   -0.25947  0.316443 -0.132934 -0.115218  0.369673  0.761278
1.77659e+09  -0.408607  0.378228  -0.21709 -0.694076 0.0754832  0.834764
1.77659e+09  -0.215794   0.12363 -0.125477  -0.595199 -0.0453665   0.678514
1.77659e+09   -0.149748   0.189677 -0.0988454 0.198747 0.196577 0.723192
1.77659e+09  -0.408607  0.562519 -0.246917 0.00563149   0.280317   0.750536
1.77659e+09   -0.56094  0.666915 -0.151043  -1.75877 -0.279741   1.53618
1.77659e+09  -0.0634613   0.130022  0.0662706 -2.56419 -1.07686  1.44683
1.77659e+09   0.402059 -0.465461   0.28678   -1.0825 -0.937212   1.63628
1.77659e+09   0.742944 0.0107121  0.336848  0.240251 0.0137156    1.3355
1.77659e+09  0.267836 0.382489 0.147231 -0.877913  0.673872  0.792528
1.77659e+09  -0.234969 -0.201276 -0.133999 -1.44798  0.28227 0.432421
1.77659e+09  -0.0858319   -0.40048  -0.105237  -0.324935 -0.0346243    1.08354
1.77659e+09    0.119764    0.14174 -0.0349295 0.113542 0.164594  1.24077
1.77659e+09  -0.185967  0.275963 -0.229873 -0.940902   0.42143  0.682665
1.77659e+09  -0.537504 -0.143751 -0.475949  -1.29564 0.0618113   1.04131
1.77659e+09  -0.355344 -0.181036  -0.35877 -0.638167 -0.326861   1.32012
1.77659e+09  -0.00274126   0.0469311   -0.262896  -0.34764 -0.196489   1.21172
1.77659e+09  -0.129508  0.108716 -0.260766 -1.09154 0.275678 0.880907
1.77659e+09  -0.364931 -0.290758 -0.381141 -0.792708    0.0977  0.484423
1.77659e+09  -0.346822 -0.242821 -0.396054 -0.0866537 0.00102027    1.02544
1.77659e+09  -0.0964845   0.186481  -0.236265 -0.0590658 0.00370581    1.09551
1.77659e+09  -0.257339  0.124695 -0.255439 -0.994124  0.235884  0.549364
1.77659e+09  -0.433108 -0.286497 -0.324681   -0.60765 -0.0180227   0.509325
1.77659e+09   -0.212598 -0.0574648  -0.246917   0.156755 -0.0512258   0.957567
1.77659e+09   -0.14016  0.313247 -0.106302 -0.22679 0.117719 0.824511
1.77659e+09  -0.396889  0.127891 -0.151043 -0.845443 -0.138628  0.418261
1.77659e+09    -0.27971  -0.183166 -0.0594306  -0.40599 -0.529986  0.585985
1.77659e+09  0.419103  0.24294 0.242039  0.191667 -0.215288   1.12724
1.77659e+09  0.187941 0.520974  0.18558 -0.568099  0.494184  0.442919
1.77659e+09   -0.397954   0.038409 -0.0764748 -1.15282 0.471723  0.22661
1.77659e+09   -0.432043  -0.132033 -0.0242769   -0.4868 -0.157427   1.30083
1.77659e+09  -0.108202  0.210982  0.113142 -0.192367 -0.456988  0.898729
1.77659e+09  0.0739578  0.136413  0.206886 -0.606673 -0.209673  0.566698
1.77659e+09   0.034543 0.0735627   0.16321 -0.742415 0.0154246  0.806688
1.77659e+09  -0.166792 -0.050008  0.075858  -0.531478 -0.0981008   0.642137
1.77659e+09  -0.0474824  0.0330826  0.0918369 -0.377913 -0.364458   1.08183
1.77659e+09  0.170897  0.18435 0.197298 -0.816146 -0.293902  0.963915
1.77659e+09    0.291272 -0.0851617   0.219669 -0.735335   0.04228  0.288134
1.77659e+09  0.0121724 -0.122446 0.0609443 -0.331527  0.264448  0.928514
1.77659e+09   -0.154009   0.094868 -0.0359948 -0.497786 0.0986765   0.98955
1.77659e+09  -0.0400255 -0.0372248 -0.0200158  -0.876204 -0.0265676    0.80205
1.77659e+09  -0.0773098  -0.204471  -0.048778   -0.47972 0.00736792   0.676317
1.77659e+09  -0.152944 -0.086227 -0.129738   -0.227279 4.37052e-05    0.877001
1.77659e+09  -0.123116 0.0778238 -0.112694  -0.573714 -0.0712454   0.959032
1.77659e+09  -0.0837014 -0.0404206  -0.149978  -0.807113 -0.0023977   0.781542
1.77659e+09  -0.155074 -0.201276 -0.163827 -0.465316  0.145307   0.64287
1.77659e+09   -0.238165 -0.0734438  -0.170218    0.072526 -0.00654809    0.742479
1.77659e+09   -0.134834   0.236548 -0.0913885 -0.297347 -0.278765   1.14336
1.77659e+09   0.0846104   0.157719 -0.0477127    -1.18333 0.000531986    0.738085
1.77659e+09   -0.152944  -0.316324 -0.0860622 -0.604232  0.145307  0.381151
1.77659e+09    -0.17851 -0.0723785  -0.121216   0.322038 -0.0939504    1.00981
1.77659e+09  -0.136965  0.324965 -0.103106 -0.492904 -0.274614   1.11235
1.77659e+09    0.250792 -0.0276374   0.126991   -1.22435 -0.0299856   0.593553
1.77659e+09  -0.0794403  -0.332303 -0.0722138 -0.370833  0.241743  0.753466
1.77659e+09    -0.22112 -0.0777049  -0.142521 0.0466471  0.162886   1.07817
1.77659e+09  -0.154009  0.136413 -0.106302 -0.584456  -0.10689   1.03911
1.77659e+09  -0.0964845  -0.181036  -0.130803  -0.877913 -0.0136282   0.349901
1.77659e+09   -0.074114  -0.308867 -0.0573001 -0.0756673   0.100874    1.03862
1.77659e+09  -0.203011  0.115108 -0.161696 0.115983 0.167036 0.892626
1.77659e+09  -0.275449  0.120434 -0.164892  -0.659408 -0.0312063   0.632372
1.77659e+09  -0.154009 -0.140555  -0.11589   -0.6743 -0.166948   0.79619
1.77659e+09  -0.0474824 -0.0968796   -0.01682 -0.0759115 -0.0783254   0.969774
1.77659e+09  -0.0879624   0.183285 -0.0349295  -0.085433 -0.0414602   0.750292
1.77659e+09   -0.114594   0.140674 -0.0583653  -0.738753 -0.0954153   0.682421
1.77659e+09   -0.0261771  -0.0617259 -0.00616739 -0.668441 -0.133989  0.822557
1.77659e+09   -0.001676 -0.0105932  0.0257905  -0.134749 -0.0658743   0.837206
1.77659e+09  -0.0315034   0.192872  0.0151379  -0.267074 -0.0746633    0.90996
1.77659e+09  0.00258506   0.160914   0.039639  -0.779525 -0.0605032   0.725878
1.77659e+09  0.00897665 -0.0553343   0.055618  -0.544906 0.00199683   0.763964
1.77659e+09  -0.053874 0.0767585 0.0375085 -0.168197  0.033491  0.973192
1.77659e+09  -0.105007  0.214178 0.0130074  -0.413314 -0.0846731    0.74077
1.77659e+09  -0.0123286  0.0852806  0.0652053 -0.627913 -0.116411  0.796678
1.77659e+09  0.0121724 0.0735627 0.0822496 -0.349349 -0.042925  0.936815
1.77659e+09  -0.0698529   0.190742  0.0353779  -0.369368 -0.0414602   0.794725
1.77659e+09  -0.102876  0.136413 0.0353779 -0.531966 -0.232866  0.765673
1.77659e+09  0.0771536  0.106586  0.126991 -0.444808 -0.239458  0.883593
1.77659e+09  0.138939 0.188611 0.184515  -0.31932 -0.053179   0.85454
1.77659e+09  -0.0112634   0.225896  0.0833148 -0.556868 0.0168894  0.777391
1.77659e+09  -0.109268 0.0916722  0.055618  -0.53221 -0.191851  0.625292
1.77659e+09  0.138939 0.142805 0.187711 -0.237288 -0.304888  0.959032
1.77659e+09  0.209246 0.311117 0.219669 -0.199202 -0.135698  0.737841
1.77659e+09  0.105916 0.299399 0.156818   -0.621566 -0.00996606    0.762743
1.77659e+09  0.121895  0.14174 0.179189 -0.596663  0.129927  0.903612
1.77659e+09  0.129352 0.295138 0.247366 -0.820785  0.233686   1.42168
1.77659e+09  -0.0464171   0.396338  -0.332138 -1.85179 0.670942  1.30644
1.77659e+09  -0.577984 -0.351478 -0.283136  -2.2866  1.21171 0.966356
1.77659e+09   -1.07972 -0.721125 -0.511103 -0.338363  0.646284   1.07353
1.77659e+09   -1.39185 -0.103271 -0.627217  0.299577 -0.626177   1.17119
1.77659e+09  -0.446957  0.128956 -0.281006 -1.42699 -1.32149  1.43291
1.77659e+09   0.370101 -0.364261  0.177058  -1.77513 -0.633013   1.05962
1.77659e+09  -0.00593705    -0.72432  -0.0285379 -0.443831  0.250044   0.52495
1.77659e+09   -0.35854 -0.312063 -0.153174   0.254655 0.00761206    1.14946
1.77659e+09  -0.0858319 -0.0318985 -0.0573001 -0.983626 -0.345904   1.04009
1.77659e+09   0.213507 -0.551748 0.0577485   -1.56834 -0.0644094   0.545458
1.77659e+09  -0.0890277  -0.790367   0.103555    -0.20555 -0.00532739     0.56743
1.77659e+09  -0.246687 -0.322716 0.0407043  0.516374 -0.739458  0.798143
1.77659e+09   0.456388 0.0490616  0.460418 -0.134261  -1.09981   0.91118
1.77659e+09    1.2319 0.146001 0.757627 -0.850326 -0.283892   1.18047
1.77659e+09   0.765314 -0.189558  0.463614 -0.776595  0.935835  0.176073
1.77659e+09  -0.196619 -0.228972  0.154688 -0.776595  0.935835  0.176073
1.77659e+09  -0.157205   0.20459  0.160014  0.137467 -0.170366   1.16753
1.77659e+09  0.360514 0.405925 0.425265  -1.06566 -0.407427   1.03374
1.77659e+09    0.581024 -0.0798354   0.429526 -0.990951  0.366255  0.334032
1.77659e+09  -0.171053 -0.191688 0.0566832 0.0988932  0.613325  0.168993
1.77659e+09   -0.538569   0.397403 -0.0711485  -0.132064 -0.0404836    1.14287
1.77659e+09  -0.144421  0.241874 0.0407043  -1.32298 -0.870562  0.788866
1.77659e+09   0.597003 -0.194884  0.317673  -1.00145 -0.364458    0.7083
1.77659e+09   0.597003 -0.194884  0.317673  -1.00145 -0.364458    0.7083
1.77659e+09   -0.357474   0.387816 -0.0818012 -0.146956  0.505171  0.782518
1.77659e+09   -0.324451   0.205656 -0.0988454  -1.29857 -0.242876  0.724413
1.77659e+09  0.0856757 -0.284366 0.0470958 -0.907943  -0.51607  0.873339
1.77659e+09  0.0856757 -0.284366 0.0470958 -0.907943  -0.51607  0.873339
1.77659e+09  0.196463 0.190742  0.14297 -0.661605  0.426069  0.617479
1.77659e+09  0.196463 0.190742  0.14297 -0.661605  0.426069  0.617479
1.77659e+09   -0.294624  -0.265191 -0.0445169 -0.571761 -0.267534   1.07427
1.77659e+09   -0.294624  -0.265191 -0.0445169 -0.571761 -0.267534   1.07427
1.77659e+09    0.361579 -0.0244416   0.295302  -0.70262 0.0383738  0.824266
1.77659e+09    0.361579 -0.0244416   0.295302  -0.70262 0.0383738  0.824266
1.77659e+09  -0.0794403 -0.0840964   0.121664   -0.447982 -0.00728051    0.710253
1.77659e+09  -0.0794403 -0.0840964   0.121664   -0.447982 -0.00728051    0.710253
1.77659e+09  0.132547 0.188611 0.182384 -0.576156 0.0134714  0.964647
1.77659e+09  0.132547 0.188611 0.182384 -0.576156 0.0134714  0.964647
1.77659e+09  -0.0389603  -0.252408   0.112077  -0.290511 -0.0927297   0.653368
1.77659e+09  -0.0389603  -0.252408   0.112077  -0.290511 -0.0927297   0.653368
1.77659e+09  0.117634 0.246136 0.101424 -0.697249  0.190473  0.462206
1.77659e+09  0.117634 0.246136 0.101424 -0.697249  0.190473  0.462206
1.77659e+09  -0.368127 0.0330826 -0.140391 -0.094222  0.175093  0.797655
1.77659e+09  -0.368127 0.0330826 -0.140391 -0.094222  0.175093  0.797655
1.77659e+09   -0.113529   0.316443 -0.0636917 -0.578841 0.0408152    0.9583
1.77659e+09   -0.113529   0.316443 -0.0636917 -0.578841 0.0408152    0.9583
1.77659e+09    -0.319125 -0.00526688   -0.243721 -0.666243 -0.151812  0.747118
1.77659e+09    -0.319125 -0.00526688   -0.243721 -0.666243 -0.151812  0.747118
1.77659e+09  -0.000610732      0.36651   -0.0551696 -0.393783  0.283247  0.690721
1.77659e+09  -0.000610732      0.36651   -0.0551696 -0.393783  0.283247  0.690721
1.77659e+09   -0.348952 -0.0159195   -0.23946  -0.415511 -0.0207082   0.746141
1.77659e+09   -0.348952 -0.0159195   -0.23946  -0.415511 -0.0207082   0.746141
1.77659e+09  -0.0666571   0.401664 -0.0967149 -0.597152  0.284223  0.239794
1.77659e+09  -0.0666571   0.401664 -0.0967149 -0.597152  0.284223  0.239794
1.77659e+09  -0.503416  0.284485 -0.278875 -0.109115  0.219526  0.829637
1.77659e+09  -0.503416  0.284485 -0.278875 -0.109115  0.219526  0.829637
1.77659e+09  -0.215794  0.379294 -0.143587 -0.838851  0.158247  0.477343
1.77659e+09  -0.215794  0.379294 -0.143587 -0.838851  0.158247  0.477343
1.77659e+09  -0.764405  0.679698 -0.195784  -1.69627 -0.394732   2.01396
1.77659e+09  -0.764405  0.679698 -0.195784  -1.69627 -0.394732   2.01396
1.77659e+09   0.719508 -0.828716  0.465745 -2.33494 -1.37422  1.82231
1.77659e+09   0.719508 -0.828716  0.465745 -2.33494 -1.37422  1.82231
1.77659e+09  0.461714 0.387816 0.120599  0.169938   1.15141 -0.679396
1.77659e+09  0.461714 0.387816 0.120599  0.169938   1.15141 -0.679396
1.77659e+09  -0.393693  -0.45907 -0.123346  -1.15648 -0.486284   1.01299
1.77659e+09  -0.393693  -0.45907 -0.123346  -1.15648 -0.486284   1.01299
1.77659e+09   0.38395 0.396338 0.184515 -0.365951 -0.067095  0.520311
1.77659e+09   0.38395 0.396338 0.184515 -0.365951 -0.067095  0.520311
1.77659e+09  -0.172118 -0.205537 -0.120151 -0.88304 0.040571 0.532518
1.77659e+09  -0.172118 -0.205537 -0.120151 -0.88304 0.040571 0.532518
1.77659e+09   0.132547  0.376098 0.0417695  -0.183577 -0.0573293    0.78203
1.77659e+09   0.132547  0.376098 0.0417695  -0.183577 -0.0573293    0.78203
1.77659e+09  -0.190228 -0.133099 -0.124412 -0.970687 -0.068804   0.52788
1.77659e+09  -0.190228 -0.133099 -0.124412 -0.970687 -0.068804   0.52788
1.77659e+09   0.0174988   0.392077 -0.0445169  -0.269515 -0.0534231   0.850878
1.77659e+09   0.0174988   0.392077 -0.0445169  -0.269515 -0.0534231   0.850878
1.77659e+09  -0.162531  -0.17784 -0.120151 -1.24681 0.061323 0.377733
1.77659e+09  -0.162531  -0.17784 -0.120151  -0.935775 -0.0587942   0.663134
1.77659e+09   -0.0847666 -0.00526688   -0.102041 -0.0773763  -0.169634   0.924364
1.77659e+09  -0.0165897   0.299399 -0.0594306 -0.357161 -0.143755  0.596971
1.77659e+09  0.00897665    0.20459 -0.0583653  -1.02171 -0.131304  0.603563
1.77659e+09   0.0356083  -0.034029 -0.0200158  -0.925033 -0.0605032   0.756151
1.77659e+09   0.0111072 -0.0191153 -0.0359948  -0.414535 -0.0241262    0.75078
1.77659e+09  -0.0410908    0.14387 -0.0562348  -0.433822 -0.0880911   0.704637
1.77659e+09  -0.00274126    0.139609  -0.0317337 -0.907943 -0.176958  0.733202
1.77659e+09  0.0814146 -0.054269 0.0247253 -0.865218 -0.143999  0.724169
1.77659e+09   0.0686315 -0.0478775  0.0108768  -0.458724 -0.0512258   0.724169
1.77659e+09  0.00897665  0.0767585 -0.0221464 -0.499251 -0.106402  0.743212
1.77659e+09     0.0569135    0.0543879 -0.000841063 -0.874495 -0.179644  0.839891
1.77659e+09    0.138939 -0.0681175  0.0332474  -0.822738 -0.0990774   0.697802
1.77659e+09  0.0760883 -0.104336 0.0130074 -0.506331 0.0330027  0.742479
1.77659e+09  -0.0336339  0.0075163 -0.0466474  -0.488021 -0.0365774   0.892626
1.77659e+09  -0.00593705   0.0288216  -0.0189506 -0.805648 -0.187456  0.755907
1.77659e+09   0.121895 -0.123511 0.0449653 -0.817122 -0.179644  0.843553
1.77659e+09   0.130417 -0.109663 0.0524222  -0.461654 -0.0517141   0.857469
1.77659e+09   0.0611746 0.00964683  0.0151379   -0.483138 -0.00532739    0.721239
1.77659e+09    0.034543 -0.0308332  0.0140726 -0.692611 -0.122271  0.800341
1.77659e+09    0.109112 -0.0734438   0.039639 -0.700423 -0.129839  0.883104
1.77659e+09    0.157048 -0.0798354  0.0865106   -0.472152 0.000531986    0.740038
1.77659e+09     0.050522 -0.00526688   0.0321821 -0.435286 0.0447214  0.829149
1.77659e+09   -0.001676 0.00858156  0.0119421  -0.685531 -0.0451223   0.791552
1.77659e+09   0.0579788 -0.0979449  0.0428348  -0.61766 -0.130816  0.808886
1.77659e+09    0.116568 -0.0532038  0.0620095  -0.430892 -0.0351125    0.84453
1.77659e+09  0.0515872 0.0075163 0.0385737 -0.493392 0.0256785  0.797899
1.77659e+09   0.0100419 -0.0350943  0.0162032   -0.62889 -0.0111868   0.797899
1.77659e+09   0.0206946 -0.0766396   0.039639  -0.532699 -0.0565969   0.829393
1.77659e+09   0.0739578 -0.0244416  0.0684011  -0.505355 -0.0590383   0.912645
1.77659e+09   0.0537178 -0.0468122  0.0534874 -0.514144 0.0247019  0.752733
1.77659e+09   0.0164335 -0.0318985  0.0407043 -0.556136 0.0154246  0.873827
1.77659e+09   0.0206946 -0.0436164  0.0162032 -0.601302 0.0100535  0.833055
1.77659e+09  0.000454534  -0.0723785   0.0151379  -0.49266 0.0515574  0.863817
1.77659e+09  -0.00487179 5.94454e-05   0.0257905 -0.456527 0.0893992   0.89995
1.77659e+09   -0.0996803  -0.0180501 -0.00190633 -0.482894 0.0342234  0.742235
1.77659e+09   -0.0751792   -0.029768 -0.00510212  -0.475081 -0.0917532   0.945848
1.77659e+09  0.0260209 0.0245605 0.0620095  -0.528548 -0.0783254   0.905321
1.77659e+09   0.0441304 -0.0116585  0.0705317 -0.526595  0.017866  0.751512
1.77659e+09  -0.0357645 -0.0361595  0.0300516 -0.531478 0.0400828  0.870653
1.77659e+09  -0.0453518  -0.029768  0.0130074  -0.563216 -0.0385305   0.932421
1.77659e+09   0.0228251 -0.0510733  0.0566832  -0.573226 -0.0517141    0.86577
1.77659e+09  -0.00274126   -0.090488   0.0225948 -0.487533 0.0225046  0.822802
1.77659e+09  -0.0293729 -0.0617259  0.0375085 -0.437484 0.0151804  0.917284
1.77659e+09  -0.0101981 -0.0287027  0.0268558  -0.424788 -0.0241262   0.729784
1.77659e+09   -0.0400255  -0.0404206 -0.00403686  -0.381087 -0.0304739   0.793505
1.77659e+09  -0.00487179   0.0618448  0.00661579  -0.476302 -0.0492727   0.955614
1.77659e+09   0.0121724  0.0394742 0.00341999 -0.672835 0.0215281  0.762499
1.77659e+09  -0.0187202  -0.054269 -0.0146895 -0.591781 0.0933054  0.887499
1.77659e+09   -0.103941 -0.0169848 -0.0551696 -0.411361 0.0398386  0.883104
1.77659e+09  -0.0805056  0.0256258 -0.0509085  -0.508773 -0.0568411   0.817919
1.77659e+09   0.00897665 -0.00739741  0.00448526  -0.622054 -0.0255911   0.857469
1.77659e+09  -0.0272423 -0.0436164 -0.0285379 -0.553206 0.0581492  0.764208
1.77659e+09   -0.112464 -0.0510733 -0.0743443   -0.473128 -0.00654809    0.819872
1.77659e+09   -0.0549392 -0.00526688  -0.0498432 -0.555648 -0.102984  0.949755
1.77659e+09   0.0483914 -0.0212458 0.00768105  -0.612533 -0.0221731   0.821337
1.77659e+09  0.000454534  -0.0595954  -0.0114937 -0.509505  0.122602  0.775927
1.77659e+09   -0.132704  -0.034029 -0.0647569 -0.414046 0.0520457  0.821337
1.77659e+09  -0.0826361 0.00325524 -0.0423864 -0.520003 -0.105181  0.875292
1.77659e+09  0.0494567 0.0075163 0.0311169  -0.610824 -0.0443899   0.863817
1.77659e+09  0.00791139 -0.0223111  0.0119421  -0.5764  0.10893 0.752733
1.77659e+09   -0.118855  -0.029768 -0.0434516 -0.503646  0.049116  0.804003
1.77659e+09  -0.0805056  0.0117774 -0.0232116 -0.561751 -0.104937  0.895311
1.77659e+09    0.0515872 -0.00739741   0.0513569  -0.599105 -0.0370657   0.783251
1.77659e+09  -0.000610732   -0.0489427    0.0215295 -0.472152  0.126264  0.762499
1.77659e+09   -0.132704 0.00218997 -0.0359948 -0.482161 0.0825632  0.814501
1.77659e+09    -0.100746 -0.00739741  -0.0200158   -0.59764 -0.0788137    0.81328
1.77659e+09   0.0132377 -0.0361595  0.0364432  -0.574935 -0.0612356   0.863329
1.77659e+09  -0.0144592  -0.013789  0.0172684 -0.479232 0.0601023  0.748827
1.77659e+09  -0.100746 0.0043205  -0.01682 -0.538314 0.0251902  0.828905
1.77659e+09  -0.0709182 0.00218997 0.00661579  -0.605208 -0.0739309    0.85454
1.77659e+09   0.0132377 -0.0233764  0.0502916 -0.549788 -0.018511  0.805468
1.77659e+09  -0.0315034 0.00325524    0.02366  -0.46849 0.0872019  0.801073
1.77659e+09   -0.115659  0.0309521 -0.0178853 -0.563704 0.0554636  0.781542
1.77659e+09   -0.111398 -0.0180501 -0.0242769 -0.602279 -0.063677  0.797655
1.77659e+09   -0.0304381 -0.00739741   0.0183337  -0.507308 -0.0888235   0.850145
1.77659e+09  -0.0229813  0.0245605  0.0183337   -0.489486 -0.00288598    0.800096
1.77659e+09   -0.074114  0.0213647 0.00128947 -0.531966 0.0207957  0.800829
1.77659e+09   -0.0975498  0.00218997 -0.00829791  -0.561263 -0.0360891   0.784716
1.77659e+09  -0.0634613 -0.0127237  0.0225948 -0.553206 -0.132281  0.899706
1.77659e+09   -0.0133939 -0.00100582   0.0311169 -0.749984 -0.141802   1.20146
1.77659e+09    0.140004 -0.0798354   0.119534 -0.783431 0.0945261  0.815966
1.77659e+09   -0.0922235   -0.232168 -0.00403686 -0.381576  0.294233  0.609423
1.77659e+09   -0.287167 -0.0734438  -0.122281 -0.133285 0.0696238   1.03887
1.77659e+09   -0.197685  0.0501269 -0.0647569  -0.643783 -0.0712454   0.964647
1.77659e+09    -0.094354   -0.166122 -0.00403686   -0.57347 0.00126441   0.602831
1.77659e+09    -0.23923  -0.150143 -0.0881928 -0.150374  0.121626  0.915575
1.77659e+09   -0.32019 0.0629101  -0.11589  -0.27098 -0.065386  0.850145
1.77659e+09   -0.220055 -0.0169848 -0.0551696  -0.67015 -0.244585  0.825487
1.77659e+09  -0.0730487  -0.110728 0.00235473 -0.518783 -0.202837  0.920214
1.77659e+09  -0.0815708 -0.0585301 -0.0104284  -0.294173 -0.0121633   0.805956
1.77659e+09    -0.166792 -0.00420161  -0.0423864  -0.371077 -0.0434133   0.870653
1.77659e+09   -0.167857  -0.013789 -0.0381253 -0.598861 -0.182085  0.932909
1.77659e+09  -0.0346992  -0.086227 0.00874632 -0.543441 -0.235308  0.874559
1.77659e+09   0.0430651 -0.0755743   0.039639  -0.340804 -0.0797903   0.964159
1.77659e+09  -0.0187202  0.0277563 -0.0285379 -0.353988 0.0598582  0.835497
1.77659e+09    -0.127377 5.94454e-05  -0.0604959 -0.604964 0.0129832  0.791063
1.77659e+09   -0.106072 -0.0798354 -0.0860622 -0.532454 -0.144243  0.950487
1.77659e+09  -0.0187202 -0.0265722 -0.0551696  -0.309798 -0.0807668   0.929491
1.77659e+09  -0.0368297  0.0661058  -0.073279 -0.372054 0.0515574  0.863085
1.77659e+09  -0.151878 0.0266911 -0.135064 -0.587874 0.0557078  0.791063
1.77659e+09   -0.195554 -0.0489427  -0.154239 -0.580306 -0.145708  0.945116
1.77659e+09  -0.0485476  -0.013789 -0.0999107 -0.428451 -0.230425  0.946825
1.77659e+09   0.0537178  0.0490616 -0.0573001  -0.435286 -0.0524465   0.791307
1.77659e+09  -0.0655919  0.0394742 -0.0999107  -0.652816 0.00565894   0.890184
1.77659e+09  -0.0858319 -0.0649217 -0.0977801 -0.649642 -0.174273  0.869188
1.77659e+09   0.0760883 -0.0840964 -0.0253421 -0.368392 -0.185015  0.894823
1.77659e+09   0.166636 0.0533227 0.0321821 -0.343734 0.0442332    0.8687
1.77659e+09  -0.000610732    0.0479963   -0.0615611 -0.584945  0.153852  0.667528
1.77659e+09   -0.107137 -0.0585301  -0.119085    -0.641097 -0.000932857     0.846239
1.77659e+09  -0.00380652  -0.0414859  -0.0594306 -0.402572 -0.116411  0.870653
1.77659e+09   0.0739578  0.0597143 -0.0274727  -0.37596 0.0066355  0.851122
1.77659e+09  -0.0368297  0.0629101 -0.0743443 -0.605697 0.0898875  0.775927
1.77659e+09   -0.101811 -0.0361595  -0.104172 -0.646224  -0.02022  0.775927
1.77659e+09  -0.0357645 -0.0478775 -0.0573001 -0.422347 -0.125933  0.900927
1.77659e+09   0.0579788  0.0756932 -0.0221464   -0.45848 -0.0695364   0.894823
1.77659e+09   0.0292167    0.04267 -0.0338643 -0.685775 0.0332468  0.741014
1.77659e+09  -0.0251118 -0.0489427  -0.069018 -0.656478   0.01103  0.845018
1.77659e+09  -0.0208508 -0.0308332 -0.0647569   -0.49974 -0.0404836   0.853319
1.77659e+09   0.0217598    0.02243 -0.0359948  -0.450911 -0.0399954   0.792528
1.77659e+09   0.0238904   0.058649 -0.0296032 -0.637191 0.0117625  0.885057
1.77659e+09  -0.00806758  -0.0201806  -0.0466474 -0.655501 0.0571726  0.687792
1.77659e+09  -0.0602655 -0.0478775 -0.0711485 -0.478499 0.0041941  0.860399
1.77659e+09  -0.0293729  0.0597143 -0.0679527  -0.512679 -0.0666067   0.883593
1.77659e+09    0.014303  0.0362784 -0.0402558  -0.699935 -0.0553762   0.720018
1.77659e+09   0.0132377 -0.0468122 -0.0445169 -0.662093 0.0200632  0.857714
1.77659e+09  -0.0315034 -0.0169848 -0.0604959 -0.550521 0.0364207  0.850878
1.77659e+09  -0.0528087 -0.0308332 -0.0636917   -0.56639 -0.0236379   0.767382
1.77659e+09  -0.0112634  -0.029768 -0.0413211  -0.614486 -0.0194875   0.923143
1.77659e+09   0.0015198 -0.0191153 -0.0242769 -0.646712 0.0549753  0.804247
1.77659e+09   -0.078375 -0.0894228 -0.0615611 -0.582503 0.0698679  0.695848
1.77659e+09   -0.108202 -0.0510733  -0.073279  -0.479964 -0.0299856   0.860155
1.77659e+09  -0.0549392  0.0107121 -0.0317337 -0.524886 -0.106646  0.762987
1.77659e+09  -0.0101981 -0.0223111  -0.012559  -0.535384 -0.0888235   0.750536
1.77659e+09  0.00471559 0.00112471   0.019399 -0.478255 -0.021929  0.769823
1.77659e+09  -0.0293729  0.0309521 0.00128947   -0.449447 -0.00996606    0.673632
1.77659e+09   -0.058135  0.0373437 -0.0146895   -0.52391 -0.0536672   0.770311
1.77659e+09  -0.0293729  0.0458658 0.00341999 -0.594466 -0.126177    0.8416
1.77659e+09  0.0324125 0.0245605 0.0247253  -0.599105 -0.0902883   0.733934
1.77659e+09   0.0015198    0.02243 0.00768105  -0.519759 -0.0387747   0.809374
1.77659e+09  -0.0368297  0.0650406  -0.012559  -0.590316 -0.0590383   0.828905
1.77659e+09   -0.021916  0.0245605 0.00341999 -0.643783 -0.121294  0.768602
1.77659e+09   0.0196293 0.00964683  0.0162032 -0.592757 -0.116167  0.898241
1.77659e+09  0.0164335 0.0458658 0.0119421  -0.621322 -0.0719778   0.854296
1.77659e+09  -0.00700232   0.0139079  0.00661579  -0.675765 -0.0990774   0.766649
1.77659e+09   0.0100419 -0.0223111 0.00874632 -0.677962 -0.134722  0.903368
1.77659e+09   0.0686315 -0.0180501   0.039639 -0.562728 -0.093218  0.843553
1.77659e+09    0.0409346 -0.00207108   0.0268558   -0.587874 -0.00313012    0.846239
1.77659e+09  -0.000610732   -0.0446817    0.0279211 -0.675277  0.031782  0.902391
1.77659e+09  -0.0293729 -0.0894228  0.0204642 -0.602767 0.0198191  0.895311
1.77659e+09  -0.0357645  -0.070248  0.0257905 -0.511214 0.0298289  0.808153
1.77659e+09  -0.0890277 -0.0649217  0.0108768   -0.430648 -0.00264184    0.745897
1.77659e+09  -0.0858319 -0.0308332 0.00768105  -0.425765 -0.0719778   0.864305
1.77659e+09  -0.042156 0.0043205 0.0385737  -0.521224 -0.0773489   0.890428
1.77659e+09  -0.0346992  -0.013789   0.059879 -0.502669 -0.042925  0.752001
1.77659e+09  -0.0655919 -0.0244416  0.0534874  -0.346175 -0.0382864   0.723192
1.77659e+09  -0.0506782  0.0874111  0.0684011  -0.264632 -0.0802786   0.841356
1.77659e+09  -0.0272423   0.180089  0.0737275 -0.489974 -0.123003  0.751757
1.77659e+09  -0.0123286   0.104455  0.0982285 -0.712874  -0.19771  0.756639
1.77659e+09  0.0696967 0.0373437  0.136578 -0.557357 -0.265093  0.858446
1.77659e+09  0.173027 0.105521 0.177058 -0.343245  -0.16646  0.793749
1.77659e+09  0.145331 0.187546 0.175993 -0.490951 -0.105181  0.773485
1.77659e+09   0.10485 0.114043 0.161079 -0.727279 -0.185747  0.842333
1.77659e+09   0.198594 0.0309521   0.20582 -0.683577 -0.187212  0.926073
1.77659e+09    0.258249 0.00218997   0.247366  -0.355208 -0.0717336   0.695848
1.77659e+09    0.18368 0.0820848  0.195168 -0.286117 0.0217722  0.853807
1.77659e+09  0.145331 0.174763 0.178123  -0.697005 -0.0414602   0.894335
1.77659e+09    0.165571 -0.0287027   0.147231   -0.75682 -0.0710012   0.705614
1.77659e+09    0.145331 -0.0436164   0.128056  -0.328109 -0.0414602   0.925096
1.77659e+09  0.144265 0.132152 0.129121  -0.282699 -0.0216848   0.821825
1.77659e+09   0.12296 0.132152 0.120599 -0.560042 -0.108599  0.788134
1.77659e+09   0.190072 0.0810196  0.114207 -0.689437 -0.106157  0.963182
1.77659e+09   0.189006 0.0543879  0.109946  -0.478988 -0.0226614   0.697802
1.77659e+09   0.165571 0.0682364 0.0779885 -0.259749 0.0620554  0.790087
1.77659e+09   0.167701  0.221634 0.0545527 -0.472884  0.172651    1.0728
1.77659e+09    0.101655   0.212047 -0.0136242 -1.05345 0.374555  1.01714
1.77659e+09  -0.108202 0.0107121 -0.181936 -1.47337 0.598432  1.29497
1.77659e+09   -0.58331 -0.255604 -0.431208 -1.08372 0.353803 0.697069
1.77659e+09  -0.547091  -0.40048 -0.339595 -0.305648 -0.256548  0.979784
1.77659e+09  -0.125247 0.0171037   -0.1585 0.0193034 -0.579302   1.16411
1.77659e+09   0.26251  0.14387 0.096098 -0.745589 -0.251421  0.662645
1.77659e+09   0.195398 -0.201276 0.0694664 -0.81224 0.207563 0.523729
1.77659e+09   -0.115659   -0.20021 -0.0754096 -0.0983724   0.259565   0.673143
1.77659e+09  -0.0911582  0.0458658 -0.0306685 0.0605631 0.0481394  0.656542
1.77659e+09   0.0132377   0.165175 0.00341999  -0.37889 0.0332468  0.699755
1.77659e+09  -0.0315034  0.0863459 -0.0232116 -0.661849  0.119917  0.631884
1.77659e+09   -0.112464 -0.0393553 -0.0594306 -0.518538  0.159712  0.519335
1.77659e+09   -0.173184  0.0192342 -0.0903233  -0.222396 0.00272925   0.920214
1.77659e+09   -0.129508    0.18222 -0.0881928  -0.499984 -0.0768606   0.836473
1.77659e+09   -0.058135  0.0778238 -0.0264074 -0.865462 -0.147661  0.784227
1.77659e+09  -0.0283076 -0.0777049 -0.0136242 -0.754378 -0.094927  0.991014
1.77659e+09   0.0121724 0.00112471 0.00555052  -0.482894 -0.0568411   0.955126
1.77659e+09  -0.0251118  0.0448006 -0.0306685  -0.757796 -0.0231497   0.860643
1.77659e+09  -0.0165897 -0.0883575   -0.01682 -0.859359 -0.067095  0.893358
1.77659e+09    0.0249556   -0.120315 -0.00936318  -0.658675 -0.0673391   0.997362
1.77659e+09    0.0302819  -0.0936838 -0.00723265  -0.501693 0.00321753   0.763964
1.77659e+09   -0.001676 -0.0777049 -0.0402558 -0.607161 0.0293406    0.8958
1.77659e+09  -0.0368297  -0.124576 -0.0445169 -0.689681 0.0520457  0.775438
1.77659e+09  -0.0677224  -0.189558 -0.0509085  -0.399154 0.00980933   0.704149
1.77659e+09  -0.0794403 -0.0713133 -0.0626264  -0.286361 -0.0251028   0.863329
1.77659e+09   -0.0506782 -0.00207108  -0.0455822  -0.529036 -0.0624563   0.718065
1.77659e+09  -0.0187202 -0.0990101 -0.0402558  -0.584945 -0.0331594   0.731737
1.77659e+09  -0.0560045 -0.0936838 -0.0573001  -0.360091 0.00126441   0.789354
1.77659e+09  -0.0730487 0.00858156 -0.0583653 -0.317611 -0.081011  0.820848
1.77659e+09  -0.0261771  0.0501269 -0.0359948 -0.619857 -0.133013   0.90996
1.77659e+09  0.0388041 -0.034029 0.0130074 -0.698958 -0.104204  0.810839
1.77659e+09   0.0377388 -0.0787701 0.00981158  -0.555892 -0.0314504   0.915575
1.77659e+09   0.00365033  -0.0255069 -0.00510212  -0.469222 -0.0216848    0.84868
1.77659e+09   0.00684612 -0.00633214    -0.01682  -0.660872 -0.0590383   0.879686
1.77659e+09   0.0419998 -0.0798354 0.00341999  -0.714827 -0.0251028   0.855028
1.77659e+09  -0.00593705   -0.118185  -0.0296032 -0.457747 0.0222605  0.780809
1.77659e+09  -0.0623961  -0.029768 -0.0423864  -0.403304 -0.0114309   0.890673
1.77659e+09   -0.0346992 -0.00207108  -0.0349295  -0.626449 -0.0744192   0.850878
1.77659e+09  -0.00487179   -0.105402  -0.0178853  -0.627669 -0.0395071   0.765917
1.77659e+09  -0.0261771  -0.102206 -0.0317337  -0.351302 0.00199683   0.779344
1.77659e+09   -0.078375  0.0043205 -0.0636917  -0.382308 -0.0475637    0.84868
1.77659e+09  -0.0293729 0.00858156  -0.032799 -0.678695 -0.130816  0.855516
1.77659e+09    0.0356083   -0.101141 -0.00297159  -0.646712 -0.0763723   0.780565
1.77659e+09  -0.00380652  -0.0894228  -0.0146895 -0.397689   0.01103   0.82744
1.77659e+09   -0.0485476 -0.00313635  -0.0317337  -0.418197 -0.0111868   0.820848
1.77659e+09  -0.0357645 -0.0105932 -0.0274727   -0.61766 -0.0575735   0.842577
1.77659e+09  -0.0123286  -0.065987  -0.012559  -0.607406 -0.0492727   0.837206
1.77659e+09  -0.0304381 -0.0617259  -0.032799  -0.440658 -0.0492727   0.801561
1.77659e+09   -0.0336339 -0.00100582   -0.032799  -0.504867 -0.0895559   0.885546
1.77659e+09   0.0206946 -0.0148543 -0.0285379  -0.662581 -0.0868704   0.832323
1.77659e+09   0.0238904 -0.0936838 -0.0136242   -0.589095 -0.00630395    0.806688
1.77659e+09  -0.0464171 -0.0681175 -0.0658222  -0.419661 -0.0368215   0.812059
1.77659e+09  -0.0762445 -0.0201806 -0.0711485 -0.552718 -0.206499  0.873094
1.77659e+09    0.113373 -0.0436164 -0.0370601 -0.683333 -0.240923  0.918749
1.77659e+09     0.192202   -0.116054 0.000224201 -0.537093 0.0964793  0.710985
1.77659e+09   -0.053874 -0.0670522  -0.164892 -0.24388 0.167524 0.665819
1.77659e+09   -0.22112 0.0362784 -0.281006  -0.55638 -0.107622  0.910448
1.77659e+09  -0.00806758   -0.034029   -0.228808 -0.756087 -0.291704  0.867479
1.77659e+09  0.0973936 -0.123511 -0.207502  -0.474837 -0.0402395    0.76494
1.77659e+09   -0.106072 -0.0287027  -0.370488 -0.336654 0.0386179  0.845507
1.77659e+09  -0.253078 0.0533227 -0.410968 -0.564193 -0.429644  0.707079
1.77659e+09   -0.053874 -0.0318985  -0.522821 -0.556136 -0.889605  0.804003
1.77659e+09   0.425495  0.146001 -0.414164 -0.219466 -0.904986   1.14263
1.77659e+09   0.456388  0.370771 -0.589932 -0.615951 -0.659136  0.813768
1.77659e+09   0.397798  0.118304 -0.653848 -0.948958 -0.572954  0.818407
1.77659e+09   0.670506  0.132152 -0.609107 -0.547103 -0.546343   1.31133
1.77659e+09   0.636417  0.277028 -0.755048 -0.492415 -0.424761   0.77495
1.77659e+09   0.627895  0.165175 -0.875423 -0.745589 -0.409624  0.679003
1.77659e+09   0.821773  0.170502 -0.850922 -0.610824 -0.316118   1.08574
1.77659e+09   0.894211  0.221634 -0.889272 -0.526839  0.241011  0.754686
1.77659e+09  0.419103 0.201394 -1.11511 -0.377425  0.316694  0.489061
1.77659e+09  0.186876 0.223765  -1.3239  -0.85765 -0.150103   0.92412
1.77659e+09   0.623634 0.0469311  -1.06717 -0.849349 -0.251177  0.771532
1.77659e+09   0.648135 0.0469311  -1.06611 -0.0881185   0.189741   0.713427
1.77659e+09  0.170897 0.329226 -1.30792 -0.264632  0.102339  0.728807
1.77659e+09  0.189006 0.216308 -1.28981  -1.07518 -0.506792  0.816454
1.77659e+09     0.739748 -0.00846267     -1.0171 -0.956527 -0.581499   1.16606
1.77659e+09   0.794077 0.0724974  -1.03095 -0.410628 -0.157915  0.752733
1.77659e+09  0.522434 0.099129 -1.21737  -0.426986 -0.0568411    0.44829
1.77659e+09   0.554392 0.0554532  -1.17902 -0.692122 -0.212359   1.07891
1.77659e+09   0.823904 0.0980638  -1.05226  -0.524154 -0.0934622   0.822802
1.77659e+09   0.583154 0.0543879  -1.22909 -0.463363  0.196577  0.403856
1.77659e+09   0.379689 0.0724974  -1.31751  -0.380843 -0.0558645   0.772997
1.77659e+09  0.492607 0.170502 -1.30579 -0.373031 -0.292925  0.747362
1.77659e+09  0.688615 0.248266 -1.19394  -0.61473 -0.237993  0.948778
1.77659e+09  0.612982 0.176893 -1.24294 -0.898177 -0.192339  0.742479
1.77659e+09    0.500064 -0.0265722   -1.33349 -0.740951 -0.547564  0.682421
1.77659e+09   0.957062 0.0565185  -1.10232 -0.593734 -0.635943   1.28447
1.77659e+09    1.28516  0.191807 -0.976623 -0.589827 -0.130816   0.75371
1.77659e+09    0.888885 0.00112471   -1.20139 -0.759017  0.246626  0.492235
1.77659e+09   0.598068 -0.102206  -1.37929 -0.538558 -0.270952   0.80913
1.77659e+09   0.998607 0.0266911  -1.19181 -0.439193 -0.533892   0.99785
1.77659e+09   1.40021 0.169436 -1.03202 -0.572982 -0.109575  0.881151
1.77659e+09     1.0572 0.0181689  -1.21311 -0.76512 0.459761 0.441942
1.77659e+09   0.618308 -0.108598  -1.42616 -0.536849  0.125532  0.727831
1.77659e+09   0.818578 0.0181689   -1.3207 -0.463607 -0.337847   1.00664
1.77659e+09  1.18609  0.1215  -1.195 -0.676742 -0.209185  0.845995
1.77659e+09      1.01459 -0.00952793     -1.2717 -0.790999  0.133589  0.578661
1.77659e+09   0.790881 -0.109663  -1.41658  -0.582015 -0.0707571    0.78618
1.77659e+09     0.984759 -0.00633214    -1.29727 -0.475814 -0.272661  0.934618
1.77659e+09    1.24255 0.0735627  -1.20566  -0.568099 -0.0180227   0.776659
1.77659e+09    0.983694 -0.0148543   -1.35053 -0.685286  0.322798  0.550341
1.77659e+09   0.693942 -0.090488  -1.49647  -0.553695 -0.0175344   0.679003
1.77659e+09     0.916582 -0.00207108    -1.39527 -0.501449  -0.37398  0.968309
1.77659e+09    1.20846 0.0938027  -1.26851 -0.616195 -0.241167  0.809618
1.77659e+09    1.11898 0.0149731  -1.33881 -0.716292 0.0593699  0.653368
1.77659e+09    0.935757 -0.0404206   -1.42936  -0.664779 -0.0106985   0.774462
1.77659e+09    0.994346 -0.0191153   -1.40166 -0.615951 -0.258013  0.871386
1.77659e+09     1.2106 0.0107121  -1.31751 -0.611556 -0.185991   0.81743
1.77659e+09    1.15733 0.0171037  -1.38249 -0.617415 0.0254343  0.721483
1.77659e+09     1.01352 -0.0287027   -1.46345  -0.770736 -0.0426809    0.83452
1.77659e+09    1.07318 -0.086227  -1.50286 -0.711898 -0.140581  0.711229
1.77659e+09    1.18077 -0.108598  -1.49967 -0.472152  0.165327  0.733202
1.77659e+09   0.957062 0.0128426  -1.64881 -0.284896  0.458296  0.657274
1.77659e+09   0.537348 0.0629101  -1.84481 -0.510238  0.239546  0.700975
1.77659e+09     0.540544 -0.00846267    -1.84162 -0.704574 -0.283892  0.830858
1.77659e+09    0.904864 -0.0148543   -1.65733  -0.40306 -0.469439  0.696093
1.77659e+09  0.998607  0.12363 -1.66905 -0.294417 -0.269488  0.777147
1.77659e+09  0.982628 0.209917 -1.68715  -0.710921 -0.0902883   0.732714
1.77659e+09    0.937887 0.00538577   -1.71272  -0.743148 -0.0141165   0.548387
1.77659e+09     0.900603 5.94454e-05    -1.72657   -0.219222 -0.00752465    0.696093
1.77659e+09     0.900603 5.94454e-05    -1.72657   -0.219222 -0.00752465    0.696093
1.77659e+09  0.879298  0.34414  -1.7777 -0.763656 -0.134478   0.89995
1.77659e+09  0.957062 0.170502 -1.73829  -0.998031 -0.0710012   0.636034
1.77659e+09   0.857992 -0.013789  -1.81818 -0.398177  0.089155  0.534227
1.77659e+09  0.701399 0.244005  -1.9098 -0.398177  0.089155  0.534227
1.77659e+09  0.729095 0.497538 -1.94388 -0.529769  -0.33687  0.899462
1.77659e+09  0.952801 0.369706 -1.81712  -1.22166 -0.369585   0.92705
1.77659e+09    1.00287 0.0874111  -1.80646 -0.891097 -0.140825  0.790575
1.77659e+09    1.00287 0.0874111  -1.80646 -0.891097 -0.140825  0.790575
1.77659e+09  0.824969 0.383555 -1.87038 -0.464339 0.0378855  0.803026
1.77659e+09  0.824969 0.383555 -1.87038 -0.464339 0.0378855  0.803026
1.77659e+09  0.859058 0.127891 -1.82138  -1.07445 -0.452593  0.833055
1.77659e+09  0.859058 0.127891 -1.82138  -1.07445 -0.452593  0.833055
1.77659e+09   1.06785 0.370771 -1.69248 -0.263656 -0.379839  0.701219
1.77659e+09   1.04974 0.267441 -1.72763 -0.831038 -0.721148  0.788134
1.77659e+09   1.66546 0.126826 -1.48902  -0.44847 -0.501177   0.75078
1.77659e+09   1.66546 0.126826 -1.48902  -0.44847 -0.501177   0.75078
1.77659e+09   1.15946  0.56678 -1.71911 -0.522933  -0.22481  0.501268
1.77659e+09   1.15946  0.56678 -1.71911 -0.522933  -0.22481  0.501268
1.77659e+09   2.16188 0.159849 -1.34947  -0.34471 -0.658648   1.14702
1.77659e+09   2.16188 0.159849 -1.34947  -0.34471 -0.658648   1.14702
1.77659e+09   1.29262 0.595542 -1.70207 -0.255355  0.887495 -0.403273
1.77659e+09   1.29262 0.595542 -1.70207 -0.255355  0.887495 -0.403273
1.77659e+09   1.33417 0.500734 -1.85014 -0.0659017  -0.843462    1.31645
1.77659e+09   1.33417 0.500734 -1.85014 -0.0659017  -0.843462    1.31645
1.77659e+09   1.70914 0.552932 -1.67224 -0.527083    0.3123  0.181444
1.77659e+09   1.70914 0.552932 -1.67224 -0.527083    0.3123  0.181444
1.77659e+09  0.954931 0.687155 -2.07385 -0.381331 -0.989947  0.969774
1.77659e+09  0.954931 0.687155 -2.07385 -0.381331 -0.989947  0.969774
1.77659e+09    2.5507 0.529496 -1.33349 -0.710921 -0.268023  0.501512
1.77659e+09    2.5507 0.529496 -1.33349 -0.710921 -0.268023  0.501512
1.77659e+09   1.17864 0.839488 -2.01526 -0.484359 -0.112017   1.27544
1.77659e+09   1.17864 0.839488 -2.01526 -0.484359 -0.112017   1.27544
1.77659e+09   2.25349 0.176893 -1.47836  -0.749007 0.00517066   0.546923
1.77659e+09   2.25349 0.176893 -1.47836  -0.749007 0.00517066   0.546923
1.77659e+09   0.99115  0.70633 -2.05893  -1.0056 0.428999 0.415087
1.77659e+09   0.99115  0.70633 -2.05893  -1.0056 0.428999 0.415087
1.77659e+09   1.78051 0.257853 -1.60406  -0.20555 -0.673784    1.1563
1.77659e+09   1.78051 0.257853 -1.60406  -0.20555 -0.673784    1.1563
1.77659e+09   2.28438  0.54441 -1.45706 -1.96239  1.12114  2.52544
1.77659e+09   2.28438  0.54441 -1.45706 -1.96239  1.12114  2.52544
1.77659e+09  -0.332973 -0.866001  -2.48717  -3.57274   2.65629 -0.275587
1.77659e+09  -0.332973 -0.866001  -2.48717  -3.57274   2.65629 -0.275587
1.77659e+09   0.407386 -0.622055  -1.62111 0.66652 -1.1667 2.36675
1.77659e+09   0.407386 -0.622055  -1.62111 0.66652 -1.1667 2.36675
1.77659e+09    1.26066 -0.893698  -1.08208 -1.48216   1.5872 0.275438
1.77659e+09    1.26066 -0.893698  -1.08208 -1.48216   1.5872 0.275438
1.77659e+09  -0.288232 -0.955483  -1.43256 -0.512923  0.953169  0.501757
1.77659e+09  -0.288232 -0.955483  -1.43256 -0.512923  0.953169  0.501757
1.77659e+09  -0.234969 -0.999159   -1.1247  -0.857161 -0.0719778    1.49321
1.77659e+09   0.817512  -1.30169 -0.225612 -0.988021 -0.200396 0.0237293
1.77659e+09   0.817512  -1.30169 -0.225612 -0.988021 -0.200396 0.0237293
1.77659e+09  0.954931 -1.10355 0.271867   1.97218  -0.51607 -0.119337
1.77659e+09   1.56639 0.705265 0.686255   1.39552 -0.449907   2.70976
1.77659e+09   1.96906 0.693547 0.966419 -1.83934 0.647993 0.037157
1.77659e+09    0.38395 -0.141621  0.439113  -1.19041   1.47148 -0.687208
1.77659e+09    0.38395 -0.141621  0.439113 1.61647 1.25761 1.79497
1.77659e+09  -0.257339   0.54654  0.120599  0.512956  0.720014 -0.466505
1.77659e+09  -0.257339   0.54654  0.120599 -1.73802 0.193403 0.770555
1.77659e+09  0.293402 -0.31952 0.354957  -1.16844 -0.108599   1.06401
1.77659e+09    0.142135 -0.0382901   0.386915 0.713151 -0.41231 0.817919
1.77659e+09   0.279554  0.482624 0.0268558 -0.138167 -0.163775   0.84038
1.77659e+09   0.476628 0.0852806  0.261214 -1.04539 0.321821 0.349413
1.77659e+09  -0.164661 -0.120315 -0.262896 -0.686263  0.530073  0.862108
1.77659e+09  -0.499155 -0.065987 -0.206437 -0.595443 -0.248003  0.733202
1.77659e+09   0.190072 -0.185297 -0.032799 -0.544173 -0.564409  0.693895
1.77659e+09   0.382884 -0.070248 0.0982285 -0.432357  0.026655    1.3416
1.77659e+09   0.0739578  0.0043205 -0.0466474 -0.975081   0.27519  0.553026
1.77659e+09  -0.225382 -0.533638 -0.192589  -0.79222 -0.289995  0.420458
1.77659e+09   0.311512 -0.351478  0.106751 -0.234115 -0.590044   1.57817
1.77659e+09   0.681159 -0.065987  0.237778   -0.33763 -0.0282766   0.684618
1.77659e+09   0.395668 -0.331238  0.166405 -0.606917  0.526899  0.381884
1.77659e+09  -0.0666571  -0.363196  -0.069018 -0.177718  0.283979  0.812303
1.77659e+09   0.0686315  -0.160795 0.00341999 -0.312484 -0.103228  0.965624
1.77659e+09   0.349861 -0.178905  0.167471  -0.228988 -0.0382864   0.423387
1.77659e+09   0.229486 -0.116054  0.108881 -0.136702  0.288618  0.966112
1.77659e+09  -0.0240465  0.0479963  0.0140726 -0.365706  0.161177  0.585009
1.77659e+09  0.0302819 -0.122446 0.0715969 -0.780013 -0.142534   1.03032
1.77659e+09   0.259314 -0.203406  0.164275  -0.263656 -0.0817434     0.8062
1.77659e+09   0.0899367 -0.0734438  0.0534874 -0.0302572  0.0889109   0.860399
1.77659e+09  -0.0325687  0.0906069  0.0673359 -0.680892 -0.282671   1.15801
1.77659e+09   0.392472 -0.170383   0.22393 -0.943343 -0.310991  0.738085
1.77659e+09   0.412712 -0.391958  0.255888 -0.0322103   0.179487   0.861864
1.77659e+09  0.0846104 0.0522574 0.0684011 0.142594 0.158003  1.11504
1.77659e+09  0.0430651 0.0416048 0.0566832   -0.9514 -0.190142  0.764696
1.77659e+09   0.456388 -0.389827  0.294237 -0.618636  -0.17232  0.824266
1.77659e+09   0.322164 -0.184231  0.236713 0.301042 0.223188   1.0147
1.77659e+09  0.0494567  0.148131 0.0982285 -0.200911  0.117475  0.844774
1.77659e+09    0.144265 -0.0936838   0.156818  -1.00658 -0.197466  0.953661
1.77659e+09   0.421234 -0.305671  0.314477  -0.450423 -0.0824758   0.994677
1.77659e+09   0.236943 -0.128838  0.193037 0.107194 0.147993 0.961962
1.77659e+09  0.0718273   0.04267 0.0886412 -0.497542 0.0188425  0.974413
1.77659e+09   0.204985 -0.191688  0.201559 -0.842269 -0.236284   0.94243
1.77659e+09   0.432952 -0.307802  0.322999   -0.22264 -0.0128957    1.02178
1.77659e+09     0.22416 -0.0734438   0.209016 0.0363932  0.199751  0.805468
1.77659e+09   0.0483914 -0.0649217   0.107816  -0.540755 -0.0102102   0.873094
1.77659e+09   0.263575 -0.224711  0.239909 -0.662581 -0.214068   1.09941
1.77659e+09  0.434017 -0.23856  0.32513 -0.202132 0.0706003  0.901903
1.77659e+09   0.198594 -0.108598  0.189841 -0.165511  0.289839  0.855272
1.77659e+09  -0.000610732    -0.126707    0.0811843 -0.490951 0.0681589  0.867723
1.77659e+09   0.142135 -0.252408  0.174928 -0.527816   -0.1877   1.05083
1.77659e+09  0.385015 -0.21832 0.320869  -0.34471 0.0376414   1.16191
1.77659e+09    0.20179 -0.170383  0.199429 -0.309554  0.310102  0.772753
1.77659e+09  -0.0623961  -0.230038  0.0779885 -0.535384  0.128706  0.831591
1.77659e+09  0.0995241 -0.326977  0.194102 -0.433333 -0.231157   1.08574
1.77659e+09   0.358383 -0.233233  0.332587 -0.353499 -0.123736   1.23516
1.77659e+09   0.340274 -0.253474  0.351761 -0.50389 0.213667 0.833544
1.77659e+09   0.281684 -0.407937  0.180254  0.13234 0.602339 0.581346
1.77659e+09  0.0995241 -0.193819 -0.405642 1.09303 1.59526 0.71245
1.77659e+09  -0.807016   0.58489 -0.745461   1.34352   1.69145 -0.164747
1.77659e+09  -2.14499   1.2134 -1.29727 -0.571273  0.971723   1.14531
1.77659e+09   -1.69119  0.328161 -0.848792  -1.8911 -1.00655  1.25664
1.77659e+09  -0.108202 0.0938027 -0.562235 -0.0214681  -0.974077    1.22051
1.77659e+09  -0.365996  0.661589 -0.711372 0.574235 0.318891  1.65898
1.77659e+09  -0.957218  0.903404 -0.709242 -1.75243 0.262495  1.10747
1.77659e+09  -0.665336 -0.344021 -0.554779  -1.99266 -0.470904  0.548632
1.77659e+09   0.250792  -0.50168 -0.344921 0.877458  0.15605  1.68901
1.77659e+09  -0.458674  0.556127 -0.512168  1.15041 0.573774 0.471971
1.77659e+09  -0.984915  0.653067 -0.736939 -1.04686 0.180952 0.632128
1.77659e+09  -0.207272 -0.242821 -0.301246 -0.892806 -0.352495  0.543993
1.77659e+09    0.26464 -0.134164 -0.356639   1.5381 0.570844 0.793016
1.77659e+09  -0.680249  0.811791 -0.583541   1.27687   0.94145 -0.854933
1.77659e+09  -1.98307  1.16546 -1.03521  -2.08543 -0.115923   2.07256
1.77659e+09  -0.405411  0.348401 0.0609443 -3.99583 -3.28145  2.53325
1.77659e+09   2.10009 -1.19943  1.13899 -1.10594 -2.15084  1.35381
1.77659e+09    2.54537 -0.295019  0.783194  2.95509 0.954634  2.39141
1.77659e+09   0.208181   1.63098 -0.312964 -0.21971  2.55131 -1.16401
1.77659e+09   -1.45789  0.106586 -0.757179  -2.58104   1.18266 -0.350294
1.77659e+09  -0.714338 -0.731777 -0.397119 -0.617904 -0.969683   2.66167
1.77659e+09  0.724834 0.563584 0.329391 0.912126 -1.07833  1.61528
1.77659e+09  0.780228 0.617913 0.157883 -0.635726   0.28105  0.496141
1.77659e+09    0.186876    0.10126 -0.0402558 -1.93797  1.41826 0.784471
1.77659e+09  -0.72286 -0.30141 -0.43973 -0.892562  0.671186  0.788378
1.77659e+09  -0.719664  -0.33976 -0.456774  0.127946 -0.158892  0.864794
1.77659e+09   0.0633051   0.273832 -0.0381253  0.292008 -0.529741   1.51006
1.77659e+09   0.347731  0.424035 0.0534874 -1.29051 0.508589  1.11113
1.77659e+09  -0.165727 -0.273714 -0.168088  -1.49266   1.20463 0.0620594
1.77659e+09   -1.22673 -0.591162 -0.654913   0.1382 0.423872 0.301805
1.77659e+09  -0.891172 0.0149731 -0.473819  0.890153 -0.766802   1.42266
1.77659e+09   0.189006  0.578498 0.0449653 -0.877425  -0.68355   1.52837
1.77659e+09   0.496868 -0.114989  0.169601 -1.71825 0.658491 0.262499
1.77659e+09  -0.629117 -0.809542 -0.404576  -0.165511    1.14335 -0.0661145
1.77659e+09    -1.48879 -0.0990101  -0.691132   0.982682 -0.0580618    1.15679
1.77659e+09  -0.507677  0.396338 -0.173414 -0.269515  -1.27339   1.22954
1.77659e+09   0.609786 0.0884764  0.233517  -1.60399 -0.519488  0.912645
1.77659e+09   0.421234 -0.634838 0.0790538 -0.739974   1.29155  0.707567
1.77659e+09   -1.12873 -0.411133 -0.526016  0.586686  0.805952 -0.483595
1.77659e+09     -1.2736 -0.0180501  -0.634673  0.533952 -0.477251   1.42217
1.77659e+09  0.138939 0.277028 0.134448  -0.87889 -0.733355   1.85698
1.77659e+09    0.22416 -0.224711 0.0279211 -1.14818 0.216108 0.183641
1.77659e+09  -0.599289 -0.700885 -0.322551 0.0236979  0.549604  0.383104
1.77659e+09   -0.866671 -0.0318985  -0.367292  0.390397 -0.331988   1.61064
1.77659e+09  -0.174249 0.0288216 -0.125477    -1.114 -0.941851  0.885546
1.77659e+09   0.534152 -0.558139  0.224995  -1.00145 -0.233599   1.12358
1.77659e+09   0.145331 -0.435634 0.0609443 0.109391 0.530317 0.925096
1.77659e+09  -0.446957 -0.191688 -0.147848 -0.39305 0.432173   0.7437
1.77659e+09  -0.324451 -0.470787 -0.120151 -0.709456 -0.208941  0.934862
1.77659e+09  0.0196293 -0.508072 0.0652053 -0.225814 -0.131792   1.06694
1.77659e+09  0.0292167 -0.326977 0.0673359 0.0883952  0.311323  0.576708
1.77659e+09  -0.467197 -0.276909 -0.164892 -0.197982  0.174604  0.675341
1.77659e+09  -0.438434 -0.323781 -0.127608 -0.602279 -0.511187   1.08965
1.77659e+09   0.147461 -0.426046  0.112077 -0.423812 -0.521685   1.32134
1.77659e+09   0.283815 -0.267322  0.157883 -0.179183  0.132124   1.03301
1.77659e+09  -0.264796 -0.285431 -0.149978 -0.456527  0.335005  0.651415
1.77659e+09  -0.504481 -0.471853 -0.218155 -0.507552 -0.243609  0.784227
1.77659e+09  0.0015198 -0.435634 0.0407043 0.0837565 -0.681353   1.08086
1.77659e+09   0.379689 -0.100075  0.120599 -0.0685873  -0.093218     1.1939
1.77659e+09    0.12296 -0.112859 0.0481611 -0.505843  0.454145  0.524706
1.77659e+09  -0.609942  -0.44096 -0.310833 -0.316146 -0.200152 0.0999012
1.77659e+09  -0.185967 -0.273714  0.263345 0.872087 -1.47969  0.93535
1.77659e+09  0.983694 0.840553 0.836457  1.27248 -1.99922  1.63725
1.77659e+09  1.98717 1.43071 1.45538 -0.238021 -0.454058  0.485155
1.77659e+09   1.47904  0.68609 0.837522 -0.616439  0.940962 -0.737257
1.77659e+09  0.231617 0.773441 0.492376 0.233415  1.63408 0.836229
1.77659e+09  -0.270123    1.3604  0.129121 0.479508 0.586958 0.138475
1.77659e+09  -0.499155   1.38384 0.0108768 -0.681868 0.0847605 -0.196241
1.77659e+09  0.0963283  0.951341 0.0151379 -0.48265 0.672895 0.496141
1.77659e+09   -0.314864    1.78544 -0.0359948 -1.60814  1.33183  2.94438
1.77659e+09  -1.05309  1.36573 -0.98195 -3.99583  2.68266 0.123339
1.77659e+09   -3.00359 -0.994898  -1.88316 -3.41209  2.75566  -0.5063
1.77659e+09   -4.25315 -0.581575  -2.25388  1.05275 0.121137  2.91924
1.77659e+09  -2.80332  1.28583   -1.244 0.0119792  -3.43355   1.36479
1.77659e+09  0.00684612   0.462384  -0.069018  -3.08397   -3.0771 -0.502394
1.77659e+09     1.0263 -0.361065  0.442309  -1.33128 -0.407671   1.51055
1.77659e+09  -0.0719834   0.231222 -0.0306685   0.140641    1.36381 -0.0978527
1.77659e+09   -1.58892  0.630696 -0.434404 -1.11717 0.380171 0.790087
1.77659e+09  -0.668532 0.0394742 -0.102041 -1.69481 -1.49874  1.14897
1.77659e+09   0.656657 0.0597143  0.401829 -1.31785 -1.10127  1.42192
1.77659e+09     1.14455 -0.0840964   0.544574 -0.550033   0.46562  0.127977
1.77659e+09  -0.244556 0.0916722 -0.114824 -0.217269   0.85893 -0.487501
1.77659e+09  -0.711142  0.273832 -0.305507 -0.856429 0.0974558   1.31401
1.77659e+09  0.000454534    0.100194  -0.0551696  -1.42161 -0.837359  0.686815
1.77659e+09   0.651331 -0.195949  0.116338 -0.666488 -0.189654  0.572069
1.77659e+09   0.258249 0.0863459 -0.186197 0.00880532   0.675581   0.686083
1.77659e+09  -0.458674  0.349466 -0.499385 -0.497054  0.506635 -0.334669
1.77659e+09  -0.589702   0.02243 -0.685806 -0.722884 -0.239947  0.569872
1.77659e+09  0.00365033   0.284485  -0.434404 -0.628402 -0.482134   1.22832
1.77659e+09   0.301924  0.355858 -0.391793 -0.598617  0.191694 -0.053175
1.77659e+09  -0.311668 0.0479963 -0.641065 -0.179671  0.500776 -0.233839
1.77659e+09  -0.733513  0.555062 -0.893533 -0.209456 -0.142046   1.38164
1.77659e+09  -0.261601  0.662654   -0.7412  -1.25413 -0.891558  0.418749
1.77659e+09    0.38608 0.0501269 -0.482341 -0.774886 -0.481646  0.102098
1.77659e+09    0.42443  0.441079 -0.467427 0.599382 0.272993  1.00981
1.77659e+09  -0.0442866    1.00141  -0.782745 -0.356673  0.622358 -0.128859
1.77659e+09  -0.494893  0.514582 -0.906316  -1.15404 0.0124949  0.124315
1.77659e+09  -0.0432213   0.368641  -0.730547 -0.723128 -0.431597   1.27886
1.77659e+09   0.506455  0.692481 -0.441861  -0.050765 -0.0023977   0.321825
1.77659e+09   0.127221  0.617913 -0.731613 -0.0878744   0.650923  -0.203321
1.77659e+09  -0.674923  0.874642  -1.00645 -0.516341 0.0801218  0.730272
1.77659e+09  -0.916738  0.878903  -1.19074 -2.34642 -2.40132  2.24053
1.77659e+09   1.18183 0.674372 0.168536 -3.99583 -3.01436  2.58965
1.77659e+09    2.31634 -0.559204  0.400764 -3.57616 -2.51631   1.8499
1.77659e+09   2.96082 -1.16001 0.269736 -0.360579  0.278364   1.55522
1.77659e+09    1.74003 -0.247082 -0.464231  2.05348  1.71464 -1.30122
1.77659e+09  -0.598224   1.00567  -1.56358 -0.742415   2.17265 -0.448683
1.77659e+09    -1.30236 -0.0105932   -1.71059  -2.44359 -0.406206 0.0854969
1.77659e+09   0.155983 -0.662535  -1.34627 -0.574691  -2.22164   1.41631
1.77659e+09    1.56533  0.431492 -0.709242  0.785905 -0.914507   1.59697
1.77659e+09    1.03589  0.772376 -0.979819  -1.09422  0.883344 -0.189894
1.77659e+09  -0.514068  -0.17784  -1.65626  -1.59398  0.432173 -0.451368
1.77659e+09  -0.270123 -0.388762  -1.56891 -0.00950522    -0.93062     1.19683
1.77659e+09  0.936822 0.576367 -0.98195 0.589372 -1.07833 0.975878
1.77659e+09    1.10194  0.819248 -0.914838  -0.904769 -0.0417043   0.189501
1.77659e+09  0.269966 0.157719 -1.33029   -1.65623   0.254927 -0.0321789
1.77659e+09  0.0888715  -0.26093  -1.45493 -0.463118 -0.483599  0.811815
1.77659e+09  0.764249 0.408056 -1.18115   0.50612 -0.639116  0.967333
1.77659e+09  0.790881 0.742549 -1.14813 -0.738021 -0.220415  0.436327
1.77659e+09  0.501129 0.217373 -1.30046  -1.72166 -0.150835  0.342333
1.77659e+09   0.453192 -0.194884  -1.34094 -0.808333 -0.417437  0.784227
1.77659e+09  0.794077 0.216308 -1.19287 0.0468913 -0.432818   1.07549
1.77659e+09  0.750401 0.508191 -1.24933 -0.858626  -0.14815  0.643846
1.77659e+09   0.530956 0.0799543  -1.35586  -1.64696 -0.308794  0.595262
1.77659e+09   0.609786 -0.255604  -1.33668 -0.980208 -0.625445  0.926561
1.77659e+09    0.943214 0.00112471    -1.1737 -0.259505 -0.647906  0.979296
1.77659e+09   1.11472 0.239744  -1.1247 -0.749007 -0.325152  0.679491
1.77659e+09    0.955997 -0.0595954   -1.18435   -1.24071 0.00150855   0.538622
1.77659e+09   0.896342 -0.225777  -1.23761 -0.568831  0.116255  0.649462
1.77659e+09    0.738683 0.00325524   -1.33455 -0.179427  0.283735  0.758104
1.77659e+09  0.427626 0.165175 -1.55293 -0.737044 0.0742625  0.771532
1.77659e+09   0.285945 -0.104336  -1.62217  -1.14232 -0.446245  0.728807
1.77659e+09   0.663049 -0.227907  -1.41125 -0.606917 -0.719439  0.948778
1.77659e+09      1.005 0.0075163  -1.30366 -0.0773763  -0.288775   0.781786
1.77659e+09  0.668375 0.183285 -1.46238  -0.535384 -0.0439016   0.709032
1.77659e+09     0.452127 -0.00633214    -1.57637  -1.13353 -0.639605  0.627001
1.77659e+09   0.962388 -0.244951  -1.34414 -0.819076 -0.936724   1.10869
1.77659e+09    1.49289 0.0458658  -1.11404 -0.172103 -0.373736   1.02739
1.77659e+09   1.07637 0.177959 -1.36758 -0.597884  0.237593  0.374559
1.77659e+09   0.597003 -0.107532  -1.60087  -1.15721 -0.150103  0.824022
1.77659e+09   0.873971 -0.286497  -1.45706 -0.747298 -0.664019    1.0081
1.77659e+09      1.3576 -0.0627912   -1.27064 -0.230208 -0.396197  0.900927
1.77659e+09    1.10513 0.0938027  -1.41125 -0.704085 0.0532664  0.660692
1.77659e+09   0.745074 -0.197014  -1.61472  -1.10448 -0.269488  0.500536
1.77659e+09    1.01778 -0.367457  -1.46878  -0.63597 -0.615435   1.01006
1.77659e+09     1.42045 -0.0798354   -1.30366 -0.0578451  -0.337603   0.818407
1.77659e+09    1.16266 0.0852806  -1.46451 -0.550033 0.0603464  0.512255
1.77659e+09   0.811121 -0.141621  -1.64028  -1.05833 -0.288286   0.54912
1.77659e+09    1.05507 -0.333368  -1.55613 -0.620589 -0.724566  0.885057
1.77659e+09     1.48969 -0.0691827   -1.38142 -0.140853 -0.539263  0.895067
1.77659e+09    1.42045 0.0820848   -1.4528  -0.581038 -0.0744192   0.530565
1.77659e+09   1.13177 -0.11712 -1.60406   -1.05125 -0.0990774    0.55205
1.77659e+09    1.13603 -0.296084  -1.61472 -0.696517 -0.473833  0.734667
1.77659e+09    1.42365 -0.140555  -1.48369  -0.32054 -0.539507  0.881639
1.77659e+09     1.58983 0.00112471    -1.4251 -0.575911  -0.21895  0.680223
1.77659e+09    1.39382 -0.128838  -1.51352 -0.927718 0.0620554  0.537401
1.77659e+09    1.20314 -0.271583  -1.58809  -0.77098 -0.156939   0.63286
1.77659e+09    1.28303 -0.276909  -1.54547 -0.550765 -0.434527  0.696825
1.77659e+09    1.59622 -0.149078   -1.4006 -0.474593 -0.351519  0.674608
1.77659e+09     1.6399 -0.113924  -1.38888 -0.609603  0.294233  0.467577
1.77659e+09    1.38849 -0.314194  -1.72124 0.094987 0.984419 0.246386
1.77659e+09  0.437213 0.155588 -2.15587   0.775895   0.845503 -0.0355969
1.77659e+09  -0.20088 0.724439 -2.30714  -0.310775 -0.0353567    1.16704
1.77659e+09  0.549066 0.468776 -1.93536 -1.26878 -1.26363  0.67705
1.77659e+09   1.21166 0.208851 -1.59554 -0.827132  -1.16255   0.79204
1.77659e+09   1.42258 0.408056 -1.44214 -0.216292 -0.671831  0.726122
1.77659e+09    1.2809 0.561454 -1.51352 -0.612044 -0.721636  0.692919
1.77659e+09   1.53657 0.314312 -1.33881  -1.09373 -0.878374  0.770555
1.77659e+09   2.10222  0.18435 -1.06184 -0.295882 -0.649615  0.835009
1.77659e+09    2.0937 0.458123  -1.0938     0.16945 -0.00459497    0.469774
1.77659e+09   1.67718 0.634957 -1.26851  -0.377181 -0.0863821   0.440721
1.77659e+09   1.73257 0.487951 -1.25253 -0.989242  -0.70479  0.819872
1.77659e+09    2.1949 0.318574 -1.06824 -0.65721 -0.78438 0.767626
1.77659e+09    2.60076  0.415513 -0.924425    0.17946 -0.0600149   0.622118
1.77659e+09   2.15442 0.770246 -1.16944 -0.104232   0.53227  0.428514
1.77659e+09   1.55894 0.637088 -1.41764 -0.977279  0.110884  0.312304
1.77659e+09   1.69209 0.278093 -1.37184 -0.814681 -0.702837  0.965624
1.77659e+09   2.44737 0.589151 -1.02776 -0.425277 -0.596148   1.39189
1.77659e+09   2.55283  0.68822 -1.03947 -0.876449  0.220747  0.645555
1.77659e+09   2.00954 0.289811  -1.2504 -1.35521  0.82768 0.705614
1.77659e+09   1.60155 0.147066 -1.37397 -0.84349 0.211469 0.989794
1.77659e+09   1.61433  0.22483 -1.36864 -0.971908  -0.79732   1.31279
1.77659e+09     2.6487  0.235483 -0.977689 -1.15184 -0.71895  1.04521
1.77659e+09    2.83512  0.102325 -0.877554 -0.936263  0.525434   1.01323
1.77659e+09    2.0447 0.149196 -1.20672 -0.944076  0.972944  0.484667
1.77659e+09     1.44176 -0.0276374   -1.54974 -1.36888 0.234907   1.1646
1.77659e+09    1.92645 -0.188492  -1.35053  -1.35643 -0.439165     1.304
1.77659e+09    2.46974 -0.223646  -1.12363  -0.792952 -0.0199758   0.748094
1.77659e+09    2.20342 -0.173579  -1.21205 -0.455306  0.697065  0.325731
1.77659e+09     1.61327 -0.0585301   -1.41764 -0.954818  0.382612  0.881639
1.77659e+09    1.77945 -0.348282  -1.43043   -1.4619 -0.212359  0.981493
1.77659e+09    2.34084 -0.565596  -1.17157 -0.625228 0.0618113  0.725389
1.77659e+09    2.20129 -0.383436  -1.34094 -0.0949544   0.762739   0.300341
1.77659e+09     1.31286 -0.0894228   -1.64028 -1.12767  0.70268 0.850389
1.77659e+09    1.49502 -0.549617  -1.59128 -1.51366 0.113813 0.568651
1.77659e+09    1.76773 -0.842565  -1.51671 -0.359603  0.214155  0.913622
1.77659e+09    1.63883 -0.348282  -1.68609 -0.0773763   0.785688   0.812792
1.77659e+09   1.20207 -0.32165 -1.85653 -0.818099   1.12065  0.140673
1.77659e+09   0.959193 -0.656143  -1.78196 -0.967269   1.05742  0.557177
1.77659e+09    0.68542 -0.591162  -1.90447 -0.574447  0.643843  0.933641
1.77659e+09  0.807925 -0.56027 -1.73296 -0.794417  0.594038  0.967821
1.77659e+09  0.688615 -0.62312 -1.72018 -0.762679    0.4998   0.36162
1.77659e+09   0.773837 -0.712602  -1.48902 -0.152327  0.329634 0.0623035
1.77659e+09   0.978367 -0.489962  -1.29727 -0.101302    0.6331  0.896776
1.77659e+09     0.8271 -0.276909  -1.15452 -0.106673  0.539106  0.107225
1.77659e+09   0.672636 -0.405806  -1.15026 -0.36888  0.28935 0.207323
1.77659e+09    1.02417  -0.27904 -0.886076 -0.355452 0.0356882    1.1043
1.77659e+09    1.48437 -0.086227 -0.582475 -0.603499  0.625776   0.64287
1.77659e+09    1.00287 -0.283301 -0.713503 -0.556868  0.932417 0.0972156
1.77659e+09   0.472367 -0.165057  -1.01923 -0.411605  0.761518    1.0689
1.77659e+09   0.634287 -0.136294 -0.795528 -0.63182 0.385053  1.01592
1.77659e+09     1.0572 -0.243886 -0.739069 0.147721  0.68852  0.53911
1.77659e+09   0.362644  0.176893 -0.744396 -0.251449   1.05595  0.634325
1.77659e+09   -0.021916 -0.0148543  -0.952122 -1.03148 0.247114 0.670458
1.77659e+09   0.367971  -0.44096 -0.608042 -0.501449 -0.515825   1.59258
1.77659e+09     1.2106  0.199264 -0.053039  0.697038 -0.227251   1.52373
1.77659e+09   0.921908  0.545475 -0.112694  0.25319 0.579389  0.63994
1.77659e+09   0.514977  0.507125 -0.133999 -0.743636   1.00834   1.10649
1.77659e+09   0.234813  0.342009 -0.104172 -0.832503  0.917524  0.811327
1.77659e+09  -0.0890277   0.199264  -0.128673 -0.407454  0.662641  0.988573
1.77659e+09  -0.199815   0.38675 -0.137195 -0.422835  0.463667   1.37187
1.77659e+09   -0.196619    0.34627 -0.0583653  -1.0222 0.467085 0.938036
1.77659e+09   -0.474653 -0.0840964  -0.152109 -0.721908  0.373579  0.493212
1.77659e+09   -0.748426 0.00112471  -0.242656 -0.0102376  -0.201372    1.34795
1.77659e+09  -0.319125  0.388881 -0.144652 -0.669906 -0.221392   1.26006
1.77659e+09  -0.188097 0.0543879 0.0662706 -1.10521 0.244184 0.547167
1.77659e+09  -0.865605 -0.232168  -0.35877 -0.376693  0.123335  0.827684
1.77659e+09  -0.984915 0.0320174 -0.324681 -0.194076 -0.848101   1.21123
1.77659e+09  0.0462609  0.159849  0.114207 -0.616927  -1.19893  0.951464
1.77659e+09   0.526695 0.0373437  0.310216 -0.658675 -0.172808  0.958788
1.77659e+09   -0.0666571 -0.00420161  -0.0349295 -0.433822  0.531294  0.538378
1.77659e+09  -0.683445 -0.109663  -0.29805 -0.464827 0.0913523  0.513964
1.77659e+09   -0.243491  -0.106467 -0.0700833  -0.28514 -0.615923   1.25005
1.77659e+09  0.249726 0.131087 0.139774 -0.231185 -0.271441  0.841356
1.77659e+09  0.0803494 0.0575837 0.0130074 -0.366439   0.36479  0.404345
1.77659e+09    -0.412868 -0.00846267   -0.189393 -0.314925   0.34477  0.574755
1.77659e+09  -0.392628 0.0607795 -0.164892 -0.114486 -0.271929  0.901903
1.77659e+09  -0.0389603   0.213112 -0.0200158 -0.198226 -0.322466  0.827684
1.77659e+09  0.149592 0.231222 0.055618 -0.374251  0.164839  0.886522
1.77659e+09  -0.283971  0.205656 -0.169153 -0.479232  0.470991  0.457567
1.77659e+09  -0.614203  0.058649 -0.254374 -0.479232  0.470991  0.457567
1.77659e+09  -0.237099  0.226961 -0.100976 -0.147445 -0.632769   1.23491
1.77659e+09  0.276358 0.414447 0.139774 -0.529525 -0.308306  0.959764
1.77659e+09   0.16344 0.199264 0.055618 -0.610579  0.307905  0.501512
1.77659e+09  -0.374519  0.105521 -0.184067 -0.239242  0.303266  0.711473
1.77659e+09  -0.374519  0.105521 -0.184067 -0.239242  0.303266  0.711473
1.77659e+09     0.100589    0.398468 0.000224201 -0.593001 -0.449907  0.994432
1.77659e+09   0.243335   0.26318 0.0609443 -0.672347  0.116987  0.858202
1.77659e+09  -0.131638  0.173698 -0.125477 -0.303695  0.373579  0.593553
1.77659e+09   -0.38091  0.273832 -0.261831  -0.196517 -0.0807668   0.814989
1.77659e+09  -0.107137  0.367576 -0.122281 -0.514876 -0.453814   1.04912
1.77659e+09  0.416973  0.36438 0.117403 -0.766829  0.131636   1.19438
1.77659e+09  0.416973  0.36438 0.117403 -0.766829  0.131636   1.19438
1.77659e+09  -0.847496  0.281289 -0.586737 -1.01683 0.668745 0.778124
1.77659e+09  -0.893302 0.0128426 -0.530277 -1.01683 0.668745 0.778124
1.77659e+09  -0.130573  0.128956 -0.119085 -0.544173 -0.592241    1.3897
1.77659e+09     0.115503    0.257853 -0.00403686 -0.561263  0.024946  0.780321
1.77659e+09   -0.22112  0.134283 -0.129738 -0.884749  0.337202  0.593553
1.77659e+09   -0.22112  0.134283 -0.129738 -0.884749  0.337202  0.593553
1.77659e+09  -0.0986151  0.0554532 -0.0391906  -0.403548 -0.0360891    1.10405
1.77659e+09  -0.0986151  0.0554532 -0.0391906  -0.403548 -0.0360891    1.10405
1.77659e+09    -0.38091 -0.0936838  -0.171283 -0.790999  0.296675  0.696825
1.77659e+09    -0.38091 -0.0936838  -0.171283 -0.790999  0.296675  0.696825
1.77659e+09    -0.25947  0.0213647 -0.0999107 -0.414046 0.0432566  0.876512
1.77659e+09    -0.25947  0.0213647 -0.0999107 -0.414046 0.0432566  0.876512
1.77659e+09  -0.511938 -0.070248 -0.253309 -0.535872  0.267378    0.7166
1.77659e+09   -0.571593 -0.0350943  -0.274614  -0.431624 0.00761206   0.793505
1.77659e+09  -0.416064 0.0245605 -0.208568 -0.396712 -0.166948  0.821337
1.77659e+09  -0.416064 0.0245605 -0.208568 -0.396712 -0.166948  0.821337
1.77659e+09  -0.356409 -0.034029 -0.165957  -0.902083 0.00248511   0.849657
1.77659e+09  -0.356409 -0.034029 -0.165957  -0.902083 0.00248511   0.849657
1.77659e+09    -0.29995 -0.0968796  -0.152109  -0.374007 -0.0661184   0.945848
1.77659e+09    -0.29995 -0.0968796  -0.152109  -0.374007 -0.0661184   0.945848
1.77659e+09  -0.350017 -0.111793 -0.203241  -0.72972 0.0603464  0.605272
1.77659e+09  -0.350017 -0.111793 -0.203241  -0.72972 0.0603464  0.605272
1.77659e+09   -0.313798 -0.0755743  -0.171283  -0.243636 -0.0270559   0.793749
1.77659e+09   -0.313798 -0.0755743  -0.171283  -0.243636 -0.0270559   0.793749
1.77659e+09   -0.376649 -0.0968796  -0.201111  -0.89891 -0.171831  0.749071
1.77659e+09   -0.376649 -0.0968796  -0.201111  -0.89891 -0.171831  0.749071
1.77659e+09  -0.0986151  -0.194884  -0.073279 -0.399154 -0.241411  0.995653
1.77659e+09  -0.0986151  -0.194884  -0.073279 -0.399154 -0.241411  0.995653
1.77659e+09   -0.29995  -0.24069 -0.186197 -0.621566 0.0981882  0.555956
1.77659e+09   -0.29995  -0.24069 -0.186197 -0.621566 0.0981882  0.555956
1.77659e+09  -0.236034 -0.126707 -0.127608 -0.229476 -0.422808  0.807421
1.77659e+09  -0.236034 -0.126707 -0.127608 -0.229476 -0.422808  0.807421
1.77659e+09  0.0792841 -0.013789 0.0918369 -0.627425 -0.271685  0.910448
1.77659e+09  0.0792841 -0.013789 0.0918369 -0.627425 -0.271685  0.910448
1.77659e+09  0.160244  0.02243 0.146165  -0.410872 -0.0976125   0.954637
1.77659e+09  0.160244  0.02243 0.146165  -0.410872 -0.0976125   0.954637
1.77659e+09  -0.0879624  0.0448006  0.0385737 -0.699447  0.318403  0.617968
1.77659e+09  -0.0879624  0.0448006  0.0385737 -0.699447  0.318403  0.617968
1.77659e+09   -0.248817  0.0756932 -0.0434516 -0.423324  -0.31978   1.07109
1.77659e+09   -0.248817  0.0756932 -0.0434516 -0.423324  -0.31978   1.07109
1.77659e+09   0.0356083 0.00538577   0.114207 -0.868392 0.0332468  0.707567
1.77659e+09   0.0356083 0.00538577   0.114207 -0.868392 0.0332468  0.707567
1.77659e+09    -0.216859 -0.00207108  0.00128947 -0.380355  -0.23897  0.975878
1.77659e+09    -0.216859 -0.00207108  0.00128947 -0.380355  -0.23897  0.975878
1.77659e+09   0.0356083 -0.0723785   0.120599 -0.653304  0.126997  0.555712
1.77659e+09   0.0356083 -0.0723785   0.120599 -0.653304  0.126997  0.555712
1.77659e+09   -0.359605  0.0575837 -0.0455822 -0.181136 -0.322954  0.782274
1.77659e+09   -0.359605  0.0575837 -0.0455822 -0.181136 -0.322954  0.782274
1.77659e+09    0.24227 0.0139079  0.207951 -0.713118 -0.474566    1.0457
1.77659e+09    0.24227 0.0139079  0.207951    -0.8618 -0.0666067   0.730272
1.77659e+09   -0.351083  0.0298869 -0.0913885 -0.303451  0.273481  0.393114
1.77659e+09   -0.351083  0.0298869 -0.0913885 -0.0549154 -0.0888235   0.916552
1.77659e+09  -0.00700232    0.239744   0.0332474 -0.688216 -0.372027   1.02178
1.77659e+09     0.265705 5.94454e-05    0.187711   -0.92015 -0.0153372    0.56743
1.77659e+09  -0.0123286  -0.120315  0.0225948 -0.390609  0.309858  0.622362
1.77659e+09  -0.385171 0.0202995 -0.146782 -0.195052 -0.219195  0.938036
1.77659e+09  0.112307 0.144935 0.055618 -0.731673 -0.494829  0.912645
1.77659e+09    0.432952 -0.0116585    0.26654 -0.875716 -0.291948  0.814989
1.77659e+09    0.351992 -0.0478775   0.214342 -0.791732  0.117719   1.10283
1.77659e+09   0.105916 -0.107532  0.134448  -0.723861 -0.0404836   0.828417
1.77659e+09   0.261444 -0.202341  0.128056 -0.579085 -0.244341   1.05278
1.77659e+09    0.393537 -0.0585301    0.20582 -0.638656 -0.224322    1.1812
1.77659e+09    0.42443 -0.162926  0.193037 -0.999984 0.0322703  0.778368
1.77659e+09   0.279554 -0.393023  0.108881 -0.433333  0.165083  0.725634
1.77659e+09   0.141069 -0.141621 0.0385737 -0.284408  0.142134   1.10649
1.77659e+09    0.128286 -0.0766396  0.0620095   -0.53221 -0.0995657   0.635546
1.77659e+09   0.150657 -0.250278 0.0289863 -0.636947 -0.146197  0.985399
1.77659e+09   0.148526 -0.144817   0.10462 -0.402572 -0.328814   1.12456
1.77659e+09    0.342404 -0.0745091   0.130186 -0.546859 -0.331499  0.765917
1.77659e+09   0.506455 -0.154404  0.237778  -0.490462 -0.0160696   0.825731
1.77659e+09    0.278489 -0.0649217   0.150427 -0.314193  0.140913  0.960009
1.77659e+09  -0.0464171  0.0075163 -0.0210811 -0.880355 -0.356157  0.992723
1.77659e+09  0.494737 -0.28117 0.258018 -0.757308 -0.510943  0.742723
1.77659e+09   0.779163 -0.169318  0.357088 -0.203353  0.125288   1.59062
1.77659e+09   0.371167 0.0650406 0.0279211 -0.481917  0.665815  0.190233
1.77659e+09  -0.402215 -0.282236 -0.289528 -0.886702 0.0471628  0.610887
1.77659e+09    0.120829  -0.366392 -0.0743443 -0.512191 -0.521197   1.48662
1.77659e+09    0.640678 -0.0734438   0.113142  0.109147 -0.107378  0.823046
1.77659e+09    0.28488 0.0362784 -0.073279  -0.5493 0.635542 0.686327
1.77659e+09  -0.406476 -0.212993 -0.397119 -1.02952 0.101606 0.679979
1.77659e+09  0.00258506  -0.484636  -0.225612 -0.646956 -0.385943   1.19853
1.77659e+09     0.48515  -0.235364 -0.0519738   0.500993 -0.0209524   0.769823
1.77659e+09  -0.0847666   0.163045  -0.436534 -0.0632162   0.310591   0.795702
1.77659e+09   -0.393693 -0.0393553   -0.56117  -1.47777 -0.347368   1.01641
1.77659e+09   0.105916 -0.630577 -0.323616 -0.996077 -0.731157  0.932665
1.77659e+09   0.582089 -0.423916 -0.159565  0.602555 -0.283892   1.06816
1.77659e+09   0.226291  0.153458 -0.377945 0.273942 0.189009 0.670702
1.77659e+09   -0.0709182 -0.00313635   -0.529212  -1.17479 -0.152544   0.66411
1.77659e+09   0.295533 -0.500615   -0.3609 -0.959945 -0.404986   1.06304
1.77659e+09   0.439343 -0.373848 -0.357705   0.357194 -0.0595266    1.04375
1.77659e+09   0.174093  0.104455 -0.529212 0.0505534  0.114302   0.81621
1.77659e+09   0.0771536 -0.0574648  -0.598454  -0.942611 -0.0556204   0.482225
1.77659e+09   0.180484 -0.427112 -0.505776 -0.287337 -0.391558  0.805956
1.77659e+09   0.265705   0.02243 -0.624021 0.0805827 -0.495806   1.38677
1.77659e+09   0.555457  0.171567 -0.435469 -0.908431 -0.265581  0.680956
1.77659e+09   0.509651 -0.331238 -0.527082 -0.659163 0.0100535   0.46953
1.77659e+09   0.311512  -0.17997 -0.653848 0.287126 0.149214 0.717333
1.77659e+09   0.232682  0.266376 -0.707111 -0.00706382   -0.266314    0.895311
1.77659e+09   0.514977  0.216308 -0.648522   -1.0869 -0.342974  0.644335
1.77659e+09   0.719508 -0.129903 -0.548387 -0.669173 0.0322703  0.531786
1.77659e+09    0.431887 -0.0105932  -0.715634 0.201921 0.332807 0.585985
1.77659e+09  0.217768 0.399534  -0.8424 -0.184066   0.01103  0.786913
1.77659e+09   0.422299  0.269571 -0.823225 -1.00658 -0.26021   0.4312
1.77659e+09     0.68755 -0.0457469  -0.718829 -0.452376   0.15605  0.530321
1.77659e+09   0.329621  0.266376 -0.942535 0.276872 0.359419 0.546434
1.77659e+09  0.0334777  0.568911  -1.11724 -0.454329 0.0041941  0.627001
1.77659e+09  0.289141 0.291942 -1.00965 -0.902572 -0.408648  0.408007
1.77659e+09  0.528826 0.248266 -1.00752 -0.267318 -0.303179  0.908739
1.77659e+09   0.339209  0.840553 -0.844531  -1.78807 -0.412798    2.0147
1.77659e+09   0.840948  0.335618 -0.681545 -3.06712 -1.31514 0.818651
1.77659e+09    1.27025 -0.798889 -0.603781  -1.79246 -0.772417   1.64922
1.77659e+09    1.83164 -0.191688 -0.554779   1.1216 0.309126  1.27153
1.77659e+09  0.866515 0.786225 -1.15026 -0.551742   1.63115  0.106981
1.77659e+09  -0.302081  0.255723  -1.48902   -2.11424    1.02055 -0.0824719
1.77659e+09  -0.248817 -0.573053  -1.43682  -1.20067 -0.196978   1.26079
1.77659e+09   0.307251 0.0980638  -1.29514  0.425309 -0.878374   1.54692
1.77659e+09  0.713116 0.608325 -1.15452 -0.882064 -0.214312  0.566454
1.77659e+09   0.576763 0.0778238  -1.17902 -1.19334  0.23979 0.185106
1.77659e+09   0.0899367 -0.0287027   -1.43043 -0.669417  0.308882  0.706346
1.77659e+09  0.0356083  0.172632  -1.44854 -0.227035 -0.415484   0.77202
1.77659e+09  0.526695 0.350531 -1.25572 -0.586898 -0.367388  0.777391
1.77659e+09  0.757858 0.398468  -1.1183 -0.994124 0.0923289  0.441942
1.77659e+09   0.255053 0.0852806  -1.41125 -0.868636  0.303999 0.0481434
1.77659e+09  -0.0187202  0.0959333   -1.49541 -0.605697 -0.333941   1.08525
1.77659e+09  0.470236 0.350531 -1.29194 -0.789535 -0.840532  0.963182
1.77659e+09  0.964519 0.207786 -1.13002  -1.10692 -0.449663  0.638719
1.77659e+09   0.745074 0.0490616  -1.26957 -0.672591  0.158735  0.522753
1.77659e+09  0.360514 0.157719 -1.47623  -0.51805 0.0430125  0.424364
1.77659e+09  0.432952 0.144935 -1.43469 -0.602279 -0.489458   0.65288
1.77659e+09   0.86758 0.238679 -1.28129 -0.767806 -0.423052  0.899218
1.77659e+09  0.884624 0.238679 -1.25785  -0.884993 -0.0717336   0.420458
1.77659e+09   0.625765 0.0575837  -1.42297 -0.873763 -0.139605  0.511034
1.77659e+09   0.682224 0.0714322  -1.41445 -0.783675 -0.484575  0.967821
1.77659e+09   1.07211 0.138544 -1.23655 -0.760726 -0.395708  0.635302
1.77659e+09   1.10194 0.074628 -1.23229   -0.659408 -0.00923364    0.437792
1.77659e+09   0.818578 0.0682364  -1.40486 -0.610091  0.183637  0.441942
1.77659e+09   0.745074 0.0938027  -1.45067   -0.664046 -0.00288598    0.627489
1.77659e+09    0.80686 0.0767585  -1.43895  -0.858138 -0.0485403   0.691942
1.77659e+09   0.800468 0.0171037  -1.45706  -0.889388 -0.0282766   0.654344
1.77659e+09    0.703529 -0.0521385   -1.54761   -0.805404 -0.00581567    0.664598
1.77659e+09    0.698203 -0.0233764   -1.57956 -0.839827 -0.063677  0.858934
1.77659e+09    0.70566 -0.090488    -1.554  -0.925765 -0.0314504   0.727587
1.77659e+09   0.693942 -0.205537  -1.57104  -0.69432 0.0371531  0.742723
1.77659e+09   0.622569 -0.110728  -1.59554 -0.427962  0.031782  0.627977
1.77659e+09    0.560784 -0.0308332   -1.63602  -0.645736 -0.0883352   0.838427
1.77659e+09    0.622569 -0.0627912   -1.58489  -1.00975 -0.213335  0.949266
1.77659e+09   0.692876 -0.219385  -1.58276 -0.754134 -0.255572  0.728319
1.77659e+09   0.70779  -0.1576 -1.56785 -0.420394 -0.188677  0.898973
1.77659e+09    0.708855 0.00858156   -1.59235 -0.441634 -0.227007  0.766649
1.77659e+09    0.737618 -0.0105932   -1.57743 -0.847396 -0.265581  0.864305
1.77659e+09   0.820708 -0.122446  -1.55187  -0.84056 -0.314165  0.788378
1.77659e+09   0.895277 -0.168252  -1.52737 -0.456527 -0.224566  0.768846
1.77659e+09   0.894211 0.0043205  -1.53163 -0.332747 -0.147173  0.843309
1.77659e+09   0.875037 0.0671711  -1.57211 -0.726546 -0.128863  0.695848
1.77659e+09   0.840948 -0.114989  -1.61046 -0.813216 -0.184771  0.704637
1.77659e+09   0.891016 -0.109663  -1.58382 -0.557845 -0.252398  0.915331
1.77659e+09    0.954931 -0.0116585   -1.56465 -0.493392 -0.252886  0.794725
1.77659e+09      1.00393 -0.00739741    -1.55719 -0.735091  -0.17232  0.773973
1.77659e+09    0.974106 -0.0968796   -1.58915 -0.790511 -0.133989  0.741747
1.77659e+09   0.957062 -0.143751  -1.61152 -0.617904 -0.160845  0.749071
1.77659e+09   0.993281 -0.086227  -1.60833  -0.45555 -0.177691  0.761766
1.77659e+09     1.04335 0.00218997   -1.59341 -0.701644 -0.105669  0.792528
1.77659e+09    1.01672 -0.124576  -1.61259 -0.808089  0.014448  0.571825
1.77659e+09   0.905929 -0.223646  -1.65946   -0.454085 -0.00605981    0.691454
1.77659e+09    0.870776 -0.0627912   -1.70846 -0.262435 -0.159136  0.740282
1.77659e+09   0.980498 0.0266911  -1.65307 -0.656722 -0.171831  0.720018
1.77659e+09     1.03802 -0.0872922   -1.62111 -0.838363 -0.079302   0.69243
1.77659e+09    0.93043 -0.165057  -1.69035  -0.604232 -0.0146047    0.69829
1.77659e+09    0.868645 -0.0670522   -1.74042 -0.423812 -0.135943   0.75493
1.77659e+09     0.9283 0.0117774  -1.72763 -0.728743 -0.161333  0.777391
1.77659e+09      1.0295 -0.0915533   -1.65733  -0.782699 -0.0102102   0.655321
1.77659e+09   0.839883 -0.127772  -1.77025 -0.588607  0.117231  0.668016
1.77659e+09    0.709921 -0.0595954   -1.81392 -0.476546 -0.138872  0.605516
1.77659e+09    0.832426 -0.0255069   -1.76279 -0.616439 -0.337847  0.654589
1.77659e+09    1.07211 0.0075163  -1.60939 -0.569076 -0.261675  0.703417
1.77659e+09   1.04548 0.038409 -1.64881 -0.605208 0.0378855  0.612596
1.77659e+09   0.878232 0.0181689  -1.68502 -0.616927 0.0530222  0.484179
1.77659e+09    0.724834 -0.0212458   -1.76385 -0.594222  -0.33565  0.589647
1.77659e+09   0.985824 0.0479963  -1.62217 -0.384749 -0.689165  0.797655
1.77659e+09   1.42365  0.24294 -1.41977 -0.231429 -0.470659    0.5208
1.77659e+09   1.51846 0.391012 -1.31325 -0.440902 -0.131304  0.650682
1.77659e+09   1.18929 0.319639 -1.61259 -0.944808 -0.119585  0.633837
1.77659e+09   1.18716 0.078889 -1.59022 -0.664046 -0.673052  0.594042
1.77659e+09   1.76773 0.180089 -1.36864  0.091569 -0.678423  0.464647
1.77659e+09   2.11287  0.58489 -1.13109  0.267594 -0.204058   0.65288
1.77659e+09   1.80714 0.786225 -1.28555 -0.587142 0.0437449    0.2166
1.77659e+09   1.70168 0.354793 -1.44641  -0.911117 -0.0973684   0.267382
1.77659e+09   1.80075 0.331357  -1.5231 -0.0109701  0.0539988    0.64995
1.77659e+09   1.82099 0.777703 -1.45173 0.313737 0.076948 0.638231
1.77659e+09   1.64203 0.902338 -1.61472 -0.845687 0.0203074  0.462694
1.77659e+09   1.66546  0.40486 -1.61791    -1.02122 0.000287846    0.469774
1.77659e+09     1.462 0.432557 -1.82351 -0.0739584  -0.110796    1.06938
1.77659e+09   1.43856 0.852271 -1.81605 -0.492904 -0.502398  0.804979
1.77659e+09   1.97545 0.522039 -1.54654  -1.11156 -0.613482  0.522753
1.77659e+09   2.25882 0.424035 -1.42723 -0.396224 -0.120318  0.997118
1.77659e+09   1.80075 0.697808 -1.73296 -0.536117  0.147993  0.574266
1.77659e+09   1.66866  0.38675 -1.79155  -1.06712 -0.279497  0.583055
1.77659e+09   2.25029  0.28342 -1.55826 -0.884749 0.0222605    1.3062
1.77659e+09    1.9158 0.359054 -1.62111 -0.297103  0.393598  0.460253
1.77659e+09    1.6335 0.256788 -1.84481 -0.244369  0.335249  0.624071
1.77659e+09   1.82099 0.595542 -1.75107 -0.749495  0.298628   1.51348
1.77659e+09   1.80608 0.179024 -1.64667  -1.40721  0.793257 0.0703602
1.77659e+09    1.54615 -0.181036  -1.83523 -0.891341   1.44462   1.75664
1.77659e+09   1.62924 0.613652 -1.67224 -2.84276  3.08378  3.84673
1.77659e+09   0.147461 -0.556009   -2.2134  -3.99583   3.74467 0.0337391
1.77659e+09   -1.8563 -2.31902 -2.71407 -1.63304  2.01933  1.23393
1.77659e+09   -1.30769 -0.828716   -2.4158  0.708024 -0.398638   4.00493
1.77659e+09    0.595937 0.00325524   -1.26531  -2.22337 -0.386919  -0.17256
1.77659e+09  0.248661 -2.08466 -1.46665  -1.95726  0.177778 -0.463331
1.77659e+09  -0.452283  -1.69478  -1.59767  0.876237 -0.367388   2.97661
1.77659e+09   0.544805 -0.227907 -0.407772  1.09792 -1.84371  1.37773
1.77659e+09     2.7286 0.0394742  0.972811 -0.35057 -0.89107  1.28765
1.77659e+09     2.67959 -0.0372248    0.77041 -0.68138  1.49589  1.34502
1.77659e+09    0.925104  -0.446286 -0.0807359     -1.27   2.95952 -0.512648
1.77659e+09  -0.536439 -0.970397 -0.312964 0.848893  1.67851 -1.13618
1.77659e+09   -0.636574   0.298333 -0.0711485   2.40871 -0.493853   2.05303
1.77659e+09  0.653462  1.28051 0.332587 -1.24119 -1.20284  1.19707
1.77659e+09    1.38423 -0.231103  0.532856  -2.32127  -0.24898 -0.469679
1.77659e+09  0.967715 -1.13551 0.198363  1.20851    1.252 0.487596
1.77659e+09  -0.357474  0.858663 -0.163827  1.94313  1.05791 0.691698
1.77659e+09  -0.543896   1.13031 -0.290593   -1.76756 -0.0453665   0.637011
1.77659e+09   0.315773 -0.471853  0.140839  -2.49925 -0.487993  0.484911
1.77659e+09   0.633222 -0.732843  0.189841 1.03957 0.31645 1.19951
1.77659e+09  -0.122051  0.509256  -0.19898   1.41676  0.665083 -0.225782
1.77659e+09  -0.582245  0.778768 -0.394989 -0.893783  0.425337  0.499804
1.77659e+09  -0.362801 -0.207667 -0.255439  -1.62645 -0.101031  0.739794
1.77659e+09  -0.130573 -0.305671  -0.23733 0.125016 0.092573 0.880175
1.77659e+09   -0.29782  0.228026 -0.308702 0.541276 0.517134 0.547655
1.77659e+09  -0.739904  0.376098 -0.430143 -0.53099 0.214643 0.356737
1.77659e+09   -0.663205 -0.0638564  -0.409903  -1.10618 -0.403032  0.955614
1.77659e+09  -0.0975498  -0.167187  -0.172349  -0.25389 -0.305132   1.07329
1.77659e+09  -0.0645266  0.0639753  -0.184067 0.336198 0.333296 0.309618
1.77659e+09  -0.552418  0.255723 -0.350248 0.0510417   0.53813  0.366747
1.77659e+09  -0.843235   0.18435   -0.4376 -0.411605  0.111616  0.751512
1.77659e+09  -0.549222  0.110847 -0.308702 -0.206527 -0.243853    1.0435
1.77659e+09  -0.227512  0.320704 -0.177675 -0.00584312    0.183393    0.884081
1.77659e+09  -0.614203  0.381424 -0.332138 -0.306868   0.58769  0.432665
1.77659e+09  -0.960414  0.221634 -0.441861 -0.292952  0.411421  0.614305
1.77659e+09   -0.96574  0.321769 -0.406707  -0.017806 -0.0690481     1.0938
1.77659e+09  -0.660009  0.528431 -0.286332  -0.218001 0.00443824   0.884081
1.77659e+09  -0.899694  0.416578 -0.344921 -0.282699  0.156294  0.510302
1.77659e+09   -1.64112   0.60726 -0.350248 -2.04784 -1.17671  2.55254
1.77659e+09  -0.11779 0.324965 0.296368 -3.99583 -3.29903  3.13359
1.77659e+09   1.59516 -1.09823 0.902503 -2.24657 -1.90889  1.84795
1.77659e+09    1.92858 -0.937373   0.78852 1.62575 1.01347 1.78887
1.77659e+09    -0.11779   0.338814 -0.0828664  0.269792   2.41557 -0.806837
1.77659e+09    -2.17908 -0.0638564  -0.934013   -1.91258   0.954145 -0.0797863
1.77659e+09   -1.20756   -1.0716 -0.337465 -0.738021  -1.47945   1.62871
1.77659e+09    0.165571  -0.236429 -0.0242769 0.866715 -1.60079  1.72344
1.77659e+09  0.469171 0.119369 0.136578 -0.332259  0.147993  0.630175
1.77659e+09  -0.484241 -0.407937 -0.246917  -1.02977  0.725385 0.0698719
1.77659e+09   -1.19584 -0.690232 -0.507907  -0.47972 -0.181109   1.18682
1.77659e+09  -0.434173 -0.454808 -0.139325 0.318132 -1.12056 0.738329
1.77659e+09    0.285945 -0.0553343   0.141904 0.0332194 -0.738726   1.10039
1.77659e+09  -0.00913285   -0.101141   0.0854454  -0.882796 -0.0583059   0.568651
1.77659e+09   -0.41926 -0.595423 -0.122281 -0.772689 -0.439409  0.399462
1.77659e+09   0.070762 -0.558139 0.0513569  0.341569 -0.628618  0.848192
1.77659e+09   0.326425 0.0330826  0.245235  0.310807 -0.138628  0.990282
1.77659e+09   0.128286 0.0714322  0.100359 -0.909652  0.442427  0.556444
1.77659e+09  -0.589702 -0.426046 -0.608042   -0.940413    0.717329 -0.00971797
1.77659e+09  -0.770797 -0.494223 -0.626151  1.09108 0.406782 0.857469
1.77659e+09   -1.09783  0.571041 -0.784876    1.44826 -0.0526907   0.815966
1.77659e+09   -1.06268   1.04295 -0.551583   -1.0825 -0.969927   1.11772
1.77659e+09  -0.209403  0.099129 -0.384336 -2.35033 -1.00118 0.809618
1.77659e+09  0.0473262 -0.365326 -0.281006 0.0998698 -0.166948  0.776903
1.77659e+09  -0.554548   0.44534  -0.64213  1.03615 0.130171 0.938036
1.77659e+09  -0.546026  0.754267 -0.307637 -0.890853 -0.327837     1.002
1.77659e+09  -0.131638 0.0831501  -0.13613  -1.84544 -0.598589  0.899706
1.77659e+09   0.0388041  -0.326977 -0.0296032 -0.161361 -0.220171  0.893358
1.77659e+09   -0.37878  0.267441 -0.187262  0.954606 -0.414263  0.767382
1.77659e+09  0.0473262  0.703134  0.200494 -0.292708   -0.9294  0.983934
1.77659e+09  0.682224 0.511386   0.3475  -1.63133 -0.560747   1.13066
1.77659e+09   0.520304 -0.125642  0.344305 -0.741439  0.353803  0.343798
1.77659e+09    -0.3383  0.108716 -0.089258 0.929704 -0.11812 0.418016
1.77659e+09  -0.0368297   0.845879  0.0545527 -0.0617513  -0.738238     1.6519
1.77659e+09  0.758923 0.714852 0.443374   -1.7495 -0.672564  0.846483
1.77659e+09   0.569306 -0.102206  0.361349 -1.03758 0.165571 0.163866
1.77659e+09  0.0526525 0.0863459  0.196233   0.662126 0.00102027      1.023
1.77659e+09  0.185811  0.78942  0.18558 -0.267074 -0.374224   1.20757
1.77659e+09  0.518173 0.495407 0.362414 -1.74315 -0.36397 0.670214
1.77659e+09   0.337078 -0.199145  0.276128   -1.12035 0.00175269   0.691942
1.77659e+09   0.231617 -0.034029  0.206886   0.372575 -0.0561086   0.859667
1.77659e+09  0.191137 0.460254  0.16534 0.00441079  -0.246294   0.987108
1.77659e+09  0.294468  0.32603 0.196233 -1.33958 -0.31148  1.06206
1.77659e+09   0.364775 -0.132033  0.161079  -1.20775 -0.115435  0.901415
1.77659e+09   0.213507 -0.239625  0.125925 -0.0900716  0.0952585    0.83037
1.77659e+09   0.109112  0.130022 0.0289863   0.498551 -0.0458547   0.804491
1.77659e+09    0.135743   0.401664 -0.0285379 -0.544417  0.121137   1.03618
1.77659e+09  0.0814146  0.114043  -0.01682 -0.884505  0.222944   0.46953
1.77659e+09   -0.278645 -0.0894228   -0.17874 -0.0390462 -0.0575735   0.576219
1.77659e+09  -0.189163  0.287681 -0.145717  0.270768 -0.595659    1.3875
1.77659e+09   0.372232  0.623239 0.0982285 -0.774154 -0.403277   1.20366
1.77659e+09   0.231617  0.142805 0.0172684 -1.14452 0.190962 0.255175
1.77659e+09  -0.388367 -0.186362 -0.229873 -0.0131673  -0.204058   0.773973
1.77659e+09   0.0238904   0.416578 0.00341999   0.38527 -0.812212   1.45513
1.77659e+09  0.775967 0.760658 0.374132 -0.973861 -0.496538   0.98369
1.77659e+09    0.438278 0.00858156   0.152557   -1.1909  0.269331 0.0645008
1.77659e+09   -0.145487  -0.165057 -0.0338643  0.139909 0.0168894   1.05596
1.77659e+09  0.0995241  0.490081 0.0769232 0.0705729 -0.654986   1.43974
1.77659e+09  0.794077  0.48582 0.439113  -1.15745 -0.465777   0.62285
1.77659e+09   0.538413 -0.149078  0.243105 -0.791488  0.246137  0.585253
1.77659e+09   0.091002 0.0234953  0.117403 0.0656901  0.247114   1.21294
1.77659e+09   0.126156  0.349466 0.0971633 -0.488265 -0.245318  0.933886
1.77659e+09    0.330687 -0.0393553   0.215408  -1.00243 -0.217974  0.731493
1.77659e+09   0.230552 -0.202341 0.0982285 -0.0729818 -0.0839407   0.845262
1.77659e+09   0.106981  0.127891 0.0939675 0.00758462  0.0188425    1.08257
1.77659e+09  0.154918 0.225896 0.158949 -0.679183 -0.210406  0.743944
1.77659e+09   0.113373 -0.193819 0.0854454 -0.524398 -0.306109  0.512987
1.77659e+09    0.227356 -0.0670522   0.103555  0.259538 -0.278032   1.17705
1.77659e+09  0.248661 0.354793 0.120599  -0.199935 -0.0729543   0.947802
1.77659e+09  0.0515872 0.0980638 0.0662706 -0.859603 -0.199907  0.433397
1.77659e+09  0.0313472 -0.211928 0.0566832 -0.257796 -0.552202  0.858446
1.77659e+09  0.412712 0.134283 0.237778  0.409928 -0.572222  0.978807
1.77659e+09  0.514977 0.391012 0.238843 -0.132796 -0.141802  0.726366
1.77659e+09  0.289141 0.229091 0.156818 -0.787093   0.10478  0.647509
1.77659e+09   0.0686315 -0.0436164   0.134448 -0.463851 -0.246782  0.607958
1.77659e+09    0.173027 -0.0287027   0.125925  0.610856 -0.786822  0.573778
1.77659e+09  0.898472 0.528431 0.436983  0.256608 -0.234331   1.49809
1.77659e+09  0.562914 0.653067 0.341109 -0.694076  0.373091  0.220262
1.77659e+09  -0.0517434 -0.0819659  0.0332474 -0.488021  0.284712 -0.465773
1.77659e+09  0.408451 0.153458 0.191972 0.304704  0.28227  2.42485
1.77659e+09     0.88995    1.37425 -0.0509085 -1.72533  1.98662  2.74492
1.77659e+09   -1.10422 -0.169318 -0.939339 -3.99583  3.71635 -1.34321
1.77659e+09  -3.57883 -1.68838 -1.79688 -0.700911   1.51469  0.808641
1.77659e+09   -3.30613 -0.285431  -1.58489  1.13307 -2.70162  4.00493
1.77659e+09  0.091002 0.853336 0.447635 -1.93577 -3.99861  1.49126
1.77659e+09    2.30569 -0.557074   1.52994  -1.75682  -2.78438 -0.562208
1.77659e+09      2.425 -0.174644   1.44046   1.22926 -0.364458   2.34331
1.77659e+09  1.77838  1.0568 0.90783 0.0500651   1.38383  0.564257
1.77659e+09   0.992216 0.0831501  0.579728  -1.98827   1.80668 -0.830519
1.77659e+09  -0.752687  -0.47931 -0.296985 -1.17088 0.802778  1.92266
1.77659e+09   0.0633051 -0.0691827 -0.0935191 -0.472396 -0.386187    1.9793
1.77659e+09    0.779163 -0.0201806  0.0992938 -0.884261  0.291792  0.671923
1.77659e+09   -0.20088 -0.458004 -0.483406 -1.38231  1.11284 0.418505
1.77659e+09   -1.00835 -0.736038 -0.696459  -1.041 0.28105 1.20635
1.77659e+09  -0.511938 -0.796758 -0.458905 -0.313704 -0.794146   1.19927
1.77659e+09   0.119764 -0.396219 -0.170218 -0.209945 -0.925738    1.6917
1.77659e+09    0.443605  -0.272648 -0.0104284 -0.823958  0.056196  -0.12837
1.77659e+09  -0.0155244  -0.608207  0.0524222 -0.254134   0.26396  0.158739
1.77659e+09   -0.289297  -0.132033 -0.0615611 0.0698405  -0.38106    1.5645
1.77659e+09   0.113373 0.0277563  0.242039 -0.871322  -1.02461  0.894579
1.77659e+09   0.967715 -0.336564  0.536052  -1.28953 -0.314654  0.902391
1.77659e+09   0.744009 -0.485701  0.439113 -0.0395345   0.683637   0.676073
1.77659e+09  -0.223251 -0.216189 -0.272483 -0.0556478    0.78105 -0.0487805
1.77659e+09  -0.812342 -0.216189 -0.474884  -1.29588 -0.312212   1.58647
1.77659e+09   0.389276 -0.563465   0.18558  -1.29588 -0.312212   1.58647
1.77659e+09   0.567175 -0.652948 0.0939675 0.163102 0.475141 0.958055
1.77659e+09   0.567175 -0.652948 0.0939675 0.163102 0.475141 0.958055
1.77659e+09   -1.67627 -0.326977  -1.01071  -1.26121 0.0134714  0.398729
1.77659e+09   -1.67627 -0.326977  -1.01071  -1.26121 0.0134714  0.398729
1.77659e+09   0.815382 -0.405806  0.131252  0.463639 -0.416216   1.22051
1.77659e+09   0.388211 -0.116054 -0.177675 -0.412581   1.24174  0.141405
1.77659e+09   -1.16068 -0.570922  -0.59952 -0.893294   0.84355 -0.457472
1.77659e+09   -1.16068 -0.570922  -0.59952 -0.893294   0.84355 -0.457472
1.77659e+09    0.129352  -0.272648 -0.0317337 -0.310775  -1.67769   1.96514
1.77659e+09    1.16798 -0.415394  0.477463 -0.610579 0.0500925  0.574755
1.77659e+09   0.238009 -0.772257 -0.197915 0.0698405   1.29545 -0.253614
1.77659e+09   0.238009 -0.772257 -0.197915 0.0698405   1.29545 -0.253614
1.77659e+09  -0.900759 -0.236429 -0.452513 -0.627913 -0.780962   1.37676
1.77659e+09  -0.900759 -0.236429 -0.452513 -0.627913 -0.780962   1.37676
1.77659e+09   0.553327 -0.673188 0.0982285 0.461442  0.60893  1.07402
1.77659e+09   0.553327 -0.673188 0.0982285 0.461442  0.60893  1.07402
1.77659e+09   -1.38439 -0.210863 -0.668762 -0.697005 -0.239214  0.604052
1.77659e+09  -0.347887 -0.491027 -0.214959 -0.0634603   -1.13399    1.13799
1.77659e+09    0.568241 -0.0883575  0.0609443  1.00539 0.161909 0.847216
1.77659e+09    0.568241 -0.0883575  0.0609443  1.00539 0.161909 0.847216
1.77659e+09   -1.73273 -0.054269 -0.636804 -0.445052 -0.862749 0.0540027
1.77659e+09   -1.73273 -0.054269 -0.636804 -0.445052 -0.862749 0.0540027
1.77659e+09   1.41939 0.687155 0.898242  1.46535 -1.22676 0.175585
1.77659e+09   1.41939 0.687155 0.898242  1.46535 -1.22676 0.175585
1.77659e+09  0.565045 0.294072 0.874806 -3.99583 -3.06832  2.68852
1.77659e+09  0.565045 0.294072 0.874806 -3.99583 -3.06832  2.68852
1.77659e+09   4.40532 -1.33259  2.13075  2.56349 0.297163   2.8521
1.77659e+09   4.40532 -1.33259  2.13075  2.56349 0.297163   2.8521
1.77659e+09  -0.924195  0.199264 -0.908446 -1.23924  4.00102 -2.93672
1.77659e+09  -0.924195  0.199264 -0.908446 -1.23924  4.00102 -2.93672
1.77659e+09  -3.38389 0.394207 -1.52097  1.09694 -2.02803  2.81108
1.77659e+09  -3.38389 0.394207 -1.52097  1.09694 -2.02803  2.81108
1.77659e+09    2.2226 0.426165 0.715017 -3.18773 -1.05928  1.77104
1.77659e+09    2.2226 0.426165 0.715017 -3.18773 -1.05928  1.77104
1.77659e+09   -2.18653 -0.644426  -1.00432   1.22292   1.73344 -0.745558
1.77659e+09   -2.18653 -0.644426  -1.00432   1.22292   1.73344 -0.745558
1.77659e+09  0.295533 0.389946 0.101424 -1.24754 -2.19966  1.39018
1.77659e+09  0.295533 0.389946 0.101424 -1.24754 -2.19966  1.39018
1.77659e+09  -0.213664  -0.44096 -0.325747 -0.0661459    1.25712  -0.681593
1.77659e+09  -0.213664  -0.44096 -0.325747 -0.0661459    1.25712  -0.681593
1.77659e+09   -0.52259  0.657328 -0.190458  0.253923 -0.961382   1.09404
1.77659e+09   -0.52259  0.657328 -0.190458  0.253923 -0.961382   1.09404
1.77659e+09  0.804729 -0.32165 0.430591 -0.463851  0.649458  0.135302
1.77659e+09  0.804729 -0.32165 0.430591 -0.463851  0.649458  0.135302
1.77659e+09  -0.998764  0.687155 -0.312964 0.416764 0.128706 0.634325
1.77659e+09  -0.998764  0.687155 -0.312964 0.416764 0.128706 0.634325
1.77659e+09  0.213507 0.247201 0.188776 -0.744124 -0.122759  -0.34712
1.77659e+09  0.213507 0.247201 0.188776 -0.744124 -0.122759  -0.34712
1.77659e+09   -0.339365   0.956667 -0.0722138 0.814958 0.014448 0.678759
1.77659e+09   -0.339365   0.956667 -0.0722138 0.814958 0.014448 0.678759
1.77659e+09  0.338143  0.62537 0.285715  -0.348128 -0.0536672 -0.0126477
1.77659e+09  0.338143  0.62537 0.285715  -0.348128 -0.0536672 -0.0126477
1.77659e+09  -0.00806758     1.19742   0.0950327   0.02736 -0.802202  0.158739
1.77659e+09  -0.00806758     1.19742   0.0950327   0.02736 -0.802202  0.158739
1.77659e+09   1.00074  1.20381 0.454027 -0.0439291  -0.278521   0.474901
1.77659e+09   1.00074  1.20381 0.454027 -0.0439291  -0.278521   0.474901
1.77659e+09  0.742944  1.43177 0.263345 -0.320785  0.902876  0.918261
1.77659e+09  0.742944  1.43177 0.263345 -0.320785  0.902876  0.918261
1.77659e+09   1.29369  2.18492 0.439113 -3.48045  2.38017  4.00493
1.77659e+09  -0.201946   1.14202 -0.667697   -3.99583    4.00102 -0.0526867
1.77659e+09  -3.11438 -2.07295 -1.72124  -3.75096   3.94511 -0.195021
1.77659e+09  -4.29256 -0.82339 -1.95241   2.01515 -0.499468   3.75517
1.77659e+09  -1.51968   1.4861  -0.5388 -0.734115  -3.85079   1.93559
1.77659e+09   1.78158 0.387816 0.876937 -3.99583 -2.00362  0.28496
1.77659e+09   1.06998 -1.52007 0.402894 -1.96092  1.56547 0.453905
1.77659e+09   -1.41209 -0.571988 -0.635739   1.20754   1.43486 -0.194777
1.77659e+09   -1.36202  0.411252 -0.397119  0.252214 -0.548296   1.34429
1.77659e+09  0.413777  0.46558 0.342174  -2.4724 -1.84444  1.37309
1.77659e+09     1.5142 -0.497419  0.872676  -2.21947 -0.333452 -0.195021
1.77659e+09   0.899538 -0.888371  0.597838  0.434098  0.775434 -0.106642
1.77659e+09  0.0398693  0.590216  0.313412 0.216081  0.55644   1.2498
1.77659e+09  0.604459 0.398468 0.617012   -2.40672 -0.0683157   0.585253
1.77659e+09    1.01672 -0.685971  0.741648 -2.11766 0.517134 0.725145
1.77659e+09   0.428691 -0.716864  0.414612 0.165544 0.976606  0.51494
1.77659e+09   -0.267992 -0.0563996  0.0694664  0.521989  0.367231 -0.562697
1.77659e+09  -0.074114  0.189677  0.186645 -0.757064 -0.525591  0.896532
1.77659e+09    0.787685 -0.0627912   0.483854  -1.51976 -0.334673  0.782518
1.77659e+09   0.767445 -0.532573  0.364545 -0.408187  0.585249 0.0820789
1.77659e+09  -0.0900929  -0.193819 -0.0807359  0.509538  0.696089 -0.119093
1.77659e+09  -0.417129  0.372902 -0.147848  -0.380355 -0.0402395   0.839647
1.77659e+09   0.267836  0.108716 0.0609443  -1.53416 -0.542925  0.481981
1.77659e+09   0.762119 -0.386632   0.20582 -0.551986  0.284712  0.521288
1.77659e+09    0.194333 -0.0393553  -0.202176  0.495622  0.869184 0.0620594
1.77659e+09  -0.632313  0.553997 -0.517494 -0.485579  0.415571  0.569139
1.77659e+09  -0.194489  0.125761 -0.372618  -1.51634 -0.371782  0.680956
1.77659e+09    0.36371 -0.151208  -0.19898  -0.833968 -0.0243704     1.0352
1.77659e+09   0.261444 0.0394742 -0.347052 0.0869303  0.737593  0.474413
1.77659e+09  -0.588637  0.385685 -0.728417 -0.448958  0.586469  0.282762
1.77659e+09  -0.704751    0.2227 -0.809377  -1.40868 -0.431109  0.822069
1.77659e+09      0.2444 -0.0840964  -0.373684   -1.2368 -0.817095  0.896288
1.77659e+09   0.765314 0.0405395 -0.129738 -0.322738 0.0420359  0.757128
1.77659e+09   0.214573  0.327096 -0.453578 -0.619368  0.549604  0.312792
1.77659e+09  -0.148682  0.154523 -0.522821  -1.66063 0.0527781  0.916307
1.77659e+09   0.287011 -0.269452 -0.357705  -1.26903 -0.422075  0.752977
1.77659e+09   0.712051 -0.148012 -0.116955 -0.0805501  -0.118364   0.734667
1.77659e+09   0.561849  0.270637 -0.301246 -0.315658  0.491255  0.530809
1.77659e+09  0.0398693  0.172632 -0.526016 -1.28514 0.436323 0.377977
1.77659e+09  -0.0197855  -0.300345  -0.633608   -1.16014 -0.0941946   0.700243
1.77659e+09   0.310447 -0.165057 -0.531343 -0.156722 -0.227251  0.996386
1.77659e+09   0.347731  0.236548 -0.611238 -0.784652  0.113325  0.814989
1.77659e+09  -0.312733 -0.110728 -0.691132  -1.51976 -0.590532  0.355028
1.77659e+09   0.310447  -0.41859 -0.539865 -0.516585  -1.65157   1.45976
1.77659e+09    1.65055  0.351597 0.0907717 0.0571452 -0.802202   1.74663
1.77659e+09    1.55894  0.504995 -0.148913 -0.757552  0.708784  0.193895
1.77659e+09   0.0899367 -0.0233764   -0.86264  -1.41576   1.09794 0.0413074
1.77659e+09  -0.240295 -0.219385   -1.0693 -0.744368 -0.117876    1.4456
1.77659e+09   0.556523  0.142805 -0.733743 -0.447493 -0.588091  0.897753
1.77659e+09   0.822839  0.166241 -0.663436  -0.698958 -0.0346243    0.58745
1.77659e+09    0.398863 0.00964683  -0.879684 -0.970199  0.578169   0.70952
1.77659e+09  -0.0400255  -0.101141   -1.07889 -0.895003  0.167768  0.712938
1.77659e+09   0.134678 -0.222581  -1.03628 -0.452132 -0.404986  0.886034
1.77659e+09   0.516043 0.0543879 -0.906316 -0.384749 -0.361773   1.08232
1.77659e+09   0.513912 0.0671711 -0.936143  -0.75096 0.0124949  0.515917
1.77659e+09  0.269966 -0.13949 -1.02882  -0.918929 -0.0275442   0.731249
1.77659e+09   0.309381 -0.185297  -1.01178 -0.640853 -0.401323  0.977343
1.77659e+09   0.690746 -0.100075 -0.808312 -0.344466  -0.32857  0.845751
1.77659e+09   0.674767 0.0298869 -0.874358   -0.300765 -0.00459497    0.727343
1.77659e+09   0.465975 0.0810196 -0.953187 -0.809798 0.0129832  0.759081
1.77659e+09    0.42443 -0.148012  -1.04267 -0.934066 -0.307573  0.814745
1.77659e+09   0.674767 -0.195949 -0.894598  -0.50389 -0.310259   1.11357
1.77659e+09   0.717378  0.038409 -0.951057 -0.199935 -0.154009  0.821093
1.77659e+09   0.516043 0.0714322  -1.10019 -0.840316 -0.136187    0.6541
1.77659e+09   0.557588 -0.210863   -1.1215 -0.883285 -0.343218  0.762011
1.77659e+09   0.787685 -0.193819  -1.02669 -0.181624 -0.163775  0.973436
1.77659e+09   0.636417 0.0980638  -1.15026 -0.180892 0.0254343   0.77202
1.77659e+09   0.428691 0.0288216  -1.31112 -0.821029  -0.21187  0.596971
1.77659e+09   0.577828 -0.202341  -1.26531 -0.695052 -0.493364    0.8416
1.77659e+09    0.888885 -0.0585301   -1.15878 -0.185531 -0.293902  0.975878
1.77659e+09   0.76851 0.114043 -1.23335 -0.339827 0.0635203  0.616747
1.77659e+09     0.453192 -0.00207108    -1.41232 -0.675765 -0.159868  0.588427
1.77659e+09    0.58635 -0.107532  -1.34947  -0.58348 -0.578814   1.00469
1.77659e+09    1.07424 0.0469311  -1.18222 -0.317611  -0.39229   0.89702
1.77659e+09   0.996477 0.0938027  -1.24614 -0.44847 0.237348 0.581102
1.77659e+09   0.498998 0.0171037  -1.50499 -0.541488  0.203169  0.444872
1.77659e+09      0.4468 -0.0734438   -1.55613 -0.395492 -0.291948  0.761522
1.77659e+09  0.881428 0.124695 -1.39208 -0.223128 -0.301714  0.958055
1.77659e+09   0.88782   0.2227 -1.39314 -0.471663  0.195356  0.583544
1.77659e+09   0.457453 0.0629101    -1.603 -0.649886  0.171186  0.539843
1.77659e+09    0.409516 0.00538577   -1.62537 -0.572005  -0.30855  0.985399
1.77659e+09  0.836687 0.167306 -1.45599 -0.451888 -0.440386  0.986132
1.77659e+09  0.876102 0.191807 -1.46345 -0.736312 -0.101031  0.793749
1.77659e+09    0.64707 0.0501269  -1.59554 -0.917708 -0.105669   0.86577
1.77659e+09     0.66518 -0.0510733   -1.59661 -0.774642 -0.390825   1.07305
1.77659e+09   0.965584 0.0234953  -1.47943 -0.608138 -0.381792   1.07402
1.77659e+09   0.967715 0.0234953  -1.50926  -0.682845 -0.0468313   0.731981
1.77659e+09    0.737618 -0.0606606   -1.63176 -0.653548 -0.112749  0.796678
1.77659e+09     0.76638 -0.0723785   -1.65307 -0.675277 -0.405962   1.00224
1.77659e+09     1.06998 -0.0436164   -1.52097  -0.56639 -0.413042  0.835253
1.77659e+09     1.07424 -0.0404206   -1.55293 -0.535628 -0.168902  0.757128
1.77659e+09    0.934691 -0.0308332   -1.63602  -0.53099 -0.214312  0.728807
1.77659e+09     1.01778 -0.0563996   -1.59874 -0.586165  -0.38521   0.81035
1.77659e+09     1.19355 -0.0287027   -1.53056 -0.567611 -0.428667  0.880175
1.77659e+09     1.27558 -0.0414859   -1.52417 -0.580794  -0.26607  0.671434
1.77659e+09     1.25001 -0.0670522   -1.54547 -0.505111 -0.148882  0.678514
1.77659e+09     1.19355 -0.0169848   -1.61365 -0.549788 -0.124956  0.763719
1.77659e+09     1.1797 -0.065987  -1.64135 -0.682845  -0.16939  0.745653
1.77659e+09    1.22125 -0.148012  -1.63283 -0.553939 -0.144732    0.6812
1.77659e+09     1.17331 -0.0958144   -1.67437 -0.367904 -0.140093  0.716844
1.77659e+09     1.19462 -0.0233764   -1.66691 -0.498031 -0.152544  0.661669
1.77659e+09     1.26492 -0.0521385     -1.652  -0.512435 -0.0561086   0.540087
1.77659e+09     1.19355 -0.0489427   -1.70313 -0.366439  0.128218  0.543993
1.77659e+09   0.997542 0.0405395  -1.81073   -0.447249 -0.00459497    0.620653
1.77659e+09    1.06146 0.0139079  -1.76705 -0.638656 -0.263872  0.624803
1.77659e+09     1.29369 -0.0169848   -1.68822 -0.553451 -0.185747  0.790087
1.77659e+09     1.2042 0.0639753  -1.75107 -0.600326 0.0935496    0.7437
1.77659e+09      1.05613 -0.00633214    -1.82884 -0.793685  0.192427  0.663622
1.77659e+09    0.973041 -0.0819659   -1.91086 -0.47679 0.192182 0.745897
1.77659e+09   0.839883 0.0842153  -2.01739 -0.146468  0.193647  0.737352
1.77659e+09  0.719508 0.264245 -2.07811 -0.402083 0.0303171    0.8416
1.77659e+09  0.718443  0.26318 -2.07278 -0.792952 -0.252398  0.793016
1.77659e+09  0.855862 0.133218  -1.9833 -0.814437 -0.446001  0.828905
1.77659e+09   1.08383  0.16198 -1.88103 -0.580794 -0.376421  0.918016
1.77659e+09   1.14242 0.239744 -1.86612  -0.61473 -0.124956  0.748583
1.77659e+09  0.975172 0.170502 -1.94069 -0.951644 -0.049761  0.787157
1.77659e+09    0.949605 0.00645103   -1.95028 -0.773177 -0.310015  0.602831
1.77659e+09    1.14561 0.0373437  -1.86718 -0.267318 -0.315142  0.844774
1.77659e+09   1.28197 0.328161 -1.80327 -0.231185 -0.029009  0.916063
1.77659e+09  0.964519  0.34414 -2.01419  -0.7993 0.110395 0.562792
1.77659e+09   0.868645 0.0980638  -1.99608 -0.848617  -0.14815  0.611376
1.77659e+09   1.03376 0.135348  -1.9833 0.0959635 -0.283404  0.656053
1.77659e+09   1.01352 0.608325 -1.93856 0.000260401   -0.297808     1.10674
1.77659e+09   1.09129  0.68822 -1.95667  -1.07664 -0.457232  0.808886
1.77659e+09    1.1552 0.218439 -1.89595  -1.04954 -0.471392  0.487841
1.77659e+09   1.31073 0.294072 -1.87145  0.167008 -0.401079   1.01396
1.77659e+09   1.30114 0.849075 -1.88316 -0.0493001   -0.24312    0.76787
1.77659e+09   1.34695 0.703134 -1.76598  -1.20775 -0.232622  0.266405
1.77659e+09   1.40341 0.281289 -1.66585 -0.648177 -0.293169  0.547411
1.77659e+09   1.37465 0.597673 -1.70739 -0.0290365  -0.480181    1.01689
1.77659e+09   1.65161 0.842684  -1.5508 -0.709456 -0.681109  0.630663
1.77659e+09   1.96587 0.535887 -1.43895  -1.05028 -0.558062    0.6187
1.77659e+09   2.16933 0.473037 -1.31857 -0.442122 0.0156687  0.735155
1.77659e+09   1.79543  0.70633 -1.50926 -0.447005  0.224409  0.625292
1.77659e+09   1.54615 0.644544 -1.67863  -1.33836 -0.292925  0.749071
1.77659e+09   2.01487 0.274898 -1.46345  -1.45799 -0.422564   1.14385
1.77659e+09   2.22792  0.24507 -1.41871 -0.751204  0.122114  0.986376
1.77659e+09   1.72512 0.336683 -1.73935 -0.94139 0.435346 0.443895
1.77659e+09   1.49182 0.074628 -1.79368  -1.40282 -0.049761  0.829637
1.77659e+09     1.76453 -0.0446817   -1.70526   -1.3203 -0.646441   1.25273
1.77659e+09     2.24071 -0.0883575   -1.52737  -1.63231 -0.240679   1.34844
1.77659e+09    2.36534 -0.444156   -1.3974 -0.911605  0.360395  0.301805
1.77659e+09     1.5323 -0.417524  -1.95454 -0.650374  0.559614  0.805468
1.77659e+09    1.49502 -0.330173  -1.86932  -1.16405 -0.196734  0.961229
1.77659e+09    2.14909 -0.585836  -1.63602 -0.998763 -0.279986  0.654344
1.77659e+09    2.04789 -0.507006  -1.72018 -0.407699  0.270307  0.952928
1.77659e+09    1.70594 -0.300345  -1.92577 -0.713851  0.420698  0.680468
1.77659e+09    1.60687 -0.464396     -2.06 -1.18553 0.284712 0.681932
1.77659e+09    1.61007 -0.649752   -2.0291 -0.970687  0.375776  0.708055
1.77659e+09    1.50354 -0.631642  -2.08343 -0.241439  0.351606  0.700731
1.77659e+09     1.3363 -0.403676  -2.23896 -0.280745  0.411421  0.531786
1.77659e+09    1.21486 -0.393023  -2.25174 -0.884749  0.165571  0.832079
1.77659e+09    1.32777 -0.544291  -2.12498  -1.13573 0.0554636  0.568895
1.77659e+09    1.57811 -0.705146  -1.85973 -0.451156 0.0742625  0.611864
1.77659e+09    1.70914 -0.552813   -1.9034 0.245866 0.501753 0.425585
1.77659e+09    1.26066 -0.312063  -1.91512   0.22194  0.598188 -0.572462
1.77659e+09   1.10407 -0.11925 -1.77664    0.332536 -0.00557153    0.562792
1.77659e+09   1.59622 0.327096 -1.39208 -0.711898 -0.628374   1.60967
1.77659e+09    2.30143 0.0373437  -1.06078  -1.32762 -0.456499  0.364794
1.77659e+09    2.25775 -0.398349  -1.03308  0.409684  0.199262 -0.125441
1.77659e+09   1.96906 0.387816 -1.13109  1.09694 0.637983  1.26201
1.77659e+09   1.67399 0.909795 -1.31218 -0.983626  0.783735  0.771776
1.77659e+09   1.28516 0.217373 -1.34947   -2.6804 -0.198931   1.45317
1.77659e+09    1.75601 -0.597554  -1.47943 -1.56541 -0.25313  1.38799
1.77659e+09    2.21407 -0.547487  -1.33881 0.942399  1.10283  1.73149
1.77659e+09   1.19781 0.509256 -1.88955    0.49904    1.80815 -0.0414563
1.77659e+09  -0.265862  0.392077  -2.48504  -1.85374   1.69536 0.0776844
1.77659e+09   -0.21899 -0.736038  -2.47652  -1.05003 0.0139597  0.988329
1.77659e+09   0.373297 -0.121381  -2.15481 -0.364486 -0.176714   2.30913
1.77659e+09  0.993281 0.038409 -1.57104  -0.271224 -0.0194875   0.133593
1.77659e+09   0.259314 -0.486766  -2.14202 -0.792464   1.10527  0.335497
1.77659e+09  -0.538569 -0.232168  -2.20487 -0.325911   0.12895   1.45268
1.77659e+09  0.0366735 -0.227907   -1.8267   -1.4243 -0.636187  0.635302
1.77659e+09    1.01565 -0.680645  -1.26638 -0.489974 -0.476275  0.991259
1.77659e+09   0.856927 -0.342956  -1.47197 0.204606    1.033  1.12212
1.77659e+09    -0.412868 5.94454e-05    -1.85653 -0.668685   1.05864  0.151903
1.77659e+09  -0.768666 -0.613533  -1.78303  -1.18529 0.0210398    0.8958
1.77659e+09   0.271032 -0.526181  -1.15985 0.0371256 -0.690142   1.60356
1.77659e+09     0.577828 -0.00313635    -1.04267  0.35402 0.221968 0.807909
1.77659e+09   0.210312 0.0149731 -0.996863 -0.621077    1.2122  0.649462
1.77659e+09  -0.688772 -0.219385  -1.23655 -0.259261  0.554975 0.0464344
1.77659e+09   -0.519395 -0.0766396  -0.958514 -0.0878744 -0.0878469    1.50957
1.77659e+09  0.0782188  0.193938 -0.646391 -0.354964 -0.225542  0.981981
1.77659e+09   0.0973936 -0.0148543  -0.495124 -0.501693  0.357221  0.342089
1.77659e+09  -0.248817 -0.160795 -0.536669 0.280778 0.491255 0.150194
1.77659e+09  -0.509807  0.352662 -0.477014 0.186296  0.16728   1.3001
1.77659e+09  -0.183836  0.428296 -0.255439 -0.723372 -0.235308  0.738329
1.77659e+09    0.109112 -0.0308332 -0.0743443 -0.789535  0.341108  0.923387
1.77659e+09  -0.123116 0.0575837 -0.260766 0.193864 0.985395 0.996386
1.77659e+09   -1.06374  0.527365 -0.532408 -0.630111   1.09404   1.04155
1.77659e+09   -1.33752  0.115108 -0.565431   -1.1826 -0.218218  0.807665
1.77659e+09  -0.701555 -0.155469 -0.287397 -0.474349  -1.00337   1.52617
1.77659e+09  -0.0890277   0.352662 -0.0498432  0.324235 -0.605669  0.900927
1.77659e+09  -0.127377   0.56465 0.0364432 -0.447005 0.0535105  0.713182
1.77659e+09   -0.416064    0.34627 -0.0274727    -1.13084 -0.00679223    0.834032
1.77659e+09   -0.363866  0.0831501 -0.0604959  -0.82347 -0.414019   1.10234
1.77659e+09  -0.0229813   0.192872    0.12486 -0.292952  -0.18062  0.906786
1.77659e+09  -0.0837014   0.363315  0.0939675 -0.439193  0.270796  0.710009
1.77659e+09   -0.548157   0.297268 -0.0860622  -0.92015 0.0930613  0.694139
1.77659e+09    -0.56307  0.0320174 -0.0839317 -0.798812 -0.517779  0.967089
1.77659e+09  -0.0453518    0.20459   0.148296 -0.396956 -0.674273   1.19829
1.77659e+09  0.0973936  0.310051  0.178123 -0.459701 -0.143999  0.500048
1.77659e+09  -0.0975498   0.262115   0.108881 -0.64891 0.201704 0.660692
1.77659e+09   -0.403281   0.248266 -0.0391906 -0.653792 0.0129832  0.639452
1.77659e+09  -0.270123  0.198199 0.0311169 -0.578841 -0.336382   1.01152
1.77659e+09  -0.0634613   0.300464   0.133382 -0.587386 -0.252154  0.742235
1.77659e+09  -0.0986151   0.236548    0.12273 -0.655745 -0.171587  0.622118
1.77659e+09  -0.191293  0.215243 0.0737275 -0.744124 -0.321489   0.79619
1.77659e+09  0.0803494  0.220569  0.200494 -0.738021 -0.495562  0.814989
1.77659e+09  0.298729  0.20246 0.299564 -0.833968 -0.271441  0.862841
1.77659e+09  0.216703 0.134283  0.24417  -0.688216 -0.0160696   0.729784
1.77659e+09  0.10485 0.18222 0.20369  -0.691634 -0.0646536   0.869188
1.77659e+09  0.209246 0.152392  0.20369 -0.862777 0.0124949  0.791796
1.77659e+09  0.0899367 0.0405395  0.174928 -0.757308  0.186323  0.808641
1.77659e+09  -0.0549392  0.0959333  0.0982285 -0.450911  0.120893  0.640428
1.77659e+09   -0.11992  0.172632 0.0897064  -0.694808 -0.0617239   0.907274
1.77659e+09  0.0601093  0.144935  0.129121  -0.853743 -0.0314504   0.791552
1.77659e+09  -0.0858319  0.0117774   0.108881 -0.665023  0.205122  0.686327
1.77659e+09   -0.286102   0.106586 -0.0210811 -0.429427 0.0452097  0.728319
1.77659e+09   -0.292493   0.153458 0.00448526 -0.710677 -0.194048  0.871141
1.77659e+09  -0.0368297   0.125761   0.130186 -0.832503 -0.152788   0.92412
1.77659e+09  -0.157205   0.04267 0.0737275 -0.579329  0.157759  0.554979
1.77659e+09   -0.412868   0.116173 -0.0636917 -0.509261 0.0115183  0.831591
1.77659e+09   -0.357474   0.142805 -0.0104284  -0.81224 -0.265581  0.839159
1.77659e+09  -0.173184 0.0362784 0.0811843 -0.718245 -0.384722  0.895067
1.77659e+09  -0.127377  0.074628 0.0992938 -0.628646 -0.233843  0.919481
1.77659e+09  -0.156139 0.0554532 0.0939675 -0.606185 -0.226519  0.701708
1.77659e+09  -0.0815708  0.0320174   0.136578 -0.635482 -0.215777  0.897509
1.77659e+09  -0.0687877  0.0490616    0.12273 -0.662093 -0.149859  0.842577
1.77659e+09   -0.108202 -0.0180501  0.0929022 -0.628158 -0.075884  0.621141
1.77659e+09   -0.149748 -0.0159195  0.0609443 -0.472152 -0.164263  0.795458
1.77659e+09  -0.127377 0.0575837 0.0481611 -0.537093 -0.208941  0.770311
1.77659e+09  -0.0922235  0.0309521  0.0620095  -0.58763 -0.241656  0.737352
1.77659e+09  -0.0485476  0.0139079   0.096098 -0.597152 -0.174517  0.811327
1.77659e+09  -0.0442866  0.0245605   0.106751 -0.457992 -0.149126  0.746386
1.77659e+09  -0.0613308  0.0767585  0.0897064 -0.505843 -0.105913  0.760302
1.77659e+09  -0.0986151  0.0831501  0.0694664 -0.668685 -0.174273  0.806932
1.77659e+09  -0.0144592 0.00112471    0.12273 -0.700179  -0.15645  0.797899
1.77659e+09  -0.00700232 -0.00952793    0.113142  -0.420394 -0.0683157   0.780321
1.77659e+09  -0.094354  0.105521 0.0705317  -0.506331 -0.0309622   0.835741
1.77659e+09  -0.143356 0.0693016 0.0417695 -0.812728 -0.159868   0.78911
1.77659e+09  -0.0602655  -0.090488   0.111012 -0.731673 -0.241411   0.89995
1.77659e+09   0.0174988 -0.0233764   0.132317 -0.366439 -0.191118   0.89995
1.77659e+09  -0.0165897  0.0916722   0.120599 -0.516829 -0.121294  0.834276
1.77659e+09  -0.0623961  0.0288216  0.0843801 -0.876937  -0.24898  0.906053
1.77659e+09  0.0633051 -0.121381  0.160014 -0.823714 -0.326861  0.922167
1.77659e+09   0.191137 -0.113924  0.212212 -0.376937 -0.191118  0.887011
1.77659e+09   0.140004 0.0458658  0.194102 -0.377425 0.0515574  0.772264
1.77659e+09  -0.0368297  0.0256258   0.100359  -0.740218 -0.0595266    0.77788
1.77659e+09  0.0718273 -0.151208  0.178123  -0.69432 -0.168169  0.769579
1.77659e+09   0.167701 -0.104336  0.215408   -0.16307 -0.0866262   0.812792
1.77659e+09  0.100589 0.119369 0.172797 -0.366195 0.0862253  0.822557
1.77659e+09  -0.0623961  0.0266911  0.0833148  -0.876449 -0.0421926   0.738329
1.77659e+09  0.0174988 -0.208732  0.136578  -0.71141 -0.293902  0.960985
1.77659e+09   0.152787 -0.113924  0.129121 -0.326156 -0.176714   1.13848
1.77659e+09    0.130417 0.00964683     0.1451 -0.501449 0.0801218  0.709032
1.77659e+09   -0.148682  -0.160795 -0.0445169  -0.724105 -0.0700247    0.79204
1.77659e+09  0.0302819  -0.24069 0.0428348  -0.66722 -0.216509   1.04692
1.77659e+09    0.12509 -0.237495 0.0811843 -0.113021 -0.205279  0.878954
1.77659e+09   0.0206946 -0.0159195 -0.0956496   -0.393538 -0.00776879    0.952928
1.77659e+09  -0.133769  -0.19808 -0.153174  -0.749007 0.00517066   0.592089
1.77659e+09  -0.111398 -0.345086 -0.164892   -0.27513 -0.0526907   0.739794
1.77659e+09  -0.149748  -0.13736 -0.174479  0.237565 -0.134478  0.810839
1.77659e+09  -0.123116  0.114043 -0.203241 -0.357161 -0.175738  0.681932
1.77659e+09  -0.0101981  -0.090488  -0.152109  -0.909408 -0.0990774   0.834032
1.77659e+09  -0.118855 -0.254539 -0.193654 -0.441634 0.0574168  0.712206
1.77659e+09  -0.276514 -0.124576 -0.238395  0.168962 -0.206499  0.726366
1.77659e+09  -0.114594  0.135348 -0.161696 -0.133529 -0.427935  0.919237
1.77659e+09    0.194333   0.157719 0.00341999  -0.80638 -0.259722  0.901171
1.77659e+09   0.0856757  -0.150143 -0.0775401 -0.566634  0.242231  0.465624
1.77659e+09  -0.260535 -0.104336 -0.179805 0.210465 0.214399 0.742723
1.77659e+09  -0.282906  0.319639 -0.218155 -0.283919 -0.148638    1.2227
1.77659e+09  -0.0410908   0.132152  -0.169153   -1.07957 -0.0836965   0.575731
1.77659e+09  -0.258405 -0.267322   -0.2597 -0.440658  0.254927  0.697802
1.77659e+09  -0.614203 0.0277563 -0.438665    0.36403 -0.0165579   0.784227
1.77659e+09  -0.515134  0.301529  -0.41949 -0.327865 -0.397661   1.03374
1.77659e+09  -0.0229813    0.14387  -0.165957  -0.811995 -0.0263235   0.723925
1.77659e+09   -0.466131 -0.0393553  -0.423751 -0.224349  0.416059  0.339647
1.77659e+09  -0.960414  0.200329  -0.58141 -0.0622396  0.0608347   0.883593
1.77659e+09  -0.877323  0.256788 -0.523886 -0.495589 -0.981157  0.815966
1.77659e+09  -0.302081  0.282355  -0.19685 -1.65111 -1.50093  2.03423
1.77659e+09  0.534152  0.18435 0.359218 -2.74559  -1.5732  2.43657
1.77659e+09   0.758923 -0.601815  0.495572 -2.05931 -1.32271    1.356
1.77659e+09   1.16692 -0.70195 0.561619 -0.255111 -0.507281   1.47515
1.77659e+09    1.27451 -0.282236  0.644709 0.478044 0.865278 0.946581
1.77659e+09  0.0292167 0.0405395 -0.121216 -0.436751    1.1851 -0.501417
1.77659e+09  -0.850692 -0.211928 -0.152109 -1.15306 0.213667  1.02812
1.77659e+09   -0.306342  -0.465461 -0.0711485 -1.07054 -1.50191  1.31279
1.77659e+09   1.02204 -0.36213 0.583989 -0.526595 -0.958941   1.26396
1.77659e+09    0.94854 -0.296084  0.483854 0.060319 0.418257 0.436571
1.77659e+09  -0.493828 -0.142686 -0.069018 -0.477767  0.175093 0.0312977
1.77659e+09   -0.341495  -0.482505 -0.0296032 -1.25731  -1.2795  1.17949
1.77659e+09    1.27877 -0.509137  0.824739 -0.750716  -1.26168   0.98369
1.77659e+09    1.47585 -0.424981  0.995181   0.292497 -0.0568411  0.0105457
1.77659e+09   0.320034 -0.174644  0.429526  -0.143783 -0.0265676   0.198778
1.77659e+09   0.432952 -0.389827  0.499833 -1.20457 -1.17427 0.963427
1.77659e+09    1.84549 -0.527246   1.27535  -1.17308 -0.672075   1.11235
1.77659e+09    1.84549 -0.527246   1.27535  -1.17308 -0.672075   1.11235
1.77659e+09  -0.0442866 0.00538577   -0.33853  2.23757  3.71098 -1.45015
1.77659e+09  -2.75858  1.20274 -1.48582    1.3401   2.10454 -0.546339
1.77659e+09  -2.96205  1.20913 -1.19926  -1.5703 -1.87691  2.01445
1.77659e+09  -2.96205  1.20913 -1.19926  -1.5703 -1.87691  2.01445
1.77659e+09   2.31421 0.119369 0.740583 0.558854 -1.52437  1.30351
1.77659e+09   2.31421 0.119369 0.740583 0.558854 -1.52437  1.30351
1.77659e+09   -1.26614   1.20381 -0.465296  -1.07713   1.43095 -0.838331
1.77659e+09   -1.25123 0.0192342 -0.211763 -1.88768 -1.10396   1.8438
1.77659e+09   1.11472 0.214178 0.583989 0.0105143  -2.12203   1.88017
1.77659e+09   1.11472 0.214178 0.583989 0.0105143  -2.12203   1.88017
1.77659e+09  0.570371 0.600869 0.130186 -0.897933   1.50371  -0.91255
1.77659e+09  0.570371 0.600869 0.130186 -0.897933   1.50371  -0.91255
1.77659e+09   -0.332973 0.00645103 -0.0658222  0.266862 -0.726275   1.11479
1.77659e+09   -0.332973 0.00645103 -0.0658222  0.266862 -0.726275   1.11479
1.77659e+09  0.679028  0.80753 0.270801 -0.691146  0.251264 0.0486316
1.77659e+09  0.679028  0.80753 0.270801 -0.691146  0.251264 0.0486316
1.77659e+09  -0.269057  0.373967 -0.132934 0.529069 0.214155 0.795458
1.77659e+09  -0.148682  0.879968 -0.133999   0.22194 -0.590044   1.00029
1.77659e+09  0.497933   0.8299 0.155753 -0.764144 -0.584185  0.725389
1.77659e+09  0.497933   0.8299 0.155753 -0.764144 -0.584185  0.725389
1.77659e+09   0.540544  0.655197 0.0630748 -0.344954  0.791303   1.40508
1.77659e+09   0.540544  0.655197 0.0630748 -0.344954  0.791303   1.40508
1.77659e+09  -0.846431  0.518843 -0.487667  -3.4265  1.92949 0.709032
1.77659e+09  -0.846431  0.518843 -0.487667  -3.4265  1.92949 0.709032
1.77659e+09  -0.420325 -0.466526 -0.163827  0.621598 -0.911822   2.51055
1.77659e+09  -0.420325 -0.466526 -0.163827  0.621598 -0.911822   2.51055
1.77659e+09  0.227356 0.110847 0.335782  -2.03953  0.298628 -0.118605
1.77659e+09  0.227356 0.110847 0.335782  -2.03953  0.298628 -0.118605
1.77659e+09   0.216703 -0.221516  0.386915 0.223405 -0.05855  1.65093
1.77659e+09   0.216703 -0.221516  0.386915 0.223405 -0.05855  1.65093
1.77659e+09   0.488346 -0.202341  0.481724 -1.09862 0.435835 0.648729
1.77659e+09   0.488346 -0.202341  0.481724 -1.09862 0.435835 0.648729
1.77659e+09   0.210312 -0.162926  0.298498 -0.106673  0.459272  0.618944
1.77659e+09   0.210312 -0.162926  0.298498 -0.106673  0.459272  0.618944
1.77659e+09   0.101655 0.0895417  0.169601 -0.366195  0.590132  0.540575
1.77659e+09   0.101655 0.0895417  0.169601 -0.366195  0.590132  0.540575
1.77659e+09  -0.0858319  -0.145882   0.128056 -0.335677  0.164106   0.60869
1.77659e+09  -0.0858319  -0.145882   0.128056 -0.335677  0.164106   0.60869
1.77659e+09  0.0782188 0.0682364  0.195168 -0.134261 0.0754832  0.827196
1.77659e+09  0.0611746  0.174763  0.186645 -0.591048 0.0742625  0.584764
1.77659e+09   0.235878 -0.166122  0.245235 -0.562484  0.307905  0.773485
1.77659e+09   0.235878 -0.166122  0.245235 -0.562484  0.307905  0.773485
1.77659e+09    0.113373 -0.0553343   0.164275 -0.078597   0.58476   0.69829
1.77659e+09  -0.125247  0.158784 0.0289863 -0.276839   0.54228  0.493212
1.77659e+09  -0.108202 -0.110728 0.0385737 -0.676009  0.222456  0.845751
1.77659e+09  -0.108202 -0.110728 0.0385737 -0.676009  0.222456  0.845751
1.77659e+09   -0.228577   0.155588 -0.0541043 -0.396468  0.419233  0.785204
1.77659e+09   -0.228577   0.155588 -0.0541043 -0.396468  0.419233  0.785204
1.77659e+09   -0.226447  -0.105402 -0.0455822 -0.771224 0.0268992  0.884325
1.77659e+09   -0.226447  -0.105402 -0.0455822 -0.771224 0.0268992  0.884325
1.77659e+09    -0.135899    0.105521 -0.00723265 -0.397445  0.161909  0.943651
1.77659e+09    -0.135899    0.105521 -0.00723265 -0.58763 0.350386  0.76079
1.77659e+09   -0.266927  -0.116054 -0.0615611  -0.79515 -0.128374  0.993212
1.77659e+09   -0.266927  -0.116054 -0.0615611  -0.79515 -0.128374  0.993212
1.77659e+09  -0.0570697 -0.0883575  0.0162032 -0.595687  0.315473  0.767382
1.77659e+09  -0.0570697 -0.0883575  0.0162032 -0.595687  0.315473  0.767382
1.77659e+09  -0.314864 -0.205537 -0.112694 -0.71971 0.213423 0.774218
1.77659e+09  -0.314864 -0.205537 -0.112694 -0.815658 -0.122759  0.808641
1.77659e+09  -0.0400255  -0.257735 -0.0104284  -0.593978 -0.0724661   0.850389
1.77659e+09   -0.122051  -0.187427 -0.0626264 -0.47557 0.178999 0.710497
1.77659e+09  -0.410738 -0.216189 -0.208568 -0.594222 -0.100542  0.635057
1.77659e+09    -0.185967   -0.234299 -0.00403686 -0.573958 -0.508745   1.03081
1.77659e+09     0.22203 -0.0883575   0.149361 -0.407943 -0.480669  0.909471
1.77659e+09   0.235878 -0.054269  0.148296  -0.308822 -0.0924856   0.697069
1.77659e+09  0.0526525 0.0266911 0.0652053 -0.406478 0.0234812    0.7708
1.77659e+09  0.0494567 0.0607795  0.080119 -0.635726 -0.132281  0.910692
1.77659e+09   0.157048 0.0107121  0.111012 -0.664046 -0.120806   0.81035
1.77659e+09    0.113373 -0.0116585  0.0918369   -0.45555 -0.0121633   0.690966
1.77659e+09  0.0366735  0.074628 0.0705317  -0.457015 -0.0546438   0.916796
1.77659e+09   0.133613 0.0959333  0.121664 -0.636947 -0.015093  0.752733
1.77659e+09    0.086741 0.00325524    0.10249 -0.540999  0.127241  0.701464
1.77659e+09   -0.118855  0.0352132 -0.0114937 -0.445785 0.0930613  0.805956
1.77659e+09   -0.133769  0.0565185 -0.0253421 -0.613509 -0.130327  0.848925
1.77659e+09  -0.00913285  0.00325524   0.0332474 -0.721663 -0.152544  0.902391
1.77659e+09  -0.00593705  -0.0244416   0.0332474  -0.624251 -0.0377981   0.845751
1.77659e+09   -0.124181 -0.0478775  -0.032799  -0.568099 -0.0973684   0.744677
1.77659e+09   -0.0794403  -0.0510733 0.000224201 -0.567122 -0.272173  0.910204
1.77659e+09    0.0824799 -0.00526688   0.0652053 -0.624984 -0.256548  0.979052
1.77659e+09    0.091002 -0.0446817  0.0811843  -0.592757 -0.0919973   0.740282
1.77659e+09  -0.00593705  -0.0691827   0.0353779  -0.492171 -0.0568411   0.825243
1.77659e+09   -0.001676 0.00964683  0.0375085 -0.524154 -0.190142  0.869188
1.77659e+09   0.0803494 -0.0169848  0.0630748 -0.659896 -0.215288  0.815966
1.77659e+09    0.130417 -0.0595954  0.0779885 -0.571273 -0.101519  0.893114
1.77659e+09  0.0665009 -0.013789 0.0449653   -0.375472 -0.00288598    0.712206
1.77659e+09    -0.021916   0.0245605 -0.00723265  -0.487288 -0.0556204   0.835741
1.77659e+09  -0.00380652   0.0213647  0.00555052 -0.686995 -0.167437  0.900682
1.77659e+09   0.0803494 -0.0670522     0.0439 -0.620589 -0.141802  0.795214
1.77659e+09   0.0803494 -0.0457469  0.0407043  -0.446517 -0.0414602   0.854296
1.77659e+09  0.00897665  0.0171037 0.00341999  -0.492904 -0.0382864   0.742479
1.77659e+09     0.014303  -0.0180501 -0.00190633  -0.641829 -0.0963918    0.81035
1.77659e+09   0.0569135 -0.0489427  0.0247253  -0.550033 -0.0631887   0.818651
1.77659e+09    0.014303 -0.0233764 0.00555052   -0.363021 -0.00972192     0.70952
1.77659e+09  -0.0325687  0.0405395 0.00128947  -0.488021 -0.0556204   0.855272
1.77659e+09  0.00471559 0.00325524  0.0183337 -0.547347 -0.117632  0.771776
1.77659e+09  0.0601093 0.0075163  0.055618  -0.509749 -0.0710012   0.819384
1.77659e+09  0.0206946 0.0277563 0.0332474 -0.495833 -0.015093  0.781786
1.77659e+09   -0.017655  0.0288216 0.00981158  -0.52098 -0.046343  0.807909
1.77659e+09  0.00897665  0.0256258  0.0162032  -0.585677 -0.0734426   0.877733
1.77659e+09  0.0366735 0.0160384 0.0502916  -0.627425 -0.0487844   0.884569
1.77659e+09  0.00365033 -0.0159195  0.0204642  -0.588607 -0.0170461   0.804979
1.77659e+09  -0.0165897 -0.0105932  0.0151379   -0.53929 -0.0238821   0.879686
1.77659e+09  0.00258506  0.0149731  0.0225948  -0.542464 -0.0387747   0.814257
1.77659e+09  0.00578086 0.00645103  0.0268558  -0.605452 -0.0326711   0.826219
1.77659e+09  -0.00700232  -0.0191153   0.0130074  -0.576156 -0.0424368    0.82329
1.77659e+09    0.018564 -0.0169848  0.0225948  -0.490218 -0.0353567   0.852343
1.77659e+09  0.0302819   0.02243 0.0343127 -0.472396 0.0115183   0.81035
1.77659e+09  -0.00593705   0.0234953     0.02366 -0.544417 0.0339793  0.801561
1.77659e+09   -0.0229813 -0.00100582  0.00981158   -0.567122 0.000531986     0.78911
1.77659e+09    0.0100419 -0.00526688   0.0279211  -0.508773 -0.0180227   0.826952
1.77659e+09  0.0270861 0.0320174 0.0300516 -0.522201 0.0242136  0.842089
1.77659e+09  -0.00593705   0.0266911   0.0130074 -0.569808 0.0427683  0.746874
1.77659e+09   -0.0165897 -0.00100582 0.000224201 -0.590804 0.0264109  0.833788
1.77659e+09   -0.0144592 5.94454e-05  0.00661579 -0.558577 0.0293406  0.845995
1.77659e+09  -0.0133939  0.0075163  0.0108768 -0.523665 0.0483835  0.814012
1.77659e+09  -0.0283076  0.0234953 0.00555052 -0.565658 0.0627878  0.814989
1.77659e+09    -0.0432213  -0.00207108 -0.000841063 -0.588851 0.0559519  0.805468
1.77659e+09   -0.0464171 -0.00313635 -0.00936318 -0.534896 0.0471628  0.812792
1.77659e+09  -0.0528087  0.0181689 -0.0178853 -0.533675 0.0356882  0.810839
1.77659e+09  -0.0485476 0.00964683 -0.0136242 -0.570052 0.0271433  0.851366
1.77659e+09  -0.0442866 0.00538577 -0.0104284 -0.581283 0.0298289  0.828661
1.77659e+09   -0.0549392  0.00325524 -0.00510212 -0.549788 0.0203074  0.795214
1.77659e+09    -0.0453518    0.0128426 -0.000841063   -0.53807 0.00248511    0.84453
1.77659e+09  -0.0197855    0.02243  0.0162032    -0.575423 -0.000688717     0.842577
1.77659e+09  -0.00913285  0.00858156   0.0183337 -0.593001 0.0259226  0.807421
1.77659e+09    -0.021916 -0.00739741  0.00768105 -0.554915 0.0371531  0.795214
1.77659e+09  -0.0229813  0.0107121 0.00874632 -0.541488 0.0188425   0.81743
1.77659e+09  -0.0101981  0.0160384 0.00981158 -0.591292 0.0293406  0.821825
1.77659e+09   -0.0240465 -0.00313635   0.0140726  -0.58763 0.0447214  0.820116
1.77659e+09   -0.037895 0.00112471 0.00555052 -0.542952 0.0400828  0.812792
1.77659e+09  -0.0496129 0.00964683 0.00448526  -0.54637 0.0151804  0.790819
1.77659e+09  -0.0389603 0.00858156 0.00341999   -0.563216 -0.00483911    0.790575
1.77659e+09    -0.0283076    0.0075163 -0.000841063   -0.575423 -0.00215356     0.84038
1.77659e+09   -0.0315034   0.0139079 -0.00190633   -0.557601 -0.00386254    0.781786
1.77659e+09   -0.0315034 -0.00207108 -0.00403686   -0.540999 -0.00459497    0.818407
1.77659e+09   -0.0315034   0.0149731 -0.00297159   -0.560042 -0.00923364    0.877001
1.77659e+09   -0.0357645  0.00325524 -0.00723265   -0.56932 -0.0131399   0.782274
1.77659e+09  -0.0187202 0.00218997  0.0140726   -0.57054 -0.0285207   0.842821
1.77659e+09   -0.017655 0.00538577 0.00341999 -0.590804 -0.013384   0.83037
1.77659e+09  -0.00380652 -0.00846267  0.00341999 -0.525618 0.0622996  0.745653
1.77659e+09   -0.0101981 -0.00313635  0.00555052 -0.551253  0.195112  0.928759
1.77659e+09    -0.228577 -0.00207108   -0.103106 -0.863021   0.06645    1.0811
1.77659e+09   -0.190228   -0.27904 -0.0999107  -0.940658 -0.0919973   0.882616
1.77659e+09  -0.0517434  -0.387697 -0.0253421 -0.0829916 -0.0917532   0.971483
1.77659e+09   -0.157205 -0.0585301  -0.145717  0.149674 0.0510691   1.01665
1.77659e+09  -0.249883  0.038409 -0.153174  -0.768783 -0.0641653    0.89287
1.77659e+09  -0.103941 -0.353608 -0.111629 -0.656966 -0.208208  0.570848
1.77659e+09  -0.0623961  -0.297149 -0.0999107   0.108659 -0.0834524    1.09795
1.77659e+09  -0.0698529  0.0767585  -0.108433  0.0288249 -0.0294973    0.81743
1.77659e+09  -0.123116 -0.029768 -0.139325  -0.759261 -0.0683157   0.820848
1.77659e+09  -0.0464171  -0.283301 -0.0903233 -0.566146 -0.133257  0.941942
1.77659e+09  -0.00913285   -0.203406  -0.0711485  0.0747233 -0.0981008    0.93535
1.77659e+09  0.0132377 0.0448006 -0.073279 0.0500651 -0.060259  0.899462
1.77659e+09  0.00684612  0.0852806 -0.0551696  -0.624984 -0.0541555    1.05181
1.77659e+09   0.0782188  -0.138425 -0.0391906   -0.569564 -0.00654809    0.717577
1.77659e+09   0.0153682  -0.150143 -0.0711485 0.030778 0.130903  1.07573
1.77659e+09  -0.0655919    0.16411  -0.120151 0.00611978   0.161665    1.05425
1.77659e+09  -0.146552  0.134283 -0.143587 -0.642806 0.0420359  0.845995
1.77659e+09  -0.100746 -0.110728 -0.126542  -0.669906 -0.0829641    1.00615
1.77659e+09  -0.0251118 -0.0979449 -0.0839317 -0.134505 -0.075884   1.04912
1.77659e+09  -0.0442866  0.0831501  -0.122281 -0.0400228 -0.0260793   0.869677
1.77659e+09  -0.0474824   0.130022 -0.0839317  -0.564193 -0.0851614    1.05058
1.77659e+09   0.0441304 -0.0478775 -0.0551696  -0.627669 -0.0736868   0.873827
1.77659e+09   0.0611746 -0.0926186 -0.0296032 -0.0898275  0.0583933    0.89287
1.77659e+09  -0.0272423   0.125761 -0.0881928 -0.0627279   0.156782   0.943163
1.77659e+09  -0.0858319   0.134283 -0.0945843 -0.528304  0.115522  0.828173
1.77659e+09   -0.13803 -0.054269 -0.130803  -0.503646 -0.0155813   0.791796
1.77659e+09  -0.0517434 -0.0265722 -0.0786054 -0.0720052 -0.0392629   0.945604
1.77659e+09  -0.0251118   0.197133 -0.0775401 -0.202132 0.0698679  0.900927
1.77659e+09  -0.155074  0.110847 -0.112694 -0.639632 0.0710886  0.637987
1.77659e+09   -0.164661 -0.0883575  -0.120151  -0.43724 -0.106402  0.883837
1.77659e+09   -0.017655  0.0597143 -0.0146895 -0.0859212  -0.112993    1.04106
1.77659e+09  0.0579788  0.210982 0.0204642 -0.301253 0.0974558  0.722704
1.77659e+09  -0.146552 0.0852806 -0.089258 -0.647201  0.177046  0.658251
1.77659e+09   -0.241361 -0.0393553  -0.135064  -0.477523 -0.0631887   0.832079
1.77659e+09   -0.101811  0.0565185 -0.0679527 -0.212386 -0.255572  0.964159
1.77659e+09   0.0601093   0.175828 0.00661579  -0.352279 -0.0910207   0.834764
1.77659e+09  -0.0560045   0.124695 -0.0594306 -0.515609 0.0662058   0.64287
1.77659e+09  -0.171053 0.0501269 -0.124412 -0.495101 -0.044634  0.813036
1.77659e+09  -0.0911582  0.0959333 -0.0945843 -0.342269 -0.201128  0.928026
1.77659e+09   0.0473262   0.196068 -0.0285379 -0.412581 -0.119341  0.843065
1.77659e+09  -0.00274126     0.16411  -0.0519738  -0.60765 0.0149363  0.674364
1.77659e+09  -0.0506782    0.10339 -0.0541043 -0.238997 -0.016802  0.648485
1.77659e+09    -0.15827   0.282355 -0.0967149 -0.0829916  -0.277544    0.82744
1.77659e+09    0.16344  0.387816 0.0247253 -0.304915 -0.249224  0.687303
1.77659e+09   0.154918  0.396338 0.0588137 -0.332259 0.0139597  0.534227
1.77659e+09  -0.0623961   0.418708 0.00448526  -0.632796 -0.0282766    0.85161
1.77659e+09   -0.042156    0.32603 0.00235473 -0.729232  -0.39522   1.01006
1.77659e+09  0.301924 0.271702 0.164275 -0.558333 -0.269243   1.13506
1.77659e+09  0.326425 0.361184 0.209016 -0.206283  0.163618  0.933397
1.77659e+09   -0.166792   0.421904 -0.0455822 -0.478255 0.0601023  0.804247
1.77659e+09  -0.217925  0.223765 -0.149978 -0.842025 -0.531206   1.30596
1.77659e+09  0.394602 0.217373 0.158949 -0.492415  -0.45479   1.39141
1.77659e+09  0.457453 0.311117 0.202624 0.0376139  0.180464  0.401903
1.77659e+09  -0.168923  0.375033 -0.120151 0.0622721 0.0837839  0.469042
1.77659e+09  -0.11779  0.56465 -0.13613 -0.596175 -0.615435   1.47539
1.77659e+09  0.430821 0.466645 0.146165  -1.18431 -0.697222  0.964159
1.77659e+09  0.683289 0.106586 0.277193   -0.24388 -0.0573293   0.281542
1.77659e+09   0.229486  0.431492 0.0428348  0.70363 0.194868 0.636034
1.77659e+09  0.241204 0.875707 0.186645 -0.353499 0.0720652   1.09868
1.77659e+09  0.312577 0.595542 0.206886  -1.42406 -0.236284  0.665087
1.77659e+09   0.628961 0.0458658  0.349631 -0.918197  0.348432   1.08647
1.77659e+09  -0.0123286   0.255723   0.075858 0.466081 0.297895  0.17412
1.77659e+09  -0.389432  0.588085 -0.084997 0.0727702  -0.38228  0.582079
1.77659e+09  0.385015 0.583824 0.393307 -0.939925  -1.11397   1.02397
1.77659e+09   1.03057  0.32603 0.611686 -0.630843 -0.598589  0.335497
1.77659e+09  0.803664 0.218439 0.431656 0.507096 0.266401 0.232714
1.77659e+09  0.791946 0.845879 0.255888 -0.535384   1.21464    1.5689
1.77659e+09   0.361579    1.2134 -0.112694 -3.42772  2.24321  1.73271
1.77659e+09   -1.33219  -0.49955 -0.863705  -3.99583   2.76957 -0.405958
1.77659e+09  -2.41663 -1.51475 -1.21524 0.0014811    1.1746   1.37724
1.77659e+09  -2.36763 0.291942 -1.00539   1.30812 -0.856157   2.43852
1.77659e+09  -0.582245  0.953471 -0.197915 -2.24705 -1.89131 0.436815
1.77659e+09   0.106981 -0.462265 0.0151379  -3.19847 -0.939654  0.102098
1.77659e+09  -0.410738  -1.05029 -0.188328 -0.395247  -0.10982  0.852587
1.77659e+09   -0.253078   0.104455 -0.0828664  0.953141 -0.513628   1.35185
1.77659e+09  0.350927 0.662654 0.293172  -1.66405 -0.561724   1.06523
1.77659e+09   0.607655 -0.423916  0.389046 -2.83958 0.345259   0.3958
1.77659e+09  -0.001676 -0.940569  0.131252 -0.731673  0.720991  0.454637
1.77659e+09   -0.598224  -0.265191 -0.0818012  0.465104 -0.146197   0.66411
1.77659e+09  -0.0208508  0.0927375   0.111012   -0.7993 -0.679156   0.66411
1.77659e+09   0.604459 -0.206602  0.363479 -1.63475 -0.16939 0.859178
1.77659e+09   0.261444 -0.606076 0.0652053 -0.856185  0.748823  0.101366
1.77659e+09  -0.527917 -0.505941 -0.205372   0.21071  0.502729 -0.199171
1.77659e+09  -0.669597 0.0405395   -0.2597 -0.177718 -0.417681   1.06548
1.77659e+09  0.0643704 0.0245605 0.0257905 -1.52074 -0.77315 0.764208
1.77659e+09   0.533087 -0.495289  0.248431   -1.15013 -0.0553762   0.452684
1.77659e+09     0.12296  -0.485701 -0.0317337 0.0849772  0.731977  0.249559
1.77659e+09  -0.681315 0.0554532  -0.31829 -0.0146322   0.275434   0.238085
1.77659e+09   -0.368127 -0.0372248   -0.21709  -1.13402 -0.476275  0.883593
1.77659e+09    0.30299 -0.232168 0.0982285 -1.20579 -0.41646 0.811327
1.77659e+09   0.338143 -0.384501 0.0609443 -0.279769  0.470014  0.318651
1.77659e+09     -0.3383 -0.0798354    -0.2597 -0.100814  0.639936  0.234911
1.77659e+09  -0.707946 0.0735627 -0.238395  -1.05443 -0.205034   0.81743
1.77659e+09  -0.197685 -0.286497 0.0279211 -1.12303 -1.29952  0.92412
1.77659e+09    0.937887 -0.0755743   0.562684 -0.054183 -0.716753   1.25713
1.77659e+09   1.03057 0.447471 0.582924 -0.0939779   0.522016   0.795702
1.77659e+09   -0.136965   0.319639 -0.0359948  -1.4785 0.918989 0.305712
1.77659e+09  -0.428847 -0.270518  -0.17874  -1.52464 0.0776804   1.04058
1.77659e+09   0.176223 -0.135229  0.150427 -0.577376 -0.404741   1.37212
1.77659e+09   0.432952 0.0842153  0.167471 -0.368392  0.285932  0.300585
1.77659e+09    -0.18064  0.0202995 -0.0221464 -0.743148  0.561323  0.335009
1.77659e+09  -0.511938 -0.103271 -0.203241 -0.863509 -0.161822  0.875536
1.77659e+09   0.111242  -0.13949 0.0566832 -0.655745  -0.57564  0.855272
1.77659e+09    0.486215 -0.0457469    0.20582 -0.342757 0.0559519  0.657274
1.77659e+09  -0.00274126   0.0852806  -0.0498432 -0.746077  0.354048  0.688524
1.77659e+09  -0.192358 -0.192753 -0.170218  -1.16917 0.0420359  0.581346
1.77659e+09  0.000454534   -0.406872  -0.0434516 -0.460189 -0.237749  0.830614
1.77659e+09    0.191137 -0.0404206  0.0257905 -0.209456 -0.186236   1.07207
1.77659e+09    0.0984589 -0.00846267  -0.0232116 -0.953353 -0.118609  0.587694
1.77659e+09   0.229486 -0.364261 0.0897064  -0.925277 -0.0956594   0.765428
1.77659e+09   0.285945 -0.276909  0.134448 -0.189681 0.0571726   1.03008
1.77659e+09    0.137874 0.00325524  0.0950327 -0.304671 0.0242136  0.835741
1.77659e+09    0.189006 -0.0350943   0.126991  -0.823226 -0.0937063   0.785692
1.77659e+09   0.257183 -0.209798  0.195168  -0.612044 -0.0502493   0.847948
1.77659e+09    0.266771 -0.0691827    0.20582 -0.15721 0.108442 0.928026
1.77659e+09  0.091002 0.127891 0.162144  -0.46263 0.0344675  0.946337
1.77659e+09   0.193267 0.0575837  0.211147  -0.935775 -0.0778372   0.834276
1.77659e+09   0.234813 -0.154404  0.239909 -0.470687 0.0225046  0.763231
1.77659e+09     0.1432 0.0895417   0.14297 -0.182113  0.208296  0.913622
1.77659e+09  -0.0240465   0.174763   0.080119 -0.600326  0.175093  0.560839
1.77659e+09  -0.0751792 -0.0382901     0.0439  -0.723372 -0.0258352   0.827684
1.77659e+09   0.018564 0.0202995  0.100359  -0.575423 -0.0697805    1.05889
1.77659e+09    0.0356083 -0.00633214    0.125925   -0.536605 4.37052e-05    0.607225
1.77659e+09  -0.0325687 -0.0936838  0.0545527 -0.323226 0.0244578  0.664354
1.77659e+09  -0.0517434  0.0458658  0.0641401 -0.319076 -0.035845  0.893846
1.77659e+09  -0.00380652   0.0842153   0.0513569  -0.745833 -0.0597707   0.808886
1.77659e+09  0.00684612  -0.165057   0.111012   -0.843734 -0.00581567    0.720751
1.77659e+09  -0.0837014  -0.230038  0.0577485 -0.196029 -0.207232  0.835985
1.77659e+09  -0.0325687 -0.0382901  0.0843801 -0.0893392  -0.438677   0.915575
1.77659e+09   0.470236 0.0213647  0.242039 -0.173812  0.178755  0.417772
1.77659e+09  0.0302819    0.1215  0.096098 0.101335 0.626753 0.680468
1.77659e+09   -0.417129   0.604064 -0.0967149 -0.847152  0.429975   1.72466
1.77659e+09   -0.425651   0.209917 -0.0668875 -1.79759 -0.39815 0.767626
1.77659e+09  0.0941978 -0.306737  0.100359 -0.586165 -0.581011   1.20806
1.77659e+09  0.194333 0.209917 0.137643  0.324723 0.0564402   1.29277
1.77659e+09   -0.164661   0.444275 -0.0359948 -0.893783   0.27104  0.617723
1.77659e+09  -0.247752 -0.150143 -0.103106  -1.55882 0.0835398  0.669237
1.77659e+09  -0.215794 -0.367457  -0.01682 -0.554183 -0.203814   1.07744
1.77659e+09  -0.0112634 -0.0244416  0.0172684 -0.0651693  -0.304644   0.981981
1.77659e+09    0.12296 0.0256258   0.10249  -0.661117 -0.0287649   0.648241
1.77659e+09  -0.0474824  -0.241756  0.0172684 -0.700423 0.0930613  0.599169
1.77659e+09   -0.220055   -0.23856 -0.0679527  -0.33348 -0.168413   0.93828
1.77659e+09   -0.017655 -0.0979449  0.0300516 -0.196761 -0.379839  0.703661
1.77659e+09    0.256118 -0.0329638   0.133382  -0.417464 -0.0956594   0.786669
1.77659e+09     0.10485 -0.0350943  0.0833148 -0.495833  0.224409  0.538622
1.77659e+09   -0.172118 -0.0936838 -0.0541043 -0.603499  0.064741  0.800829
1.77659e+09  -0.0549392  -0.109663 0.00874632 -0.505843 -0.217241  0.861132
1.77659e+09    0.138939 -0.0553343  0.0907717 -0.335189 -0.156206  0.869677
1.77659e+09  0.0835452 0.0277563  0.055618 -0.551742  0.126753  0.792528
1.77659e+09   -0.109268  -0.086227 -0.0391906 -0.627913 0.0945261  0.627489
1.77659e+09  -0.0837014  -0.132033 -0.0200158  -0.446517 -0.0907766   0.891893
1.77659e+09    0.0526525 -0.00633214   0.0417695  -0.316146 -0.0771047   0.857714
1.77659e+09  0.0494567 0.0341479 0.0225948 -0.524154  0.113569  0.695848
1.77659e+09  -0.0815708 -0.0532038 -0.0434516 -0.561995  0.165083  0.648973
1.77659e+09   -0.132704 -0.0510733 -0.0700833 -0.408431  0.049116  0.846971
1.77659e+09  -0.0858319  0.0543879 -0.0391906  -0.402083 -0.0456106   0.865282
1.77659e+09  -0.0123286  0.0831501 -0.0104284 -0.667952 0.0173777  0.795214
1.77659e+09  -0.0687877 -0.0372248 -0.0200158 -0.68431 0.108442 0.751268
1.77659e+09   -0.122051 -0.0329638 -0.0391906 -0.462874 0.0510691  0.913622
1.77659e+09  -0.0975498  0.0693016 -0.0189506  -0.513167 -0.0363332   0.837694
1.77659e+09  -0.021916 0.0330826 0.0130074  -0.766829 -0.0189993   0.872606
1.77659e+09  -0.0357645 -0.0553343 0.00874632 -0.706527 0.0754832  0.803514
1.77659e+09   -0.0858319   -0.050008 -0.00936318 -0.535628 0.0496043  0.863329
1.77659e+09  -0.0666571 0.00538577 0.00768105   -0.610091 -0.00728051    0.857469
1.77659e+09  -0.0272423 -0.0382901  0.0289863   -0.736312 -0.00630395    0.795702
1.77659e+09  -0.0261771  -0.105402  0.0321821 -0.586898 0.0454539   0.83745
1.77659e+09  -0.0602655 -0.0372248  0.0151379 -0.495101 0.0359324  0.781786
1.77659e+09  -0.0368297 -0.0361595  0.0225948 -0.571029 0.0168894  0.726854
1.77659e+09  -0.0304381 -0.0532038  0.0204642 -0.574447 0.0117625  0.816698
1.77659e+09   -0.042156 -0.0276374  0.0140726 -0.588118  0.026655  0.802538
1.77659e+09  -0.0315034 -0.0436164  0.0247253 -0.519271 0.0225046  0.707079
1.77659e+09  -0.0325687 0.00112471  0.0268558  -0.45848 0.0586375  0.780077
1.77659e+09  -0.0645266  0.0533227  0.0130074 -0.588851  0.061323  0.738329
1.77659e+09   -0.0751792 -0.00420161 -0.00510212 -0.668441 0.0288523  0.774462
1.77659e+09   -0.0762445 -0.00633214  0.00341999  -0.600326 0.00810035   0.812792
1.77659e+09  -0.0410908  0.0128426 0.00661579 -0.540267 0.0183543  0.702196
1.77659e+09   -0.0751792   0.0192342 -0.00616739 -0.607161 0.0515574  0.848436
1.77659e+09   -0.094354  0.0245605 -0.0274727  -0.679671 0.00810035   0.761034
1.77659e+09  -0.0805056 -0.0691827 0.00235473  -0.659896 0.00883277   0.761034
1.77659e+09  -0.0634613 -0.0372248 0.00448526  -0.490462 -0.0260793   0.886522
1.77659e+09  -0.0464171  0.0245605  0.0140726 -0.580306 0.0124949  0.749071
1.77659e+09  -0.0506782 -0.0159195 0.00874632   -0.701644 -0.00679223    0.791307
1.77659e+09  -0.0442866 -0.0627912 0.00235473 -0.617904 0.0134714  0.807421
1.77659e+09  -0.0315034 -0.0116585  0.0215295 -0.488021 0.0203074   0.79204
1.77659e+09  -0.0592003  0.0320174 0.00128947 -0.599105 0.0322703  0.805956
1.77659e+09   -0.0623961 -0.00313635  0.00874632 -0.714095 0.0288523  0.859911
1.77659e+09    -0.078375  -0.0521385 -0.00297159 -0.602767 0.0139597  0.772997
1.77659e+09   -0.0751792  -0.0287027 -0.00403686  -0.482161 -0.0192434   0.775927
1.77659e+09  -0.0496129  0.0309521 0.00235473  -0.592513 -0.0402395   0.857225
1.77659e+09  -0.0293729 -0.0159195 0.00661579 -0.722884  -0.02022  0.777147
1.77659e+09  -0.0549392  -0.090488 -0.0146895    -0.592269 -0.000932857     0.775927
1.77659e+09   -0.0602655  -0.0414859 -0.00723265  -0.485579 -0.0106985   0.830614
1.77659e+09   -0.0346992 -0.00739741 -0.00616739  -0.584945 -0.0221731   0.771288
1.77659e+09  -0.0528087 -0.0627912 -0.0114937 -0.680892 0.0217722   0.76787
1.77659e+09  -0.0815708  -0.086227  -0.032799  -0.556624 -0.0136282   0.771288
1.77659e+09  -0.0858319 -0.0563996 -0.0402558  -0.479232 -0.0773489   0.748339
1.77659e+09  -0.0272423 -0.0105932 -0.0146895 -0.585433 -0.117388  0.903368
1.77659e+09    0.018564 -0.0255069 0.00235473  -0.680892 -0.0548879   0.755663
1.77659e+09   -0.0123286  -0.0819659 -0.00723265  -0.551009 -0.0153372   0.761034
1.77659e+09  -0.00913285  -0.0159195 -0.00616739   -0.443099 -0.00825708    0.862841
1.77659e+09   -0.0155244   0.0490616 -0.00723265  -0.606917 -0.0119192    0.84038
1.77659e+09  -0.0208508 -0.0361595 -0.0157548  -0.606917 -0.0119192    0.84038
1.77659e+09  -0.0315034  -0.090488 -0.0200158  -0.583724 -0.0148489   0.831591
1.77659e+09   -0.037895 -0.0233764 -0.0264074  -0.473617 -0.0211965    0.83452
1.77659e+09  -0.0315034  0.0213647 -0.0200158  -0.631087 -0.0282766    0.84868
1.77659e+09  -0.0315034 -0.0436164 -0.0210811  -0.725326 -0.0104543   0.733934
1.77659e+09  -0.0400255  -0.104336   -0.01682    -0.544417 -0.000688717     0.819139
1.77659e+09  -0.0464171 -0.0212458 -0.0232116 -0.432601 0.0105418  0.798632
1.77659e+09  -0.0655919 0.00645103 -0.0274727  -0.575911 -0.0102102    0.74663
1.77659e+09  -0.0634613 -0.0510733 -0.0413211 -0.669417 -0.042925  0.787401
1.77659e+09  -0.0485476 -0.0723785  -0.032799  -0.548812 -0.0717336   0.800096
1.77659e+09  -0.0304381 -0.0191153 -0.0242769 -0.480208 -0.103716  0.834764
1.77659e+09  0.0228251 0.0139079 0.0172684  -0.619124 -0.0749075   0.837206
1.77659e+09   0.0324125 -0.0372248  0.0215295   -0.659652 -0.00728051    0.760546
1.77659e+09  -0.00700232  -0.0691827  0.00661579 -0.532943 0.0220164  0.803026
1.77659e+09  -0.0144592 -0.0191153 0.00661579  -0.512679 0.00468238   0.832079
1.77659e+09  0.00578086 -0.0180501  0.0151379 -0.635482  0.014448  0.806932
1.77659e+09  -0.0251118 -0.0691827 -0.0104284 -0.667952 0.0571726  0.798143
1.77659e+09  -0.0719834  -0.090488 -0.0285379 -0.549788 0.0381296  0.819872
1.77659e+09  -0.0805056  -0.054269 -0.0349295   -0.469222 -0.00923364    0.798143
1.77659e+09    -0.058135 -0.00952793  -0.0104284   -0.58763 -0.0419485   0.870165
1.77659e+09    -0.058135 -0.00952793  -0.0104284   -0.58763 -0.0419485   0.870165
1.77659e+09    -0.0442866   -0.0958144 -0.000841063   -0.557601 -0.00483911     0.81035
1.77659e+09    -0.0442866   -0.0958144 -0.000841063   -0.557601 -0.00483911     0.81035
1.77659e+09   -0.0442866  -0.0148543 -0.00936318  -0.573958 -0.0600149   0.783495
1.77659e+09   -0.0442866  -0.0148543 -0.00936318  -0.573958 -0.0600149   0.783495
1.77659e+09  0.0398693 -0.102206 0.0257905   -0.556868 -0.00190942    0.751024
1.77659e+09  0.0398693 -0.102206 0.0257905   -0.556868 -0.00190942    0.751024
1.77659e+09   -0.0368297 -0.00207108 0.000224201 -0.523177 0.0198191  0.824266
1.77659e+09   -0.0368297 -0.00207108 0.000224201 -0.523177 0.0198191  0.824266
1.77659e+09  -0.0272423 -0.0872922 0.00768105 -0.598861 0.0225046  0.836962
1.77659e+09  -0.0272423 -0.0872922 0.00768105 -0.598861 0.0225046  0.836962
1.77659e+09   -0.0570697  -0.0180501 -0.00829791  -0.559798 -0.0241262   0.875292
1.77659e+09   -0.0570697  -0.0180501 -0.00829791  -0.559798 -0.0241262   0.875292
1.77659e+09  -0.0315034  -0.107532  0.0119421  -0.582503 0.00102027   0.803026
1.77659e+09  -0.0315034  -0.107532  0.0119421  -0.582503 0.00102027   0.803026
1.77659e+09   -0.042156 -0.0233764 0.00661579  -0.536605 -0.0131399   0.804979
1.77659e+09   -0.042156 -0.0233764 0.00661579  -0.536605 -0.0131399   0.804979
1.77659e+09  -0.0315034 -0.0947491 0.00235473  -0.604964 0.00346167   0.794237
1.77659e+09  -0.0315034 -0.0947491 0.00235473  -0.604964 0.00346167   0.794237
1.77659e+09   -0.0400255  -0.0361595 -0.00616739  -0.454574 -0.0314504   0.837206
1.77659e+09   -0.0400255  -0.0361595 -0.00616739  -0.454574 -0.0314504   0.837206
1.77659e+09  -0.0315034 -0.0670522 0.00128947  -0.620833 -0.0316946   0.834764
1.77659e+09  -0.0315034 -0.0670522 0.00128947  -0.620833 -0.0316946   0.834764
1.77659e+09   -0.0229813  -0.0425511 -0.00616739  -0.543929 -0.0346243   0.830126
1.77659e+09   -0.0229813  -0.0425511 -0.00616739  -0.543929 -0.0346243   0.830126
1.77659e+09   -0.001676 -0.0755743 0.00555052  -0.582747 -0.0124075   0.771776
1.77659e+09   -0.001676 -0.0755743 0.00555052  -0.582747 -0.0124075   0.771776
1.77659e+09  -0.0464171 0.00112471 -0.0242769 -0.481185  0.030073  0.841112
1.77659e+09  -0.0464171 0.00112471 -0.0242769 -0.481185  0.030073  0.841112
1.77659e+09  -0.0325687 -0.0926186  -0.012559   -0.56346 -0.0334036   0.836962
1.77659e+09  -0.0325687 -0.0926186  -0.012559   -0.56346 -0.0334036   0.836962
1.77659e+09   -0.0283076 -0.00952793  -0.0146895  -0.593245 -0.0334036   0.824266
1.77659e+09   -0.0283076 -0.00952793  -0.0146895  -0.593245 -0.0334036   0.824266
1.77659e+09   -0.00913285   -0.0766396 -0.000841063  -0.499007 0.00394996   0.828905
1.77659e+09   -0.00913285   -0.0766396 -0.000841063  -0.499007 0.00394996   0.828905
1.77659e+09   -0.0474824   0.0107121 -0.00936318   -0.546126 -0.00532739    0.807421
1.77659e+09   -0.0474824   0.0107121 -0.00936318   -0.546126 -0.00532739    0.807421
1.77659e+09    -0.0240465    -0.050008 -0.000841063  -0.606673 0.00102027   0.825487
1.77659e+09    -0.0240465    -0.050008 -0.000841063  -0.606673 0.00102027   0.825487
1.77659e+09  -0.0453518 -0.0105932  -0.012559   -0.533675 -0.00654809    0.819872
1.77659e+09  -0.0453518 -0.0105932  -0.012559  -0.597152 -0.0487844   0.863085
1.77659e+09  -0.00487179  -0.0393553  0.00874632 -0.678206 -0.049761  0.829637
1.77659e+09  0.00258506 -0.0979449  0.0119421  -0.53099 0.0239695  0.776415
1.77659e+09  -0.0464171  -0.054269 -0.0114937 -0.412581 0.0666941  0.825975
1.77659e+09   -0.0773098 5.94454e-05  -0.0221464  -0.543929 0.00810035   0.810106
1.77659e+09  -0.0368297 -0.0947491 -0.0146895  -0.529769 -0.0141165   0.807909
1.77659e+09  -0.0368297 -0.0947491 -0.0146895  -0.529769 -0.0141165   0.807909
1.77659e+09  -0.0773098 -0.0105932 -0.0423864   -0.421126 -0.00483911    0.756639
1.77659e+09  -0.0773098 -0.0105932 -0.0423864   -0.59471 -0.0546438   0.860887
1.77659e+09  -0.00380652   -0.123511  0.00341999  -0.705062 -0.0858938   0.826708
1.77659e+09  -0.00380652   -0.123511  0.00341999  -0.530013 -0.0385305   0.792284
1.77659e+09  -0.00806758  -0.0414859  0.00235473  -0.449447 -0.0165579   0.902391
1.77659e+09  -0.00913285  -0.0191153 -0.00510212   -0.574447 -0.00874536    0.776171
1.77659e+09  -0.0112634 -0.0627912 0.00128947  -0.650374 -0.0160696   0.863085
1.77659e+09  -0.0112634 -0.0819659 -0.0104284  -0.571517 -0.0172903   0.838427
1.77659e+09  -0.0272423 -0.0681175 -0.0157548   -0.45848 -0.0158254   0.853319
1.77659e+09  0.0324125 0.0075163 0.0119421 -0.388167 0.0850046  0.672655
1.77659e+09  -0.0719834  0.0362784   -0.01682 -0.203109  0.142378  0.600389
1.77659e+09    -0.13803   0.286616 -0.0604959 -0.498519 0.0447214   1.02861
1.77659e+09   -0.0837014    0.255723 -0.00829791   -1.09007 -0.0194875    0.87163
1.77659e+09  -0.0485476 0.00218997  0.0321821 -0.803206 0.0281199  0.703173
1.77659e+09   -0.118855   0.126826 -0.0146895 -0.463363 0.0500925   1.13164
1.77659e+09   -0.152944   0.250397 -0.0200158  -0.811507 -0.0981008   0.845018
1.77659e+09  -0.0123286  0.0288216  0.0673359 -0.830062 -0.123736  0.698778
1.77659e+09   0.014303 0.0554532 0.0833148 -0.404036 0.0205515   0.96953
1.77659e+09  -0.0677224   0.220569  0.0289863 -0.450423 0.0957468  0.718065
1.77659e+09    -0.134834    0.166241 -0.00723265 -0.780013  0.017866   0.74663
1.77659e+09  -0.0996803  0.0565185  0.0151379  -0.657454 -0.0441457   0.803514
1.77659e+09  -0.0794403   0.109782  0.0162032  -0.397933 -0.0417043   0.852098
1.77659e+09  -0.0826361   0.220569 0.00555052  -0.541488 -0.0177786   0.772997
1.77659e+09  -0.0954193    0.14387  0.0151379  -0.749984 -0.0580618   0.744677
1.77659e+09  -0.0602655  0.0671711  0.0385737 -0.644027 -0.112505    0.8958
1.77659e+09  -0.00700232    0.119369   0.0662706  -0.430648 -0.0617239   0.735155
1.77659e+09  -0.0112634   0.179024   0.059879    -0.574447 -0.000932857     0.800585
1.77659e+09  -0.021916  0.127891 0.0311169 -0.739486 0.0632761  0.742723
1.77659e+09  -0.0826361  0.0693016 0.00874632 -0.627913 0.0481394  0.740038
1.77659e+09   -0.100746  0.0863459 -0.0285379   -0.519271 -0.00142114    0.806932
1.77659e+09   -0.0730487    0.111912 0.000224201  -0.582015 -0.0231497   0.834276
1.77659e+09   -0.0805056   0.0906069 -0.00829791 -0.635238 0.0105418  0.795214
1.77659e+09  -0.0996803  0.0618448 -0.0104284  -0.572005 0.00687964   0.723192
1.77659e+09   -0.107137  0.0703669 -0.0200158  -0.571517 -0.0089895   0.858934
1.77659e+09    -0.094354   0.0938027 -0.00829791   -0.56932 -0.0397512   0.761034
1.77659e+09    -0.078375   0.0831501 -0.00829791  -0.606673 -0.0502493   0.800096
1.77659e+09  -0.0666571  0.0714322 0.00874632  -0.614486 -0.0456106   0.829637
1.77659e+09  -0.0592003  0.0597143 0.00235473   -0.57762 -0.0243704   0.762011
1.77659e+09  -0.0687877  0.0543879  0.0119421   -0.55931 -0.0309622   0.840624
1.77659e+09   -0.058135  0.0735627 0.00555052  -0.615462 -0.0517141   0.849169
1.77659e+09  -0.037895 0.0320174 0.0204642 -0.637435 -0.049761  0.772753
1.77659e+09  -0.0240465  0.0277563  0.0130074  -0.531722 -0.0148489   0.807421
1.77659e+09   -0.0677224   0.0693016 -0.00190633   -0.592757 -0.00630395    0.806932
1.77659e+09  -0.0666571    0.02243 -0.0146895  -0.635726 -0.0666067   0.784227
1.77659e+09   -0.0410908 -0.00100582  0.00341999  -0.566634 -0.0724661   0.885057
1.77659e+09  -0.00913285   0.0362784   0.0215295  -0.531478 -0.0482961   0.764452
1.77659e+09   -0.0304381 5.94454e-05  0.00661579   -0.545882 -0.00874536    0.753466
1.77659e+09    -0.053874   0.0107121 -0.00297159  -0.555892 -0.0387747   0.847216
1.77659e+09    -0.021916  0.00112471 -0.00297159  -0.541976 -0.0475637   0.701952
1.77659e+09   -0.0208508  -0.0105932 -0.00616739   -0.535628 -0.00264184    0.844042
1.77659e+09  -0.0645266  0.0266911 -0.0391906     -0.5493 -0.00728051    0.783739
1.77659e+09  -0.0709182 -0.0116585 -0.0317337  -0.597884 -0.0529348   0.809374
1.77659e+09   -0.0304381 -0.00100582  -0.0114937  -0.594954 -0.0648977   0.927782
1.77659e+09   -0.0251118 -0.00846267  -0.0136242  -0.595687 -0.0131399   0.769091
1.77659e+09  -0.0602655 -0.0350943 -0.0370601  -0.515853 -0.0104543   0.822313
1.77659e+09  -0.0655919  0.0256258 -0.0317337  -0.579085 -0.0431692   0.887499
1.77659e+09  -0.0293729 -0.0223111 -0.0285379  -0.619857 -0.0546438   0.751512
1.77659e+09  -0.0229813 -0.0553343 -0.0285379   -0.504378 -0.00874536    0.849657
1.77659e+09  -0.0528087 0.00858156 -0.0466474 -0.459945 0.0203074  0.818895
1.77659e+09  -0.0837014 0.00645103 -0.0509085 -0.572982 0.0105418  0.814257
1.77659e+09   -0.074114 -0.0159195 -0.0434516  -0.642806 -0.0197317    0.87578
1.77659e+09  -0.0698529 -0.0478775 -0.0477127  -0.571029 0.00907691    0.76494
1.77659e+09   -0.103941 -0.0329638 -0.0604959   -0.47679 -0.0124075   0.822802
1.77659e+09  -0.0975498  0.0192342 -0.0626264   -0.55638 -0.0724661   0.842577
1.77659e+09  -0.0474824 -0.0159195 -0.0264074  -0.641829 -0.0981008   0.815966
1.77659e+09   -0.0133939  -0.0404206 -0.00936318  -0.558822 -0.0370657   0.854296
1.77659e+09    -0.037895  -0.0105932 -0.00510212 -0.482161 0.0220164  0.821337
1.77659e+09  -0.0645266  0.0128426 -0.0189506   -0.544173 -0.00337426    0.834032
1.77659e+09    -0.042156 -0.00526688  0.00555052  -0.605941 -0.0226614   0.828661
1.77659e+09  -0.0155244 -0.0223111  0.0151379 -0.56932 0.028364 0.845995
1.77659e+09   -0.0645266  -0.0159195 -0.00936318 -0.524398 0.0732859  0.792772
1.77659e+09    -0.11992 -0.0212458 -0.0338643   -0.532699 -0.00654809     0.78911
1.77659e+09  -0.0634613 -0.0255069 0.00235473   -0.55223 -0.0780813   0.879442
1.77659e+09  -0.0101981 -0.0116585  0.0364432  -0.518294 -0.0197317   0.795702
1.77659e+09  -0.0464171 -0.0105932  0.0268558 -0.514876 0.0569285   0.78911
1.77659e+09   -0.0996803 5.94454e-05 0.000224201 -0.584456 0.0330027  0.841112
1.77659e+09  -0.0868972 -0.0276374  0.0130074  -0.598861 -0.0346243   0.805956
1.77659e+09  -0.0496129 -0.0308332  0.0279211  -0.56932 -0.032427  0.880907
1.77659e+09  -0.0634613 -0.0244416  0.0247253 -0.531478 0.0149363  0.813768
1.77659e+09  -0.0879624 -0.0372248  0.0119421 -0.506087   0.01103  0.801561
1.77659e+09  -0.0975498  -0.013789  0.0140726  -0.501937 -0.0280325   0.824755
1.77659e+09  -0.0762445 -0.0116585  0.0257905  -0.521712 -0.0439016   0.788866
1.77659e+09  -0.0613308 -0.0191153  0.0321821 -0.512923 -0.011675   0.81035
1.77659e+09   -0.0900929 -0.00207108   0.0162032  -0.518294 0.00126441   0.813768
1.77659e+09   -0.107137 -0.0105932 0.00128947  -0.551253 -0.0456106   0.800585
1.77659e+09  -0.0847666 -0.0244416 0.00555052  -0.529769 -0.0876028   0.846727
1.77659e+09   -0.0485476 -0.00100582   0.0257905  -0.506087 -0.0773489   0.852831
1.77659e+09  -0.0400255 0.00538577  0.0247253  -0.535384 -0.0373098   0.813768
1.77659e+09   -0.0602655 -0.00526688    0.019399  -0.578353 -0.0265676   0.850389
1.77659e+09  -0.0570697 -0.0159195  0.0108768  -0.560286 -0.0253469   0.801073
1.77659e+09  -0.0634613 -0.0223111  0.0108768  -0.530013 -0.0136282   0.832567
1.77659e+09    -0.074114  0.00645103 -0.00723265  -0.53221 -0.029009  0.849901
1.77659e+09   -0.0826361 -0.00420161  -0.0146895  -0.600814 -0.0504934   0.810839
1.77659e+09   -0.0528087   -0.034029 -0.00297159  -0.582015 -0.0556204   0.849901
1.77659e+09   -0.058135 -0.0244416 -0.0146895   -0.43431 -0.0194875   0.760057
1.77659e+09   -0.0868972   0.0266911 -0.00936318 -0.544173   -0.0273  0.909716
1.77659e+09   -0.0602655 -0.00633214   -0.012559  -0.662093 -0.0551321   0.802782
1.77659e+09  -0.0442866  -0.065987 0.00235473   -0.57762 -0.0163137   0.818407
1.77659e+09  -0.0709182 -0.0191153 -0.0210811   -0.514876 0.000531986    0.887743
1.77659e+09  -0.0911582  -0.013789 -0.0370601  -0.564681 -0.0319387   0.741747
1.77659e+09  -0.0666571 -0.0425511 -0.0136242  -0.610579 -0.0707571    0.87871
1.77659e+09  -0.0165897 -0.0308332 0.00874632  -0.542464 -0.0285207    0.79204
1.77659e+09   -0.0613308   -0.034029 0.000224201 -0.478255 0.0330027  0.789598
1.77659e+09  -0.0890277  0.0107121   -0.01682   -0.535872 -0.00483911    0.872606
1.77659e+09   -0.0730487  -0.0105932 -0.00403686  -0.606673 -0.0392629   0.741259
1.77659e+09  -0.0496129 -0.0414859 0.00661579  -0.521224 -0.0404836   0.817186
1.77659e+09   -0.0634613   0.0117774 -0.00936318  -0.502913 -0.0343801   0.819384
1.77659e+09   -0.0687877 -0.00526688 -0.00829791  -0.575911 -0.0556204   0.753954
1.77659e+09  -0.0368297 -0.0308332  0.0119421 -0.541243 -0.075884  0.845995
1.77659e+09   -0.0208508 -0.00420161   0.0225948  -0.495589 -0.0370657   0.784227
1.77659e+09   -0.0325687 -0.00420161   0.0215295   -0.529036 -0.00654809    0.787401
1.77659e+09   -0.0570697 5.94454e-05 0.000224201  -0.586165 -0.0023977   0.841112
1.77659e+09  -0.0751792 -0.0127237 -0.0114937 -0.615951 -0.032427  0.811327
1.77659e+09  -0.0698529 -0.0350943 -0.0189506   -0.58763 -0.0563528   0.858202
1.77659e+09  -0.0623961 -0.0244416 -0.0136242  -0.531966 -0.0565969   0.825243
1.77659e+09   -0.0645266 -0.00633214  -0.0146895  -0.552962 -0.0641653   0.849901
1.77659e+09   -0.0570697 -0.00846267 -0.00723265 -0.605208 -0.065386   0.84453
1.77659e+09  -0.0400255 -0.0329638 0.00235473  -0.550521 -0.0578176    0.80205
1.77659e+09   -0.0410908   -0.013789 -0.00510212  -0.511458 -0.0392629   0.858446
1.77659e+09    -0.058135 -0.00207108  -0.0189506  -0.553451 -0.0370657   0.789598
1.77659e+09  -0.0613308 -0.0318985 -0.0221464  -0.555892 -0.0607473    0.78911
1.77659e+09  -0.0400255 -0.0233764   -0.01682  -0.509993 -0.0590383   0.815966
1.77659e+09   -0.0325687 -0.00846267 -0.00616739  -0.493636 -0.0407278   0.798632
1.77659e+09  -0.0389603  0.0149731 -0.0114937  -0.556868 -0.0243704   0.832567
1.77659e+09    -0.053874 -0.00207108  -0.0114937  -0.591536 -0.0163137   0.779589
1.77659e+09  -0.0496129 -0.0287027  -0.012559  -0.553206 -0.0209524   0.838182
1.77659e+09    -0.058135 -0.00207108  -0.0200158  -0.542708 -0.0302297   0.830126
1.77659e+09   -0.0623961 -0.00420161  -0.0264074  -0.599349 -0.0565969   0.820604
1.77659e+09  -0.0410908 -0.0255069 -0.0157548   -0.59471 -0.0578176   0.859911
1.77659e+09  -0.0389603 -0.0201806 -0.0104284  -0.541732 -0.0304739   0.817919
1.77659e+09   -0.0453518   -0.013789 -0.00510212   -0.511458 -0.00972192    0.817919
1.77659e+09  -0.0666571  0.0043205 -0.0136242  -0.548324 -0.0136282   0.843065
1.77659e+09  -0.0655919 -0.0148543 -0.0104284  -0.588363 -0.0431692   0.803514
1.77659e+09   -0.0474824  -0.0393553 -0.00723265  -0.540023 -0.0507375   0.817919
1.77659e+09   -0.0442866  -0.0148543 -0.00297159  -0.498031 -0.0456106   0.817919
1.77659e+09   -0.0410908 -0.00207108 -0.00403686  -0.537581 -0.0329153   0.793505
1.77659e+09   -0.0432213  -0.0127237 0.000224201   -0.590072 -0.00947778    0.860399
1.77659e+09    -0.0517434   -0.0223111 -0.000841063  -0.568831 0.00150855   0.804003
1.77659e+09   -0.078375 -0.0308332 -0.0157548    -0.518783 -0.000200435      0.82036
1.77659e+09  -0.0773098 0.00538577 -0.0136242  -0.539779 -0.0526907   0.852831
1.77659e+09    -0.053874 -0.00952793 -0.00510212  -0.625472 -0.0517141   0.835985
1.77659e+09  -0.0389603  -0.029768 0.00235473  -0.575911 -0.0368215   0.821337
1.77659e+09    -0.058135   -0.029768 -0.00936318    -0.53099 -0.00728051    0.806444
1.77659e+09  -0.0826361  -0.029768 -0.0136242  -0.488753 -0.0465872   0.844042
1.77659e+09   -0.0517434 -0.00846267  0.00235473  -0.498763 -0.0705129   0.807421
1.77659e+09  -0.0229813 -0.0191153  0.0151379 -0.512923 -0.035845  0.773241
1.77659e+09  -0.0432213 -0.0180501 0.00661579   -0.498031 -0.00923364    0.826708
1.77659e+09  -0.0645266 0.00325524 -0.0136242  -0.514144 -0.0294973   0.814989
1.77659e+09  -0.0592003  0.0043205 -0.0146895   -0.58348 -0.0570852     0.8333
1.77659e+09  -0.0432213 -0.0116585  -0.012559  -0.591536 -0.0519582   0.831102
1.77659e+09  -0.0560045 -0.0265722   -0.01682  -0.534652 -0.0434133   0.815966
1.77659e+09   -0.0549392 -0.00100582  -0.0114937    -0.5139 -0.0783254   0.888719
1.77659e+09   -0.0283076  0.00645103 -0.00616739  -0.568343 -0.0773489   0.827684
1.77659e+09  -0.0187202 -0.0201806 0.00235473  -0.559798 -0.0465872   0.813768
1.77659e+09  -0.0304381 -0.0169848 -0.0136242  -0.509749 -0.0260793   0.826952
1.77659e+09   -0.042156 0.00112471 -0.0242769  -0.523665 -0.0338918   0.818407
1.77659e+09    -0.037895 -0.00739741  -0.0232116  -0.564681 -0.0478079   0.849901
1.77659e+09  -0.0315034 -0.0191153 -0.0253421  -0.569808 -0.0294973   0.845018
1.77659e+09  -0.0528087 -0.0308332 -0.0274727  -0.505355 -0.0248586   0.778368
1.77659e+09   -0.0645266 -0.00952793  -0.0338643  -0.489974 -0.0570852   0.843065
1.77659e+09   -0.0517434 -0.00633214  -0.0296032  -0.538314 -0.0778372   0.806444
1.77659e+09  -0.0272423 -0.0191153 -0.0189506  -0.557601 -0.0836965   0.831102
1.77659e+09  -0.017655 -0.013789  -0.01682  -0.537337 -0.0526907   0.808886
1.77659e+09   -0.0325687 -0.00739741  -0.0189506  -0.525618 -0.0382864   0.829393
1.77659e+09  -0.0368297  0.0043205 -0.0232116  -0.572982 -0.0334036    0.85454
1.77659e+09  -0.0432213 -0.0191153 -0.0157548  -0.578597 -0.0407278   0.808886
1.77659e+09  -0.0432213 -0.0318985   -0.01682   -0.48387 -0.0512258   0.838671
1.77659e+09   -0.042156  0.0160384 -0.0178853  -0.486556 -0.0600149   0.820848
1.77659e+09  -0.0315034 0.00645103 -0.0157548  -0.560286 -0.0763723   0.794969
1.77659e+09  -0.0155244 -0.0105932   -0.01682  -0.574202 -0.0622122   0.830126
1.77659e+09   -0.0187202 -0.00952793   -0.012559    -0.5139 -0.0370657   0.777147
1.77659e+09  -0.0293729  0.0192342 -0.0210811  -0.511458 -0.0260793   0.867723
1.77659e+09  -0.0453518    0.02243 -0.0253421  -0.618636 -0.0316946   0.858446
1.77659e+09  -0.0442866  -0.029768 -0.0210811  -0.602767 -0.0475637   0.787645
1.77659e+09  -0.0368297 -0.0308332   -0.01682  -0.479232 -0.0522024   0.816454
1.77659e+09  -0.0368297  0.0181689 -0.0210811  -0.533187 -0.0600149   0.880175
1.77659e+09   -0.0272423 -0.00100582  -0.0157548  -0.611556 -0.0690481   0.792528
1.77659e+09   -0.0165897  -0.0287027 -0.00936318  -0.559798 -0.0522024   0.820604
1.77659e+09   -0.0229813 -0.00633214 -0.00936318  -0.485335 -0.0390188   0.791796
1.77659e+09  -0.0283076 0.00964683 -0.0104284 -0.509505 -0.037554  0.794237
1.77659e+09    -0.0187202    0.0117774 -0.000841063   -0.55638 -0.0443899   0.868212
1.77659e+09    -0.021916  0.00325524 -0.00297159  -0.547835 -0.0294973   0.768114
1.77659e+09   -0.037895 -0.0105932  -0.012559  -0.514144 -0.0280325   0.798876
1.77659e+09   -0.042156  0.0160384 -0.0189506  -0.531966 -0.0529348   0.850878
1.77659e+09  -0.0293729  0.0075163  -0.012559  -0.583968 -0.0617239   0.818407
1.77659e+09   -0.0208508  -0.0116585 -0.00723265  -0.583968 -0.0478079   0.855028
1.77659e+09  -0.0357645 -0.0127237 -0.0210811  -0.513656 -0.0294973   0.806444
1.77659e+09  -0.0485476  0.0075163 -0.0114937  -0.571517 -0.0439016   0.896532
1.77659e+09  -0.0304381 0.00112471 -0.0114937  -0.609603 -0.0690481   0.825731
1.77659e+09   -0.0208508  -0.0350943 -0.00616739 -0.583968 -0.035845  0.831102
1.77659e+09  -0.0368297 -0.0127237 -0.0189506  -0.53807 -0.032427  0.852587
1.77659e+09   -0.0432213 -0.00313635  -0.0285379  -0.540755 -0.0277883   0.795946
1.77659e+09  -0.0432213 -0.0105932 -0.0146895   -0.55516 -0.0304739   0.848436
1.77659e+09  -0.0336339 -0.0191153 -0.0178853  -0.513656 -0.0258352   0.778612
1.77659e+09  -0.0485476 -0.0233764 -0.0157548  -0.471419 -0.0302297   0.800585
1.77659e+09   -0.042156  0.0160384 -0.0178853  -0.498275 -0.0485403   0.826219
1.77659e+09   -0.0304381  0.00964683 -0.00723265  -0.575667 -0.0353567   0.793505
1.77659e+09   -0.0357645 -0.00952793 -0.00616739   -0.57762 -0.0299856   0.829149
1.77659e+09    -0.042156 -0.00952793  -0.0189506 -0.533187 -0.015093  0.808886
1.77659e+09  -0.0634613 0.00645103 -0.0210811  -0.534652 -0.0260793   0.839647
1.77659e+09  -0.0560045  0.0107121 -0.0178853  -0.593245 -0.0512258   0.856493
1.77659e+09   -0.0442866  -0.0191153 -0.00616739  -0.579818 -0.0377981   0.814989
1.77659e+09   -0.0560045  -0.0191153 -0.00829791 -0.508285 -0.037554  0.835009
1.77659e+09  -0.0645266  0.0075163 -0.0210811  -0.523177 -0.0607473   0.819384
1.77659e+09   -0.0432213 -0.00207108   -0.012559  -0.562972 -0.0878469   0.823778
1.77659e+09   -0.0144592 -0.00526688 -0.00723265  -0.568343 -0.0702688   0.839159
1.77659e+09   -0.0304381 -0.00846267 -0.00723265  -0.520247 -0.0402395   0.783495
1.77659e+09   -0.0474824 -0.00100582  -0.0178853  -0.495833 -0.0526907   0.843553
1.77659e+09    -0.037895   0.0171037 -0.00936318  -0.542952 -0.0685598   0.824755
1.77659e+09   -0.0187202 -0.00952793 -0.00190633 -0.554671 -0.074175  0.804979
1.77659e+09   -0.0165897 -0.00633214 -0.00723265  -0.540755 -0.0509817   0.838182
1.77659e+09  -0.0261771 0.00112471  -0.012559  -0.540999 -0.0487844   0.796678
1.77659e+09   -0.021916 0.00218997 -0.0178853  -0.568587 -0.0575735    0.84453
1.77659e+09  -0.0229813 0.00538577 -0.0178853 -0.589095 -0.046343  0.840868
1.77659e+09  -0.0261771 -0.0191153 -0.0178853   -0.52513 -0.0299856   0.793749
1.77659e+09  -0.0410908  0.0043205 -0.0210811  -0.501937 -0.0199758   0.863817
1.77659e+09  -0.0560045 0.00538577 -0.0285379  -0.566878 -0.0424368   0.809862
1.77659e+09  -0.0442866 -0.0169848 -0.0232116  -0.584945 -0.0666067   0.839403
1.77659e+09   -0.0346992 -0.00313635  -0.0189506  -0.544906 -0.0609915   0.812303
1.77659e+09   -0.0442866 -0.00526688  -0.0242769  -0.536117 -0.0648977   0.802294
1.77659e+09   -0.0410908 -0.00100582  -0.0232116   -0.53807 -0.0749075   0.842577
1.77659e+09   -0.0208508 -0.00420161 -0.00510212  -0.543929 -0.0724661   0.830614
1.77659e+09  -0.00380652  -0.0148543  0.00448526  -0.521468 -0.0377981   0.825975
1.77659e+09   -0.0272423 -0.00207108 -0.00510212  -0.519515 -0.0128957   0.814989
1.77659e+09    -0.042156 -0.00100582  -0.0157548    -0.5493 -0.0473196   0.802782
1.77659e+09   -0.0240465 -0.00420161  -0.0114937  -0.565169 -0.0600149   0.835009
1.77659e+09   -0.0144592  0.00112471 -0.00297159  -0.546859 -0.0380422   0.814501
1.77659e+09   -0.0336339 -0.00100582   -0.012559  -0.515365 -0.0197317   0.814257
1.77659e+09  -0.0506782  0.0160384 -0.0136242   -0.53099 -0.0399954   0.851366
1.77659e+09   -0.0346992  0.00964683 -0.00190633  -0.551742 -0.0590383   0.810106
1.77659e+09   -0.0283076 -0.00739741  0.00768105  -0.524642 -0.0478079   0.842577
1.77659e+09   -0.0315034   0.0139079 0.000224201  -0.512679 -0.0439016   0.819628
1.77659e+09    -0.042156   0.0043205 -0.00829791  -0.543197 -0.0536672   0.787401
1.77659e+09  -0.0240465 0.00858156 0.00341999   -0.58348 -0.0839407   0.889208
1.77659e+09  -0.00806758 -0.00846267  0.00235473 -0.565169 -0.049761  0.794481
1.77659e+09  -0.0261771 -0.0116585 0.00341999  -0.511702 -0.0297415   0.850389
1.77659e+09   -0.0346992   0.0171037 -0.00936318  -0.556136 -0.0392629   0.852343
1.77659e+09   -0.0325687 -0.00846267 0.000224201  -0.596663 -0.0551321   0.791063
1.77659e+09    -0.0240465   -0.0191153 -0.000841063  -0.547347 -0.0605032   0.852831
1.77659e+09   -0.0229813  0.00645103 -0.00510212  -0.509505 -0.0443899   0.815966
1.77659e+09  -0.0283076 0.00645103 -0.0114937  -0.545638 -0.0414602   0.828661
1.77659e+09   -0.0283076 -0.00420161  -0.0146895  -0.567122 -0.0524465   0.834276
1.77659e+09  -0.0272423 -0.0169848 -0.0104284  -0.513167 -0.0397512    0.79204
1.77659e+09    -0.0272423   0.00218997 -0.000841063  -0.466781 -0.0397512   0.831835
1.77659e+09  -0.0336339  0.0256258 -0.0104284  -0.526595 -0.0407278   0.800096
1.77659e+09   -0.0336339  0.00112471 -0.00616739  -0.577376 -0.0536672   0.808397
1.77659e+09   -0.0208508 -0.00526688 -0.00510212  -0.555648 -0.0607473   0.845018
1.77659e+09  -0.0187202 0.00538577 -0.0104284  -0.526107 -0.0487844   0.793505
1.77659e+09  -0.0304381  0.0128426 -0.0114937  -0.558822 -0.0612356   0.854052
1.77659e+09   -0.0208508   0.0075163 -0.00723265  -0.583968 -0.0624563   0.834032
1.77659e+09    -0.017655 -0.00952793  0.00341999  -0.531478 -0.0456106   0.821337
1.77659e+09   -0.0240465   0.0128426 -0.00510212  -0.528548 -0.0397512   0.857469
1.77659e+09   -0.0272423  0.00858156 -0.00403686  -0.567367 -0.0443899   0.797411
1.77659e+09   -0.0261771 -0.00526688 -0.00829791  -0.557357 -0.0580618     0.8416
1.77659e+09   -0.0208508   0.0128426 -0.00829791  -0.536361 -0.0614797   0.803759
1.77659e+09    -0.021916  0.00218997 -0.00936318  -0.539046 -0.0583059   0.819872
1.77659e+09   -0.0197855  0.00325524 -0.00936318  -0.548568 -0.0536672   0.860399
1.77659e+09   -0.0187202  0.00218997 -0.00403686  -0.542952 -0.0565969   0.800341
1.77659e+09   -0.0123286 -0.00313635 0.000224201  -0.536605 -0.0517141   0.845507
1.77659e+09   -0.0187202   0.0139079 -0.00403686  -0.541243 -0.0473196   0.814257
1.77659e+09   -0.0229813   0.0043205 -0.00723265 -0.559554  -0.05855  0.793749
1.77659e+09  -0.00700232  0.00858156 -0.00616739  -0.564193 -0.0380422   0.828905
1.77659e+09  -0.0101981 -0.0159195 0.00235473  -0.53807 0.0166453  0.855761
1.77659e+09   -0.109268 -0.0468122 -0.0626264  -0.618392 -0.0876028   0.933886
1.77659e+09  -0.0336339  -0.116054 -0.0264074  -0.70262 -0.238482   1.06645
1.77659e+09   0.155983 -0.212993 0.0939675 -0.587874 -0.075884  0.979784
1.77659e+09  0.0686315 -0.178905 0.0417695 -0.105697  0.118696  0.780321
1.77659e+09   -0.151878 -0.0468122 -0.0828664 -0.274642 0.0781687  0.857469
1.77659e+09  -0.0879624  -0.090488 -0.0370601 -0.469954 -0.199907  0.838182
1.77659e+09   0.091002 -0.136294 0.0417695  -0.28929 -0.102007  0.896776
1.77659e+09    0.0739578 -0.00952793   0.0652053 -0.128646   0.16728  0.859911
1.77659e+09   -0.132704  0.0522574 -0.0306685 -0.314681  0.137251  0.791063
1.77659e+09     -0.1604  -0.013789 -0.0264074 -0.562728 -0.100054   1.00029
1.77659e+09   0.0217598 -0.0446817  0.0769232 -0.348128 -0.187212  0.956102
1.77659e+09  0.0654357 0.0320174 0.0939675 -0.254378 -0.001177  0.982469
1.77659e+09  -0.0613308   0.074628   0.019399  -0.48265 0.0530222  0.907274
1.77659e+09  -0.0986151 -0.0478775  0.0279211 -0.593245 -0.121294  0.921434
1.77659e+09   0.0494567 -0.0787701   0.107816  -0.36888 -0.150591    1.1126
1.77659e+09    0.103785 0.00538577   0.147231 -0.160628  0.031782  0.842089
1.77659e+09  -0.0655919  0.0469311  0.0545527 -0.365951  0.063032  0.902391
1.77659e+09  -0.0911582  -0.013789  0.0502916  -0.59471 -0.122515  0.960741
1.77659e+09  0.0590441 -0.104336  0.139774 -0.403304 -0.188189  0.957811
1.77659e+09   0.0963283 -0.0287027   0.150427  -0.147689 -0.0639211   0.935594
1.77659e+09  -0.00593705   0.0661058    0.103555  -0.379378 -0.0568411   0.961229
1.77659e+09   0.0132377 -0.0350943   0.115273 -0.622542 -0.180132  0.918749
1.77659e+09   0.115503 -0.128838  0.172797 -0.383285 -0.174273  0.971239
1.77659e+09    0.106981 -0.0265722   0.179189 -0.204329 -0.102984   1.01933
1.77659e+09  0.0728925 0.0266911  0.138709 -0.471175 -0.133501  0.931688
1.77659e+09   0.105916 -0.108598  0.152557 -0.597396  -0.14522  0.903368
1.77659e+09   0.133613 -0.145882  0.162144 -0.231429 -0.146197  0.917772
1.77659e+09   0.108046 -0.013789  0.140839 -0.170638 -0.175005  0.914598
1.77659e+09    0.161309 0.00538577   0.150427 -0.443831 -0.231157  0.905565
1.77659e+09    0.247596 -0.0958144   0.181319 -0.466781 -0.117388  0.900438
1.77659e+09   0.190072 -0.102206  0.166405  -0.121077 0.00394996   0.765917
1.77659e+09  0.0696967 0.0234953 0.0982285 -0.119857 -0.156939  0.865282
1.77659e+09    0.18368 0.0554532  0.144035 -0.519271 -0.331988   0.97661
1.77659e+09     0.40419 -0.0563996   0.240974  -0.53099 -0.156695  0.912889
1.77659e+09    0.318969 -0.0734438   0.222864 -0.0766439   0.190473   0.679247
1.77659e+09  0.0356083 0.0906069 0.0865106 -0.0720052  0.0505808    0.86455
1.77659e+09  0.114438 0.133218 0.138709 -0.529769 -0.269732  0.888964
1.77659e+09     0.409516 -0.00420161    0.282519 -0.539779 -0.152056  0.865038
1.77659e+09   0.351992 0.0256258  0.282519 -0.105697  0.209761  0.808397
1.77659e+09  0.054783  0.18435 0.146165 -0.159408 0.0915964  0.698778
1.77659e+09  0.054783  0.18435 0.146165 -0.159408 0.0915964  0.698778
1.77659e+09   0.431887 0.0714322  0.328326 -0.436751 0.0520457   1.01982
1.77659e+09  0.263575 0.154523 0.253757 -0.206038  0.416059  0.653368
1.77659e+09  -0.205141  0.169436  0.055618 -0.519759 0.0588816   0.79204
1.77659e+09  -0.205141  0.169436  0.055618 -0.519759 0.0588816   0.79204
1.77659e+09   0.641744 0.0288216  0.450831 -0.432845 -0.367388   1.04473
1.77659e+09   0.641744 0.0288216  0.450831 -0.432845 -0.367388   1.04473
1.77659e+09  0.0622399  0.231222  0.164275 -0.450911  0.460005  0.506151
1.77659e+09  0.0622399  0.231222  0.164275 -0.450911  0.460005  0.506151
1.77659e+09  0.0313472  0.188611  0.109946   0.252214 -0.0739309   0.939745
1.77659e+09  0.0313472  0.188611  0.109946   0.252214 -0.0739309   0.939745
1.77659e+09  0.419103 0.295138 0.289976  -1.22191 0.0420359  0.573534
1.77659e+09  0.419103 0.295138 0.289976  -1.22191 0.0420359  0.573534
1.77659e+09  -0.0847666   0.394207 -0.0306685  0.0652018 -0.0204641    1.36479
1.77659e+09   0.189006  0.518843 0.0705317 -0.83348 -0.28438 0.926561
1.77659e+09  0.287011 0.105521 0.152557 -0.967757 -0.125689   1.10869
1.77659e+09  0.287011 0.105521 0.152557 -0.967757 -0.125689   1.10869
1.77659e+09  0.146396 0.324965 0.080119 -0.0847005   0.191694   0.911669
1.77659e+09  0.146396 0.324965 0.080119 -0.0847005   0.191694   0.911669
1.77659e+09   0.018564 0.0607795 0.0428348  -1.10326 -0.147173   1.10942
1.77659e+09   0.018564 0.0607795 0.0428348  -1.10326 -0.147173   1.10942
1.77659e+09     0.3456 -0.034029  0.186645 0.369645 0.391401 0.809862
1.77659e+09     0.3456 -0.034029  0.186645 0.369645 0.391401 0.809862
1.77659e+09   -0.25947  0.284485 -0.124412    -1.38548 -0.00605981    0.686815
1.77659e+09   -0.25947  0.284485 -0.124412    -1.38548 -0.00605981    0.686815
1.77659e+09    0.247596 -0.0617259  0.0460306 0.818376 0.295698   1.3499
1.77659e+09    0.247596 -0.0617259  0.0460306 0.818376 0.295698   1.3499
1.77659e+09  -0.651487  0.239744 -0.341726 -1.37987 0.225386 0.598192
1.77659e+09  -0.651487  0.239744 -0.341726 -1.37987 0.225386 0.598192
1.77659e+09    0.141069  -0.188492 0.00448526 0.0153971  -0.29854   1.44731
1.77659e+09    0.141069  -0.188492 0.00448526 0.0153971  -0.29854   1.44731
1.77659e+09  -0.474653  0.179024 -0.322551 -1.01414 0.923384  1.10747
1.77659e+09  -0.474653  0.179024 -0.322551 -1.01414 0.923384  1.10747
1.77659e+09  -0.899694 -0.436699 -0.534539 -0.0468587  -0.300982    1.24541
1.77659e+09  -0.899694 -0.436699 -0.534539 -0.0468587  -0.300982    1.24541
1.77659e+09  0.0366735  0.157719 -0.175544  0.308854 -0.103716   1.15434
1.77659e+09  -0.234969  0.208851 -0.305507 -0.591048  0.964399  0.245653
1.77659e+09   -1.27893 -0.251343 -0.648522 -0.0102376  -0.299029    1.11504
1.77659e+09   -1.27893 -0.251343 -0.648522 -0.0102376  -0.299029    1.11504
1.77659e+09  0.0430651  0.334552 -0.103106   0.26735 -0.626421    1.1397
1.77659e+09  0.0430651  0.334552 -0.103106 -0.301742  0.586225 0.0771961
1.77659e+09     -1.835  0.304725 -0.820029  0.421647 0.0337351  0.347948
1.77659e+09     -1.835  0.304725 -0.820029  0.421647 0.0337351  0.347948
1.77659e+09   1.07318 0.302595 0.832196 -3.99583 -3.80806  1.62114
1.77659e+09   1.07318 0.302595 0.832196 -3.99583 -3.80806  1.62114
1.77659e+09   2.31634 -1.51688  1.17202 -2.13206 -1.41719   1.5706
1.77659e+09    2.39623 -0.826586   1.10916  2.65578 0.878218  1.29741
1.77659e+09  -0.390498  0.363315  0.231387  -3.70506   1.01298 -0.053175
1.77659e+09  -0.390498  0.363315  0.231387  -3.70506   1.01298 -0.053175
1.77659e+09   0.189006 -0.350413  0.324065  1.26637 0.232954 0.565966
1.77659e+09   0.189006 -0.350413  0.324065  1.26637 0.232954 0.565966
1.77659e+09  -0.373453  0.755332  0.117403  0.371598 -0.219439 -0.500685
1.77659e+09  -0.0155244   0.481559   0.144035  -1.83079 -0.944536  0.657762
1.77659e+09   0.584219 -0.133099  0.398633  -1.75706 -0.692583  0.714647
1.77659e+09  0.0696967  0.176893  0.055618 0.0422526 0.0810984 0.0901355
1.77659e+09  0.0696967  0.176893  0.055618 0.0422526 0.0810984 0.0901355
1.77659e+09  0.0878062    0.3239 -0.187262 -0.802718 -0.284868  0.453173
1.77659e+09   0.659853 -0.086227 -0.212829 -0.641097   1.07499   0.32036
1.77659e+09  -0.638704  0.279159 -0.724156  0.407975   1.43632 -0.249464
1.77659e+09   -2.0864 0.988625 -1.19287  -0.71263 -0.204546    1.3499
1.77659e+09  -0.900759   0.40699 -0.740135 -2.52562 -2.53829   1.1729
1.77659e+09     1.31393 -0.0787701   0.315542 -1.62547 -1.69502   1.4832
1.77659e+09    1.33417 0.0309521  0.338978 0.191667 0.561811 0.485155
1.77659e+09  -0.332973  0.598738 -0.347052 -0.729232  0.889936 -0.392775
1.77659e+09  -0.476784  0.124695 -0.258635  -1.97923 -0.441118   1.02934
1.77659e+09   0.741879 -0.256669  0.269736  -1.11009 -0.822954   1.10869
1.77659e+09    0.977302 -0.0649217   0.360284  0.23195 0.361616 0.564989
1.77659e+09   0.105916  0.314312 0.0108768 -0.0759115   0.683882  -0.485548
1.77659e+09  -0.361735  0.298333 -0.107368 -1.19603 0.163618 0.889452
1.77659e+09    0.119764 -0.0595954   0.115273  -1.06834 -0.518755  0.790819
1.77659e+09    0.598068 -0.0127237   0.300629 -0.0971517 -0.0548879   0.549364
1.77659e+09  0.248661 0.332422 0.103555 -0.0265951   0.366987   0.287157
1.77659e+09   -0.244556   0.373967 -0.0956496 -0.953109  0.257368  0.327684
1.77659e+09   -0.209403 -0.0223111 -0.0317337 -0.731673 -0.495318  0.672167
1.77659e+09  0.320034 0.236548  0.16321 -0.238997 -0.562945   1.10063
1.77659e+09  0.495803 0.493277 0.236713 -0.553206 -0.192583  0.447557
1.77659e+09   0.215638  0.208851 0.0918369 -0.937972  0.105268  0.259081
1.77659e+09  0.0718273  0.115108 0.0311169 -0.588607 -0.171343  0.968309
1.77659e+09  0.429756 0.387816 0.195168 -0.388411 -0.100786  0.827928
1.77659e+09  0.675832 0.478363 0.221799 -1.37962 0.818891  1.43852
1.77659e+09   -0.11992  0.290877 -0.228808 -2.58983  1.73442  1.45293
1.77659e+09   -1.33752 -0.467592 -0.793398 -2.00072 0.929975 0.200731
1.77659e+09   -1.29384 -0.821259 -0.708177 -0.276107 -0.607134   1.13896
1.77659e+09   0.126156  0.115108 0.0449653  0.137223 -0.881304    2.1165
1.77659e+09  0.338143 0.349466 0.103555 -1.42992 0.176802 0.149218
1.77659e+09  -0.495959 -0.691297 -0.341726  -1.79271  0.701216 -0.337355
1.77659e+09  -0.776123 -0.788236 -0.398185  0.070817 0.0603464   1.20757
1.77659e+09  -0.272253  0.133218 -0.189393  0.319352 -0.314654   1.07622
1.77659e+09    0.12509  0.157719 0.0790538   -1.20824 -0.0231497   0.367235
1.77659e+09  -0.213664 -0.473983  -0.15637 -1.41136  0.45146  0.46953
1.77659e+09  -0.534308 -0.487832 -0.283136 -0.377425  0.203169  0.954637
1.77659e+09  -0.321255 -0.156534 -0.167022  -0.15306 -0.243853  0.663378
1.77659e+09    0.050522  -0.086227 -0.0221464   -0.721419 -0.00166528    0.680956
1.77659e+09   -0.13803 -0.216189 -0.121216 -0.84471  0.34477 0.550585
1.77659e+09  -0.420325 -0.336564 -0.272483 -0.69554 0.204145 0.593553
1.77659e+09   -0.27971 -0.318455 -0.207502 -0.411605 -0.035845  0.876757
1.77659e+09  -0.100746 -0.154404 -0.130803 -0.398177  0.172407  0.705614
1.77659e+09   -0.35854 -0.155469 -0.258635 -0.769759  0.230512  0.503221
1.77659e+09  -0.456544 -0.330173 -0.310833 -0.981673   -0.1169  0.857469
1.77659e+09  -0.103941 -0.368522 -0.149978 -0.764876 -0.221636   1.06743
1.77659e+09    0.146396  -0.342956 -0.0764748 -0.479232   0.46562  0.683397
1.77659e+09  -0.481045  -0.29928 -0.421621 -0.463607  0.630659  0.435595
1.77659e+09   -1.00835 -0.385566 -0.611238  -1.18773 -0.112505   1.15898
1.77659e+09   -0.174249  -0.721125 -0.0594306  -1.03685 -0.744097  0.546923
1.77659e+09  -0.0911582  -0.692362  0.0257905  1.04323 -1.18331 0.512011
1.77659e+09  0.390341 0.201394 0.280389 0.642839 -1.10298  1.68755
1.77659e+09   1.23297 0.495407  0.64897 -0.953597 -0.563189  0.943163
1.77659e+09    1.04441 -0.449482  0.328326  -1.03953  0.969526 -0.182325
1.77659e+09  -0.0847666  -0.242821  0.0162032 0.445573  1.06718  0.97954
1.77659e+09  -0.442695  0.340944 -0.238395 -0.0512533   0.290083    1.04619
1.77659e+09  -0.0133939   0.137479  0.0108768 -1.25731  -0.1877 0.725145
1.77659e+09   0.166636 -0.337629 0.0545527 -0.771956  0.246626  0.997606
1.77659e+09   -0.32019 -0.156534 -0.202176 0.191423 0.513227 0.745653
1.77659e+09  -0.753753 0.0938027 -0.386467  -0.27806 -0.131792  0.968798
1.77659e+09    -0.29782 -0.0574648  -0.187262  -1.04588 -0.811968   1.11992
1.77659e+09   0.307251 -0.303541  0.149361 -0.675765 -0.492388   1.11211
1.77659e+09   0.208181 -0.222581 0.0300516 0.219255 0.200239 0.818895
1.77659e+09  -0.305276 0.0639753 -0.175544 -0.0322103    0.19145   0.907274
1.77659e+09  -0.226447 0.0309521 -0.126542 -0.873031 -0.310747   1.05889
1.77659e+09   0.120829 -0.289692 0.0130074 -0.565658 -0.265093  0.857469
1.77659e+09   0.106981 -0.136294 0.0172684 0.299333 0.179731   1.0501
1.77659e+09  -0.211533  0.237613 -0.169153 0.0520182  0.240522  0.791552
1.77659e+09  -0.390498  0.127891 -0.240526 -0.907454 -0.183062   1.02129
1.77659e+09  -0.105007 -0.163991 -0.112694   -0.7368 -0.481646   1.05669
1.77659e+09    0.12296 -0.108598   0.02366 0.0869303 -0.228228  0.978319
1.77659e+09  0.0270861  0.183285 -0.012559  0.0617838 -0.0817434   0.886522
1.77659e+09  -0.0389603   0.122565 -0.0679527 -0.786117  -0.14815  0.991747
1.77659e+09   0.128286 -0.127772 0.0268558 -0.845199 -0.124956   1.01885
1.77659e+09    0.0888715   -0.219385 -0.00190633 -0.135726   0.16313  0.850634
1.77659e+09   -0.135899 -0.0169848  -0.135064 0.0825358  0.160688   1.01494
1.77659e+09  -0.253078 0.0724974 -0.191523  -0.565169 -0.0902883   0.999559
1.77659e+09  -0.0677224  -0.144817 -0.0764748 -0.821761 -0.239214   1.11284
1.77659e+09   0.0334777  -0.215124 -0.0317337 -0.256331 0.0198191   1.14946
1.77659e+09   -0.169988 -0.0308332   -0.11802 -0.0849447   0.163618   0.941942
1.77659e+09   -0.329777 -0.0287027  -0.209633    -0.3889 -0.0768606   0.821825
1.77659e+09   -0.127377 -0.0723785 -0.0860622 -0.467025 -0.241167   1.20854
1.77659e+09   0.0132377  -0.034029 -0.0541043 -0.330062 0.0544871   1.02495
1.77659e+09   -0.319125 -0.0627912  -0.229873 -0.194808  0.185346  0.661913
1.77659e+09   -0.370258 -0.0244416  -0.228808  -0.281966 -0.0824758   0.957811
1.77659e+09  -0.213664 0.0107121 -0.153174 -0.452132 -0.327349   1.06059
1.77659e+09  -0.0400255 -0.0414859 -0.0903233 -0.387191 -0.107622  0.817675
1.77659e+09    -0.176379 -0.00846267   -0.162761 -0.238753 0.0276316  0.816698
1.77659e+09  -0.270123 0.0128426 -0.185132 -0.300033 -0.185015  0.694139
1.77659e+09  -0.0623961  0.0341479 -0.0541043  -0.21971 -0.387896    1.0667
1.77659e+09   0.138939  0.192872 0.0108768  -0.459945 -0.0678274    1.08306
1.77659e+09  -0.0432213  0.0639753 -0.0455822 -0.626449  0.174848  0.535936
1.77659e+09  -0.310603  -0.13949 -0.125477 -0.311995 -0.139116  0.779344
1.77659e+09  -0.0879624   0.128956 -0.0551696 -0.0322103  -0.547808    1.27983
1.77659e+09  0.328556 0.320704  0.16321 -0.906234 -0.152056   1.02178
1.77659e+09   0.117634 -0.145882 0.0566832 -0.668441  0.314985  0.108446
1.77659e+09   -0.281841  -0.130968 -0.0317337  0.300553 0.0911082  0.876268
1.77659e+09   -0.177445   0.376098 0.00661579  0.171647 -0.507036   1.01079
1.77659e+09  0.312577 0.387816 0.228191  -1.02708 -0.367876  0.876757
1.77659e+09     0.308316 -0.00313635    0.267606 -0.764876  0.265669  0.557665
1.77659e+09   -0.213664 0.00964683  0.0375085 -0.10179 0.285688 0.637499
1.77659e+09  -0.293558  0.236548 0.0460306 -0.319076 -0.463823   1.05937
1.77659e+09  0.184745 0.246136 0.219669  -1.22899 -0.721636   1.51103
1.77659e+09    0.502194 -0.0968796   0.346435   -1.11742 -0.0695364    0.79204
1.77659e+09  0.0846104 -0.292888  0.138709 -0.111556  0.381636  0.483934
1.77659e+09   -0.331908  0.0437353 -0.0903233  0.0771647 -0.0319387    1.12016
1.77659e+09   -0.058135   0.105521 -0.0391906  -1.00438 -0.391802   1.36479
1.77659e+09   0.266771 -0.253474  0.114207  -0.891829 -0.0453665    0.58452
1.77659e+09  -0.171053 -0.381305 -0.148913 0.0964518  0.157759  0.738329
1.77659e+09  -0.236034 0.0511921 -0.163827   0.25734 -0.145708   1.19097
1.77659e+09  0.0462609  0.238679 0.0470958 -0.905501 -0.302202   1.12578
1.77659e+09    0.161309  -0.210863 0.00981158   -1.02074 -0.0382864   0.564012
1.77659e+09  -0.205141 -0.398349 -0.143587    0.206071 -0.00508325    0.795702
1.77659e+09   -0.078375   0.192872 -0.0722138 0.487321  -0.3398  1.20415
1.77659e+09  0.307251 0.409121  0.14297 -0.782454 -0.199419  0.774462
1.77659e+09   0.160244 -0.106467 0.0843801  -1.16722 0.0327585  0.598925
1.77659e+09  -0.074114 -0.310998  -0.01682 -0.207259 -0.173052   1.15605
1.77659e+09   0.18155 0.125761 0.134448 -0.0673666  -0.458697     1.2769
1.77659e+09   0.495803 0.0735627   0.26441 -0.853743   -0.1252  0.795702
1.77659e+09   0.216703 -0.268387 0.0971633 -0.747542  0.152387  0.826464
1.77659e+09  0.0164335  -0.31952 0.0279211   -0.349349 -0.00776879     1.18633
1.77659e+09   0.148526 -0.181036 0.0918369 -0.19554 -0.32271 0.870165
1.77659e+09  0.324295 -0.20021 0.162144 -0.447982 -0.180376  0.954149
1.77659e+09   0.306185 -0.226842  0.118469 -0.447249 0.0930613  0.875536
1.77659e+09  -0.0144592  -0.338695 -0.0509085 -0.384017 0.0852488  0.835009
1.77659e+09  0.0771536 -0.274779 0.0321821 -0.360579 -0.258745   1.31987
1.77659e+09   0.283815 -0.254539  0.128056   -0.3618 -0.243609  0.832567
1.77659e+09   0.269966 -0.384501  0.158949 -0.272201 0.0373972   1.05718
1.77659e+09    0.054783  -0.237495 -0.0242769 -0.163558 0.0708445  0.921678
1.77659e+09  -0.0389603  -0.253474 -0.0509085 -0.522689 -0.159624  0.822802
1.77659e+09   0.151722 -0.389827 0.0460306 -0.373519 -0.309527  0.835985
1.77659e+09   0.215638 -0.334434 0.0790538   0.12526 -0.177935   0.87163
1.77659e+09    0.134678 -0.0872922  0.0183337  -0.226058 -0.0502493    1.13799
1.77659e+09  0.0888715 -0.202341 0.0108768 -0.861556 -0.093218  0.718065
1.77659e+09   0.113373 -0.556009 0.0641401 -0.388656  -0.17647  0.696337
1.77659e+09   0.179419 -0.344021  0.112077  0.505632 -0.196489  0.994432
1.77659e+09   0.215638 0.0693016  0.112077   0.255632 -0.0917532   0.521776
1.77659e+09    0.150657 -0.0638564  0.0364432  -0.32347 0.0293406  0.684374
1.77659e+09     0.050522  -0.0819659 -0.00403686 -0.33763   0.1331 0.819628
1.77659e+09  -0.241361 -0.189558 -0.128673  0.139421 -0.357134  0.436327
1.77659e+09  0.267836  0.16198 0.267606  0.532731 -0.643023   1.41118
1.77659e+09  0.316838 0.656262 0.430591  0.256852 -0.924273  0.661913
1.77659e+09  0.801533 0.531626 0.715017   0.278825  -0.967486 -0.0465832
1.77659e+09   1.32351 0.836292 0.852436  0.688981 -0.234331   1.63896
1.77659e+09   1.40447  1.31247 0.842848 -0.334701   1.07158  0.788378
1.77659e+09  -0.241361   0.56678 0.0737275 -0.783675   1.07329  -1.62739
1.77659e+09  -0.538569  0.357988 0.0566832   1.39479 -0.152544  0.768846
1.77659e+09  0.608721  1.75135 0.450831  0.955583 -0.396197    1.9832
1.77659e+09   1.34482  2.08052 0.504094 -3.78416  1.55351  2.70098
1.77659e+09  -0.827256 -0.217255 -0.586737 -3.99583   2.7454 -1.67695
1.77659e+09  -2.87896 -1.55416 -1.38142 -0.213607   1.16435   2.72099
1.77659e+09   -2.00224  0.737222 -0.780615  1.21852 -2.34883  3.95708
1.77659e+09  0.463845  1.05467 0.239909 -2.99754 -3.24459 0.284716
1.77659e+09   1.88171 -1.13338 0.963223  -2.73973 -0.533892  0.815233
1.77659e+09   0.689681 -0.925655 0.0300516 1.35182 1.30009 1.20854
1.77659e+09  -0.810212  0.577433 -0.303376  0.623063   1.15654 0.0188465
1.77659e+09  -0.782515  0.179024 -0.341726  -2.04002 -0.359087   1.67388
1.77659e+09   0.148526 -0.610337  0.121664   -2.3242 -0.998491   1.65093
1.77659e+09    0.50539 -0.979984  0.196233 -0.0302572  -0.112261   0.917772
1.77659e+09  -0.105007 -0.175709 0.0588137 0.687028 0.151411  1.25371
1.77659e+09  0.0366735  0.117239  0.105685  -1.30296 -0.277544  0.707079
1.77659e+09   0.235878 -0.794628  0.270801  -1.56053 -0.327837  0.585253
1.77659e+09   0.311512 -0.786106   0.16321  0.105729 -0.230669   1.55351
1.77659e+09  0.00897665  -0.181036  0.0673359 -0.143783  -0.31148  0.881639
1.77659e+09   0.676897 -0.480375  0.429526  -0.715804 -0.0617239 -0.0661145
1.77659e+09   0.390341 -0.687036  0.139774 0.202653 0.532759 0.591112
1.77659e+09   -0.391563 -0.0638564   -0.21922 -0.0270833   0.172407   0.863573
1.77659e+09  -0.250948 -0.395154 -0.192589  -1.15794 -0.770708  0.364794
1.77659e+09    0.68542 -0.792497  0.348566 -0.480941 -0.502398   1.04839
1.77659e+09   0.601264 -0.313128 0.0865106  1.22536  0.07353 0.848436
1.77659e+09  0.167701 0.171567 -0.13826 -0.120589  0.900678  0.307177
1.77659e+09  -0.384106 -0.195949 -0.272483 -1.10814 0.489302  0.39287
1.77659e+09   -0.167857  -0.489962 -0.0658222 -0.875228  0.110884   1.22295
1.77659e+09   0.054783 -0.430307 -0.053039 0.667985 0.217085 0.467577
1.77659e+09  -0.514068 0.0607795 -0.258635 0.465104 0.241255 0.862108
1.77659e+09  -0.557744  0.223765  -0.25757   -1.5327 -0.302202   1.63848
1.77659e+09   0.133613 -0.699819  0.149361  -1.37059 -0.353716  0.407762
1.77659e+09  -0.130573 -0.759474 -0.105237  0.990251 0.0669382   1.10796
1.77659e+09  -0.379845  0.247201 -0.241591 0.556413 0.220014  1.10137
1.77659e+09   -0.215794 -0.0553343  -0.143587  -0.93138 0.0974558  0.291063
1.77659e+09  -0.521525 -0.579444  -0.25757  -0.769271 -0.0617239    1.47344
1.77659e+09  -0.402215 -0.375979 -0.187262  0.140153 -0.403521   1.17266
1.77659e+09  -0.102876 -0.280105 -0.084997   0.786149  -0.406206 -0.0546398
1.77659e+09   0.0441304  0.0469311 -0.0232116    0.806901 -0.00190942    0.841112
1.77659e+09  -0.420325   0.38675 -0.103106 -0.458236 0.0371531   1.22246
1.77659e+09  -0.189163 -0.156534   0.10462  -0.494124  -0.694536 -0.0438977
1.77659e+09    0.0665009   -0.306737 -0.00403686   1.27199 -0.585894 0.0483875
1.77659e+09  0.513912 0.556127 0.299564   2.01784 -0.237017  0.274218
1.77659e+09  0.0579788   1.26879  0.174928 0.0400553  0.211469  0.165575
1.77659e+09  -0.302081  0.640283  0.324065  -1.94188 -0.884722   1.51445
1.77659e+09  0.171962  0.84801 0.497703 -3.45213 -2.16988  2.94048
1.77659e+09    1.96587 -0.241756  0.572271  -2.22996 -0.757281  0.161669
1.77659e+09     1.60474 -0.0308332  0.0992938 2.67702 1.21489 2.46855
1.77659e+09  -0.446957   2.63765 -0.417359 -0.113021   1.62358  0.829637
1.77659e+09  -0.997698   1.24748 -0.410968  -3.99583 -0.872759 -0.171339
1.77659e+09   0.611916  -1.02259 -0.069018 -2.27415 -1.58638  1.52104
1.77659e+09   1.72618 0.638153 0.184515   2.73097 -0.760698   2.72978
1.77659e+09   1.26918  1.80462 0.134448 -1.36668  1.55571 0.322313
1.77659e+09  -0.156139   0.20459 -0.113759 -3.85814  1.44072 0.454393
1.77659e+09  -0.302081 -0.993832 -0.191523 -1.26976 0.582075  2.02617
1.77659e+09   -0.383041 -0.0723785 -0.0881928  1.57033 -0.51607 0.600389
1.77659e+09    0.370101   0.630696 -0.0296032 0.239762  -0.5898 0.899218
1.77659e+09  0.843079 0.577433 0.174928 -2.04295 0.436323  1.72124
1.77659e+09   0.236943 -0.552813 -0.172349  -1.99168   1.74248 -0.258253
1.77659e+09   -1.35456 -0.958679  -0.62189   1.01711   0.53105 -0.670363
1.77659e+09  -0.881584  0.453862 -0.316159      1.73 -0.979448   2.59917
1.77659e+09  0.641744     1.06 0.256953  -1.48753 -0.916948  0.821581
1.77659e+09   0.691811 -0.498484  0.179189  -1.96092  0.768843 -0.542677
1.77659e+09  -0.532178 -0.842565 -0.435469 0.811296  1.08134 0.393846
1.77659e+09   -1.15536  0.411252 -0.406707    1.58962 -0.0795461   0.751268
1.77659e+09  -0.123116  0.759593  0.133382 -0.385482  -1.39376  0.951708
1.77659e+09  0.807925 0.339879 0.228191  -1.97508 -0.653765   1.15972
1.77659e+09   0.686485 -0.525116  0.151492 -0.947005   1.07133  0.307177
1.77659e+09  -0.564136 -0.412198 -0.305507    1.26833   0.964155 -0.0204602
1.77659e+09   -1.04137  0.646675 -0.450383  0.955339 -0.130572   1.23833
1.77659e+09  0.0494567  0.595542 0.0183337 -1.08202 -1.05586 0.992968
1.77659e+09    0.781293 -0.0287027   0.270801  -1.15697 0.0889109   1.23564
1.77659e+09   0.0739578  -0.224711 -0.0562348  0.17653 0.946821 0.177538
1.77659e+09  -0.998764  0.189677 -0.471688 0.693376 0.188032 0.274706
1.77659e+09  -0.405411  0.507125 -0.140391 -0.30516 -1.07833  1.52544
1.77659e+09  0.909125 0.376098  0.50729 -0.686263 -0.604448 0.0598621
1.77659e+09     0.390341 -0.00207108   0.0790538  0.376237  0.336225 -0.187452
1.77659e+09  -0.402215  0.633892 -0.155304  0.636491 0.0398386  0.320604
1.77659e+09  0.0473262  0.814987  0.138709  -0.38304 -0.717241   0.56328
1.77659e+09   1.08276 0.616848 0.501964  -0.383773 -0.0241262   0.279345
1.77659e+09   1.08383  1.04934 0.318738 -1.50658  2.34916  2.61675
1.77659e+09  -0.703685   1.26346 -0.853053 -3.99583  3.80815 0.385302
1.77659e+09  -3.22517 -1.02259 -1.79155  -3.99583   3.04204 -0.309767
1.77659e+09  -3.72691 -1.42207 -1.82457  0.411882 -0.938433   2.92778
1.77659e+09   -1.20649  0.689286 -0.430143 0.783708  -3.2795  2.08476
1.77659e+09   1.40128 0.792616 0.866284  -2.07689  -1.27291 -0.449415
1.77659e+09   0.736552 -0.578379  0.194102    -2.35496      1.9976 -0.00190547
1.77659e+09   -1.86269 -0.413263 -0.854118   -0.5493   1.95732 -0.335157
1.77659e+09   -2.14499 -0.160795 -0.698589 -0.481673  0.132368   1.41728
1.77659e+09   -0.514068   0.126826 -0.0296032  -1.4575 -1.28853  1.70439
1.77659e+09   0.532022 -0.160795  0.564814 -1.97288   0.1602 0.412645
1.77659e+09     -0.4395  -0.675318 -0.0264074  -1.12987  0.949995 -0.291456
1.77659e+09   -1.27893 -0.449482 -0.316159 -0.706527  0.260053  0.981249
1.77659e+09   -0.44163 -0.248147  0.136578  -1.1804 -0.60274 0.888475
1.77659e+09   0.379689 -0.569857  0.553096 -1.50682 0.200239 0.702928
1.77659e+09  0.0483914 -0.916068  0.265475 -0.564193   1.34355  0.126024
1.77659e+09   -1.23632   -0.5624 -0.229873 -0.278548    1.1331 -0.141798
1.77659e+09   -1.38013 -0.491027  0.134448 -0.625472 -0.113238 -0.313185
1.77659e+09  -0.690902 -0.326977  0.599968 0.0361491  -2.32613  0.853563
1.77659e+09   1.22551 0.225896  1.44046 -0.0742025   -1.59834    1.68559
1.77659e+09   1.94989 0.511386  1.79626 0.127458 0.683393 0.935106
1.77659e+09  0.329621 0.329226 0.983463 -0.639388   1.93339  -1.65498
1.77659e+09  -0.673858  0.525235  0.690516 -0.226546   1.80473  0.968553
1.77659e+09  -0.80169 0.832031 0.831131 -0.772933  0.605757  0.756884
1.77659e+09  -0.791037  0.534822  0.538183  -1.50096 -0.265581  0.527147
1.77659e+09  -0.310603 0.0458658  0.708625 -0.667952 0.0828074    0.7791
1.77659e+09  -0.204076  0.462384  0.733126 0.496598 0.866255 0.811083
1.77659e+09  -1.09677 0.942818  0.30702 -0.374251  0.845991 -0.787306
1.77659e+09  -1.51435 0.532692 0.232452 -1.32811  0.32353 0.715624
1.77659e+09  -0.92526 0.368641 0.451896  -0.604232 -0.0944387    1.04375
1.77659e+09  -0.780384  0.646675  0.467875 -0.0930013   0.145307   0.237352
1.77659e+09  -1.04777 0.737222 0.376263 -0.430404  0.480024  0.170702
1.77659e+09  -1.20223  0.68822 0.380524 -0.605208  0.305464  0.393358
1.77659e+09  -0.917803  0.716982  0.541379  -0.20555   0.34355 0.0771961
1.77659e+09   -1.4025 0.900208 0.429526  -0.122054 -0.0700247   0.196825
1.77659e+09  -1.15962  1.27305 0.683059  -2.10521 -0.493853   1.24468
1.77659e+09  -0.546026   0.78729   1.21463 -3.57274 -1.78536  1.84502
1.77659e+09    0.408451 -0.0563996    1.65778 -3.13866 -1.64864  2.18901
1.77659e+09    1.25534 -0.191688   1.98268 -0.716781 -0.103228   1.16875
1.77659e+09  0.723769 0.150262  1.59706 -0.244124   1.72783   1.00566
1.77659e+09  -1.08612 0.493277 0.846044  -1.51439   1.59941 -0.910597
1.77659e+09   -1.55803 -0.331238  0.681993  -1.50487  0.541059 -0.195509
1.77659e+09   -1.06588 -0.130968  0.826869 -0.191146  -1.00582   1.65825
1.77659e+09  -0.355344  0.493277   1.15284  -1.19408 -0.796831     1.179
1.77659e+09   0.0792841 -0.0159195     1.3105 -2.05931 0.121626 0.464159
1.77659e+09  -0.694098 -0.486766  0.976006 -1.46849 0.877241 0.340136
1.77659e+09   -1.33965 -0.345086   0.68945 -0.792708 0.0327585    0.9666
1.77659e+09  -0.831517 -0.223646  0.976006 -1.32762 -0.65938 0.994188
1.77659e+09  -0.0911582   -0.36213    1.31476  -1.55296 -0.386431  0.985643
1.77659e+09  -0.362801 -0.658274   1.21569  -1.06444  0.520063 0.0149402
1.77659e+09   -1.00089 -0.639099  0.986659 -0.364486  0.265913  0.345751
1.77659e+09  -0.819799 -0.415394   1.08892 -0.746566 -0.278032   1.02031
1.77659e+09  -0.302081 -0.396219   1.36589  -1.26976 -0.208452  0.484423
1.77659e+09   -0.46187 -0.786106   1.27535  -0.970443   0.341108 0.00615117
1.77659e+09  -0.836843 -0.693428   1.16243 -0.379622  0.214643  0.524462
1.77659e+09  -0.787841 -0.488897   1.19119 -0.795882 -0.304888  0.634081
1.77659e+09  -0.391563 -0.679579   1.46283  -1.38866 -0.359331  0.777636
1.77659e+09  -0.232838 -0.878784   1.51716 -0.960677  0.110884  0.381884
1.77659e+09  -0.617399  -0.90222   1.40105 -0.409408  0.299604 0.0588855
1.77659e+09  -0.768666 -0.728581   1.35524  -0.53099 -0.222857  0.543993
1.77659e+09  -0.392628 -0.747756   1.56403  -1.27586 -0.491411   0.76079
1.77659e+09  -0.0805056   -1.03857    1.72808  -1.08446 -0.165972  0.384325
1.77659e+09  -0.29782 -1.13125   1.6141 -0.409896  0.361372  0.184862
1.77659e+09  -0.400085 -0.869196   1.54805  0.10988 0.630171 0.454149
1.77659e+09  -0.442695 -0.808476   1.05377 0.48488 1.52299 -0.4438
1.77659e+09  -2.07894 0.138544 0.508355  0.697038   1.24931 0.0183582
1.77659e+09  -2.51144 0.353727  0.58612  -1.05394 0.0933054  0.875292
1.77659e+09   -1.75617 -0.169318  0.981333  -1.05394 0.0933054  0.875292
1.77659e+09  -0.155074 -0.372783   1.63327 -1.11351 -1.17037  1.40923
1.77659e+09  -0.395824 0.0448006   1.56936 -0.197005    0.0352  0.916796
1.77659e+09  -0.922065 0.0927375   1.31796 -1.35423 0.645552 0.250048
1.77659e+09   -0.96361 -0.372783   1.49159 -1.35423 0.645552 0.250048
1.77659e+09   -1.08931 -0.212993   1.40211 -0.335433  0.192427   1.15434
1.77659e+09    -1.3226 0.0160384   1.31796 -0.335433  0.192427   1.15434
1.77659e+09  -0.897563 -0.116054   1.53101  -1.19066 -0.351763  0.984667
1.77659e+09   -0.80382 -0.207667   1.59812  -0.809798 -0.0236379   0.723925
1.77659e+09    -1.0467 -0.160795   1.54699 -0.433333 0.0852488  0.548143
1.77659e+09    -1.0467 -0.160795   1.54699 -0.433333 0.0852488  0.548143
1.77659e+09   -0.873062 -0.0159195    1.69719  -0.71141 -0.365679   0.94121
1.77659e+09   -0.873062 -0.0159195    1.69719  -0.71141 -0.365679   0.94121
1.77659e+09   -0.711142 -0.0990101    1.82715 -0.469466  0.164839  0.453173
1.77659e+09   -0.711142 -0.0990101    1.82715 -0.469466  0.164839  0.453173
1.77659e+09   -0.928456 -0.0840964     1.6908 -0.584945 -0.333941  0.824511
1.77659e+09   -0.928456 -0.0840964     1.6908 -0.584945 -0.333941  0.824511
1.77659e+09  -0.635508  -0.13736   1.79839   -0.31224  0.0225046 -0.0573254
1.77659e+09  -0.635508  -0.13736   1.79839   -0.31224  0.0225046 -0.0573254
1.77659e+09  -0.593963  0.247201   1.67056   -0.15306 -0.0722219    1.20171
1.77659e+09  -0.593963  0.247201   1.67056   -0.15306 -0.0722219    1.20171
1.77659e+09   -1.36948 -0.349347  0.986659 -2.38035 0.218061 0.842089
1.77659e+09   -1.36948 -0.349347  0.986659 -2.38035 0.218061 0.842089
1.77659e+09  -0.879454 -0.247082   1.19545  0.473405 -0.479204   1.59551
1.77659e+09  -0.879454 -0.247082   1.19545  0.473405 -0.479204   1.59551
1.77659e+09    -1.2459 -0.551748  0.661753    -1.7993 -0.0517141 -0.0165539
1.77659e+09    -1.2459 -0.551748  0.661753    -1.7993 -0.0517141 -0.0165539
1.77659e+09  -0.890107 -0.253474  0.752301  0.468522 -0.481157   1.26323
1.77659e+09  -0.890107 -0.253474  0.752301  0.468522 -0.481157   1.26323
1.77659e+09  -1.71569 -1.12486  0.50729  -0.890365   -1.63668 0.00200078
1.77659e+09  -1.71569 -1.12486  0.50729  -0.890365   -1.63668 0.00200078
1.77659e+09   -0.56307 -0.728581  0.592511  1.86183 -3.63204  2.36333
1.77659e+09   2.69664 0.491146  1.70145 -0.946517  0.444624 0.0610828
1.77659e+09   0.474497 -0.412198  0.621273 -0.918929   2.44999 -0.897902
1.77659e+09   0.474497 -0.412198  0.621273 -0.918929   2.44999 -0.897902
1.77659e+09   -0.673858   0.327096 -0.0317337 -0.551742  -1.41475   1.06108
1.77659e+09   -0.673858   0.327096 -0.0317337 -0.551742  -1.41475   1.06108
1.77659e+09     0.78875 -0.0745091   0.271867 0.187516 0.988813 0.627977
1.77659e+09     0.78875 -0.0745091   0.271867 0.187516 0.988813 0.627977
1.77659e+09   -1.50796  0.199264 -0.669827 0.220719 0.270796 0.422167
1.77659e+09   -1.50796  0.199264 -0.669827 0.220719 0.270796 0.422167
1.77659e+09   0.0537178   0.450666 -0.0391906 -0.697738 -0.813189   1.05766
1.77659e+09   0.0537178   0.450666 -0.0391906 -0.697738 -0.813189   1.05766
1.77659e+09  -0.327647   0.18222 -0.307637 0.177262 0.644575 0.282762
1.77659e+09  -0.327647   0.18222 -0.307637 0.177262 0.644575 0.282762
1.77659e+09  -0.433108  0.419774 -0.204307 -0.659163 -0.109575   1.05278
1.77659e+09  -0.433108  0.419774 -0.204307 -0.659163 -0.109575   1.05278
1.77659e+09   -0.252013   0.238679 -0.0807359 -0.595199  0.440962  0.791063
1.77659e+09   -0.252013   0.238679 -0.0807359 -0.595199  0.440962  0.791063
1.77659e+09  -0.658944  0.413382 -0.190458 -0.55931 0.303999 0.949266
1.77659e+09  -0.658944  0.413382 -0.190458 -0.55931 0.303999 0.949266
1.77659e+09  -0.580115  0.261049 -0.137195   -0.95848 -0.0155813   0.845262
1.77659e+09   -0.485306   0.142805 -0.0754096 -0.664779 -0.278521    1.0457
1.77659e+09  -0.462936  0.371837 -0.104172  -1.52367 -0.667437   2.61919
1.77659e+09   0.0856757 -0.0414859  0.0843801  -2.21141 -0.379839   1.13457
1.77659e+09  -0.0666571  -0.804215  0.0481611 -0.718001  0.347944  0.470995
1.77659e+09  -0.645096 -0.231103  -0.23733 0.431169 0.166548  1.52202
1.77659e+09   -0.167857   -0.54003 -0.0434516 -0.784896 -0.360796  0.600634
1.77659e+09   -0.167857   -0.54003 -0.0434516 -1.20994  -0.5273 0.600145
1.77659e+09  -0.0613308    -0.5624 -0.0370601  0.122087 -0.122759   1.04668
1.77659e+09   -0.272253 -0.0915533 -0.0977801   0.261247 0.00224097   0.690477
1.77659e+09  -0.107137 -0.307802 0.0311169 -0.380355 -0.292925  0.389452
1.77659e+09  -0.107137 -0.307802 0.0311169 -0.592269 -0.411333   1.22124
1.77659e+09   0.132547 -0.227907  0.175993 -0.306624 -0.189409  0.703661
1.77659e+09  -0.0442866   -0.30141  0.0833148 -0.0580892  0.0427683   0.350878
1.77659e+09  -0.190228 -0.140555 0.0311169  -0.27391 -0.224077   1.09307
1.77659e+09   0.014303 -0.175709  0.123795 -0.752913 -0.455523  0.762499
1.77659e+09   0.330687 -0.434568  0.287846  -0.378402 -0.0568411   0.638964
1.77659e+09    0.149592  -0.250278 -0.0956496 0.523454 0.574995  1.02129
1.77659e+09  -0.324451 0.0724974 -0.354509 0.154313  1.36625 0.470995
1.77659e+09   -1.05309  0.104455 -0.527082 0.146989 0.943403 0.255175
1.77659e+09   -1.73806  0.338814 -0.841335 -0.438704 -0.423052   1.65874
1.77659e+09  -0.881584  0.176893 -0.492993 -1.99681 -1.74776  1.68559
1.77659e+09   0.631091 -0.398349  0.217538  -1.21898 -0.891314  0.966112
1.77659e+09   0.0814146   -0.32165 -0.0296032 0.681413 0.174604 0.608446
1.77659e+09  -0.675988  0.316443 -0.355574 -0.256576 -0.154253   1.13603
1.77659e+09  0.0015198 -0.127772 0.0247253  -1.42577 -0.909868  0.912157
1.77659e+09   0.757858 -0.381305  0.276128 -0.456527 -0.240923   1.35039
1.77659e+09     0.24227  -0.127772 -0.0455822 0.311784 0.753218 0.343065
1.77659e+09  -0.476784 0.0682364 -0.253309 0.0014811  0.737348  0.440721
1.77659e+09  -0.652553 0.0980638 -0.310833  -0.624007 0.00443824    1.25005
1.77659e+09   -0.282906 -0.0734438  -0.127608 -0.905013 -0.439898   1.07231
1.77659e+09   -0.141226  -0.217255 -0.0594306 -0.190658 -0.350542  0.774218
1.77659e+09  -0.0442866  0.0533227  0.0609443 -0.00559897    -0.11104     1.05498
1.77659e+09    -0.15827   0.169436 -0.0157548  -0.52098 -0.194048  0.737108
1.77659e+09   -0.053874 -0.0638564  0.0300516 -0.980941 -0.144732  0.955614
1.77659e+09  -0.0400255  -0.195949  0.0875759  -0.270247 -0.0409719   0.845995
1.77659e+09   -0.169988  0.0245605 -0.0562348   0.131608 -0.0719778   0.772509
1.77659e+09  -0.143356  0.185415 0.0215295 -0.398665 -0.228716  0.974169
1.77659e+09  0.0569135 0.0842153 0.0737275  -0.80223 -0.110552  0.995653
1.77659e+09   -0.132704 -0.0713133   0.019399   -0.346663 -0.00630395    0.693651
1.77659e+09    -0.225382 -0.00526688  -0.0509085  0.121842 -0.205279  0.701464
1.77659e+09  0.0270861   0.30579  0.109946 -0.0239095  -0.395464    1.12383
1.77659e+09  0.178354 0.359054 0.121664 -0.954329 -0.063677  0.980516
1.77659e+09   0.0302819 -0.0329638   0.119534 -1.04832 0.272261  0.62285
1.77659e+09   -0.252013  -0.202341 -0.0509085 -0.174788  0.117231  0.815233
1.77659e+09   -0.258405   0.137479 -0.0477127  0.161149 -0.309771   1.02788
1.77659e+09  -0.00487179     0.32603   0.0364432 -0.887191 -0.546587   1.37456
1.77659e+09    0.278489 -0.0606606   0.187711  -1.43895 -0.177691  0.849901
1.77659e+09  0.0281514 -0.449482 0.0694664  -0.212874 -0.0392629   0.633104
1.77659e+09  -0.0261771 -0.0350943 0.00128947  0.333024 -0.430132   1.32768
1.77659e+09   0.40632 0.197133 0.132317 -0.678695 -0.425738   1.24663
1.77659e+09   0.670506 -0.184231  0.202624 -0.995101   0.31938  0.735399
1.77659e+09  -0.0900929   -0.44096  -0.107368 -0.00144858    0.530317    0.263475
1.77659e+09  -0.395824 -0.106467 -0.278875  0.603044 -0.177691    1.1458
1.77659e+09   0.248661  0.371837 0.0886412 -0.507796 -0.639849   1.41826
1.77659e+09    0.787685 0.00645103   0.242039  -1.47191 0.0764597  0.731005
1.77659e+09  -0.00274126     -0.5624   -0.132934 0.0749674  0.438764 0.0906238
1.77659e+09  -0.212598  0.078889 -0.185132  0.901383 0.0627878   1.53057
1.77659e+09   0.28275 0.577433 0.144035 -0.526839  -0.19771   1.01177
1.77659e+09    0.336013 -0.0425511  0.0684011 -1.37205 0.116743 0.289598
1.77659e+09  -0.0496129  -0.478244 -0.0839317 0.0549479  0.354292    1.0208
1.77659e+09  -0.152944  0.270637  -0.15637  0.852555 0.0234812   1.29912
1.77659e+09   0.0164335   0.491146 0.00661579 -0.582259 -0.205279  0.815966
1.77659e+09    0.135743 -0.0265722 -0.0583653  -1.18358 -0.166216  0.896288
1.77659e+09   0.0931325  -0.227907 -0.0988454 -0.279525   0.10771   1.24199
1.77659e+09  -0.0208508  0.0874111 -0.0967149  0.209977 0.0837839   1.03227
1.77659e+09  -0.118855  0.176893 -0.119085 -0.426009 -0.315874  0.983934
1.77659e+09     0.228421  -0.0244416 -0.00190633 -0.740706 -0.467486   1.10649
1.77659e+09   0.491541  -0.11712 0.0854454 -0.426986  0.104536    1.3084
1.77659e+09     0.130417 -0.00633214  -0.0114937 -0.377913  0.543257  0.995165
1.77659e+09   -0.229643 -0.0979449  -0.173414 -0.540023  0.176069  0.663622
1.77659e+09  -0.115659 -0.286497 -0.142521 -0.515853  -0.27022   1.29473
1.77659e+09   0.230552 -0.133099 0.0449653 -0.410384 -0.142046   1.44438
1.77659e+09   0.0622399  -0.210863 -0.0338643 -0.494368  0.172163  0.565233
1.77659e+09  -0.197685 -0.414328 -0.123346  -0.283919 -0.0873586   0.893602
1.77659e+09    0.018564  -0.214059 -0.0104284  -0.25682 -0.420122   1.46831
1.77659e+09   0.296598 -0.175709 0.0950327 -0.589339 -0.268023  0.720262
1.77659e+09   0.256118 -0.460135 0.0843801 -0.506087  0.108686  0.831591
1.77659e+09   0.0494567  -0.354674 -0.0104284 -0.00266929    0.126753    0.915819
1.77659e+09  -0.00274126   -0.228972  -0.0306685 -0.189193 -0.103716  0.804735
1.77659e+09   0.0398693  -0.285431 0.00341999 -0.233626 -0.464312  0.717577
1.77659e+09   0.194333 -0.252408  0.147231 -0.132796 -0.548784   1.14946
1.77659e+09  0.540544 0.134283 0.559488 0.448258 -1.05586 0.842089
1.77659e+09  0.815382 0.329226 0.666015  0.250993 -0.929644   0.64995
1.77659e+09    1.6399 0.638153  1.09106 -0.0751791  -0.308062    1.78813
1.77659e+09    1.2074 0.641349 0.813021 -0.816878   1.02031  0.691942
1.77659e+09    0.137874 -0.0595954   0.289976 -0.21971 0.719282  -1.0168
1.77659e+09  -0.277579  0.345205  0.280389  0.742448 -0.315386   1.45415
1.77659e+09    1.1307  1.02378 0.982398 -0.0778646  -0.477739    1.84648
1.77659e+09  0.871841 0.602999 0.557358 -0.969222  0.586225 -0.526075
1.77659e+09  -0.00593705  -0.0436164   0.0385737 -0.339339  0.990766   0.39287
1.77659e+09  0.0164335   1.07811 -0.195784 -0.89891  1.42338  4.00493
1.77659e+09   -1.01794  0.447471 -0.555844  -3.25828   1.96367 -0.922316
1.77659e+09   -1.99052  -1.47853 -0.870097 -0.819076  0.970014  0.630663
1.77659e+09   -2.31117 0.0863459 -0.928686  1.66432 -1.50337   3.0186
1.77659e+09  -0.508742   0.94708 -0.291658 -1.38426 -2.85079 0.211229
1.77659e+09    1.19462 -0.444156   0.58612 -2.22093 -1.26753 0.529833
1.77659e+09   0.795142 -0.526181   0.24417 0.177018 0.852583  1.59062
1.77659e+09  -0.639769  0.110847 -0.308702 0.436784 0.641401 -1.10957
1.77659e+09  -0.784645 0.0938027 -0.325747 -0.675765 -0.667437   2.20586
1.77659e+09  0.627895 0.273832 0.362414 -1.51488 -1.11641  1.82451
1.77659e+09   0.934691 -0.396219  0.438048 -1.20604 0.181928   0.1458
1.77659e+09  0.124025 -0.58264 0.140839 -0.185286  0.740034   1.10625
1.77659e+09  -0.469327 -0.158665 -0.139325 -0.329818  -0.22481   1.50884
1.77659e+09  0.310447    -0.36 0.296368 -0.958236 -0.966265  0.607714
1.77659e+09    0.98902 -0.561335   0.56588 -0.546859 -0.507769   1.66924
1.77659e+09   0.712051 -0.300345  0.364545 0.0947428  0.231489  0.355272
1.77659e+09    0.18368 -0.401545  0.211147 -0.289535    0.4373 0.0271473
1.77659e+09  0.0782188 -0.274779  0.247366 -0.407943 -0.394732   1.49053
1.77659e+09   0.799403 -0.239625  0.439113  -0.465804 -0.0734426   0.211962
1.77659e+09  0.508586  -0.5624 0.153622   0.640397   0.689741 -0.0309582
1.77659e+09  -0.477849  0.321769 -0.255439 0.245378 0.675093  1.25542
1.77659e+09   -0.66214  0.116173 -0.287397  -1.57567 -0.723101  0.341845
1.77659e+09   0.418038 -0.734973 0.0694664 -1.46825 -1.13301  1.24321
1.77659e+09    1.27451 -0.599684  0.449766  1.38551 0.332319  1.10869
1.77659e+09  -0.00700232     0.48369   -0.188328  0.796647   1.24541 -0.183058
1.77659e+09   -1.01474  0.401664 -0.496189 -1.80296 0.631147 0.582811
1.77659e+09  -0.609942 -0.837238 -0.144652  -1.4536 -1.18941 0.796923
1.77659e+09    1.01565 -0.445221  0.249496   1.02858 -0.375933   1.76958
1.77659e+09    0.405255    0.34627 -0.0114937    1.19582   0.713667 -0.0700207
1.77659e+09  -0.956153  0.599803 -0.554779 -1.88451 0.741987  1.13359
1.77659e+09   -0.551353   -0.64123 -0.0114937  -1.51292 -0.893755    0.7708
1.77659e+09    0.473432  -0.558139 -0.0200158  0.855485 -0.527056   1.54009
1.77659e+09   0.378623  0.409121 0.0215295  1.05007  0.63188 0.988573
1.77659e+09  -0.548157  0.484755 -0.394989 -1.30589 0.627729 0.513475
1.77659e+09  -0.446957 -0.495289 -0.177675   -1.5266 0.0496043  0.771288
1.77659e+09   -0.100746  -0.504876 -0.0519738  0.688493 -0.137896   1.47832
1.77659e+09  -0.213664  0.397403 -0.119085  0.648454 0.0989207   1.01885
1.77659e+09  -0.294624  0.150262 -0.184067 -0.665999  0.183882  0.160204
1.77659e+09  -0.534308 -0.265191 -0.286332  -0.85179 -0.170855   1.78301
1.77659e+09  -0.0560045  -0.124576   0.059879 0.00563149  -0.330279    1.10039
1.77659e+09   -0.116725 -0.0926186  0.0268558  0.820817 -0.164995 -0.160597
1.77659e+09  0.0558483  0.359054 0.0183337 0.727555 0.276899  1.03057
1.77659e+09   -0.276514   0.539083 -0.0189506 -0.188949  0.128218  0.563768
1.77659e+09  -0.351083  0.138544  0.149361 -0.361068 -0.375445  0.185106
1.77659e+09  -0.0325687   0.116173   0.114207  0.975846 -0.783159 0.0652332
1.77659e+09  0.372232 0.784094 0.331521    1.4507 -0.519243  0.187792
1.77659e+09  0.347731  1.47439 0.292107  -0.56224 -0.295611   1.14092
1.77659e+09   -0.128442     1.6672 -0.0583653  -3.99583 -0.333208   2.76225
1.77659e+09   0.292337  -0.47931 -0.382206  -2.21825 -0.539751 -0.157423
1.77659e+09   0.799403  0.262115 0.0108768   2.8047 0.547407  3.38652
1.77659e+09  -0.957218   3.00943 -0.625086  -0.661361 -0.0504934    2.45488
1.77659e+09  -0.254144  0.720178 -0.448252 -3.99583 -1.47847 -1.50923
1.77659e+09   1.28623 -1.38159 0.217538 -0.959212 -0.750933   2.25249
1.77659e+09    1.24894  0.571041 0.0215295 3.21559 1.01445 1.32964
1.77659e+09  -0.564136   1.87066 -0.674088 -0.470199   1.41728 -0.860792
1.77659e+09  -0.853888  0.291942 -0.557974 -3.30736 0.272749  1.73564
1.77659e+09  -0.0357645  -0.468657  -0.186197 -1.18358 -0.61397  1.84795
1.77659e+09   0.356253 0.0373437 -0.133999   1.26906 0.0818308   1.24126
1.77659e+09  -0.0187202    1.02058   -0.35877  0.377458  0.473921 -0.309767
1.77659e+09  -0.566266  0.703134 -0.421621 -1.75438 0.283491  0.43413
1.77659e+09    -0.249883 5.94454e-05   -0.269288  -1.53807 -0.545122   1.67363
1.77659e+09   0.412712  0.169436 0.0588137  -0.27806 -0.175005   1.21514
1.77659e+09    0.50539   0.26318 0.0630748  0.0608073   0.783003 -0.0526867
1.77659e+09  -0.778254  0.449601 -0.374749 -0.476546  0.543745  0.165819
1.77659e+09  -0.579049  0.166241 -0.121216  -1.14989 -0.588335   1.23638
1.77659e+09  0.661984 0.208851 0.450831 -0.721419  -0.39937  0.886522
1.77659e+09   0.550131 0.0405395  0.401829 0.0278483  0.630903   -0.1313
1.77659e+09  -0.573723    0.4251  0.116338  0.176286  0.644087 0.0520496
1.77659e+09  -0.649357  0.540148  0.157883 -0.704818  -0.41231   1.05034
1.77659e+09  0.328556   0.3239 0.610621  -1.3806 -0.76607 0.587938
1.77659e+09   0.611916 -0.144817  0.728865 -0.336898  0.136518  0.517382
1.77659e+09  0.086741 0.233352 0.561619 0.716081 0.561811 0.415575
1.77659e+09  -0.453348  0.774507  0.456157  -0.271712 -0.0836965    0.64995
1.77659e+09  0.0952631  0.250397  0.719278   -1.20067  -0.560747 -0.0604992
1.77659e+09   0.581024 0.0362784   0.86735 -0.233382 -0.163286   1.12822
1.77659e+09  0.197528 0.433622  0.80876 0.347184 0.325239 0.216356
1.77659e+09  -0.19875 0.504995 0.617012   -0.21556 -0.0819875  0.0767078
1.77659e+09  0.141069 0.370771 0.886524 -0.319564 -0.545366  0.570848
1.77659e+09  0.558653 0.552932 0.998377 0.00294595  -0.624956   0.361376
1.77659e+09  0.905929  0.52417  1.05803 0.371598  0.24394 -0.33589
1.77659e+09  0.330687 0.824574 0.899307   0.55861  0.647505 -0.253859
1.77659e+09  0.298729  1.19422 0.767215 -0.356673   1.54472  0.913134
1.77659e+09  0.220964  1.48823 0.888655 -2.81517  2.44218  2.27593
1.77659e+09   -1.21608  0.876772 -0.501515 -3.99583  4.00102  1.34209
1.77659e+09  -3.63529 -1.71182 -1.33881  -3.90086   3.76201 -0.251417
1.77659e+09  -5.71256  -1.2953 -1.94175   1.5862 -1.22139  2.13286
1.77659e+09   -2.38893  0.912991 -0.032799 0.0158854  -3.99861   2.92436
1.77659e+09   3.08546 0.922578  2.55899 -3.99583 -3.81441  1.23052
1.77659e+09   3.52541 -1.15788  2.69215 -2.84593  2.65629 0.576708
1.77659e+09  -0.981719 -0.815933  0.921678 0.147965  3.94999 -1.87471
1.77659e+09   -3.17723 0.0938027 0.0343127 -0.124984   1.09257   1.94023
1.77659e+09  -0.870932 -0.034029   1.04631 -2.27367  -2.1418   1.6541
1.77659e+09    1.59729 -0.534703    2.1723  -1.7451 -0.39522 0.619677
1.77659e+09   0.651331 -0.886241   1.50651  0.195817   1.97856 -0.904005
1.77659e+09  -2.17588 0.183285  0.46468  0.387223   1.48124 -0.698683
1.77659e+09   -1.67414 0.0320174  0.699038 -0.973372 -0.424517  0.862352
1.77659e+09  -0.0687877 -0.0979449    1.32648  -1.57201 -0.669634  0.837206
1.77659e+09   0.204985 -0.497419   1.24658  -0.400374    1.21123 0.00200078
1.77659e+09   -1.18625 -0.161861  0.594642 0.0859538   1.92998 -0.811964
1.77659e+09     -2.7458   0.250397 -0.0764748 -0.782943  0.718061  0.154345
1.77659e+09   -2.00118 -0.214059  0.611686 -1.75951 -1.22261 0.952684
1.77659e+09  -0.129508 -0.146947   1.48627 -0.990462  -1.25459   1.14482
1.77659e+09   -0.115659 -0.0521385    1.36057 0.147965 0.123091 0.369188
1.77659e+09  -0.695163  0.248266   1.04312 -0.0583333   0.848921   0.371141
1.77659e+09  -1.27041 0.347336 0.922743 -1.04076 0.516889 0.522753
1.77659e+09   -0.920999 0.00538577   0.985594 -0.947982   -0.2773  0.523973
1.77659e+09  -0.450152  0.156653    1.3137 -0.413802   0.19853  0.768846
1.77659e+09  -0.639769  0.354793   1.13367 -0.34471 0.695356 0.324022
1.77659e+09  -1.25975 0.304725 0.857762 -0.821517  0.800093  0.136522
1.77659e+09  -1.67308 0.099129 0.630861 -0.492904 -0.239458  0.752245
1.77659e+09  -0.747361  0.396338   1.03992 -0.0117025  -0.147661  -0.146193
1.77659e+09  -0.656814  0.757462   1.26469 -0.135482  0.537153  0.632372
1.77659e+09  -1.00089 0.833096  1.01755 -1.08299 0.939009 0.338671
1.77659e+09  -1.75084 0.329226  0.74804 -0.650618  0.219526 -0.626906
1.77659e+09  -1.46641 0.615782 0.792781 -0.471908 -0.235064   1.75762
1.77659e+09  -0.653618  0.855467   1.37442 -0.847396 0.0271433  0.471239
1.77659e+09  -0.964675  0.396338   1.01649 -0.669906  0.746137  -0.34712
1.77659e+09  -2.30478 0.612586 0.541379 -0.720199 -0.446978   1.56645
1.77659e+09  -1.00409 0.762789  1.28919  -2.2512 -1.61519 0.644091
1.77659e+09  -0.228577  0.244005   1.77922 -3.02879  -2.0212  2.83769
1.77659e+09   0.784489 0.0842153   2.14673  -3.44383 -0.888872   2.31597
1.77659e+09  0.492607 -1.02792  1.66843  -0.85179  0.341596 -0.250441
1.77659e+09  -0.457609 -0.599684   1.22421  1.01979  1.35795 0.627245
1.77659e+09  -1.00622 0.873576  1.11449 -0.704574   1.45585  0.825243
1.77659e+09   -1.64005 -0.134164   1.02394 -2.81322 0.411177 -1.18818
1.77659e+09  -1.62833 -1.23032 0.874806 -0.879134 -0.864458   1.65996
1.77659e+09  -0.704751 0.0682364   1.31902  0.215104 -0.977251   2.36724
1.77659e+09  -0.112464  0.301529   1.62369  -1.78343 0.0779246 -0.125441
1.77659e+09  -0.868801 -0.761605   1.27854   -2.16453   0.803999 -0.0390148
1.77659e+09   -1.64964 -0.917133  0.904634 -0.613021 0.0566843   0.89287
1.77659e+09   -1.25549 -0.470787   1.14006 -0.229232  -1.15645   1.11919
1.77659e+09  0.014303 -0.21832  1.72808  -1.31419 -0.850298    1.0916
1.77659e+09  0.108046 -0.70408  1.90172  -1.46995  0.571333 0.0505848
1.77659e+09   -1.0222 -1.10675  1.35737 -0.494368  0.769087 -0.642531
1.77659e+09   -1.51222 -0.666796   1.27002 -0.176253 -0.411089   1.48076
1.77659e+09  -0.367062 -0.345086   1.75791  -1.25438 -0.946734  0.970995
1.77659e+09   0.148526 -0.908611   2.11477  -1.56956 0.0315378  0.126512
1.77659e+09  -0.503416  -1.21967   1.71104 -0.481185  0.863325  0.170946
1.77659e+09  -0.975328 -0.820194   1.23274 0.549821  1.21562 0.325731
1.77659e+09   -1.58679 -0.367457  0.896112   0.70485   1.11552 -0.920607
1.77659e+09  -2.35804 0.249331 0.614882 -0.284896  0.799604  0.898485
1.77659e+09    -2.49546 -0.0287027   0.899307  -1.50389 -0.938677  0.897509
1.77659e+09   -1.37267 -0.399415   1.23487 -1.50194 -1.80928  1.20171
1.77659e+09  -0.407542 -0.315259   1.79306 -0.291488 -0.814654   1.13286
1.77659e+09  -0.777189  0.134283   1.52462 -0.675765  0.269575  0.736864
1.77659e+09   -1.26934 -0.197014   1.41916 -1.60643 0.307173 0.124559
1.77659e+09   -1.11168 -0.654013   1.52462  -0.884993 0.00614722    1.02544
1.77659e+09   -1.27786 -0.247082    1.4607  0.141862 -0.221148  0.751512
1.77659e+09   -1.16494 0.0373437   1.44046 -0.937972 -0.368364   1.05864
1.77659e+09  -0.861344 -0.248147   1.72276 -1.57103 -0.15938 0.706102
1.77659e+09   -1.08079 -0.611402   1.61943  -0.735579 -0.0275442   0.387255
1.77659e+09  -1.2491   -0.36 1.60345 -0.0471029  -0.415239   0.930468
1.77659e+09  -0.795298 -0.013789    1.8197 -0.645247  -0.66524  0.982469
1.77659e+09  -0.456544  -0.23856   2.00399   -1.0078 -0.232866   0.41704
1.77659e+09  -0.695163 -0.422851   1.92729 -0.40306 0.176069 0.561571
1.77659e+09  -0.926326 -0.107532   1.87296   -0.15306 -0.0746633   0.752245
1.77659e+09   -0.784645 -0.0681175    1.93368 -0.691878 -0.407915  0.498827
1.77659e+09  -0.432043 -0.217255    2.1201 -0.588607 -0.267779   0.73955
1.77659e+09  -0.591833 -0.106467   2.05512 -0.308822 0.0857371   0.62993
1.77659e+09   -0.769732 -0.0681175    2.04979  -0.339827 -0.0736868   0.178514
1.77659e+09  -0.760144 -0.146947   2.01464 -0.345199 -0.453814  0.789843
1.77659e+09  -0.274384  0.094868   2.23302 -0.0514974  -0.209673   0.409227
1.77659e+09  -0.440565  0.247201   2.01357 -0.238997  0.314497  0.501512
1.77659e+09  -0.944435  0.231222   1.72595 -1.26024 0.723677 0.842089
1.77659e+09   -1.23206 -0.142686   1.58534 -1.15355 0.452192 0.860887
1.77659e+09   -1.08825 -0.167187   1.59493 -0.820296  0.622114   1.51445
1.77659e+09   -1.43659 0.0320174   1.45751 -1.36204 0.787153  1.42754
1.77659e+09   -1.71143 -0.383436   1.32648 -2.18016 0.511518  1.00273
1.77659e+09   -1.64005 -0.960809   1.39039  -1.4973 0.178511    1.179
1.77659e+09   -1.41741 -0.799954   1.66523 -0.138656 0.0124949  0.976366
1.77659e+09   -1.31302 -0.442025   1.74939 -0.161849 -0.128374  0.238329
1.77659e+09   -1.18199 -0.531508   1.94433 -0.932601 -0.356646  0.607225
1.77659e+09   -0.70049 -0.592228   2.19573  -1.25706 -0.218218   1.05351
1.77659e+09   -0.76121 -0.820194   2.24474  -1.19359 0.0708445  0.712206
1.77659e+09  -1.14044 -1.12699  2.20958 -0.531966 -0.585894   0.36162
1.77659e+09    -0.3383 -0.721125    2.7028 0.870378 -1.78951  1.39653
1.77659e+09    1.0817 0.239744  3.40374 0.533708 -1.09786  1.62969
1.77659e+09   1.45134 0.370771  3.43144 -0.863021  0.912641  0.745653
1.77659e+09   0.425495 -0.591162   2.69854  -1.05931     2.554 -0.904249
1.77659e+09   -1.45789 -0.252408   2.04127  0.766374   2.33403 0.0854969
1.77659e+09  -2.10451  0.68822  1.65671 0.558366 0.827436  1.16411
1.77659e+09  -1.49731 0.553997  1.82609 -1.60814 0.127485 0.643602
1.77659e+09   -1.18625 -0.293954   1.90066 -1.32933 0.561079 0.732225
1.77659e+09   -1.55803 -0.368522   1.66523 0.705827  1.05791 0.146776
1.77659e+09  -2.50611 0.719113  1.31689 0.610612 0.601362 0.447313
1.77659e+09   -2.0832 0.720178  1.53847  -1.52733 -0.063677  0.863329
1.77659e+09   -1.79452 -0.156534   1.67482  -1.57249 -0.310991  0.227831
1.77659e+09   -1.77428 -0.277975   1.69932  0.241471 -0.354693   1.11333
1.77659e+09  -1.45683 0.567845  1.83141  0.094987 -0.436724   1.42192
1.77659e+09   -1.0499 0.460254  2.10838  -1.61888 -0.115435  0.499804
1.77659e+09   -1.08292 -0.347217   2.07962 -0.863509  0.412886  0.349169
1.77659e+09   -1.49944 -0.237495   1.77176 0.995622 0.649458  1.63213
1.77659e+09   -2.5679 0.806465  1.73661    2.2361  -2.40596 -0.320509
1.77659e+09  -0.177445   1.49356   1.42981 -2.15843 -2.37691  2.24126
1.77659e+09   1.80288 0.286616  2.93609 -2.42796 0.334761  1.22905
1.77659e+09  -0.528982 -0.160795   1.94114 0.587907 0.659956 -1.59663
1.77659e+09  -1.63473 0.679698 0.981333  0.65236 -1.26827  2.67412
1.77659e+09  0.812186  0.86825  1.49479 -0.755599  -1.78145  0.893602
1.77659e+09   1.72512 0.412317  1.87722 -0.463851  0.807905  0.487841
1.77659e+09  -0.0964845   0.600869   0.983463 -0.468734   2.00395 -0.393751
1.77659e+09  -1.46855 0.664784 0.434852 -0.862288   0.93144  0.539598
1.77659e+09  -0.88265 0.314312 0.676667 -0.474593  -1.17281    1.6375
1.77659e+09  0.633222 0.711656  1.15497 -0.510482 -0.653032   1.32939
1.77659e+09  0.933626 0.394207  1.20184 -0.550277   1.37993  0.483934
1.77659e+09  -0.825125  0.435753  0.477463 -0.318343   1.80058 -0.451613
1.77659e+09     -1.89785    0.610456 -0.00297159 -0.394271  0.689741   1.07183
1.77659e+09  -1.09357 0.495407 0.381589 -0.837874 -0.944536   1.10796
1.77659e+09  0.0995241   0.48369  0.831131 -0.822738 -0.430376   1.32915
1.77659e+09  -0.114594   0.34414  0.638318 -0.384993  0.846235  0.336962
1.77659e+09  -1.19797 0.322835  0.12486   -0.205306    0.929975 -0.00874141
1.77659e+09    -1.56335   0.376098 -0.0839317   -0.205306    0.929975 -0.00874141
1.77659e+09  -0.745231   0.44534   0.26654  -0.56639 -0.788531   1.02056
1.77659e+09  -0.118855  0.408056  0.438048 -0.391341  -0.16939  0.654833
1.77659e+09  -0.550287  0.396338  0.190907 -0.226302  0.511518  0.319139
1.77659e+09   -1.09464  0.361184 -0.089258 -0.142318  0.308637  0.239305
1.77659e+09   -1.27999  0.469841 -0.146782 -0.415267  -1.14571    1.6043
1.77659e+09  -0.220055  0.844814   0.54564 -2.53368 -1.74043   2.3062
1.77659e+09     0.774902 -0.00846267    0.998377 -3.02074 -1.55074  1.36724
1.77659e+09     0.774902 -0.00846267    0.998377 -3.02074 -1.55074  1.36724
1.77659e+09   0.459584 -0.163991  0.457223  1.08058 0.882124 0.667772
1.77659e+09  -0.817669   0.54654 -0.129738 -0.662581  0.704389   0.38286
1.77659e+09    -0.544961 -0.00526688  0.00661579   -2.25316 -0.0490286    1.23784
1.77659e+09    -0.544961 -0.00526688  0.00661579   -2.25316 -0.0490286    1.23784
1.77659e+09  -0.675988 -0.209798 -0.292724  0.57277 0.465132 0.655321
1.77659e+09  -0.675988 -0.209798 -0.292724  0.57277 0.465132 0.655321
1.77659e+09   -1.04031  0.125761 -0.426947 -1.91112 -1.03072 0.734667
1.77659e+09   -1.04031  0.125761 -0.426947 -1.91112 -1.03072 0.734667
1.77659e+09  -0.00700232  -0.0308332  -0.0253421 -0.175033 -0.344927   1.24614
1.77659e+09  -0.00700232  -0.0308332  -0.0253421 -0.175033 -0.344927   1.24614
1.77659e+09  -0.650422 -0.312063 -0.303376 -1.22679 -0.31856  0.79619
1.77659e+09  -0.650422 -0.312063 -0.303376 -1.22679 -0.31856  0.79619
1.77659e+09    0.0963283  -0.0595954 -0.00297159 -0.113509 -0.304155   0.84746
1.77659e+09   -0.179575 -0.0393553  -0.164892 -0.398665  0.176313  0.214159
1.77659e+09  -0.596094 -0.186362 -0.357705  -0.683822 -0.0251028   0.661913
1.77659e+09  -0.596094 -0.186362 -0.357705  -0.683822 -0.0251028   0.661913
1.77659e+09  -0.159335 -0.105402 -0.145717 -0.435775 -0.304644   1.06084
1.77659e+09  -0.159335 -0.105402 -0.145717 -0.435775 -0.304644   1.06084
1.77659e+09  -0.485306 -0.369587 -0.242656  -0.30931 0.0684031  0.516161
1.77659e+09  -0.485306 -0.369587 -0.242656  -0.30931 0.0684031  0.516161
1.77659e+09   -0.222186 -0.0159195 -0.0754096 -0.140609  -0.39229  0.405321
1.77659e+09   -0.222186 -0.0159195 -0.0754096 -0.140609  -0.39229  0.405321
1.77659e+09  -0.344691 0.0394742 -0.106302 -0.522689 0.0842722  0.443407
1.77659e+09  -0.344691 0.0394742 -0.106302 -0.522689 0.0842722  0.443407
1.77659e+09  -0.167857 0.0469311 0.0588137  -0.50682 -0.486529   1.23125
1.77659e+09  -0.167857 0.0469311 0.0588137  -0.50682 -0.486529   1.23125
1.77659e+09  -0.206207 -0.256669 0.0321821 -0.589583  0.160688  0.507616
1.77659e+09  -0.206207 -0.256669 0.0321821 -0.589583  0.160688  0.507616
1.77659e+09  -0.181706 0.0479963 0.0694664 -0.521712 -0.382769   1.07231
1.77659e+09  -0.181706 0.0479963 0.0694664 -0.521712 -0.382769   1.07231
1.77659e+09  -0.161466   -0.2588 0.0119421 -0.342757  0.183882  0.720018
1.77659e+09  -0.161466   -0.2588 0.0119421 -0.342757  0.183882  0.720018
1.77659e+09  -0.423521 0.0320174 -0.146782 -0.454329 -0.212847  0.662645
1.77659e+09  -0.423521 0.0320174 -0.146782 -0.454329 -0.212847  0.662645
1.77659e+09  -0.265862 -0.070248 -0.121216 -0.550277 -0.371294  0.910692
1.77659e+09   -0.0954193 -0.00313635  -0.0711485 -0.349593 -0.110796  0.941454
1.77659e+09    -0.492763 -0.00313635   -0.285267  -0.724837 -0.0580618   0.806932
1.77659e+09    -0.492763 -0.00313635   -0.285267  -0.724837 -0.0580618   0.806932
1.77659e+09  -0.0240465    0.04267 -0.0924538 -0.307845 -0.330279   1.10552
1.77659e+09  -0.0240465    0.04267 -0.0924538 -0.307845 -0.330279   1.10552
1.77659e+09    -0.343626 5.94454e-05   -0.245852 -0.764388 0.0952585  0.687548
1.77659e+09    -0.343626 5.94454e-05   -0.245852 -0.764388 0.0952585  0.687548
1.77659e+09   0.0803494   0.156653 -0.0402558 -0.168685 -0.352739   1.15874
1.77659e+09   0.0803494   0.156653 -0.0402558 -0.168685 -0.352739   1.15874
1.77659e+09      0.18368     0.20246 -0.00297159 -0.622542  0.157514  0.606981
1.77659e+09   -0.248817 -0.0691827  -0.197915 -0.668929  0.276899  0.681932
1.77659e+09   -0.303146 -0.0681175  -0.212829 -0.199691 -0.217974   1.06621
1.77659e+09  0.00897665   0.151327 -0.0722138 -0.241439 -0.377886   1.00981
1.77659e+09  -0.0613308 -0.0478775  -0.121216 -0.489486  0.323042  0.670214
1.77659e+09  -0.0613308 -0.0478775  -0.121216 -0.489486  0.323042  0.670214
1.77659e+09  -0.149748  0.160914 -0.169153 -0.103255 0.0857371  0.769335
1.77659e+09  -0.149748  0.160914 -0.169153 -0.0566244  -0.299761    1.01494
1.77659e+09  0.0569135 0.0298869 -0.110563 -0.575911  0.192915    0.5916
1.77659e+09  0.0569135 0.0298869 -0.110563 -0.575911  0.192915    0.5916
1.77659e+09  -0.213664  0.277028  -0.21709 -0.0536947   0.164594   0.828661
1.77659e+09  -0.213664  0.277028  -0.21709 0.00245767  -0.315142    1.11675
1.77659e+09    0.132547   0.345205 -0.0743443 -0.848128 -0.326372   1.02788
1.77659e+09   0.274227 0.0288216   0.02366 -0.717757 0.0886668  0.691942
1.77659e+09  -0.021916 0.0362784 -0.146782 0.0622721  0.227094  0.768602
1.77659e+09  -0.111398  0.337748 -0.148913 -0.0375814  -0.143999    1.06426
1.77659e+09     0.18155   0.382489 -0.0285379 -0.804671 -0.280718   1.04741
1.77659e+09   0.285945 0.0810196 0.0321821  -0.68016 0.0461863  0.672899
1.77659e+09  0.0696967 0.0639753 -0.069018 0.0713053  0.193159  0.836229
1.77659e+09  -0.0261771   0.399534  -0.102041 -0.0676107  -0.074175    1.11553
1.77659e+09     0.198594    0.385685 -0.00936318 -0.871077 -0.196245  0.897997
1.77659e+09   0.268901 0.0437353 0.0279211 -0.706527 0.0261668   0.77788
1.77659e+09    0.144265  0.0980638 -0.0210811 0.0822916  0.119184  0.947069
1.77659e+09   0.0878062   0.396338 -0.0402558  -0.156478 -0.0153372    1.01225
1.77659e+09   0.210312  0.294072 0.0140726  -0.714827 -0.0265676     0.7437
1.77659e+09      0.16344   0.0618448 -0.00936318 -0.480208  0.092573  0.981005
1.77659e+09    0.141069   0.180089 0.00235473 0.0383463  0.100141  0.900682
1.77659e+09   0.0878062   0.336683 -0.0370601 -0.225326 0.0605906  0.897264
1.77659e+09    0.109112   0.269571 -0.0455822 -0.631576 0.0332468  0.883593
1.77659e+09    0.106981  0.0959333 -0.0264074 -0.366439 0.0239695  0.802538
1.77659e+09    0.145331    0.18222 -0.0232116 0.0969401  0.121137  0.960253
1.77659e+09     0.149592    0.433622 -0.00190633 -0.205794  0.344038   1.06621
1.77659e+09  -0.042156  0.334552 -0.110563 -0.858138  0.474897  0.742968
1.77659e+09   -0.17851  0.130022 -0.275679 -1.02733 0.524946  1.42412
1.77659e+09  -0.426717  0.109782 -0.438665 -1.19017 0.877729  1.25664
1.77659e+09   -0.70262 -0.120315 -0.592063 -0.912826  0.911177  0.900927
1.77659e+09    -1.2278 -0.122446 -0.798724 -0.695296  0.296186   1.34087
1.77659e+09   -1.00942   -0.1576 -0.728417  -1.05296 -0.572466    1.5811
1.77659e+09  -0.328712 -0.302476  -0.31829  -1.35203 -0.639116   1.72173
1.77659e+09  -0.143356 -0.576249 -0.261831  -1.00926 0.0239695  0.924608
1.77659e+09  -0.467197 -0.712602 -0.344921 -0.127181  0.231489  0.849657
1.77659e+09  -0.514068 -0.353608 -0.380075 -0.312972 -0.140825   1.48979
1.77659e+09  -0.131638 -0.423916 -0.123346 -0.967269 -0.189165  0.866747
1.77659e+09  -0.149748 -0.779714 -0.206437 -0.356185 0.0391062    0.6458
1.77659e+09  -0.337234 -0.510202 -0.255439  0.260026 0.0644968   1.20391
1.77659e+09  -0.240295  -0.19808 -0.223481 -0.227523 -0.127642   0.93535
1.77659e+09  -0.224316 -0.381305 -0.247982  -0.67723 -0.191607  0.595507
1.77659e+09  -0.208337 -0.532573 -0.262896 -0.210433 -0.354204  0.859667
1.77659e+09  -0.0283076   -0.28117  -0.171283  0.160661 -0.354693  0.915331
1.77659e+09   0.0952631 -0.0606606   -0.15637 -0.188216 -0.289995  0.683886
1.77659e+09  0.0771536 -0.199145 -0.172349 -0.781234  -0.13521  0.670946
1.77659e+09  0.0665009 -0.383436 -0.172349 -0.428206   -0.1877  0.843553
1.77659e+09   0.130417 -0.226842 -0.173414 -0.138656 -0.200884  0.813768
1.77659e+09   0.190072  -0.17784 -0.147848 -0.276595 -0.137163  0.529833
1.77659e+09   0.194333 -0.232168 -0.145717  -0.301253 -0.0675832   0.731981
1.77659e+09   0.151722 -0.126707  -0.11589 -0.209212 -0.100298   0.82036
1.77659e+09     0.238009 -0.00207108   -0.053039 -0.0795736  -0.188189   0.516405
1.77659e+09    0.277423  0.0639753 -0.0104284 -0.0131673  -0.117632   0.655321
1.77659e+09   0.435082  0.269571 0.0566832 -0.124984  0.208784  0.963182
1.77659e+09   0.280619  0.336683 0.0183337 -0.550033  0.701704   0.56035
1.77659e+09  -0.254144  0.165175 -0.164892 -0.506576  0.668501  0.245897
1.77659e+09  -0.490632  0.134283 -0.222416 -0.0563802 -0.0683157   0.955126
1.77659e+09     0.014303    0.477298 -0.00510212 -0.333724 -0.405474   1.31694
1.77659e+09  0.285945 0.371837 0.171732  -1.01146 0.0923289  0.557421
1.77659e+09  0.0302819  0.074628  0.075858 -0.682113  0.419966  0.533739
1.77659e+09    -0.40115  0.0810196 -0.0455822  -0.12181 -0.147661   0.72661
1.77659e+09  0.159179 0.319639 0.245235 -0.213851 -0.547564   1.16704
1.77659e+09  0.569306 0.431492 0.375197 -0.814681 -0.246782  0.839159
1.77659e+09   0.267836 0.0522574  0.182384 -1.14427 0.246626 0.444384
1.77659e+09  -0.0432213  -0.222581  0.0609443 -0.206038 -0.130572   0.78911
1.77659e+09  0.421234 0.203525 0.217538  0.296159 -0.260454  0.986376
1.77659e+09  0.419103 0.454927 0.425265 -0.916976 -0.251177   1.49907
1.77659e+09     0.64707 -0.0510733   0.374132    -1.3242 -0.0251028   0.712206
1.77659e+09   0.150657 -0.284366  0.125925   0.0302897 -0.00679223     1.19097
1.77659e+09  0.529891 0.280224 0.173862 0.324967 0.211958 0.701464
1.77659e+09  0.326425 0.321769 0.179189 -0.34471 0.529585 0.530565
1.77659e+09   -0.21899  0.159849 -0.119085 -1.07689 0.144331  1.11113
1.77659e+09  0.0206946 -0.054269  0.131252  -1.36961 -0.407427   1.15093
1.77659e+09   0.695007 -0.385566  0.383719   0.285173 -0.0995657   0.429491
1.77659e+09   0.294468  0.322835 0.0705317 0.783708 0.867231  1.35381
1.77659e+09  -0.597159  0.785159 -0.342791  -1.3098 0.373579 0.791796
1.77659e+09  -0.395824  -0.42072 -0.124412  -2.28563 -0.461382  0.506639
1.77659e+09   0.532022 -0.617794  0.331521   1.1509 -0.45479  1.14751
1.77659e+09   0.195398  0.836292 -0.109498 1.14723 0.60771 1.60869
1.77659e+09  -0.220055  0.918317  -0.15637 -2.03245 0.712202 0.198778
1.77659e+09  -0.541765 -0.679579 -0.335334 -1.99022 0.389448  0.27202
1.77659e+09   -0.152944  -0.536834 -0.0445169  1.26466 0.380659  1.77886
1.77659e+09  -0.853888  0.959863 -0.571823 0.965837 0.128462  1.27495
1.77659e+09  -0.392628  0.575302 -0.207502 -2.19163 0.366743 0.372118
1.77659e+09  -0.654683 -0.733908 -0.330008 -0.826644  0.210493  0.548876
1.77659e+09    -1.18625 -0.0595954  -0.759309  0.313249 -0.294634   2.77226
1.77659e+09  -0.146552  0.322835 -0.135064 -0.655501 -0.246782  0.559374
1.77659e+09  -0.0815708  -0.431373  -0.154239 0.0129557  0.536421  0.213671
1.77659e+09   -0.98598  0.159849 -0.494059 0.344987 0.935102  1.60478
1.77659e+09   -1.28745  0.302595 -0.585671 -0.790999 0.0203074  0.429247
1.77659e+09  -0.672793 -0.469722  -0.25757 -0.219466 -0.322954  0.278124
1.77659e+09  -0.376649 0.0448006 -0.246917   1.55641 0.0649851   1.08476
1.77659e+09  -1.13725 0.786225 -0.30018  0.560319 -0.141314 -0.949659
1.77659e+09   -1.61023  0.858663 -0.392858 -2.62645 -1.70772  2.37871
1.77659e+09  -0.486371  0.457058  0.405025 -3.99583 -3.99861  4.00493
1.77659e+09   3.40184 -1.76615   2.0221 -3.77049 -3.99861  2.20537
1.77659e+09  5.86261 -1.7033 3.02131  2.36525 0.676069  3.20195
1.77659e+09   2.69025 0.158784   1.0559 1.73512 4.00102 -3.2375
1.77659e+09  -3.09307 0.419774 -1.09913 -1.99339  3.83696 -2.25899
1.77659e+09  -3.13675 -1.41248 -1.17902 -2.73534 -1.65376  2.91435
1.77659e+09  0.863319 -1.19517 0.493442 -0.101302   -3.7712   2.13335
1.77659e+09    2.54431 -0.564531   1.47775   1.38869 -0.529253  0.146776
1.77659e+09   2.07879 -0.30141 0.188776  0.673112   4.00102 -0.564161
1.77659e+09  -2.07255 0.240809  -1.2195  1.85793  4.00102 -2.89033
1.77659e+09  -5.22573  1.20807 -2.38384 1.04079  1.5164 0.79912
1.77659e+09  -3.89841  1.29862 -1.15026 -1.95579 -3.99861  2.41069
1.77659e+09   1.32032 0.632827  1.05697 -3.55492 -3.99861  2.12676
1.77659e+09    3.46469 -0.153339   1.89853 -0.769271 -0.389361   1.08208
1.77659e+09   1.03589 0.146001  0.68732 0.438249  3.12871 -1.35859
1.77659e+09   -1.94685  0.963059 -0.167022 -0.290023   2.17265 -0.539503
1.77659e+09   -1.73167  0.316443 0.0300516  -1.47166 -0.910845   1.61504
1.77659e+09  0.212442 0.142805 0.675602 -1.42479 -1.80049  1.83891
1.77659e+09   1.20633 0.139609  1.09425 -0.423812  0.267378  0.761522
1.77659e+09  0.0164335 0.0831501  0.579728  0.28029  1.19365 -1.74605
1.77659e+09  -1.55803 0.742549 0.149361 -0.0571126   0.481001   0.987596
1.77659e+09  -0.633378  0.663719  0.550966  -1.3391 -1.08492  1.17656
1.77659e+09  0.692876 0.330291  1.18054  -1.16771 -0.340777  0.386034
1.77659e+09    0.313642 0.00858156    0.80876 0.381852  1.06352  -0.0063
1.77659e+09  -1.17879 0.857597  0.44657  0.512712  0.963178 -0.450392
1.77659e+09  -1.31728 0.972646 0.511551 -0.939193 -0.370562  0.825243
1.77659e+09  -0.435239  0.538018  0.922743 -1.29051 -1.32222 0.516893
1.77659e+09  0.472367 0.438948  1.30624 -0.120589 -0.484331  0.331346
1.77659e+09  0.147461 0.828835  1.19652  0.617448  0.352095 0.0554676
1.77659e+09  -0.566266    1.1612   1.06229 -0.307357 0.0989207  0.245409
1.77659e+09  -0.217925  0.856532   1.23274  -1.19823 -0.632281  0.449511
1.77659e+09  0.177288 0.615782  1.38294 -0.529525 -0.671343  0.222948
1.77659e+09  0.460649  0.78729  1.39679   0.597428  -0.188433 -0.0839367
1.77659e+09  0.573567  1.33377  1.34459 0.304704  1.14824 0.991259
1.77659e+09  0.66518 1.73857 1.56723 -2.90428   3.1541  1.61186
1.77659e+09  -2.03846    1.207 -0.34066 -3.99583  4.00102 0.762499
1.77659e+09  -3.82811 -1.23352  -1.0171 -3.99583  3.52177 0.768358
1.77659e+09  -4.80815  -1.0407 -1.16518  1.75124 0.109907  1.06792
1.77659e+09    -3.6012    1.0813 -0.205372 0.740983 -3.00044  2.21807
1.77659e+09  -0.405411   1.32738   1.23274 -3.99583 -3.55147  1.48662
1.77659e+09   0.715247 -0.926721   1.83035  -3.99583 -0.317339 -0.385206
1.77659e+09  -0.435239  -1.41355   1.35418 1.21828 1.13408 0.47954
1.77659e+09  -1.61981  1.03656  1.00051  1.07423 0.682905  1.61016
1.77659e+09  -0.898629    0.8299   1.44792  -3.46312 -0.837359  0.394335
1.77659e+09  0.144265 -1.10462  1.89746  -3.40501 -0.445513   0.68413
1.77659e+09  0.131482 -1.10142  1.88681 0.696794 0.558882  1.09697
1.77659e+09  -0.827256   0.28342   1.41276  0.544694  0.533247 -0.542921
1.77659e+09  -0.804885  0.175828   1.50544  -1.9868 0.256636 0.606737
1.77659e+09  -0.409672 -0.638034   1.65032 -2.12596 0.464155 0.915575
1.77659e+09  -0.795298 -0.807411   1.35737 -0.675277  0.838667  0.495165
1.77659e+09  -1.43765 -0.50168   1.0314 -0.172591  0.533247 0.0784168
1.77659e+09   -1.40356 -0.309933    1.0559 -0.890365 0.0400828  0.824266
1.77659e+09     -1.019 -0.477179   1.21676  -1.52415 0.0164011  0.349169
1.77659e+09   -1.01687 -0.850022   1.22315 -1.05638  0.58476 0.423143
1.77659e+09   -1.48239 -0.697689  0.944049 -0.363021  0.705122   0.30913
1.77659e+09   -1.78706 -0.526181   0.88759 -0.669906   0.26518  0.279589
1.77659e+09   -1.59425 -0.586901  0.996247  -1.06517 -0.387652  0.435595
1.77659e+09   -1.07972 -0.731777   1.25937 -0.970199 -0.178179  0.575243
1.77659e+09  -1.07546 -0.64336  1.29239 -0.603255  0.247846  0.471971
1.77659e+09   -1.43978 -0.656143   1.13367 -0.880355  0.350874  0.278856
1.77659e+09    -1.4547 -0.749887   1.16136  -1.14183 -0.127886  0.752733
1.77659e+09  -1.02433 -0.86387  1.39252  -1.08885 0.0124949  0.624315
1.77659e+09   -1.05735 -0.918199   1.43514 -0.607406  0.436323  0.333788
1.77659e+09   -1.48772 -0.807411   1.18373 -0.774398  0.545698  0.375536
1.77659e+09  -1.58359 -0.96507  1.14858 -1.07542 0.271528 0.539843
1.77659e+09  -1.55803  -1.0716  1.24019   -1.15892 -0.0790579  -0.240919
1.77659e+09  -2.04911 -1.23778  1.60025 0.185319 -2.09419 0.172167
1.77659e+09   0.140004 -0.285431    2.6261 0.512956 -3.14742  2.67412
1.77659e+09    2.1704 0.449601  3.45275 -0.480697 -0.515581   1.06621
1.77659e+09    1.44921 -0.601815   2.83489 -1.06224  2.60258 -1.23286
1.77659e+09      -1.835 -0.0532038    1.59279  0.186051    2.0916 -0.368605
1.77659e+09  -1.97348 0.193938  1.62475 -0.526107  0.432905   1.25444
1.77659e+09  -0.539635  0.249331   2.12223   -1.0952 -0.777056  0.966112
1.77659e+09  -0.434173 -0.086227   2.10306  -1.2556 0.500288 0.652391
1.77659e+09   -1.48559 -0.193819   1.55231 -0.541976  0.402632 0.0552234
1.77659e+09   -1.58253 -0.173579   1.46283   -0.5764 -0.336382   1.22856
1.77659e+09  -0.678119  0.144935   1.77922 -0.989974 -0.635943   1.41338
1.77659e+09  -0.575854 -0.146947   1.73021 -1.41307 0.466596 0.220995
1.77659e+09   -1.39717 -0.480375   1.39252 -0.630843  0.585737  0.165819
1.77659e+09  -1.62194 -0.21832  1.28387 -0.238021 -0.158404   1.22661
1.77659e+09  -0.995568 0.0607795   1.64073  -1.05492 -0.608355   1.04033
1.77659e+09  -0.552418 -0.314194   1.84313  -1.24876 0.0149363  0.576219
1.77659e+09  -0.995568 -0.454808   1.59386 -0.615218  0.556928   0.84868
1.77659e+09   -1.42061 -0.221516   1.47988 -0.668929 0.0654734  0.977343
1.77659e+09    -1.0435 -0.317389   1.64925  -1.15452 -0.534624  0.934374
1.77659e+09  -0.543896 -0.452678   1.96244 -0.911117 -0.212359   1.00273
1.77659e+09  -0.633378 -0.372783   1.89639 -0.497054  0.445845  0.737841
1.77659e+09   -1.16708 -0.300345   1.68973 -0.681868   0.43144   0.57744
1.77659e+09   -1.19158 -0.405806   1.70039  -0.945052 -0.0878469   0.888719
1.77659e+09  -0.870932 -0.434568   1.85059 -0.806136 -0.175738  0.982469
1.77659e+09   -0.80169 -0.397284   1.88042 -0.649886  0.257368  0.725389
1.77659e+09   -1.16068 -0.388762   1.72063 -0.830062  0.357954  0.706346
1.77659e+09   -1.26295 -0.528312   1.72169    -0.878402 -0.000688717     0.695848
1.77659e+09   -1.08398 -0.536834   1.78028 -0.551253   -0.2419  0.881639
1.77659e+09  -0.922065 -0.395154   1.86337 -0.563704 -0.011675  0.771288
1.77659e+09   -1.03392 -0.422851   1.85911 -0.820785  0.162397   0.67412
1.77659e+09   -1.16068 -0.554943   1.85165   -0.632064 -0.00703637    0.499804
1.77659e+09   -1.18305 -0.502745    1.8197 -0.376204 -0.350054  0.782274
1.77659e+09   -0.78145 -0.313128    2.0221 -0.690658 -0.289263  0.905565
1.77659e+09  -0.652553 -0.410067   2.06684  -0.7993 0.334272 0.601854
1.77659e+09   -1.07759 -0.546421    1.8442 -0.416976  0.830122  0.339159
1.77659e+09   -1.77641 -0.353608   1.52036 0.207048 0.212446 0.467089
1.77659e+09      -1.525 -0.0287027    1.59493 -0.285872 -0.484087   1.34062
1.77659e+09  -0.913542 0.0202995   1.96883  -1.12938 -0.393755  0.916063
1.77659e+09   -1.07014 -0.330173   1.76111 -0.728499 0.0635203  0.321581
1.77659e+09   -1.36202 -0.247082   1.68441 -0.280013 0.0798777   1.02886
1.77659e+09   -1.23206 0.0288216   1.66736 -0.435531 -0.339312  0.920214
1.77659e+09   -0.922065 -0.0787701     1.8442 -0.968245 -0.170855   1.04326
1.77659e+09  -0.861344 -0.158665   1.96883 -0.50682 0.125776 0.679003
1.77659e+09  -1.34284 -0.13736  1.53314 -0.158919  0.218061   0.51079
1.77659e+09    -1.2523 0.0671711   1.63541 -0.455306 0.0955027   1.26592
1.77659e+09  -1.10103 0.158784  1.69932 -0.798324  0.158491  0.657274
1.77659e+09   -1.38652 -0.144817    1.5374 -0.634261  0.255903  0.231493
1.77659e+09    -1.40356 -0.0372248    1.52249 -0.178695  0.187788       1.2
1.77659e+09  -1.48133 0.295138  1.48627  -0.582015 -0.0575735   0.401415
1.77659e+09   -1.7274 -0.20021   1.4117 -0.867415 -0.792681  0.225878
1.77659e+09  -0.843235 -0.128838   1.66736 -0.650374 -0.831499   1.68755
1.77659e+09  -0.355344    0.1215   1.93687 -0.215316  0.200727  0.737352
1.77659e+09   -1.31089 0.0405395   1.42235 -0.459945   0.43852 -0.427687
1.77659e+09    -1.67095 -0.0958144    1.30624 -0.627181  -0.29146   1.10259
1.77659e+09    -1.09357 -0.0255069    1.43194 -0.595443  -1.16988   1.10893
1.77659e+09  -0.114594 0.0330826   1.77602 -0.497298 -0.161822  0.701708
1.77659e+09   -0.703685 -0.0191153    1.52355 -0.158919  0.484907 0.0410633
1.77659e+09   -1.76362 0.0160384  0.912091  -0.595931 0.00614722   0.623583
1.77659e+09   -0.987046 -0.0329638    1.27535 -0.709456 -0.710406   1.30571
1.77659e+09  -0.518329  0.150262   1.32967 -0.375228 -0.508257  0.763719
1.77659e+09   -0.975328 -0.0308332     1.0037  -0.413314 -0.0609915   0.232714
1.77659e+09   -1.26188 0.0181689  0.702233 -0.611556 -0.657427   1.24297
1.77659e+09   -0.691967 0.00645103   0.923809 -0.765609 -0.971636  0.898485
1.77659e+09    -0.11992 0.00112471    1.21356 -0.147689 -0.692095  0.944872
1.77659e+09  -0.364931  0.282355  0.927004 -0.405013 -0.140581   1.20342
1.77659e+09  -0.579049  0.185415  0.775737  -1.08006 -0.262652  0.444872
1.77659e+09  -0.460805 -0.210863  0.739518 -0.621566 -0.706011  0.824999
1.77659e+09  -0.111398 0.0863459  0.806629 0.0141764 -0.636675   1.36211
1.77659e+09  0.128286 0.354793 0.844979  -0.527327 -0.0697805   0.887499
1.77659e+09  -0.216859 0.0927375   0.68945 -1.04491 0.315229 0.394335
1.77659e+09  -0.624856 -0.168252  0.419938 -0.600814 -0.256792  0.777636
1.77659e+09   -0.445891 -0.0350943   0.403959 -0.260238  -1.00191   1.19463
1.77659e+09  0.484085 0.183285 0.787455 -0.613021 -0.601275   1.25664
1.77659e+09   0.476628 0.0916722  0.791716 -0.514632  0.307905  0.659227
1.77659e+09   -0.372388 0.00964683   0.234582 -0.547347  0.454878  0.318163
1.77659e+09   -0.550287 -0.0968796  0.0865106 -0.592757 -0.307085  0.975145
1.77659e+09    0.106981 0.00538577   0.362414 -0.374007 -0.470659   1.16973
1.77659e+09  0.321099 0.183285 0.460418 -0.417952  0.151167   1.05522
1.77659e+09   -0.35854 0.0266911 0.0108768 -0.898665  0.541548  0.328661
1.77659e+09  -0.590767 -0.231103 -0.102041  -0.681868 -0.0285207   0.932177
1.77659e+09   -0.255209 -0.0713133 0.00448526 -0.134505 -0.290484   1.11699
1.77659e+09  -0.0368297   0.177959   0.116338  -0.429427 -0.0414602   0.824999
1.77659e+09   -0.328712 -0.0521385  -0.113759 -0.927718  0.276899  0.512987
1.77659e+09  -0.585441 -0.246017  -0.21709  -0.639632 -0.0319387   0.970262
1.77659e+09  -0.412868 -0.116054 -0.162761 -0.286605 -0.417437    1.1126
1.77659e+09   0.00365033   0.0458658 -0.00829791 -0.474105 -0.220659  0.848436
1.77659e+09   -0.105007 -0.0851617   -0.11802 -0.752913  0.280561  0.732469
1.77659e+09  -0.554548 -0.234299  -0.30018 -0.668441  0.256636  0.741259
1.77659e+09  -0.544961 -0.224711  -0.30018 -0.306624 -0.283159  0.873094
1.77659e+09  -0.0549392  0.0181689  -0.114824 -0.379378 -0.334917   1.04888
1.77659e+09  -0.0442866 -0.0393553  -0.108433 -0.722884  0.187544  0.801561
1.77659e+09  -0.456544 -0.187427 -0.337465 -0.677474  0.218794  0.571581
1.77659e+09  -0.518329 -0.228972  -0.32042 -0.467269 -0.271685   1.00517
1.77659e+09  -0.0155244 -0.0404206  -0.146782 -0.321273 -0.290484   1.07598
1.77659e+09  -0.00806758   0.0181689   -0.129738 -0.552962  0.201948  0.636522
1.77659e+09  -0.394759  -0.13949  -0.33853 -0.790511  0.266889  0.590136
1.77659e+09  -0.476784 -0.270518 -0.381141  -0.46971 -0.202837  0.952196
1.77659e+09  -0.111398 -0.050008 -0.236265 -0.181136 -0.344439  0.970995
1.77659e+09  0.0015198 0.0362784 -0.194719 -0.603011  0.105268   0.78496
1.77659e+09  -0.233904 -0.129903  -0.29805 -0.739486  0.355268  0.625536
1.77659e+09   -0.52259 -0.237495 -0.418425  -0.39012 0.0781687  0.690233
1.77659e+09    -0.35854 -0.0915533  -0.359835 -0.139632 -0.401079   1.14287
1.77659e+09  -0.00274126      0.1215   -0.232003  -0.68016 -0.264605   1.02397
1.77659e+09  0.0409346 -0.167187 -0.207502 -0.993636  0.307661  0.673876
1.77659e+09  -0.397954 -0.334434 -0.422686 -0.377913  0.405561  0.626024
1.77659e+09    -0.6419 -0.169318 -0.545191 -0.0102376  -0.242388   0.932177
1.77659e+09  -0.191293 0.0288216 -0.389663 -0.497786 -0.491167   1.16728
1.77659e+09    0.161309 -0.0553343  -0.195784 -0.873519 0.0557078  0.822802
1.77659e+09  -0.222186 -0.300345 -0.421621 -0.52391 0.474897 0.446337
1.77659e+09  -0.690902 -0.291823 -0.669827 -0.0136556   0.126264    0.67119
1.77659e+09   -0.467197 -0.0169848   -0.54093 -0.300277 -0.483599   1.16704
1.77659e+09  0.0196293 -0.034029 -0.312964 -0.752669 -0.585406  0.673876
1.77659e+09  -0.315929 -0.436699 -0.355574 -0.0222005  -0.874468   0.624315
1.77659e+09  0.453192 0.234418 0.166405  1.15358 -1.26583  1.40679
1.77659e+09   1.26812   1.0845 0.587185 0.0957194  -0.52315   1.27275
1.77659e+09   1.17118  0.64561 0.447635 -1.38988  0.81645 0.138964
1.77659e+09    0.0334777 5.94454e-05 -0.00297159 -0.868148   1.19072  0.190721
1.77659e+09  -0.569462  0.264245 -0.152109  0.19484 0.110151  1.23784
1.77659e+09  0.0803494  0.600869  0.179189 -0.636702 -0.701372   1.23393
1.77659e+09  0.787685 0.357988 0.461484 -1.23021 -0.28023  0.84038
1.77659e+09    0.296598 -0.0691827   0.194102 -0.863021  0.606245  0.649462
1.77659e+09   -0.424586 -0.0691827  -0.140391 -0.113265  0.294966  0.480028
1.77659e+09   -0.348952  0.0938027 -0.0519738 -0.0930013  -0.677691   0.886034
1.77659e+09  0.755727 0.310051 0.403959  -1.11693 -0.208941   1.66045
1.77659e+09   0.522434 0.0117774  0.179189 -1.52757   1.2061 0.894091
1.77659e+09   -1.04244 -0.364261 -0.530277 -1.27122  1.14995 0.463182
1.77659e+09   -1.30876 -0.591162 -0.573953 -0.462386 -0.407427   1.62334
1.77659e+09     -0.1604 -0.0734438 -0.0317337 0.228776 -1.11006  1.27641
1.77659e+09  0.453192 0.225896 0.415677 -0.321273 -0.386675  0.663622
1.77659e+09   0.0515872 -0.0510733  0.0769232 -0.716781  0.348432  0.234423
1.77659e+09  -0.475719 -0.181036 -0.084997 -0.315413 0.0745066  0.790819
1.77659e+09    -0.203011    0.102325 -0.00723265 -0.178206  -0.46065   1.01494
1.77659e+09  0.251857 0.185415 0.193037 -0.554671 -0.155474  0.570848
1.77659e+09   0.0878062 -0.0223111  0.0588137 -0.62181  0.55937 0.606737
1.77659e+09   0.0878062 -0.0223111  0.0588137 -0.62181  0.55937 0.606737
1.77659e+09   -0.760144 -0.0883575  -0.303376 -0.241195 -0.341265  0.690233
1.77659e+09   -0.157205  0.0874111 -0.0509085 -0.264632 -0.681841   1.04058
1.77659e+09  0.169832 0.183285 0.107816 -0.530013 -0.138384  0.730761
1.77659e+09   -0.208337  0.0149731 -0.0881928 -0.440902  0.213667  0.387987
1.77659e+09   -0.490632 0.00858156  -0.180871 -0.318343 -0.170855  0.965624
1.77659e+09   -0.161466   0.159849 -0.0317337 -0.460677 -0.514116   1.15337
1.77659e+09  0.182615 0.171567 0.140839 -0.647933 -0.209429  0.918749
1.77659e+09  0.182615 0.171567 0.140839 -0.647933 -0.209429  0.918749
1.77659e+09   -0.346822  0.0479963 -0.0860622 -0.520492 0.0625437  0.961229
1.77659e+09   -0.212598  0.0959333 -0.0253421 -0.575423 -0.275835    1.0977
1.77659e+09  0.0260209  0.110847 0.0907717 -0.74681 -0.19356  1.03447
1.77659e+09   -0.0517434 -0.00633214   0.0449653 -0.74681 -0.19356  1.03447
1.77659e+09   -0.255209  -0.054269 -0.0455822 -0.477767 0.0207957  0.867235
1.77659e+09   -0.255209  -0.054269 -0.0455822 -0.477767 0.0207957  0.867235
1.77659e+09  -0.0602655  0.0256258  0.0779885 -0.554671 -0.192339  0.865282
1.77659e+09  -0.0496129 -0.0223111  0.0705317  -0.512435 -0.0146047   0.793749
1.77659e+09    -0.203011  -0.0212458 -0.00403686  -0.359603 -0.0189993   0.691698
1.77659e+09     -0.183836    0.0352132 -0.000841063 -0.370589 -0.186724  0.773485
1.77659e+09  -0.0602655  0.0693016  0.0662706 -0.531478 -0.207476  0.846483
1.77659e+09  -0.0602655  0.0693016  0.0662706 -0.531478 -0.207476  0.846483
1.77659e+09  -0.128442 0.0171037 0.0183337  -0.398421 -0.0627004   0.807177
1.77659e+09  -0.128442 0.0171037 0.0183337  -0.398421 -0.0627004   0.807177
1.77659e+09  -0.0560045  0.0693016  0.0747927 -0.616683 -0.117388  0.856005
1.77659e+09  -0.0560045  0.0693016  0.0747927 -0.616683 -0.117388  0.856005
1.77659e+09  -0.0900929 -0.0148543  0.0481611  -0.507796 -0.0595266   0.877733
1.77659e+09  -0.0900929 -0.0148543  0.0481611  -0.507796 -0.0595266   0.877733
1.77659e+09  -0.0666571  0.0213647  0.0534874 -0.574447  -0.11104  0.912157
1.77659e+09  -0.0666571  0.0213647  0.0534874 -0.574447  -0.11104  0.912157
1.77659e+09   -0.058135 -0.0361595  0.0630748  -0.433333 -0.0512258   0.894091
1.77659e+09   -0.058135 -0.0361595  0.0630748  -0.433333 -0.0512258   0.894091
1.77659e+09  -0.0868972  0.0416048  0.0428348   -0.55223 -0.0622122   0.823778
1.77659e+09  -0.0645266 0.00538577  0.0449653  -0.551742 -0.0927297   0.866503
1.77659e+09  -0.0613308  0.0139079  0.0332474  -0.441634 -0.0773489   0.787645
1.77659e+09  -0.0613308  0.0139079  0.0332474  -0.441634 -0.0773489   0.787645
1.77659e+09  -0.0773098  0.0852806  0.0151379  -0.509261 -0.0583059   0.868212
1.77659e+09  -0.0773098  0.0852806  0.0151379  -0.509261 -0.0583059   0.868212
1.77659e+09  -0.0623961 0.00858156  0.0289863  -0.456527 -0.0175344   0.791552
1.77659e+09  -0.0623961 0.00858156  0.0289863  -0.456527 -0.0175344   0.791552
1.77659e+09    -0.0847666    0.0884764 -0.000841063   -0.568099 -0.00679223    0.856005
1.77659e+09    -0.0847666    0.0884764 -0.000841063   -0.568099 -0.00679223    0.856005
1.77659e+09   -0.146552 -0.0180501 -0.0200158   -0.519271 -0.00874536    0.815721
1.77659e+09   -0.146552 -0.0180501 -0.0200158   -0.519271 -0.00874536    0.815721
1.77659e+09  -0.0837014  0.0810196  0.0130074  -0.579574 -0.0656301   0.862108
1.77659e+09  -0.0837014  0.0810196  0.0130074  -0.579574 -0.0656301   0.862108
1.77659e+09   -0.107137 0.00645103  0.0268558 -0.495101 -0.037554  0.862108
1.77659e+09   -0.107137 0.00645103  0.0268558 -0.495101 -0.037554  0.862108
1.77659e+09  -0.0655919   0.058649  0.0481611 -0.541976 0.0244578   0.79204
1.77659e+09  -0.0655919   0.058649  0.0481611 -0.541976 0.0244578   0.79204
1.77659e+09  -0.134834 0.0266911 0.0225948   -0.50804 -0.0421926   0.816698
1.77659e+09  -0.134834 0.0266911 0.0225948   -0.50804 -0.0421926   0.816698
1.77659e+09  -0.113529 0.0650406 0.0407043 -0.539535 0.0598582  0.756395
1.77659e+09  -0.113529 0.0650406 0.0407043 -0.539535 0.0598582  0.756395
1.77659e+09  -0.181706 0.0533227 0.0130074  -0.516829 -0.0553762   0.863817
1.77659e+09  -0.181706 0.0533227 0.0130074  -0.516829 -0.0553762   0.863817
1.77659e+09  -0.124181 0.0448006 0.0417695  -0.547103 0.00248511    0.75786
1.77659e+09  -0.124181 0.0448006 0.0417695  -0.547103 0.00248511    0.75786
1.77659e+09  -0.167857 0.0618448  0.039639 -0.551253 -0.119097  0.807421
1.77659e+09  -0.167857 0.0618448  0.039639 -0.551253 -0.119097  0.807421
1.77659e+09  -0.0623961  0.0810196  0.0907717  -0.551253 -0.0985891   0.882128
1.77659e+09  -0.0623961  0.0810196  0.0907717 -0.533431    0.0352  0.757616
1.77659e+09  -0.203011 0.0479963 0.0225948  -0.552962 -0.0492727   0.819384
1.77659e+09  -0.203011 0.0479963 0.0225948  -0.552962 -0.0492727   0.819384
1.77659e+09  -0.120986 0.0863459 0.0652053  -0.568587 -0.0753957   0.881639
1.77659e+09  -0.110333 0.0874111  0.075858 -0.576888  0.016157  0.722216
1.77659e+09  -0.192358 0.0714322 0.0513569  -0.556136 -0.0089895   0.775927
1.77659e+09  -0.192358 0.0714322 0.0513569 -0.568587  -0.14229  0.902636
1.77659e+09  -0.0592003  0.0778238    0.12486 -0.600814 -0.113726  0.845018
1.77659e+09  -0.0613308  0.0714322   0.119534 -0.585677 0.0430125  0.770067
1.77659e+09  -0.187032 0.0724974 0.0620095 -0.630111 0.0444773  0.799608
1.77659e+09  -0.184901 0.0554532 0.0694664  -0.683822 -0.0824758   0.872606
1.77659e+09  -0.0900929  0.0448006   0.121664  -0.630599 -0.0846731   0.894823
1.77659e+09  -0.0996803  0.0607795   0.120599 -0.575667 0.0173777  0.783739
1.77659e+09  -0.175314 0.0607795  0.100359 -0.619124 0.0259226  0.783495
1.77659e+09  -0.205141 0.0437353 0.0886412 -0.618392 -0.102007  0.780565
1.77659e+09  -0.120986 0.0234953  0.133382 -0.514144 -0.170366  0.732958
1.77659e+09  -0.0570697  0.0831501   0.151492 -0.396712 -0.107866   0.72661
1.77659e+09  -0.108202  0.147066  0.126991 -0.571029 -0.053179  0.727587
1.77659e+09  -0.111398 0.0756932   0.12486  -0.731185 -0.0924856    0.77788
1.77659e+09  -0.074114 0.0320174  0.149361  -0.627913 -0.0756399   0.876512
1.77659e+09  -0.094354 0.0661058  0.146165  -0.508285 -0.0731985   0.742479
1.77659e+09  -0.105007 0.0682364  0.138709 -0.561263 -0.143999  0.783739
1.77659e+09  0.0100419  0.112977  0.198363 -0.667952 -0.117876  0.873094
1.77659e+09  -0.0101981  0.0661058   0.182384  -0.689681 0.00224097   0.710741
1.77659e+09  -0.115659 0.0213647  0.128056    -0.56639 -0.00801294    0.786913
1.77659e+09  -0.100746 0.0980638  0.139774 -0.539535 -0.115435  0.884813
1.77659e+09  -0.0144592   0.099129   0.188776  -0.684066 -0.0878469   0.843065
1.77659e+09  -0.0485476  0.0288216   0.173862   -0.70848 -0.0121633   0.825487
1.77659e+09   -0.122051 -0.0191153   0.140839   -0.58348 -0.0753957   0.814257
1.77659e+09  -0.0666571  0.0256258   0.166405 -0.555648  -0.18355  0.934374
1.77659e+09  0.0483914 0.0458658   0.22606 -0.711898 -0.108599  0.922655
1.77659e+09  0.000454534  -0.0361595     0.20582 -0.731673 0.0244578  0.821093
1.77659e+09   -0.112464 -0.0872922   0.156818  -0.550033 -0.0214407   0.821093
1.77659e+09  -0.0560045 -0.0265722   0.186645 -0.457015 -0.115435  0.951952
1.77659e+09  -0.0155244  0.0171037   0.219669  -0.590804 -0.0473196   0.900438
1.77659e+09  -0.0698529 -0.0595954   0.198363 -0.611556 0.0293406  0.787157
1.77659e+09   -0.166792 -0.0947491   0.149361   -0.32762 -0.0402395   0.720507
1.77659e+09  -0.0858319  0.0362784   0.204755 -0.283187 -0.195269  0.930468
1.77659e+09  -0.0453518   0.104455   0.201559 -0.524886 -0.276568  0.856493
1.77659e+09    0.0196293 -0.00846267    0.243105 -0.572982 -0.196978  0.709764
1.77659e+09   0.0569135 -0.0169848   0.276128 -0.260726 -0.133501   0.87163
1.77659e+09  0.018564 0.120434 0.217538  -0.345443 0.00907691   0.970262
1.77659e+09  -0.0474824  0.0895417   0.252692  -0.573226 -0.0702688   0.697802
1.77659e+09  -0.0709182 -0.0595954   0.201559 -0.331283 -0.324907  0.713182
1.77659e+09  0.166636 0.099129 0.374132 -0.179427 -0.365923   1.23931
1.77659e+09  0.350927 0.301529 0.395437 -0.620833 -0.118853  0.996386
1.77659e+09     0.10485 -0.0191153   0.297433 -0.835677  0.168745  0.448778
1.77659e+09  -0.114594  -0.13949  0.178123 -0.149642 -0.181597  0.922167
1.77659e+09  0.113373 0.158784 0.313412 -0.033431 -0.415728   1.10308
1.77659e+09  0.458518 0.289811 0.447635 -0.608626  -0.24605  0.962694
1.77659e+09     0.314708 -0.00633214    0.351761 -0.634749  0.317427  0.245653
1.77659e+09    0.18368 0.0714322  0.269736 -0.429671  0.412886      1.45
1.77659e+09  -0.435239  0.332422 -0.357705  -1.4619 0.500776  1.15288
1.77659e+09  -0.375584 -0.374914 -0.109498 -1.58617 0.432417 0.809618
1.77659e+09  -0.579049 -0.483571 -0.242656 -0.0207357   0.120649    1.24468
1.77659e+09  -0.723925 0.0266911 -0.243721  0.103776 -0.597613    1.0313
1.77659e+09  -0.190228 0.0650406 -0.132934   -1.041  -1.0107 0.936815
1.77659e+09   0.420169 -0.300345  0.258018  -0.96556 -0.441607  0.685839
1.77659e+09   0.129352 -0.352543 0.0481611  0.354753 0.0852488  0.440721
1.77659e+09  -0.234969  0.100194 -0.130803  0.35109 0.126264 0.705614
1.77659e+09  0.00471559   0.240809  0.0652053 -0.652572 -0.279009  0.984178
1.77659e+09    0.110177 -0.0777049  0.0247253 -0.870589 -0.119585  0.356493
1.77659e+09   -0.0112634   -0.197014 -0.00190633 -0.0622396  0.0955027   0.784716
1.77659e+09  -0.0932887   0.195003 -0.0466474  0.181901 0.0754832  0.812792
1.77659e+09   -0.102876   0.289811 -0.0860622  -0.682845 -0.0246145    0.76494
1.77659e+09   -0.127377 0.00538577  -0.111629     -0.8618 -0.00435083     0.61577
1.77659e+09   -0.147617 -0.0553343 -0.0594306  -0.347152 -0.0280325   0.920702
1.77659e+09    -0.13803    0.18222 -0.0839317 -0.175521 -0.124468  0.945848
1.77659e+09   -0.116725   0.234418 -0.0839317 -0.700667 -0.145708  0.856249
1.77659e+09   -0.0133939   0.0575837 -0.00403686   -0.991927 -0.00483911      0.9666
1.77659e+09  -0.0826361 -0.0670522 -0.0509085 -0.45262 0.176802 0.800096
1.77659e+09  -0.267992  0.099129 -0.105237 -0.297347  0.172163  0.910204
1.77659e+09  -0.314864  0.154523 -0.184067  -0.618392 0.00761206   0.719042
1.77659e+09  -0.244556 0.0213647 -0.131869 -0.798812 0.0823191  0.895067
1.77659e+09   -0.302081 -0.0233764   -0.19685 -0.43016 0.286665 0.787889
1.77659e+09  -0.588637  0.058649 -0.326812 -0.136214  0.335737  0.520555
1.77659e+09  -0.811277  0.137479 -0.410968 -0.276351 -0.129595  0.773729
1.77659e+09  -0.587571  0.134283 -0.312964 -0.598372 -0.507525    1.0772
1.77659e+09  -0.171053 0.0842153  -0.19685 -0.256331 -0.174273  0.463671
1.77659e+09  -0.460805  0.133218   -0.2597 0.402116 0.207075 0.140429
1.77659e+09  -0.845365  0.474102 -0.456774  0.0730143 -0.0976125   0.830614
1.77659e+09  -0.537504   0.36651 -0.204307 -0.371566 -0.829546  0.419725
1.77659e+09   -0.176379    0.38462 -0.0818012 -1.02025 -1.19161  2.18999
1.77659e+09  0.715247 0.324965 0.399698  -1.35716 -0.750445   1.17217
1.77659e+09    0.80686 -0.110728  0.460418 -0.382064  0.362837  0.854296
1.77659e+09   0.0537178   0.281289 -0.0509085 0.104753 0.803999  1.02275
1.77659e+09   -0.32019  0.405925 -0.053039 -1.19041 0.271772  1.00957
1.77659e+09   0.0441304 -0.0755743  0.0630748  -1.79491 -0.474322   1.55205
1.77659e+09   0.648135 -0.221516  0.432722 -1.06468 0.184858  1.55351
1.77659e+09  0.317903 -0.29928  0.12486  0.088151  0.911421 0.0703602
1.77659e+09  -0.805951  0.142805  -0.29805 -0.316146  0.742719   1.08354
1.77659e+09  -0.691967  0.127891 -0.235199  -1.45994 -0.733355   1.52324
1.77659e+09   0.285945 -0.409002  0.212212  -1.68407 -0.848101    0.9937
1.77659e+09   0.800468 -0.559204  0.443374  0.401872 0.0452097  0.663622
1.77659e+09  -0.125247  0.177959 -0.114824 0.533708 0.603071 0.493212
1.77659e+09    -0.5407   0.22483 -0.207502 -1.13841 -0.14522 0.838671
1.77659e+09   0.153853 -0.313128 0.0321821  -1.55492 -0.695757   1.07549
1.77659e+09   0.679028 -0.464396  0.331521 0.255143  0.06645 0.535692
1.77659e+09  0.0217598  0.099129  -0.17874 0.699967 0.601362 0.210009
1.77659e+09  -0.488502  0.444275 -0.240526 -0.825179  0.299604  0.946337
1.77659e+09  -0.190228 -0.183166 -0.148913  -1.44603 -0.386187  0.466356
1.77659e+09   0.327491 -0.414328 0.0971633   0.215348 0.00907691    0.66704
1.77659e+09  -0.0432213   0.316443  -0.126542 0.575212 0.470747  0.98662
1.77659e+09  -0.473588  0.385685 -0.284201 -1.06175 0.349897 0.318651
1.77659e+09  -0.457609 -0.356804 -0.278875 -0.954818 -0.284624  0.559862
1.77659e+09  -0.112464 -0.151208 -0.172349  0.371842 -0.284136  0.920702
1.77659e+09  0.0686315  0.398468 -0.048778 0.244157 0.045698 0.602098
1.77659e+09  -0.191293  0.289811 -0.173414 -0.785628  0.264692  0.458544
1.77659e+09    -0.286102 -0.00526688   -0.142521 -0.958968 0.0293406  0.656542
1.77659e+09  -0.0613308 -0.0553343 -0.0711485 -0.0600423 -0.0583059   0.671923
1.77659e+09  -0.0517434   0.287681 -0.0818012 0.0805827  0.401411  0.870409
1.77659e+09  -0.400085   0.38675 -0.191523 -0.63182   0.3831 0.467333
1.77659e+09  -0.486371 0.0362784 -0.244787 -0.990706 0.0503367  0.755175
1.77659e+09   -0.210468    0.02243 -0.0945843  -0.228499 0.00932105   0.932421
1.77659e+09  -0.271188  0.331357 -0.122281 -0.129134  0.275434  0.781542
1.77659e+09  -0.458674  0.340944 -0.232003 -0.749984  0.290815  0.578173
1.77659e+09  -0.427782 0.0969985 -0.152109 -0.920882  0.229536   0.92119
1.77659e+09  -0.467197  0.094868 -0.174479 -0.268294  0.222456  0.780809
1.77659e+09  -0.550287  0.334552 -0.184067 -0.25804 0.112104 0.923632
1.77659e+09  -0.744165  0.414447 -0.249048  -1.03685 -0.520708   1.03032
1.77659e+09  -0.869867  0.380359 -0.167022 -3.32323 -2.20943  3.47441
1.77659e+09    1.18716 -0.178905  0.848175 -3.99583 -2.86104  2.52886
1.77659e+09  1.95095 -1.6756 0.99092 -1.43065 -1.01094  1.01543
1.77659e+09   1.69529 -1.13871  0.58825  2.48048  1.09428 0.534227
1.77659e+09    -0.23923   0.841618 -0.0594306  0.903581   1.19511 0.0605945
1.77659e+09   -0.656814  0.0479963 -0.0573001 -3.14427 0.385542 0.123095
1.77659e+09  0.315773 -1.37413 0.279323 -0.802474  -1.11885  0.507128
1.77659e+09   0.824969 -0.405806  0.254822    2.1797 -0.107622   1.47783
1.77659e+09  0.272097 0.817117 0.209016  0.723405  0.127241 -0.451613
1.77659e+09  -0.136965  0.225896 0.0225948 -1.95116 0.094282 0.391405
1.77659e+09   0.341339 -0.537899 0.0257905 -1.22826 0.582807  1.06377
1.77659e+09   0.166636 -0.357869 -0.307637  1.41896  1.23857 0.273241
1.77659e+09   -1.54844   0.92897 -0.614433  0.860124  0.737837 0.0535145
1.77659e+09   -1.48026   0.70846 -0.609107 -1.61644 -1.02632  1.10967
1.77659e+09   -0.110333 -0.0244416  -0.130803 -2.21263 -1.72408  1.14751
1.77659e+09   0.677963 -0.261996  0.233517 -0.136214 -0.509234  0.783251
1.77659e+09   0.0409346   0.321769 -0.0264074 0.528337 0.353071 0.265184
1.77659e+09  -0.565201  0.474102 -0.275679  -1.2158 0.143843 0.611376
1.77659e+09  -0.308472 -0.254539 -0.154239   -1.3286 -0.615679  0.664598
1.77659e+09    0.16344 -0.141621 0.0875759 -0.0605306  -0.581499    1.17388
1.77659e+09   0.276358  0.417643 0.0971633  0.0630045 -0.0348684   0.446581
1.77659e+09  -0.148682  0.351597 -0.126542 -1.19383 0.177534 0.389696
1.77659e+09  -0.352148 -0.086227 -0.194719  -1.36302 -0.291948   0.95244
1.77659e+09   -0.120986 -0.0915533 -0.0679527 -0.630355 -0.737993   1.01738
1.77659e+09  0.306185 0.137479 0.128056 -0.431868 -0.615435  0.754198
1.77659e+09  0.324295 0.176893  0.12273  -1.06224 -0.404497  0.839403
1.77659e+09   0.219899 -0.145882  0.080119  -1.20726 -0.246538  0.648973
1.77659e+09   0.283815 -0.208732  0.137643 -0.544906 -0.317583  0.929003
1.77659e+09   0.379689 0.0330826   0.16534 -0.515609 -0.168902  0.890184
1.77659e+09    0.304055 -0.0414859   0.153622  -0.757552 -0.0700247   0.511522
1.77659e+09   0.208181 -0.141621 0.0769232 -0.826644  -0.11397  0.859178
1.77659e+09   0.257183 -0.155469  0.096098 -0.540999 -0.180376  0.796434
1.77659e+09    0.390341 -0.0840964   0.107816 -0.391097  0.155805  0.752001
1.77659e+09   0.118699 -0.034029 0.0375085 -0.0712728   0.344526   0.321337
1.77659e+09  -0.234969  0.158784 -0.184067 -0.364486 0.0615671  0.687303
1.77659e+09   -0.107137    0.14387 -0.0871275 -0.888167 -0.403032  0.880907
1.77659e+09   0.266771 0.0149731 0.0684011 -0.791976  -0.26729  0.826708
1.77659e+09    0.0963283 -0.00739741   0.0183337 -0.334456 0.0469187  0.620409
1.77659e+09  -0.0592003   0.148131 -0.0562348 -0.503158 -0.130816    1.1436
1.77659e+09   0.129352  0.142805 0.0705317  -1.07713 -0.236773  0.908739
1.77659e+09   0.226291 -0.135229  0.136578   -0.86473 -0.0912649    0.54912
1.77659e+09  0.0941978 -0.160795 0.0694664 -0.220931 0.0825632  0.825731
1.77659e+09   0.050522  0.139609 0.0992938 -0.411605 0.0781687   1.16558
1.77659e+09   0.018564 0.0820848  0.096098   -0.993148 -0.00459497    0.428759
1.77659e+09  -0.00380652   -0.292888   0.0790538  -0.605941 -0.0216848   0.632128
1.77659e+09    0.0462609 -0.00952793     0.16534  0.0444499 -0.0441457    1.11626
1.77659e+09  0.0686315  0.282355  0.182384 -0.510726  0.031782  0.656786
1.77659e+09    0.0015198 5.94454e-05     0.20582 -0.942122 0.0725535  0.448046
1.77659e+09  -0.0304381  -0.101141   0.209016  -0.43431 0.0530222  0.961229
1.77659e+09  -0.0805056   0.160914   0.216473  -0.244369 -0.0561086   0.888475
1.77659e+09  0.0100419  0.192872   0.28465  -0.792464 -0.0297415   0.770067
1.77659e+09  0.0377388 0.0160384  0.359218 -0.826644 0.0791453  0.700487
1.77659e+09   -0.142291 -0.0169848   0.330456  -0.294906 -0.0712454   0.698046
1.77659e+09  0.106981 0.336683 0.407155 -0.806868 0.0164011   1.89238
1.77659e+09  -0.0805056   0.250397    0.42633 -1.47703 0.303999 0.423143
1.77659e+09   -0.27971 -0.351478  0.431656 -0.728255  0.160688   0.57329
1.77659e+09  -0.161466 0.0693016  0.539248    0.192399 -0.00557153     1.60576
1.77659e+09  -0.118855  0.469841  0.571206 -0.857406  0.110151  0.705614
1.77659e+09  -0.210468 -0.166122  0.589315 -1.31175 0.231001 0.161913
1.77659e+09  -0.369192 -0.324846  0.526465 -0.327376  0.187788   1.09575
1.77659e+09  -0.393693  0.116173  0.572271 -0.125472 0.0571726   0.84868
1.77659e+09   -0.38091 0.0842153  0.607425  -0.859359 -0.0417043   0.491747
1.77659e+09  -0.326582 -0.184231   0.66708 -0.895736 0.0188425  0.840624
1.77659e+09  -0.335104 -0.161861  0.690516 -0.335433   0.19145  0.876512
1.77659e+09  -0.547091 0.0043205  0.618078 -0.247786  0.121626  0.607225
1.77659e+09  -0.516199 0.0234953  0.639383 -0.695052 -0.119341  0.793016
1.77659e+09   -0.308472 -0.0745091   0.774671  -0.781478 -0.0595266   0.866503
1.77659e+09   -0.363866 -0.0936838   0.744844 -0.433822  0.174604  0.686815
1.77659e+09   -0.579049 -0.0127237   0.645774 -0.385238  0.170698  0.766405
1.77659e+09  -0.602485 0.0266911  0.661753  -0.626449 -0.0397512    0.75078
1.77659e+09   -0.462936 -0.0510733   0.745909   -0.62596 -0.0871145   0.818895
1.77659e+09   -0.485306 -0.0223111   0.726735 -0.46556 0.031782 0.848192
1.77659e+09  -0.548157 0.0405395  0.696907 -0.575667 0.0461863  0.801561
1.77659e+09   -0.547091 -0.0127237   0.736322  -0.678939 -0.0275442   0.812059
1.77659e+09   -0.511938 -0.0265722    0.75017   -0.7014 0.0268992  0.928514
1.77659e+09   -0.558809 -0.0223111   0.752301 -0.670882 0.0640085  0.833544
1.77659e+09   -0.619529 -0.0638564   0.713951 -0.657454 0.0771921  0.861376
1.77659e+09   -0.646161 -0.0489427   0.751236 -0.588363  0.012739  0.868456
1.77659e+09   -0.624856 -0.0510733   0.757627 -0.582015 0.0371531  0.772509
1.77659e+09   -0.674923 -0.0223111   0.765084   -0.560775 4.37052e-05    0.777391
1.77659e+09   -0.681315 -0.0329638   0.753366   -0.67137 -0.0189993   0.830858
1.77659e+09   -0.651487 -0.0489427   0.824739  -0.649154 -0.0251028   0.916063
1.77659e+09   -0.669597 -0.0595954   0.815152 -0.585433  0.049116   0.68535
1.77659e+09   -0.729252 -0.0872922   0.830065 -0.512435 0.0305613  0.747362
1.77659e+09   -0.689837 -0.0329638   0.870545  -0.527572 0.00370581    0.86455
1.77659e+09   -0.709012 -0.0201806   0.892916 -0.624007    0.0352  0.776903
1.77659e+09   -0.770797 -0.0723785   0.873741  -0.730452 0.00175269   0.720507
1.77659e+09  -0.748426 -0.136294  0.920613 -0.530501 -0.137652  0.710741
1.77659e+09   -0.590767 -0.0318985    1.04099  -0.473861 -0.0651418   0.953173
1.77659e+09  -0.632313 0.0394742   1.05164 -0.616927 0.0896433  0.657518
1.77659e+09  -0.809146 -0.114989  0.979202 -0.675277 0.0432566  0.657274
1.77659e+09   -0.715403 -0.0990101    1.05164 -0.395247 -0.114214  0.907762
1.77659e+09  -0.571593 0.0565185   1.14858 -0.442122  0.089155  0.772264
1.77659e+09  -0.738839 0.0352132   1.08253 -0.647689  0.298628  0.603075
1.77659e+09    -1.01261 -0.0681175   0.956832 -0.731673  0.138716  0.732958
1.77659e+09   -0.930587 -0.0809007    1.02394 -0.602279 -0.147906  0.916307
1.77659e+09   -0.799559 -0.0127237    1.10171 -0.574447 -0.150103  0.850145
1.77659e+09   -0.827256 -0.0308332    1.09745  -0.814437 -0.0197317   0.849901
1.77659e+09  -0.927391 -0.162926   1.05697   -0.79515 -0.0773489   0.709764
1.77659e+09  -0.867736  -0.20021   1.10384  -0.49266 -0.183306  0.872606
1.77659e+09   -0.779319 -0.0287027    1.14751 -0.553451 -0.119585  0.947313
1.77659e+09   -0.834713 -0.0777049    1.13793  -0.895492 -0.0700247   0.626268
1.77659e+09  -0.852822 -0.284366   1.12408 -0.658919  -0.12813  0.750536
1.77659e+09  -0.750557 -0.130968   1.21143  -0.312972 -0.0402395   0.977587
1.77659e+09    -0.800624 -0.00100582     1.16669 -0.358138  0.110639   0.19121
1.77659e+09   -1.31621 -0.176774  0.781063 -0.367415 -0.465777  0.246386
1.77659e+09   -1.06161 -0.110728  0.726735 -0.645247  -1.04366   1.36333
1.77659e+09  -0.327647 -0.029768   1.01862 -0.385238  -1.06368  0.822313
1.77659e+09   -0.379845 -0.0255069   0.902503  -0.12596 -0.815874   0.46538
1.77659e+09  -0.161466  0.165175  0.897177 -0.650618 -0.591753   0.91704
1.77659e+09  -0.0613308  0.0448006   0.728865 -0.966048 -0.122759  0.512011
1.77659e+09  -0.321255 -0.143751  0.752301  -0.538802 -0.0710012   0.769335
1.77659e+09   -0.646161 -0.0223111   0.315542 -0.352279 -0.563677  0.925096
1.77659e+09  -0.189163 0.0288216  0.549901 -0.742415 -0.776568  0.821337
1.77659e+09   0.358383 0.0927375  0.662819  -1.04735 -0.386187   1.35161
1.77659e+09   0.0196293 -0.0819659   0.515812 -1.22581 0.422651 0.671434
1.77659e+09   -0.56094 -0.330173  0.139774 -0.677962 0.0259226  0.645311
1.77659e+09  -0.390498 -0.214059  0.254822 -0.439925  -0.64815   1.29277
1.77659e+09  0.207116 0.038409 0.415677 -0.723128 -0.782183   1.05254
1.77659e+09   0.331752 -0.221516  0.405025  -1.03856 -0.111529  0.383593
1.77659e+09  0.0739578 -0.473983  0.291041 -0.253402  0.215132  0.638964
1.77659e+09   -0.182771 -0.0723785   0.135513 0.0483561 -0.144732  0.880907
1.77659e+09  0.0569135 0.0128426   0.16534 -0.718245  -0.51021  0.559862
1.77659e+09  0.374362 -0.27904 0.270801 -0.783675 -0.252398  0.855761
1.77659e+09   0.313642 -0.183166  0.218603 -0.0588216    0.18852   0.801561
1.77659e+09  -0.0442866   0.038409    0.02366 -0.236068  0.190962  0.633348
1.77659e+09  -0.00593705 -0.00846267   0.0268558 -0.696517 -0.176714  0.771288
1.77659e+09    0.241204 -0.0883575   0.161079 -0.573226 -0.128863   0.84746
1.77659e+09     0.269966 5.94454e-05     0.14297 -0.204085  0.216352  0.631884
1.77659e+09  -0.0922235  0.0767585 -0.0668875 -0.457503  0.311323  0.725389
1.77659e+09  -0.182771 0.0107121 -0.108433  -0.713363 -0.0683157   0.822313
1.77659e+09   0.0419998 -0.0606606  0.0130074 -0.622298 -0.224077  0.900438
1.77659e+09    0.166636 -0.0148543  0.0726622   -0.398665 0.000531986    0.834764
1.77659e+09  -0.00380652   0.0341479  -0.0136242 -0.526107  0.151655  0.789843
1.77659e+09  -0.0932887 -0.0244416 -0.0455822  -0.717025 -0.0434133   0.803026
1.77659e+09   0.0441304 -0.0936838  0.0162032  -0.64305 -0.160113  0.918993
1.77659e+09      0.1432 -0.0436164  0.0609443   -0.449447 4.37052e-05    0.864794
1.77659e+09   0.0377388 0.00858156 0.00341999 -0.513167  0.150678  0.757128
1.77659e+09  -0.0815708 -0.0244416 -0.0391906 -0.666243 0.0256785  0.805223
1.77659e+09   -0.017655 -0.0798354   -0.01682 -0.584945  -0.12105  0.864794
1.77659e+09    0.075023 -0.0382901  0.0385737  -0.428695 -0.0705129    0.87871
1.77659e+09  0.0643704 0.0298869 0.0289863  -0.49681 0.0510691  0.775438
1.77659e+09  -0.0315034 -0.0105932 -0.0104284 -0.628402 0.0295847  0.745653
1.77659e+09  -0.0187202  -0.054269   -0.01682   -0.57762 -0.0985891   0.849901
1.77659e+09   0.0633051 -0.0159195  0.0279211 -0.488021 -0.108599  0.855761
1.77659e+09  0.0963283 0.0192342 0.0428348  -0.512191 0.00175269   0.792528
1.77659e+09   0.00791139  0.00538577 -0.00190633 -0.606429 0.0537546  0.775682
1.77659e+09  -0.0293729 -0.0393553 -0.0136242  -0.589339 -0.0255911   0.802538
1.77659e+09    0.014303 -0.0223111  0.0108768 -0.509749 -0.079302  0.877245
1.77659e+09  0.0462609 0.0245605  0.019399   -0.54515 -0.0277883   0.789354
1.77659e+09  -0.00274126 -0.00100582 -0.00616739   -0.636214 -0.00264184    0.767382
1.77659e+09  -0.0251118 -0.0318985 -0.0210811   -0.62596 -0.0656301   0.832811
1.77659e+09   0.0132377 -0.0255069 0.00341999 -0.544906 -0.118609  0.815721
1.77659e+09     0.054783 -0.00313635   0.0215295 -0.532454 -0.103228  0.831591
1.77659e+09   0.0526525 0.00218997    0.02366  -0.616927 -0.0749075   0.804979
1.77659e+09   0.0569135 -0.0446817  0.0343127  -0.624495 -0.0902883    0.81035
1.77659e+09   0.0878062 -0.0425511  0.0417695  -0.569564 -0.0961477   0.844774
1.77659e+09    0.109112 -0.0148543  0.0545527  -0.588118 -0.0624563   0.794481
1.77659e+09  0.0973936 -0.029768 0.0470958  -0.627913 -0.0177786   0.812792
1.77659e+09   0.0601093 -0.0510733  0.0289863  -0.599837 -0.0141165   0.788378
1.77659e+09   0.0473262 -0.0553343  0.0279211  -0.539046 -0.0634329   0.802538
1.77659e+09   0.0739578 -0.0318985   0.039639   -0.56224 -0.0968801   0.852098
1.77659e+09   0.106981 -0.034029 0.0641401  -0.631576 -0.0763723   0.821337
1.77659e+09    0.111242 -0.0627912  0.0673359 -0.610091 -0.030718  0.797655
1.77659e+09  0.0569135 -0.054269 0.0385737 -0.557357 -0.053179  0.804491
1.77659e+09    0.075023 -0.0350943  0.0428348 -0.568099 -0.120806   0.83452
1.77659e+09   0.134678 -0.034029 0.0747927 -0.574935 -0.100542  0.813768
1.77659e+09    0.140004 -0.0372248  0.0811843   -0.537581 -0.00776879    0.796923
1.77659e+09   0.0686315 -0.0382901     0.0439 -0.483626 0.0225046  0.741503
1.77659e+09  0.0217598 -0.029768 0.0215295   -0.55223 -0.0685598   0.909716
1.77659e+09   0.0995241 -0.0308332  0.0545527 -0.679915   -0.1169  0.893602
1.77659e+09   0.160244 -0.108598 0.0854454 -0.572738 0.0105418   0.73369
1.77659e+09   0.0569135 -0.0979449    0.02366 -0.349837  0.110395  0.813768
1.77659e+09   -0.0655919 -0.00633214  -0.0189506  -0.590316 -0.0170461   0.947069
1.77659e+09  0.0483914 -0.161861 0.0950327 -0.805648 -0.226519  0.860399
1.77659e+09   0.194333 -0.288627   0.12486 -0.316634 0.0312937  0.802294
1.77659e+09  -0.0432213 -0.0830312  0.0460306 0.0747233  0.157514  0.870897
1.77659e+09  -0.0400255   0.139609  0.0609443   -0.22972 -0.0260793   0.407274
1.77659e+09   -0.142291 -0.0105932 -0.0636917 -0.495589 -0.230669   0.76494
1.77659e+09  0.207116 0.127891 0.177058 -0.325423 -0.120562   1.07915
1.77659e+09   0.086741  0.289811 0.0875759 -0.506576  0.104292  0.778856
1.77659e+09   -0.148682   0.114043 -0.0626264  -1.01121 0.0737742  0.811815
1.77659e+09  -0.0549392 -0.0212458  0.0364432 -0.935042 -0.184527   1.22295
1.77659e+09    0.108046 -0.0212458  0.0929022 -0.607406 -0.157915  0.896776
1.77659e+09    0.108046 -0.0212458  0.0929022 -0.607406 -0.157915  0.896776
1.77659e+09  -0.0922235 0.00538577  -0.053039 -0.834945  0.159223  0.887743
1.77659e+09  -0.0922235 0.00538577  -0.053039 -0.834945  0.159223  0.887743
1.77659e+09   -0.122051  -0.317389 -0.0359948  -0.100326 -0.0717336    1.02007
1.77659e+09  -0.0645266 -0.0159195 -0.0210811   -0.10179 -0.0321829   0.853075
1.77659e+09   -0.116725 -0.0329638 -0.0296032   -0.53099 -0.0348684   0.470262
1.77659e+09   -0.116725 -0.0329638 -0.0296032   -0.53099 -0.0348684   0.470262
1.77659e+09    -0.11992 0.00325524 -0.0296032 0.0280924  0.140913  0.994677
1.77659e+09  -0.187032  0.180089 -0.112694 -0.433089  0.107466  0.597948
1.77659e+09   -0.322321 -0.0532038  -0.162761 -0.821517 0.0203074   0.72954
1.77659e+09   -0.322321 -0.0532038  -0.162761 -0.821517 0.0203074   0.72954
1.77659e+09   -0.155074  0.0490616 -0.0807359 -0.250228 -0.100298   0.83745
1.77659e+09   -0.173184  0.0735627 -0.0839317  -0.525863 -0.0468313   0.880175
1.77659e+09   -0.197685 0.00112471 -0.0935191  -0.776839 -0.0854055   0.999559
1.77659e+09   -0.197685 0.00112471 -0.0935191  -0.776839 -0.0854055   0.999559
1.77659e+09   -0.0805056 -0.00313635  -0.0370601 -0.266341 -0.133257   1.02495
1.77659e+09   -0.0805056 -0.00313635  -0.0370601 -0.266341 -0.133257   1.02495
1.77659e+09    -0.123116 -0.00526688  -0.0573001 -0.651595 0.0747507  0.714159
1.77659e+09    -0.123116 -0.00526688  -0.0573001 -0.651595 0.0747507  0.714159
1.77659e+09  -0.199815 0.0778238 -0.106302 -0.413558 -0.110552  0.873339
1.77659e+09  -0.199815 0.0778238 -0.106302 -0.413558 -0.110552  0.873339
1.77659e+09   -0.102876  0.0213647 -0.0455822 -0.596419  -0.16646  0.825243
1.77659e+09   -0.102876  0.0213647 -0.0455822 -0.596419  -0.16646  0.825243
1.77659e+09   -0.0133939   0.0309521 -0.00190633 -0.468734 -0.162798  0.831102
1.77659e+09   -0.0133939   0.0309521 -0.00190633 -0.468734 -0.162798  0.831102
1.77659e+09    0.014303  0.0181689 0.00661579  -0.585677 0.00956519   0.781786
1.77659e+09    0.014303  0.0181689 0.00661579  -0.585677 0.00956519   0.781786
1.77659e+09  -0.0645266 0.00538577 -0.0200158 -0.460433 -0.037554  0.835253
1.77659e+09  -0.0645266 0.00538577 -0.0200158 -0.460433 -0.037554  0.835253
1.77659e+09  -0.0549392    0.04267 -0.0178853   -0.61888 -0.0111868   0.741014
1.77659e+09  -0.0549392    0.04267 -0.0178853   -0.61888 -0.0111868   0.741014
1.77659e+09  -0.0549392  0.0607795 -0.0136242 -0.456527 -0.106157  0.917772
1.77659e+09  -0.0549392  0.0607795 -0.0136242 -0.456527 -0.106157  0.917772
1.77659e+09  -0.0101981  0.0234953  0.0204642  -0.613265 -0.0216848   0.845995
1.77659e+09  -0.0101981  0.0234953  0.0204642  -0.613265 -0.0216848   0.845995
1.77659e+09  -0.0474824   0.038409 0.00661579   -0.527327 -0.00288598    0.830126
1.77659e+09  -0.0474824   0.038409 0.00661579  -0.473372 -0.0338918   0.747606
1.77659e+09  0.0132377 0.0778238 0.0311169  -0.696029 -0.0233938   0.836229
1.77659e+09  0.0132377 0.0778238 0.0311169  -0.696029 -0.0233938   0.836229
1.77659e+09  -0.0868972  0.0181689   -0.01682  -0.451888 -0.0353567   0.881639
1.77659e+09  -0.0868972  0.0181689   -0.01682  -0.451888 -0.0353567   0.881639
1.77659e+09  -0.00487179   0.0277563   0.0332474 -0.689681 -0.049761  0.793016
1.77659e+09  -0.00487179   0.0277563   0.0332474 -0.689681 -0.049761  0.793016
1.77659e+09  -0.0453518  0.0181689 0.00555052   -0.48387 -0.0541555   0.798876
1.77659e+09  -0.0453518  0.0181689 0.00555052   -0.48387 -0.0541555   0.798876
1.77659e+09  0.0270861 0.0469311 0.0353779  -0.659408 -0.0365774   0.826952
1.77659e+09  0.0270861 0.0469311 0.0353779  -0.659408 -0.0365774   0.826952
1.77659e+09   0.0015198 -0.0265722  0.0289863 -0.574691 0.0100535  0.749071
1.77659e+09   -0.0453518 -0.00739741 -0.00190633   -0.444808 -0.00605981    0.843553
1.77659e+09  -0.00593705   0.0202995   0.0204642  -0.612044 -0.0565969   0.772264
1.77659e+09  -0.00593705   0.0202995   0.0204642  -0.612044 -0.0565969   0.772264
1.77659e+09   -0.0208508 -0.00207108   0.0140726   -0.567611 -0.00972192    0.792284
1.77659e+09  -0.0432213  0.0149731 0.00128947  -0.481185 -0.0329153   0.797655
1.77659e+09   -0.0453518   0.0597143 -0.00829791    -0.59764 -0.00972192    0.748339
1.77659e+09   -0.0453518   0.0597143 -0.00829791    -0.59764 -0.00972192    0.748339
1.77659e+09   -0.053874    0.04267 -0.0114937  -0.584945 -0.0507375   0.825731
1.77659e+09   -0.053874    0.04267 -0.0114937  -0.524642 -0.0961477   0.861376
1.77659e+09  0.0100419 0.0714322 0.0225948  -0.588607 -0.0575735   0.839647
1.77659e+09  -0.00913285   0.0522574   0.0108768  -0.649398 0.00785621   0.752245
1.77659e+09   -0.017655  0.0234953 0.00981158   -0.62889 -0.0771047   0.810594
1.77659e+09   -0.017655  0.0234953 0.00981158 -0.621077  -0.19063  0.893358
1.77659e+09   0.113373 0.0192342 0.0790538 -0.599349 -0.131304  0.856005
1.77659e+09   0.0728925 0.00645103  0.0492264    -0.65013 -0.00605981    0.835741
1.77659e+09  -0.00700232   -0.034029   0.0343127  -0.656966 -0.0937063   0.770311
1.77659e+09   0.0579788 -0.0627912  0.0502916 -0.523665 -0.239458  0.837694
1.77659e+09   0.255053 0.0181689  0.138709  -0.470199 -0.0868704   0.962206
1.77659e+09   0.171962 0.0416048 0.0620095 -0.585433  0.200971  0.629686
1.77659e+09   -0.100746 -0.0627912 -0.0413211 -0.625228 0.0395945  0.712206
1.77659e+09  -0.0240465 -0.0606606 -0.0189506 -0.517806 -0.306597  0.961229
1.77659e+09   0.301924 0.0405395    0.1451 -0.466048 -0.224566  0.984423
1.77659e+09   0.240139 0.0320174 0.0534874 -0.529036  0.161909  0.686327
1.77659e+09  -0.0837014 -0.0478775  -0.103106 -0.504134 0.0376414  0.679979
1.77659e+09   0.0302819 -0.0201806 -0.0647569 -0.466781  -0.32857  0.997606
1.77659e+09   0.362644 0.0842153 0.0897064 -0.480697 -0.275103  0.983202
1.77659e+09   0.370101 0.0352132 0.0300516 -0.47264 0.173872 0.624315
1.77659e+09   0.0174988 0.00645103  -0.114824 -0.379622  0.200971  0.820848
1.77659e+09  0.00791139   0.094868  -0.141456 -0.627913   -0.1523  0.974901
1.77659e+09    0.252922 -0.0169848  0.0108768 -0.578597 -0.309038  0.783983
1.77659e+09   0.428691 0.0266911 0.0577485 -0.296859 0.0290964   0.95244
1.77659e+09     0.265705    0.189677 -0.00297159 -0.432845  0.311811  0.780565
1.77659e+09  0.0302819 0.0607795 -0.135064 -0.787581  0.196821  0.676317
1.77659e+09   0.0792841 -0.0606606 -0.0945843  -0.53099 -0.103472  0.960253
1.77659e+09    0.256118  0.0810196 -0.0264074  -0.314437 -0.0412161   0.960009
1.77659e+09    0.248661    0.14387 0.00128947 -0.544906  0.173872  0.789598
1.77659e+09   0.0643704  0.0128426 -0.0988454 -0.707015  0.194868  0.739305
1.77659e+09   0.0228251 -0.0563996 -0.0967149  -0.523177 -0.0575735   0.946825
1.77659e+09     0.220964     0.04267 -0.00829791  -0.38182 -0.102984  0.900927
1.77659e+09   0.309381 0.0938027 0.0449653 -0.596663  0.179243  0.818407
1.77659e+09   0.0984589 -0.0201806 -0.0668875 -0.699447  0.331098  0.705858
1.77659e+09  -0.0677224 -0.0926186   -0.13826 -0.524398  0.120161   0.85869
1.77659e+09   0.0366735 0.00112471 -0.0818012  -0.433333 -0.0817434    0.92705
1.77659e+09    0.200724  0.0288216 0.00235473 -0.573958 0.0893992  0.747606
1.77659e+09   0.0515872 -0.0489427  -0.073279 -0.585433  0.303999  0.675341
1.77659e+09   -0.165727 -0.0670522  -0.179805 -0.559554  0.135786  0.822313
1.77659e+09  -0.0709182 -0.0670522  -0.130803 -0.551742 -0.153032  0.812792
1.77659e+09    0.131482 -0.0521385 -0.0189506  -0.591536 -0.0934622   0.890428
1.77659e+09    0.137874 -0.0627912 -0.0359948 -0.578109  0.183393  0.707811
1.77659e+09  -0.0954193  -0.127772  -0.131869 -0.552718  0.220014  0.694872
1.77659e+09  -0.154009 -0.111793  -0.15637 -0.522201 -0.127886  0.873094
1.77659e+09   0.0483914 -0.0830312 -0.0402558 -0.494613 -0.329302  0.843309
1.77659e+09     0.279554 -0.00100582    0.116338 -0.300277 -0.237505  0.815233
1.77659e+09  0.274227 0.132152 0.123795    -0.357894 -0.000688717     0.819872
1.77659e+09   0.182615  0.171567 0.0971633 -0.552718 0.0403269  0.724169
1.77659e+09  0.202855 0.124695  0.12486 -0.574447 0.0315378  0.892382
1.77659e+09  0.195398 0.190742  0.12486 -0.480697 0.0986765   0.84746
1.77659e+09   0.106981  0.197133 0.0992938 -0.633285   0.10893  0.693651
1.77659e+09  0.0334777  0.118304 0.0907717  -0.687728 -0.0961477   0.869188
1.77659e+09  0.184745 0.135348 0.150427 -0.637679 -0.145708  0.945848
1.77659e+09  0.260379  0.16411 0.189841 -0.738021 0.0615671  0.875536
1.77659e+09  0.0462609 0.0522574 0.0566832 -0.826644  0.108686  0.650927
1.77659e+09  -0.000610732   -0.0563996    0.0620095 -0.744124 -0.122271  0.939501
1.77659e+09   0.308316 0.0213647  0.259083  -0.52806 -0.102251   0.99077
1.77659e+09   0.275293 0.0778238  0.249496 -0.649642  0.302534  0.724169
1.77659e+09  -0.00487179  -0.0201806    0.164275 -0.819564  0.346723  0.739305
1.77659e+09  -0.0432213  -0.108598   0.150427 -0.668929  0.137983  0.863817
1.77659e+09   0.0302819 -0.0318985    0.22393 -0.330062 0.0962351  0.750048
1.77659e+09  -0.0773098   0.107651   0.181319 -0.482406 0.0461863  0.691454
1.77659e+09  -0.00487179   0.0565185    0.297433 -0.843245 -0.106646  0.769335
1.77659e+09   0.275293 -0.050008  0.444439 -0.481429  0.184858  0.720018
1.77659e+09  0.054783 0.146001 0.444439 -0.223128  0.560346   0.69536
1.77659e+09  -0.302081  0.259984  0.278258 -0.731673  0.363813  0.642137
1.77659e+09  -0.205141 0.0416048  0.389046 -0.968978  0.119428  0.733446
1.77659e+09  -0.0261771  0.0394742   0.496637 -0.391341  0.301069  0.718065
1.77659e+09  -0.365996  0.234418   0.36774 -0.237533  0.433393  0.432909
1.77659e+09  -0.589702   0.28555  0.310216 -0.754867 0.0212839  0.749315
1.77659e+09  -0.309537  0.163045   0.48492  -1.02537 -0.278521  0.930468
1.77659e+09  -0.0549392   0.107651   0.656427 -0.719954 0.0513132  0.835497
1.77659e+09  -0.313798  0.175828   0.54777 -0.43138 0.353071 0.596483
1.77659e+09  -0.571593  0.266376  0.458288 -0.750716  0.107466  0.788622
1.77659e+09  -0.372388  0.171567  0.578663  -1.07225 -0.148638  0.909227
1.77659e+09  -0.274384 0.0618448   0.64897  -0.908431 -0.0546438   0.923876
1.77659e+09  -0.301015  0.078889  0.651101 -0.845687  0.114546   1.03862
1.77659e+09  -0.414999 0.0298869  0.619143 -1.00487 0.152876  0.84453
1.77659e+09  -0.474653  -0.11712  0.640448     -1.08128 -0.000444576      1.04131
1.77659e+09  -0.389432 -0.176774  0.685189  -0.867171 -0.0941946   0.935106
1.77659e+09   -0.29782 -0.185297  0.753366  -0.543441 0.00932105   0.750536
1.77659e+09   -0.346822 -0.0968796   0.743779 -0.596663   0.17729  0.734911
1.77659e+09  -0.474653 -0.114989  0.712886 -0.817122  0.112348  0.640917
1.77659e+09  -0.418194 -0.230038  0.774671 -0.758529 0.0278757  0.740526
1.77659e+09  -0.368127 -0.183166  0.823674 -0.398177 0.0588816  0.716356
1.77659e+09   -0.433108 -0.0766396   0.823674 -0.482894  0.169477  0.584032
1.77659e+09  -0.472523 -0.103271  0.833261 -0.572249  0.134565  0.539843
1.77659e+09   -0.50022 -0.104336  0.841783 -0.582015  0.140425  0.752001
1.77659e+09   -0.536439 -0.0606606   0.863088  -0.529036 0.00810035   0.632616
1.77659e+09   -0.495959 -0.0798354   0.886524  -0.611068 -0.0522024   0.670214
1.77659e+09   -0.417129 -0.0745091   0.952571 -0.453597 0.0151804  0.676073
1.77659e+09    -0.422455 -0.00313635    0.958962 -0.396224  0.264448  0.757372
1.77659e+09  -0.650422 0.0618448  0.882263 -0.640609   0.30937   0.67705
1.77659e+09   -0.753753 -0.0894228   0.850305 -0.812972  0.113813  0.702684
1.77659e+09  -0.705816 -0.125642  0.872676   -0.519759 -0.00288598    0.858934
1.77659e+09  -0.710077 0.0213647   0.88759   -0.409408 -0.00728051    0.809374
1.77659e+09  -0.769732 0.0629101  0.883328 -0.890365 -0.161822  0.962206
1.77659e+09  -0.592898 -0.113924   1.01649   -1.1096 -0.337359   1.03105
1.77659e+09  -0.448022 -0.221516   1.07614 -0.638167 -0.312945  0.901171
1.77659e+09  -0.351083 -0.121381   1.17415    -0.1743 -0.0824758   0.776903
1.77659e+09  -0.357474  0.105521   1.22528 -0.372542 0.0793894  0.852831
1.77659e+09  -0.444826 0.0469311   1.14219 -1.01634 0.174604 0.787157
1.77659e+09  -0.538569 -0.256669   1.16136 -0.699935  0.137007  0.698534
1.77659e+09    -0.50235 -0.0606606     1.1816 -0.166732  0.137495   1.08183
1.77659e+09  -0.598224   0.14387   1.17947 -0.575423  0.106489  0.742235
1.77659e+09  -0.633378 -0.100075   1.16243  -0.901107 -0.0453665    0.56035
1.77659e+09  -0.508742 -0.215124   1.28813  -0.447493 -0.0402395    1.02031
1.77659e+09   -0.449087 0.00538577    1.38826 -0.129134 0.0559519   0.79619
1.77659e+09  -0.558809  0.058649   1.31902 -0.491195 0.0483835  0.501757
1.77659e+09  -0.537504 -0.106467   1.34352 -0.576888 0.0618113  0.663134
1.77659e+09   -0.466131 -0.0255069    1.41916 -0.266341   0.21977  0.789354
1.77659e+09  -0.661075 0.0863459   1.33287 -0.315658  0.348432  0.439989
1.77659e+09  -0.928456 0.0288216   1.24978 -0.663558  0.045698  0.856493
1.77659e+09   -0.668532 -0.0191153    1.36589  -0.65721 -0.237749  0.927538
1.77659e+09   -0.498089 -0.0510733    1.38826 -0.214339  0.187055  0.609667
1.77659e+09  -0.876258  0.153458   1.18586 -0.417708  0.499555   1.00664
1.77659e+09  -1.25017 0.149196  1.03033  -1.39867 0.0339793  0.974413
1.77659e+09  -0.825125 -0.366392   1.27322  -1.29808 -0.363238   1.06694
1.77659e+09  -0.351083 -0.228972   1.50225 -0.608138  0.457075   2.05229
1.77659e+09  -0.805951  0.074628   1.25511 -1.33885  1.31401  1.00981
1.77659e+09   -1.84139 -0.551748   0.88972 -1.96165 0.901411 0.456346
1.77659e+09   -1.76043 -0.982114  0.963223 -0.816146 -0.415972   1.54668
1.77659e+09  -0.859214 -0.412198   1.46283 -0.0673666  -0.625933    1.21416
1.77659e+09  -0.472523 -0.193819   1.75898  -0.533675 -0.0800344   0.226854
1.77659e+09  -1.05522 -0.47931  1.52781 -0.842757 0.0432566  0.389452
1.77659e+09  -0.967871 -0.513398   1.61943 -0.305648 -0.609087  0.955126
1.77659e+09  -0.258405 -0.143751   1.96777 0.0537272 -0.724566  0.928026
1.77659e+09  0.0952631 0.0852806   2.15525  -0.43431 -0.093218  0.859423
1.77659e+09    -0.31806 -0.0713133    1.84739 -0.834212  0.344038  0.247362
1.77659e+09  -0.538569 -0.342956   1.72489 -0.47972 0.300825 0.529833
1.77659e+09  -0.289297 0.0202995   1.89213 0.284684 0.339155 0.822802
1.77659e+09  -0.541765  0.419774   1.71104 -0.346175  0.598188  0.324022
1.77659e+09   -0.98598 0.0724974     1.433 -0.91307 0.527632 0.288378
1.77659e+09   -0.979589 -0.0233764    1.42555 -0.424544  0.396772  0.993212
1.77659e+09  -0.833648  0.294072   1.49905 -0.306624  0.734419  0.949266
1.77659e+09  -1.22993 0.193938  1.32222 -0.592513   1.11332 0.0708484
1.77659e+09   -2.13966 0.0714322  0.851371 -0.245101  0.537397  0.304247
1.77659e+09  -2.05018 0.241874 0.963223 -0.334945 -0.415972   1.11479
1.77659e+09  -1.19903 0.349466  1.23913 -0.516585 -0.632769  0.462694
1.77659e+09  -1.09996 0.144935  1.36483 -0.259749  0.124555   0.20244
1.77659e+09  -1.68373 0.298333  1.15178 0.00611978   0.126509   0.368212
1.77659e+09  -1.67308 0.310051  1.10703 -0.232161   -1.0024    1.0623
1.77659e+09  -0.634443  0.559323   1.57042 -1.47655 -1.18526  1.90679
1.77659e+09  0.0824799 -0.065987   1.83354 -1.46727 0.229292 0.700243
1.77659e+09  -0.980654 -0.401545   1.37655   0.298112   0.414106 -0.0138684
1.77659e+09  -1.77108 0.147066  0.54564  0.399919 -0.268999  0.613329
1.77659e+09  -0.686641  0.339879   1.30091 0.118669 -1.12227 0.636034
1.77659e+09  -0.0954193   0.568911    1.28067 -0.881576 -0.382036   1.01299
1.77659e+09  -0.503416  0.142805   1.06868   -1.16356   0.321577 -0.0226574
1.77659e+09   -1.22993 -0.437764  0.558423     0.2986 -0.0421926   0.254442
1.77659e+09  -0.802755  0.509256  0.706495  0.798844 -0.581499   2.00517
1.77659e+09  -0.156139  0.974776  0.998377 -0.955794 -0.420855  0.325243
1.77659e+09  -0.444826   0.04267  0.706495 -1.82957 0.272016  0.41118
1.77659e+09   -0.78358 -0.199145  0.607425 0.0786295  0.307905   1.02104
