 -0.254113542583753 -0.0630912110360083  -0.123594851431379 0.289533902565485 -0.553139957805797 0.0422402376550275   0.82457711762913 1776585315.46604
  -0.2895150713683  0.183709975431305 -0.167821779380944 0.381749238711682  -0.442171839062827 -0.0559500192033138   0.821954895881197 1776585315.47933
 -0.0860769087742678 -0.00506407363574304   -0.075159823726876 0.114384781193028 -0.504782613455501 -0.135349820359475  0.881477754708036 1776585315.49632
 0.148918722897728  0.204998187123242 0.0768995320285775 0.264791579887882  -0.507147613766772 -0.0456524257683842   0.820415930931433 1776585315.51856
   0.229486390948296 -0.00739740580320358    0.131251737475395 0.264472576713355 -0.561911343517374 -0.138269240775681  0.780139535403516 1776585315.53774
0.133367832387167 0.360049184693993 0.130480021133864 0.405521183206937    -0.47042632719827 -0.00591369514552838    0.561421175713426 1776585315.56206
0.250062391625054 0.377223381423798  0.22173918159404 0.503981094736737  -0.51686572463251 -0.215174466379773  0.663612415234092 1776585315.58164
0.304054915904999 0.386750459671021 0.291041404008865 0.571603366670625 -0.676458275464648 -0.219134652787663  0.607847854247343 1776585315.59839
  0.1719621270895 0.856532037258148 -0.36942258477211 0.948520505915632 -1.47848769075558 0.650117596956814 0.920879641215418 1776585315.61621
-0.0796558560408328   0.206644428524911 -0.0854940386378707 0.237394620589007  -0.991048584300752 -0.0948829648829259   0.784231255113684 1776585315.63409
 -0.402215451002121  -0.127772301435471 -0.0274726748466492 0.422915804743906  -0.842423499070313 -0.0292248238069174   0.634638175095095 1776585315.65796
-0.0212741355921195 -0.0522161520978698   0.101221698885568 0.115866076615981 -0.617083723375212 0.0445967881111694  0.589397278108003 1776585315.68085
 -0.184738284699022 -0.0583192230527814 0.00778570608473507 0.193881362771812    -0.688968308043172 -0.000304532862880244     0.505075428017731 1776585315.69878
 -0.234968915581703  -0.100075416266918 -0.0327989980578423 0.257490299825521  -0.50634496498226 0.0986738489450829  0.531009712256089 1776585315.71856
 -0.247116439722185 -0.0336509085375658 -0.0465356293870424 0.25370156331568  -0.54314777740963 0.0592838438179006  0.616384268100862 1776585315.73655
 -0.187603534223785 -0.0448666748200364 -0.0317012632145275 0.195481647865109  -0.629157834932853 -0.0133228970425574   0.782155834043054 1776585315.76199
-0.0898759477546487  -0.138369808805655 -0.0123235956777821 0.165456220747784  -0.673781328959135 -0.0120626516092544    0.81544189053596 1776585315.78209
 -0.170213485591293  -0.165071496796883 -0.0116671887402837 0.237397036681173 -0.599260357364109 -0.168969174028642  0.860465350672037 1776585315.80025
   0.11978152961365 -0.0408296856567525   0.117393742416083 0.172615088639054 -0.573063495061552 0.0703529508820292  0.808716095404252 1776585315.81994
 -0.194418784525049 -0.0517530576080868 -0.0278931730426848 0.203113445764609 -0.527528248252639 0.0420926827155992  0.790750564502222 1776585315.83803
 -0.205391498441852 -0.0611873513660468 -0.0536758163055435 0.220931330633407 -0.506942109415145 -0.107563999849912  0.816721892186586 1776585315.86193
 -0.0939537534659807  -0.0446165836775925 -0.00444777037180146 0.104104418689536  -0.466878074299716 -0.0738669561325529    0.81087690345179 1776585315.8819
 -0.0541293497724566   0.0230939238712002 -0.00753911025232824 0.0593308858011955  -0.456087605093555 -0.0811078396695549   0.816598519861885 1776585315.90181
 -0.0345174901713553  0.00876326457238723 -0.00988066892275383 0.0369578077279529  -0.514191368734558 -0.0983168990157868    0.82143226121898 1776585315.9182
  0.0207782989122593   0.0250979306501799 -0.00261756284520202 0.0326878488716682  -0.515949731368221 -0.0698736517934926   0.821777297469271 1776585315.9365
-0.0203046035305195 -0.0115299910768598 -0.0209723800367291 0.031385639123157  -0.492414049802479 -0.0594470198037442   0.829368316522955 1776585315.96365
0.00889620991461869  0.0208016528498458 0.00630538890602341 0.023486362881184  -0.507490510423467 -0.0640198031362727    0.84125421495389 1776585315.98079
0.00608780000391812 0.00993972781857875 -0.0011620461865798 0.0117136607998899   -0.53141575102596 -0.0478915769659407   0.831611873358929 1776585316.00035
 -0.0191418201696566   0.0097006070142074 -0.00181437475150853 0.0215360862644649  -0.522447008927385 -0.0387135111850946   0.827292859703855 1776585316.02162
 -0.030019978718456  0.0239479801461209 -0.0140449861404452 0.0408896870985931  -0.553470817320497 -0.0527927799699628   0.818708329697679 1776585316.03773
0.0677347463920788 0.0249469632147801 0.0536672797853843 0.0899473388266798  -0.619136658434575 -0.0433137917304098   0.750500428493609 1776585316.06106
 0.0563942636775526 -0.0605697135234789  0.0378543264579108 0.0910052372318852   -0.791617849356985 -0.00956312134512112    0.769196772088263 1776585316.08403
0.0321518317367197 -0.125531997861399 0.0303780041234268 0.133097129591977 -0.660769343203326 0.0385317723185759  0.713229293150863 1776585316.10188
-0.0100326587011577 -0.0982077928883316  0.0193098130187777 0.100589729612081   -0.595589590620653 -0.00827487615805757    0.741191101172515 1776585316.12021
 0.0840594758501291 -0.0456147546252556  0.0615772189735536 0.113747330589503  -0.660200114018359 -0.0490458209910507   0.765488339594284 1776585316.13814
-0.0273117724636591  0.0335019287416485  0.0109842978877932 0.0445978356493335  -0.683638352443231 -0.0828826238732529   0.763520190778137 1776585316.16199
-0.0241401510297119   0.111948031106979  0.0183676104851652 0.115984816572693 -0.648742960016995 -0.143471909192307  0.723143156995913 1776585316.18412
0.0993475675136186  0.119996148295776 0.0904977283444383 0.180163408083325 -0.666258869686986 -0.131666270340841  0.726866214967382 1776585316.20231
 0.149852323631025 0.0929724160056263  0.118122071425979 0.212255536543819 -0.669482222463921 -0.104109245750217  0.740593957087656 1776585316.22132
 0.171450139521513 0.0552467488604345  0.128097238567795 0.221034513436904 -0.717415853908276 -0.105525670573535  0.750798492215454 1776585316.24131
 0.14163435599773  0.11940350548372 0.107788252141674 0.214326375466133  -0.677317909580056 -0.0450300525997628   0.711280426189459 1776585316.26195
0.128548904811007 0.182823723990461 0.117692186960199 0.252588174413063 -0.727105191160437 -0.127572270179465  0.757321555033311 1776585316.28442
0.196659115046649 0.136053539631043 0.169780341226039 0.293275872590803  -0.711767584730461 -0.0915159717706682   0.775592371721521 1776585316.30231
 0.159322385276273 0.0801557122188026  0.130486239054508 0.220986920956908  -0.686348774990993 -0.0219211506855716   0.860567743221133 1776585316.32189
0.00268703573350702  0.0109467610205692  0.0140120004530195 0.0179829890332507 -0.631813339410782 0.0777663921938075  0.890551697764058 1776585316.33898
-0.215690750943722   0.02437945250403 -0.142684892112274 0.259761113687469 -0.445422352137236 0.0654226115215275  0.910944676283498 1776585316.36182
 -0.251808531498554 0.00647960193771085  -0.123942979751501 0.280733653141925 -0.225681344147038  0.019910697493493  0.861400828989828 1776585316.38578
-0.0974286350711788    0.22996647965768 -0.0323925966005505 0.251845589622898  -0.302460121104539 -0.0897714333479129   0.837055382272178 1776585316.40402
  0.18096127417941  0.250980290707122 0.0896314881900524 0.322136450516284  -0.468550631794299 -0.0693194600226405   0.869999064100947 1776585316.422
 0.113361779444038  0.187325544148554 0.0192617588311261 0.219801655777519  -0.544934545201429 -0.0185955043188707   0.895182466618703 1776585316.43972
 0.0931451193749117   0.123943614924828 -0.0706095945209659 0.17036357528068  -0.559315214190178 -0.0435014896024957   0.950527237195912 1776585316.46211
 0.0664571625638809 -0.0987832439143773  -0.139090679462446 0.183087140038874 -0.695422395651068  0.215343416635073   1.04220259064406 1776585316.48648
-0.240885523820016 -0.361110041225513 -0.178735995945526 0.469438871107383 -0.557886143052146    0.2642752513544  0.874452307933139 1776585316.50433
-0.481421742214021 -0.102712509970337 -0.309468949151541 0.581453165843775 -0.548517343328857  0.212662201802629  0.741025929602038 1776585316.52593
-0.252079343023403 -0.361261484296899 -0.142956009615406 0.463130948977359 -0.445211022022249 -0.106680146151967  0.771525616119096 1776585316.53966
-0.0901960816206247  0.0981082047822933  0.0305362418321276 0.136722401421819   -0.479839667703736 0.000745969626331398    0.788523006538659 1776585316.56474
0.0240424156117285 0.0639042266976788  0.169764696043108 0.182980436005831 -0.622151879026695 -0.125854973349543  0.897812985007779 1776585316.58604
 0.0944485777297071 -0.0517987727162836   0.169479316690699 0.200815550881957  -0.501442608857433 -0.0366124686322649    0.84065998875026 1776585316.60457
 -0.136143696882273 -0.0311566915877826  0.0405415483108318 0.145428548679095  -0.526141100997988 -0.0440263887470246    0.80122797677487 1776585316.62196
 -0.145019122362049 -0.0367688053088112 0.00673361578727635 0.149759248382418 -0.539097366523653 -0.101610935797427   0.77256144908434 1776585316.63983
-0.0343989686095836 -0.0209011837556901  0.0565902574614516 0.0694449837162168 -0.559450434308187 -0.110247767229399  0.763735557375679 1776585316.66194
  -0.01025804580069 0.00902429305325917     0.0630854867242 0.0645479976760656  -0.580318132136643 -0.0929678066697293   0.789042040790427 1776585316.68676
-0.013357548675499 0.0183433161827698 0.0349828907197595 0.0416977697042663  -0.614463052836614 -0.0947707460727241   0.798567541130147 1776585316.70665
-0.0298625693452156 -0.0291923931011694 0.00228477483073224 0.0418233076035141  -0.594835068713778 -0.0440149829644277   0.785027371024555 1776585316.724
 -0.139792101599099  0.0179641503828165 -0.0581605540648211 0.152470300116436  -0.581188880848111 -0.0623153675510225    0.79090050510513 1776585316.75036
-0.0224021450231371 -0.0118045338299175 0.00657699213557629 0.0261621854234459  -0.588481616737165 -0.0378890604138385   0.785827509814744 1776585316.76193
 -0.279000220976072 0.00580966969669206  -0.106159289953447 0.298571047508129  -0.597512212928898 -0.0747366333702139   0.831348620539665 1776585316.78672
 -0.168974077226026 0.00605629212818209 -0.0420265036744684 0.174227278173738  -0.60153408031098 -0.138237358098279  0.831881579792412 1776585316.80585
-0.066969522760122 0.0124458733909327  0.018488333650785 0.0705807000841192 -0.625810303413267 -0.174755457960223  0.856103348949891 1776585316.82393
-0.0368558282715898 -0.0461098720831508  0.0424603784444475 0.0727142085066952 -0.65457509007196 -0.18116237805979 0.860320850321944 1776585316.84194
0.0539955099550156 -0.030552760899322 0.0615338913102863 0.0873808106717914 -0.566335305590916 -0.214478809798252  0.833043824057607 1776585316.86422
-0.0550125278627149 -0.0193521863769908 -0.0131322573798408 0.0597774332278173 -0.479588585227212  -0.10212545404542  0.799492341459324 1776585316.88681
-0.318507918378509 0.0583406177504793 -0.129773953983806 0.34884409251399 -0.486503572571811 -0.102050048948796   0.85038538408618 1776585316.90905
-0.0667665937382715   0.101415964544264  0.0189357163142213 0.122888312121973   -0.6440298153488 -0.221788719302762  0.900055824384944 1776585316.92416
 0.0991920596337538 -0.0138079651542295   0.133947883164479 0.167247600880645 -0.576271633091543 -0.174014373393405  0.820136069185437 1776585316.94163
 0.272947147551478 0.0850001422267635  0.256350194531882 0.383979936678457 -0.515945689576606 -0.221339124935656  0.812269834925361 1776585316.96257
 0.321603792881248 0.0616475107757801  0.267587227847683 0.4228857288768 -0.498506324305993  0.103242904365131  0.802046924958206 1776585316.98656
 0.108171397962778 0.0566659803238614  0.135870791642449 0.182682666623935 -0.555177472710102  0.176717907480409  0.810800907447536 1776585317.00432
-0.0611667210669075  0.0496822214233378  0.0570803204617318 0.0973028975706706 -0.562471988235582  0.173383100647841  0.788299267867097 1776585317.02193
  0.0820846675112018 -0.00393402407685747    0.123259709790854 0.14814292167899 -0.577008013209962  0.103792895987597  0.812170025351692 1776585317.038
-0.0413352984819758 -0.0248926808653703  0.0681239719733926 0.0834813034079535 -0.611856953248865 0.0808270201721633  0.838042099072129 1776585317.06141
-0.0351049833085623 -0.0768293844870822  0.0529718586713567 0.0997052254641478 -0.528866626390499  0.202640961123768  0.779813253462086 1776585317.08555
-0.0469475896798278 -0.0653144919124876   0.035025600413896 0.0877317030205489 -0.540420402869236  0.195687425858146  0.793048914508153 1776585317.1028
   -0.11846000738404  -0.0590325100046769 -0.00437149362251887 0.132426283431088 -0.544051247694329 0.0619745141274869  0.825571643979943 1776585317.12258
-0.00114271995914449  -0.0107472144903234   0.0411213719600206 0.0425179451535515   -0.548959489300718 -0.00968617648403176    0.853769645011271 1776585317.14026
 0.0247143557033549 -0.0152032378767776  0.0360048175943544 0.0462415906924986  -0.56876950315015 -0.070601400295074  0.839426833874356 1776585317.16204
 0.0352232193818629 -0.0229401142732761  0.0213241672087563 0.0471343201249451  -0.545978659705946 -0.0827303361236673   0.815492939495113 1776585317.18879
 0.0718445454663657 -0.0223284014409964  0.0275018891263189 0.0801033715251444 -0.544261082592401 -0.112919364608428  0.832438113741828 1776585317.20613
0.0816851959107757  0.016908620326294 0.0472342629916416 0.0958616100046527 -0.515182147929193 -0.069138590311297  0.808309398126439 1776585317.22432
 0.072671455151578 0.0369363952811588 0.0333692419549657 0.0880848681605579   -0.53097778099051 -0.0356414912759813   0.794253504502629 1776585317.24186
-0.0081860494610586  0.0128105663222176  0.0223471369505125 0.0270280695788618 -0.565219137198508 -0.207975958603504  0.852978614198263 1776585317.2621
-0.0136052543564139 -0.0127936008121456  0.0469373232481259 0.0505162496781215  -0.499680910241343 0.00991414397086726   0.805770963834852 1776585317.28888
-0.0666571259498596 -0.0105931991711259  0.0321821346879005 0.0747735120323017   -0.52792428300208 -0.0409807825022914   0.830912163908568 1776585317.3069
 -0.0757272524384493 -0.00711237816624093   0.0405381581745145 0.0861890071484653  -0.543690353701168 -0.0391564520600276   0.818724213231373 1776585317.32525
 -0.0986014092559142 -0.00062193487684235  0.00188445978042636 0.0986213764804941  -0.551228412056475 -0.0331290882155479   0.787676905808777 1776585317.34241
 -0.146877688083412 0.00544378293408305 -0.0217052839478242 0.14857257277377   -0.53798034706501 -0.0335111538672502   0.817946334298031 1776585317.36282
-0.0837013572454453  0.0448005571961403 0.00448525883257389 0.095042751836263 -0.565430662434426 -0.100944435490583  0.825458755657731 1776585317.38844
-0.0197854917496443  0.0597142577171326   0.057748481631279 0.0853940594491299 -0.579634620142345 -0.143504230670061  0.830305715791331 1776585317.40704
 0.128286272287369 0.0330826416611671  0.144034907221794 0.195698450006792 -0.574848911375063 -0.175927958656811  0.852250153749777 1776585317.42516
 0.148187475172447 0.0954169012204076  0.150239169268278 0.231593870426037 -0.570723837063301 -0.151927095840316   0.81870451467869 1776585317.44404
 0.345600217580795 0.0405394956469536   0.25801819562912 0.43319320213377 -0.562126979110731 -0.183322170769127  0.838910010453306 1776585317.46857
0.246530637145042 0.046931080520153 0.222864493727684 0.335631440622637 -0.586207282013273 -0.129303141931997  0.823688191197494 1776585317.48812
0.294467508792877 0.102324835956097 0.282519280910492 0.420712051021012  -0.540960364529797 -0.0778104152982284   0.762372350637391 1776585317.50624
0.229486390948296  0.14813120663166 0.249496087431908 0.369939394566807  -0.386567469904454 0.00602169667874643   0.705419561740843 1776585317.52515
0.0206744048785243 0.0967520630843733  0.164254781980422 0.191749905167121  -0.432298407697115 -0.0602276929322928   0.737488614619183 1776585317.5421
0.159865386592393 0.148810476308317 0.267142747501308 0.345060497930422 -0.601290100393923 -0.251311549507408  0.867619961018413 1776585317.56036
0.156640007367125 0.231490123153722 0.273893833731395 0.39133310769954 -0.458177147031771  -0.04045931864454  0.707215333112912 1776585317.5883
-0.079734363160904  0.250612637953916 0.0793368471804728 0.274697284827195  -0.409871282287724 -0.0594991841588742   0.646741353358224 1776585317.60801
-0.559242253744346   0.25883449522211 -0.288692975237086 0.680507772359126 -0.633907897362708 -0.229670432106507   0.81162427318124 1776585317.6249
-0.0310959326556824   0.189384648466935  -0.105135368775754 0.218830865899409 -0.710510770180755  -0.29307843295852   0.86734940340444 1776585317.64256
0.056989024966081 0.224666191138238 -0.08270575290408 0.246095282300532   -0.5039467226331 -0.138360536183573  0.760249571793394 1776585317.66204
-0.546695300805743  0.290921161194318 -0.330449118401691 0.701931260029205 -0.552272820842407 -0.197788464714563  0.702227463903513 1776585317.69114
-0.0716680695624676   0.356634420683037 -0.0708055056710696 0.370591205837473 -0.585906173451333 -0.200708939963768  0.741566013698508 1776585317.70973
 0.122495301287635  0.469888552234699 0.0491606637048764 0.488074913527292  -1.23418846616484 0.0276896548530562   1.28591503982042 1776585317.72904
0.252812772022324 0.321717968541808 0.373972638067729 0.554321461792357  -1.21474881998623 -0.128022156244813  0.979062953099321 1776585317.7439
  -0.66875338043211 -0.0625454281677597 -0.0719903039256322 0.675518777150842   -1.08965916535106 -0.0817086736166952   0.850395056206113 1776585317.76193
  1.00379659172422 -0.497221176177086  0.588026152404352 1.26515265936865  -0.57175694212159 -0.012645457376642  0.731729052101316 1776585317.79056
 -0.205145987382036  -0.332747976297091 -0.0398109486742922 0.392926206180127 -0.347553792568788  0.314144158406748  0.658757900374534 1776585317.80842
-0.436267112995066 -0.128025618237935 -0.117344624234167 0.46956289636524  -0.463604396272733 -0.0208479965174667    0.70899571612661 1776585317.82524
 0.139085840819211 -0.209136455223478  0.138304512241277 0.286724721860753 -0.400775624325172 -0.156582445141744  0.779474102593216 1776585317.84194
  0.430316515160963 0.00266454820808076   0.283089768547582 0.515091467696517  -0.466617857065777 -0.0994032087849127   0.807563870346061 1776585317.85867
 0.220909394320679 -0.210554028304791  0.107219394264937 0.323465543514366    -0.551058280121403 -0.000186884111719304     0.818660209983587 1776585317.88438
  0.124653995904622  -0.471437280969407 0.00147879335124588 0.487641174853593 -0.391525086306005 -0.179332308406379  0.881378597521241 1776585317.90943
 0.0818266696457205  -0.207925177486572 0.00595929135202699 0.223526276870418 -0.375512695148677 0.0511132544381819  0.713230018922992 1776585317.92211
-0.764813914475601 -0.170956952763794  -0.44495486708268 0.901194450279372   -0.289974918547678 -0.00729522611038567    0.650060859153269 1776585317.94008
-0.377652884397438 -0.070269030666345 -0.293734332698518 0.483569329021533  -0.447487681826802 0.00276225245671603   0.768761596629796 1776585317.96197
-0.526732163143433 -0.267040862676146 -0.309877323059247 0.666919447440952   -0.66961614527332 -0.0883682856555202   0.807874616359089 1776585317.98291
  1.21098097146093 -0.780722431660055  0.675205631861965 1.59119611419704 -0.823285119435366 0.0850252006714669  0.896032809615112 1776585318.01425
  0.398577834384565  -0.757600319065289 -0.0559895669997659 0.857879574954048 0.220316897719563  1.25111090571113 0.545331730694107 1776585318.02325
 -1.71891985119571  0.414430263518372 -0.899472394511247 1.98380656482491 -0.0188662912976897  -0.246058747765785   0.875486915022476 1776585318.04186
-0.291045224427492  0.274953802065992 -0.292015191185193 0.495560074880452 -0.673115100609535  0.142816094091853   1.00061708496186 1776585318.0621
 -0.485484323537594  -0.189248494683437 -0.0625025057179825 0.524801471379158 -0.967246256634789  0.534226726623034  0.907974467109845 1776585318.08597
  -0.41106851511365  -0.201695807123494 -0.0336990701746533 0.459123240600576 -0.304693105614817  0.367286911865801  0.709608987502886 1776585318.10789
 0.122526648620071  0.157013802856718 0.0997787612090606 0.222759769927178 -0.182822855170541    0.1990841947083   0.68732822586724 1776585318.1247
0.277460761578398 0.209771952173712 0.181942826555778 0.392545460131105 -0.457535240780005  0.199251217482288  0.798092833647864 1776585318.14267
0.0666142297883142 0.0333816223909203 0.0909159604044964 0.11754786335792 -0.641957107714392  0.305366967401837  0.857271024667562 1776585318.16217
-0.0524708617134818 -0.0376106849534836  0.0226512148861456 0.0684166097336303 -0.50608301542778  0.17697568277754 0.834226532516811 1776585318.18584
-0.0904142360841495  -0.113445835185498 -0.0113786925532092 0.145513457287758 -0.52124525301731 0.107698249433519 0.841658282434845 1776585318.20733
-0.0375723828088771 -0.0907700935220864  0.0537582676154108 0.111985915029325  -0.504849877998542 -0.0363590482486903    0.87270547234107 1776585318.22421
0.0685633261609621  0.083520290118549  0.133215994889164 0.171531541851785  -0.433339873223925 -0.0196831969298165   0.902775289910312 1776585318.24244
-0.0809601065815977 -0.0911310678182537  0.0628604594052336 0.137152643926524 -0.494061324203847 -0.138963293673519  0.867594281330787 1776585318.26591
-0.0787303854594096  -0.129126609207364   0.103243443031301 0.183115710218801 -0.517179591378537 -0.204223877184893   0.85368645300291 1776585318.29014
-0.160161288233969 -0.090123236717974 0.0491949417859462 0.190247150681978 -0.432154657048336   -0.3665802962714   0.90338825218717 1776585318.30201
    0.189771375384478 -0.000944326777599443   -0.0967733920865736 0.213023839239464 -0.248914464713761 -0.505079283277686  0.860302260161336 1776585318.31975
  0.31223030782407   0.15432361531155 -0.371352675674945 0.509123121747266  -0.33751578677066 -0.398261974162188  0.850219603717487 1776585318.3358
 0.399289069078029 0.0423986973210031 -0.536066506893796 0.669773625961066 -0.515512819658319 -0.314074552615275    0.8891884406444 1776585318.35795
  0.366865359046118 -0.0303573788200002  -0.594066554954012 0.698875406515201 -0.414833970904382 -0.190180760722021  0.861423636047841 1776585318.37606
 0.541509522190568  0.191193107944973 -0.525314508484746 0.778294738497753  -0.455118063126716 -0.0852434341821575   0.828210667905266 1776585318.40071
 0.556377610474737  0.175072284039186 -0.524994303615057 0.784745416619004 -0.518609585156424  -0.11077184023883  0.854436949041794 1776585318.42187
 0.595446640009236  0.185433582539323 -0.506297646487492 0.80329298607073 -0.564737396943014 0.0446784536795414  0.828782010192811 1776585318.44286
 0.163958477616557   0.11300579678963 -0.596283986783101 0.628655140267179 -0.567909206235239  0.212568725474691  0.787466359707399 1776585318.46196
 0.170703560869412  0.034141916565857 -0.178464391726657 0.249308875242444 -0.559461190789489  0.288595293676016  0.775708520947556 1776585318.48449
 -0.0508537482876498   0.0970423727077718 -0.00128392190377437 0.109567213486119 -0.636836342344424  0.253752104025531    0.8349363460019 1776585318.50786
-0.163988747321404 0.0041472596071248 0.0929648714836133 0.188552317249768  -0.603148179562844 0.00908280506124362   0.875121535173897 1776585318.52827
 -0.150777942352304 -0.0210878311519778   0.119375809337273 0.193466452848078  -0.568943398906996 -0.0491125433218585   0.839034169106213 1776585318.54294
 -0.116618001029547 -0.0177005805328334   0.137899481556501 0.181464420008106    -0.4824365339435 -0.0181266853348315   0.816080288415259 1776585318.56202
 -0.108640642255715 -0.0562484003998936  0.0791330878973446 0.145700780016614 -0.475779855213802 0.0340606843143146  0.824911197609489 1776585318.58572
 -0.176365834417622  0.0108028267816627 0.00556405131047623 0.176783956521185 -0.523702820823596 0.0640883630738335  0.805485089615786 1776585318.6079
  -0.185148007686144   0.0291327829070092 -0.00349698361013802 0.187458615924755 -0.553949850894146 0.0337013143760997  0.828870054933074 1776585318.62606
 -0.198046219236121  0.0368940923350369 0.00265770366593945 0.201470946768322 -0.569597458813401 0.0144970839793732   0.84507273903722 1776585318.64292
  -0.224761557123581  0.00746496732213881 -0.00314628477966717 0.224907497442064   -0.577833172284959 -0.00220053787182504    0.867651471548637 1776585318.66102
  -0.160915521550544 -0.00069559166150909   0.0562324997826551 0.17045932932946  -0.561494212500599 -0.0482697599465829   0.841953832677062 1776585318.68437
-0.0889234427426407 -0.0335891963322678   0.127232209814696 0.158819545377079  -0.545687394093114 -0.0454635024245487   0.814114280301762 1776585318.71301
 -0.118108975176444 -0.0463846162325724   0.113781757411548 0.170433420900753  -0.525941395181388 -0.0636169048020223    0.82020711471114 1776585318.72604
 -0.123977666611688 -0.0325333783217993   0.137257974244114 0.187799451588939  -0.519821529025699 -0.0771066420274489   0.838152483858118 1776585318.74373
  -0.086822064048807 -0.00212416621106814    0.147111336187577 0.170834212389327   -0.52552855113723 -0.0696360992894494   0.838570094549561 1776585318.76059
-0.0779689867535326 -0.0187647972286286   0.155294837884942 0.174779195512837  -0.526161159666025 -0.0911740662369288   0.846236610004226 1776585318.78294
 -0.185374332805367 -0.0215420507689857  0.0846763037940406 0.204933598120438 -0.523002998873821 -0.057565876131631  0.834195111525298 1776585318.81074
-0.0934077913051408 -0.0136783215550775   0.114107848994286 0.14809697214721 -0.514938497832873 -0.103549940413527  0.831198876637145 1776585318.82516
-0.0459566457855226 0.00374835753021842   0.135210391488661 0.142856268474811 -0.506332708376021 -0.088633211329289  0.841960526752958 1776585318.84265
-0.0427830559126728 -0.0376927203128345   0.123493856258981 0.136021555540004  -0.540777548355909 -0.0697070905457641   0.869457673320603 1776585318.86532
-0.0662815401803151 -0.0401284762136707   0.113159804756743 0.137144735897846  -0.482216257619572 -0.0873906928134568   0.851426027877085 1776585318.88208
 0.0426186514271751 -0.0691698220117583   0.135684058808472 0.158148593232283 -0.451724947755393 -0.098067224925328  0.847895669968137 1776585318.90597
-0.094783634398612 0.0183111720315276 0.0291256406738667 0.100834216988288  -0.486850474804336 -0.0586368917244942   0.879305629254459 1776585318.93163
 0.0269484394066812 -0.0231885941357387   0.075876759977272 0.0837926726456206  -0.468320909174599 -0.0789705588342663   0.901969962642392 1776585318.94437
0.00237286828519949 -0.0643657771111843  0.0682596646717129 0.0938507623204002    -0.4342503494233 -0.0752084809681219   0.925975895331803 1776585318.96244
0.0146170881644802 -0.079499207984443 0.0786167400093709 0.112758038056109  -0.378890286572245 -0.0197960929484909   0.909259913272632 1776585318.98391
-0.00364792310488215  -0.0677827915556601   0.0699771628242596 0.0974916277994687  -0.380091539898497 -0.0809603770304811   0.913667708471202 1776585319.00792
  0.036477489446265 -0.0666322894302362    0.10524287125916 0.129794187781616  -0.411077372148042 -0.0614760879463209   0.905979674815605 1776585319.03065
0.0473261699080467 -0.104336470365524  0.120599083602428 0.166343032232332  -0.424146525354081 -0.0813963890336095   0.872077271623479 1776585319.04456
0.00811024445200901 -0.0150645480124085   0.105615068156907 0.106991865549104 -0.446138160446701  -0.11706021692411   0.87358799776968 1776585319.06202
 0.0485423925493336 -0.0840393944624443   0.122578660848322 0.15634740737024  -0.186906053322871 -0.0931933710864982   0.882153705836935 1776585319.08396
-0.0719834491610527 -0.0819659158587456  0.0470958352088928 0.118819383981352 -0.260051809730203 -0.166327987592253   0.90541620196912 1776585319.10817
 0.120829425752163 0.0735626965761185  0.108881182968616 0.178511435095326  -0.307773959612462 -0.0400258425659804   0.849450873865502 1776585319.12702
-0.0155244339257479  0.0277563203126192 -0.0210810881108046 0.038155388111604  -0.390719321334643 -0.0977835560496714   0.943655481651842 1776585319.14431
0.00925584370968093  0.0442066227888529 -0.0168305476665053 0.0481992061752937 -0.392073347106252 -0.240792838740775  0.892915872966819 1776585319.16159
0.411646604537964 0.215242877602577 0.213277101516724 0.511145327101449  -0.250263802951979 -0.0263392310200864   0.706339263185511 1776585319.18633
 0.23161692917347 0.367575705051422 0.182384431362152 0.47119251015598 -0.263976677853528 -0.181914184878192  0.817269777954301 1776585319.21484
-0.147617220878601  0.362249374389648 0.0886411517858505 0.401089400178483  -0.716640329388055 -0.0672275290180067   0.847455099739033 1776585319.22789
-0.628051519393921  0.282354533672333 -0.213893949985504 0.721057151367861 -0.741487466651701  -0.02531484555402  0.978504135077937 1776585319.24454
-0.0348313149598617   0.176427899557221   0.023798737489494 0.181401224224369 -0.434715355256535 -0.187003830899843  0.721133561810903 1776585319.26199
0.821723646711249 0.423504756108781  0.39890948049643 1.00683404970289 -0.358619108845869 -0.385577171658231  0.784492657394317 1776585319.28233
0.453411351954286 0.515510300796762 -0.19423624706843 0.713484718815904 -1.58404540084627  1.00015930042535 0.939946163849387 1776585319.30797
 0.960796484281223 -0.603702655073071  0.477432830282465 1.23106818957398 -0.552568970535162 -0.472529958343678  0.698533399598899 1776585319.33575
-0.707595045044446  0.361855244214969 -0.203389273233773 0.820364042364053 -1.06049998761143 0.267054961960435 0.701181314062989 1776585319.34615
-0.201251134112025 -0.515432481422178 0.0715226279569252 0.557932028294007  -1.11806105052157 0.0109177566945814  0.787719843266705 1776585319.36185
 -0.388656191384788  -0.326403396402277 -0.0455937490934278 0.509579829115189  -0.856461968685168 -0.0341614402266483   0.628757445409949 1776585319.38006
-0.499530151475825 -0.107442705052548 -0.170852207913387 0.538762270441564 -0.425349038265326  0.176826747241968  0.611147765275721 1776585319.40977
  -0.403642641764461   0.0220273616094031 0.000578433970273108 0.404243641256016 -0.543595521221332  -0.28207433289403  0.840358861932824 1776585319.42793
-0.392218989208543 0.0342007670476927 -0.114841704938567 0.41011467317766 -0.840796363760509  0.180053200451294  0.825133627883653 1776585319.44894
-0.0643518669202871 -0.0682530906475552  0.0190698994900058 0.0957251702825785  -0.681355260880148 -0.0925344206625145    0.78179375408621 1776585319.46205
 -0.200618067731148 -0.0176175237079167  -0.117307870489109 0.233064632066876 -0.538094496317616 -0.111871275282561  0.727104364003187 1776585319.48454
-0.163582434898804 0.0189740062416206 -0.127596823993831 0.208327087565662  -0.509409649251395 -0.0740237698903754   0.824390359410949 1776585319.50799
 -0.221734958251348 0.00345739963324443  -0.192145276225733 0.293424866871937 -0.467917593216283 -0.110681029697607  0.836365993993956 1776585319.52832
 0.260598782746293  0.126008388802807 0.0267469709546768 0.29069785013443   -0.40986493720612 -0.0967811719557564   0.864975306592657 1776585319.54514
-0.0615398039720021   0.120578781901506  -0.109332074470097 0.174011185346512 -0.381022260776611  0.178305400081137  0.764149019709713 1776585319.56268
 -0.073630754756892  0.0744155440527114 -0.0876301254552759 0.136521793608339  -0.63435958143618 -0.117036591968679  0.911445933907208 1776585319.58193
 0.161589606290243 -0.140414332173929 0.0776620513579996 0.22772522864632 -0.411915612548781 0.0349311172323131  0.947854093311644 1776585319.6079
  0.157264610777277 -0.0726765541909691   0.122863976072743 0.212390197392452    -0.4343333507351 -0.0510992507446778   0.968014599994587 1776585319.62861
0.0248654043155525 0.0156473565334982  0.065855368962768 0.0721114257207872 -0.386435869777978 0.0335369097455456  0.965530480452854 1776585319.6456
-0.0241680752067642 -0.0142891189016578  0.0407826485043217 0.0495126165458116  -0.374357293854992 -0.0464686729587336   0.968273099398226 1776585319.66198
0.0272269643333429 0.0154652446520756 0.0743849401139227 0.0807068813343047  -0.289996341379038 -0.0382436744139592   0.909198923648999 1776585319.68227
0.0350125876745616 0.0552118294229182 0.0848775334299087 0.107137402829449  -0.41611772244891 -0.092962390216136  0.956604631240493 1776585319.70775
-0.0279624537702475  0.0715575153661798   0.065501884824168 0.100959762983839   -0.40604583236218 -0.0794610352659166   0.944746122896587 1776585319.72822
 0.0598083676186266 0.00484312735347039   0.111373465553817 0.126509072991758 -0.456788851539995 -0.160259400855956  0.942725151301037 1776585319.74712
  0.119889311905043 -0.0854027377608461   0.171339060201499 0.225885254668926 -0.433028854619311 -0.123028984092513  0.931343919634471 1776585319.76199
 0.0765958907834995 -0.0136461444798542   0.149472271043447 0.168508479178255 -0.414826462663813 -0.182466164033829  0.942090357934866 1776585319.78202
0.0911945185250805 -0.261993013176544  0.144456029906137 0.312768802374196 -0.619441057025998 -0.297168923092837  0.970664547697372 1776585319.80665
 0.0945607221666974 -0.0557295865421567   0.154697901784272 0.189681200463576 -0.437615374663331 -0.169897343768953  0.856480310351128 1776585319.82837
 0.483164517171549 -0.125588247156475  0.383821618151381 0.629713738962234 -0.295953844462592 -0.112015237307262  0.792733805419285 1776585319.84486
  0.245371913420702 -0.0734679163483748   0.203634332209145 0.327218355051444 -0.289445016022173 0.0237867814978855  0.792641711623434 1776585319.86204
  0.104666621658855 -0.0498864437437341  0.0397924360890174 0.122585467853139  -0.370889743029848 -0.0902774911683357   0.861387457561253 1776585319.87985
  0.294205519645137 -0.0643138967575502   0.189006250713179 0.355551020128559  -0.340605727771299 0.00627523948573699    0.76502769770173 1776585319.90143
 0.115364450201911 -0.212065591009153 0.0826642663746802 0.255174748350449 -0.504508769606116  0.103426975427795  0.727315758834752 1776585319.92457
  0.122113682265849 -0.0102901778609773  0.0839053682442071 0.148518517287008 -0.497510291026399  0.133770804603771  0.749229206264866 1776585319.94032
 0.136936939033533  0.181627128484785 0.0777805785427301 0.240395418991178 -0.541201364506787  0.257649393436594  0.727872221520954 1776585319.95593
-0.00722998080959715     0.18672261556193  0.00662715988404609 0.186980017736987 -0.544529425068323  0.345139163143713  0.684508551337165 1776585319.97409
  0.0547883730985955 -0.00118620002329955  -0.0227960784344566 0.0593534673736596 -0.605632507270507   0.26814709934048  0.628352900067097 1776585319.99811
 -0.76005364142385  0.652932328706471 -0.344070672854662 1.05942757734088  -1.35053416124924 -0.284718999931626   1.02393194792804 1776585320.02488
  1.43175279178605 -0.496743863300922  0.802851613495281 1.71500473346468  -1.68418769664162 -0.337100639953062   1.12678628401871 1776585320.04411
 0.191927685896154 -0.436386643010742  0.228833928446372 0.528804789709621 -0.879228557604693  0.243583714886629   0.43938492903549 1776585320.06173
-0.277939498502363 -0.355763923105355 -0.132364638435775 0.470466503929123 -0.711546642120718 0.0551216869442432  0.529238320853991 1776585320.07992
-0.169456730898574 0.0226154887221768 -0.112276916870312 0.204531538005457  -0.706626488705489 -0.0613046577170425   0.571354956462623 1776585320.10453
-0.0293096566715387   0.168246235986071 -0.0531641929257825 0.178863868087252  -0.575506419313243 -0.0874577507117326    0.67873137991312 1776585320.12799
-0.0421065978893134  0.0851140497472914 -0.0509570699591726 0.107768223651598 -0.676918209100692 -0.104167173020529  0.748585746669022 1776585320.14563
   0.11477601324056 -0.0323247013546077  0.0553282383595148 0.131452019737352  -0.681174042719748 -0.0801304977087455   0.821105411236347 1776585320.162
  0.130118127680642 -0.0905455134516564  0.0571926864628851 0.168523649800797  -0.646669073446442 -0.0683721850127324   0.846277762129632 1776585320.17979
 0.0896452004999301 0.00290646614699528  0.0460433361480543 0.100820128554664  -0.547372692630765 -0.0185922385629309   0.801683348300163 1776585320.20365
0.0808888479463011 0.0252211861136709 0.0351074127327919 0.091715017199207  -0.472150655419752 0.00213424121850565   0.818016233573675 1776585320.22783
0.0567993621418356 0.0463353441321947 0.0160544224728757 0.0750391640179038 -0.492750018935312 0.0418886857883393   0.81301024539217 1776585320.24519
-0.0765174608473489  0.0122361500956013 -0.0467121477414433 0.0904802184474931 -0.565502414164743 0.0621652946695948  0.845235499732321 1776585320.26201
 -0.0117724763947497  -0.0270166754551754 -0.00214999434228535 0.0295485097557741 -0.50822073562388 0.134243887118348 0.739029855570475 1776585320.28003
 -0.383143007295209 -0.0639715357515865  -0.155927490756095 0.418574131784473  -0.680869452051392 -0.0152927704959486   0.840540485534397 1776585320.30369
 -0.304695782194658 -0.0223660826001181  -0.123161532608719 0.32940632120926 -0.802733618347119 0.0210882232792832  0.699441660525332 1776585320.32772
-0.0862545888201073 -0.0624349019874034 -0.0129348409453576 0.107262673791884 -0.766682309889614  -0.01284468891334  0.722346799411908 1776585320.34578
0.0622578733200365 -0.017780015763774 0.0556962225890002 0.0854063285803647   -0.674708073836014 -0.00682003282666886    0.714751287496657 1776585320.36195
0.0866325965019702 0.0774043031359298 0.0672379861281522 0.134229578332056  -0.63362352118214 0.0414131063690696  0.696445629510098 1776585320.37875
 0.0449907827798345 -0.0105357803762706  0.0652262679417912 0.0799352189769541  -0.815345857515703 -0.0491310787127618   0.755001184212372 1776585320.40173
-0.0180601427034222  -0.028759925073017  0.0239172115346184 0.0415371526740243 -0.752488156100714 -0.038622270532599  0.703808876249319 1776585320.42694
 0.0290469622731991 -0.0635394036560893  0.0505846357425968 0.0862542011004874  -0.808649608512747 -0.0816252112488878   0.763011449004188 1776585320.44597
-0.0191913914700238 -0.0815773431447825  0.0304110723121598 0.0891515885460978 -0.609144395918002 0.0031361027440238  0.656992220618979 1776585320.46228
-0.204776143169937 0.0429737213032614  -0.06350898404124 0.218662755374927  -0.628049916939597 -0.0106203996101243   0.703254051760309 1776585320.4783
-0.266239279055681 0.0749303789071079  -0.14297918275523 0.311353435980085  -0.44440060188191 0.0260832944997328  0.627804087847518 1776585320.50013
-0.306087363003919  0.108869787063355 -0.160484498078121 0.362349801227073 -0.529613974756426 -0.013716689649107  0.772195403385108 1776585320.52595
-0.446755402298956  0.238690968246168 -0.198412115948005 0.543995528989495 -0.538863833449895 0.0190870446239083  0.784523690334555 1776585320.54463
-0.204420647868081  0.341794727328329 -0.086085631594822 0.407458185426838 -0.645840600294289 0.0232501338244294  0.747510587699616 1776585320.56196
0.310574463149701  0.34011944333933 0.174036971742628 0.492368358479223 -0.738497222603803  0.106955248960897  0.724204944212145 1776585320.58031
 0.286337433908813  0.165692634618622 0.0856186188497367 0.341721704195213 -0.778646978327218  0.147768450383522  0.708432753022936 1776585320.59988
0.252090431097819  0.33221994513614 0.122642462220789 0.434696274353625 -0.792011212397635 -0.118503471063927  0.858447177055606 1776585320.62596
0.455277726767232 0.220925792581515 0.326475856742573 0.602222964817771 -0.669650965490726 -0.001665796291189  0.680565814716029 1776585320.64423
 -0.217636728915071  0.0785547006421324 -0.0546430987675226 0.237744516253781  -0.742575447999393 -0.0854164128944795   0.767826212804175 1776585320.6639
-0.533893619435412 -0.761797174140663 -0.236823010407163 0.959928366942479 -0.601730472390816   -0.2019860653235  0.861495332453866 1776585320.67868
-0.294572358077389 -0.415016889164028  0.114446119088035 0.521641454074514 -0.99845623658792 -1.13947859455266  1.44459509302475 1776585320.69883
 0.429833746262602 -0.412817643332261  0.405584023287404 0.720884079459758   -0.710510431848082 -0.00533150124946027    0.948389321507355 1776585320.72568
 1.10714908255018 -1.43395820781068 0.175616781622322 1.82012540412101  0.84805238446494  1.48891583478265 0.580930143837396 1776585320.7442
  -1.52511916002347 -0.0192377688530916  -0.811802031744865 1.72782553597469 -0.468122775787279 -0.852447725675052   1.29852165707038 1776585320.7619
-0.666141484227641 -0.388427931330401  -0.53521650269763 0.938657253531075 -0.573088873074838 -0.865206788091704   1.31601075554848 1776585320.77843
-0.0879615555543235  -0.347188872169926  -0.301193289345164 0.467968744427148  0.0385998241179338 -0.0656973961478555   0.926987364781791 1776585320.79805
-0.103065552693431 -0.405538943647531 -0.190990442286214 0.459958358997248 -0.281358821726736  0.164974905617482  0.724198481093003 1776585320.82374
 -0.204076245427132 -0.0809006541967392  -0.123346477746964 0.251806241721045  -0.25782384814043 0.0984760096648116  0.666727650772473 1776585320.84565
0.0698768804580613  0.198114162029519 0.0776148967626182 0.2239555130348 -0.338214533310363 0.0551341341884448   0.80965118709698 1776585320.86
 -0.260535269975662   0.183284938335419 -0.0764748379588127 0.327597918739934  -0.594184006976379 -0.0357015856496866   0.834251021858735 1776585320.87786
-0.138029843568802 0.0703669041395187 -0.025342145934701 0.156990328601426 -0.681247306438136 -0.095741495424675  0.975404655860641 1776585320.89793
 0.0583281654845549 -0.0246242638778489  0.0912759644750876 0.111084791718655  -0.535452171552928 -0.0258429863825527   0.749347788383903 1776585320.92327
 0.0647292284589065 -0.0147533367809496  0.0978876410620777 0.118277319194153 -0.520896835844312  -0.02458930464295  0.779046768261297 1776585320.94418
-0.0647317115181095  0.0498623986329848  0.0207034908754838 0.0842916829107693  -0.627660943053693 -0.0860937665470883   0.789724872958338 1776585320.96206
-0.0450207505002174  0.0692086074313558  0.0435248074610242 0.0933333176454667   -0.61132358191463 -0.0488777900870737   0.739578178914471 1776585320.9799
-0.0419063568857024  0.0803697546453687 -0.0196279890170032 0.0927399491160105   -0.626897220789225 -0.00291265551707237    0.792444127922639 1776585320.9996
-0.0955629967790273  0.0118775257243183 -0.0286685984601913 0.100475123828697   -0.60089141175941 -0.0247856664485441   0.818376674237702 1776585321.0243
-0.0203472888215576  0.0261884930995606  0.0410892559715268 0.0528031844636975 -0.696495121658798 -0.111417119051588  0.789453867598113 1776585321.04428
-0.0564303623743846  0.0800626743495741  0.0678137384097246 0.11913488464263  -0.629590949097661 -0.0435580338477775   0.707506059303187 1776585321.06248
-0.0694615635218513  0.0128974551398058  0.0721735651411805 0.10099641905123  -0.531420011407358 -0.0406717280613598   0.680348199077135 1776585321.08072
0.0558482855558395  0.128956452012062  0.120599083602428 0.185183521083306 -0.649745891452992 -0.139892790536432  0.700332863039924 1776585321.09836
0.0341223858887022  0.244523907350306  0.105583170960247 0.268522037223427  -0.776621946872194 -0.0832540807079987   0.716499055367623 1776585321.12576
-0.0659593145537656   0.361551568246163  0.0478113813631986 0.370615833263394 -0.676968839154646 -0.109956056361552  0.675363982448773 1776585321.14464
0.148703752495015 0.263968191455714 0.159399548619122 0.342345188671432  -0.79873337596446 -0.151764867474758  0.776037744153588 1776585321.16191
 0.067102021698294  0.273572785493722 0.0998022192476031 0.298839812015633  -0.649829103235541 -0.0331313432067342   0.687529999416424 1776585321.18437
0.126702825313113 0.261576754371012 0.124689590541136 0.316264918002162  -0.653301158680529 -0.0570972139113718   0.666393116304841 1776585321.19802
0.255935203482413 0.239126227840164 0.198174301865538 0.402439107372213 -0.658906666867104 -0.112490513063725  0.774152441303753 1776585321.22803
0.218013260642493 0.326082630107093 0.150915583244781 0.420279879056378 -0.579397688449438 0.0245190719711461  0.723501580507364 1776585321.24397
 0.12563976823737 0.376068712535527 0.116997877922392 0.413402384305185  -0.69604131892651 -0.066974130613588  0.766673777735346 1776585321.25886
0.301125617366056 0.222088747497453 0.195936047664106 0.422363568473071 -0.721134268006688  -0.13143012458136  0.831709497521794 1776585321.27681
0.331572790875695 0.154710442857597 0.215352054232778 0.424561354860011  -0.620584908842434 -0.0381421270507142     0.8084344637533 1776585321.29564
0.00986062702936964   0.126647778243553  0.0148430921520933 0.127895305168236 -0.633528571002957  0.135712038116541  0.847925217452195 1776585321.32405
-0.0434509046790217   0.103123766969825  0.0864214020132206 0.141390067393021 -0.499022664553569 0.0999828236473722  0.669867827426888 1776585321.34578
  -0.405289476270045  0.00267857445991785 -0.00780931727372855 0.405373555837904 -0.430252331585618 -0.133835829589417  0.647894228036401 1776585321.36204
0.118816730807198 0.489613525129798 0.257754039106745 0.565929292567172 -0.565857844094708 -0.253765223122029  0.521338550583024 1776585321.3911
0.567842573640819 0.548484891681662 0.422368540308391 0.895363640474816  -0.49680705816252 -0.314031565754873  0.588093931810941 1776585321.39689
0.251434941036573 0.188587413315123 0.161100491076999 0.353182828376755  -0.78062140600396 -0.200676745038047  0.625697258752385 1776585321.42403
 0.26380365555404 0.458824165474199 0.150233548345748 0.550165522870457 -1.01552987045157 0.132972250045639 0.927658481821659 1776585321.4459
0.0555049095374284  0.302782659859118 -0.165756175460962 0.34961871202435 -1.7793525076109 1.13777728991422 1.42507859074071 1776585321.4619
 1.44047014262306 0.229146182147872  1.00139968289244 1.76925507756189  -0.73190268104844 -0.385987399037175   1.11541511565672 1776585321.48004
  -1.2889756051184 -0.324318349159393  -0.46514993146846 1.40819208950233 -0.378995191997016  0.748450047319261  0.455132198850731 1776585321.49622
-0.954324913039683 -0.661193776300659 -0.707332659528925 1.35949723821094 -0.176246985880682   0.29953521505634  0.186537879553188 1776585321.52233
2.81069212052269 1.80068737906456 1.66291509555197 3.72930983541263 -0.113560743824364 -0.266138321382244  0.122613692161015 1776585321.54422
-2.07192850543353 0.860718380327284 -0.94265532643895 2.43358232372052 -0.862067161762817   0.87889732898422  0.342741550715575 1776585321.56396
 -0.721802565649858 -0.0965285154112486  -0.582363588280605 0.932450560094893  -0.979826913590267 -0.0631222907974391   0.703140802957018 1776585321.57767
  0.115185119008669  0.0401517746348166 -0.0232714038795211 0.124182667413332 -0.740513242141725 -0.213315450451611  0.728708217679432 1776585321.59587
-0.0704521691111054   0.226988852862924   0.095292036371197 0.256062530746408 -0.851788367853402 0.0182438358371565  0.797328718273931 1776585321.62061
-0.254606133034435  0.195438911160889 -0.056993942443177 0.325989202964943 -0.561692786157667 -0.131717168745482  0.699579221952545 1776585321.64444
 0.0195930358782858   0.025293722597767 -0.0573536074276051 0.0656741634338833 -0.471289269894979 -0.174019480252189  0.895075047338795 1776585321.66201
0.330837604073019 0.131754294654939 0.149046428936976 0.386040868830828 -0.333154507260777 -0.236799877605471  0.872550420494161 1776585321.67801
0.511074687820683 0.170116324155822 0.442225656576298 0.696922113015246  -0.135076985108329 -0.0702780142245241   0.887862249549783 1776585321.69964
  0.526434636421376 -0.0406087216227146   0.545593855900138 0.759246435811138 -0.240090771638723  0.207546343905621   1.02844632441964 1776585321.72196
 -1.44876875867008  0.631310014324596 -0.596451396503983 1.68915289973303 0.257059543755806 0.464526350616145  1.16685485149719 1776585321.74442
0.453971206642706 0.235204075721668 0.208000821327379 0.551973871999013 -0.849488324232079 -0.590171628437475   1.41524998109606 1776585321.76275
 -0.243166443235018  -0.137045447846434 -0.0249920894206831 0.280242713419297 -0.544734629321732 -0.071883429238225   1.16331429405035 1776585321.77794
 -0.213749964524088  -0.637772336342091 -0.0850454403268652 0.677993604142169 -0.464523289678389 -0.433778047817904   1.28384737384223 1776585321.79554
 0.265989025604613 -0.393207492457628  0.116003950265902 0.488691324195756 -0.12245201174848 0.208233508516432 0.800126181847928 1776585321.8205
0.00637269856069065 -0.0784981836503001 -0.0302025480565973 0.0843490962159805 -0.490928101853325 -0.108100558298743   1.00841962298735 1776585321.84426
-0.00124141629502733   -0.231964680865291   0.0770250116033894 0.244421780322164 -0.380514215591871 0.0299286017320446  0.885975509529941 1776585321.86208
 -0.168462597096982 -0.0408135083425817  0.0852562255127347 0.193168354221307 -0.289554571022031 0.0114509364531101  0.785115444963819 1776585321.8772
  -0.189330680893959 -0.00830863846433442    0.101819312563956 0.21513324385575 -0.444384155915826 0.0513315038514632  0.787798630604233 1776585321.90094
 -0.118271501966924 -0.0329730683199986   0.100994900903883 0.158982204729123  -0.507591077616713 -0.0120865559142967   0.791516688619325 1776585321.91993
-0.0095865734898627  0.0697748466293094   0.135280402583622 0.152516290725309 -0.681741930200733 0.0308586990768147  0.791626898336896 1776585321.94416
 -0.111756326393074 0.00321407250117347  0.0809564736586453 0.138035348292244  -0.692195440662086 0.00824808727624544   0.806196855455665 1776585321.96209
-0.0933821551278649 -0.0875724794691106  0.0842752087661096 0.153269295259239 -0.671093421683261 -0.010987661885118  0.786780139676111 1776585321.97792
-0.0144048808281456 -0.0315108167810242   0.131799106211536 0.136277058098714 -0.612742502534709 0.0139499847949954  0.770530464697043 1776585321.9947
-0.0934750904366113 -0.0429505772864029  0.0849393948289329 0.133405567407336  -0.610250771114562 0.00529911065012476   0.727283545141248 1776585322.01823
-0.145041624607597 0.0305745308770874 0.0578900761581007 0.159132447114835  -0.647078784733145 0.00843655575903935   0.769375272889868 1776585322.04493
 -0.0883563756622247 -0.00213808520520314   0.0693658901555255 0.11235233529205  -0.652049487989953 -0.0209181497868705   0.817737962865186 1776585322.06208
-0.0510809460192155 -0.0129540666299238  0.0785645593390641 0.0946015902224262   -0.606209036280177 0.000253704075871036    0.788935600881191 1776585322.078
-0.0709181874990463 -0.0112421313272707  0.0481563238101111 0.0864569624601383 -0.561336097018032   -0.0187894767508  0.784206470254848 1776585322.09509
-0.0473752519618765   0.026774609858777  0.0328307201416975 0.0635543107630274 -0.573381494058118  -0.03457341777682  0.810128330999751 1776585322.11793
 -0.0689155503553837  0.00641589597621753 0.000918447965459231 0.0692196529074534  -0.555861209368809 -0.0313056715210279   0.834837754739839 1776585322.14292
 -0.0428735083459768  0.00136573349010209 -0.00852520368643964 0.0437342205115606  -0.538677745107037 -0.0434678792759588   0.821860014622288 1776585322.16206
-0.00329502788902617   0.0116389129910772   0.0181029612199784 0.0217724300282575  -0.540600377445116 -0.0135867109551806   0.812577502566933 1776585322.17667
 -0.0273060242882808   0.0161213964195473 -0.00228264317086801 0.0317919619525735  -0.561333382383261 -0.0143327373784997   0.818289083705251 1776585322.19199
-0.00831014097005489   0.0127213396078446  0.00450689139530086 0.0158493846697384   -0.57566974556935 -0.0225651247010494   0.832315744971453 1776585322.21191
 0.0109608422199944  0.0139409269741358 -0.0232871453741364 0.029270815614635 -0.557006483466316 -0.025542052029516   0.79961153582779 1776585322.23866
   0.106602030381659   0.0537605678006042 -0.00425415497930853 0.119466687266047   -0.54781087477813 -0.0582810416595525   0.794901244425339 1776585322.258
 0.0209690087495096  0.0414021311711873 -0.0483924047119311 0.0670496877491353 -0.576481479585824  0.033539200904587  0.792255187434609 1776585322.27378
 -0.0554535601904416 -0.00365061610414648   -0.107000157887836 0.120571381860525  -0.608561006334875 -0.0158368742911797   0.826469030532426 1776585322.29224
 -0.026821541708947 0.00929055105381209  -0.127035115430542 0.130167699491769  -0.610285076536349 -0.0855458821575458   0.830612316004831 1776585322.31259
  0.215269961586458 -0.0133838903155477  -0.193711570259379 0.289904220965767 -0.556181814865971 -0.153183072358826  0.803627499134232 1776585322.34159
 0.243552425476902 0.0299348881369568 -0.365660251237927 0.440364963205337 -0.540216986089663 -0.130120159890117  0.814074965761117 1776585322.36189
  0.22267732378371 0.0278651872126444 -0.490530744136385 0.539427539275542 -0.590979056828853 -0.223489961802378  0.848542081045541 1776585322.37674
 0.368233443817501  -0.03213803079713 -0.525277356554772 0.642296678707265 -0.569653261827995 -0.230032634411506  0.865993918665232 1776585322.39309
 0.427349291999539 0.0257985050326807 -0.669447283815293 0.794639947424053 -0.523968247436509 -0.106805982997851   0.75898971591341 1776585322.41393
 0.527370182910938  0.105136720084576 -0.771510302320869 0.940426066376777 -0.591458740597255 -0.140878019123953  0.841691400566528 1776585322.44058
 0.540698700545515 0.0279405615237935 -0.864776574968788 1.02028147310662  -0.586525724410255 -0.0716819238031433   0.820969289275036 1776585322.46041
 0.516273435082865 0.0734152870502901 -0.964034792730062 1.09603428127912  -0.512388089543109 -0.0682782022391974   0.748279830876588 1776585322.4766
0.538400206634185 0.123352141196189 -1.00059820529382 1.14292926363736 -0.578726882188495 -0.129487131462655  0.792240920943376 1776585322.4941
  0.69542759757823 0.0203776062232666  -1.03261289981852 1.24512015130285  -0.651551410911813 -0.0934058076306193   0.798549112725163 1776585322.51436
 0.725751037486411 0.0349148078480872  -1.13951242764454 1.35145188037755  -0.585241808451624 -0.0964760605506037   0.744562071656851 1776585322.54202
0.745620071328302 0.091880022449517 -1.16669501826735 1.38764854878416  -0.598542521390523 -0.0631577388959284   0.742198307970265 1776585322.56192
0.770979408565658  0.12623119339255 -1.18350820664333 1.41810974110246 -0.655283163353292 -0.146937629337268  0.741507791458719 1776585322.57834
  0.900602996349335 -0.0340290181338787   -1.17795836925507 1.48318227160609  -0.67746194523046 -0.166295371411984  0.818930905443572 1776585322.596
  0.979587843698894 -0.0591050484550451   -1.22818995221646 1.57211205357665  -0.528272078277474 -0.0710831711434683   0.821210845153943 1776585322.61654
0.679907841520545 0.095190196769473 -1.46988680921955 1.62231411213728 -0.424855763546853 0.0687097321265385  0.720559135525144 1776585322.64389
 0.849788280667588 0.0425988644990623  -1.31372347870478 1.56519141440169  -0.434068241010447 -0.0239126404070666   0.759132813164521 1776585322.66067
  1.07675275096654  0.109430010887191 -0.722836011300246 1.30148504149269 -0.670590083264153  0.291547757786026  0.770997339667344 1776585322.68001
 0.873971402645111 0.0799542814493179 -0.385401546955109 0.958516067762523 -0.967074106866035  0.563642588536034  0.904378333601893 1776585322.69692
    0.520303606987 -0.149077579379082 -0.393923670053482 0.669414539687937 -0.898884463175175  0.635033304886549   0.79397045634438 1776585322.71611
-0.304475549459433 -0.160054249067275   -0.3660467977875 0.502307655758496 -0.494196994127145  0.163137824048166  0.805523443259949 1776585322.74287
 0.144251659284337 0.0377297513465354 0.0050293367419171 0.149189039714784 -0.708080799100608  0.042315433885562  0.755354265643715 1776585322.76203
  0.147461041808128 0.00645103212445974   0.133382260799408 0.198940197452829 -0.646325023006656  0.230931856345111   0.80352955095756 1776585322.77675
 -0.317708956700892  -0.035361134338305 -0.0283704280441101 0.320927206975455 -0.660052209959345  0.125590179843808   0.82597380650751 1776585322.79514
-0.0103393177945168  -0.275519354575536    0.11232035154599 0.297714087019057 -0.459067006599721  0.154385485198598  0.742337543485092 1776585322.80995
-0.102648232286708  0.101956251522609 0.0642786749482611 0.158314512503534 -0.234480938518636 -0.081583055240252  0.775432886451999 1776585322.83615
0.00549914133431436 -0.0915189936179528  0.0279160774082036 0.0958398357997261  -0.622447365051772 -0.0200648590245358   0.852329328049803 1776585322.86676
 0.276076144262816 0.0836100301307389  0.128258647390962 0.315688066293367 -0.679474452605416 -0.110572507919717  0.914975480045705 1776585322.87238
 0.429429322565464 0.0814503868880377  0.224298977913426 0.491277660896821   -0.58013967356028 -0.0206232227355867   0.834511857369746 1776585322.89219
 0.265140568449949 0.0560133740183552  0.177798489624116 0.324113131513518 -0.476702219310501 0.0409236135164309  0.853412097764066 1776585322.91603
   -0.221699358447878   -0.0538236417988416 -0.000280680640988178 0.22813958169137  -0.472990216375304 -0.0590256441296559   0.822654724085676 1776585322.94207
 -0.0349479578934026 -0.00717866748694653   0.0979995236366861 0.104291896429323  -0.440164538637422 -0.0564724732040298   0.791322127152452 1776585322.96202
 0.114288098837847 0.0462938323169379  0.146011447144766 0.191113137025865 -0.479640491374916 -0.111657760520038   0.86520082589877 1776585322.97988
0.314024744548678 0.110486137844275  0.20374252548132 0.390294431851279  -0.546588319698503 -0.0655407214672478   0.885867606807939 1776585322.99628
 0.317893264798609 0.0892788899386682  0.177813353637442 0.375025914737626    -0.54694158968723 -0.00895483610166922    0.864214088546935 1776585323.01392
0.134084248394021 0.025664385564242 0.081180763272754 0.158831869218135 -0.609766929566863  -0.10834513510025  0.882303405733812 1776585323.04071
 0.172075972299786 0.0886241422080338 0.0335306435332322 0.196440023622426 -0.480015607875564  -0.13834333179572  0.814881797752055 1776585323.06487
  0.0727150149683959 -0.00475573800371192   -0.062473654676912 0.0959846236357889  -0.421113664904281 -0.0427245176660806   0.682803571394232 1776585323.0745
 0.052492679086515 0.0541690685710506 -0.153689873864931 0.171202647982306  -0.527224087921027 -0.0380111853288227   0.730535444580632 1776585323.09418
0.00522358854287523  0.0706731613159727  -0.315560125715757 0.323419502425879  -0.646068800867926 -0.0882824819889382   0.826096186626951 1776585323.11168
    0.382695728498127 -0.000847260471418097    -0.363161405104414 0.527582168594079  -0.671904508280837 -0.0908762721273001   0.813730759463075 1776585323.13987
  0.258993272656011 -0.0270340926116964  -0.554199799145634 0.612328159419008  -0.592476151298641 -0.0715323754236062   0.763514424115623 1776585323.16171
 0.249815655152907 -0.042220601387388 -0.668588847822243 0.714983557974072 -0.598820529558913 -0.105007355597996  0.775599984722398 1776585323.17605
  0.298812406668898 -0.0616211113321488  -0.803627824392475 0.85959507669533 -0.629568504927373 -0.174360286073618  0.831258316491241 1776585323.19525
 0.561041550896257 -0.119519295392671 -0.766511943876605 0.957388658752927 -0.632722683635986 -0.166037615903595  0.842375870461632 1776585323.21363
  0.521654294862881 -0.0127464064588352  -0.918597854206679 1.05645998124852  -0.544068238792291 -0.0962930427061903   0.762612566223796 1776585323.23997
  0.825144380232732 -0.0609157924814231  -0.866273416522432 1.19791636359837  -0.588543713159676 -0.0841188497291863   0.835100430638432 1776585323.26788
   0.683400609121074 -0.00707405987254694   -0.980342129057769 1.19505528109609  -0.566859388511603 -0.0645233821172037   0.817367744988158 1776585323.27792
0.670221984142297 0.019394748138236 -1.04622187017293 1.24263987780496  -0.559005744358992 -0.0937350222057062    0.83004986214142 1776585323.29975
   1.07859361012359 -0.0426817164049549  -0.874886308309238 1.38946462969795   -0.61622296308999 -0.0821582742178789   0.845641360068239 1776585323.31694
   0.688495274457556 -0.00957228471678147    -1.16514517290365 1.3533959677514 -0.537394810923156 -0.080538936005198   0.83663282735251 1776585323.34425
  0.961154519845224 -0.0576302026679018   -1.09478776300115 1.45797787956317   -0.468534685695201 -0.00981690348805777    0.805936340413708 1776585323.36185
 0.805959975145271 0.0540041658721269  -1.20043602341204 1.44690517234995  -0.427064822514664 0.00854936805207449   0.786789932795727 1776585323.38095
0.810506997977912 0.184581894380506 -1.30545692736096 1.54764655483705 -0.350930292495246 -0.017645497332104  0.755373287071848 1776585323.39877
 0.98841214731676 0.264750448298406 -1.24498127244429 1.61153024842059 -0.396931322027641 -0.061676863283566  0.740869478406547 1776585323.41566
0.997440587692621 0.242597051144144 -1.33560124639795 1.68450934832081 -0.322817339630086 0.0691724097847121  0.585343883098788 1776585323.4388
0.209432323602338  0.56682289364369 -1.78246154175426 1.88210500205516  -0.486807649117779 -0.0687704004457813   0.678427336100268 1776585323.4559
0.425103053326106 0.403516562171639 -1.56945564916525 1.67532959640506 -0.907712678329383 0.0678221589314916   1.00627407757244 1776585323.47659
 0.890448416349215 -0.311409333157234 -0.964355469157553 1.34902024664211 -0.924370904455131  0.215169903462166   0.92328315558993 1776585323.49839
 0.489936291070132 -0.326990722209134   -1.0666305548651 1.21846675879576 -0.914484662614563  0.428735287205557  0.928417427679325 1776585323.51591
0.419718492954354 -0.51977440628584 -1.14153024437844 1.32265654861282 -0.750455860266737 0.0397651824075902  0.656212836812597 1776585323.54241
 0.279575205957307 -0.516715658149539  -1.18636023380629 1.32386100913951 -0.754379385180151  0.425645151579593  0.548719366646939 1776585323.56159
  1.23327174880648  0.362324793092423 -0.366513838787133 1.33662667043424 -0.749502924393441 -0.193888845818953   0.86348802256589 1776585323.58338
-0.284893933323776 0.0121451290018774  -1.07020897285721 1.10754652407348 -0.940454131158401  0.374666026184674  0.712346073969926 1776585323.59912
 0.395989724333409 -0.285458866732624 -0.921869782621846 1.04313878390422 -0.898338172305662 -0.209399250908344  0.960201795756018 1776585323.61889
 0.549697815376177 -0.196577167085651 -0.721560481894199 0.928148587177802 -0.645755867761486 -0.131601945764253  0.774942999411993 1776585323.64102
 0.357414251079782 -0.236658283830819 -0.558445331230947 0.703998066868306  -0.863696241120077 -0.0304419405974638   0.780252344231803 1776585323.66656
  1.05770409781416 -0.472593969849468 -0.106256913615345 1.16334584305872 -0.758195836989281   0.13270745775341  0.662100421836866 1776585323.67716
 0.700592653167277 -0.264463430537423 -0.182126142470559 0.770675614986483 -0.393015938015677  0.537490039979454  0.637937340596586 1776585323.69931
-0.271537075681281 -0.298895143956082 -0.324120557814701 0.517807711943518 -0.477896110716342  0.221298847468373  0.757294289877652 1776585323.7333
 -0.329769011150329 -0.0268341466159249  -0.150760451425722 0.363588209178678 -0.306263249319475  0.119136350587164  0.746558272053534 1776585323.74152
-0.0973108885761731 0.00227035675818955  -0.013479199956592 0.0982662321795418 -0.436028291518744 0.0920589535225083   0.77421614217748 1776585323.75979
 -0.0535201069370775 -0.00241378385043563   0.0953940202767731 0.109408625361981  -0.560875437127515 0.00825420103981398   0.849131351844694 1776585323.78174
0.240424829864731  -0.5232896670126 0.316877122037113 0.657303038855113  -0.69014779577411 0.0538796668259295   1.03813438762142 1776585323.80156
-0.322876012126398 -0.265289823846101 -0.116346610925229 0.433778911101874 -0.471237276068217  0.197981461682018  0.723629801466426 1776585323.8226
-0.135840178225825 -0.181931181942037 0.0160189028559162 0.227613958780998  -0.503028255019863 -0.0159843931832077    0.77389759277675 1776585323.84179
 -0.083504431174471 -0.0858604845497309  0.0400665596371969 0.126294663521653 -0.496758003379893 0.0796591192884774  0.755080488616237 1776585323.86085
 -0.120907844509487 -0.0265067446246725  0.0044667498651815 0.123859865286888 -0.470623852576179 0.0944888538019535  0.746839946362937 1776585323.88013
   -0.115234419298775 -0.000800258165590048    0.0211596245654909 0.117163738059222   -0.52880689775235 0.00319354043614393   0.822530565175256 1776585323.90071
-0.130720692985713 0.0155734151247605 0.0360853442099219 0.136501219408699 -0.534691341621814 -0.012659443727232  0.855459997405229 1776585323.9198
 -0.139760748728838 -0.0441213052679952   0.033480190189225 0.150335224079068  -0.504041374619984 -0.0283146637776846   0.876135279815064 1776585323.94196
-0.0900225000542414 -0.0209825752259986  0.0451734882942446 0.102883249481151 -0.486131220301902 -0.101200558777461  0.856101919047427 1776585323.96187
-0.0475284532540445  0.0332909258469132  0.0524870412597531 0.0782440356363959 -0.449726702969182 -0.101823282565724  0.843999304287085 1776585323.97988
-0.0250717650167581 -0.0283823102537061 0.00667586172931848 0.0384540773679741 -0.454674660348113 -0.147452643752264  0.867750689831808 1776585324.00547
 0.0161234700300404  0.0380275519952459 -0.0413211137056351 0.0584251267387138 -0.470022072881079 -0.198318723043805   0.88415965765035 1776585324.01967
  0.182209912638837 0.00220678410279492 -0.0915124206538899 0.203911366269425 -0.427866504249085 -0.246227676211974  0.893216080307814 1776585324.04026
  0.34401149255804 0.0284106454331291 -0.170637935279709 0.385056329310998 -0.430598174784002 -0.253969940279353  0.896676644362034 1776585324.06026
 0.435831264515735 0.0609316342094795 -0.305880655214184 0.53593332646056 -0.420015234171802 -0.218142531090048  0.852700060691071 1776585324.07868
 0.619696423657305 0.0294243207519028 -0.413403626233402 0.745514591626677 -0.401047535238631 -0.176318083668667  0.790060184335181 1776585324.10039
 0.536967247387726 0.0696731578434294 -0.581341577415699 0.794447105428171  -0.356461682501978 -0.0706866113728333   0.754223278090496 1776585324.11888
 0.604289977569929  0.120413140651641 -0.684121128908137 0.920699419165452 -0.503768439014439 -0.113945217208944  0.854997317195297 1776585324.14035
0.747912390239183 0.125424591787945 -0.73609740035027 1.05685555044239  -0.527017888792274 -0.0866123106893512    0.84085034702272 1776585324.16195
 0.624385605347594  0.113039939249924 -0.920686671362607 1.11816785808557  -0.469959376191353 -0.0102497539805569   0.773527928124968 1776585324.17911
0.657272311058722 0.192263592106034 -1.03523348445791 1.24124153454388  -0.461492109931684 -0.0762781804827824    0.74518849662423 1776585324.20105
0.782816141275752 0.204615046910166 -1.03988929812599 1.31758801634687 -0.622530808255761 -0.149778369489867  0.824657798362887 1776585324.22117
0.964866622711516 0.237858807240189  -1.0258920450617 1.42828530060536 -0.433830980180795 0.0311168650805588  0.705347057753517 1776585324.24282
0.755743337054044 0.275112090398187 -1.22590519018934 1.46617808915493 -0.571126856607041 0.0473996026864327  0.790603418014798 1776585324.26195
0.742080385198021 0.236375400421366 -1.29855626393205 1.51420110903973 -0.496756410026105  0.122496194551312   0.68468938665297 1776585324.28173
0.334725073661993 0.279002195168192 -1.54513307226388 1.60540316146764  -0.575631243140639 -0.0857094883641527   0.745340387943653 1776585324.30158
0.393284428351197 0.239771327984606 -1.55127673268434 1.61821581770629 -0.703893399387929 -0.183857230131176  0.808138116455635 1776585324.32191
0.717239256099418 0.203186450761777 -1.33580421935187 1.52973520476633 -0.810819558784732 -0.335662813519451  0.901372051287873 1776585324.3422
  1.43399070982797 0.0998698234516289  -0.95902400714432 1.72801342118293    -0.7777961454943 -0.0818557028484696   0.770947154720499 1776585324.36043
  1.26049308261837 0.0338204689259057  -1.05332510216467 1.64300955757943 -0.728007197274911  0.193537960043535  0.792479484056919 1776585324.38193
 0.879734371435944 -0.134868959844149  -1.23849721705936 1.52512214503593 -0.675250249728463 0.0953411867352539  0.839871714122883 1776585324.40409
 0.884330469828019 -0.065199563318306  -1.21411198912598 1.50344912952271 -0.702754631504233  0.257499598309155  0.675694859916283 1776585324.42201
 0.559627732214517 -0.221525640009217  -1.12528493922213 1.27613596543832 -0.763624162722459  0.355179542236808  0.718226708927254 1776585324.44213
 0.390331008816814 -0.337169414141822 -0.915477866750741 1.05078124973145 -0.881406904692441  0.459859437862343  0.836794247471324 1776585324.46183
0.0816258784615769  -0.37917172023562 -0.636747414282851 0.745574440989603 -0.682406977943112  0.478209886083389  0.756387590226718 1776585324.48169
0.00736074361433238  -0.402682521551023  -0.324688669029714 0.517329803418992 -0.572103793809742  0.335093945286773  0.725333181727502 1776585324.50401
-0.0054936584280124  -0.101754834051039 -0.0991670720926159 0.142191190736629 -0.433626077482579  0.286737263358392  0.657935618481764 1776585324.52188
-0.0990341533779281  0.0266523381502055   0.088574222247952 0.13551200504378 -0.706752560558606 0.0837729752697788  0.888891311409003 1776585324.54191
 -0.243663159028879 -0.0828059653389159   0.129948111610555 0.288296851656052 -0.700761717964284 0.0494103877545958  0.854679821400668 1776585324.5608
-0.221515140064318 -0.125048226789027  0.171025721208868 0.30652212581771  -0.624377188022335 -0.0381005124678358   0.821866447255322 1776585324.58055
-0.224397168515617 -0.125646873220919  0.106923554363465 0.278520865404617   -0.487768917984297 -0.00907718758810611    0.779918574125921 1776585324.60251
0.0291012551949243 -0.177983569641217  0.206257950286928 0.273984262636954 -0.532227043459583 0.0640413035328526  0.812909486852771 1776585324.62065
-0.0135265609429469   -0.14276382298763   0.172195921130633 0.224089072154386 -0.607033513275386 0.0507540798254052  0.772772339543053 1776585324.6405
-0.179622282895455    -0.137096360203 0.0610209584985306 0.234057971172881 -0.527909736641846 0.0498774556513975  0.724660021230508 1776585324.66027
 -0.272578562396804 -0.0176754689067278  0.0186864664124767 0.273789479173992 -0.449333633045319  -0.38666525668913  0.826562693084268 1776585324.68296
0.293279854522309  0.08781531894341   0.2891140889769 0.421083791845165 -0.584613843726089 -0.239386262032631  0.810569670549337 1776585324.70198
 0.0128670532392518 -0.0546439297690818  0.0973686760511714 0.112392967732096  -0.666310757031733 -0.0753698117641128   0.808708081587049 1776585324.72014
-0.0689553973305541 -0.0901434725711195 0.00264482902806699 0.113523951608383  -0.578374217559906 -0.0825751968099691   0.781780444269968 1776585324.74013
 0.0564520462838938 -0.0993673446579928   0.120662311852922 0.166192948754485 -0.490727234807661 -0.123637772316562  0.857696001401984 1776585324.76207
  0.319482691246895 -0.0874689250666741   0.218638315834091 0.396891315109622 -0.593434531328232 -0.238309640919794  0.939876491528063 1776585324.77973
 0.993784841466724 -0.147000565644552  0.349146204273658 1.06354151277116 -0.15667732589666  0.51233349835659 0.695045657835906 1776585324.79636
 -1.50091245395419  0.693121131729976 -0.549808141534077 1.74225259080955 -0.374654066799179  0.062184692303992  0.916300358244158 1776585324.81436
-0.236883738931635  0.236207009065979 -0.375882693211931 0.503185309760113 -0.669991824182863 -0.042235047910658  0.919325211865123 1776585324.83086
-0.483217861583232  0.115131573622096 -0.639509771605212 0.809770046974029 -0.373376525338512 -0.170728568199976  0.839362992693545 1776585324.858
 0.574275537406468  0.036766706739471 -0.169453371228355 0.599882178939005 -0.661873857510245 -0.449530801774979   1.10218891773083 1776585324.87277
 0.360058213600028 -0.194089247556438 -0.528214429165731 0.668074124911859 -0.386491644516916  0.163652878415165  0.757765846254688 1776585324.89566
   0.276987367375539 -0.00229050121650364   -0.710874846849216 0.762935315714478 -0.566574750998042 -0.199230315176917  0.918214958263722 1776585324.91792
 0.475897561103114 0.0399075924894795 -0.709023886707752 0.854860208761857  -0.459534340833587 -0.0243656826460888   0.803431773956994 1776585324.93619
   0.436359344864753 -0.00042964423875618    -0.77945015259342 0.893281704068137  -0.496662111502607 -0.0718042580033324   0.805906663015258 1776585324.96194
 0.467566878381742 0.0497838024731538 -0.845911815324928 0.967814037950808 -0.378539281902845 -0.107433244992884  0.769023949794842 1776585324.97975
 0.617502844837144  0.088925238453206 -0.943887460088273 1.1314331614054 -0.472946327888776 -0.150306249442726   0.79582677694844 1776585325.00116
0.633976058383504 0.139018036509035 -1.05199672816768 1.23610225028264   -0.47336912100886 -0.0822687308566469   0.744927601944233 1776585325.0231
0.598230594986313 0.168000785276136 -1.14818009055717 1.30553499722641 -0.562879014834572 -0.214926555182371   0.80727045334864 1776585325.03833
0.671822989578316 0.106572603402649 -1.17042638868787 1.35373623001635 -0.533447463674339 -0.184027363837551  0.858363689828198 1776585325.06294
  0.7195652908833 0.175460078814498 -1.17740512223868 1.39098643738012 -0.540603121436403 -0.153786341653636  0.817970806158981 1776585325.07872
0.784529446239592 0.204300623080975 -1.17596511023984 1.42832739143015 -0.497577926389397 -0.179138252052053  0.780153429696143 1776585325.10041
0.904465981731796 0.288237977083338 -1.15493160104652 1.49499392862949 -0.564615247419489 -0.133612883322209  0.757105777656208 1776585325.12069
0.936087522516386 0.118425934191937 -1.17616480792028 1.50786213132708 -0.658123979447338 -0.208323478047831  0.863594909397693 1776585325.14196
 0.922009556738982 0.0109292382675478  -1.18979383205865 1.50526756218684  -0.659160719014386 -0.0920140023897616   0.811639840081334 1776585325.16255
 0.993149408677497 0.0154334270421784  -1.12949208749411 1.50410648371002  -0.622269722791736 -0.0568190344334328    0.80701795570637 1776585325.17911
  0.947846994310762 -0.0289639101991077   -1.12656444258334 1.47254890445482    -0.5880251474147 -0.0148966548066256   0.775099222274305 1776585325.20018
  0.959762513273454 -0.0159096915661541   -1.04032249528769 1.4155098354912 -0.673728681459988  0.102696912491848    0.8375811374223 1776585325.22182
  0.648148506435141 -0.0314408979359278   -1.12403416388189 1.29789746052251 -0.61434883763165 0.151251313674967 0.770277068776381 1776585325.2396
 0.394699059209868 0.0580463913467913 -0.926671770124526 1.00889905363979 -0.571391861034594  0.418519287809909  0.735869466065913 1776585325.26314
 0.746223204312075   0.19087217208337 -0.305730189484289 0.828705137845605 -0.484335871956941  0.524089895694365  0.564410987899431 1776585325.28147
0.565626187218738 0.270678908588483 0.146893034290884 0.644032311879957  -0.645566457667764 -0.0937627934336534   0.721698008408041 1776585325.29969
0.774069596542401 0.570852480380644 0.030790181642168 0.962291187704432 -0.282924917907236  0.495267680303484   0.59036689891909 1776585325.3218
-0.00940770412274165    0.735133242004529   -0.495050106522642 0.886331764276239  -0.675202322955907 -0.0571890555895119   0.917338525354349 1776585325.33781
-0.168630992248484  0.478132647196888 -0.606706313853619 0.79065782177378 -0.637358064364658  0.156347523153852   1.05408896604631 1776585325.36297
-0.213764333131546  0.148089939064256 -0.485658357161054 0.550899137820711 -0.551299511526821 0.0998328821994095  0.976089175397605 1776585325.37762
 0.121607501158614 -0.103374935285618 -0.182299602005598 0.242297144999168  -0.379938444790588 -0.0748898880143924   0.817874881004552 1776585325.39808
 0.267424589821754  0.255432974702456 -0.128929466984156 0.391643617672365 -0.244333367728175 0.0764936471071943  0.666118216096891 1776585325.4169
 0.268437071723136  0.457189202631569 -0.139804933807113 0.548293578290858 -0.401946367934796  0.185579927707366  0.782386804388808 1776585325.43644
 -1.07459073415012  -0.75806129872453 -0.794896777730373 1.53664018748416 -1.02102141419827 0.331371899812396   1.3829859666661 1776585325.46571
-0.0596330048145115  0.0502589325970769  -0.127729489691229 0.149655865590985   -0.389260804279164 -0.00745986335689184    0.963615003716123 1776585325.47791
 -0.081688560225686 -0.0499231202133407 -0.0756444418413609 0.122014017166358 -0.439276097190333  0.287135070567969  0.776384126026665 1776585325.49822
-0.225949630393397  -0.21879072573089 -0.139599520733947 0.344108476108785 -0.444566734794314  0.161270014555977   0.73683943701484 1776585325.52057
-0.533065256917886 -0.360933658450046 -0.175196069144161 0.667177140329787 -0.253772391085893   -0.5401465955595   1.01173280347386 1776585325.53825
-0.137054648162089 -0.242487346880607  0.264435039402262 0.384070280083874 -0.645142046167329  0.360982004147912  0.832402170176934 1776585325.56308
-0.196887896589355 -0.364664822214589  0.485741857521134 0.638506404456729 -0.674377425053098 0.0804692152574635  0.936754612163774 1776585325.58169
 -0.11181908962505 -0.262852315958625  0.655055925690769 0.714627955366972  -0.446997496957444 -0.0641668344815265   0.814576607914094 1776585325.59863
-0.234022171688079  -0.12824088514436  0.696679751653164 0.746039394286741 -0.494224934384775 -0.141524790860026  0.780474503505243 1776585325.62028
-0.382421307173348 -0.141090601576128  0.640795862155598 0.759455035528122 -0.546886622484875 -0.057843322653675  0.773270041065474 1776585325.63801
-0.356394354098915 -0.293832070803062  0.718839846121082 0.85445008387698  -0.534166810655364 -0.0433663531917684   0.820771282927157 1776585325.66203
-0.458742769749543 -0.198943125898018  0.726512544675514 0.88195451907139  -0.443154424017904 -0.0238430444277876   0.775381322329273 1776585325.68011
 -0.355476738076741 -0.0703813406561109   0.841983159084377 0.916653088473463  -0.470056596784293 -0.0960320262471936   0.789753892323379 1776585325.69804
  -0.32942601721131 -0.0581253295522824   0.899246496150189 0.95945000682144  -0.444300663867641 -0.0327268099178689   0.793848099196559 1776585325.72004
-0.299173962695462  0.027939162337046  0.908235909451725 0.956649425842405  -0.44074937050705 0.0201484036734483  0.791606660853842 1776585325.73793
-0.673559301470294 0.0523143385533089  0.796014358149742 1.0440583226027 -0.447130669101196 0.0302330698791522  0.796985327904405 1776585325.76198
-0.518945062279446  0.128702086545872  0.902566252821952 1.04904434867099 -0.575091449096455 -0.072801665295989  0.905338983451921 1776585325.77977
-0.409445870278487  0.148127621918608   1.00628402372163 1.0964466468829 -0.542443770965951 0.0303825613239501  0.811650878598482 1776585325.79654
-0.589123607549229  0.160336003574886   1.03264112487312 1.19963409079328   -0.604151787028084 -0.00374133740485946    0.868196855406676 1776585325.81824
-0.574392952458595 0.0573248705535434   1.10367658628625 1.24551812982973 -0.659169891290373 -0.108743781471053  0.914949401957364 1776585325.83581
 -0.657090096446872 -0.0183018183873554    1.13080866967135 1.30798723189821 -0.487299859266886 0.0662327444149606  0.812242606424601 1776585325.86213
-0.705876552398786 0.0900887957979274   1.13702004496864 1.34133973363023  -0.574849388070327 -0.0768304404724281   0.817154507020213 1776585325.87791
-0.614305945741068 0.0121206513748016   1.28225280815675 1.42186179679617 -0.612600673053901 0.0682062925260696  0.812118836805026 1776585325.89606
-0.782785161775917 0.0404773482922189   1.25455937452638 1.47929383471755  -0.543251559347049 -0.0517798504301685   0.859467417049909 1776585325.91869
-0.829174132143385 0.0211087687785313   1.20586942900182 1.46359024365984  -0.621051189112355 -0.0904575278893176   0.863678657955786 1776585325.93974
-0.889416649116325 -0.113979369510111   1.21669789099917 1.51142549613306 -0.554540036097005 0.0371363166856893  0.743246449102346 1776585325.96187
-0.891845179368424 -0.103641535810138   1.32695221240671 1.60216465006529  -0.545672465593507 -0.0521550377115433   0.743398811866333 1776585325.9795
-0.866612219027137 -0.149793382424493   1.41250474384086 1.66391840153244 -0.593261695604136 -0.101155744021779  0.794577139431674 1776585325.99603
-0.748956104383073 -0.118042445037148   1.48741690431451 1.66951439417682   -0.56980655540188 -0.0540469078077253   0.779897512281326 1776585326.01786
-0.929396394801557 -0.126862047499972   1.42701839581196 1.70770405508442 -0.590996130211571  -0.07161103592769  0.792436364819501 1776585326.04662
-1.01035508704364 -0.10043774134787  1.37238688378677 1.70714700614563  -0.564143361308344 -0.0546019134502753   0.789034412065416 1776585326.05222
 -1.09675320811122 -0.162514880378242   1.31223353562842 1.71791604505996  -0.633494225210587 -0.0284506752586637   0.801160935836446 1776585326.07613
-0.991125706344594 -0.179922770885206   1.36583681690992 1.69711890558284  -0.606345828058649 -0.0787336118737501   0.774449056487624 1776585326.0947
-1.07428471752037 -0.11548983151245  1.41499467222035 1.78034701052704 -0.585422882706623 -0.088325910433037  0.772821661540261 1776585326.11781
  -0.9218492157356 -0.156881494555769   1.55476476608768 1.81430737686701  -0.600888308635585 -0.0876533518808565   0.767843889167935 1776585326.14221
 -1.00962404955571 -0.125802990657507   1.54872625551639 1.85302998584088  -0.596761928136315 -0.0773389081057518   0.789694104716219 1776585326.15994
 -0.94354141399156 -0.120470922309372   1.60959662898782 1.86964834958027 -0.665177092000362 -0.128625719700788  0.803341783404689 1776585326.1808
-0.909091051455229 -0.191468327909368   1.66308634296716 1.90498368617484 -0.626234108774744 -0.092445288989261   0.84450397698889 1776585326.19967
-0.871860104897287 -0.217108349937186   1.75311100122085 1.96994270493472  -0.617229043601536 -0.0254023834642985   0.810380849068973 1776585326.2219
-0.927195169943936 -0.286282006841229   1.79765686423195 2.04284567995937 -0.643086555657452 0.0529312391546942  0.771811031344917 1776585326.24216
-0.964881543002603 -0.460827525881027   1.85642853839434 2.14235508700161 -0.671234627304735 -0.148545911987696  0.795776412258937 1776585326.26387
-0.366115872656438 -0.352280911466825   2.22316948388932 2.28048793614253 -0.548151271110062 -0.152079147370304  0.730499518027055 1776585326.28203
 -0.41592005261772 -0.237351924283281   2.16419314874392 2.21654176843131   -0.44315180829197 0.00273193351769082    0.64326134238638 1776585326.30208
 -0.822729418554174 -0.0200672254233987    1.96214262591003 2.12774295301472 -0.218104469183783 0.0825296511666223   0.51358068888968 1776585326.32205
-0.905232545783617 0.0545198400541703    1.2612090769683 1.55340487662832 -0.360746724034542 -0.151932983143037  0.721220378294649 1776585326.34164
-0.33352943145521 0.283537952697695  1.07877833482198 1.16421576520339 -0.342768239207621 -0.285151939408751  0.864185335046607 1776585326.35987
-0.185257353171665  0.340000687266331  0.897740875132837 0.977680639641606 -0.322397944743448 -0.183418888192114  0.901348371254011 1776585326.38075
-0.0814240217367551   0.651749924008845   0.773597535185437 1.01482066455424 -0.264143803885275 0.0881797443371891  0.888637259074162 1776585326.39871
-0.26992573592287 0.613551637296433 0.409183961275412 0.785326065216019 -0.564300554005815 -0.021082138409613   0.96633737050996 1776585326.42045
 -0.627357206332519   0.601458779159217 -0.0237443444034501 0.86942137152027 -0.470706240563148  0.119493092240411  0.717122597064576 1776585326.44167
-0.826158560175056  0.657883830602063 -0.226280080146197 1.08007026428336  -1.34117497811282 -0.737144877403072   1.36593018431316 1776585326.46228
-0.0499815352118957   0.304667025992307 -0.0964652345761941 0.323458949591714  -0.568937238385376 -0.0105507142756273   0.798544630844994 1776585326.48695
 -0.269399896779058 0.00580456507862373  -0.207589735214226 0.340152165253481 -0.633084795563962 -0.220281250635579  0.738377130343238 1776585326.50193
  0.193904607116439  -0.101509494388435 -0.0469158235538395 0.223839828028238 -0.693962806349993 -0.188722409217425  0.703860255622505 1776585326.52059
 0.353547930610889 0.0416285202750756 0.0446145742465972 0.358775045362327 -0.740739366086523 -0.103723937415178   0.78290915491562 1776585326.54197
  0.482365202845891 -0.0830340095643748   0.186702005200163 0.523859212390749 -0.722201895869207  0.263807760973941  0.796753477434168 1776585326.55991
-0.414186997281077  0.217120725387012 -0.106893810902192 0.479706748877365  -0.553459414168546 -0.0352981133467727   0.890526249005122 1776585326.58422
   -0.37555219786381 -0.00394743743369417  -0.0111358912621725 0.375737998686364  -0.57881751110439 0.0184199147311068  0.766682811638871 1776585326.6022
 -0.381135324459788  0.0774165595935664 0.00537130749091651 0.38895540900537 -0.463880337621842 0.0187983544353544  0.713475825281649 1776585326.62302
-0.277306381693619 0.0839074748299006 0.0453054898665293 0.293243722988888   -0.57464660461396 -0.0503673196236177   0.861584077110663 1776585326.64188
  -0.123464490604041 -0.00251945919555582   0.0869113651107915 0.151007991510962   -0.637930763937418 -0.00746044126020809    0.899616784716856 1776585326.65894
 -0.247862762995559 -0.0551011646314816   0.128452579149842 0.28455606251455 -0.514259747398238  0.061852287319501  0.827258632336799 1776585326.68393
-0.328107758923448 -0.057471269112469   0.16199490636424 0.370405180750923 -0.558599428379358 0.0997343246961177  0.839595207240862 1776585326.70448
 -0.252174845414284 -0.0144816874349729   0.282810999399576 0.379188519488749 -0.602830293785617  0.089794502951962  0.844959506400714 1776585326.72385
 -0.129440016678264 -0.0201984970285252    0.41251737659635 0.432820151094904 -0.603217207028438  0.117917609208172  0.846449754808513 1776585326.74187
-0.133914780188612 -0.022694662225046  0.500568684038602 0.518668703014372 -0.58615606721264 0.136535172880972 0.815269543621219 1776585326.76203
   -0.483854802396145 -0.000330526536663748     0.464410492537528 0.670665851694085  -0.530945511485497 0.00537992163615004    0.81854599459517 1776585326.79049
    -0.29427625224904 -0.000882518460828877     0.593980109164589 0.662881332939578 -0.550140762720231 0.0997388946081874  0.763787546502345 1776585326.80174
 -0.41287628884393 0.0166872311510955  0.629790080419659 0.753246864559042 -0.596317630007253 0.0902654462320848  0.780696414743687 1776585326.82396
 -0.419092803068477 -0.0138642851123208   0.719732411734893 0.832974033501162  -0.663525872452884 -0.0464527717139311   0.854939331125567 1776585326.84401
 -0.468388487057427 -0.0734925112758657    0.83826423981548 0.96305548115101 -0.651243990208499  0.081122845756152  0.842711165583292 1776585326.86191
-0.531236649699868 -0.092159931464568  0.990007759433788 1.1273070543073   -0.61237430409615 -0.0350353846091236   0.840934382104285 1776585326.88434
 -0.586567557048122 0.00511308333137798    1.04398050827722 1.19749026896477  -0.53756634005157 0.0222287556142386  0.776600225915318 1776585326.90405
-0.667938086185398  0.144586456937873   1.09388197699432 1.28981561089167  -0.489117295590304 0.00679207736804448   0.780937785566611 1776585326.92336
-0.651137343050852   0.21922192515974   1.12308611684712 1.31657150122612 -0.53782732107134  0.13542931260369 0.773559841246122 1776585326.94399
-0.981793411870974  0.106855652105193  0.952124431299824 1.37181535443298 -0.653611547489979  0.025927593642247  0.785315694846437 1776585326.96204
-0.588860543874594 -0.104509945932459   1.22601295016233 1.36410660246802  -0.567430910404315 -0.0957426535025967   0.838661635545556 1776585326.98668
-0.636918441793695 -0.042984117673371   1.26120908615167 1.41356326171155 -0.503121246961073 0.0750856683611124   0.80526261154223 1776585327.00592
 -0.670136382239976 -0.0220615531964817    1.31853731552194 1.47922619479069  -0.532301447139985 -0.0114460221737815    0.80802189389739 1776585327.02537
 -0.686523485793808 -0.0104668292292502    1.33050042089838 1.49721588993417  -0.596817792834702 -0.0518390197282936   0.797781732523673 1776585327.04409
 -0.808180942177871 -0.0592813852782424    1.34107523660043 1.56689294725675  -0.503004746132468 -0.0908502515564808   0.717001996171557 1776585327.06196
 -0.928418244218094 -0.0269452869418099    1.04745487900052 1.39994578760299   -0.48093833684326 -0.0609117860249858   0.710159164232465 1776585327.08779
 -0.885948887281579 -0.0522398505958532   0.947921420196387 1.2985335774376  -0.635981453943928 -0.0914874272632377   0.844985760847331 1776585327.10734
-0.98129803880382 -0.15275318758493 0.856474121425809 1.31142186116813 -0.590646587127616 -0.138819335537868  0.864236619956367 1776585327.12591
 -0.58802869072853 -0.117784009732935  0.902919583107572 1.0839347709285 -0.522297968819618 -0.386033145178994  0.836102948956512 1776585327.14404
 0.110439573177423 0.0187075549638219   1.11883537919471 1.12442851158894 -0.459034755175178  -0.38843126768314  0.889459126101706 1776585327.16289
-0.104567208244538 -0.110728062689304  0.678335364299839 0.695222174104637  -0.556089862875923 -0.0784233307746913   0.835260512175739 1776585327.18691
-0.14721451979037 -0.16910036084523 0.467027284810794 0.518055529487755 -0.548329516528625 -0.166487526036066   0.83908003014513 1776585327.20709
-0.0453025510264804   -0.19271721546836   0.396492988022488 0.443169195475482 -0.430342878735575 -0.148344449329885  0.769640186998952 1776585327.22427
 0.025992988355318 -0.103009624388802  0.198616331491955 0.225244456747961 -0.385963680137379 -0.191404700904755  0.781259790908324 1776585327.24273
  0.148799742206274 -0.0296274972959345  0.0192909858706781 0.152942126350254 -0.514301575637832 -0.102575946588547  0.857745185310103 1776585327.26148
 0.134536806327024 -0.104720795728002 -0.114020897926086 0.205103297093079 -0.667630027839873  0.186388232710503  0.840762421625398 1776585327.28677
-0.132563251957974 -0.122672751182081 -0.171446860686411 0.249029407282514 -0.583670613208053 0.0345949220602985  0.898001891211036 1776585327.30438
   -0.1820166245826 -0.0368584697243208 -0.0979202162692791 0.209945152763964 -0.494740540608823 -0.015108203315577  0.826953856802936 1776585327.32479
 -0.194241942914774  0.0467376721679064 -0.0825976604219774 0.216186761607101   -0.504662221267414 -0.00102981223927415    0.804017186411485 1776585327.34225
 -0.122188325061433  0.0267821176784474 -0.0742271236374465 0.145454235043705 -0.554246087881598  -0.13068368030511  0.841940758575296 1776585327.36028
 -0.177414496328428  0.0271031765965257 -0.0728432525786598 0.193692088468607 -0.533515153906875 -0.164805375595306  0.878303693237639 1776585327.38675
 0.059822217558126 0.0572578928264722 0.0357880779710322 0.0902105898958665  -0.526742577256057 -0.0583015662422281   0.854215797509056 1776585327.404
0.0394474131777514 0.0465977613779154 0.0368123396149731 0.0712923426447574  -0.514977982165346 -0.0783095568044364   0.840181722665662 1776585327.42449
0.0390471634905289 0.0406905210406391 0.0449903544475798 0.0721424387758942  -0.518485331393832 -0.0166297489601771   0.833472409195939 1776585327.44205
   0.0190754527613752 -0.000435920800366112    0.0578390705405782 0.0609050162629781 -0.495146555367331 0.0361534767315086  0.830053964387468 1776585327.46191
 -0.114726789167353  0.0877367266818156 -0.0148222612796514 0.145188390689243 -0.538780669208585 0.0057028574393596  0.864234460008765 1776585327.48582
-0.000822872610806718    0.0136369084713344    0.0228893512923465 0.0266564212634332  -0.615887330629194 0.00960691079259026   0.826326444881489 1776585327.50287
-0.0123712791488905  -0.033033942411274  0.0407964749743838 0.0539318298349561 -0.482910061265558 0.0288954097214561  0.756093267143821 1776585327.52374
-0.0372581321457492   0.049267629775382  0.0385549104279622 0.0728144825758063 -0.523590396073366 0.0284829774413349  0.822559809950298 1776585327.54191
-0.0428055406473575  0.0270005977247164  0.0593245045257813 0.0779791217239203 -0.599094401538348 -0.010005092506972  0.864922260943565 1776585327.5619
-0.0331665309130543  0.0222868665933219   0.047406168962418 0.0620005487963489  -0.494245163201163 -0.0486559997898238   0.807127032974545 1776585327.59329
-0.0332775784871362  0.0320125040240741  0.0243700173047589 0.0522120233978068   -0.53026869796804 -0.0303442447446883   0.825796911683447 1776585327.60553
-0.0695240683659231 0.00976011958345061   0.016645314803386 0.0721520791199854  -0.572180000379428 -0.0338982275654063   0.859724001309665 1776585327.62415
  -0.043886805048609 -0.00836272772923714   0.0202579951844713 0.0490547983518639  -0.537535775442378 -0.0391695376191165   0.828750962576714 1776585327.642
-0.0642277291902712 0.00620576456119767  0.0123227360223746 0.0656929412783822  -0.521232717037102 -0.0433716141075776   0.818563439544897 1776585327.66193
-0.0293633554622843  0.0275564954903477   0.023717113694855 0.046734019404805  -0.542657910919123 -0.0526481763267406   0.842521133823111 1776585327.69183
-0.0221658861812068 0.00325523875653744  0.0220762249884816 0.0314528663129823  -0.534798361522437 -0.0348343145211497   0.828250137546974 1776585327.70567
-0.0212079699034106 0.00229203556580636  0.0273533630670009 0.0346877195205171    -0.549165141995461 -0.000277181397434099     0.835320866303161 1776585327.72816
 -0.0882465767921234 -0.00110701630482373     0.04367686996224 0.0984700602737994 -0.539416911549393 0.0224494696687216  0.818633507818619 1776585327.744
-0.0613449564253016 0.00870406849594325   0.107137138786864 0.12376320533438 -0.533206048606119 0.0362632538549282  0.819759685200838 1776585327.76203
-0.0705930063102145 0.00906133010075946    0.21108971270995 0.222765228559302 -0.554482741729251 0.0738478187189757  0.832691667242316 1776585327.78708
  -0.117830472721055 -0.00166123710373668    0.281415057567313 0.305092141222937 -0.564389538879561 0.0684368962258176  0.829033683963823 1776585327.80508
 -0.131099222857564 -0.0340428663773086   0.395049579143089 0.417624344316962 -0.586408344773253 0.0609890110612192  0.830508787239088 1776585327.82507
  -0.240926640169738 -0.00837247005122052    0.452687821203526 0.512876210858168 -0.601085502162307  0.133002611410509  0.821725718181495 1776585327.84281
 -0.444947079413375 -0.0123364659097195   0.511575285568368 0.678114566038801 -0.635693975974851  0.126021327609193  0.835414396045938 1776585327.86553
 -0.467196583747864 -0.0728463745717307   0.626618256315687 0.785002981715376 -0.558601620536757 0.0577702523512028  0.836300449109557 1776585327.88793
 -0.500616990469096 -0.0547024788540598   0.714438905675439 0.874089630576769 -0.537871258437276 0.0376357097206305  0.842571921165928 1776585327.90551
   -0.5021394292491 -0.0384587637629747   0.765400578333249 0.916221113176105  -0.526689467466999 -0.0307724667715997   0.804599415341896 1776585327.92368
 -0.437151940656517 -0.0206068344239575   0.854352113743228 0.959918744010271  -0.52238836866989 0.0406377652329763  0.798059185208219 1776585327.94294
-0.619635019843005 0.0181882754592177  0.808422729969945 1.01873729759545 -0.530688007456495  0.121365531012798  0.849533166229386 1776585327.96195
-0.535373508930206 0.0384089648723602  0.999442279338837 1.1344535743594  -0.623694253919901 -0.0481150458612607   0.947727075654707 1776585327.98789
  -0.46187025308609 0.00858156103640795    1.19651615619659 1.2825945134434 -0.279409269874305  0.182304322909261  0.590361582423388 1776585328.00781
-0.955087721347809 0.0629100501537323   1.01222538948059 1.3931082043362 -0.466916131833455  0.143124686225088  0.704016258000733 1776585328.02521
-0.776123285293579  0.121499598026276   1.14325296878815 1.38713981160457 -0.544249533369543  0.233226975766282  0.660069099181214 1776585328.04378
-0.877843994690638  0.138841996311159   1.04925918864711 1.37507527936272 -0.57398717816031 0.310262049284991 0.808083156844932 1776585328.06194
 -0.81340754032135 0.0629100501537323   1.19651615619659 1.44818521367312  -0.76300912914087 -0.138416335890386   1.05886174618748 1776585328.08793
 -0.675263843039962 -0.0809421468495695    1.29852386536851 1.46584348338603  -0.485664649887714 -0.0331648045518694   0.802851186481591 1776585328.10789
-0.504480838775635  0.105520628392696   1.21675622463226 1.32141258881907 -0.431726805258583 -0.226180644280162  0.676448671413885 1776585328.12496
-0.256697839016941 0.0591451728558441  0.950318280714601 0.986152506810418 -0.464832170655538 -0.444712297836034  0.649267038106352 1776585328.14395
-0.228578190410757 0.0207175540423902  0.554488098630873 0.600111870987599  -0.51539769651086 -0.656913044741518   0.74179553469612 1776585328.16189
 0.101751960613169 0.0139147828288993   0.21381069780963 0.237196326210252 -0.652315174871033 -0.178465415211059  0.999634825071096 1776585328.18775
  0.191227975739468 -0.0219140761480692 -0.0384367821735763 0.196279779046892 -0.115076784042893 -0.142430260779256  0.751090273443742 1776585328.2078
0.499639889732924 0.272237490060464  0.08881668626329 0.575883385908589 -0.150328832881078 0.0964228419112834  0.712847542425572 1776585328.2252
0.0346773448483408  0.431878577911651 0.0345653663919456 0.434645129799622 -0.372456453339294  0.357271683999239  0.901602875389231 1776585328.24281
  -0.46847348077659   0.365290024819443 -0.0407256129550712 0.595451744454653 -0.420082829347746  0.354309211264666   0.85008073578566 1776585328.26164
-0.264751923370065  0.253448091461489   0.04640111352959 0.369435487372838 -0.59496656914937 0.210890152458678 0.749635285815586 1776585328.28751
-0.0461714448512664   0.260127273574103   0.181370354345871 0.320457807226313  -0.667766599215348 -0.0485098401541395   0.931209939286769 1776585328.30955
-0.162383282110211  0.243021857497005  0.170474526551987 0.338362996991845 -0.464600973223136 0.0812186901707118  0.768887773368785 1776585328.3267
-0.310474640141854  0.256403998213002 0.0967501878702214 0.414123304492454  -0.708225459796907 -0.0710382951316792    0.97820712411275 1776585328.34387
 0.441744204978542 -0.263497832015038  0.496890287945265 0.71517061486269 -1.16668850740081 -0.51640727760361  1.32103568963512 1776585328.36105
 -0.0306264688258583 -0.00333516104973607 -0.00827666907417501 0.031899955218344 -0.592225665743336 -0.187840469521863  0.674938888215512 1776585328.38943
0.000207135887850901  -0.0607328985040428   0.0434613553483787 0.0746821081297017 -0.602401404066389 -0.291234022528103  0.727144606729116 1776585328.40953
 0.0403317401740681 -0.0222401059174454  0.0689012906758683 0.0828773758844247 -0.598524927654054 -0.225344510019297  0.710216441734654 1776585328.42773
  0.292411400789439 -0.0243672411070585   0.208736348947367 0.360095894343005 -0.656960548970896 -0.195656974327864  0.770907023627545 1776585328.44304
 0.458423359028239 -0.123645446615181  0.152080828238394 0.498566696530241 -0.478597000153962  0.336993241478393  0.694047885222326 1776585328.46039
  0.340942246726253 -0.0207624565663991   0.153303937810396 0.374399242191528 -0.861952452999068 -0.299552551475852  0.895959886997128 1776585328.4853
  0.168580294623702 -0.0460491348584726   0.135851856612765 0.221349419474647  -0.533938820406988 -0.0612328374011857   0.772766942062731 1776585328.50955
-0.0470970432453954 -0.0225027070735679  0.0415144069399587 0.0666929478406371 -0.516523904328376 0.0699389243390076  0.738963421779453 1776585328.52669
  -0.200027409381717  0.00257843374116199 -0.00443731250491715 0.200093234685196 -0.597889646137941 0.0546289103335949   0.82796359407356 1776585328.54395
  -0.214872419943888  -0.0377389346043618 -0.00527811494906544 0.218225210585373  -0.590647765706589 -0.0111470022467097    0.84674000917628 1776585328.5619
  -0.15085585542368 -0.0543150369644738  0.0338779920719802 0.163875961333234   -0.517580212796036 -0.00769914129214844    0.794735922908373 1776585328.58243
 -0.026907991168158 -0.0223162846276307  0.0618125542754097 0.07101301580934 -0.537465768914295 0.0186806178324462  0.820588636992954 1776585328.60972
-0.0571302107228444 -0.0100109723250474  0.0260449760481938 0.0635800387030431 -0.547641547869128 0.0112664790522947  0.825289156877695 1776585328.62778
-0.0936037664525767 -0.0206406759646241  -0.011684839925989 0.09656209443918  -0.537191198350163 0.00279639495285459   0.833597280879468 1776585328.64391
-0.0716045886668507 -0.0191023475224518 -0.0143171229763147 0.075479115054009  -0.527494219002153 -0.0236243095653353   0.830073917375867 1776585328.66257
 -0.0520956710623106 -0.00754806787871756  -0.0292275983531298 0.0602095073690698  -0.541644546024842 -0.0216330041704153   0.830177417681831 1776585328.68095
-0.0740338588395802 -0.0137889925390482 -0.0383137404610452 0.0844931433788396  -0.568457723666665 -0.0251142171588381   0.828785865424126 1776585328.7062
-0.0592611111150182   0.029255495070463  -0.022666355004866 0.0698679249127311 -0.571306099252029 -0.023017744673482  0.807380627412004 1776585328.73052
-0.0343261523288237 -0.0502009637168512 -0.0124899720986375 0.062083982594764  -0.561131863600154 -0.0492305805448075   0.812081929268678 1776585328.74217
 -0.0483848942436855  -0.0115955697846809 0.000762992457636754 0.0497608017127382  -0.555896203414661 -0.0364011337167398   0.823295624365812 1776585328.76584
-0.0299345974127792  0.0195271124625352  0.0143494875875528 0.0385135825055914  -0.558972446044807 -0.0314076834336485   0.808784537323686 1776585328.77455
-0.0173382457785834 -0.0100528130585209  0.0225792486775429 0.0301909968022001  -0.565748053723744 -0.0410780188583199   0.810343718293593 1776585328.80271
-0.00885219008601287 -0.00261584315953588   0.0174636235312048 0.0197530263907546  -0.565386804120354 -0.0388979242125658   0.820402203345126 1776585328.82156
-0.0238997796169968 0.00400673362680831 0.00849581846371408 0.0256794141573673  -0.566381857618883 -0.0274746776274344   0.816254395539066 1776585328.83795
 -0.0312658855363989  0.00323364638004601 -0.00921203154720433 0.0327547491596725  -0.553571678574642 -0.0239929565176824   0.810248330935452 1776585328.85436
-0.0278779409667223   0.013254482605074 -0.0037790568365846 0.0310989095025276  -0.550060078408434 -0.0165387854003633   0.809021462905095 1776585328.87382
-0.0248430425923043 0.00509735399371245 0.00529157524182764 0.025906766519969  -0.568910115088613 -0.0122785773641029    0.82489083844572 1776585328.90204
 -0.0198372828284922 -0.00323713602994739  0.00494020397662781 0.0206978852790488  -0.546095568313801 -0.0113830017785786   0.802251417748158 1776585328.92071
-0.0248647491525914  0.0146330358915219 0.00555052421987057 0.0293800920512382   -0.56427345663959 -0.0158100359713685   0.816214456786776 1776585328.93791
-0.0158584058952796 0.00197470715817782 0.00373182392832476 0.0164108200810324   -0.57639308223204 -0.0174510991952873   0.830274536173686 1776585328.96208
-0.0301422448020064 0.00366293599715674 0.00366986435133529 0.0305849624191456  -0.563720497187957 -0.0190382018696618   0.814520457812878 1776585328.97303
 -0.0304381363093853 0.000116791640851782 -0.00156954459266166 0.0304788000502718  -0.55296218225928 -0.022917528687938  0.804606595769594 1776585329.00148
-0.0184752599991784 0.00942305221961841 0.00343059102425351 0.0210213724563023  -0.581786624348074 -0.0255870162538315   0.825221142665452 1776585329.02281
-0.0183133264925245 0.00211528881932015 0.00322187981622303 0.0187145099738446  -0.565404990189158 -0.0242443328198525   0.821443599574406 1776585329.03617
  -0.0270389964191671 -0.000599127302434355   0.00502201726259714 0.0275079431849435  -0.551177862605822 -0.0223913621591472   0.801009499637198 1776585329.0525
  -0.0229557982011622    0.0167850797863334 -0.000688135541027705 0.0284461087850146  -0.565393670661658 -0.0281035572982141   0.823175182141953 1776585329.07552
 -0.0225005211954033 -0.00496067238987243 -0.00142556347010001 0.0230849291926945 -0.557241477732621 -0.025088775109325  0.817778576941943 1776585329.10373
 -0.0294638214329344  0.00398284220718581 -0.00430970802969736 0.030042526338183   -0.560340198306699 -0.00586201934367629    0.804471115441907 1776585329.12471
 -0.0645638725337582   -0.062030192591092 -0.00158646262923026 0.0895475029976676  -0.525844917612832 0.00520631274404418   0.865279125119084 1776585329.14409
 -0.158821870093403 -0.0218180230805315  -0.097964668170123 0.187876259172868 -0.397231592745965 0.0196834194396611  0.826111896117308 1776585329.16187
 -0.183102140602119 -0.0817092818153119   -0.15043948352723 0.250668783121856  -0.382368200900732 -0.0537801030492449   0.912838169215208 1776585329.18208
 0.0444004482617227 -0.0922684520753244 -0.0588304565052054 0.118092716400416   -0.424810326760736 -0.00091735056496569    0.866571945658202 1776585329.20898
-0.167620947062249 -0.184309899568569 -0.118008665709636 0.275668217528953 -0.477815965498593 0.0128292262127246  0.929951706845506 1776585329.22873
-0.306659813338344 -0.108273832316048  -0.16643515353457 0.365327420560225  -0.356461002559977 -0.0190125255494492   0.946631688605686 1776585329.24488
 -0.183508126238349 -0.0352465739070325 -0.0881608806212188 0.206615329149612  -0.424339540469764 0.00853429473832109   0.949384461145191 1776585329.26161
 -0.175119411134626  0.0266222929768142 -0.0766925073470924 0.193021489276882  -0.392786723564099 -0.0766082471485794   0.884379319436828 1776585329.28175
0.0190467267924735  0.177949267551175 0.0683361448137064 0.191568651693086  -0.536754419470596 -0.0212828032656165   0.799505470129024 1776585329.30888
-0.0937668794377959   0.161729042135218  0.0081066816177183 0.187120894173602 -0.547545499571495 0.0142595592261829  0.849400629930531 1776585329.32888
-0.232273969520004 -0.126255652686094 -0.090077975049357 0.279295056062157  -0.539360753454785 -0.0306531443332373     0.9439383452002 1776585329.34548
-0.0206406975991898  -0.241731477026865 -0.0309698148153566 0.244579792322809  -0.351205305010022 -0.0439815368929745   0.974689724373689 1776585329.36059
-0.0125667535817626  -0.135562005662348 -0.0753274317144468 0.155593067465995  -0.333142579551456 -0.0477138424104809   0.974602511757231 1776585329.38029
-0.0744328390971907  -0.139942572408326 -0.0716332830294008 0.173941077224151   -0.51366056609493 -0.0274069181270742   0.926424037845449 1776585329.40655
-0.0530703439394803  -0.168009335784544 -0.0496687925944512 0.183058972122125  -0.421114971843687 -0.0310597876684517    0.99279520764042 1776585329.42686
0.00141298850778349  -0.228444036502597 -0.0646501237129536 0.237420118874166  -0.407068301362488 -0.0514051402730416   0.992515077017637 1776585329.44211
-0.115792256797513 -0.217262503571149 -0.124674781520724 0.275961307685525  -0.379553765788132 -0.0857615521258764   0.926488972941096 1776585329.45687
 -0.203446278747012 -0.0510545078484786 -0.0619363874637904 0.218707720942179  -0.320424214213724 0.00757293930564751   0.683584053487858 1776585329.47825
0.589463681693482 0.239836317057352 0.387608492219765 0.745137057363374 -0.321286688472782 -0.172588572797445  0.494788269358411 1776585329.50574
0.388483216701624 0.742512741446684 0.323603287216101 0.898311453988302  -0.22570822542501 -0.157185801151985  0.439774074038157 1776585329.52773
0.465750767439485  1.15936432857102 0.226203170351508 1.26973119124107 -1.59151823883613 0.808210796272896 0.708044763416128 1776585329.54461
 -1.78310526000314  0.238810586116195 -0.820789680234321 1.97742017878629  -1.38420252377017 -0.408346172249834  0.938613279878964 1776585329.562
-0.492770303101687 0.0974873007418383 -0.121618380685086 0.516833992637211     -1.12616461293 0.0141517928819141  0.662869087300101 1776585329.58178
-0.108557517670255 -0.121755402314112 0.0610095575888826 0.174158774549519  -0.842471615492642 0.00888080926965006   0.517020599739468 1776585329.60776
-0.378724175827138 -0.199929136083619 -0.027189854403111 0.429118805220128 -0.604510489265449  -0.17016870111457    0.5622856704952 1776585329.628
0.0629460584986286    0.3183221222191  0.323089934451043 0.457906415677007 -0.644250234400314 -0.218393142285941  0.614857093906009 1776585329.64411
-0.0340650147861905   0.216730196994056   0.239768143299324 0.324994101581353 -0.832608354706613  0.218927788880054  0.660204441553076 1776585329.66198
-0.253759544569939  0.128576276033878  0.103354870547399 0.302668125981169  -0.743461029495676 -0.0684311223356718   0.735312186393472 1776585329.67999
-0.0677223950624466   0.168371230363846   0.121664352715015 0.218488921295321 -0.683713999557585 -0.108297287999523  0.660470182278011 1776585329.70616
-0.139095112681389  0.142804890871048 0.0225947555154562 0.200627042557436  -0.634217345217221 -0.0626949874297879   0.712317696182685 1776585329.72846
  -0.11231002841466    0.11464758633172 -0.0128799543056076 0.161007778560868 -0.633751673644736 -0.111445269519461  0.768283431732562 1776585329.74446
-0.0705013953522181   0.105639153415211 -0.0506821794975457 0.136743412270989  -0.605685826810735 -0.0907208662364275   0.827135871867678 1776585329.76376
 0.0102427216487075  -0.159623471202095 -0.0420636402636505 0.165390192386395  -0.62428531735459 -0.059519641082844  0.832116272031302 1776585329.77973
  -0.109115876190609 -0.00650947058891251   -0.111472089242531 0.156123906959463  -0.568023457875835 -0.0365222058962067   0.780704683968383 1776585329.80261
-0.117833112638538 0.0538997218888902 -0.117890106637198 0.175179621236935  -0.585969396015623 -0.0631644312716258   0.821422954149345 1776585329.82394
-0.0598262773710576 -0.0556508489666004 -0.0920560412470583 0.123087429028566  -0.550132133828792 -0.0515411334454805   0.869930477067947 1776585329.84009
 -0.101810857653618 -0.0926185622811317  -0.111628569662571 0.177213392214304  -0.539601786180503 -0.0507523078568113    0.80362425746299 1776585329.85584
 -0.103702966283292 -0.0557265903479528  -0.151994442972478 0.19225521782848 -0.528517644760194 -0.059617015234934  0.855420141739094 1776585329.87407
 -0.083103308852516 -0.0518256056587903  -0.141776707825331 0.172315664482155  -0.489582373307244 -0.0257584845280337   0.798142439206945 1776585329.89914
 0.0217598248273134  0.0394742339849472 -0.0679527223110199 0.0815431026800692 -0.541564389346826 0.0059851914344884  0.818181941428195 1776585329.92713
 0.0354438263452665  0.0585829522912895 -0.0478016554780604 0.0835058404640065  -0.564238255412565 -0.0167057517170214   0.832779863934945 1776585329.94943
-0.0760351414017814  0.0242384183130048 -0.0789573895171703 0.112263587194029  -0.58104169979764 -0.025283558689734   0.82430600888171 1776585329.96027
-0.0470770876319362  0.0112305722399728 -0.0291798130475271 0.0565140639330678  -0.583937005305855 -0.0292651794333433   0.812053809480125 1776585329.97976
-0.00554702634152471  0.00352810599461813   0.0186975206756674 0.0198195437021098  -0.566336833877505 -0.0233166396541615   0.794259751270157 1776585330.00445
 0.0186419592463406 0.00529128690081384  0.0312633006418049 0.0367819837505922   -0.56767124672458 -0.0587160554526867   0.817703746267939 1776585330.02823
 -0.0213997734128699  0.00485641246720458 4.11959985622967e-05 0.0219439454356798  -0.565273141817341 -0.0543035627841121   0.812371209708769 1776585330.04476
 -0.0189336838533402 0.000221308601823024  -0.0122726747052508 0.02256439465566  -0.550760884154338 -0.0670092988092062   0.819097231116766 1776585330.06186
-0.0239523366917006 0.00543287438138121 -0.0131811539924027 0.0278742421889437  -0.544662090132133 -0.0622015068572708   0.805761568236134 1776585330.08007
-0.00387699213567078 0.000114594381601391 -0.00407055897864109 0.00562260173682463  -0.552843563571218 -0.0708389201466497   0.818168737378374 1776585330.10411
 -0.0136079606433287 -0.00727508830061556 -0.00622854447846114 0.0166402604839079  -0.560887273187138 -0.0785647663785079   0.825733894122749 1776585330.1287
 -0.0109757579785021 -0.00191927386341266  0.00661578960716724 0.0129583775022853   -0.55267924954453 -0.0719950656426178   0.817035344170834 1776585330.14715
-0.0092620436739749 0.00612832195971348 0.00258068351315262 0.0114018292591839  -0.549692743366818 -0.0659966959694379   0.819181094200501 1776585330.16196
-0.0290104975910081 0.00363947135017556 0.00836208499415475 0.0304101823019216  -0.546578237134136 -0.0675447220050514   0.820681758131123 1776585330.18041
-0.00503136261732657  -0.0055342748581155  0.00837397900805351 0.0112279264523563  -0.553026989395575 -0.0694345679078203   0.823458390838118 1776585330.20398
 -0.0190710870467104   0.0121155332281547 -0.00208175731412952 0.0226897822832361 -0.553376678852475  -0.05994405501176  0.815662900304138 1776585330.22681
-0.0194674372386083 0.00240201057946207 0.00437924060043666 0.0200979729251364   -0.55095459158151 -0.0520488821379529   0.822685128372019 1776585330.24477
 -0.0163369302486302 -0.00612446939527283  0.00260749783273129 0.0176409597321104  -0.561228346989094 -0.0588651474253866   0.811877287856354 1776585330.26197
 -0.0171213045647609 -0.00615607911209554  0.00608349887709366 0.0191845077763617   -0.55787624546124 -0.0570733757592723   0.813914282469228 1776585330.28209
 -0.0209562145816857 0.000786987683081923 0.000118741885686012 0.0209713227728342  -0.564910423445411 -0.0702876718009816   0.818506551397293 1776585330.30371
 -0.0283076073974371   0.0055248234448998 -0.00204538355811339 0.028914147135348  -0.562111900790796 -0.0603807444417699    0.80830989337138 1776585330.32796
 -0.0132115816694999 -0.00145302420130469  0.00137776066202781 0.0133624621227255  -0.560173884997132 -0.0626481655382819   0.820309020865286 1776585330.34463
-0.0262740760929352 0.00522410539382413 0.00655112265404641 0.0275778091902075    -0.5659461272797 -0.0692729402382872    0.81690717145049 1776585330.36186
 -0.0157538878870595 -0.00381918916642856 0.000262443368996652 0.0162123430129311  -0.549159626221357 -0.0735853022167303   0.815436197324639 1776585330.37836
  -0.0268042667475691   0.00917882209040542 -0.000870990655379329 0.0283456895411615  -0.550130537854392 -0.0688692316497411   0.816304191797478 1776585330.39969
 -0.0125807938753502 -0.00120520893663044  0.00341999344527721 0.0130929468906248   -0.55637924769814 -0.0713527775768174   0.823992012697002 1776585330.4269
 -0.0139514265982347 -0.00587055691855761  -0.0101976512963729 0.0182509680461715  -0.544907788761076 -0.0606953999731387   0.813241108313739 1776585330.44412
-0.0176549628376961   0.021675215861865 0.00638935447854142 0.028676410969843  -0.567125087175292 -0.0641068238496692   0.821124212330664 1776585330.47026
 -0.0176549628376961  0.00920284166445691 0.000416395623892366 0.019913899487973  -0.563090191479279 -0.0651085792899469   0.824606557775995 1776585330.4761
-0.00913284718990326  0.00108771308236181  0.00543953396553323 0.0106855298093194  -0.547766949180031 -0.0657287095471499   0.816066514667077 1776585330.499
 -0.0173630036702948  0.00775423693978453 -0.00184684276142737 0.0191053111766971  -0.552352231806333 -0.0628571444097753   0.806745508109536 1776585330.52449
 -0.0215823438251465 -0.00207108352333307 -0.00150841638334722 0.0217338968418692  -0.566026397790021 -0.0648062208938979   0.819389956781909 1776585330.546
-0.0153038723783804 0.00221907003766212  0.0070860080279062 0.0170101232028858  -0.558046324929009 -0.0592369429591923   0.815476982822186 1776585330.56207
  -0.0283214600079787    0.0111859357651434 -0.000643922912127744 0.0304572633807145  -0.559373689562856 -0.0607686120976691   0.813035248997953 1776585330.5815
-0.0187859442798294 0.00948253521165721 0.00768105499446392 0.0224015352677703  -0.562494020507594 -0.0552391808421194   0.819382820228714 1776585330.59874
  -0.0214120039859263 -0.000437976351605365   0.00467673920032371 0.0219211684799359   -0.54351389537523 -0.0626174431411186   0.809546402889832 1776585330.62577
-0.0158144465117717  0.0095799277937167   0.011596320830292 0.0218253612067608  -0.551039943598702 -0.0647161981169644   0.814054901200782 1776585330.64561
-0.0206765442850432  0.0103065495457029  0.0065186849284653 0.0240049515789135  -0.559480123013476 -0.0626178075829327   0.825330830541667 1776585330.66189
-0.0243577464823201 0.00821052306791397 0.00717834143368899 0.026687845332367  -0.552305580460061 -0.0680261016168194   0.818159055986529 1776585330.67692
-0.0250435275034613 0.00746508238438564 0.00555052421987057 0.026715427077583  -0.547715688981552 -0.0642585964013238   0.811666432984934 1776585330.69879
-0.0167688498694976 0.00432050321251154 0.00943181950121187 0.0197185266452266  -0.564739147587831 -0.0736555607556626   0.823428578021227 1776585330.72503
  -0.0239465948618827 -4.05087312898937e-05    0.0087463166564703 0.0254939032219805  -0.552357396462735 -0.0681633417812765   0.815061611327058 1776585330.74684
-0.00689130794504948  0.00641402868015789   0.0035495055488599 0.0100612563203994 -0.555486730814462 -0.063592118598517  0.814984956230695 1776585330.76402
-0.0248795230269226   0.016666315403405 0.00419852726493188 0.0302387891021999  -0.553848770847189 -0.0606410494563817   0.813960344021149 1776585330.77767
-0.00986136878374964 -0.00100256409263238  0.00263643411919475 0.0102568276730089   -0.56436252030981 -0.0638869147579139   0.814715190741069 1776585330.79828
 -0.0192917657476816  0.00374896552326433 -6.1567752666965e-05 0.0196527544824184  -0.549398244350517 -0.0557095107631196   0.815264774982427 1776585330.82463
-0.0231704133467139 0.00529120401957328   0.010593156401653 0.0260207581977199  -0.565998049944372 -0.0515439171401861   0.830676371762741 1776585330.8446
-0.0222213638472235 0.00477737260367926 0.00189786199267857 0.0228082042337474  -0.558047294549913 -0.0648462513194182   0.814396398079269 1776585330.86187
  -0.017502818452673 0.000516005135818941  0.00473891794151018 0.0181403489035848   -0.54113097797454 -0.0590823699352031   0.811931397455707 1776585330.87756
 -0.0262027718496128   0.0154403624875102 -0.00104897706602627 0.0304317334247266  -0.560359942651128 -0.0672565617614319   0.820240969640191 1776585330.89753
-0.0311929551824016 0.00445442812564443 0.00235473178327084 0.0315972648295543  -0.549077197771683 -0.0615674028707102   0.813942945280617 1776585330.92441
  -0.013641167603824 -0.00315159023702382  0.00914007532506565 0.0167198968766436  -0.548585283525979 -0.0663723090622283   0.818387304255729 1776585330.94546
-0.0198754785676702 0.00609691548588012  0.0130973631610378 0.0245712830049225  -0.566469141367876 -0.0716016892073066   0.818531356286317 1776585330.96191
-0.0167356682167322   0.010728727823854 0.00424966771180203 0.0203284988880048   -0.56263187892799 -0.0798569815899546   0.813479868912011 1776585330.97787
 -0.0122614400647086 -0.00703900803585528  0.00652619016533017 0.0155718240634592  -0.547643927584903 -0.0582486588727373   0.804249131399746 1776585330.99867
  -0.0106159416640923 -0.000457671527774238   0.00896557697796439 0.0139028504699774  -0.570680767935766 -0.0628674900159804   0.830218764081596 1776585331.0255
-0.0101133011880476 0.00560292797474971 0.00473969214285517 0.012495452949751  -0.560808959955282 -0.0575989522333927   0.810230097850026 1776585331.04608
-0.0214522181110315 0.00892941294932869 0.00637303169566012 0.024094555619409  -0.544114522959054 -0.0560955484037687   0.802760837327364 1776585331.06182
-0.0195907865534287 0.00945212029616648 0.00235473178327084 0.0218788998271474  -0.560428537708132 -0.0567292391060438   0.818779267654764 1776585331.07801
-0.0183984589184688  0.0135699305254308  0.0114689787338977 0.0255770166015937  -0.561188406431404 -0.0564986933344276   0.831519927764815 1776585331.09821
-0.0224419350056229  0.0176698983319708 0.00616409087794142 0.0292209132336809  -0.542646197765552 -0.0615253140697265   0.809810678992574 1776585331.1246
-0.0144322993908189 0.00986346154641585  0.0104704448494216 0.0203766865493052  -0.565286532355878 -0.0722558738047376   0.820783467716237 1776585331.14596
-0.0197854917496443  0.0153544777789024  0.0121203391205239 0.0278231610719298 -0.562128642511531 -0.071145396668058  0.822871733385765 1776585331.16185
-0.0309817530449694 0.00605568061103142 0.00116316850879077 0.0315894484026254  -0.555877754601105 -0.0737550619657451   0.809347106549104 1776585331.17805
  -0.0198999744825406   0.00617938043574463 -0.000569410827258935 0.0208450942829633  -0.558260424693556 -0.0690140708696249   0.817626329959918 1776585331.19795
 -0.0233806718228897  0.00598100079523151 0.000615893851522936 0.024141406558827  -0.560014328680704 -0.0636465991134159   0.819805346716336 1776585331.22438
-0.0177548513484682  0.0101692207585033 0.00770152612422779 0.0218623260858386  -0.555849054036227 -0.0567797378848738   0.804325206930183 1776585331.24582
 -0.0252101306663092   0.0113948990926878 -0.00113601081685002 0.0276890760792216  -0.556980340690441 -0.0611525645195309   0.821225220700766 1776585331.26185
-0.00823851174758669  0.00449937026969944   0.0107059174860835 0.0142384717528887  -0.567292926156358 -0.0548132926788876   0.822229830998993 1776585331.27782
-0.0155244339257479  0.0116177067389673 0.00334017074414025 0.0196757693416946  -0.55176974261942 -0.054485312575828  0.814506491591254 1776585331.29757
 -0.0134274380960449   0.0127084874333292 0.000525998778201314 0.0184953621586838  -0.550992370670461 -0.0552686612490173   0.820271585650248 1776585331.32406
 -0.0240465495735407 -0.00653816175823683    0.008167651107829 0.0262239323936903  -0.564254648531407 -0.0584496295944548   0.817687653146555 1776585331.34524
-0.0116370673463031  0.0131993302001436 0.00448525883257389 0.0181593282075632  -0.548813731475616 -0.0579087570795185   0.806060571983104 1776585331.36352
-0.0320183921142658 0.00156211415496369 0.00338471602300704 0.0322346697946856 -0.546793033283298 -0.061148080189468  0.813246033755164 1776585331.37779
 -0.0196079373842208 -0.00258152145564219  0.00410798812952725 0.0201992828576116 -0.562618913440271 -0.075071867842637  0.820315387178871 1776585331.39631
-0.0191690092842283 0.00567590295424205 0.00372823707168399 0.0203363355339029  -0.546316662734869 -0.0735297580249095   0.805327185221765 1776585331.42301
 -0.0240465495735407  0.00964682549238205 -0.00190632790327072 0.0259794510055161  -0.563030939752969 -0.0578631597856942    0.83215447756541 1776585331.44435
-0.0167765312498517 0.00412385358685506 0.00411159495895964 0.0177584735348962  -0.576301950453743 -0.0651410926315018   0.813290559881418 1776585331.46183
  -0.0131511617122151 -0.000800188545930935   0.00599889786310774 0.0144768826638151    -0.552061148257 -0.055090384266194  0.804536463531432 1776585331.47825
 -0.0165896974503994 5.94453886151314e-05  0.00981158204376698 0.0192740431008023  -0.550160613102452 -0.0577387042405208   0.805024893904234 1776585331.49643
-0.0160434590141458 0.00788515390823699  0.0126113043897586 0.0218772308052529   -0.56140956506957 -0.0516944449628581   0.832101130758984 1776585331.52267
  -0.033477293096152  0.00106775142194116 -0.00285767458262611 0.0336160014005966  -0.549631835671465 -0.0526946831907604   0.800710937575671 1776585331.54415
-0.0180564348138468  0.0147576025210713 0.00621431576837139 0.0241337811133204  -0.557208432717207 -0.0563915085086604   0.791234055370176 1776585331.56186
 -0.0240465495735407  0.00325523875653744 -0.00297159142792225 0.0244471569179182  -0.560199234492938 -0.0674175074639813   0.857011262617327 1776585331.57789
-0.0229812860488892 0.00538576766848564 0.00768105499446392 0.0248222603255173  -0.561710428516628 -0.0597066458518873   0.793614315578253 1776585331.59658
-0.0159525231182184 0.00810974329132098 0.00563320204775629 0.0187612338453329  -0.551586792897153 -0.0670934895821129   0.819097826767348 1776585331.62243
-0.00806758180260658  0.00218997430056334  0.00661578960716724 0.0106607005260057  -0.565165508322077 -0.0617940011470323   0.819716067189823 1776585331.64438
  -0.02765357251756 0.00270824331297656 0.00598654725018257 0.0284234657071389  -0.563760617132227 -0.0686951130140949   0.817066949281409 1776585331.66207
 -0.0332639004858375   0.0148035524041949 -0.00500961327483356 0.036752257950755  -0.555728015580043 -0.0738030208547264    0.82578615172009 1776585331.67854
-0.0187202282249928 0.00218997430056334 0.00661578960716724 0.0199752748256249 -0.554811381797897 -0.066559753917013  0.832374183589744 1776585331.69613
 -0.0267352672990122  0.00208774991043441 -0.00621849699090902 0.0275282204667155  -0.569073834012672 -0.0571907358566369   0.818598642149655 1776585331.7212
-0.0197459126137425  0.0137693563406224 0.00981158204376698 0.0259954492399375  -0.550138657997462 -0.0533102829718637   0.809186527033439 1776585331.74412
 -0.0257374779133559  0.00476010370777916 0.000224201008677483 0.0261749235479607  -0.557730074909319 -0.0560973995869221   0.822169975932255 1776585331.76206
 -0.019954893048951 0.00391001041333497  0.0143397542764604 0.0248820113884855  -0.560768636245819 -0.0641624439119281   0.818371220398525 1776585331.77791
 -0.0185871074894907   0.0166376043583034 -0.00250552003334751 0.0250712599253972  -0.548295528374754 -0.0523053409080031   0.813645218455399 1776585331.79582
 -0.011967521113031 0.00587329155434825 0.00543316661540585 0.0143957082057112   -0.55405859024688 -0.0633944086174221   0.818262098713813 1776585331.8187
 -0.0317189772808834 -0.00600877797092733   0.0012355724528063 0.032306741892912  -0.561778830905874 -0.0677212548552614   0.815702532586204 1776585331.84378
-0.0203419173195876 0.00841723602814845 0.00456742385845779 0.0224834344194411  -0.555761114437114 -0.0656674894612188   0.811087319627942 1776585331.86185
-0.0236854250372175 0.00976418212723759  0.0105247779368995 0.0276967428126226  -0.564706910656136 -0.0669035708192272   0.820593415142708 1776585331.87802
-0.00442410055369315  0.00216299551315826   0.0086478863593067 0.00995174124375296  -0.571720932087796 -0.0674719549979025   0.815996984248414 1776585331.89563
-0.0177059908168665 0.00700838870770402 0.00991284934336896 0.0214682138332364  -0.553420878163809 -0.0654563331506657    0.80661814120651 1776585331.9179
-0.0170280673927572 0.00586924213159801 0.00356341815239397 0.0183603113061957  -0.567608337862003 -0.0635123606610613    0.81878752754992 1776585331.94286
-0.00877985695913399  0.00147140631169222  0.00244612474866076 0.00923225059467906  -0.56246660267949 -0.061828772585028  0.814507931949115 1776585331.96187
 -0.0219160206615925  0.00344397385606266 0.000899897793107991 0.0222032144879662  -0.554097611553093 -0.0516302056769013   0.816844253615734 1776585331.97803
 -0.026751550481148 0.00981042324191867 0.00186393839163332 0.0285545814828163  -0.550496510618847 -0.0574521003968396   0.812761177105077 1776585331.99456
 -0.0258089602563177 -0.00272587910636303  0.00469049420036854 0.0263729706756441  -0.556013308332503 -0.0556242194454139   0.823101744282191 1776585332.01764
-0.0268088770711964 0.00937605463611809  0.0038534602468664 0.0286613929569407  -0.549617392501497 -0.0545076738843887   0.815757330123714 1776585332.04387
 -0.029941022033728  0.0164386966028198 0.00328440646513993 0.0343144703041151  -0.556074143791343 -0.0613512026263866   0.817619303516412 1776585332.06188
 -0.0289081807257865  0.00775222574085485 0.000817608075132151 0.0299407481499115  -0.562439070026328 -0.0725643301513813   0.820390924102566 1776585332.07773
-0.0116103469755677 0.00439760785111516 0.00961882044725793 0.0157054391375043   -0.55448034420665 -0.0676444645937838   0.807834411016751 1776585332.09405
  -0.030891202223869  0.00748093357090697 -0.00239475591141705 0.0318742152500036  -0.567323319717475 -0.0685567656481453   0.821213779472848 1776585332.11614
 -0.0304306715367705 0.000275484040366322 -0.00531815992294422 0.0308931139026373  -0.567459749135152 -0.0658016115121344   0.812499062361096 1776585332.1419
-0.0203452312115605  0.0014625645503035 0.00728898488956883 0.0216609517066084  -0.553066906738031 -0.0588634209920193   0.807441355498306 1776585332.163
 -0.0233886612943028  0.00914579898670384 -0.00449105711559616 0.025511658320469  -0.561655747115018 -0.0693806084310278   0.814813025554956 1776585332.17776
  -0.0112633761018515 -0.000901203568713561   0.00868354737557537 0.0142506071487457   -0.55198188725615 -0.0635256551904323   0.821997951478951 1776585332.19412
 -0.0152154327509557  0.00414837225005754 -0.00276559070476051 0.016011460834982 -0.551825868507862 -0.055479969278744  0.817366707755293 1776585332.21597
-0.0187562270551443 0.00988245154700366 0.00228272945061783 0.0213229865560085  -0.555933541738833 -0.0551874317728491   0.821795220434571 1776585332.24187
 -0.0198196093647958 -0.00193461294341575  0.00706312631080819 0.0211293018317303   -0.55142848886082 -0.0539877178199677   0.819579390370259 1776585332.26193
-0.0258609828784503 0.00767434438395315 0.00511745004665109 0.0274567713350092  -0.554225050731128 -0.0629231968486827   0.807728482075533 1776585332.27811
-0.0270890258752893  0.0156704490985751 0.00871565314275691 0.0324860109512999  -0.554651847584592 -0.0633200517518141   0.819760309616233 1776585332.29447
-0.0167978977777334 0.00384790357957809 0.00128946639597416 0.01728115896852  -0.563523918825261 -0.0676588324343724   0.817094216851421 1776585332.31574
-0.0243425557735533 0.00511990004912666 0.00244335305546723 0.0249948669181347  -0.558134643052978 -0.0692770855386355   0.804400588098387 1776585332.34064
-0.0160514903395367  0.0102248383286258 0.00172576362433995 0.019109576684319  -0.563721627295022 -0.0656357689743539   0.819602629629462 1776585332.36185
-0.0235921596109525 0.00363590554266826 0.00212452281188983 0.0239650454078874  -0.567446791501249 -0.0692991383527157   0.823504364628484 1776585332.37673
-0.0095214018754498 0.00201526830835906 0.00100131173856955 0.00978371224159278  -0.554242277166128 -0.0604767421818019   0.814582971421897 1776585332.39211
  -0.0132360945516168 -0.000926913836267518    0.0104034159065469 0.016860736364815  -0.559571617736946 -0.0602698617599004   0.815887729396047 1776585332.41381
-0.0227880891533493 0.00131790602885197 0.00661578960716724 0.0237655750127823  -0.553855661606643 -0.0562800689388141   0.821031759986837 1776585332.44005
 -0.0257734333545178  0.00460072291854404 -0.00549464352853296 0.0267512172762032  -0.548537911381873 -0.0596294770193966    0.81766207008162 1776585332.46548
-0.0252063475997481 0.00511486497382682 0.00381082768754433 0.0260008501915603  -0.553894970959938 -0.0600925989610199   0.818805316655923 1776585332.47605
-0.0207510913676404  0.0123870830931108 0.00149114382697198 0.0242130363733363  -0.561193554375998 -0.0528247094999684   0.818068369215548 1776585332.49206
 -0.0192686711126015 0.000671133312132599  0.00974833839101899 0.0216046802279986  -0.552717965620734 -0.0593349487178233   0.812420221677601 1776585332.51277
-0.0261310365544736 0.00415063268596856 0.00431538815751919 0.0268082337735092  -0.562543479177094 -0.0714290479514468   0.822065532026838 1776585332.53969
-0.0178930138717432 0.00201442002063077 0.00590163277973569 0.018948538278737  -0.563011350257263 -0.0689333296931294   0.813599868992874 1776585332.56019
-0.0193259815148298 0.00168171623262406 0.00133821475868862 0.0194451163467588  -0.555642822811806 -0.0657724747387552   0.815854861653082 1776585332.57631
-0.0238093109018781 0.00530668811126477 0.00551098440669192 0.0250083020907724  -0.559170157447009 -0.0686590382014501   0.811510787518691 1776585332.5957
 -0.015475437407212 0.00623054779104833 0.00545253118279883 0.0175510394284916 -0.568848523365137 -0.063428167009114  0.818636793105372 1776585332.61395
-0.000373620313611251  0.000849813546081319   0.00685289811079773 0.00691548897178076  -0.546107031772728 -0.0576023650962908   0.811452183976208 1776585332.64145
 -0.0301958270553739  0.00769591335448741 -0.00317210619930856 0.0313221536880451  -0.564527173149795 -0.0543187827450324   0.822372038336402 1776585332.66192
-0.0147316881997748  0.0014653581826364 0.00428086988930892 0.0154108974050182  -0.550725448024083 -0.0543188889520113   0.817365576816253 1776585332.6788
-0.0209166508306017  0.0138200225830722 0.00764444634922684 0.0262094804632244  -0.540822294096913 -0.0564921472372896   0.808982220207139 1776585332.69407
 -0.0183131611123177 0.000475127050539636  0.00292634717488461 0.0185515800790071  -0.557243810376048 -0.0527286609913395   0.815413755717153 1776585332.71586
-0.0212961740950925  0.0070127359453661 0.00711935068248002 0.0235242566443246  -0.556426669020174 -0.0587965980649062   0.820070425922204 1776585332.74168
-0.0265348667535993 0.00776022232474548 0.00986851480573706 0.0293548597106475 -0.553349751441265 -0.065189611213566  0.808988846140675 1776585332.76191
  -0.017383256244376   0.0157432911823574 0.000904394373927595 0.0234701245010272  -0.563376691657067 -0.0692600664763674   0.812616529500424 1776585332.77798
 -0.033633928745985  0.0117172578035685 0.00132380731069517 0.0356410964915662  -0.565849878505699 -0.0772882482450923   0.822842132270668 1776585332.79426
  -0.019978353425762  -0.0012362136104088 -0.00846488769037761 0.0217328588387705  -0.564413757319369 -0.0683109134161804   0.811804939348792 1776585332.81546
  -0.0185534850723136   0.00621947698010344 -0.000597136536854292 0.019577289758244  -0.556959889999154 -0.0634906853960426   0.812860300187278 1776585332.84086
 -0.0294296105600335  0.00420915377132889 -0.00140206370508751 0.0297621359418146  -0.562215697045629 -0.0610432718716841   0.821933159086181 1776585332.86181
 -0.019709315276381 0.00123635485879929 0.00382586836376859 0.0201152417519041  -0.547684553008508 -0.0579015603499056   0.807640972107121 1776585332.87785
-0.0240151208197542 0.00450907592757003 0.00454811645005515 0.0248544393811497  -0.550194019870645 -0.0549058360207886   0.819492732525568 1776585332.89414
-0.0166781058605228  0.0036972804206931 0.00457366724269726 0.0176846693395994  -0.570270202897939 -0.0551867442028249    0.82188486292871 1776585332.9148
 -0.0241205356556046 -0.00178627112165421  0.00729082862615566 0.0252615753049829  -0.539813875738283 -0.0530908882439023   0.810355051168283 1776585332.94052
-0.0262651272233871  0.0113988079525709  0.0049958793225032 0.0290645581594718  -0.560632347650308 -0.0580719927680222   0.819397681593402 1776585332.96151
 -0.0354335537711722 -0.00799388711418559  0.00658821410394181 0.0369167107029902 -0.568016008092905 -0.067996823406561  0.824737950126165 1776585332.97972
-0.00963911637612023 -0.00531960293791112  0.00640484407602575 0.0127370627527552  -0.549858858365138 -0.0656273147673247   0.815722899493663 1776585332.99444
-0.0228693002914056 0.00958709975853856 0.00553559277335568 0.0254078760417136 -0.552117393926143 -0.070486794397347  0.806171856771289 1776585333.01408
  -0.0336888876607842  -0.00105302159987697 -0.000793859550440438 0.0337146884798981  -0.570405883352639 -0.0652815877985187   0.819596974672882 1776585333.04142
-0.000809405264977187   0.00218997430056334    0.0116592402358792 0.011890710962682  -0.558016069953796 -0.0748804982340588   0.809359566667698 1776585333.06005
  -0.019967183019675 0.000924172154328456  0.00913797085660651 0.0219782848122464   -0.55088406512873 -0.0560835227039911   0.811222681850581 1776585333.07791
  -0.0144094928908873 -0.000590557899412063   0.00281966766745907 0.0146946510594843  -0.569105107583632 -0.0660351625119043   0.820160346662585 1776585333.09397
  -0.0183385229535673 -0.000322258951487776   0.00316365847652703 0.0186122005659306 -0.550687131003692 -0.054367299798891  0.817458543664846 1776585333.11377
 -0.023492117574804 0.00759243279155142 -0.0049934470409782 0.0251884723076588  -0.547470554289267 -0.0556252938507028   0.823232124491307 1776585333.14003
 -0.0148379360553888   0.0196365625941656 0.000745038527176878 0.0246234445052955  -0.572489105921104 -0.0501348685445735   0.806106229515967 1776585333.16203
-0.0274031547443705 0.00608942434644996 0.00128946639597416 0.0281011868504054   -0.54443608849499 -0.0510279341437132   0.819100795976475 1776585333.17794
 -0.0251118130981922 -0.00420161243528128  0.00981158204376698 0.0272859642735312  -0.553924005803072 -0.0577452225298382   0.786594220057319 1776585333.1945
  -0.027583050676961   0.0182681311817051 0.000564909675498044 0.0330887960563883  -0.567404870615252 -0.0581212351442327   0.812980546729156 1776585333.21289
-0.0187202282249928  0.0100811584088905 0.00274906460336979 0.021439077775279  -0.560740696546793 -0.0652926849703133   0.814760938968197 1776585333.23909
-0.0239487431026408 0.00698553407813097 0.00564085256468065 0.0255765361260957   -0.55686400399623 -0.0670190478137826   0.800172142069439 1776585333.2609
 -0.0327133747786307  0.00825273988308652 -0.00547034199119679 0.0341789006038183  -0.569464018663899 -0.0766489180930734   0.827612564296818 1776585333.27798
 -0.0197854917496443 -0.00846267025917768  0.00661578960716724 0.02251335478815  -0.567876017769377 -0.0745633783370252   0.828241267290692 1776585333.29538
 -0.0239384073668586   0.0127104459729549 -0.00605924353099002 0.0277725982986994 -0.548240654966325 -0.065258439344483   0.79915566847446 1776585333.31401
 -0.0225416411662894   0.0102096395931232 -0.00290878507887587 0.024916327131548  -0.568412375926972 -0.0656371074836535   0.825114635539819 1776585333.33923
-0.0177727804022037 0.00746650369615612 0.00742718478810131 0.020658738454859  -0.552632032177628 -0.0513631938481602   0.829299826249541 1776585333.36179
-0.0280944522975497 0.00368180866899504 0.00299393960537907 0.028492413715497  -0.54617032778815 -0.054075571671743  0.835619751664725 1776585333.37949
-0.0160324184976444  0.0181196486219616 0.00240402430148412 0.0243133593299875  -0.557626836613994 -0.0575772848296996   0.822339200297637 1776585333.39454
 -0.017547734493878 0.00768279394348993 0.00427996526586698 0.0196282044854538  -0.562640732820141 -0.0547097393682138   0.847426168239117 1776585333.41392
-0.0259533274903879 0.00851827886125734 0.00695631026060076 0.0281873470731675  -0.548450132030589 -0.0570040986837483   0.790454553478668 1776585333.4396
 -0.024350342796521  0.0118786188119904 0.00555052421987057 0.0276559053061733  -0.565922643869222 -0.0659822325323918   0.819196370201771 1776585333.46204
-0.0152199386961444 0.00455458605139482  0.0102916402315303 0.0189290424128958   -0.57372282557913 -0.0730763339923729    0.82082199026551 1776585333.4786
-0.0161425509478575 0.00681927168948783  0.0027624246560865 0.0177402200510529  -0.549278081434024 -0.0709608266894504   0.809433100697569 1776585333.49567
-0.0259063065631359 0.00312889614403724 0.00432274402504215 0.0264501952115554  -0.559302791715228 -0.0639669939156593   0.809354331012926 1776585333.51257
-0.0180549453814748 0.00707277555568131 0.00152573942913017 0.0194507862975943  -0.567000622998571 -0.0597333659554647   0.820436117286297 1776585333.53613
-0.0142600347430719 0.00408657307457729 0.00117250011932972 0.0148803033200707  -0.547422023024267 -0.0635097124523108   0.808001137125591 1776585333.56013
-0.0217118227096232 0.00366363466047591 0.00757895592921782 0.0232866063924432   -0.55557151591149 -0.0517712240617474   0.818063285565936 1776585333.57942
 -0.0269006166675708  0.00454197890914131 -0.00616738572716713 0.027969794354166  -0.567295325751013 -0.0585365638283183   0.826361912353575 1776585333.59563
-0.0148689351258972  0.0125352955271441 0.00550967292810206 0.0202132471786608  -0.545984030047768 -0.0549751253865276   0.818968104186388 1776585333.61375
 -0.0288112042296758   0.0177364281627117 -0.00199993896411228 0.033891977354461  -0.554534994437872 -0.0579904059359572   0.817390591619049 1776585333.63819
 -0.024495238037714  0.0111578067191727 0.00151529792108197 0.0269594040196797  -0.565555867106621 -0.0588292092298102   0.817459113395748 1776585333.66188
 -0.027679769256134  0.0108489775421262 0.00515872852005277 0.0301742012276379  -0.545441159887702 -0.0617946041941752   0.812486002903757 1776585333.68016
-0.0256144775311277 0.00982663539131956 0.00010432894954904 0.0274349249467954   -0.55634289064486 -0.0656608420142321   0.811968169838329 1776585333.69637
 -0.0261770784854889  0.00282071344131384 -0.00104780131817717 0.0263494544527174  -0.564735130380029 -0.0758624612290596   0.820466778239859 1776585333.71551
 -0.0317151865072514  0.00842153410927529 -0.00579398951722231 0.0333218487852806  -0.554673555077083 -0.0603144383889364   0.806078738983338 1776585333.73844
-0.0209630879080028   0.010958842782603 0.00593169758790318 0.024387134436969  -0.563672086462112 -0.0632275671932506   0.816920172399315 1776585333.7608
 -0.0235792588482138  0.00176624538484877 -0.00143903717794382 0.0236890670687993  -0.567969233419444 -0.0609876843940176   0.831567171645838 1776585333.77981
-0.0121298930541624 0.00754174051181923  0.0103569373202823 0.0176430809698672 -0.554365223537338 -0.058214087877589  0.808332103158516 1776585333.79598
-0.0140192833502049 0.00614364238094483 0.00507884062085282 0.0161269733493393  -0.541909835475361 -0.0550911642463645   0.813017393191758 1776585333.81381
 -0.0253718461562732   -0.001672289198915 -0.00437009094967437 0.0257997058791535  -0.568493782211539 -0.0626731344008022   0.823088083377035 1776585333.83441
-0.0237095800340617 0.00551839004835284 0.00614619625662498 0.0251072209243136  -0.543620477401915 -0.0486374169006468   0.809818730981065 1776585333.86199
 -0.0159404186512013   0.0181155502434928 0.000848178278697839 0.0241451757871532  -0.552032819441875 -0.0594615773339011   0.816777666248762 1776585333.88016
-0.0343416064672315 0.00666943059861829 0.00520043457276888 0.0353676654446633  -0.566777886459387 -0.0603277135054397   0.823691181238056 1776585333.89608
-0.0166935510826384  0.0063817963898105 0.00668502528128616 0.0190811827704965  -0.554418785596654 -0.0660489285529214   0.808219918945179 1776585333.91907
 -0.031332932864231 0.00603563385455528 0.00142793323720566 0.0319408915221628  -0.552866634750851 -0.0668009258365432   0.808671744705065 1776585333.93568
 -0.0184551221057691  0.00991192974896057 0.000224201008677483 0.0209496575002903  -0.565135622860936 -0.0628842192507867   0.816525098045066 1776585333.96586
 -0.0116027580905364  0.00393400335822178 0.000944194088793798 0.0122878753333244  -0.554950567826952 -0.0690795210038559   0.804617023957914 1776585333.9805
-0.0215612399976146 0.00787015726416659  0.0038933424049232 0.0232805618634822  -0.552701318047808 -0.0569732320528181   0.811876800844364 1776585333.99667
  -0.0153960042035155 -0.000381262623700078   0.00456332845628467 0.0160625736799193 -0.561100896977833 -0.063792854687259  0.820307026066727 1776585334.0139
-0.0240227744014501 0.00402089192695603 0.00304905694696202 0.0245470570557255  -0.556585199527195 -0.0532797875971074   0.818483459959015 1776585334.03567
 -0.0246473956254253  0.00327265333196986 -0.00125323663801775 0.0248952801353661  -0.547981276066898 -0.0537088426185578   0.815350715345674 1776585334.0619
-0.0211608116219699 0.00658613153377176 0.00540214034290446 0.0228109666030415 -0.568752265400377 -0.058741594231205  0.823056473231718 1776585334.08016
 -0.0288117950474372  0.00518409257322215 -0.00132327639172718 0.0293043582095252  -0.556414810333642 -0.0573431021010118   0.820236633230944 1776585334.09658
-0.0212416198948042 0.00579185190631574  0.0109305107837712 0.0245810502268347  -0.540129132639803 -0.0582070029435382    0.81170164317698 1776585334.11236
 -0.0257609127074387  0.00853185919551808 -0.00158177809864748 0.0271830694883007  -0.564583670817263 -0.0655770605732295   0.821220061157088 1776585334.13244
 -0.0271372802853366  0.00404441305189474 -0.00224838399309772 0.0275289754404277  -0.558901427004014 -0.0640918898628842   0.808573720493379 1776585334.16179
-0.0205387211578959  0.0114787489604289 0.00722643022932115 0.024613452385994  -0.560198742294369 -0.0755076651312542   0.817714723207978 1776585334.18007
 -0.0193871555291053  0.00435293856543035 -0.00271684676982281 0.0200547034392141  -0.573182842368941 -0.0615170335498378   0.820392952395191 1776585334.19653
-0.0154563029397392 -0.0061866007375083 0.00398669212872539 0.0171191426005969  -0.559711711275329 -0.0699326925852065   0.817219149130998 1776585334.21382
 -0.0205957285888468   0.0098566991202657 -0.00190632790327072 0.02291228141691  -0.555238797991769 -0.0569498444697903   0.807553903675245 1776585334.2357
 -0.0164521711265494   0.0019219105072995 -0.00017439897419565 0.0165649657342699  -0.563756174732785 -0.0590598812195323   0.826792729000421 1776585334.26202
 -0.025525295647211 0.00533842355842564 0.00596400526773557 0.0267508662065411  -0.551398591777177 -0.0482165473143861   0.814313650070928 1776585334.28188
-0.0161701525724248  0.0219927934939532 0.00810564437273301 0.028475573226546  -0.549523798053736 -0.0534203747891731   0.808642398527432 1776585334.29786
-0.0292783567309319  0.0159202695099384 0.00237836026908723 0.0334115811015036  -0.549515048542673 -0.0518316831065924   0.820833725618828 1776585334.31419
-0.0190297288732049 0.00415675479106957 0.00570527561059272 0.0202967820398603   -0.56252621543633 -0.0606842956808703   0.815868485218546 1776585334.33585
-0.0197756519574807  0.0152852403106594 0.00357358149480987 0.0252484745360599   -0.55124395679165 -0.0719890175433385   0.812340524184276 1776585334.36175
-0.0165896974503994  0.0126872262778083  0.0054427413697854 0.0215825671721061   -0.56300930914369 -0.0578279112402111   0.818542381935767 1776585334.38158
  -0.0297115710759774   0.00100889647809359 -0.000841062515974045 0.0297405903448829  -0.570941895346585 -0.0723703844465907   0.809008540541213 1776585334.39664
-0.00876763392676112  0.00751629658043385  0.00661578960716724 0.0133091994907671  -0.561154897036378 -0.0668855787363101   0.802503600122584 1776585334.41225
 -0.0222329673568128 0.000992637377996433  0.00072602138604972 0.0222669547425394  -0.559661324405936 -0.0693013169895902   0.816095424800934 1776585334.43148
 -0.0222675089870253 -0.00633214134722948 -0.00161114860494198 0.0232063303940057  -0.562857680181471 -0.0577799176413234   0.817980561897531 1776585334.46197
-0.00492264457005641   0.0234206767114506  0.00341321275693685 0.0241745847639521  -0.555024886927354 -0.0600764655450403   0.814329396065572 1776585334.47839
-0.0182537015749432 0.00651335429216995 0.00754884127579766 0.0207991925307113  -0.550811881763326 -0.0550973941336123   0.818300472382825 1776585334.49749
-0.0168981797865966 -0.0023795655898354 0.00218606571865754 0.0172043510724107  -0.557242234159037 -0.0560216315159579   0.822356621727748 1776585334.51247
 -0.0302332230290483 -0.00530757490075745  0.00864386010587598 0.0318894095834539  -0.553441919453255 -0.0518034276963408   0.811510965983966 1776585334.5343
 -0.0275928876205547 -0.00285046001856591  0.00675873371250868 0.028551235541647  -0.553997470381709 -0.0583034850654926    0.82359039562848 1776585334.56178
 -0.0270800374983762 -0.00471215190966394 -0.00236961857723627 0.0275889089805087  -0.562398959088858 -0.0677929606251251   0.812319164305846 1776585334.58256
 -0.0219770842373579 -0.00164363886667496  0.00655472603140186 0.0229925686613459   -0.54616642379631 -0.0632517435726634   0.814172120613059 1776585334.59891
 -0.0235649763152695   0.0233565947303415 -0.00363554569648921 0.0333774747194555  -0.562698622804942 -0.0667925673084015   0.817650520355432 1776585334.61465
-0.0142496246456931 0.00542767656877097 0.00502195254178903 0.0160540176532328  -0.562239750110528 -0.0621577640760218   0.818174248406432 1776585334.63563
-0.0117090178976698 0.00497878762654859 0.00928861491134196 0.0157533422907467  -0.559383652763286 -0.0671344064048694   0.810498936528213 1776585334.66143
-0.0161897914759634 0.00224585884026124  0.0060622001928105 0.0174328282600176  -0.565951535064959 -0.0666320808204184   0.815818677624097 1776585334.68234
-0.00788200641780367  -0.0123971771530263  0.00726530337285649 0.016389040839337  -0.550402731008612 -0.0569080143686331    0.81895133988649 1776585334.69875
 -0.0302086636937086  0.00129159903289092 -0.00190632790327072 0.030296298062571   -0.54934159802412 -0.0516829537116068   0.811343131163161 1776585334.71432
-0.0168072068055447 0.00524076147398001  0.0026447441722821 0.0178028776653754  -0.548448695601872 -0.0530850884343955   0.816971494380325 1776585334.73435
  -0.0197485596508821  -0.00754513792354262 -0.000841062515974045 0.021157554223622  -0.559647423425451 -0.0566730732676185   0.820529713182015 1776585334.75995
-0.0285905218090669  0.0202494266573638 0.00386938661455501 0.0352481115811838  -0.554869301544457 -0.0541801312059055   0.811978124245127 1776585334.78185
-0.0240465495735407 0.00283019250971957 0.00634622398649937 0.0250304034110847  -0.559917948161899 -0.0578789616591054   0.824545486759662 1776585334.79821
-0.0251659671361112 -0.0135182223494533  0.0118067276998904 0.0309106301515263  -0.563386633762011 -0.0640214426608787    0.82158308256309 1776585334.81398
-0.0234909346954299 0.00510796022943024 0.00353111651805021 0.0242978199523011  -0.561072613524773 -0.0683092981781416   0.806054150897733 1776585334.83416
-0.0204481706584321  0.0121613419001422 0.00390927928364782 0.0241103377124021   -0.56327016835198 -0.0715866384329036   0.818174861028742 1776585334.86188
 -0.0352248344795513  0.00401414450671938 -0.00311777976651986 0.035589645557453 -0.563879637841629 -0.065828192697775  0.816073385373848 1776585334.88211
  -0.0112427292188887 -0.000892261202038265  0.000286141675616653 0.0112817094183657   -0.55952827300367 -0.0677181689056459   0.809288148308565 1776585334.89858
-0.0203196562234742 0.00196367367553049 0.00174513180530171 0.0204887756677167  -0.563254185322718 -0.0630606833877905   0.816346814602122 1776585334.91557
 -0.0135955680223102  0.00476179475566336 -0.00124438965722041 0.014458999438527  -0.562402915554049 -0.0645573816081244   0.820643650659772 1776585334.93588
  -0.0201793791080079   0.00573496362509331 -0.000169686349686154 0.0209791787833347  -0.551711761717608 -0.0502974790324521   0.813683378229295 1776585334.96202
-0.0169380221947074  0.0163954340387987 0.00614362722268415 0.024360849916214 -0.557303241096295 -0.054969260987338  0.831550838438732 1776585334.98373
 -0.017050418961846 0.00998035672837753  0.0104161259196171 0.0223342782819026   -0.54864209605952 -0.0566162195708129   0.843148839373102 1776585334.99858
 -0.0196568557917268 -0.00285036323587046  0.00804571357437703 0.021430120324302  -0.558035427707828 -0.0592097242802164   0.786732775742319 1776585335.01574
-0.0251118130981922  0.0160384122282267  0.0087463166564703 0.0310536934830032  -0.550441089422787 -0.0619137379142293   0.832816710941493 1776585335.03581
-0.0130463002892498 0.00837299784130496  0.0082678778973369 0.0175690309639732  -0.555812621618489 -0.0542143592098303   0.803394390505104 1776585335.06218
-0.0255734907665007  0.0109694184847904 -0.0053329591740247 0.028333231821142  -0.554450537223129 -0.0701717790492121   0.811727462756528 1776585335.08375
-0.0116390479647029 0.00432050321251154  0.0142800728868265 0.0189223324985862  -0.562655120280134 -0.0680746172482941    0.82185219360512 1776585335.09986
 -0.0304381363093853 -0.00207108352333307 -0.00936317816376686 0.031912985355115   -0.57574132680413 -0.0702075443852714   0.801716359486394 1776585335.11623
-0.0187202282249928 0.00538576766848564 0.00341999344527721 0.0197775072580055  -0.547353728460133 -0.0585938275986444   0.807072303035614 1776585335.136
-0.0220425516711567 0.00993522981779167 0.00291387010165004 0.0243531007199749  -0.570965455365748 -0.0631090666945925   0.821713962575027 1776585335.16201
 -0.0213319912241439 -0.00255231854185856 0.000647819704606845 0.0214939026213422  -0.549586772185253 -0.0593704083275143   0.825097575578419 1776585335.18255
  -0.020342367927319 -0.00156269524503371 -0.00162274662019878 0.0204667353506277  -0.540434421164186 -0.0542050295501062    0.80835597989386 1776585335.19956
  -0.0165896974503994    0.0277563203126192 -0.000841062515974045 0.0323471600754731  -0.547370389901398 -0.0555912499956327   0.830114045350718 1776585335.21581
-0.0230217291584636  0.0114942444715558  0.0035008846786253 0.0259687093046724  -0.549513862025373 -0.0494555152019169   0.839011202983848 1776585335.23565
   -0.02422064833989 -0.00266715370049644  0.00579839708104143 0.0250474534349526  -0.552973840013185 -0.0597142803228047   0.810705536890625 1776585335.26188
  -0.03027118582102   0.021483945920968 0.00454090906023292 0.0373968511834768  -0.561821575876638 -0.0700147876092763   0.815458598819855 1776585335.28671
 -0.0240680119792902   0.0127710784537228 0.000252817541337308 0.0272476340663846  -0.565211541703431 -0.0653947189381539    0.82522572743899 1776585335.29883
-0.0276047810697727 0.00506742632580384  0.0065716922070829 0.0288251606403532  -0.557203783907756 -0.0658631716624599   0.809673090550947 1776585335.31566
-0.00990835977706299  0.00926049079647346  0.00467842634940748 0.0143464266063058  -0.565013633741726 -0.0671781648910294   0.807858725343437 1776585335.33792
 -0.0143121164225533   0.0089833465071419 0.000224201008677483 0.0168993330357263 -0.567044459513868 -0.073894262890403  0.819924596282765 1776585335.36247
-0.0199043576486954 0.00189462100712997 0.00128946639597416 0.0200358619917933  -0.550299206149531 -0.0597496075918129   0.809788966059638 1776585335.38191
-0.0111742151930199  0.0136404005897837 0.00026878150206837 0.0176350746220577  -0.557651217795349 -0.0551556734847186   0.816032182542816 1776585335.39882
-0.0279680045441284 0.00564314086394253 0.00729499322612735 0.0294494693188167  -0.562979248464273 -0.0534026319633863   0.828021002582964 1776585335.41591
  -0.0196504865432924   0.00272014443812826 -0.000575978378514158 0.0198462227702128  -0.546517918302116 -0.0608947940471712   0.812664117391656 1776585335.43579
-0.0189140304636534  0.0118749053282498 0.00322619154548556 0.0225646235692747  -0.55701855351559 -0.051439008324627  0.819876263047621 1776585335.46307
-0.0273093035990751 0.00738237708882769 0.00334187375159704 0.0284862365840018  -0.558156650911868 -0.0557676427667552   0.823026259599372 1776585335.48394
-0.0129204532131553 0.00718093612576248 0.00499816580365102 0.0156040256432884  -0.551961379044724 -0.0584347000874651   0.807108209381577 1776585335.50076
-0.0286453920087343 0.00399587918827202 0.00582323918935978 0.0295031464165743  -0.552708047088187 -0.0639257038657219   0.813712611081942 1776585335.51769
-0.0233859180696898 0.00942661505527245 0.00599094547913397 0.0259162818146525    -0.5717736554058 -0.0648060751827011   0.817339690562335 1776585335.5376
-0.0123231241709431 0.00512083065121273  0.0100820366108699 0.0167251235604943  -0.559422739497759 -0.0674321727636999   0.814383529081815 1776585335.56266
 -0.0187277806936638   0.0149353863206027 0.000261963391649921 0.023955461988327  -0.552576213337601 -0.0670349389543709   0.808605382959244 1776585335.58423
-0.0163903214424322 0.00736250671027321 0.00257689991885509 0.01815184715771   -0.56869248455966 -0.0658109308119851   0.814974876292828 1776585335.60063
  -0.011513595963869 -0.00453829796800948 -0.00167818953082958 0.0124890095911183 -0.549789836796715 -0.065658698344192   0.81245851354348 1776585335.61805
 -0.0247774417374784  0.00365175917397423 -0.00245449609490146 0.0251650852412371  -0.550244463865368 -0.0517286216929731     0.8146294786474 1776585335.63661
-0.0228390470106162 0.00668708315767849 0.00581078742936163 0.0244970283924412  -0.562292026313497 -0.0495040648293959   0.828302798637142 1776585335.66184
-0.0209656408751225 -0.0153833888033793 0.00341999344527721 0.0262279069608362   -0.54253191820711 -0.0559023239159771   0.808985007387638 1776585335.68428
-0.0244802629045646 0.00482497976838139 0.00656861309371639 0.0258013639100113  -0.548320709880883 -0.0586832605980978    0.81328388367753 1776585335.70081
  -0.022529912529779   0.0147474619440201 0.000675574527787609 0.0269358681562783  -0.564547890987827 -0.0644045779970255   0.825238204595003 1776585335.7176
-0.0294850542779258 0.00235465470964685 0.00235473178327084 0.0296725055623053  -0.550235255456048 -0.0580413869018393   0.817932948300159 1776585335.73651
-0.0173421557738364 0.00645103212445974 0.00219832811460299 0.0186332720919937  -0.556935054588348 -0.0601920519447764     0.8057720549044 1776585335.7588
-0.0227128327143705 0.00530662498618399 0.00193653990350149 0.0234047692886049  -0.577532858271975 -0.0790410296301862   0.818460737700014 1776585335.78201
  -0.015307196544003 0.000110267658593001  0.00400693608941657 0.0158233359889102  -0.559367714124721 -0.0621129033319083   0.811962661608038 1776585335.80101
-0.0192644606981279  0.0124344453178249 0.00394102635943879 0.0232651362583046  -0.557840519272324 -0.0675603468648034   0.810808675928335 1776585335.81793
 -0.0163915321263003 -0.00155826792088819  0.00243399642279436 0.0166443642998758  -0.567774606763617 -0.0600092520836531   0.830221746980314 1776585335.83623
-0.0163044165285347 0.00378128381636628 0.00190454928663894 0.0168451599464388  -0.548236569298669 -0.0585786937827741    0.81128139200904 1776585335.8618
-0.00913556711469094   0.0117637547803919  0.00554644433387802 0.015893632617782 -0.547680965794101 -0.056571938694333  0.812576080685544 1776585335.88422
 -0.0318867465745193  0.00680258806930504 -0.00437781520730345 0.0328968855294474  -0.562218515339254 -0.0502250630033468   0.830845500912427 1776585335.90228
-0.0237890155704266 0.00567843011511747 0.00580805822298466 0.0251375291288514  -0.555419791303372 -0.0560392754998937   0.819051962416661 1776585335.91826
 -0.0300875526794157   -0.001525959314261 -0.00393282876583852 0.0303818452396625  -0.544811732930862 -0.0574068097430121   0.810480108851911 1776585335.93653
  -0.0320447857264368    0.0169214859890524 -0.000988242006109607 0.0362516427571715  -0.569523847017639 -0.0600681502079973   0.822814856824957 1776585335.9601
-0.0296576584265427 0.00327986573212404 0.00581068381741546 0.0303989846704165  -0.553020779650169 -0.0638486154543327   0.808314656540329 1776585335.98548
 -0.0208507552742958  0.00812475013474634 0.000566809085080331 0.0223849689032521  -0.553235292901523 -0.0662760136789149   0.807999486898428 1776585336.00356
-0.0150931850439932  0.0128554772924361  0.0105936338450948 0.0224787145814101  -0.573826844775171 -0.0664874545543575   0.821330753504815 1776585336.01984
 -0.0115002999652087 -0.00615444844971159  0.00100533688385232 0.0130822336494946  -0.560856125112847 -0.0744739436274198    0.81376752174508 1776585336.03756
-0.0175167484528989 0.00673589330078741 0.00388351894652695 0.0191648233576457  -0.550838442923759 -0.0615472596222884   0.807964358693306 1776585336.06174
-0.0106135263904776 0.00686644686906001 0.00800597770343552 0.014962978113828 -0.573675915276851  -0.05583338156811  0.828222042850783 1776585336.08569
  -0.0120129179837329 -0.000693509949908386 -0.000778600747092064 0.0120580833326813  -0.556636589103386 -0.0584163126059404   0.812110955285747 1776585336.10377
-0.0246475693628813  0.0023267481433341 0.00521726720744684 0.0253009151916379   -0.53139623357223 -0.0509503502140465   0.805811064370629 1776585336.12014
 -0.0174782915745475    0.010357700667402 0.000579638906933809 0.020325073695877  -0.562638862114127 -0.0604200167011537   0.828154018513936 1776585336.13773
-0.0270368340045587 0.00964682549238205 0.00115861675600006 0.0287296715584745  -0.554162898013908 -0.0563867058710788   0.818705136509856 1776585336.16179
-0.0225370639441959 0.00893028258756862 0.00345819491290655 0.0244873091697365  -0.542366668761871 -0.0533118845928008   0.807371936875802 1776585336.18558
-0.0230448184967107  0.0129569782065927  0.0108260214639194 0.0285683335973539  -0.576216121093508 -0.0704499262444758   0.824217795092641 1776585336.20411
-0.0233785799783167 0.00486185297345015 0.00475593380368895 0.0243477827015741  -0.567023300039163 -0.0630835953577874   0.822472116731186 1776585336.22026
-0.0398363131247593 0.00432050321251154  0.0013525344447068 0.0400927417471955  -0.548117548001277 -0.0705286470514751   0.804141422774086 1776585336.23851
-0.0295354189090202  0.0107120908796787 0.00219218193369409 0.0314943728747886 -0.571879555386345 -0.063683778420192  0.824106955591664 1776585336.26196
-0.0030508437432794 0.00887286726933018 0.00599662302872575 0.0111353001249945   -0.55328272815868 -0.0574542646060233   0.806201530418313 1776585336.28768
 -0.033448920606969 0.00313316805630628 -0.0023316712960433 0.033676159562414  -0.545176869198044 -0.0625933277911656     0.8077567477895 1776585336.3057
 -0.0110997646562523  0.00501128720437913 0.000704116401610164 0.012198916131197  -0.560882132216956 -0.0578296047223319   0.827493999973585 1776585336.32163
-0.0270323911982813 0.00837160838812566 0.00341999344527721 0.0285049181031412  -0.568844936571798 -0.0546000884192286   0.826997354227871 1776585336.33856
-0.0192414849172782   0.010236328430531 0.00449284160055814 0.0222531522982082  -0.536609157248133 -0.0501574499515523   0.803041773656322 1776585336.36163
 -0.015429521075102 0.00254339282160976 0.00097038763702382 0.0156678211573314  -0.569775301464331 -0.0601503295048548   0.826004532329775 1776585336.38622
-0.0234416654215176  0.0116328524741356  0.0071574955825014 0.0271305119272178 -0.554562790092681  -0.05370535620243  0.817729261146365 1776585336.40556
  -0.0298044707265771 -0.000721348794193749  -0.00167679352378439 0.0298603157367045  -0.547932014418244 -0.0572192136656699   0.807597498786974 1776585336.42185
 -0.0200422892044232 -0.00360241854874849   0.0096403839401444 0.0225301526507811  -0.558160955840084 -0.0651179229357324   0.820122877873533 1776585336.43819
  -0.0197075086885506 -0.000595309897188066   0.00198321152912578 0.0198159890127201 -0.573334861238984 -0.073522719490582   0.81869660764858 1776585336.45995
 -0.0274500083810295  0.00315601022663096 -0.00441604100678148 0.0279815078014529  -0.554714998039885 -0.0656364666156615   0.803695244073838 1776585336.48601
-0.0192482182549801  0.0119139927128429   0.003752308836381 0.0229459571593038  -0.568781767000885 -0.0674294170417442   0.827913439078264 1776585336.50562
 -0.0077598094117968 -0.00376235854094098  0.00580302166766664 0.0103944718179141  -0.571777744089188 -0.0653463536579743   0.819554465896395 1776585336.52192
-0.0134034787564894 0.00184765141601241 0.00389557227495362 0.0140798629922362  -0.545651036807145 -0.0580647679480764   0.804246963784405 1776585336.53964
-0.0147281756455248 0.00525664470412514 0.00262373586119425 0.0158567165977119  -0.561057746430818 -0.0589203929103668   0.820242558881364 1776585336.56198
-0.0276674160839416  0.0027750961327765 0.00269146253592369 0.0279361959094359  -0.563256277964905 -0.0556520090609668   0.820821973985868 1776585336.5868
-0.0204114426050678  0.0190777182383378 0.00128946639597416 0.0279687154869102   -0.53567772007401 -0.0461784104092666   0.809943888321134 1776585336.60594
-0.0243522910924803 0.00878156072653824 0.00770220093139137 0.027008772453303  -0.553703381338893 -0.0598351730851766   0.822065295129215 1776585336.6224
   -0.02096748844186 -0.00373468245693715  0.00602625871598962 0.0221336670871713 -0.570073364935343 -0.058731545404332  0.824410722233547 1776585336.63964
-0.0159618187256144 0.00789018343719335  0.0101572703299143 0.0204988973424643  -0.550668112183984 -0.0707923488380644   0.798599514339394 1776585336.66203
-0.0238272687011034 0.00354354692870459 0.00414686600836419 0.0244436485877587  -0.568567627188596 -0.0676696717917432   0.819667754958738 1776585336.68772
-0.0116808453406524 0.00376628195385912 0.00439168572356815 0.0130351038017654  -0.574564605403119 -0.0687667478357962   0.813541942711332 1776585336.7072
 -0.0233348114195176 -0.00374202937310492  0.00725682441371697 0.0247220085831461  -0.549485567924955 -0.0652107283399524   0.804037656995227 1776585336.72402
  -0.0260696862154922   0.00509551094045133 -0.000916534384271644 0.0265788037051339  -0.559638783135446 -0.0605141870000305   0.815033640970945 1776585336.74078
   -0.01917882154123 -0.00283061824427469  0.00433239525136917 0.0198647739470967  -0.567794974929697 -0.0617437379788243   0.830213013787842 1776585336.76202
-0.0214783812528517 0.00945926574577886 0.00379511304780144 0.0237739658605313  -0.538818467712145 -0.0570542122203384   0.815335260878711 1776585336.7887
  -0.0219160206615925   0.00432050321251154 -0.000841062515974045 0.0223536595617909  -0.545464293385296 -0.0570524447288784   0.798070709689725 1776585336.80768
 -0.0144591694697738   0.0149731487035751 -0.00190632790327072 0.0209020776462485  -0.552071782219461 -0.0593120879884882   0.798163588799794 1776585336.82418
-0.0263005920017774  0.0105885758672525 0.00303521513019018 0.0285140598552198  -0.552070550894289 -0.0520670361210162   0.843808388065803 1776585336.84062
-0.0274978263811155 0.00581157390412772 0.00457042005357806 0.0284744374201714  -0.553930083972156 -0.0498517230589709   0.801537290672112 1776585336.8616
-0.0219160206615925 -0.0105931991711259 0.00341999344527721 0.0245809720207365  -0.593981492088151 -0.0759128585573368   0.851734072004739 1776585336.88785
-0.0229812860488892 0.00112470984458923  0.0183336976915598 0.0294198734147666 -0.503827364158229 -0.057580197638301  0.784556544396996 1776585336.90616
-0.0747616301882596  0.0660295651010664 -0.0146013464073877 0.100808750278687 -0.587679058317224 -0.140580385368221  0.812768798069884 1776585336.92187
 0.233747467398643 -0.167187079787254  0.129121214151382 0.315058226534393 -0.523881800736179  -0.10341430080003  0.858943977171658 1776585336.93766
 0.236517802925389 -0.154514274709585  0.113319420497978 0.304395504650906 -0.317139376567768 0.0432901957897584  0.815988550913656 1776585336.96048
  0.190441187687211 -0.0701005616918714   0.134072390954732 0.24322282116107 -0.509620607326185 -0.050206391749544   0.97849720564643 1776585336.98546
  0.157163470450365 -0.0893762265078396   0.137785343457444 0.227317547014016  -0.489613219195943 -0.0667336356379482    1.03932796072359 1776585337.00584
 0.355261937601265 -0.139947025662191   0.24521879193844 0.453793422406767  -0.415870219000701 -0.0296846838768736    1.03626621383594 1776585337.02229
 0.340199202071966 -0.125032804419411   0.25764634421595 0.444691283880434   -0.310181514808015 -0.00952059265278807    0.991885457051679 1776585337.0397
 0.280693667358868 0.0429168502758652  0.230586113413508 0.365787843745686 -0.342645587920281 -0.030617765237039  0.915206662578001 1776585337.06185
0.0947123132955802 0.0626486060859464   0.14073225185845 0.180833727073968 -0.237326006809907 0.0231355410772225   0.90089548556027 1776585337.0875
0.0514429561116087  0.106353281513653  0.122436519612166 0.170141410470712 -0.286263275756993 0.0123372052044608   0.87193204200858 1776585337.10735
0.0307935372122969    0.2445896209462  0.123917214544376 0.275912668554903  -0.393974273132531 -0.0178537540720215   0.857841009231569 1776585337.12413
-0.0429387112906356   0.225879409643222  0.0682104931712276 0.239828922373289  -0.486588415461064 -0.0277125434914635   0.831625555954456 1776585337.13966
0.0675342660704039  0.188328404130154 0.0853782974918177 0.217526822664424  -0.58958773819354 -0.109004209098105  0.907444088638905 1776585337.16201
-0.0630229499144503 -0.0486699678018141  0.0507352909080307 0.0944178358429774 -0.425689029628636 -0.216771564332721  0.888777024485571 1776585337.18766
0.00475674881526175   0.098237807118178   0.129590244979584 0.162686585189279 -0.310448726474423 -0.100329151566105  0.837645456540207 1776585337.20764
 0.182845132816474  0.318280558924341 0.0796405716867079 0.375602818736029 -0.501985688726376 -0.120844013046309  0.900806085292064 1776585337.22424
 0.341918748344735 0.0298358050728695  0.130801239634086 0.367297658614632  -0.513168164995311 -0.0318111714989434   0.842296686916689 1776585337.24052
 0.101650918413179     0.204230189369 0.0494224618737227 0.233421205552538  -0.522277994069526 -0.0616716529209329   0.888499923276849 1776585337.262
 0.012521132533352  -0.22307956802601 0.0479286407029268 0.228513516077757 -0.274753342504966  0.112264892620702  0.913984105503645 1776585337.28798
-0.0832310582896619   -0.15732283152338  0.0453802654473242 0.183677028706968 -0.387126319817835  0.101185284142968  0.885718115426928 1776585337.30857
 -0.0962762102724427  -0.0950762513209663 -0.00270036724357033 0.135336226535696 -0.274885556708356  0.126375793612013  0.833850311976305 1776585337.32463
-0.390024942312178  0.016107332338421  -0.14674891019481 0.417030148099681 -0.251940727101681  0.189164900614162  0.800194959394983 1776585337.34151
-0.909618299193605    0.3918497160869 -0.413404163941892 1.07324491752337 -0.184305324146614  0.156746206243504  0.617708559646145 1776585337.36196
 1.79101639239053 -1.07896890962689 0.955411897904786 2.29885308804435   -1.34225400863963 -0.0267154632730149    0.85776481783441 1776585337.38843
-0.669550857451088  0.239407495139848 -0.259420834448571 0.75691047607271  -1.25619917948703 -0.117255108532584  0.767423075323271 1776585337.40959
 0.0196585381610926   0.128727376565503 -0.0159602280039946 0.131194224255519  -1.09129358959231 -0.438176442498723  0.703572215931604 1776585337.42575
0.655911924584849 0.196952921090746 0.304600170534994 0.749527964674251  -0.78092748882199 0.0454173025101807  0.452970588341893 1776585337.44196
0.0823541975159625  0.272583924706745 0.0198299637587653 0.28544252892606  -0.691099910981848 0.00759573135018794   0.530523484769386 1776585337.46192
  0.289620373175004 -0.0925429875319881   0.214964648017129 0.372362679381947 -0.526664001087262 -0.107752510045714  0.485078665138836 1776585337.48862
0.419408905885842 0.273086983517107 0.273205709805646 0.570194432429183 -0.538360281210337 -0.177462311000295  0.454191881867654 1776585337.50981
0.310124568327504 0.501344544419753  0.17153431676864 0.613960602912805 -0.627261453427608 -0.133555341278641  0.534247384011748 1776585337.52591
 0.278926744639399   0.57004497261455 0.0811671004096272 0.639796450339608 -1.39155885911182  0.68341937113384 0.908649475173568 1776585337.54215
-0.996425985351044    -0.664431588571 -0.527626244564468 1.30871063804303 -1.23581480523587 0.159198800642804 0.859768670357962 1776585337.56203
0.123745010695205 0.285392302416697 0.149209821236584 0.345000238701531 -0.517871508053422 0.0223678434972479  0.657912077068703 1776585337.59052
-0.0709485916917724  0.0184564024880618 0.00347859447991377 0.0733923843147425 -0.609662322420968  0.141765517466232  0.652453679809616 1776585337.61045
 -0.110679241193031  -0.116784272866006 -0.0847450442365081 0.181852091938901 -0.628271155463803  0.158707755385201  0.630553437942882 1776585337.62651
-0.137229908275534 -0.157868827895414 -0.120524421530642 0.241414064900286 -0.702799902962061  0.126716514986649  0.696137089665703 1776585337.64228
-0.0415958614509576  -0.214513614148002 -0.0930115330948038 0.237481476400436 -0.804692485942677 0.0475482577799897  0.795842871999957 1776585337.66187
-0.157414328109584 -0.316928121873858 -0.215266253887878 0.414200754697047 -0.705668907838844  0.110557904862012  0.823177266817573 1776585337.68965
-0.233083332668078 -0.474093096756405 -0.249372645334006 0.584190739913443 -0.487494079107166 -0.200344425917396  0.806939706792864 1776585337.71007
0.864028470409979  0.20725159228512 0.413455573369076 0.98002241368944 -0.394154006362229 0.0136335485019182  0.723531104330774 1776585337.73251
  -0.426933376739694 -0.00172283928819323   -0.132135090709563 0.446916948153004 -0.608536766010328   0.30628883174887  0.710936700107599 1776585337.74365
-0.529231799521929 -0.192692449065106 -0.184907039327694 0.59279616289654  -0.552571487225611 -0.0888281963456073   0.981148266998577 1776585337.76199
 -0.160725328046551  -0.391968153261736 -0.0355688435328863 0.425131517153638 -0.283639599973834 -0.139086956790597  0.872141728526835 1776585337.78793
-0.0787261146593082 -0.0278419507954277 -0.0921399189690912 0.124349266266739   -0.3232816038338 -0.209647040823997  0.952350253184982 1776585337.81731
0.0616294063857603  -0.17409029001013 -0.044272200676093 0.189909558895746 -0.244892707882014  -0.17127975059835   1.00618773654873 1776585337.8262
 0.0228549973506521 -0.0971259121139277 -0.0779975962846704 0.126646826782384 -0.290727093743803 -0.141822980703297   1.00350932090465 1776585337.84357
  0.028024017836436 -0.0482672808371759 -0.0665962371108343 0.0868915115096645  -0.276198167237448 -0.0503629420242921   0.959923366401772 1776585337.86187
 0.153699033618421 -0.140983492723842 0.0323049536047128 0.21105295113609  -0.282101191353468 -0.0165357180516139   0.897253267428603 1776585337.88653
 0.303298359294938 0.0188379149705706 0.0960259453765674 0.318693809128611 -0.350757809567336 0.0100487224549681   0.87445840666486 1776585337.90854
 0.0465439420858664 -0.0339011061778373  0.0412729724475638 0.0708454783287603 -0.371043040480348 0.0543720256396958  0.935221362273197 1776585337.92637
 -0.24478686403669 -0.105709479674822 -0.106823365475656 0.2872391587329   -0.281968128139823 -0.00339682821572298    0.889199221386592 1776585337.94201
  -0.17590739393496  0.0297568774077261 -0.0265443716504388 0.180370415147175 -0.200765375662918 -0.176114639039698  0.876278866174226 1776585337.96072
-0.182589702858707 0.0573233684322031 0.0491864271043603 0.197596236729694  -0.705063808931441 -0.0218957404937084   0.901180482664121 1776585337.98493
-0.299711418934075  0.243772179259041 -0.104067716379642 0.400102361418491 -0.59324924881676 0.016651383695828 0.963836402470255 1776585338.00857
 -0.232787805937732 -0.0453372369967277   -0.11976632067413 0.265687032464174 -0.456335477916911 0.0730974020987459  0.861913224189368 1776585338.02638
0.00624786873454525  -0.185641805551425 -0.0149567043460434 0.18634811197598  -0.39222087363227 0.0132652840206062  0.823604538739586 1776585338.04656
   0.1551804831684 0.0128392965932353  0.079632122537984 0.174891694580651  -0.332994323936525 0.00675533790364897   0.900423389837109 1776585338.06166
 0.108267281493154  0.137166347426072 0.0345921496688135 0.178137665660122 -0.349991053071327 -0.116379824513613  0.963946637018931 1776585338.08688
  0.155122457310609 -0.0172796665745623  0.0428274094697513 0.161851013716008  -0.143579584351184 -0.0923569465969211   0.880137784213501 1776585338.10992
0.645434876562732 0.338874914225005 0.285046744250123 0.782734970332965 -0.624298715948787  0.289304940311841   1.18654769937562 1776585338.12771
-0.798390417423063 -0.562172705687365 -0.667365654000958 1.18272664880477  -0.9693487133645 0.783601678612368  1.24447131180205 1776585338.14445
  0.197054248791239  -0.532114750417751 -0.0402980588906137 0.568858873648971 -0.427172494036499 -0.872400250010124   1.12237632950788 1776585338.16208
 2.00735770618694 0.237442468889536  1.08115613575329 2.29232686947072 -0.346651156394565  0.389877713608903  0.759505060872955 1776585338.18615
   1.0182319782655 -0.305256965277087  0.497088052153585 1.17348826496327   -0.44550556314767 -0.0341871226932168    1.00344985768371 1776585338.2086
  0.29501362629083 -0.114005981957883  0.158648991774158 0.353835987726522 -0.269700736192905 -0.148206135923888  0.713627528925292 1776585338.22668
 0.184322928850488 -0.159436368112452  0.149918343058307 0.286130052882006  -0.289459412635155 -0.0360577414279912   0.708676999301945 1776585338.24377
  0.13223535791834 -0.344226681521136  0.144466259831087 0.396041283686977 -0.343403356043702  0.181810608912228  0.607896527832139 1776585338.26439
 -0.179923073951304 -0.0757847556476253  -0.135351097881942 0.237561700251753 -0.502712952840607  0.329185541090804  0.484861010110993 1776585338.2846
-0.0480217662844881   0.569249920756224   -0.23967744492989 0.619513389626221 -0.477147441545692  0.324967570279626  0.492149969809136 1776585338.31006
-0.408324940005537  0.589325946121264 -0.338618851858894 0.792904189821497 -0.388298335999967  0.285689969098877  0.367634236496429 1776585338.32769
-0.391502288119282  0.617751448753581 -0.266285128827202 0.7783306905643 -0.402347049635694  0.107557267282529  0.415184910533236 1776585338.34424
0.827931699649765  0.37247017610002  0.76536507148923 1.18742941854438 -1.66193562939623 -1.61280293082139  1.95099029468075 1776585338.36196
-0.449922460721096  -1.23763790078739 -0.151056512692586 1.32551720628349 -1.15235038115456 0.514295604292218 0.400632191042171 1776585338.38657
-0.287291682207963 -0.292986311971314  -0.41400779978638 0.582906465869433 -0.818685220760463  0.144689378786708  0.218931933460978 1776585338.41197
-0.264420991499338 -0.251228173940915  -0.21451658057264 0.423144679120224 -0.624253529538188 -0.151248205611567  0.287816486548923 1776585338.42943
-0.210982376186399  0.296672200921834  -0.14168162826427 0.390642600913775 -0.602185561592414 -0.121607754740666  0.402527882613582 1776585338.44567
-0.245103878166841  0.470117549482246 -0.123389856019011 0.544344999051162  -0.82336459767221 -0.186751969226618  0.511407695609022 1776585338.46192
 -0.125077162043679    0.18334937968947 -0.0687447355624112 0.232351307646331 -0.794641969600499 -0.118904552587745  0.657556748192059 1776585338.48559
-0.033765155718238 -0.108386631419493 0.0191843724860121 0.115133782005213 -0.785455182352786  -0.10702490209574  0.637609761824177 1776585338.51203
 -0.177867731090677  0.0821725015087189 -0.0355271740376382 0.199126667884154  -0.739441456765245 -0.0343916530741922   0.808769439939506 1776585338.52868
  -0.11352876573801  -0.151208102703094 0.00235473178327084 0.189098428694785 -0.704361389703164 -0.126312455500447  0.836115313449044 1776585338.54581
0.144852263275766  -0.2690018130233 0.206469431088717 0.368746226502771  -0.567695402459712 -0.0490892249132729   0.827895027101906 1776585338.56187
-0.013242894461051 -0.248910417877685  0.172433462072653 0.303092509350052 -0.473933932500759  0.301035793139319  0.692585963512069 1776585338.58561
 -0.628902240832314 -0.0162463198178663  -0.247616205986144 0.676088571785164  -0.550985418535756 -0.0165105864193015   0.864903060188241 1776585338.61171
 -0.222457984175911  0.0939152011691182 -0.0176137264094315 0.24211126180389 -0.619708741507118  -0.28978871706318  0.995951851976817 1776585338.62874
  0.1783537119627 0.144935414195061 0.168535992503166 0.284992458896362  -0.496676355100858 -0.0595176545798089   0.958350859554351 1776585338.64564
-0.0304339809290637 -0.0309428361146243  0.0866916133802037 0.0969490697865112 -0.441713842152717  0.120307536689659  0.816913885339329 1776585338.66181
 -0.127377197146416 0.00432050321251154     0.0385737195611 0.133159862352229 -0.555774215537166 0.0457560595984327   0.76146721582901 1776585338.6927
-0.0401896336889518  0.0409528142396328  0.0806246010058689 0.0989578998238824  -0.540786580832585 -0.0519582276755034   0.856775008593947 1776585338.71021
-0.00806758180260658   0.0330826416611671   0.0502916276454925 0.0607354498349671  -0.570728562108483 -0.0838476581750136   0.860554382815897 1776585338.72817
 0.00151979736983776 -0.00526687689125538   0.0279210787266493 0.0284541106607245  -0.573889532857593 -0.0801201820168011   0.850897354138103 1776585338.74467
-0.0542242478048828 -0.0315540946299182 -0.0202580797998054 0.0659266238715016  -0.559006089131287 -0.0715986812988215   0.825164816382834 1776585338.7618
 -0.121027893697222 -0.0411011896110953 -0.0469433410122754 0.136164371645552   -0.54130566846502 -0.0650469181954822   0.801406298889443 1776585338.78624
-0.0943431712052121 -0.0307877889246843 -0.0268659494500129 0.102811969827338  -0.537900061763488 -0.0550524186175096    0.79247728581836 1776585338.80991
 -0.0719330778356242 -0.00739236867154149  -0.0157195068362182 0.0740007952434017  -0.571222247762885 -0.0742623046145832   0.814896001557484 1776585338.82842
  -0.040596970930322 -0.00742336976974891 0.000873794110739187 0.0412793408814117  -0.572495898440053 -0.0627801509219012   0.831128215429356 1776585338.84557
-0.0269225411257367 -0.0125145307869378 0.00591361805970388 0.0302722245637854  -0.561222483104263 -0.0591139810449877   0.813627616493312 1776585338.86205
 -0.0275721686257257 -0.00925214517576001   0.0112445668169194 0.0311811955508277  -0.546891592279761 -0.0343631874412869   0.815325154270311 1776585338.88386
 -0.0413735829697626 -0.00892834139676337   0.0145638045746804 0.0447615130613619  -0.554261656960068 -0.0194320594391499   0.821036085859327 1776585338.90991
  -0.0541719308801656 -0.000735154009773294    0.0126762914676563 0.0556401555720012  -0.547156347220426 -0.0154309892548627   0.814368275827177 1776585338.92874
  -0.0408754360568112 -0.000356915770892419     0.012364204991889 0.0427059975505014  -0.539028518874455 -0.0390511968011733   0.833539765560853 1776585338.94574
-0.0368604737484322 0.00837669475124595  0.0199520599279458 0.0427428150135523  -0.545183007382064 -0.0277837062588068   0.832785957488753 1776585338.96192
-0.0293728709220886 0.00458297234389977  0.0109562338981105 0.0316829329914504  -0.538025968831987 -0.0375785626344635   0.822743913884623 1776585338.9823
-0.0302067122271887 0.00158755800898251 0.00231616106918376 0.030336947870649  -0.562826910739867 -0.0454585706894609    0.82670694701853 1776585339.00874
-0.0266457109938933  0.0130048924304902 0.00855886384976865 0.0308605782819697  -0.549475836329664 -0.0495120045066837   0.822734892273875 1776585339.02817
  -0.0279986480553898 -0.000766052264947036  -0.00647634440800415 0.0287481158668408 -0.551495475673067 -0.050941046496284  0.815962748437028 1776585339.04565
 -0.0261799320996025 -0.00114076121525338 -0.00230829852126112 0.0263062430414015  -0.556709217772777 -0.0418354297674417   0.821925002376929 1776585339.06197
 -0.012702593491517 0.00207678198403266 0.00155022608181234 0.0129642626371369  -0.570607253494405 -0.0422265588675739   0.821208314501053 1776585339.08204
 -0.0226210343687787  0.00792109981534461 0.000344284972037654 0.0239702638771477   -0.55275773617635 -0.0363696298290125   0.812485084036818 1776585339.10871
-0.0292702143256423 0.00208731769129573   0.009694260204604 0.0309043851698752  -0.556706062556392 -0.0247873029896114   0.823086659766901 1776585339.12867
-0.0245692561756589  0.0120329938696583 0.00710721753692756 0.0282657713782871  -0.561834134971906 -0.0284831839912671   0.819818724565338 1776585339.1458
 -0.0303183127805146 -0.00762390555708278   0.0100512291015084 0.032838258666553  -0.540487150007524 -0.0295388892788669   0.821142482045028 1776585339.16428
-0.0195164003192582 0.00470333335205004  0.0128936367025369 0.0238591092344005  -0.555397149262583 -0.0383870218664238   0.818505608705909 1776585339.18194
-0.0226866719352032 0.00296062579875843 0.00661578960716724 0.0238163611985986  -0.557424008682694 -0.0457062650206771   0.818732156607729 1776585339.2098
  -0.019939428893243  0.00600151678120804 -0.00206026504686947 0.0209247155375448 -0.537821350551545 -0.043733950464899  0.819600328796408 1776585339.22947
-0.0131462122006503 0.00601002743801932 0.00197816416844791 0.0145896010400423 -0.552203619926763 -0.040642438025324  0.824343161112876 1776585339.24602
 -0.0224351257218846  0.00411505935314511 -0.00631068858081504 0.023666291851507  -0.563763248786876 -0.0381827756681524   0.825423957902588 1776585339.26189
-0.0201684710231674 0.00812053071923071 0.00341999344527721 0.022009238917783   -0.55125335256976 -0.0364179345509021   0.809176755685329 1776585339.28172
-0.0281118009182765 0.00438577203889839 0.00361579998149996 0.0286806965876391  -0.557536024591543 -0.0323418733180356   0.825394165761982 1776585339.30857
  -0.0201167862229169 -0.000906430725377179   0.00348625239785952 0.0204367477936199  -0.564164980852425 -0.0286714507616253   0.823271955131312 1776585339.32867
-0.0267598723164806 0.00288166987235646  0.0119421128183603 0.0294450139448777  -0.546991036134007 -0.0292825856351196   0.811861453239003 1776585339.34543
 -0.014083756639724 0.00763618162711863 0.00723097188794436 0.0175769856737029  -0.553494803519908 -0.0363028283930928   0.816521494379365 1776585339.36178
 -0.0337567727336742 -0.00142568751305792   0.0027031000222091 0.0338948232036677  -0.564477139997885 -0.0311620882744096   0.827390014802169 1776585339.38052
 -0.0218220619569025 0.000435279878796241  0.00846444087097913 0.0234102246012737  -0.540687376175171 -0.0355127116763178   0.808468679011887 1776585339.40803
-0.0133939050137997  0.0155151807973178  0.0043387540502171 0.0209509501789399  -0.556906573221304 -0.0461836139123031   0.824906111215912 1776585339.42845
 -0.0197929564503721  0.00129603385223385 -0.00155621487463763 0.0198962969803053  -0.561266714659283 -0.0379670064745979   0.829487960157221 1776585339.44491
  -0.0175526135841314   0.00102993288445205 -0.000454382381997841 0.01758867444492  -0.554531093245809 -0.0494092674821122   0.814734947063007 1776585339.46192
 -0.0178774443768416  0.00313147377165695 -0.00160870037926169 0.0182207865455879  -0.542757579825702 -0.0304780612614263   0.814591019841405 1776585339.4805
-0.0121843566184852 0.00170184560195061 0.00555052421987057 0.0134967827193992  -0.566975296296175 -0.0305416391084746   0.826893532926879 1776585339.50594
-0.0219160206615925  0.0112447221763432  0.0116757964715362 0.0272594930566808   -0.55038632134404 -0.0371130689043953   0.809778389050485 1776585339.52917
-0.0203038967394881  0.0123242146884774 0.00568012558063725 0.0244212677211337  -0.548784101174395 -0.0377109645435189   0.817827563722282 1776585339.54474
 -0.022533274943547 0.00448974732044651 0.00812906423716091 0.0243718689487456  -0.565257042502962 -0.0337287784823677   0.826243151212483 1776585339.56204
 -0.0127517099515685  0.00301545225913784 0.000104308691300258 0.0131038139226392 -0.562905809691415 -0.033099984793677  0.818402802120647 1776585339.57984
 -0.0220598641244236   0.0116518939393302 -0.00196905813577075 0.0250256154270675  -0.550031083163765 -0.0315682471898253   0.823187286646084 1776585339.60573
-0.0120392675102172    0.01730106229113  0.0104823139469687 0.02354038284028 -0.561425594407305 -0.038783573359402  0.818254363417659 1776585339.62791
 -0.0224382015349198   0.0172200799850088 7.50064548074823e-05 0.0282844421684438  -0.554439552581577 -0.0403133824700714   0.817434144630844 1776585339.64446
 -0.021877170281147 0.00229629438650028 0.00804909110018446 0.0234237361443225  -0.545147327182347 -0.0415350723845524   0.822902912043851 1776585339.66182
 -0.0258215792541624  0.00432050321251154 -0.00474539004506105 0.026607131184479  -0.559988257733661 -0.0424432311044816   0.821296716172045 1776585339.68022
-0.0151252557931235 0.00365441688916179 0.00375280216279932 0.0160066126860219  -0.558190401956196 -0.0403638332985696   0.812448858146392 1776585339.70658
-0.00768187943191128   0.0123086788425102  0.00429109850287211 0.0151303791365527  -0.547956846353964 -0.0371515928115388   0.819092852360464 1776585339.72824
  -0.0246589795709314   0.00693354633835374 -2.21575495291043e-06 0.0256152170245595  -0.563975718490854 -0.0288726663491661   0.825699853993829 1776585339.74542
 -0.0176627361123683 -0.00356867238143457  0.00555829898601805 0.0188574218057279 -0.556577856258173 -0.022366332879284  0.821431526753161 1776585339.76187
-0.0261852853875123     0.0110957283766 0.00748513093234642 0.0294076783188868  -0.549996896503753 -0.0273667473222378   0.809655307395376 1776585339.77999
-0.0330940443390316 0.00281016968931562  0.0092716976368135 0.0344829987307518  -0.555563030717687 -0.0305432314985758   0.825072514372366 1776585339.80574
-0.0177772247431966 0.00913159687185903 0.00921781839736836 0.022008724565661 -0.553711144053782 -0.039646155952982   0.81627199177938 1776585339.82784
-0.0247108119166384  0.0199462331004909 0.00533502838175087 0.0322015367383715   -0.55379505514777 -0.0404389759946309   0.816290351773121 1776585339.84527
 -0.0226961974358006  0.00134978956096025 -0.00454698103615233 0.0231865121664913  -0.559826994999474 -0.0440808759965224   0.828010082405218 1776585339.86194
 -0.0256692689464681 -0.00722931777864013 -0.00669434404923846 0.0274952476991979  -0.551921874146406 -0.0702186637442203   0.816316866167768 1776585339.87981
-0.00158933459201442   0.0185053644606324  -0.0393639076058271 0.0435257592727146  -0.551193088978081 -0.0732285536586977   0.816265518419103 1776585339.90332
-0.392931570576983 0.0144616407916573 -0.460431551461147 0.60547631810947 -0.527153564290832 -0.364711910555863  0.858371983739395 1776585339.92781
  0.156367420536905 -0.0392650655894912  -0.447587567248348 0.475738526857356  -0.63344508316988 -0.471865302770137  0.916301364463468 1776585339.9458
   0.40967714111534 -0.0415983276079853  -0.542291286685443 0.680915281387614 -0.570116164249898 -0.178850938347346  0.861615204159216 1776585339.96197
    0.52497811401392 -0.00592229408048045    -0.58249396756788 0.784178752590096   -0.46179279566776 0.00406686673851183   0.818827761238849 1776585339.97943
    0.31123955805003 -0.00172651784445417   -0.759616832905649 0.820908506590505  -0.462092742178001 -0.0459551214079236   0.877795832777348 1776585340.004
 0.332795520157897 0.0768888137371175 -0.852518497910763 0.918396721028059 -0.568891297717274 -0.248180687470029  0.893786285470079 1776585340.02768
 0.405744230269461 0.0751536635159078 -0.940124289788987 1.0266986577317 -0.618769705198192 -0.236363533752139  0.831662179987789 1776585340.04549
   0.716839506632407 -0.00635573802138384   -0.827426933024597 1.09477605160566   -0.68558515177347 -0.0861923763993198   0.785633635843199 1776585340.06195
  0.133356254555035 -0.0115001070554204  -0.798699193411515 0.809837356910285 -0.576831194305336  0.639801134924732  0.587419071445887 1776585340.07875
 -0.0691947936065507 -0.00627866325710438   -0.376926860854032 0.383276922743627 -0.572708339797103  0.374973116911453  0.721929342859013 1776585340.10254
  -0.230467359123332    0.209208480758131 -0.00491904408342108 0.311299837836615 -0.598445326809264 0.0616271841629063  0.849253740066345 1776585340.12784
-0.0831617829583807   0.172789162474107   0.196597182506896 0.274631442087336  -0.680039437080931 -0.0546331646517971   0.880778222114271 1776585340.14561
-0.130096167186181 0.0289134663177634  0.238977183437857 0.27362583111785 -0.689223731152804 -0.119404955353322   0.83126880719852 1776585340.16202
 -0.248025327851791 -0.0730610197236699    0.13976314926811 0.293918719635873  -0.67082482102957 -0.187463155875029  0.777371900353014 1776585340.17855
  -0.107815672883127 -0.00161180667157538    0.164975985042651 0.197088540714018 -0.654219968306946 -0.140390120365278  0.741454750527343 1776585340.20084
-0.130973562579028 -0.148601491140888 0.0777502550234356 0.212794688420898  -0.497442284554185 -0.0243318377427995   0.795940260023089 1776585340.22774
 -0.119280434614725  -0.238564928443495 -0.0269218462138112 0.268078035222373 -0.270998529446537 -0.100111735502913  0.771438567405487 1776585340.24949
-0.050397791277458  0.199469405404237 -0.031054732341069 0.20806820386292 -0.337330652090984 -0.214620820958921  0.767068347343832 1776585340.26194
0.00843922522158734    0.18775881830757 -0.0572428074097951 0.196472220363976  -0.564586261751289 -0.0905582393438425   0.852908304448928 1776585340.27796
  0.127585477960521 -0.0269683083953143  0.0290106609581528 0.133592523343742  -0.433638672954735 -0.0512618640667453   0.926968037607501 1776585340.30003
 -0.156139343976974    0.04160475730896 -0.0764748379588127 0.178770387394345  -0.376286283645684 -0.0534715353817025   0.988789684887605 1776585340.32638
 -0.167857244610786 -0.0745090693235397 -0.0668874606490135 0.19545226622339  -0.381992831445459 -0.0200832533705417   0.891185314412966 1776585340.34556
-0.0401591048337171  0.0478911363274599 -0.0215670913139767 0.0661169726131365  -0.386832081214673 -0.0481717923559537   0.900302288473566 1776585340.36187
 -0.033633928745985   0.163044914603233 -0.0541042871773243 0.175049019511199 -0.564980673914476 -0.159078384980932   0.97838812551834 1776585340.37744
  0.149591565132141 0.00645103212445974  0.0279210787266493 0.152311650281304   -0.512961673987855 -0.00237122275931883    0.901134058319262 1776585340.39796
-0.0101981107145548  -0.285431444644928  -0.139325439929962 0.317784029280759  -0.201692079236313 -0.0226007078454139   0.869156898086598 1776585340.42553
  0.202854797244072  -0.209797650575638 -0.0242768824100494 0.292838675675776  -0.274853507142291 -0.0460721157401885   0.840599082373421 1776585340.4443
   0.22522534430027  -0.148012310266495 -0.0349295251071453 0.271761239748812 -0.327067976132523 0.0306425089228408  0.973196837295469 1776585340.46476
 -0.12950773537159 0.0139078833162785 -0.179805487394333 0.222026340861913 -0.38401387239272 0.103945794978428 0.953099945349233 1776585340.4764
-0.0801400373280048  -0.040415536122749  -0.172364300637632 0.194332944395239 -0.416706378264991  0.145661068053768  0.897145078108275 1776585340.49764
-0.0421560443937778  -0.324846208095551  -0.143586501479149 0.357658041151055 -0.353164843903009 -0.034893431090288   1.06736637054375 1776585340.52546
 0.0547830238938332    -0.3163241147995 -0.0679527223110199 0.328145848335946 -0.233004673242658 0.0282016298523274  0.960073557005729 1776585340.54442
  -0.10024305094438 -0.0706868551202693   -0.14220744339971 0.187798449694648  -0.356929608949492 -0.0717963445602266   0.909267362266625 1776585340.56178
 0.0414867232903308 -0.0827635806357546 -0.0217971763758568 0.0951108584073329 -0.497456004412994 -0.185560783521447  0.945032644652872 1776585340.57761
 0.177841379040535 -0.162804223334458  0.101456349482524 0.261583948446565  -0.363903539406348 -0.0642019069685953   0.846828006644958 1776585340.59859
 0.229971403946364 -0.334968316022376  0.155062130409916 0.434896405663682 -0.392581910589292  -0.12974240116245  0.902697744642733 1776585340.62499
 0.122665215589394  -0.27888180108261 0.0882081243275782 0.31717895152116 -0.137587010765534 -0.125401218135493  0.766173229803199 1776585340.64425
0.602760410919066  0.42258600568054 0.532976780147572 0.908825227062293 -0.0884820227881351  -0.214874135675099   0.680505119551332 1776585340.66182
0.252290796340312  0.53393574816644 0.445521353061432 0.73974813627462  -0.404671339241247 -0.0806866559434597   0.734994570426391 1776585340.67791
0.407932406436035 0.530739735733406 0.504055943518031 0.837953405329266 -0.413002209303644 -0.140600167292021  0.561114214651534 1776585340.69856
0.952265684984634 0.766286275152467 0.250737930084776 1.24774761064467 -1.02185499053369  1.01223619456485  1.02388152055684 1776585340.72639
  -1.3610974826658  0.764323783409959 -0.501115086575871 1.63947965318245  -1.00254556928172 -0.232345579466799   1.06822770479298 1776585340.74601
-0.726946509373527  0.384179749083206 -0.299205795128053 0.874968236528733  -1.03160800519883 -0.208744258605385   1.08604581940075 1776585340.76205
 0.244999962848737 -0.146333357705059 0.0189299811460601 0.286001359366192   -0.910163000917716 -0.00217983494243836    0.955643852217446 1776585340.7787
 0.577230195632546 -0.120492374918609  0.372266109492214 0.697348669920566 -0.455974455858907 -0.364960618532179  0.880882931081162 1776585340.79946
 0.0318501696574732   -0.28355909290447 -0.0185343247872812 0.285943549798445 -0.264241829636042 0.0340208392328272  0.538491265785253 1776585340.8265
 0.391682785070497 -0.259423746296165 0.0907290813441331 0.478484953226816  -0.37690441050805 0.0495905894486257  0.535513347760898 1776585340.84446
 0.103040927329152  -0.19932453341028 -0.101252156367337 0.246170066200408 -0.517010045981073 0.0889872846243368  0.763519180826748 1776585340.86188
-0.0833152935763115  -0.675469518959008  -0.163412812332912 0.699931608388257 -0.32843365580898 0.132930181837841 0.774730867731323 1776585340.87853
-0.130785657493174 -0.497531590811123 -0.106890135730467 0.525421805007602 -0.453802056201906  0.187713725068684  0.803363026187351 1776585340.89801
  -0.22047940259359   0.365794016367852 -0.0807075913167177 0.4346609537038 -0.146173016636441  0.123265504101683  0.707683059514295 1776585340.92597
-0.663956879192974  0.539493281168712 -0.224188776815982 0.884393772877276  -1.13727003531097 -0.642222880988329   1.44298058050062 1776585340.94546
  1.61724243153194 -0.908911206141409  0.970428671302293 2.09363904937845  -1.55923951890211 -0.809764223656795   1.44703473564118 1776585340.96205
-0.087335794132886  -0.54718797445091  0.176046288704377 0.581407358129476 -0.467977296880736  0.680209440710206  0.740008824373507 1776585340.97826
-2.19433724595437 0.716147341865822 -1.34446041481702 2.67124629550591 -0.567683139840407 0.0824383560939869  0.682860590453219 1776585340.99765
-0.720098833508198 -0.119153398209394 -0.328694723210773 0.800487403643131   -0.615723069233626 -0.00950646071498429    0.758695990611091 1776585341.02591
-0.334273608658453 0.0925207308375603 -0.236782675702257 0.419958291492121   -0.1971645143216 0.0315888970673571  0.551589329820539 1776585341.04542
   0.141646346462154 -0.00803375231085398  -0.0248991342334477 0.144042339358412  -0.407671233820452 0.00736391833719436   0.669485402452318 1776585341.06199
0.732483575058552 0.081126654679528 0.363135118940245 0.821572173602414 -0.309861048965731  -0.12840904449453  0.696646837905959 1776585341.07856
0.530494615111884  0.25313393734847 0.321543585087379 0.669993734307337  -0.345556133808286 -0.0537924349617121   0.658473293270326 1776585341.09754
 0.183701874566296  0.060620850400906 0.0839792436471087 0.210888073598392 -0.495409775615468 -0.117297673569506  0.785786359938611 1776585341.126
0.199719113602788 0.137591359384714 0.093220063056457 0.259825107855009  -0.543095821604514 -0.0492515402738189   0.794995759030379 1776585341.14547
 0.140982856032619  0.180992688958869 0.0578137013405799 0.236594469957296 -0.531297305127254 -0.157547942704533  0.763699659656781 1776585341.16186
 0.150219751396117  0.134280910451418 0.0977604040093029 0.223951854676926 -0.746094046724822  0.144857679378176  0.986103043234572 1776585341.17873
 -1.09161454200826  -1.04425724474377 -0.642851408236107 1.64175315885028 -1.12314454207965 0.315490766817094  1.21453351883389 1776585341.19841
 -0.344517814107085 -0.0231379413048342  -0.121346773954061 0.365995803410378  -0.891627462568786 -0.0101019488809822   0.681882221948214 1776585341.22667
-0.164088959316374 -0.201389623395312 0.0320085856987739 0.261739405782301 -0.744414379809908 0.0275964649312953  0.602577039574484 1776585341.24613
-0.036194323971832 -0.323265111900786 0.0566234006362616 0.330176575728231 -0.675137182993972 0.0395183460406172  0.587053098733249 1776585341.26197
 -0.102257604784557  -0.328063842035636 -0.0190959592925494 0.34416152871691  -0.611867418327457 -0.0328160465741895   0.555332628411897 1776585341.27954
-0.0918615484129892  -0.197642539067663  -0.104405670994716 0.241664357036369 -0.651429278674082 0.0406220192474137   0.56573615140412 1776585341.29808
0.592148966274449 0.424870030035107 0.509870522562395 0.889450892663547 -0.354049789008565  0.113108661825098  0.645996605110265 1776585341.32588
  -1.2847637499438  0.506015234553384 -0.481200013145527 1.46226631070439 -1.06708715734898 0.670815159668888 0.713470516433432 1776585341.34461
-0.814828135882677 -0.068237735148309 -0.317275768080002 0.877077643390233  -1.20213056425904 -0.402680868290619   1.15574140840691 1776585341.36194
   0.197672336200034 -0.00403096730886726   0.0802618993184634 0.213383630296308 -0.571523002945837 -0.245955087154761   0.71457388892277 1776585341.37975
 0.862017195904679 0.0859110709047305  0.610712254102693 1.05991689082237 -0.392756434939154 -0.185095746794594  0.919043775308819 1776585341.39812
0.0941852522727817  0.354640613570075 0.0455057883373374 0.369745322230382 -0.733022612166592 0.0215002475351794  0.740606798980656 1776585341.42471
    0.304294137036  0.257193225496163 0.0373911032843319 0.400176675582702 -0.612941245400094  0.115729327188602  0.757949142425364 1776585341.44583
-0.504678146177774 -0.181295703367242  -0.28720433116947 0.608321042814861 -0.569999505502473 0.0142313578430548  0.743043489495098 1776585341.46195
-0.585640925584501  0.602096867065137 -0.350443575187846 0.910113526127133  -0.35140480433658 0.0583234494585263   0.54695831834944 1776585341.47946
-0.440180039110034  0.470176793818321 -0.235807715705175 0.685878971147446  -0.472817946250142 -0.0742694552045697   0.814310294981481 1776585341.49785
  -0.4694401673656  0.231554039868558 -0.234117829746152 0.573413029430567  -0.432694003393661 -0.0105300152305917   0.812597653148676 1776585341.52114
-0.685468414730344  0.652959148147615 -0.314602959973205 0.9975959197824 -0.281147709268911 0.0294011807724703  0.717191909888865 1776585341.54439
-0.274720480119816  0.668171993904622 0.0610680318653196 0.725020317061283  -1.71006958141825 -0.933869292999965    1.6246036503506 1776585341.56178
  1.14686785454517 0.0523464380087425  0.261937136478935 1.17756404871584 -0.987623935848919  0.219085088989605  0.808261293097604 1776585341.58
 0.355352853110087 -0.557326065818772 0.0960870593020369 0.667922687756466  -0.874019657859279 -0.0974486230309776   0.883079408835162 1776585341.59557
 0.123024523676491 -0.479851147546554 0.0422571417927984 0.497169813303331   -0.55772955064586 -0.0108764892364395   0.593664300483398 1776585341.61636
 0.174566370592364 -0.260116708118851 -0.140356547483931 0.343269689902832 -0.044512136761269  0.557245023571533  0.483496626468282 1776585341.64075
 -1.24441825936395  0.365415476677915 -0.542923745575521 1.4060126131525 -0.678885210779334  -0.49977698999433   1.00950540723912 1776585341.66188
 -1.33372747714937  0.114036271518196 -0.493570463535834 1.42669024563848  -0.416393811125764 -0.0840645151515047   0.699128706421169 1776585341.67772
 0.176065226025292 0.0902536953713361  0.129972518086536 0.236722514352298 -0.530181010966983  -0.23545890793457  0.649269738617488 1776585341.69555
0.0567418468090088 -0.231110236599573   0.17394796687001 0.294770205106652 -0.613641810439659 -0.260501167889899  0.928007298516073 1776585341.71791
 -0.33685642433836 -0.137848248699142 -0.163698055204297 0.399088265381374  -0.519067601872086 -0.0767307513681629   0.806962339631734 1776585341.74274
-0.193122869060729 -0.118978118325853  -0.21038484516165 0.30937682244845 -0.377288680678306 -0.175664841164628  0.877328375896457 1776585341.76203
  0.311893374835394 0.00182913461286704   0.130204370465816 0.337985208386466 -0.349820432120264 -0.134266209104761  0.973047854486025 1776585341.77964
 0.280878071421451 0.0234601886836537  0.151608290782806 0.320043661541032 -0.377866048998134 -0.103974807215869  0.926039649204881 1776585341.79761
  0.303346144424034 -0.0264933463374022   0.170912290826413 0.349187330658792   -0.47303765527948 -0.0272410244832632   0.790580606951285 1776585341.82061
0.127645742931287 0.188824157017184 0.105045494874272 0.250963252200618 -0.475992579992036 -0.125987219296744  0.800973371105386 1776585341.84442
0.168066074457776 0.203826849616581 0.146145656260286 0.301910819368926 -0.467136588710641 -0.143219252634819  0.765520064667224 1776585341.862
0.258487984183423 0.142804438785673 0.198015581371233 0.355554941141152 -0.565440631222291 -0.189615506362402  0.825184245614829 1776585341.87999
 0.35778442009404 0.130224193025214 0.294575156691452 0.481396463064375 -0.546782198020808 0.0398001938744923  0.852528660380151 1776585341.89628
-0.894838243422864 -0.656498373371586 -0.491645148785725 1.21385359432519   -1.254309477782 0.314990130079292  1.21429698744763 1776585341.91999
 -0.24252507240843 -0.537419503674669 -0.172198873704015 0.614239843857082 -0.958932511032653 -0.289059654516307  0.917436611194647 1776585341.94271
 -0.113885770890157  -0.639194861650467 -0.0190864546556731 0.649541632786481 -0.589987498818569 -0.112183314457313  0.753365125130564 1776585341.96188
0.00229883291146716  -0.546312474652634   0.021307129763433 0.546732657130151 -0.335019002182516 0.0244531773936874  0.616023330810438 1776585341.97858
0.0326829825972726 -0.267384620244041 -0.025326853957339 0.270562676705196 -0.407415767922838 0.0304736630587685  0.556242066059943 1776585341.99382
0.395355216979878 -0.10139283127316 0.334335363187266 0.527604386737218 -0.368448995736487 -0.413138481304532  0.817198627948247 1776585342.01223
-0.346249520319472  0.212824193952478 0.0523289288211795 0.409781874470502 -0.849120525928707   0.24608279569738  0.711005681089286 1776585342.03525
 -0.117789827287197  -0.223646089434624 -0.0381253212690353 0.25562777011431 -0.583886500778298 0.0418640668164182  0.977008735115767 1776585342.0645
-0.008075733214364 -0.232652474831961 0.0519384868922316 0.238516242493127 -0.779176621515362 -0.284277919413224  0.899947486092926 1776585342.07288
 0.499199766427035 -0.108243278889348  0.361364253248079 0.625700517620903  -0.36520941406088 -0.143763060427663  0.837116630774806 1776585342.09185
0.154035608173556 0.223448188137778 0.134384619683667 0.302845319222499  -0.444808290300657 -0.0116536130772963   0.656818919318098 1776585342.11387
-0.0137590194053858   0.045531724802399 -0.0292590658126949 0.0558439030755443  -0.398625374839623 -0.0253321713374895   0.850346962726551 1776585342.13961
-0.0475467820896263  0.0698421293576294 -0.0392292329292757 0.0931533801668281 -0.483799653564344 0.0310343207910639  0.779540199180484 1776585342.16068
-0.184598615323159  0.191651933197175 -0.144251953888549 0.302680918589372 -0.293739650682669  0.021215197793106  0.912746778279866 1776585342.17875
-0.326581686735153  0.362249374389648 -0.195784464478493 0.525558525653994 -0.299894249507639 -0.103248001404325   0.83730051279883 1776585342.19595
0.0377387851476669  0.193937584757805 0.0652053356170654 0.208057055826152 -0.324718272856838 0.0175868330016944  0.853800262651687 1776585342.21784
-0.0501621277438179   0.141190658718106  -0.014381110477305 0.15052527198979 -0.473009791849077 0.0955185867948383  0.795891965428397 1776585342.24204
 -0.194719705503688   0.156320136435877 -0.0880447652021948 0.264770899923469 -0.427121579464426 0.0461797566079739  0.759228130911546 1776585342.26199
-0.108147732315791  0.220359051903277 0.0561192591925111 0.251800347523738  -1.23158085692189 -0.483797402939566    1.1329345440279 1776585342.2788
0.989019930362701 -0.16505654156208 0.519008040428162 1.12905864798785 -0.953718775516412  0.105866494992632   0.99531129235063 1776585342.29763
  0.37921622779962 -0.191456224927968  0.194894482197092 0.467380244213547  -0.881298075276144 0.00539773550377293     0.9742215408765 1776585342.31807
 0.252090687812174 -0.301402825294248   0.12964146489891 0.413763564609192 -0.284112162985039  0.347634118820896  0.576287028634459 1776585342.34252
 -1.37390809946171  0.523277551420963 -0.828428524333965 1.68752383139254 -0.414067287001251 -0.136383180339419  0.770213177465005 1776585342.36193
-0.206109807257388  0.154247003826772 -0.327234276355595 0.416360015442386 -0.721871874756065 -0.441127938597512  0.796640160322282 1776585342.38014
 0.707183697459385 0.0279848670185236  0.164288628552629 0.72655535797768 -0.579389533585018 0.0497350643105559  0.635605931458223 1776585342.39776
0.0524001501407928  0.192842650216873  0.137238991877952 0.242422367716185  -0.503562110196666 -0.0335246901888202    0.71506248516327 1776585342.41776
0.156568836744493 0.201494352993164  0.22962039517952 0.343277294340969 -0.630625897815174 -0.260573132543076   0.86718000514827 1776585342.44233
   0.176147143714231 -0.00354993344311506    0.160912852922531 0.238607134222346  -0.621915098608167 -0.0171888437378689   0.919309612996914 1776585342.46181
  0.0205508472591182 -0.00882733663905332   0.0119870298228193 0.0253761320768146 -0.474826147953842 0.0884075674469346  0.811736950505495 1776585342.48031
 0.0349386175911971    0.33208019035493 0.00133095483859018 0.333915754743817 -0.423081839576798 0.0834629357069873  0.701778934760383 1776585342.49796
0.142567588711738 0.295211288416604 0.142185096031429 0.357339927370476  -0.40444035707984 0.0216916870405841  0.783960221887861 1776585342.51956
    0.1292509664824 -0.0376051255680022   0.171731784939766 0.218201200189682  -0.355453519150954 0.00455423932759304   0.880551979489649 1776585342.54389
 -0.133394842662505 0.00621499918469437  0.0368100674581783 0.138520003357262 -0.310998825620799 0.0325176939563985  0.807157880754253 1776585342.56199
-0.16936835134037 0.131192095026043  0.03839007347933 0.217648344755538   -0.39780302931107 -0.0558203820441232   0.813097935014579 1776585342.58004
-0.0262631765440614   0.172390200061316   0.163613158195027 0.239117964724351  -0.471172022429929 -0.0732556891595827   0.821971653203114 1776585342.59773
0.0225712405465326  0.140311978693914   0.21161749691765 0.254909547225094 -0.464368690785056 -0.104822802716983  0.791351239509684 1776585342.61779
0.108104597255519 0.210886579779158 0.258785457410995 0.350898370537891 -0.458796882883177 -0.144449215030319    0.7791805488751 1776585342.64388
0.129929037890719 0.145480675015181 0.234147755969256 0.304748016097757  -0.591665850440413 -0.0127363435698153   0.953543786929357 1776585342.66206
-0.576511179209537 -0.221024428334702  -0.36951881619746 0.719556177930692 -1.06299445194342 0.438033518209488  1.16432136905521 1776585342.67978
-0.0162299370688764  0.0265442814530617 -0.0510936729610381 0.0598211764492187 -0.578195165406635 -0.319697079675785  0.955924573201836 1776585342.69743
 0.331226845059698 -0.360242655094353  0.166664021806856 0.516974747548143  -0.510423041473187 -0.0182320328066676   0.891307066159697 1776585342.72081
 0.206253671892018 -0.622906468197269 0.0839191583796409 0.661509992694051  -0.442173390665049 -0.0153846749976502   0.643614946158394 1776585342.74504
 0.285316386777228 -0.309131841501022  0.254737742998012 0.49179188047501 -0.218613023916949 -0.408173562603825  0.829710318197549 1776585342.76184
 0.398405812327264 0.0337710161252714  0.284732455030757 0.49085664279311 -0.427172639794695  0.169360702023115  0.787155938934417 1776585342.77959
  0.263816047930966 -0.0301788335035465   0.199678434205542 0.33223658170696 -0.47163063478912 0.145441725504632 0.849135382727468 1776585342.798
 0.110401951573288 0.0801392906882598 0.0896916292361759 0.163265076419446  -0.473582637843164 0.00125837047205887   0.727092316145849 1776585342.8163
  0.242876242727492 -0.0989490450955174   0.144536437591408 0.299450437632596  -0.658024718390594 -0.0329118351719831   0.959069960428152 1776585342.8439
 0.116021766797128 -0.040262159262945  0.143398226764786 0.188799214189379  -0.546031625065489 -0.0927880064545609   0.856151174194015 1776585342.86201
0.138212708498627  0.13067595260857 0.221070000272795 0.29163487857473  -0.52443178894015 0.0289028149665353  0.785189517612421 1776585342.88139
  -0.286570971930064   0.0910612181562845 -0.00155141250276235 0.300694985468334  -0.569563775482942 -0.0705255762141895   0.691812377611782 1776585342.89823
-0.180777326300441  0.470673437780405 -0.100845011714472 0.514182499822828 -0.488908052422363  0.033529095763776  0.706181166207157 1776585342.91782
 -0.54700863989096  0.113019974972845 -0.335441089814172 0.651546384836828   -0.468342553847928 -0.00718067155682052     0.90086621343526 1776585342.94406
-0.283439982560044  0.107130840027852 -0.215188982351771 0.3716470620418  -0.379926053551512 -0.0510705185432941   0.771909313777423 1776585342.96199
-0.0346958475554839   0.235333760167154 -0.0700006079118965 0.247963436054673  -0.466366537880591 -0.0911908349044502   0.854276102073526 1776585342.98153
-0.00875528220459586    0.185411336705253  -0.0174485652089809 0.186436238894596 -0.493930762199077  0.011008714869292  0.842178752608455 1776585342.99943
 -0.159210702357219   0.137783608386634 -0.0984488337783812 0.232431803670332 -0.364000133264024  0.114799923368386   0.77728693766837 1776585343.01755
-0.0739970492114886  0.0958450778363369 -0.0436518303611456 0.128714119393869 -0.298638129678968   0.10691270111249  0.771557328946875 1776585343.04259
-0.140561672970962  0.281162666414147  0.065501476712547 0.321092622688583 -1.12205585472278 -0.45763564057647  1.23187973036626 1776585343.0607
 0.22763969447927 0.157668665274931 0.126210302163517 0.304316083841127 -0.796064929872451 0.0408467137687092  0.964039809679538 1776585343.07954
0.0700329288968789  0.163598272310622 0.0799632424050174 0.195097734402066 -0.651465686327274 0.0906551547307277  0.945306993504118 1776585343.09816
-0.107040712879025 -0.063947816015516 -0.290368457779168 0.316007719304223 -0.329851310369239  0.399784819938586  0.666988556362468 1776585343.11624
 -0.172586409473704 -0.0494878266287433  -0.178234712704409 0.252987601538662 -0.514161657335845 -0.358528243660572  0.886315688717385 1776585343.14233
 0.0751276995254162 -0.0706598944968044  0.0793079986667514 0.130102846159514  -0.389964023057745 -0.0960237325298836   0.781844323757805 1776585343.16199
0.0709594396710645 0.0814216745248898  0.124947864698192 0.165156592522085  -0.340847502759541 0.00459161241356746   0.744250523213375 1776585343.17972
0.265608006995125 0.169984797945406  0.28960363089652 0.428150333342052  -0.42446475486451 -0.113536568960011  0.773690057102703 1776585343.19807
 0.180657050791262 0.0739741651177365  0.271989085127413 0.334794279422319 -0.576712781230027 -0.164482364080133  0.814022461133758 1776585343.21602
  0.27303307450018 0.0101651450764462  0.176412793114123 0.325225865391689 -0.641183040968182 0.0236714423162072  0.840249202451336 1776585343.24247
-0.0229966302357084  0.0344620290065089    -0.0553841375147 0.0691655921227495 -0.539173154552858 0.0419019812362532  0.834394077751476 1776585343.26196
 -0.362282789633663 -0.0983511465325913  -0.232868440215778 0.441757261556111   -0.416533786600557 -0.00748251541965061    0.849381608290449 1776585343.27936
-0.416214173577416 -0.245185228154289 -0.255824451360559 0.546622524513703   -0.48436712844121 -0.0261624361342685   0.808988586202612 1776585343.29798
0.0563962614244006 -0.127530490776393 0.0429028995599082 0.145894561827933  -0.450177866830473 -0.0135417181009575   0.847184469010284 1776585343.3158
 -0.081020069822815  0.0840630326151187 -0.0537126150400261 0.12851416334779 -0.402943759356372 0.0256876614341073  0.845187056036142 1776585343.34164
-0.0511589907297171  0.0899329701093652  -0.046335907525488 0.113367534027101  -0.392353698569905 -0.0423251383900027   0.850253567935414 1776585343.3627
0.0627214976727511  0.138249425879031 0.0500934251634912 0.159863195485405  -0.437324256498588 -0.0634252931525902   0.820812096324574 1776585343.37828
0.0969144245654303  0.179500414855221 0.0794563766792732 0.218920351765302  -0.46212164901205 -0.103053708538058  0.809740401287667 1776585343.39747
0.129702920748346 0.191990389715143 0.125211524606857 0.263364924179356  -0.460955773041282 -0.0892449493786344   0.782052467163119 1776585343.41419
0.288740839214525 0.253506739565629 0.216338647081082 0.440952774632814 -1.02643486016143 0.348451362395831  1.04195990290943 1776585343.43873
-0.981090651640018 -0.329117202558383 -0.446320002372508 1.12696874148003 -1.14001534691325 0.109374501140869  1.05368551632044 1776585343.45828
-0.517139162663017 -0.483081380388168  -0.27445311349226 0.75902901469123 -0.796137426060114 -0.113764042772603  0.905213673853341 1776585343.47749
-0.309464202018374  -0.60605362847516 -0.147729455196214 0.696342649025138  -0.592552032734172 -0.0199516553984776   0.763366018317316 1776585343.49679
-0.0696934405282892  -0.520708652544455 -0.0423066376556694 0.527052680552011 -0.423901860961479  -0.05053773816424  0.639930247929139 1776585343.51461
 0.590593330233072 0.0237751180654115  0.473808287181087 0.757535498149288 -0.290913868247371 -0.182392887758243  0.759917454106096 1776585343.54051
 0.225470499168802 0.0663860008971655  0.288157897755762 0.371858872624504 -0.581949407589714  0.222112484300182  0.787119043956904 1776585343.56187
 0.212930869245897 0.0181753942158266  0.168892810642682 0.272387006884504 -0.435037488229146  0.088311207213529  0.731188062691039 1776585343.57851
 0.192184786226285 -0.138502013802796  0.143850755612475 0.277147685854587  -0.628736045275781 -0.0209337473298788   0.898536285546516 1776585343.59928
   -0.15533170540056 -0.00851196010295696  -0.0511950165296736 0.163772164560753  -0.57946606889755 0.0650287805353474  0.916157129779536 1776585343.61611
   0.26055671260213 -0.0769847888830518   0.278051160735564 0.388753014377756 -0.497987944607131 -0.150424985169279   0.83866811978441 1776585343.64197
0.241552914408893 0.140984102081138 0.233353141470129 0.364249936352819  -0.496793317141836 -0.0366228907275477   0.717575439175537 1776585343.66188
   0.241366949203956 -0.00159262054158418    0.162801399131197 0.291144012762223 -0.538210815961386 0.0539078371745171  0.691393311592382 1776585343.67874
   0.276211955389683 0.000940339340709428   0.0560591982581099 0.281844925885867 -0.535417304984189  0.119112207324947   0.84710287603738 1776585343.69876
-0.0740648376689159  -0.147028197029743  -0.105907013916322 0.195752870981276 -0.436068891454574  0.117022119269147  0.864857250169218 1776585343.71609
-0.125262702342589 -0.065990998727438 -0.103111712582083 0.175150169234354 -0.553280943217808 0.0477763655382253  0.759666116863945 1776585343.73915
 -0.157909000370683   0.286251369497296 -0.0813440936150281 0.336885678685213 -0.373000856974916 0.0100929630364979  0.805976661545549 1776585343.76191
-0.438165537876081  0.335557529276222 -0.241911304123316 0.602585241354982 -0.437659585304219 0.0474460163211507  0.763025656054646 1776585343.77853
-0.639021803917398  0.365669133152838 -0.275570912797813 0.786131101536387  -1.01920880427577 -0.296758554488993   1.18719310670503 1776585343.79842
  0.55500556990419 -0.518593904269431  0.369069956378831 0.84450189631022  -1.27665688085031 -0.481839453418533    1.4553926770954 1776585343.81583
 -0.300886953865989  -0.492302548167088 -0.0652416683666462 0.580647253700407 -0.706319840587719   0.14818099113796  0.924770293899738 1776585343.83774
-0.262005366853172 -0.451283484015132 -0.126306664678599 0.536895677713029 -0.420782225686873  0.189801740947906  0.676596879213693 1776585343.86181
 0.329621255397797 -0.198079749941826 -0.262896120548248 0.465832727002252 -0.150172353028297  0.512676151189835  0.845447092339572 1776585343.87823
  0.226995574495198   0.107016155409769 -0.0407340244084591 0.254241438604335 -0.673072797187278 -0.460665837221116  0.832257358412898 1776585343.89957
0.337078094482422 0.186480730772018 0.201559200882912 0.434767542704978 -0.357268097976563   0.16499134745465  0.598596927733548 1776585343.91578
-0.165726721286774  0.146000683307648 0.0609442740678787 0.229119510772053  -0.352259822156001 -0.0585585717648651   0.692362735394116 1776585343.93808
0.019776911368403  0.17733068030328 0.205971823604761 0.272509978751547 -0.597025890492156 -0.175074954654166  0.860087713153554 1776585343.96067
0.0243694809751658 0.0532848111368069  0.172952413017195 0.182607995086071 -0.591848870868946 -0.137621875526405  0.916987482608472 1776585343.98011
 0.0976808408671028 -0.0350416733492551  0.0541855867737847 0.117070676762542 -0.393620721895407 0.0655489916482494  0.719796275102373 1776585343.99839
 0.0089766513556242 -0.0265721660107374  -0.102041192352772 0.105825635896214   -0.25891300656936 -0.0564466559086778   0.804641792555064 1776585344.01563
 0.314939781901414  0.184177929693747 0.0751416253244377 0.372498107198927  -0.443165831925789 0.00313082150370404   0.679626903295152 1776585344.03914
-0.0248773752461649  0.0724799461578934 -0.0728574231370039 0.105737554824925  -0.369283494456879 -0.0569379745628857   0.890230402767227 1776585344.06234
   0.140324947325869    0.136167677316862 -0.00428338814264645 0.195578819410123 -0.304860178644722 0.0757211839129667  0.787791656781182 1776585344.07941
 0.0100419130176306    0.17369756102562 -0.0615611374378204 0.184557460878559  -0.346712421631365 -0.0490192781254227   0.763656430530675 1776585344.09786
-0.0406847429030644   0.309347344818478  0.0161895062901333 0.312430997446235 -0.502395726889297 -0.145063654764665  0.815928690016098 1776585344.11419
0.0911687806601305   0.20945532413925  0.132705135610379 0.264185412910521  -0.570775833562637 0.00125746359922903   0.797168705913719 1776585344.13635
0.0879916018347673  0.381642592025507  0.144919444907898 0.417606555927717  -0.416485037417619 -0.0741994511498084   0.713935455778564 1776585344.16195
 0.0837393874749228    0.61928738068481 -0.0901918021549286 0.631398215127412 -1.33748233297746 0.674292701790916  1.05409651817495 1776585344.17958
-0.644366060230404  0.249659234250798 -0.187810977683613 0.716107754574702 -0.911514877488641  -0.26723499238584   1.03512760764399 1776585344.19795
 -0.515996934663338  -0.386387607909103 -0.0927033766096517 0.65126195663689  -0.923557983290861 0.00389834087779013    0.87420227950382 1776585344.21549
 -0.238994893852536  -0.458943168625577 -0.0213376114624478 0.517882887319703  -0.616175721936028 -0.0660334372431638    0.71494271386878 1776585344.2357
-0.358102551545408 -0.107844760774883 -0.206688084240112 0.427303047048311 -0.353405051955578 0.0238699598800462  0.568740371773718 1776585344.26193
-0.0220699079999639   0.158489376563365   0.118844524279021 0.199323817627693 -0.386050343212442 -0.442176684969446  0.773427268148366 1776585344.27933
-0.375350724250455  0.306154115716724 0.0890975082349216 0.49250063425269 -0.688708821010715   0.40736855832016  0.647362955805609 1776585344.29782
   -0.25451832794604  -0.0127475474361727 -0.00839889867608312 0.254975725756505   -0.729127450556988 0.000306874427349009    0.760285049267051 1776585344.31549
   0.181006325166436 -0.00790542457942869   0.0943402508258336 0.204269107830626  -0.744914450163134 -0.0184186290728305   0.857818936575611 1776585344.3358
 -0.0334055721717859 0.000195508930544396    0.012506385005115 0.0356704379250169 -0.425102724938536 -0.111151157788324  0.835992389805902 1776585344.36203
 0.272332431544654 0.0680118490121694   0.24061849735868 0.369713167399036  -0.374330332506842 -0.0446362660333333   0.875271448864957 1776585344.37956
 0.0707716400969632 -0.0610696620119797   0.145557349511611 0.172988643144909 -0.343873315549293 0.0566182396199845  0.836264947034821 1776585344.39767
-0.253508101315552  0.182530991984627 -0.129466525119463 0.338150116951062 -0.393251082563634  0.126999339245716  0.781658151291433 1776585344.41543
-0.620496223753792  0.398815903841644 -0.375639558202539 0.827752841454708  -0.488833563373006 -0.0195861843469724   0.849889432547941 1776585344.43424
-0.176331688833352  0.284014898838904 -0.189732067225458 0.384389886161097 -0.485550372393904  0.117835526847698  0.741357775873323 1776585344.46857
 -0.654222909752487 -0.0661701394832698  -0.338626901028422 0.739631179105072  -0.333283517798113 0.00346688140794185   0.870090485647213 1776585344.47849
 -0.251320600136927 -0.0315448124954277  -0.139240514878725 0.289041589104837  -0.308357060236499 -0.0598535017412254   0.784263042501113 1776585344.49755
 0.0757082232565738  0.0441714165592274 0.00880675782545579 0.0880931784698012 -0.509024030715295 -0.122512730946233  0.956455860396721 1776585344.51606
 0.583774122213738 -0.271954416926256  0.423573233915097 0.770821454774979  -1.24757094608402 -0.563935442322466   1.56881581753044 1776585344.53454
0.0295919220141713 -0.505152256993926  0.108047986756422 0.517425213955279 -0.941801724015216  0.160816761121551  0.901548069374232 1776585344.56182
 -0.135491657708963  -0.653189940222792 -0.0245508797914979 0.667546128005784  -0.582052473938139 -0.0159776587630766   0.686618051668929 1776585344.57986
 0.343948430031958  -0.38844083792226 -0.293156624749629 0.595925845824622 -0.0122925406479298   0.482832914419695   0.533652839527831 1776585344.59935
 -0.278340885774785 -0.0360621334354933  -0.315781613032202 0.42248331717481  -0.48953627598737 -0.648678271103946  0.919569041947949 1776585344.61752
  -0.390249356745951 -0.00233205821958156   -0.174037093173425 0.427304234400297 -0.342694152230595  0.124577345401665  0.703208947968389 1776585344.63573
-0.116231533533438 0.0975131050851703   0.14933247663444 0.212882041583272  -0.461915485814335 0.00204054424142474   0.642589084103443 1776585344.66199
-0.0859506654807015 -0.0270170090530217   0.154606971453078 0.178943430437217 -0.599451944943568 -0.176980061865785   0.84707966431656 1776585344.67988
-0.0481343180350829  -0.180753248089595  0.0471798390773017 0.192910825209477  -0.569359013733036 -0.0744152801627093   0.910735213308098 1776585344.69939
-0.00504573319603296  -0.0798372627013803  -0.0918942510494936 0.121835960681082  -0.396551472580647 -0.0379586162127534   0.844981152902116 1776585344.71757
 0.363952955583387  0.156860435096591 0.0832152945026699 0.404958930282739  -0.375027082088678 -0.0382271872258191   0.771347133894959 1776585344.73666
   0.179734360332178 -0.00658702676990449   0.0459747376149702 0.18563810412857   -0.40775638454031 -0.0191611862899227   0.902498594526076 1776585344.7619
  0.0201789323078655  -0.0419000215838091 -0.00653490607012643 0.0469628163034806 -0.346923694928032 0.0400285694069273  0.878554458282473 1776585344.77991
  -0.237705117183719 0.000749320761897071   -0.126402402788692 0.269224537603251 -0.306484085008725 0.0033698795134322  0.784818597320663 1776585344.79864
-0.0997157824818748   0.155629704273896 -0.0360687889179065 0.188321001649729  -0.360257385277038 -0.0516822307419842    0.79319462231319 1776585344.81656
0.0381047217528246  0.239731393645903 0.0824691258955134 0.256367446539605  -0.438251933058122 -0.0951034539532799   0.791913850497274 1776585344.83438
0.118966350545349 0.170267131337088 0.149511372068347 0.255924869744228 -0.543707999975037 -0.132563212556242  0.845745120094444 1776585344.86191
0.253850431841358 0.222086582632228 0.216362289031503 0.400718270167779  -0.624106298187099 -0.0170332936251117   0.918056570081058 1776585344.88137
-0.239091226047329  0.118506030568955 -0.424205923152867 0.50115761881069  -1.2294208702008 0.621245725863409  1.11463989153274 1776585344.8985
-0.650332310739617 -0.113459452827436 -0.342554639780739 0.743739768375433 -0.844427121193097 -0.215107888820457   1.04878985027582 1776585344.91655
-0.385666696514472 -0.311557843933811 -0.135032080394469 0.513848959960734 -0.786748819528028 -0.076456643813967  0.860011062232418 1776585344.93414
0.0586800020045517 -0.373108078987259 0.0381310176362323 0.379614219631973 -0.391120367706663  0.044662841252659  0.631762750107709 1776585344.96176
 -0.367108417471167  -0.287516998132877 -0.0726443901873782 0.471923533868805 -0.295691722103869 -0.414448386470271  0.707781828128986 1776585344.98045
 1.14400305574218 0.220757964212935 0.731524121755617 1.37571967021672  -0.374542130948829 -0.0420104031258649   0.754595263320525 1776585344.99855
-0.0680889052938251   0.332380650275246  0.0883537665149012 0.350598607753763  -0.70307380727682 0.0339416765724411  0.781564298458561 1776585345.01769
  0.332011155390304 -0.0158934613173009   0.205342687779225 0.390704016924123 -0.871315794033055  0.048012653112504  0.901134830285511 1776585345.03514
   0.126522833211632 -0.00615571098967385    0.142188682516699 0.19042988614585 -0.467896506097371 -0.224256583560907  0.857346353556387 1776585345.06178
 0.317239904384533 0.0850272473908307  0.322704479009767 0.460444318572544 -0.374603820724764 -0.142327533656386  0.836047167009123 1776585345.08075
0.116240771621011 0.210941639042698  0.15849807685737 0.288322618669699 -0.308962610098079 0.0514341872111259  0.860207069484569 1776585345.09865
-0.371954322169112  0.212470825317328 -0.176765456658277 0.463400362601195 -0.300226354247677  0.133841507108005  0.774548854097916 1776585345.11785
-0.371050229622988  0.320823014145276 -0.226509538037169 0.540289043133714 -0.516208259467171 0.0203821121559019  0.877874632827838 1776585345.13565
-0.425181391170284 -0.139732864455001 -0.245380532762888 0.510407772927976 -0.300068945254067  0.112084230845963  0.809426050075552 1776585345.16202
 -0.423217958921885 -0.0467527982828025  -0.204176804927154 0.472215451432436 -0.395399079913274 -0.022476724116546  0.859886817666618 1776585345.1815
 -0.162306662035339 -0.0699102231800343 -0.0596859168696598 0.186529623702799  -0.386037790916329 -0.0283861965432193   0.834039253760962 1776585345.19941
0.0581022272931366 0.0143187246384758 0.0184132689638518 0.0626094494915181 -0.374593706770092 0.0380824439186159  0.776603858969188 1776585345.21771
-0.0760400455211112   0.172955210192851 -0.0406972196397492 0.193266285063153  -1.07996420549867 -0.367412615499526   1.15809298427531 1776585345.23631
  0.825954068941094 -0.0190902691114522   0.352622683365496 0.898280200827659 -0.969826533488013 0.0366024371904523   1.02414582578035 1776585345.26085
  0.351344686709513 -0.0765540365854539  0.0960124455038374 0.372185436426736  -0.741042029872438 -0.0481171698907193   0.994717032258249 1776585345.28081
 0.257497169619776 -0.241641314552281 0.0822306119187835 0.362570256360457 -0.412166378070551  0.264527610365005  0.631338105875881 1776585345.29888
-1.66423091673925 0.513159849731728 -1.01077102886245 2.01361755266364  -0.486177604622988 -0.0205190334601131   0.667616294687438 1776585345.31842
-0.0374045935631564   0.102359980640054  -0.297647442165927 0.316971085564876  -0.72869178667623 -0.514783681287867  0.802408689356369 1776585345.33739
-0.268339432547287   0.41854619382044 -0.156994932026693 0.521377383574933 -0.440544614318508 0.0350876681268139  0.701268561366634 1776585345.36189
-0.0508598077048793    0.35100004756429    0.10394977803928 0.369585321386452 -0.496252969857235 -0.175957962756794  0.745413317834154 1776585345.38064
 0.14445973297527 0.357319259578999 0.237658470470187 0.452799311288786 -0.797984198710272 -0.262825704955864   0.86941464843748 1776585345.39867
0.366910841691653 0.156392274438815  0.27558977598678 0.484800818773511  -0.692752660513518 -0.0173110710287629   0.824718460102124 1776585345.41652
 0.0185177101486248   0.135210373314887 -0.0117432989037659 0.136976843700834 -0.446066108225308  0.132057882022352   0.72062826698157 1776585345.43588
  0.167266967155039   0.421049834810197 -0.0205825443454087 0.453524908716897 -0.425106418630653 -0.106073216329435  0.733487517764379 1776585345.46329
0.502632245830605 0.484529940922368 0.272329750867656 0.749381032190295  -0.381073077682284 -0.0173208703533725   0.762279452304739 1776585345.48052
0.289027206519926 0.445836357615823 0.182388616227747 0.561758303196605 -0.348976935686211 0.0270943858185712  0.906136193674462 1776585345.49957
-0.0679772291627177   0.271749683530984 -0.0409866439351048 0.28310545590803  -0.360464324709658 -0.0823052574746905   0.966857768850878 1776585345.51842
  0.118098706218848   0.183959546827953 -0.0364237395192522 0.221619286345476   -0.4237154029251 -0.221617815610586   0.89174126484619 1776585345.53774
   0.327804476869336    0.112624641086537 -0.00522872999776673 0.346651733664841  -0.418258859415079 -0.0691375217865724   0.794406665527222 1776585345.562
    0.33086194883952    0.102014667583465 -0.00230294366440511 0.346239693191828 -0.437428742614128 -0.200346126827539  0.783618814924076 1776585345.58274
  0.393608246750547   0.330667854067002 -0.0679404511400863 0.518540824356612 -1.31072941619414 0.573343585328263 0.932148294976265 1776585345.60174
 -1.60539728630055 -0.374363818297972  -1.14718628225631 2.00835382378426  -1.24026576840349 -0.226236106804193   1.04636479796156 1776585345.61956
 0.860122978687286 -0.952287018299103  0.118468560278416 1.28868029528713  -0.947907895138053 -0.0579999072150402   0.992610163866423 1776585345.63788
-0.165459357681055 -0.274109200058603 -0.444330984957661 0.547670226317297 -0.308248195914808 0.0476087333072939  0.777262163026888 1776585345.66197
  0.334933881492041 -0.0546812181166126  0.0791377117786088 0.348473123800955 -0.244639755413693 -0.442805158181487  0.770493869478515 1776585345.68259
0.305636252151428 0.262514528794054 0.291777215065554 0.497454861960908 -0.595355283335707  0.635211245685172  0.727246552458143 1776585345.7018
 0.812652395505871 -0.212886312800265  0.455373286938977 0.955557077602762  -0.7492446063136 0.316882499787206 0.975808150102667 1776585345.71968
 0.122831612602787 -0.228293985531859 0.0687055719260743 0.268190612248659 -0.504218242701358 -0.192692384192742  0.819960495221896 1776585345.73963
 0.462810941127093 0.0487146887455852  0.292699217936967 0.549763513073974 -0.526063984460928 -0.243438662454891  0.912606387759409 1776585345.7625
  0.31577280163765 -0.292888283729553  0.244169786572456 0.495090793365189  -0.380970126231555 -0.0288753693015991   0.739771747127254 1776585345.78436
0.0308174112155534   0.10387635931101 0.0340414515961374 0.11357302181641 -0.29011812053459  0.14125247989634 0.587938911789392 1776585345.80265
-0.0341447726990342   0.029393129873374  0.0168926351217738 0.0481163455364092 -0.470583995011163 0.0179229579865842  0.732139388764989 1776585345.82154
-0.00769852213497801   0.0188970449713856  -0.0071925542189596 0.0216355815245625   -0.60599026518249 -0.0971485280124158   0.917980892368816 1776585345.83972
-0.0806592617843323  0.0231057190324096 -0.0362076017587919 0.0913826087870191   -0.369498902157695 -0.00860782810798446    0.877209987084121 1776585345.86201
 0.110620422540484 -0.138047954381709 0.0862664880240738 0.196814690884642 -0.375500641051477 0.0184887439283683  0.871528006024434 1776585345.8844
 0.232958794707926 -0.132657712789918  0.139798495334341 0.302343328175383 -0.389263962938832 0.0637298644630186  0.826440137991864 1776585345.90385
-0.0206477156059297 -0.0781797935742391 -0.0130290589096418 0.0819033861273446 -0.389446299092558  0.173967537790974  0.822425583098597 1776585345.9204
 -0.200055267885628 -0.0937095610056963 -0.0844805870853749 0.236517571497258 -0.326316437747817   0.20422403446744  0.767719526806382 1776585345.93979
  0.059754677845421 -0.0630416599541154  0.0544482046581442 0.102515751983173 -0.0632610051968897   0.519952499136244   0.534477026046647 1776585345.96182
 -1.57457318834602  0.880955836642005 -0.850621511672227 1.9947232559158  -1.49990163221552 -0.928831115869662   1.21850120737372 1776585345.98579
 1.43043885836134 0.282429023211965 0.798111091591309 1.662198181681  -1.64665685253744 -0.519990082017746  0.988896427782387 1776585346.00668
   0.435249178543045 -0.00346459948284886    0.183910597364981 0.472521913454938 -1.25167486067154 0.354483367659669 0.705306745094728 1776585346.02084
 0.220069847149562 -0.295373586038392 0.0247596663750477 0.369173853397846 -0.971155789582728 0.0528314694834863  0.644459844623895 1776585346.03954
 0.249854185329649 0.0469444703708575  0.100676030840731 0.273434746166223 -0.589855857710287   0.02848277511147  0.305648724255053 1776585346.06189
  0.152643169885493   0.179000614645767 -0.0420059550347379 0.238967900803925  -0.735342946358435 -0.0446755576626493   0.579884233134656 1776585346.08578
  0.0708869922889824 0.000368582822254784  -0.0820407041557108 0.108424068672228 -0.914315168080972 -0.113310346484413  0.662682484776879 1776585346.1038
 0.0572089403805389  -0.108655233425764 -0.0888277866353946 0.15155592462459     -0.80942579663885 -0.000974549366892449     0.638774728445367 1776585346.11998
 0.0474948507747836 -0.0928665441587335 -0.0828453426968685 0.133204003996376 -0.789577722980802 0.0217505721094693  0.724313225747619 1776585346.13754
 0.0715960517413244  -0.116308748111295 -0.0866105420607436 0.161725401555287 -0.764456911713324 0.0257265173909394  0.762014647473646 1776585346.15869
 0.0171112340817158  -0.077997521387099 -0.0973500750270897 0.125910463354362 -0.694249509737029  0.100113651125065  0.745607303375931 1776585346.18532
0.0269997743625072 -0.118128070198593 -0.102574927292181 0.158760336650771 -0.671196347180574  0.150820146931746  0.774212049858589 1776585346.20413
-0.00168564641435798   -0.165103957493128   -0.132896092088729 0.211951714964005 -0.642652123964271  0.152514932110648  0.793193913795376 1776585346.22163
-0.0476104703848942  -0.209190152263814  -0.178016855929113 0.278778187255236 -0.591949341919952  0.130574114917693  0.772097342526107 1776585346.23943
0.465865409818698 0.100419528267933  0.11719134930032 0.490763154764014   -0.42160452777422 -0.0498408739091152   0.853228597863568 1776585346.26176
   0.218222507701175 -0.00705325825468914   0.0378859254311376 0.221599085433967 -0.548860608832099 0.0330822488897488  0.935064758811477 1776585346.2859
 0.0820153187738265 -0.0871470599186177  0.0212010198020498 0.121534381171249  -0.418479995346112 0.00176457108383984   0.857969262367499 1776585346.30537
 -0.0602837391785112  -0.0254719065215913 -0.00292539669496941 0.0655095808031955 -0.423653072553835 0.0317594833021644  0.842625136346465 1776585346.3215
 -0.120014569363317 -0.0170683651111985 -0.0108463386408811 0.121706487127615  -0.466573248189565 -0.0442331361155385   0.879332468828522 1776585346.33986
0.00894810812057535  0.0162888031944396  0.0711598400802842 0.0735466966538696 -0.469068752397652 -0.065258667748976   0.88396617317069 1776585346.36137
 -0.146299481798843 0.00177240825434369 -0.0361142309509105 0.150701418317167  -0.467330278972955 -0.0379987487148471   0.863202345890078 1776585346.3856
-0.0994266943431142 0.00662067459454771 -0.0254211466994158 0.102838395454223  -0.501215904568525 -0.0636313641783132   0.852283856393442 1776585346.40539
0.00666100494191885    0.04020414511654  0.0391696283954469 0.056524349266714  -0.51626002857177 -0.072286047427805   0.83959299205985 1776585346.42212
0.0517040929118458 0.0368439250260502 0.0519223863960511 0.0820165973704275  -0.54853582801774 -0.060943417431247  0.841123441296975 1776585346.43989
 0.032188268207628 0.0169471649957494 0.0555058534061025 0.0663640774360579  -0.528937203556987 -0.0591732874516847   0.835454286613012 1776585346.462
   0.0092584607278765 -0.000121470211876834    0.0413852647595965 0.0424084188491378  -0.523621567924266 -0.0523411105625688    0.82359047438781 1776585346.48581
-0.00215862601691363 -0.00802623858266719   0.0288097034056424 0.029984649112302  -0.537785830197811 -0.0233835910062195    0.82021161712184 1776585346.50556
0.00926052461668276  0.0211876812551314  0.0372245820922484 0.0438217373581625 -0.537103766326905 -0.033166840711573  0.825696918138588 1776585346.52231
0.0262331116883321 0.0181648345966904 0.0355901561616225 0.0477995458177827   -0.55899196809168 -0.0228004816755293   0.831987718510169 1776585346.5398
 0.0219178637207366 0.00759592232112712  0.0227527981341697 0.0324927777963604  -0.536257699725613 -0.0182077748904835   0.823282968771109 1776585346.56193
  -0.013208842321124  0.00940701602776916 -0.00977417146157254 0.0189340934235374   -0.544959330128294 -0.00766720003066405    0.834408614734873 1776585346.58659
-0.00494179609267091 0.000675015683101138  0.00564639377122399 0.00753384081419876  -0.532476800081407 0.00348067784713378   0.835195512830702 1776585346.6059
  -0.003432754557375  0.00243290281926233 -0.00230502901413023 0.00479749713237388 -0.527382972177333 0.0147862001224771  0.831683826945305 1776585346.62249
-0.0168695404213177 0.00067634114339686 0.00661578960716724 0.0181330500328826 -0.526902946445078 0.0191064741231659  0.834186349846883 1776585346.64007
-0.0330248583582591 0.00731307021034311 0.00235473178327084 0.0339067401449274 -0.533344823065101 0.0110031357726327  0.836185664849159 1776585346.66197
-0.0405846476431877 0.00848517167834302 0.00100990043750205 0.0414744699981364  -0.535002144978057 0.00309538583919034   0.836906598757715 1776585346.68594
-0.0385991901053233 0.00612581089346959  0.0073110318271565 0.0397602090319849    -0.53797829203545 -0.00380074690621313    0.844610397664975 1776585346.70581
-0.0210061628168079 0.00595474606674863  0.0133382318521741 0.0255856660251019   -0.533183560942874 -0.00946835850496617    0.843465807588013 1776585346.72363
-0.0124062504662049 0.00329404417638837   0.020091890666927 0.0238421863141356   -0.522307929070235 -0.00537150199704709    0.836344780441936 1776585346.74017
-0.00844168151801084 0.000636543038139563    0.012690310940922 0.0152548735054806   -0.53473969926029 -0.0265754072004184    0.83990069625794 1776585346.76197
-0.000326753553347646   0.00656490252527163   0.00921481068247692 0.0113188978688225  -0.528547335493628 -0.0174371935260673   0.836407529062147 1776585346.78634
 0.00574249427006083 0.000253545279328859  0.00425279574907372 0.00715030050653054  -0.524844467686382 -0.0130488831778558   0.839489997450519 1776585346.8075
0.00837682145591895 -0.0052262296513946 -0.0010941042115378 0.00993386521446536   -0.539274391286231 -0.00417840656248853    0.835366035316312 1776585346.82275
-0.0024579581036592 0.00475812721271281 0.00382882490031158 0.00658340586087081  -0.527416448260207 0.00418060127305465   0.837981170782077 1776585346.84158
-0.0129785881648492 0.00295490368755074 0.00305395685934465 0.0136565683483883  -0.523585489403602 0.00204992869024437   0.826802877828531 1776585346.86219
-0.0164630103984889 0.00811227280003743 0.00282401960935945 0.0185691886768654    -0.53840988126662 -0.00204705091088881     0.83968028706687 1776585346.88731
 -0.0178422750051475   0.0100643515873166 -0.00167611397578759 0.0205535230141274  -0.538758151723707 0.00378750947354749    0.83993081480831 1776585346.90659
 -0.0168299766140248 -0.00346478463453575  0.00661578960716724 0.0184125369658458  -0.531963052460134 0.00373671891838891   0.833148186616239 1776585346.92402
  -0.014669089973192 -0.00843917735085291  0.00279023361414183 0.0171518896516459   -0.53187159846552 0.00860837972743896   0.835306345715742 1776585346.94077
-0.0272250338264279 0.00507830471221796 0.00885457410821675 0.0290756793254806  -0.527708191665322 0.00421788271077978   0.833418088675725 1776585346.96432
-0.0333335587375056 0.00789874278926886 0.00667036259353691 0.0349000001846278  -0.524225487692658 0.00292108929695684   0.833805960968953 1776585346.98584
-0.0165958604705647 0.00447444455971106 0.00814287730800275 0.0190197184450655   -0.541547171153778 -0.00679089719519137    0.840964923855491 1776585347.0059
-0.0357543235519492 -0.0014258428225997 0.00477203247734428 0.0360995425785017   -0.533785209931805 -0.00658573788284497    0.840682299668308 1776585347.02371
 -0.0112360693094923 -0.00152477563935745  0.00587829242715412 0.0127721774234948   -0.530060329370598 -0.00855189427061546    0.836871147349398 1776585347.03998
 -0.022813123062108 0.00374119946583774 0.00629798887825136 0.0239603802390664  -0.529349048341079 0.00208444443398613   0.840157655664085 1776585347.06066
 -0.0316749544142785 -0.00381194199027563  0.00549334043800058 0.0323729891738718   -0.527067787033364 -0.00403656780866122    0.836721443763902 1776585347.08564
-0.0243912194200733  0.0149473573388948 0.00758335774405149 0.029594972392098   -0.520195743512874 -0.00562845572370428    0.822534805144718 1776585347.10577
-0.0287463877668882 0.00676427377052393 0.00456356929543792 0.02988204099457   -0.529171252396901 -0.00715784544906088     0.83981113032617 1776585347.12365
-0.0181377792424361  0.0023999605502981 0.00582335662747068 0.0192002689799138   -0.548443411596482 -0.00807501276097029    0.842780387635724 1776585347.13995
-0.0171746096776147    0.01211829847995  0.0105707534337121 0.023527881412994  -0.537439538817577 0.00251160430075466    0.83614833215249 1776585347.16185
-0.00964717018505325 -0.00258124532920192  0.00704023024300113 0.0122186563051497  -0.523050649592853 -0.0038525303178512   0.831834053891098 1776585347.18553
 -0.019161050026295 0.00141836798820979 0.00775463553875221 0.0207193623984677   -0.536708218220939 -0.00531317148679043    0.839618949069086 1776585347.20656
-0.00121222866799816  0.00119154286506895   0.0126063764743478 0.0127204559885172   -0.527497933840121 -0.00545846098243412    0.841259952546033 1776585347.22384
 -0.00934601057615791 -0.000934825991418437    0.0147117622683226 0.0174544482113737   -0.526970987263214 0.000441088410767011    0.833577987985808 1776585347.24135
 -0.00783942068280903 -0.000572005718915828    0.0107017182105461 0.0132781956546234  -0.531999421612555 0.00553862524819094   0.837364028464598 1776585347.26191
-0.0081978096715322 0.00591136718724603 0.00741590946476287 0.012535711332935    -0.526833298766474 -0.000272419526816955     0.831196960589908 1776585347.28664
-0.0207572091808714 0.00830091996216696  0.0118425238338491 0.0252984658813936  -0.532376509841807 0.00269064794999361   0.839142220516967 1776585347.30751
 -0.0208507552742958   0.0128426197916269 0.000224201008677483 0.0244895313289813  -0.534185897163373 0.00075920867204924   0.833048562857109 1776585347.32416
-0.0153665136462832 0.00777949620400126   0.012553703300424 0.0213130422367281  -0.538592794721197 0.00371874216017066   0.837313892296978 1776585347.34068
-0.0217039207226266    0.01067832880222 0.00654349994521362 0.0250580181234549    -0.54125224480009 -0.00749355448461886    0.815009141185035 1776585347.36188
 -0.012328639626503 -0.0191153138875961  0.0172684323042631 0.0285585247221985   -0.533573815359904 -0.00560061379694222    0.838101905779793 1776585347.38624
-0.0197854917496443 0.00432050321251154  0.0087463166564703 0.0220597027822184   -0.519963687641933 -0.00562824640990985     0.83215538329328 1776585347.40632
-0.00931738013780725  0.00533655887950981    0.010852243015065 0.0152664210529157   -0.529315704870234 -0.00164581798720423    0.841526431696912 1776585347.42402
-0.0258406903414016 0.00432072143567369 0.00207422602791735 0.0262814064437158  -0.524726890915613 0.00159161739152343    0.86277665612869 1776585347.44072
 -0.024345412889712 0.00957231350002183 0.00811092486775897 0.0273882350056313    -0.53201362315123 -0.00206900600743988    0.826588591862949 1776585347.46328
 -0.0283611991410522 -0.00180312480525753  0.00858554147247831 0.0296870409127855   -0.515401213611371 -0.00781085116033768    0.836108202876697 1776585347.49145
 -0.012328639626503 0.00751629658043385 0.00235473178327084 0.0146299292922545  -0.537914008315621 -0.0103683281887424   0.835701539998998 1776585347.50651
-0.0197854917496443  0.0149731487035751 0.00128946639597416 0.0248459974535329   -0.535360648997104 -0.00699399046945781    0.857077704773453 1776585347.5258
 -0.0115450272443555 -0.00196092940608594 -0.00510212033987045 0.0127735872084189  -0.534207212761894 -0.0114580289053667   0.834469982341266 1776585347.54197
 -0.014065241361851  0.0115062848219405 -0.0048310507574807 0.0188033150373039  -0.52530378111421 0.0019419077978294  0.830732919502695 1776585347.56184
-0.0115500253992504  0.0144924544229261 0.00115177734219229 0.0185677384990716 -0.533021138634371  0.007132067919633  0.843660620586204 1776585347.58573
-0.0219160206615925 0.00432050321251154 0.00555052421987057 0.0230171029620159  -0.514076348558963 0.00538238855755217   0.845396750941794 1776585347.60768
-0.0325686633586884 0.00432050321251154  0.0087463166564703 0.0339982740155459  -0.515759758444661 0.00173024171951001   0.804220526058386 1776585347.62468
-0.016651325820645 0.0101750558011295 0.0105775174923426 0.0221964476536718  -0.541966038247798 0.00270238168914261   0.836776414211384 1776585347.64182
-0.0182418783775642 0.00731528472096727  0.0083604143255947 0.0213582781372064  -0.530641295480524 0.00047398988135216   0.842581651011834 1776585347.66192
 -0.0223280220228413 0.000649770414924231 -0.00721167005242882 0.0234727704796366   -0.528119337046285 -0.00360822312719911    0.838141623053758 1776585347.68609
-0.0127125074761801  0.0104304995780295 0.00371752606421486 0.0168589195329157   -0.534693414098672 -0.00463574667585017    0.834033773634108 1776585347.70758
  -0.0157521363944783    0.0126149173228965 -0.000776004675890732 0.0201957451783975   -0.531891716800712 -0.00110898705170604    0.840020961935972 1776585347.72423
  -0.0156207721509572 -0.000768344367993132   0.00843827601748506 0.0177708575428202    -0.525252003516232 -0.000380641130361904     0.837772278485359 1776585347.74145
-0.0299861903712143 0.00543955820224646  -0.001508171567538 0.0305128659403122   -0.529334367989938 -0.00181614596782153    0.837482000125575 1776585347.75982
-0.0212117679352312  0.0117418092443868 0.00482849952924001 0.0247209140400096    -0.534406899520734 -0.000518489845367234     0.836593545906109 1776585347.78453
 -0.0276191621752292 0.000124639894702115  0.00757717817332188 0.0286399595571507    -0.522830175641303 -0.000414446673105898     0.833645604141533 1776585347.80626
 -0.0176565826260598 -0.00206622416249037   0.0034216132336409 0.0181033596175174  -0.528858541395801 0.00526676687046016    0.83631706633575 1776585347.82407
-0.0209903746589187 0.00652084143203579  0.0114322347737051 0.0247752536460203  -0.537719397028187 0.00490355978420177   0.842874638675425 1776585347.84169
 -0.0191290469655978  0.00267355281482929 0.000471828199932324 0.0193207387104111   -0.526351276732059 0.000273743303016081    0.835162140913132 1776585347.86184
 -0.0285246293856798  0.00275546961862047 -0.00132371825213766 0.0286879648009504   -0.536333478685528 -0.00151040162998147    0.835422062014723 1776585347.88585
 -0.022088134534364 0.00374419278411354 0.00713472829170888 0.0235118909194748  -0.524856490609191 0.00235309397716058   0.835765696944482 1776585347.90682
 -0.018453443958424  0.0103790787863035 0.00415224717590925 0.0215753569376925    -0.52683157037462 -0.00362632391705849    0.830053071882923 1776585347.92483
 -0.023765816384831 0.00512974904987767 0.00555052421987057 0.0249386582010259    -0.527363861255925 -0.000275139501104265      0.83435771362504 1776585347.94202
-0.0242490926717312 0.00718812106250361 0.00215218682243521 0.025383449094441  -0.542778919227735 -0.0131161379996308   0.837737515503489 1776585347.96137
-0.0287069816990465 0.00178980348801925 0.00208901092796398 0.0288384840352656   -0.522698458889537 -0.00503673155883392    0.833712582989268 1776585347.98544
 -0.0165896974503994  0.00135423445313029 0.000926381263393684 0.0166706387008717 -0.542986007516992 0.0644075618648842  0.877331346500398 1776585348.00765
 -0.233240289961323 -0.0865481217507634 -0.0805349506561833 0.261490895667556 -0.553178492391321 0.0508632468752907  0.968517426992476 1776585348.0246
 -0.205232635560643 -0.0312960083176106 -0.0544678220246901 0.214631354820066 -0.337033593050501  -0.01438404892596   0.84773698591094 1776585348.04176
-0.0115381558295165    0.19005882744895  0.0418267622633585 0.194948621366378  -0.209602737713963 -0.0992493116220394   0.740431229134966 1776585348.06178
  0.0114099186216379 -0.00101493837889364   0.0462728381078837 0.0476696118027383 -0.456325015519458 -0.141381816414546  0.926482931208098 1776585348.08628
-0.00174690205157404   -0.169361018458539  -0.0243593544498577 0.171112782658997   -0.62544920268558 -0.0216458848495062   0.964053438320432 1776585348.10775
 0.026667383051588 -0.141190535259728 -0.046001539818093 0.150870998642497  -0.57922876287103 0.0292232302544491  0.992196062547698 1776585348.12492
-0.0193031202162042   -0.18488551387745 -0.0788047205531062 0.201904550897852 -0.500309977934397 0.0346672337986779   0.89118056554555 1776585348.14362
 -0.115119084357525 -0.0990985289589368 -0.0948858201526266 0.179098411191101 -0.380950726361734 0.0536557980199482  0.762737784186519 1776585348.16197
-0.0155817863263635  0.0338451981918933 -0.0534995397225975 0.065195784037764  -0.464562026701135 -0.0921444206608705   0.799222248012728 1776585348.18631
 0.0940939471146759  0.0183380832895637 -0.0112091164015167 0.0965173584017774  -0.529118207460546 -0.0624952188884848   0.831730220911369 1776585348.2077
 0.0515518233228203 -0.0113181291029394 -0.0364010275779283 0.0641149385325073 -0.518680057277081 0.0201945850903765  0.836080973175366 1776585348.22599
-0.0569164430448653 -0.0128318987227456  -0.117839626205206 0.131492648531745 -0.476811268102273  0.087718033606168  0.820238212655504 1776585348.24363
-0.235120323477976 0.0575262765490104 -0.239579263845286 0.340571670387644 -0.703339252423738  0.219746292660977  0.934615692832278 1776585348.26162
-0.0193655130710811 -0.0596799127367618  -0.026263540324668 0.0680182962970933  -0.507018469164861 -0.0598770205055171   0.852457202392779 1776585348.2866
-0.00425973903768419   -0.142840776449473  -0.0334454884396107 0.146765913925276 -0.439464872723739  0.012395765959114   0.79607930894527 1776585348.30838
-0.0444312658175854 -0.0374307493850163  -0.092275818982546 0.109041391914155  -0.521681624509888 -0.0488696671771299   0.865827867916379 1776585348.32642
 0.0876709893151109  0.0104604627327364 -0.0364595275666516 0.0955244513119897  -0.542587728948883 -0.0878988467866879   0.873304397995145 1776585348.34356
 0.0711820253079249 -0.0351603412063027  -0.038215060898621 0.0881108460983493   -0.49050415727911 -0.0454486130488825   0.844208345455903 1776585348.36178
 0.0559241296405091  0.0240919443367159 -0.0260933376200024 0.0662479609204942  -0.453462515101818 -0.0171873476645539   0.818338077478457 1776585348.38328
 0.0410331628644456 -0.0703945484996112  -0.013153992283916 0.0825356918316528  -0.483555760645403 -0.0677263333231249   0.849093931368515 1776585348.40789
 0.0433735208888555 -0.0437488949954564 -0.0329963133637271 0.0698855122555221  -0.486698626439331 -0.0797368423154679   0.852322044644521 1776585348.42613
  0.066699258435773 -0.0301510811772892 -0.0344590372482482 0.080903053218761  -0.47315019573381 -0.058754809488338  0.836761414423684 1776585348.44386
 0.0320679880172339 -0.0252535104948335  -0.061014614710406 0.0734089834832592  -0.477166419581799 -0.0387989593471727    0.81823811245356 1776585348.46196
 0.0443600315926691 -0.0308323575594842  -0.023907523597156 0.0590763604170658   -0.479013982936141 -0.00557185036492066    0.804567229765745 1776585348.48426
  0.059918096754022 -0.0738569523845865 -0.0054281786040785 0.0952601325693031   -0.526739413913684 -0.00269924765560363     0.84806260517094 1776585348.50788
 0.0325838845289748 -0.0558315326922008 -0.0359919523974692 0.0739884464706453 -0.548822251994706 -0.028718169619999  0.844706050821985 1776585348.52638
 0.0449065497940244 -0.0526012328357774 -0.0356216307360179 0.077797098188429  -0.504779504804338 -0.0172145771621332   0.823749164726676 1776585348.54385
 0.0161727830446241 -0.0165420259751711 -0.0708175974645585 0.0745005345311291 -0.503580824156391 0.0103734037711599  0.815749358772696 1776585348.56209
 0.0333056518479287 -0.0412592079621667 -0.0388167764610029 0.065714007802783 -0.523835392519806 0.0453265976729729  0.827566003185563 1776585348.58398
-0.00506844653722886  -0.0562686554962017  -0.0275710034322602 0.062865021847707 -0.528741791377798 0.0363498407754076  0.822410882664398 1776585348.60985
-0.0218578189358788 -0.0269492831981019 -0.0413483995321199 0.0539788686190529  -0.524371246225002 -0.0124367591355421   0.826172619750885 1776585348.62564
 -0.016450232843216 -0.0126650720763359 -0.0486101960220334 0.0528579735574049  -0.528919630946099 -0.0241189181545079   0.835650774818033 1776585348.64232
-0.0085839545586188 0.00338461183797922 -0.0457435022742924 0.0466648462279307   -0.523517864846657 -0.00238119538431306    0.826845133221556 1776585348.6603
-0.0329368830043848 -0.0136698117305148 -0.0562177913217242 0.0665743349638972   -0.52158536567952 0.00446217003312787   0.835356527140805 1776585348.68176
-0.0540119503836357 -0.0354328203781698 -0.0417976447428045 0.0769403577470346 -0.575455431527445 0.0173397970545405  0.835212816336459 1776585348.70748
-0.0680309844930063 -0.0387653076130383  -0.013034205161831 0.0793779215501505  -0.500151262138593 -0.0448255674596048   0.778289602813756 1776585348.72655
 -0.037448154744865 -0.0763242725487534 0.00227895430817278 0.085046766585394  -0.552719874830737 -0.0770684740908382   0.841173512893336 1776585348.74504
  0.10408635596062 -0.121431057415833 0.0886716748729892 0.182871914538754  -0.543627149032897 -0.0866590763952121   0.942775566992585 1776585348.76067
  0.0905784346563628   -0.162571671611032 0.000598332369842873 0.186103087660648 -0.444390896443903 0.0365118419587323  0.939655821895211 1776585348.78251
-0.176849716164462 -0.034428687055032  -0.22980541034811 0.292013155910906  -0.502590326443177 -0.0472272209942352   0.940629551754481 1776585348.80784
-0.0471803521327043 -0.0600270547607027  -0.141986962654649 0.161212687138771 -0.455694373663244  0.048034785919531  0.875092275731945 1776585348.82757
-0.048001078947449 -0.140301375224558 -0.173083868628928 0.227917978776527 -0.372777005670941  0.107558722228579  0.810831757330352 1776585348.84371
-0.164884401261758 -0.103194431127565 -0.199530233916872 0.278654392827588 -0.368510495782944 0.0733277632352393  0.856760289507047 1776585348.86192
 -0.159374392796279 -0.0399201485505817  -0.129062424556065 0.208928037304171 -0.241550234047556  -0.34681890690472  0.923543739020241 1776585348.88218
0.0200390782866386   0.23453711373452 0.0823589528706307 0.249383679288449 -0.560808762988241 -0.077528702084456  0.848037962015106 1776585348.90751
0.0823590052042968 0.0187043938947486  0.148823074384397 0.171117408694835  -0.46174426884838 -0.112908111587005   0.80432335012884 1776585348.92744
0.541854256212165 0.150845315494317 0.377573215527836 0.677437729437805 -0.749676094243552  0.338739822795161  0.911958954570428 1776585348.94402
  -0.6981430713526 -0.431935537846402 -0.285014479385125 0.869025494672899   -0.750632296540466 -0.00692996196840043     1.08186727572364 1776585348.96183
 -0.286570684101919  -0.117007656442138 -0.0494423102034474 0.313461466038455  -0.509320050687248 0.00472652098371867   0.710867533655719 1776585348.9818
-0.0276437729400685   0.211599612284964  0.0924989360037711 0.232582517105948 -0.489263075942963 0.0503332534670158  0.770877453259115 1776585349.00772
0.0392482647069497   0.11174047802391  0.106842635900512 0.159504575350327 -0.473156017111353 0.0235916803590638  0.823806022082898 1776585349.02771
-0.100091357572257 0.0216971239616564 0.0480313883070895 0.113119668102285 -0.558343081126952 0.0508097933212143  0.793339011661215 1776585349.04408
 -0.190067118522101 -0.0235204936913305 -0.0173036297551325 0.192297006657621 -0.570697936461906  0.058268774596213  0.809686926847128 1776585349.06077
  -0.184927123331295   0.0412788111201062 -0.00603646111503528 0.189574312747984 -0.533552793502364 0.0506485297023758  0.830571426711514 1776585349.08366
 0.0710705231172803 -0.0112342458332712   0.124814935643882 0.144069412768265  -0.544546744054187 0.00360352740313371   0.853076427311207 1776585349.1095
-0.0954376192130185  0.0471661547299654  0.0333539301445676 0.111559266621598 -0.510996472098924 0.0444401660845674  0.848216512532828 1776585349.12847
-0.0343904473225898 0.00294960921412453  0.0501432559490418 0.0608748649175913 -0.565965002537482 0.0156295517499974  0.796473460603601 1776585349.14485
 -0.117603041311286 -0.0083853415650498 -0.0338533156478934 0.12266554634119  -0.573083424335893 -0.0132476529430813   0.807213956303438 1776585349.16181
-0.305292413259546  0.142994514395953 -0.138385672200785 0.364419377931025  -0.48780556395817 0.0725402065767041  0.763065699015511 1776585349.18396
-0.309504518010416 0.0312962264147726 -0.144390903490893 0.342959521616737 -0.603439165526832 -0.043046804734117  0.996560099707866 1776585349.20835
 -0.184901475906372 -0.0819659158587456  0.0428347811102867 0.206740865886945  -0.500092836455047 -0.0790962753171481   0.984050813635354 1776585349.22849
 -0.0698529258370399 -0.00739740580320358    0.145100176334381 0.161208604090727   -0.34084129221523 -0.0771345021566068   0.833342381936381 1776585349.24544
 -0.0612885826095497 -0.00537142296779265   0.0652871641748042 0.0897081732562555  -0.33520324128367 0.0834315169508809  0.661833070852159 1776585349.26192
-0.0707253563583531  -0.179263480341461 -0.0908514951043703 0.213052729573805 -0.256550837685626  -0.16027079061362  0.919777041582415 1776585349.28373
  0.104850448668003  -0.194883957505226 0.00448525883257389 0.221344733448925 -0.240945677755593   0.10377763799912  0.640005185025934 1776585349.3083
-0.204778867206498 0.0324961970532199 -0.113045146296226 0.236155864586153  -0.443368058024546 -0.0100934073363803    1.05824176161329 1776585349.32967
-0.0986150652170181 -0.0265721660107374 -0.0349295251071453 0.107940181667763  -0.443234811212145 -0.0257146410593213   0.898497631569194 1776585349.34558
  -0.0664599267889324     0.012748566195259 -0.000615300116882236 0.0676744146857511 -0.451903143337064 0.0682034882904162  0.822282494573599 1776585349.36192
  0.273717148420061 -0.0334673441665353   0.293799990841524 0.402938674097251   -1.1751454461226 -0.346707094280159   1.23693309314042 1776585349.38365
  0.046108052728894  -0.344267672800961 -0.0270544721723155 0.348393638757602 -0.0644687278979558   0.353730970488083   0.695758050680061 1776585349.40972
-0.525200191263021  0.134469605892693 -0.419971581999882 0.685779443771198 -0.521861698839047 -0.177443518505026  0.950448415774456 1776585349.42982
-0.209464599251058 0.0970928426684907  -0.34596738586308 0.415927722708872   -0.668757731614821 -0.00134139507092312    0.907995021663488 1776585349.44555
-0.0617212354337245 -0.0175209011008219  -0.179872872079113 0.190973147297831 -0.562482329390567 0.0822574703557143  0.737102463643082 1776585349.46331
 -0.029833235855686  -0.033610031294424 -0.0156839543588283 0.0475987666811122  -0.520269934537897 -0.0784028481822605    0.70613502629518 1776585349.48222
-0.099394618707393  0.229187084773825 0.0180918082432856 0.250466212453146 -0.473504363644456 -0.157500764260288  0.808613969443099 1776585349.50954
0.144442330212361 0.285575575841474 0.150603587836987 0.353692574057951 -0.451138240212936 -0.215321039295495  0.827828276173907 1776585349.52979
0.0940420370455306  0.205288205798496   0.11213272404004 0.252112871492667 -0.641361764761754 -0.145222279827438  0.889858530402067 1776585349.54646
 0.0703190634231074 0.00868518544833526   0.122186963840059 0.1412439636212  -0.634377304369326 -0.0945242015430809   0.871215095776289 1776585349.56196
-0.124773120012688 0.0470625020393187 0.0227658186744944 0.13528301103916 -0.569960225311336 -0.121524853045356  0.834089122309547 1776585349.58368
0.00939908395328973   0.172987703615352  0.0759471897235526 0.189158832752212  -0.429970089760978 -0.0284369467435987   0.776482923094635 1776585349.60808
 0.170188302339399 0.0457452826019639  0.115036583172345 0.210452143257008  -0.514652649508879 -0.0225581169705923   0.905956497865937 1776585349.62963
 0.157421866448274 0.0344044881089489 0.0551786847872963 0.170323222412427  -0.43646812528663 0.0616140013321437  0.867719028469747 1776585349.6459
0.0812079518580748  0.173480256855786 -0.038497630439736 0.195377067521261 -0.388254314962166  0.110688618549028  0.808852740935702 1776585349.66169
 0.0109477464147479   0.237542041586539 -0.0589286184382772 0.244987054236967  -0.404211561054378 -0.0151108528168177   0.858938542477321 1776585349.68221
 0.0391626438787497  -0.143476525065832 -0.0367958319071625 0.153209527008865 -0.461076083164961 0.0830523241612061  0.865137517406612 1776585349.70847
 0.0286741932013492  0.0169700534426901 -0.0442496583876626 0.0553915547445718 -0.357255781379846 0.0624781125666063  0.808889561577056 1776585349.73024
-0.0902085896731495  0.0954426675511624  -0.105624197437022 0.16853297459048 -0.386760027613752 0.0674665258824377  0.824072583572282 1776585349.74597
 -0.122054775564394  0.0514173101430311 -0.0879331074183849 0.15897590823981  -0.496144497151259 -0.0162487061556553     0.8931904512052 1776585349.76203
 -0.0258197935884123   0.0301845884493828 -0.00344797129069105 0.0398705358231898   -0.46130952317235 -0.0387216225609482   0.875767279455948 1776585349.78619
-0.00208010363642399   0.0904592638069052   0.0142190927209529 0.0915936015092353  -0.435828584140445 -0.0464893226784466   0.813605094129266 1776585349.81007
0.0927816168627141  0.128950210465867 0.0822495669126511 0.178889844497024  -0.464709662077839 -0.0672717975073438   0.832497112406291 1776585349.83033
0.0765540064747948  0.107550282503893 0.0720296270519655 0.150385658715368  -0.481311272426683 -0.0620344714629421   0.820020090564181 1776585349.8461
 0.109641989120191 0.0738073978154733  0.106954274717064 0.170023864886012  -0.484446080918127 -0.0419263326623108   0.821185859460611 1776585349.86203
-0.0956084615428583  0.0979093052799116 -0.0939516888681185 0.165994366832609 -0.908796640424255  0.280805133398919  0.996945525183327 1776585349.88175
-0.394219101029797 -0.392011059943631 -0.223536707839228 0.599207835801961  -0.637306510641792 -0.0686897359392175   0.849611111333937 1776585349.90973
-0.315770021901571 -0.319223244247886 -0.131651780413407 0.467917062828322 -0.503355780353793 -0.284811772919861  0.910213085598808 1776585349.92984
 0.545160306839035 0.0452424971775378  0.388907496853078 0.671189753208597  -0.388898369881205 -0.0926353692541138   0.842212219191617 1776585349.94596
0.0288995199379514 0.0113890200805645  0.168935837481274 0.171767893439196 -0.558888575459528 0.0929337990906988  0.776721341901325 1776585349.96186
0.000231595336152883   -0.102377128133104    0.149327045362356 0.18105164036217 -0.580188132862273 -0.130974615049715  0.791272749470108 1776585349.98156
 0.159131743832971 0.0700134708343831  0.231466714868651 0.289485125845327  -0.427565704626681 0.00357758113270767   0.676785983034302 1776585350.00983
0.0709050230418717 0.0777498187685408  0.147652539671809 0.181311414650718 -0.504674477599032  0.048621324276071  0.784873254687951 1776585350.02961
-0.115674934620779 0.0877263241992839 0.0167222666353795 0.146137718123913  -0.588805611561479 0.00142366672430308   0.845884223224215 1776585350.04596
 0.0260139489235321 -0.0217298746756406  0.0530966341942076 0.0629933770706785 -0.550891660838571 0.0705968450471932  0.797678481294411 1776585350.06202
  0.106168614953012 -0.0208933078997103  0.0799734305466827 0.134551308835842 -0.626778531428208 0.0215025113076627  0.889905483409855 1776585350.08045
0.0822604289234486 0.0259838023020833 0.0617874411334655 0.106111375594537 -0.589075145964723 0.0171223953704972  0.940142521732252 1776585350.10944
 0.0745012666021813 -0.0849805954307716  0.0921268696581323 0.14580637996365   -0.47979350229989 -0.0881253368353346   0.886874612750213 1776585350.13149
  0.15237800392135 -0.045077116727649  0.203864818806917 0.258479915813028  -0.434605487161327 -0.0262766194066477   0.824166466769043 1776585350.14654
 0.0113073033157412 -0.0309612102932708   0.114357826202319 0.119013293647467   -0.398996813238758 0.000141752523431736    0.796427437370231 1776585350.16197
-0.0250479536156798 -0.0017904470067316  0.0423390413806175 0.0492260104603938   -0.38801315931043 -0.0251647147341792   0.801616572234887 1776585350.17963
-0.329694773432792  0.196387085490429 -0.146337546434959 0.410708179213574  -0.34427954496887 0.0232261852329556  0.841293221831778 1776585350.20555
  -0.116034752225586 -0.00420922853290894  -0.0372298966451061 0.12193377929475 -0.341279128955463 0.0431744318250172  0.907385631341679 1776585350.23311
-0.221006362968902  0.141483983446365 -0.115106140302438 0.28655008912914  -0.37687239312646 0.0113948552212069  0.916406970794695 1776585350.24377
-0.0677797144446569   0.123974042916375 -0.0389200164409502 0.146555179666207  -0.428599416837736 -0.0042221218812236   0.872820454881693 1776585350.25976
-0.0668593387279576  0.0625389562517008 0.00603000088791829 0.0917477691003994 -0.433148010437506 0.0238170787281552   0.83428684975453 1776585350.27609
 -0.122742217135303   0.142890489515591 -0.0417364660345821 0.192938530258606 -0.383946290724287 0.0999901844134859  0.828707131628925 1776585350.29977
-0.0888544640689055  0.0546781122180195 -0.0330941374492463 0.109453340169263 -0.548437239102356 0.0123822902063609  0.908141302290362 1776585350.32651
 0.236487581735011 -0.147033334862464  0.140637794235589 0.31196821479616  -0.725672142297962 -0.0179705775097756    1.07194517752055 1776585350.34565
-0.190500870615244  0.200945606638988 -0.206919317916036 0.345666490507128   -0.545075085439141 -0.00898629925401613    0.984298555173727 1776585350.36197
-0.192625390939373  0.212321182799306 -0.291212485379199 0.408643533584679  -0.70844521411203 -0.154833805690134   1.07291314961667 1776585350.37803
-0.163123486799776 -0.128381982966409 -0.211624883302507 0.29643936433764 -0.474108804657885  0.211012101167741  0.833743684642259 1776585350.40012
-0.355749810357267 -0.059630832512861 -0.219220280647278 0.422103417662638 -0.477737063650475  0.034462142197212  0.731542515134603 1776585350.42666
-0.0911803124790152 -0.0996993550496856 -0.0459497280622787 0.142706651176781  -0.508748546651016 -0.0890586071071354    0.76006505941918 1776585350.44454
-0.0945133610325249  -0.186555524895737 -0.0422233367323773 0.21335076622221 -0.494013335091801 -0.044743249683973  0.782290486126628 1776585350.46287
 -0.228312574347179  -0.155889120401691 -0.0913151642241643 0.291146885063082 -0.400258699811557 -0.120198820838688  0.776488165066851 1776585350.47623
0.00398303663262372 -0.0933031159124307  0.0515835129079742 0.106687369560377  -0.503696736923139 -0.0980310102775939   0.828430700132628 1776585350.4984
0.0901910845248593 0.0772744206939287  0.165071346777902 0.203357609516887  -0.557346316142151 -0.0870563533532975   0.869856869064635 1776585350.52792
0.0446998152290733 0.0372352138122613  0.138325112132413 0.150061225090304  -0.548205047916333 -0.0970382362387313   0.836550341034875 1776585350.5458
 0.105788527565561 0.0305621303106619  0.161839618196829 0.19574809933103  -0.513228285718289 -0.0975078110341432   0.823159387593698 1776585350.562
 0.280788660044253 0.0131138319334657  0.222294515559542 0.358370054336684  -0.555987308155742 -0.0578178510465238   0.860958375985915 1776585350.57805
  0.12060753636509 0.0730569645699877 0.0602483246393417 0.153340661672253 -0.512092196353906  0.108677440832353  0.843393878697757 1776585350.60022
 0.0513335231993126 -0.0903782625280515  -0.058804999303522 0.119421057124491  -0.297657725614881 0.00664831859895049   0.923427809477382 1776585350.62794
   0.108179207568628   0.0957277104833872 -0.00466819957753472 0.144527947442227 -0.344704169699242 0.0507934322800162  0.914897425426857 1776585350.64575
 -0.019470551055955   0.135109521533972 -0.0552156711505145 0.147249636699596 -0.428136941881063  0.106400581318686   0.88049140054316 1776585350.66176
-0.0926351374457318   0.057947662900129 -0.0903232768177986 0.1417656328603 -0.427889518838956  0.104927841936037  0.880446975972899 1776585350.67754
 -0.120598952718735 -0.0333641763506595 -0.0902132428926295 0.154258564927909 -0.328847068899195 0.0704675700906477   0.86987358516227 1776585350.69976
 -0.154203274590876 -0.0286409032377839  -0.101930637144178 0.187052949780118 -0.346134568647351 0.0155718912727749  0.890659485004902 1776585350.72766
  -0.10678513245562   0.047967325307257 -0.0495400966704396 0.12711471192908  -0.373813547703059 -0.0514398434059673   0.894667896808856 1776585350.74588
0.0170962487873287 0.0246002667018557 0.0208834113573336 0.0365181011872233  -0.411198147617412 -0.0801987463606265   0.926245733225952 1776585350.76188
0.00518895540160298  0.0674669478400388  0.0116165564222768 0.0686560899856836 -0.409495558673342 -0.131539291349533  0.964799928896321 1776585350.77751
0.241319583947179 0.154088838065812 0.156759449410743 0.326423094453304 -0.258806585284749 -0.117350307280961  0.876299620743622 1776585350.79824
-0.04909911375628 0.377204295988812 0.195486180759162 0.427678209348888  -0.404004739831123 -0.0128533180137205    0.75071376169801 1776585350.82756
0.0746824242012494  0.374630935330482   0.25635684946821 0.460048515333365 -0.81300568825886 0.139535211490712 0.991427006119897 1776585350.84602
-0.698859644569199 -0.350650730711416 -0.357353893758105 0.859687468292935 -1.46400554814403 0.585201047295187    1.080657933979 1776585350.86191
 0.0956094055594299  -0.301400563945552 -0.0200284784057436 0.316835285795906 -0.757825930198122 -0.115597642785929   0.85887441540137 1776585350.87837
-0.00699269774371943    0.213306695617479    0.241588510132822 0.322356405931664 -0.405517959254865 -0.344004187275749  0.913286266444528 1776585350.89827
0.0324124693870544 -0.318454623222351  0.105685390532017 0.337095412302454 -0.306584249778701  0.125073314016035  0.395144582336751 1776585350.92731
 -0.162530928850174   0.125760659575462 -0.0818011611700058 0.221186519251325 -0.388427959803838 0.0798260287546841  0.671450093881887 1776585350.946
-0.0281332060789658  -0.153619834346263 -0.0378522040745275 0.160696360077491  -0.584307792977592 -0.0404939756487364   0.869115674687278 1776585350.96193
-0.0655918642878532  -0.157599702477455  0.0119421128183603 0.171121515129761 -0.578502317123819 -0.144081364085848  0.988652328206427 1776585350.97838
 0.272096961736679 -0.267321944236755  0.178123369812965 0.420981844418945  -0.397572848272524 -0.0602657653407862   0.805879341172294 1776585350.99809
-0.535373508930206  0.372902005910873 -0.294854074716568 0.715974598329828  -0.208126000396295 -0.0292799145415119   0.684782405317207 1776585351.02594
-0.556678771972656   0.10445536673069 -0.351313084363937 0.666500609188867 -0.194446638607531 0.0484561596980792  0.718400157189818 1776585351.04606
-0.0998287233197999  0.0666271435410624 -0.0661095133594691 0.137023421402067    -0.406047527597189 -0.000324066792413206     0.979323884453588 1776585351.06192
 0.0627873788157072  -0.441743185862691 -0.0160712960131967 0.446472377365287 -0.565882262157068  0.150669744390608  0.943928434796724 1776585351.07852
-0.255208939313889 -0.254538774490356  -0.13080333173275 0.383446348290293  -0.385543982044377 -0.0154934654529205   0.778772149329141 1776585351.09804
  -0.190227806568146  -0.0734438002109528 -0.00403685681521893 0.203953196577305 -0.032464339909668  0.103555773164219  0.672404427555387 1776585351.12598
-0.142290905117989 -0.052138514816761 0.0747927129268646 0.168994308524147 -0.0622155075751847  0.0895861012424005   0.609099549167278 1776585351.14584
-0.391334350746168  0.590456578262252 -0.226334578735443 0.743645672628061 -0.498839011912793  0.187436757757346  0.960765952216453 1776585351.16195
 -1.05372425559375   0.54245521320589 -0.564446932178027 1.31270438576476   -1.3873421019258 -0.671698875160816   1.51322201618165 1776585351.17847
 -0.69834945729489  0.775502083357192 -0.575837387670155 1.19192455417036  -0.918368978424186 -0.0600258910815979   0.885222681785704 1776585351.19743
  -0.615871327183594 -0.00314171417414117   -0.354283222883285 0.710509650906587 -0.493572771933522  0.162411743972235  0.795530679513615 1776585351.22602
-0.0282050901266211  -0.157555123707102   0.029789623179612 0.162808371297653 -0.393720127078755  0.117669907849135  0.712827516487154 1776585351.24579
  0.13530928524527 0.0830319531595068   0.14129791569224 0.212527666194403 -0.327385132168023  0.204986326278883  0.639689676803117 1776585351.26193
 -0.257671718399529 0.00505505234221319  0.0148625627790226 0.258149498913922 -0.411877171267775 0.0633631852248948   0.69381171583289 1776585351.27856
 -0.382742408833721 -0.0889931322099085  0.0672839633137828 0.398671118617313  -0.412179497699529 -0.0270290309489797   0.668411981991611 1776585351.29756
-0.394755267709304  0.211946445158162  0.201248149434619 0.491175971165411 -0.595231397552658 0.0237521809533368  0.819690428244458 1776585351.32567
-0.461777411992673 0.0950259030345947  0.154918061894064 0.496253872907008  -0.573195021728454 -0.0176154221233035   0.785096583493026 1776585351.34732
-0.207598308590859 0.0119873549924305  0.273936065536962 0.343921099107587  -0.458803591671455 -0.0480569944333447   0.740919108599868 1776585351.36195
0.0722718843152679 0.0375638466075024  0.475266632034442 0.482195644277085  -0.350438271097515 -0.0457438437469126   0.673418943680269 1776585351.37848
0.00257083035853516    0.23833052055983   0.513240209060756 0.565882990021594  -0.269101273697512 -0.0909319700814362   0.643009422094453 1776585351.39638
 0.55228973748627 0.581005002632576 0.727086041347324 1.08224067505285 -1.38014885712943 0.688603054046559  1.11207436304959 1776585351.42434
   -1.4052532982784  -0.109627474642346 -0.0842709993730704 1.4120398779263   -1.24146799378587 -0.0138441505897285    1.07582221456697 1776585351.44567
-0.772893451865264 -0.420125509182702  0.260532618840513 0.917467698004744 -0.899147695013868  0.191038731034114  0.736685498689754 1776585351.46185
-0.0562596192456957  -0.571961248978653   0.778309509035786 0.96750736790291  -0.707283689702342 -0.0330567641324108   0.819742521111421 1776585351.47795
 -0.205649345021999 -0.0951724527628549   0.307013399709544 0.381584429024675 -0.577219368465844 -0.529313310827469  0.486184482956017 1776585351.49586
-0.0222669681822989   0.485739260677259  0.0953642990495172 0.495512660553216  -0.406639953142301 -0.0298466352261656   0.771498530136302 1776585351.5216
0.0872889454805258 0.0211910399931529  0.206065532573194 0.224791956915206 -0.397204072487049 -0.215039444384131  0.985260266249175 1776585351.5447
 0.28668899177708  0.29579533785415 0.337913036346436 0.532795157668758 -0.359383588591107  -0.13906408459538  0.862156635354074 1776585351.56161
0.482207336543219  0.33720339258535 0.341272255822612 0.680218197331878 -0.313605432439084 0.0854225683714995  0.794351231784364 1776585351.57804
 -0.222288047147016   0.156405953978698 -0.0796561419831129 0.283231176426704 -0.512396242095197 0.0178122571903044  0.883244281051225 1776585351.59559
-0.352020069254929  0.360465599155753 -0.282757604140746 0.577758980918839 -0.429001297748478  0.102359067149934  0.811907100519243 1776585351.62159
 0.0127815096389035    0.12770238752218 -0.0961402925429025 0.160356548409316  -0.48289871419213 0.0161196437641844  0.828192791873085 1776585351.64415
 -0.169336961925059  0.0708837396266938 -0.0964957429004031 0.20739078961076  -0.434185971776302 0.00489331555964119   0.809417434213639 1776585351.66192
-0.253146455852238  0.222563640097704 -0.123462335210839 0.358971656568875 -0.314347691919717 0.0199288405976058  0.709802043903046 1776585351.67936
-0.213999271575841  0.122511346307409 -0.067094145361566 0.255551056642001 -0.665862923703659 -0.211169976318504   1.02932668669932 1776585351.69562
  1.16824187588999 -0.549749572517126  0.644268374436756 1.44294678050339  -1.52680639694875 -0.363610291518676   1.22741032502838 1776585351.7204
 0.139331054502836 -0.247745219357398  0.166684063748165 0.329506317952964  -0.698185495384473 0.00308701169538457   0.889836579256167 1776585351.74397
-0.00758883337275955   -0.657953603108547   -0.185130687755915 0.683545101499862 0.0309637841100129  0.843613441291651  0.304227241975546 1776585351.7619
-3.14509111239524 0.393303353092555  -1.5214965594749 3.51585514680502 -0.560631158221984 -0.679642307992976  0.922250975504725 1776585351.77885
0.0184645044379626 -0.140032938837268  -0.19729258916259 0.242640737762685 -0.601613292000209 -0.443259168907401  0.842573315371385 1776585351.79595
-0.271719216385502  0.208635677746606  -0.19052512653531 0.391994901016879 -0.523876463259983 -0.176089153694079  0.763227891381595 1776585351.81977
-0.394081446136163  0.256696107003826  -0.15230558495073 0.494358239282884  -0.711520375326152 -0.0628391151617224   0.728759702853209 1776585351.84543
    0.219030034227931   -0.0252796682982881 -0.000897431370142551 0.2204858791538  -0.507198826853048 -0.0630266164889232   0.791492111483817 1776585351.86192
 0.246697879165105 0.0461443411485491 0.0163861557306166 0.251510735166955 -0.296678509515118 -0.111203601561953  0.781915443534484 1776585351.87965
0.492508357489919 0.646163294203183 0.276303265713625 0.858157899000494  -0.341358609406037 -0.0156907545641048   0.734021154731086 1776585351.89662
  0.35203668499214 -0.223322608990547  0.187368575302682 0.457066514062841 -0.328780011532158 -0.155831370110993  0.976679889462627 1776585351.9179
0.0700098113297964  0.172290773236144 0.0641864768970891 0.196736849728775 -0.538592542359337 -0.136628798671067  0.896071339544236 1776585351.94544
0.536386645415594 0.138105098543583   0.2896346345935 0.625037497419185 -0.436140682193464 -0.199569657791658  0.808589957848961 1776585351.96196
 0.45217650117124 0.242008653723661 0.274357304859003 0.581638811822337 -0.387895346084113 -0.116437398377612  0.702668377744544 1776585351.98142
0.0798768989454452  0.060106907981979  0.105771659655348 0.145536261318414 -0.78570461957085 0.301879570453354  0.94449303572699 1776585351.99635
-2.02095739563559 -1.00195078117306 -1.13915470352927 2.52702346673718 -1.39369628201976 0.280671283826428  1.19252396298983 1776585352.01622
 -1.09872545577862 -0.195373096511613 -0.532945992187186 1.23668900884776 -0.81979186641419 0.136498329200302 0.853441142421268 1776585352.0426
-0.395862365481792 -0.473841172415171 0.0520699487417172 0.619631946112036 -0.359913570271654 -0.813862882277957  0.831886826566252 1776585352.06162
  1.61582322974172 0.0913559273121479  0.809648057612648 1.80962996008133 -0.614138523010242  0.256533599532741  0.910297955184215 1776585352.07889
  0.45492835545872 -0.159017849655897  0.282830958418986 0.558784248301402 -0.685923772303715  0.224092784916615  0.755023311589314 1776585352.09744
0.308469524116957 -0.14001729789221 0.319740965610105 0.465824619473102 -0.340500374265792 -0.183970885061401  0.708744796705323 1776585352.11604
  0.941100008498368 -0.0859509409153006   0.495183892895319 1.06689450182425 -0.516822426319183  0.020142106959117  0.548365447723518 1776585352.14364
  0.387750469751166 -0.0621238415534383   0.170643141076897 0.428169218975625 -0.524177262022114  0.181771241219457  0.646199993549873 1776585352.16207
-0.351336635704394 -0.186571250819837 -0.113767145450978 0.413750198313698 -0.421006863310187   0.20193615389391  0.769057119172764 1776585352.17858
-0.340836144257952 0.0267561810464398 -0.181210470353882 0.386939795087934 -0.288931355267743 0.0718266522925233  0.844552556906653 1776585352.19547
 -0.168509392342861   0.111315868668402 -0.0727453101397795 0.214659074051142 -0.161847144910002 0.0626044845985299  0.931021319500678 1776585352.21416
 -0.286903168959496 -0.0934331905402906  -0.118738413503344 0.324256072101711 -0.419545081480537 0.0389834561462675  0.707876273831426 1776585352.23991
-0.0993165352273816  0.0849276860809913 -0.0642734218307976 0.145628152451656 -0.359898382509917 0.0291643043609551   0.70381566019894 1776585352.26
-0.321284840558487   0.30024216652945 -0.136650019969448 0.46048076538835  -1.62862362925796 -0.741363078805534   1.24884687572155 1776585352.27738
 1.68606942694839 -1.17013357958483 0.832328642348882 2.21468139366285   -1.5425045495768 -0.293569242133812   1.01109340077125 1776585352.29396
0.0233019388464365 -0.623947330743599 -0.448643355265256 0.76885246446879 -0.509826891393785  0.996887997523766  0.581253970272088 1776585352.31409
-0.541033401218325  0.813737898796235 -0.614262863520463 1.15421201461063 -0.817277909396558 -0.384294543397522   1.06237043623201 1776585352.34204
  0.212241287457777   0.152935739001575 -0.0527057149572299 0.266858758062848  -0.374785677833278 -0.0528205337454638   0.836358806932324 1776585352.36187
 0.294506037224628  -0.14666063645946 0.0844303355544194 0.339663995457687 -0.426762364534134  0.147109621006816  0.755318577580363 1776585352.3778
 -0.01547537787217 0.0487210152891071 0.0180007735883556 0.0541964251668604 -0.310879073319257  0.208062001864553   0.65028900662752 1776585352.39511
0.0558289416116317  0.239052697041999 0.0542560714966737 0.251409594046808  -0.366582565172978 0.00119183970141746   0.650698750493174 1776585352.41189
  0.246462943168885 -0.0987850517622823  0.0916204591261083 0.280885701554253  -0.322588599695969 -0.0996545901679063   0.863281257764554 1776585352.4379
 0.194717191861653 -0.314939616385437 0.0143676746560516 0.370551179799115   -0.27849593610513 -0.0222089579805138   0.911620478016339 1776585352.45908
-0.0562773806584111  0.0906724773280072 -0.0770723842997475 0.131638877768757  -0.262739064321254 -0.0143980974688174    0.83722226327275 1776585352.47562
-0.0540687989300227   0.111049157987608   -0.02954897224093 0.126998001039336  -0.428403222739413 -0.0986754847051857   0.878250573387757 1776585352.49367
  0.0634370792356791 0.000238972101856564    0.109025021123158 0.1261379219764 -0.428008302708821 -0.130626504177873  0.812530012131086 1776585352.51383
  0.276823226071891 -0.0129265632365104    0.19557972709676 0.33918965812831 -0.450198161453275 -0.128998301309856  0.815596518091483 1776585352.54186
0.306355955316091 0.171575322784194 0.191939779355204 0.40016614255214  -0.327145988158022 -0.0288464583403987   0.597341426813822 1776585352.56207
 -0.224104262050547 -0.0471730726169514 -0.0192078807943913 0.22981941113395  -0.61180406179025 0.0861584553005774  0.882489409885361 1776585352.57826
 -1.04834646562178 -0.391993309037522 -0.813567060857299 1.38368364477718 -1.25108613129218 0.819276080398234  1.19001713270718 1776585352.59537
0.465172760951604 -0.28341633866442 0.321299766018881 0.632411304608852 -0.758599942856367  -1.01179650311837   1.28482227913794 1776585352.6155
-0.011028496854001  0.542235500978629  0.210489544156832 0.581761819358881 -0.848775533776765   0.30061917013076   0.85189484139523 1776585352.64336
-0.193693123447527 0.0780694309299386 0.0417026325954542 0.212957675799617 -0.663073858112008 -0.247412384930169  0.803010096338351 1776585352.66192
 0.284880131483078 -0.757343649864197  0.235647663474083 0.842766821015299 -0.472948916622549 -0.354612050603126  0.621279586991578 1776585352.67807
0.381513686694145 -0.20564449123261 0.293365938008354 0.523360223453023 -0.170419622593295 -0.181807249841751  0.564874675309796 1776585352.69567
-0.376649111509323  0.281289279460907 -0.178740233182907 0.50292771140461 -0.246518410301434  0.180561549733086  0.611442095932832 1776585352.71411
 0.159567558534749   0.10098450059729 -0.020747890392314 0.189974077319397 -0.570557124233944  0.144308589847098  0.762931958314169 1776585352.74166
-0.128774063663818 -0.115948399998239 -0.138124746115965 0.221597013572486 -0.580132132503478 0.0465771257313309  0.869741367963793 1776585352.76201
 -0.12311615049839  0.283419787883759 -0.148912817239761 0.343015145169859  -0.413746522215196 -0.0436210322726029   0.889203965305935 1776585352.77818
 0.044130377471447  0.111912220716476 0.0151379052549601 0.121247645490434 -0.336414946282462  -0.12062158921339   1.00206292875158 1776585352.79547
  0.261269422288806 -0.0344276564439979   0.172868971510728 0.315167663097801  -0.174879295248945 -0.0615015158093666    0.81541954530512 1776585352.81378
-0.310888234072739  0.225964702880874 -0.119793766437425 0.402569357390962  -0.438414696351937 0.00202484380094823   0.770389592046245 1776585352.84267
 0.968274595178894 -0.280414744167695   0.60119894782974 1.17372411378785  -1.62640016566298 -0.794836702723572   1.74536297361559 1776585352.86205
 0.324635466999581 -0.214748411422355  0.299994931423007 0.491428555867439 -0.197369893935178   0.95851632776896  0.414763165084669 1776585352.88174
 -1.76042759418488  0.356923043727875 -0.833877861499786 1.98036654723588  -0.444387194099342 -0.0221529197868912    1.14729290428317 1776585352.89436
 0.499059264828107  0.526912971145756 0.0667917989273709 0.728806266010641 -0.718643751387613 -0.411512985373043   1.05121345022978 1776585352.91251
0.0573597446973064 -0.158739263471427 0.0287252600674298 0.171211666206286 -0.317464126947094  0.163671763474137  0.554902820749107 1776585352.94121
-0.00826433813432316   0.0803199830473313  -0.0397746146545114 0.0900089936197316 -0.328214684342454 0.0514115008401452  0.610319629549667 1776585352.96188
0.276213532489379 0.459668003200203 0.144008461556479 0.555272028555542  -0.424895376708377 -0.0250101805603656   0.615420177266219 1776585352.97793
 -0.35090370027831  0.134578334449548 -0.105757837161731 0.390422149849815  -0.404121246385014 -0.0181427799825867   0.617671502033487 1776585352.99465
 -0.249041830384798 -0.0660461047947415 -0.0262600585905707 0.258985543838162  -0.474225720719487 -0.0984920894552587   0.812736269018327 1776585353.0125
-0.0897017189509491   0.222707227360412 -0.0306546289357829 0.242042586700167  -0.42166494204437 0.0969646761324837  0.848092920306465 1776585353.04033
 -0.166587608172877   0.127965023068541 -0.0632663477735394 0.219383474961754  -0.372156695224163 -0.0871720705019763   0.821253546923664 1776585353.06188
-0.114087294857609  -0.01731973036375 0.0159608810694273 0.116493062593068 -0.435854891929675 -0.244516466843935  0.844045684659807 1776585353.07837
0.296665590474125 0.175021782040212 0.213712261785563 0.40535913409888 -0.383142139655698 -0.202898905500567   0.77510912698469 1776585353.09537
0.554118649257354 0.358780165561825  0.34309147027958 0.743964005603745 -0.272173944371079 0.0373778169743242  0.588789650601589 1776585353.11264
-1.28334477704825 -1.25998572106664 -0.75607297976788 1.95094443406365 -1.21284410498742 0.496158837933598  1.41944832493313 1776585353.13958
-0.106198572049355 -0.611025172146325 -0.195531055580589 0.650278625973688  -1.13214293155777 -0.371026501986406  0.943787116299352 1776585353.16539
 0.425163773792807 -0.797005494850952  0.170225724742168 0.919216400382602 -0.544998197831024  -0.46545954571169  0.777916335659885 1776585353.17939
  1.4552706049483 0.264948915402493 0.979666774271352 1.7741920555596  -0.265578367421597 -0.0103467003004934   0.700662011037406 1776585353.19568
 -1.01512892937191  -0.10703781529378 -0.154683098025547 1.03241014038288 -0.860459447636228  0.380354909399559  0.851699765093237 1776585353.21365
-0.0427008053302588   0.396287633389746   0.157495834879924 0.428569930300788  -0.356763734109231 -0.0880157520356223   0.593678006522062 1776585353.23945
-0.243291047384348  0.504113105522083  -0.02866084221724 0.560483720346179 -0.253877981577043 0.0407462563638403  0.661082139846809 1776585353.26188
 0.197630777022603  0.525734631635164 -0.009746994778944 0.561738222693044 -0.562481972507163  0.114352526343037  0.858368894147252 1776585353.2794
 0.0736762358524133  -0.130179017877643 -0.0593400285758199 0.160922352134025   -0.351507918003993 0.000530863032929883    0.684024367790933 1776585353.29584
-0.893899959095107  0.279674932073881 -0.416507652794137 1.02506284165257 -0.318957495318635  0.186251954722481  0.644893535222721 1776585353.31235
-0.223539842215268  0.171502752926305   -0.1434224962579 0.316153867209901 -0.460355922000483  0.178547700983386  0.708547734918629 1776585353.33841
-0.223618847082108  0.299494947574315 -0.114954312921063 0.391046169207713 -0.166502415406866  0.117985961176624  0.587686419313803 1776585353.36191
-0.902903433517582  0.709189474121604 -0.318682878944831 1.19152973013487   -1.7210503159964 -0.989982476576598   1.50130508012833 1776585353.37964
 2.13291316038362 -0.85373445408161   1.0016590543357 2.50629246676367 -1.38874758688374 -0.14057549645234  1.07254778387715 1776585353.39624
  0.37578164037143 -0.786985074937852  0.149405929516408 0.884804770098942 -0.883103918413632 0.0120450947669552  0.740383089532142 1776585353.41367
 0.782413289223279 -0.395592780853837  0.334041394940629 0.938215250862372 -0.147223123036505  0.795463694598846  0.332636110809675 1776585353.43772
-0.149746209763306  0.368451183526189 -0.178357416992565 0.435880224576185 -0.519346545592736 -0.785132892367559   1.01234170808575 1776585353.46199
 -1.07785352462812  0.519567271285731 -0.518239413830892 1.30395186260549 -0.461039716085865 0.0219175689562195  0.823707208260609 1776585353.47982
-0.0490816163458398   0.286387507467507 -0.0891503212027873 0.303931882610449  -0.383092478673013 -0.0180254132779919   0.724472628011241 1776585353.49721
0.355961886623849 0.106635951932277   0.1376490704144 0.396266775744903   -0.560644174657833 -0.00601196060549441    0.815220528442235 1776585353.51365
 0.0236228344827912  -0.162223178501902 -0.0512501640454639 0.171758485283692 -0.486714810397437 0.0409180669995755  0.735389168832796 1776585353.53573
-0.483682490468525  0.129244137199092 -0.249240514524264 0.559261685319576  -0.383870228043533 -0.0732843007240043   0.759040891344159 1776585353.56194
-0.276786345392312 -0.171837519197826 -0.102875897605722 0.341646402451245 -0.520643949604222 -0.150469911256753  0.926010198133125 1776585353.57935
 0.126303141371951 -0.119488788818854  0.056751270313497 0.18289549162299  -0.414731431137953 -0.0538767958171719   0.896947890541641 1776585353.59613
 0.013289505267512 0.0920635704957955 0.0109805264030076 0.0936636745103281 -0.335500464582375  0.031690555342578  0.853018916200823 1776585353.61206
0.0411922186281655 0.0679360301183405 0.0928909243897524 0.122232675245751 -0.399664633966588 -0.116505692457809  0.777534076052888 1776585353.63427
0.174128486887798 0.172525507454919 0.152661994836288 0.288775804623251 -0.505192906156242 -0.187356152685285  0.836233856506799 1776585353.66191
0.413249296969899 0.276961351537095 0.319304348217544 0.591132674178987 -0.303220365613969 -0.184387620618831  0.687249664782718 1776585353.6796
 0.30824972656892 0.386366089020617 0.311574452831135 0.584273299348792 -1.31280245045715 0.567998188555107  1.09439419635815 1776585353.69726
 -1.71944475240727 -0.865814847137077 -0.874106735180488 2.11428195626595 -1.43274566396642 0.117526178265111   1.3100894036559 1776585353.71397
 0.473301543010247 -0.828431680961297  0.143045556722192 0.964767035057792 -0.893687871281607 -0.270340280978389  0.890911872669197 1776585353.73441
-0.693258891122873 -0.186193770668726 -0.255835115283127 0.762054864539742 -0.306974524765886 -0.618535983518837   0.54787439408937 1776585353.76195
 1.65696129461862 0.824140115959969  0.99931629408193 2.10317871761208  -0.415520552232939 0.00543179997853661   0.667970749366801 1776585353.77982
0.394461040346652 0.202907424573781 0.311631771035019 0.542111885146369 -0.823401097005897  0.347079392331002  0.818443633916762 1776585353.7976
 -0.537623945087283 -0.0504958710224421  -0.180614514495783 0.569395242488095   -0.74469680837854 -0.0497117834775057   0.754076141609437 1776585353.81438
-0.101751260161616  0.249437845399317 0.0767932544050046 0.280124546557495 -0.594894458546266 -0.202163498294053  0.663105058742213 1776585353.83581
 -0.200007663271305 -0.0654786200103298 0.00178914488931459 0.210460723378829 -0.307031918303675 -0.014199392325241  0.717199587740087 1776585353.86179
 0.0354465770372493  0.0639888758383243 -0.0067276441004107 0.0734594939395306 -0.414842163527567 0.0312303147302795  0.737875886377898 1776585353.88003
-0.0782765956027745   0.373202914437868  -0.120442054603166 0.399892397128416  -0.729371536887691 -0.0338352034221562   0.775939474510174 1776585353.89775
 0.350414232257829 -0.314343595279449  0.131450503546789 0.488754810661499 -0.699681940461214  0.053731267357991  0.795220274333278 1776585353.91426
  0.10460587655617 0.0325652366458067 0.0894168107651119 0.141415169254525  -0.476536710380857 -0.0113087715877524   0.837819566470159 1776585353.93589
0.129875014664067 0.275193224807178 0.123943228944127 0.328573818821375 -0.419911389678571 0.0863335590029318  0.852729591321623 1776585353.9619
-0.301699606092594  0.180156227970758 -0.131453412887675 0.375178515580111 -0.291639516660616  0.204788261170919  0.796020304995203 1776585353.9801
-0.637637099332394  0.133151145323211 -0.285474808331787 0.7112005090957 -0.28298856057971 0.107489634783274 0.807620532450387 1776585353.99778
 -0.36193090682907  0.353824571896607 0.0687767013596817 0.510799416254413 -1.40069743216007 -0.76571235444476  1.49754342613628 1776585354.01528
  0.142861145123794 -0.0678547548960008   0.118892539356786 0.197861088804198 -0.62457471695954 0.111856018513086  1.00745211453348 1776585354.03544
 -1.83566258258169 0.0794997018819339  -1.13576521051306 2.16007868678472 -0.617645759666065 0.0876990636289136   0.95054398095595 1776585354.06192
  0.465831601776878  -0.270545652752799 0.00559533598933656 0.538725662301586 -0.701128053512666 -0.440652557173791  0.892994741511391 1776585354.08044
 0.483160989056757 -0.537186627664754  0.285312550794412 0.776799373023015 -0.467384743546154  0.147754283370893  0.667383012355483 1776585354.09833
 -0.19094827165337 -0.167450242881712 0.0394357479937178 0.257013627086926 -0.311459799896637 0.0332618942878205  0.580679364866624 1776585354.11571
-0.0842797417244232   -0.13925774149175  0.0761418560781554 0.179703577253056 -0.550497993319123 0.0592127873365367  0.631714981610734 1776585354.13587
 0.119168832844382    0.1905458800327 0.0569203032746724 0.231838012508322 -0.478828894878467 0.0247352165924678  0.754685492453302 1776585354.16191
   0.10297425952584    0.14724734516907 0.00947890956602959 0.179931455034398  -0.480708693147643 -0.0419012260738462   0.785054455798355 1776585354.18145
-0.620143170732044  -0.10145687622967 -0.311458577792867 0.701339786138382 -0.496194030335225 0.0698327100088217  0.771497156813009 1776585354.19817
-0.172573756195188 -0.198402483805531 -0.128159283768974 0.292523586952739  -0.501886206477916 -0.0196934298253877   0.841322560051776 1776585354.21585
 -0.058532224207192  -0.061485344588198 -0.0565909216585752 0.102024513152171    -0.428134241626274 -0.000923609106170352     0.786614286396205 1776585354.2358
 -0.130812620884577  0.0259762957477115 -0.0311488276515887 0.136956048378789  -0.416945306613059 -0.0962117927949437   0.802317784425791 1776585354.26191
-0.0378115232258154  0.0793652052725759  0.0390333944392305 0.0961881124571172  -0.37805521448317 -0.143801065998808  0.792768935535589 1776585354.2814
0.164484064763671 0.178031463659756 0.149469392381069 0.284765357571423 -0.392205133439715  -0.15151733192624  0.806883401791859 1776585354.29853
0.317304232198185 0.303266098926235 0.234344919736752 0.49756390939782  -0.400516776351661 -0.0947214025806287   0.777066715200278 1776585354.31601
0.420917030792267 0.594685838175769  0.12438142063361 0.739116452757365 -1.28788930316467 0.727362480759022 0.989246006912878 1776585354.33546
0.647547508620414 -0.47894954547323 0.314321356818171 0.864585657052865 -0.601968000351262 -0.319520864227713   1.01740020743579 1776585354.36196
-0.232193030902322 -0.582735187141558 -0.103765510167164 0.635815368666695 -0.599527428612306 -0.383559179221413  0.922876257752686 1776585354.3817
 1.81223521844409 0.156992097981847  1.18331944954766 2.17004330036882 -0.201535332915809 -0.320837461906935  0.770587813746215 1776585354.39952
 -0.541442741338637   0.295936940124856 -0.0497561661818792 0.619043286654399 -0.641825356677121   0.34964427294507  0.766896503983567 1776585354.41634
-0.541769506652474 0.0547413216261328 -0.166260878986136 0.569344790538284 -0.701278057414486   -0.1171123243428  0.788379315763344 1776585354.43569
   0.17022053573175 -0.0971548833738007   0.230587556029881 0.302629679879575 -0.374791495583854 -0.354771618700815  0.677783766400726 1776585354.46161
   0.305905512324197 -0.00202487409847261    0.248067110849686 0.393852223645817  -0.309772798295808 -0.0258889197007916   0.753904136833614 1776585354.48309
-0.0756725166624721   0.237494005606249 -0.0292984403485099 0.250974363399508 -0.406093612445408 0.0813729763862555  0.640861782343076 1776585354.49933
-0.207272037863731 0.0639753192663193 -0.149978086352348 0.263719482673018 -0.36391079622365 0.152971786744136 0.750582695829526 1776585354.51609
-0.76334011554718 0.422969460487366 -0.36622679233551 0.946421343764453 -0.454876259850486 0.0298362792944472   1.10011803256925 1776585354.53558
-0.0840004948853062 -0.0349980352160143  -0.110761063678039 0.143349080349504 -0.16179031866949 0.124315840361938 0.820696815426149 1776585354.56194
-0.169847192681262 0.0651676103116155 -0.114513877277779 0.214961192740975 -0.499662464821254 0.0139199871539561  0.957309106190729 1776585354.58175
 0.0992468619629181 -0.0900621172807084  0.0563078032596593 0.145367442319452 -0.348096742547429  0.093970536538815  0.773144676490731 1776585354.59865
 0.0473261699080467  0.0490616112947464 0.00661578960716724 0.0684877852841541 -0.321875787351522  0.136556318363689  0.828144883293448 1776585354.61737
  0.117633618414402 0.00432050321251154  0.0598790124058723 0.132067524607593  -1.23087419509723 -0.487144661154479   0.97729096510499 1776585354.63601
  0.33322497705388 -0.421906278062455  0.235310574191599 0.58686868985102   -1.53936648770258 -0.0506478881092838   0.769131002023351 1776585354.66186
-0.651625489032894  0.128495910836773 -0.654524480410969 0.932485534749134 -0.678229012094118  0.544755833368828  0.840906025263494 1776585354.68179
   0.23161692917347   0.598738074302673 -0.0668874606490135 0.645451482213415 -0.989184912043587 -0.682259230118737   0.99754858328321 1776585354.70528
0.0696203804899301 -0.321662597554265 -0.144967991035247 0.359624168361521 -0.628639587008989  0.239163071892163  0.519489433755898 1776585354.71982
 -0.259108488472298  -0.223233412307735 -0.0736591547491388 0.349851448828373 -0.382087037981925  0.146324383528673  0.563597701905297 1776585354.73578
-0.0768574862592377  -0.134147373372776   0.076363831635252 0.172435569877334   -0.4177364041182 0.0121875648193959  0.758137153684574 1776585354.76745
 -0.112776753414519  -0.139693361381352 -0.0321950803628803 0.182398888495277 -0.421425501116588   0.05290176833487  0.831808854970337 1776585354.78161
  0.207882306720417 -0.0275747952364178  0.0520943025875389 0.21607692875875  -0.370322074814875 -0.0791433295674356   0.862137398986881 1776585354.79963
 0.242271753180427  0.243941078302962 0.0705487417664473 0.3509700514824  -0.467014936737069 -0.0478528643637985   0.712521401574341 1776585354.81786
 0.162635097495984  0.268059372688969 0.0596083084772506 0.319153807220674 -0.528897411876111 0.0808380909805275  0.778114327147762 1776585354.83741
-0.026196657258199 -0.112564626634509 -0.106164980888582 0.156933308089593  -0.25266743977516 0.0839995842808784  0.821577812100208 1776585354.86194
 -0.279331930383647 -0.0072656227162892  -0.172806758568035 0.328544201610835  -0.311109193806828 -0.0362882026366188   0.743662355385538 1776585354.88213
-0.0986934749864101    0.12118348304895 -0.0386362301984886 0.160992536636699  -0.41461640697968 -0.135665075078565  0.807808530184198 1776585354.90014
0.0612934688003057 0.0861171040850884 0.0910490228228191 0.139509746937503 -0.453972155986319 -0.162333645654576  0.893527723616328 1776585354.91809
  0.168592187049329 -0.0144186714694285   0.164926915764972 0.236288195144755 -0.483757398522296 -0.155308319265896  0.889824920831852 1776585354.93728
 0.105449180077952 0.0430626971103305  0.152413174319659 0.19027270210864  -0.344593670615503 -0.0293632923479933   0.725089475769986 1776585354.96195
-0.0196042211908324   0.152628207984808  0.0929745556965293 0.179788663068948 -0.576827400642049  0.117920600198492  0.926719507629408 1776585354.98297
 -1.16601739064467 -0.326062016398094 -0.748628113527519 1.423501684645 -1.24752483280134 0.737596770417331    1.243573853324 1776585354.99987
-0.299323497518009 -0.452786772407443 -0.366044438055809 0.654674688731095 -0.755761291562822 -0.490646878795825   1.05053556997699 1776585355.01978
   1.18133295171249 -0.0586644685186919   0.776024070351021 1.41463861831653 -0.584927193897772 -0.481889257947326   0.92993688677474 1776585355.03883
0.0138117300390529  0.105548801092608  0.240601919867442 0.26309807514054 -0.61603885989847 0.381800019669791 0.605207739653347 1776585355.06206
 -0.203890942168075 -0.0579466693086071 -0.0228273487080352 0.213191042567892  -0.466032029890557 -0.0465598535019066   0.629849054517274 1776585355.08233
 0.0068672975078447 -0.0857745360346545  0.0757554573655714 0.114644320084723 -0.383035865941872 -0.248892167483775  0.701039510319156 1776585355.09961
   0.24999018338608 -0.0725018589388978   0.207587697650471 0.332932821384172 -0.307988928778456 -0.163630430120101  0.677051409116215 1776585355.11777
0.251128726298922 0.144010202650115 0.242428555957232 0.377592611664152 -0.454339542778314  0.104623279595388  0.767115791392185 1776585355.13575
-0.346237054908294  0.106424143809603 -0.152351236494592 0.392959407367487 -0.335647641853305   0.13343303734165   0.70249274367754 1776585355.16324
 -0.58049478006471  0.453525519486531 -0.300650501006708 0.795644587905611  -0.473190333673152 -0.0923675481231318   0.826145588856821 1776585355.17991
-0.397222058544695  0.428422543597455 -0.221144485733618 0.62468882111607 -0.350577033735555  0.132725087620951  0.855629622295066 1776585355.19917
-0.352256935319162  0.380854530297649 -0.222839207708356 0.564617068658732   -0.308364793246165 -0.00227566445634418    0.853238614615677 1776585355.21778
 0.0169443142380785   0.247185414200755 0.00209217111369683 0.247774324655656 -0.285341910828531 0.0854047788749655   0.76333793470357 1776585355.23629
 -0.155705207334968  0.0738855814609272 -0.0647785491212645 0.184118035958732  -1.11018400498211 -0.441376321021334   1.16039554506393 1776585355.26186
  1.50471352241237 -0.733470756355974  0.727490829554934 1.82520821881958  -1.42688541211809 -0.233055715898219   1.12920317522808 1776585355.28209
 -0.293174255237531  -0.671218320167899 -0.0946517700468908 0.738541897820365 -0.872927338986622  0.100333181015679   0.74730950401929 1776585355.3
0.0508172933158486 -0.678601925593244 0.0486050609551357 0.682235606421462 -0.603744494447135 0.0822062387917064  0.722018218420201 1776585355.31957
 -1.09571742569001 -0.139806519063557 -0.876693890360342 1.4102250590344 -0.178056841622489  0.299892860095798    0.5133977259929 1776585355.33777
 0.512805070653058  0.392180849477192 0.0515551708379787 0.64763631370104 -0.884793285320747 -0.612790328609664  0.808138805393466 1776585355.3606
 0.828146694274962 0.0216826092467931   0.49375562113067 0.964412617182308 -0.476081715911569  0.086204759355969  0.661595880759969 1776585355.38225
0.255967587985884 0.131251760616202  0.22681034064176 0.366318660985481 -0.582559203460543 -0.137296730582875  0.713031596914052 1776585355.40044
 0.28801627800313 0.222575089675977  0.24729843900062 0.440056320112766 -0.645164573000854 -0.243594899595576  0.774512129432474 1776585355.41961
-0.0522756360820029   0.107097304181593 -0.0184613032583292 0.120595996653034  -0.4800596420748 0.117392823949304 0.716782353131781 1776585355.43914
0.485123710198836 0.185442456208784 0.096049768380222 0.528166145041241  -0.495606589374682 -0.0474683791211435   0.744760047929522 1776585355.46717
 -0.195523869931762    0.19337065571883 -0.0759043220378156 0.285277514554238  -0.506077074913849 -0.0616487998680201   0.776201439253314 1776585355.48213
 -0.177693398551782   0.141474505600517 -0.0906301066060957 0.244548146276404  -0.453617893846155 -0.0479197896308828   0.648860293502676 1776585355.50171
 0.0230137030949595   0.268785129244186 -0.0112870109728301 0.270004579312384  -0.42517174769954 -0.149344421548513  0.568801992066922 1776585355.51964
0.265915815554453 0.479164814568353 0.144365170208482 0.566702252379182  -0.369623029454713 -0.0332571099972908   0.466989971701813 1776585355.5381
  -0.905027151271643 -0.00208624977652192   -0.637546759759007 1.10704307407445 -1.22482431518435 0.646366547418267  1.17672222030462 1776585355.56259
-0.0974107071436184  -0.490916319573981  -0.123312944527058 0.515454906832999  -0.71576845897395 -0.380079529228849  0.880049437643539 1776585355.58377
 0.287140569400293 0.0148651696617752  0.241776656092773 0.375668246323802  -0.648010960255108 -0.0644332262636455   0.686433435069491 1776585355.6015
 0.118429019390647 0.0577725218335608  0.239186437436011 0.273081029670994 -0.478019385717509 0.0641258188433314  0.511266220817066 1776585355.61984
 -0.376693968936794   0.167347614536396 -0.0184459693213771 0.412606136780079 -0.536785588679964  0.144999471530017  0.602266612930343 1776585355.63789
 -0.126813260677871 -0.0502631392309546   0.023969495473456 0.138500985420163  -0.755688937419197 -0.0526432358486978   0.833818795501987 1776585355.66064
-0.00069710531750241   -0.141505568816855  0.00226835760514478 0.1415254655821  -0.736028486945271 -0.0312459746904281    0.83060320111096 1776585355.68912
-0.0414024821160824  -0.176836897960943 -0.0344199478438256 0.184851796895224 -0.615860942994482 0.0448587109258789  0.789151281962111 1776585355.70173
-0.0363085966796335  -0.137388313755271 -0.0290519052940644 0.145044393723358 -0.524578921838004 0.0339758464044867  0.763868300510538 1776585355.72066
  -0.10169923442597  -0.115732417108436 -0.0290581168251089 0.156783611407605  -0.531911456542468 0.00944736954370013   0.800578264646314 1776585355.73824
-0.0922686634346294  -0.138450778170908 -0.0415406178186901 0.171486871675068 -0.636667738145054 0.0512251200891476  0.814979755259403 1776585355.76194
-0.0644414069798067  -0.213634246448725 -0.0501757736521326 0.228713564203878    -0.58958455062689 -0.00719700711320482    0.811809536512323 1776585355.78537
-0.0601196437553427  -0.218723497484638 -0.0490490492717292 0.232077894577752  -0.545772335844091 0.00168153789473793   0.781527244258383 1776585355.80346
-0.105580434781043 -0.212402845011233 -0.108267080746799 0.260737334401604  -0.541135419696079 -0.0287592669760327   0.784052360991641 1776585355.82169
 -0.16920011563999 -0.233056786471612  -0.16738578226475 0.333109809158245 -0.582973208084705  -0.03191353877337  0.810038209211243 1776585355.8398
-0.123521014316775 -0.280663300858142 -0.194690796480999 0.363226975403587 -0.489482893401588 -0.183191575935662  0.826400726085639 1776585355.86261
 0.499270996297856 0.0871034882871698  0.218276100040305 0.551817905893649 -0.338687140615828 -0.100986469442643  0.836085846875715 1776585355.88458
 0.24635041357932  0.12488129132306 0.130847317805149 0.305622125786106 -0.547689345295739  0.135805945593616  0.881729261570642 1776585355.90377
-0.532553146643372 0.0282598584422356  -0.32970840457981 0.626992109718692 -0.356595677375103 -0.109391599269492  0.833096532050688 1776585355.92225
0.0979129425877089 0.0786437420359348 -0.268322296418509 0.296257720984451 -0.611366346628182 -0.444354673550923  0.934774533806003 1776585355.9401
 0.325011561625996 0.0595350984946392 -0.430312107386294 0.542536130507977 -0.567613759010923 -0.114909158435531  0.708119335702626 1776585355.96268
 0.267619033576921    0.0962318747907 -0.572602677816415 0.639338992632944 -0.576716485145651 -0.148432734852079  0.772281238041295 1776585355.98521
 0.391999609994778 0.0331685252379189 -0.594998345451987 0.713292980754135 -0.626370046059199 -0.123418808971832  0.806643070933159 1776585356.00356
 0.365327030775798 0.0406362098475673 -0.655010142177837 0.751101476048388 -0.647357001416857 -0.119880768055335  0.826235108272301 1776585356.02218
 0.373585672527506 0.0314198082205906   -0.6983602794154 0.792628878436563 -0.664408099921687 -0.202683030871711  0.861984881428825 1776585356.04054
 0.441127583905748 0.0642076600913621 -0.775348454918227 0.894360886578238 -0.595268340017998 -0.159939418197789  0.786988631775685 1776585356.06262
 0.455436479311738  0.139322489709403 -0.888998361012133 1.0085391557639 -0.506274655862064 -0.212498063390512  0.750237943138389 1776585356.08456
  0.54572409184944 0.0928935154783568 -0.936365465832312 1.0877611296816 -0.570231851955638  -0.16504044691626  0.823876269649131 1776585356.10373
 0.590999881140708 0.0906650139144718   -0.9800346334754 1.14802826057014 -0.608615839669588 -0.178525847363602  0.851829092240127 1776585356.12181
 0.779372860854094  0.109286030892715 -0.947138165535142 1.23143663961953 -0.624992125298455 -0.198709749714611  0.846946965854317 1776585356.13986
 0.932362379554935 0.0653558402520187 -0.942616985709462 1.32744030917114 -0.615033888066492 -0.289708880141232  0.877507983536103 1776585356.16053
 0.969050394080559 -0.111394422114535  -1.05386185712436 1.43599867599087 -0.522060332637832 -0.173481981939171  0.814132143044401 1776585356.1842
  0.947811478229544 -0.0806330658687779   -1.15828321067859 1.49882229957889 -0.485294401636621 -0.131103924761314  0.771204858317288 1776585356.20387
      1.113034056253 -0.00890569884013378     -1.1337074208544 1.58877834764676 -0.432932181642558 -0.198987191719201  0.780065793469365 1776585356.22216
  1.11713468854377 0.0253130825927125  -1.20429284252533 1.64284871946746 -0.501541782271519 -0.182481236166039  0.794250739578869 1776585356.24046
  1.31823295578914 -0.013785616174273  -1.15899089860103 1.7553313282631  -0.549634424785348 -0.0984374844835622   0.800816384823445 1776585356.26206
  1.54414414266474 -0.095672998316213  -1.05508913129029 1.87263117855587  -0.44725731507268 0.0535752629578774  0.652795685284859 1776585356.28378
0.0389375060439457  0.315200891745026  -1.85737205651174 1.88432977152207 -0.165445255707534  0.333011872753825  0.385042491339455 1776585356.30372
 0.85888850963125 0.392508662571509 -1.45489117583342 1.73449152655417 -0.687900341479142 -0.358447509331133   1.01452762169143 1776585356.32254
   1.43037650809386 -0.0646362389983671   -1.12768510805795 1.82258840697353 -0.677290899328173  0.259482864772881  0.916186399341437 1776585356.34033
0.707941310380252  0.10025685047645 -1.30683233317396 1.48964528732154 -0.574138411670909  0.263730324354179  0.805796092458647 1776585356.36262
0.374362349510193 0.124695390462875 -1.33029115200043 1.38757726207376 -0.658931947967176  0.232526707434214  0.638383029964844 1776585356.38429
  0.937974614525342 -0.0702035922905433  -0.872065581913891 1.28266258268622 -0.586124956533363 0.0271438144455992  0.844704119226572 1776585356.4035
  1.08256610715183 0.0359742623038654  -0.80067832010076 1.34697041399637 -0.468287467954643  0.269445676388681  0.590227948280314 1776585356.42223
  0.740449673748323 -0.0696327429627548  -0.892096407598659 1.16144325677019 -0.504650385710623  0.122702566323369   0.72484206285388 1776585356.44034
  1.02990207373065  0.121374960607056 -0.583733669822968 1.19003157933815 -0.329083610170464  0.458664217220764  0.568345661429969 1776585356.46162
   1.0468507179579  0.153478138049913 -0.282114492803879 1.09500710116338 -0.368479428093345  0.376848831299005  0.677833379662358 1776585356.48556
 0.356652303259134  0.284207104060798 -0.483038785342272 0.664304908580095 -0.445737052874674  0.360586718878053  0.759618408962458 1776585356.50384
-0.0209014142418386   0.291730807637107  -0.657378349824195 0.71950679500578  -0.657383098137874 -0.0194379094396894   0.883097104530418 1776585356.52366
-0.145145699989978  0.227695680372864  -0.71720545114132 0.76635256653375 -0.84154980036477 0.132645434054499   0.9808685252354 1776585356.54243
-0.246814443882038 0.0659678590959073 -0.677614516439787 0.724175780479038 -0.679613376231048 0.0726548983959299  0.857436044456425 1776585356.56205
-0.299947496332195 0.0278090749906015  -0.50974921188533 0.592103119587711 -0.460563511278503   0.19155320090043  0.696733079519051 1776585356.58588
-0.0708281290590732   0.241855266419014  -0.324663888478485 0.410995418761075 -1.06061786521832 0.368888529386564  1.08941101826369 1776585356.60406
-0.418123585301373 -0.177234146799066 -0.203104888534017 0.497484543602395 -0.707082772073671  0.255655955816557  0.742125549177158 1776585356.62476
-0.533995010380266  0.124626658028616 -0.135487852489146 0.56483575769822 -0.565480698335886  0.261371214707237  0.681174590978031 1776585356.64343
 -0.372078992231748  -0.148955764672117 -0.0303858007196289 0.401937673246265 -0.580061222512072  0.153502861521197  0.712089520913635 1776585356.66192
-0.609438395688574 0.0482437270513594 -0.127009906054616 0.624399016315105 -0.641618498125145  0.121629644126715  0.710257531894467 1776585356.68549
 -0.411552643903401  0.0352757198601902 -0.0947328067517956 0.423785629523474  -0.726650183064725 -0.0258355131307605   0.835694508551184 1776585356.7072
  -0.38684823053851 -0.0275238559078035  -0.128930791961429 0.408695810145653 -0.759794425894992 -0.260908963482574  0.934470786684444 1776585356.72424
  0.453561854384518 -0.0225278796603257   0.240949999221908 0.514084393110461 -0.601705167757355  0.127000185074788  0.887502113138177 1776585356.74253
-0.194267435160678 -0.116941817902674  -0.13487984797382 0.263832898873001 -0.631450760823272 0.0400471274442214  0.764765430159003 1776585356.76156
-0.0321744411174394  -0.048193109297833  -0.160005167958085 0.170174687360686 -0.588341433985712 -0.143085768302658  0.806523946272337 1776585356.78556
0.00950186402712816 -0.0514608700578262   -0.22239650563678 0.228470375074207  -0.488219049151861 -0.0858959095617962   0.734601448918546 1776585356.80384
-0.0260218706265774   0.111980451488576  -0.341035722327866 0.359891821482763 -0.508705398306791 -0.137852093322055  0.790310044027847 1776585356.82414
 0.108658038348541  0.087698188772481 -0.406273732370786 0.429599682525739 -0.549967394202392 -0.179677415441458  0.867815936327363 1776585356.84207
 0.228977963074364   0.10033957330002 -0.492424308237704 0.552250520042396 -0.515733985736801 -0.169042133299069  0.863131258349653 1776585356.86135
  0.21942126967556  0.134246048078837 -0.726559638263919 0.770750674968901 -0.530970859182306 -0.245550069971384  0.857638798797533 1776585356.88536
 0.342121991227713  0.116867989292349 -0.788907451004972 0.867802137617795 -0.594626414908916 -0.138698243274141  0.852042510696559 1776585356.90363
 0.516115972764215  0.043739878222776 -0.806158062871972 0.958216936096824 -0.582043267502657 -0.114262845135732   0.83907106957712 1776585356.92399
 0.562331001755026 0.0951069142143065 -0.792093632934319 0.976050103222814  -0.604795357832402 -0.0414877251406553   0.848734676297329 1776585356.94183
  0.64262474197073  0.061984498384455 -0.972321666490981 1.16714097698638 -0.455500649708635 -0.171688327178364  0.780088534341259 1776585356.96198
0.752254252523861 0.141256792989664 -1.11146734336829 1.34951828345529  -0.41013919139051 -0.192201601788227  0.789964831569324 1776585356.98394
0.776364975241436 0.232187875052224 -1.19347688833687 1.44258132079171 -0.402908983414539 -0.043131286999155  0.770398421543919 1776585357.00403
0.740828306769305 0.263040139194587  -1.2344938930868 1.46355453161363  -0.485354469293788 -0.0156506073592363   0.817297368545015 1776585357.0237
 0.62270471851904 0.174532098517026 -1.36646891746388 1.51177376689554  -0.557503202393403 -0.0870905318864937   0.816194472226845 1776585357.0418
0.710138521980709 0.169246114283267 -1.40834102192616 1.58630558267976  -0.584896901640739 -0.0879705242035804   0.796611229519723 1776585357.06188
 0.833429653939871 0.0756881808580488  -1.39188050107661 1.62408898095677  -0.509509180353563 -0.0392705350419124   0.742743025064307 1776585357.08552
0.859839401704793 0.213813283028312  -1.3717167967515 1.63298710564829 -0.794708194130585 -0.242828648384949  0.869635592636023 1776585357.1038
  1.14341540985944 0.0187792601408549  -1.25869117219625 1.70060428291835    -0.7130740631171 -0.0230809090935969   0.778403425315469 1776585357.12189
  0.958594324108216 -0.0013222229821347    -1.4179246868962 1.71155345934499  -0.603213100898048 -0.0895547247520231   0.734459553304517 1776585357.14364
   1.19652602597979 -0.0869014852482039   -1.36174784775573 1.81482329714292 -0.519076329380259 -0.194555608746576  0.712009243883568 1776585357.16273
  1.36569934685046 -0.149401030511424   -1.3400326489792 1.91915160272341 -0.545788128234202 -0.115187481192957   0.70231873630353 1776585357.1828
  1.23909521733591 -0.188893729044179  -1.50950070409306 1.96204744441983 -0.406770279115205  0.330727381587132  0.622398582026856 1776585357.20341
-0.110529149280433  0.445651490606501  -2.26290079795151 2.30901320162749 -0.439979897072662 0.0857020360477555  0.748794032600354 1776585357.2217
 0.614437328811897 0.0468298871926723  -1.92293736513693 2.019260849819 -0.604287157616808 0.0167964332061456  0.784684625885913 1776585357.24388
0.733737938040489 0.227825016797207 -1.83656499753708 1.99079044356178   -0.58381621762114 -0.0148145288979378   0.777738641174348 1776585357.26187
0.657200917668558 0.120942035056835 -1.69827163124201 1.82501138503558 -0.616302517334194 -0.295920335006167  0.792649393596912 1776585357.28235
   1.0636307484414 0.0114863694917066  -1.50944725576525 1.84658423139898 -0.382885116519087 -0.191908390924476  0.730794304688285 1776585357.30232
  1.02195155099028 -0.028751358692495   -1.5349141385263 1.84422694532046  -0.292270699392764 -0.0366790522964304   0.636466247027366 1776585357.32154
0.960390945133313 0.158691744611495 -1.66815912312457 1.93139553105148 -0.342494275872569  -0.05724578848045  0.620525009499217 1776585357.34282
 1.10066983522434 0.365249848361905 -1.69171006838765 2.05103985660575 -0.495678916754893 -0.296456025128921  0.711720454740202 1776585357.36185
 1.73261049547794 0.457234839602596 -1.39132098409689 2.26865090050785 -0.590439587323856 -0.283258622461017  0.753954023869701 1776585357.38151
 1.45184313909535 0.352178928889067 -1.53760337089866 2.14385228611736  -0.888994161761245 -0.0106785191110157    1.08281574520657 1776585357.40145
 0.912231168663318 -0.486738265261646  -1.73200935139853 2.0171604391527 -1.42050122274095 0.354192067673737  1.43905654491073 1776585357.41991
   1.2409070934292 -0.718791893793376  -1.40055248239319 2.00450977973261 -0.933379172954473  0.275582154172098  0.756319153180379 1776585357.44179
 0.759652495350236 -0.481115435430503  -1.73671826510995 1.9556927949624 -0.846717308128138   0.28743009804803  0.651208603166646 1776585357.46304
 0.688964185149841 -0.568064394904529  -1.72403292713497 1.94156079972351 -0.347279411921903 -0.623667480235697  0.773730464622777 1776585357.48234
  2.51287847339588  0.231377887433672 -0.651447417062627 2.60623822511435 -0.473434191569934  0.109800709563631  0.768621161599178 1776585357.5005
   1.45072311295135 -0.0302720937845004   -1.09283665685062 1.81653678979254  -0.791950096961868 -0.0705180929624217    1.12673346894847 1776585357.52178
  1.09885720911194 -0.160080536149929  -1.50408229085266 1.86959259779448   -0.59192278067937 -0.0504361119440133   0.835131580767444 1776585357.54159
 0.704546542325834 -0.313974942390447  -1.76208108612329 1.92351133316802 -0.510423617499115 -0.107625089821289  0.769638497909415 1776585357.56095
  0.890370158006304 -0.0554805729803385   -1.75283035952143 1.96678707070858 -0.614238835537004 -0.125703951851698  0.672993920731892 1776585357.58232
 0.806721663424128 0.0945792420324895  -1.71859402522529 1.90087098425992 -0.441658227170486 0.0513350731693073  0.600364370222232 1776585357.60121
 0.951855834553752 -0.192432181157779  -1.62851470053654 1.89608011539143   -0.52000559290757 -0.0799279496419567   0.673594269142798 1776585357.62185
   1.21411043351335 -0.0677272724106096   -1.47982704894755 1.91534310842496 -0.555259878369515 -0.148928137587627  0.568647156300038 1776585357.64365
  1.20948358589895 0.0585331730382692  -1.46412080370151 1.89998063272668 -0.526206106151109 0.0515899711199227  0.621366504771675 1776585357.66191
   1.12377222575027 -0.0330821281077648    -1.4869303717154 1.86411383045606   -0.623753581548814 -0.00666392373027782     0.72146384085885 1776585357.68358
  1.35144962987847 0.0198777107111049  -1.22971535593309 1.8272961123199 -1.12604411397755 -0.28962681500955  1.03609188462207 1776585357.70159
  1.39344002116327 -0.108692211439913  -1.21917640535858 1.85469140203708 -0.537560085648533  0.466921134621201  0.683627946858599 1776585357.72167
-0.740986319977982   0.58887278615943  -2.13486357856411 2.33526751866959  -0.396020998396609 -0.0339974786575693   0.795547942967178 1776585357.74413
0.334057291685711 0.270467053958702 -1.75303823334792 1.80496253395606 -0.458532409575514 0.0558768942058025  0.730310790922996 1776585357.76253
0.706365295169418 0.162632314903296 -1.38446634163607 1.5627374223438 -0.524273434312915  -0.24773748347238  0.704693532742957 1776585357.78249
0.876511302950337 0.145201501299603 -1.30558557533765 1.57921158642821  -0.44088835399274 -0.177773433187759  0.739637391894977 1776585357.80142
0.905412953832651 0.121036548174316 -1.28522416537521 1.57677633741324  -0.15035492146954 0.0776245923721293  0.546452489998135 1776585357.82153
0.495502421570639 0.185395614329057 -1.68609656723137 1.76714906491337  -0.461814766218155 -0.0185640137774589   0.738613424368335 1776585357.84377
 1.29390782674122 0.171846180731315 -1.27330997191803 1.82347110164105  -0.70118055838353 -0.380189040856687  0.889061861918977 1776585357.86189
 1.62869084736815 0.205345426534262 -1.17776938897352 2.02038148726976   -0.752681981208715 -0.00215653200357071    0.813310370427382 1776585357.88174
 1.03305034481851 0.143055349482506 -1.45522004856847 1.79034165390319 -0.657466408042765  0.183810610991414  0.745762294753153 1776585357.90033
0.793974144946667 0.171023223274382 -1.54353223567071 1.74417190904382  -0.564571353779518 -0.0587601065015019   0.783380310135677 1776585357.92126
 0.857345194953906 0.0210472419461331  -1.50993392775297 1.73648617497624 -1.24719889722391 0.332695824822932  1.28118281327268 1776585357.94085
  0.97655219921836 -0.358177153992874    -1.292095157498 1.65875102636605 -0.708326638486633 0.0516083811955596  0.709997206357764 1776585357.96187
 0.584979630438651 -0.462174086059265  -1.47662878270044 1.65415797787039 -0.724468601294021  0.226406325970239  0.750311236888488 1776585357.9798
 0.379397622757314 -0.428829710436493  -1.64586752773265 1.74261797177458 -0.506057741316748 -0.100496025839636  0.639243817254121 1776585357.99999
 1.13395117226455 0.260586686535257 -1.10763314606442 1.60642518298866 -0.395032524513889 -0.103467613642436  0.680063211461249 1776585358.0194
0.539986873430578 0.126835570556228 -1.34179274989556 1.4519231622603 -0.750156554736136  0.147714038607854  0.851209121548261 1776585358.03982
 0.499028680211932 0.0610225779035937  -1.37902177952615 1.46780599777203 -0.652291519538429  -0.10804903577099  0.984015106190105 1776585358.06234
0.622263227248494 -0.23945434538494 -1.32527278259824 1.48354233367475  -0.749449789418158 -0.0651126434394995   0.664906443854331 1776585358.07976
 0.667659494662729 -0.199096099881799  -1.43712851910596 1.59710576926799 -0.640978315373476  0.134219718129231  0.628557767663148 1776585358.10044
   0.543664419997784 -0.00638143777216723    -1.55455922907366 1.64689590473037 -0.452398660986358 -0.124896280782798  0.885854309679919 1776585358.12171
 0.674988791700921 0.0772292733089243  -1.48962120441627 1.63723717347985  -0.53054437876243 -0.177610702386321  0.701397296164144 1776585358.14184
  0.77926352364133 0.0724535096553764  -1.47215796395629 1.66725829467999  -0.494216136525565 -0.0876058603601162   0.764095868726033 1776585358.16203
0.944065977425835 0.122776826552757 -1.42085667138735 1.71031236898331  -0.608183615733435 -0.0102830852100963   0.677161279131527 1776585358.18158
0.722588283986344 0.211012972375956  -1.5673203512032 1.73872176784009  -0.556662712844777 -0.0640842388788606   0.739909092594847 1776585358.20426
 1.30936768650887 0.055546479215826 -1.14730220045493 1.74178973730918  -1.02588913589894 -0.428738823293401  0.993552648443624 1776585358.22401
  0.665121134648201 -0.0474371397618786   -1.56908188051166 1.70489130261566 -0.431076547758954   0.26652718397728  0.745026466067674 1776585358.24398
   1.1660047309288 -0.172007316033374  -1.35733183492845 1.79763824487231 -0.737705969827202 -0.130252222712858  0.742487707479108 1776585358.26206
  1.43673312767126 0.0492783548292595  -1.20427429963634 1.87534184221633 -0.554949983067974 0.0179848618233193  0.619187135548818 1776585358.28386
-0.246189197542865  0.608306690680587  -2.02354679438711 2.12729588444765 -0.376300080192993  0.207852924181207  0.731895695288059 1776585358.3057
0.733432529312311 0.311528963180116 -1.52772934842833 1.72305848188701 -0.810163693965027 -0.278621043965631  0.883116106525174 1776585358.3243
0.656881997465782 0.292138818866222 -1.45320850180302 1.62131243065479 -0.789774853861692 -0.260568880171208  0.837042466954739 1776585358.34389
  1.61162439657422  0.188204818282563 -0.867295395476787 1.83982487000074 -0.699678591877491 -0.393058118428126  0.793251113796423 1776585358.36192
   1.8859345265315  0.161523524945243 -0.788524165661699 2.05051438602776  -0.365421556570635 -0.0676869791921091   0.548511616702598 1776585358.38193
 1.09861315703007 0.343504320324336 -1.31276557035093 1.74593800851573  -0.466674665737475 -0.0820110075841244   0.800036620456538 1776585358.40684
 1.58076885728965  0.35413187465115 -1.09920753103673 1.95767636781686 -0.579558766206559 -0.234793547258042  0.825491543727825 1776585358.42387
 1.26962951607628 0.273020548160063 -1.38745278898535 1.90040116014302 -0.617704824728767 -0.033361450300969  0.733918892300754 1776585358.44376
0.752284953752095 0.207410313015013 -1.50994015717281 1.69966789927615 -0.694978817769782  0.193730953408249  0.764471269829135 1776585358.46226
   0.901791359482517 -0.00583846094962103    -1.20462136944753 1.50478383410815 -0.64096039858654 0.166263492103445 0.759113944930984 1776585358.48143
 0.339895132196526 -0.468440333958266  -1.22576737471426 1.35553336524178  -1.0713715272358 0.563187446083984  1.35052961083554 1776585358.50551
 0.786875405610497 -0.513638850749672 -0.698077902572453 1.17060263583083 -0.311031639261713  0.284229004714256  0.983826500916848 1776585358.52371
 0.301432724218094 -0.232769021868439 -0.769772268182509 0.858832026437054 -0.491914751012741  0.319798828270106  0.752718645685077 1776585358.54263
  0.146673633957161 -0.0106876228538526  -0.624370262949618 0.641455848391953 -0.478810808544978  0.281416080243182   0.66957157966739 1776585358.5618
0.698936113335829 0.521343875768522 0.131590959061119 0.881831791121733 -0.440718709387399  0.358969431033231  0.719029387849411 1776585358.58038
0.263307789214164 0.201548142678985 0.242665705782961 0.410900584620346 -0.656196085982101  0.207514118040201  0.844169424725606 1776585358.60538
 -0.100192173196168 -0.0280062048922858   0.160014003301173 0.190859373190596 -0.519046130595622 0.0904199536476485  0.768099387194527 1776585358.62246
 -0.334374009079785 0.00551293173118216   0.109837677219657 0.351995292157964 -0.460371084625095 0.0260144277076645  0.750872766978613 1776585358.64237
-0.278206740356149  0.038308765874886  0.111620986160539 0.302201582513894  -0.600701696207303 -0.0362428451608104   0.822997771261373 1776585358.66165
 -0.223411050959846 -0.0358915656648061  0.0895471071652609 0.243350337124321  -0.618987978980416 -0.0474572462779879   0.833357599448591 1776585358.67977
 -0.247185001532649 -0.0604222909183427  0.0250951234698532 0.255697171365825   -0.511215717051026 -0.00428018395495005     0.81159684555818 1776585358.70398
-0.144795510918363 0.0315566613545179 0.0785212514207665 0.167711507603493  -0.487490795201173 -0.0537771928429306   0.801421454221404 1776585358.72203
  -0.12663808139313 -0.0198949357696049  0.0920273790282709 0.15780383588184  -0.574386555928763 -0.0212165080770149   0.801926597144738 1776585358.74198
-0.102758831955346 -0.058617538357903 0.0817243933557324 0.143785499329139  -0.558181897603473 -0.0806922530209665   0.803021510602912 1776585358.76186
-0.0602872766644737 -0.0412841756007788  0.0910988106574405 0.116781557558781 -0.584924695434987 -0.140199840361343  0.889069156839239 1776585358.77979
0.0281474063447782 0.0423676696977109 0.0586365334115418 0.0776243452151144  -0.223607988817426 -0.0256368475608075   0.808011040586897 1776585358.80407
0.0599393026254974  0.135844675784317 0.0319740058737512 0.151884274991823   -0.30761485093842 -0.0724683157863889    0.86606929833091 1776585358.82251
0.0186698448752436  0.137754323661998 0.0172947862657036 0.140085425463239 -0.345292149857783 0.0340847417096925  0.866708603695114 1776585358.84218
0.0166813496687601  0.155322573033735 0.0410050233965127 0.16150783592241 -0.404721768273784  0.055746197068235  0.914964759272159 1776585358.86185
-0.0317314512968823   0.134553859695593  0.0390472055248282 0.143653438593324 -0.389897923890192 0.0334063035557499   0.90056372634131 1776585358.88052
0.0545141563286358 0.0981140761693747 0.0759562522292889 0.13552681445202   -0.345452820999704 0.000752287580086991     0.84327685274877 1776585358.9041
 0.079946084126437  0.124953909641933 0.0928505295881389 0.175003076392255  -0.34109354745981 0.0355826501003028  0.830722190803933 1776585358.92259
-0.0223518598303772   0.148157808521692  0.0352339939353665 0.153921331180784   -0.394454219228332 -0.00921713963570977    0.880178674783832 1776585358.94182
-0.0180143018867918    0.16493961615776  0.0424198003550905 0.171257208645077 -0.397542358946311 0.0304861373605087  0.813860948058063 1776585358.96188
 -0.109358111311763   0.170063514129797 -0.0215685209682737 0.20333714969137  -0.537898894237187 -0.0169196794087621   0.802734417568321 1776585358.98037
-0.0909799915017008   0.113918259702374 -0.0119082034168175 0.146275541550471  -0.728877897524331 -0.0378689138599657   0.788920821212525 1776585359.00426
-0.134878109497967  0.065376484887774 -0.037002495355028 0.1543870909776   -0.735796749792715 -0.00785970577806169    0.767151633917271 1776585359.02368
-0.0693848498842933   0.102034308919401  0.0325533650871931 0.127612613673671   -0.718494029770938 -0.00499331552275729    0.703159623639893 1776585359.04341
0.00426354445033259   0.199364206365419   0.120915732078569 0.233205657853941   -0.886430757340249 -0.00650691598924782    0.785984381986157 1776585359.06207
-0.0503562043610087  0.0801093065105624   0.119084662437921 0.152099984007903  -0.898287681145121 -0.0231379499864881   0.808011598934709 1776585359.08034
-0.0239711772597764  0.0442729480125291   0.145909179072335 0.154350898288615  -0.710431825653682 -0.0686721995887287   0.696015671835729 1776585359.10461
-0.0067461444801262  0.0673488747137716   0.144274189093915 0.159362552154716  -0.686337099090693 -0.0139641035298427   0.719949011268986 1776585359.12379
-0.0379691026533146 0.00722218755392554  0.0867097724046609 0.094933647248118  -0.684239631769663 -0.0238267113201753   0.781385453295037 1776585359.14248
-0.0450306147668576  0.0190673120895977   0.055079746975814 0.0736552590350678 -0.608608109068906 0.0179616189214723  0.782789241148109 1776585359.16201
 -0.112135926794004  0.0142488603501035 -0.0235347782086645 0.115461603507651 -0.628502935195783 0.0204070578325325  0.802273892040189 1776585359.18042
-0.0125354929060412 -0.0387642214655892  0.0238079961524093 0.0471871182530126   -0.58793107734824 0.00113334453642259   0.807975134335635 1776585359.20445
-0.0391982351473593 -0.0197159325901831 0.00122997054641381 0.0438945607577222 -0.554745531523886  0.011859923727445   0.80466632016817 1776585359.22369
 -0.0465017103495882  -0.0208501169987611 -0.00212284460787702 0.0510063026843568 -0.551237155009751 0.0184469577320848  0.809314744237273 1776585359.24232
 0.0707718688764956 -0.0180898944262638   0.146827328653266 0.163994408880545 -0.634975210120628  0.165329180987453  0.860342526821996 1776585359.26199
-0.164908421493319 -0.218024888614057   0.26147201693388 0.378281978389219 -0.625719813213487  0.408987671273234  0.847837966140158 1776585359.2799
-0.216087105725068  -0.15796523265635  0.532066813567559 0.595602003093297 -0.659223685422486 0.0888455855033744  0.840030617412645 1776585359.30396
-0.197475237299239 -0.146215014330024  0.651523943062553 0.696317993553015  -0.610738938936846 -0.0278099972925808   0.872947234869851 1776585359.32373
-0.231750663237634 -0.160045248886143  0.718142255331848 0.771395586255991 -0.520201910716796 0.0591109872430285  0.844058652846239 1776585359.34195
-0.350698687441267 -0.134138088324977  0.705874544754503 0.799525777598749 -0.502251135141278  0.112905869830339  0.834210197600783 1776585359.36203
 -0.311409746559675 -0.0937014096048373   0.787716608892618 0.852205045948204 -0.500486099725536 0.0958153131460312  0.823547167666124 1776585359.3798
 -0.383784095464992 -0.0671026938692005   0.861600347669714 0.945594079169787 -0.593608716980858 0.0302756172478645   0.83082255723979 1776585359.40357
 -0.460259576826522 -0.0687310091894034   0.969214296884519 1.07514612168304 -0.573709258644307  0.110636560443734  0.772198184940957 1776585359.42252
 -0.562758200263841 -0.0644561573568468    1.02425646704181 1.17044978468211 -0.516818657472088 0.0278656426655479  0.735983049358594 1776585359.44149
-0.565793771259451  0.130881805378347   1.11983031592773 1.26145652919388 -0.472230487177777 0.0330824859224623   0.69846842648754 1776585359.46542
-0.744994065878521  0.124241361134717   1.08535616370686 1.32228970959745 -0.541658576601757 0.0292956751121144    0.7327996875914 1776585359.47957
  -0.784969766097 0.138734588282061  1.10383820533752 1.36157394335928 -0.649255302031234 -0.130481315464081  0.829023222004972 1776585359.50195
-0.672850365228678  0.112272268317981   1.18071104831861 1.36360230853547  -0.514678076369676 0.00340699153191272   0.731717380713776 1776585359.5225
-0.803643516496731   0.21202107482683   1.16744732925515 1.43308377437013 -0.575960679287737 -0.105613940910494  0.786774629222785 1776585359.5416
-0.635610175258766  0.143492241351851   1.29094974578813 1.44607799387554 -0.629271944227163 0.0432791529100087  0.863435951978746 1776585359.56212
-0.909940961970399 0.0981590186079212   1.20080188291752 1.50981883324588 -0.619594395415873 0.0725128306848834  0.838293888727971 1776585359.5798
  -0.74227322111421 -0.0107459895805519    1.37227068920741 1.56019609521788   -0.72136946988541 -0.0913818777026886   0.928392225550582 1776585359.60213
 -0.877024599369563 -0.0707931534187621    1.33847305412577 1.6017783664075 -0.548856368964598 0.0685988777758135  0.807421262544548 1776585359.62401
 -0.720699761000425 0.00422825964230149    1.40554012766098 1.57954711045632 -0.545476865293184  0.053512958962064  0.679224107071956 1776585359.64172
-0.0943907731086372   0.067772121060872    1.30908286101851 1.3142300466256  -0.52920326997841 -0.764154815986665  0.821473131134683 1776585359.66168
 0.068949185094695 0.0187631803239434  0.902134150096002 0.904959707296699 -0.548921404809653 -0.292794422518205  0.657598903695754 1776585359.67932
 -0.348562107920031 -0.0236483277553699   0.288996411044763 0.453402373262464 -0.750284208828903 -0.371165970953587   0.78602797089447 1776585359.69968
  0.247289773536835 -0.0608983938463147   0.235710329546818 0.347016146488935 -0.692511250466593 -0.217594530843762   0.85531520854414 1776585359.72142
-0.0861296506482809 -0.0993698142876831 -0.0618222627158621 0.145308874056861 -0.777618218326907  0.111641899950301  0.754591664353449 1776585359.7397
 -0.271253004588938 -0.0868304390019845  -0.269401017694007 0.392039061791514 -0.604637673123801  0.247938648695639  0.847013874507587 1776585359.75899
-0.133768796920776 -0.199145004153252 -0.276744574308395 0.366251802886983 -0.515460526025288 0.0354380778798165  0.932515701168597 1776585359.77756
-0.201076164490236 -0.193169151985088 -0.314517102424252 0.420317680953455 -0.490390768386547  0.128309198401149  0.876691468865053 1776585359.79835
 0.0174728568117421  0.0434569419156865 -0.0886351411954471 0.100249662246632 -0.566042297181594 0.0575419073882099  0.859163929675272 1776585359.82372
-0.0966157843758416  0.0167629718928776  -0.110501880790019 0.147737174317679 -0.584952035670915 0.0331475327697133   0.85002239021788 1776585359.84161
 -0.133663520649523 -0.0559712332929527  -0.118285984459091 0.18705691601279  -0.529486837244258 0.00545259812940316   0.767479444848426 1776585359.86194
-0.0467889776787423  0.0301051888134629 -0.0757944603688247 0.0940230346687312  -0.512539586800348 -0.0220713990228097   0.794409559604915 1776585359.88148
  0.0762869986156065   0.0395586417041513 -0.00486265439688988 0.0860711200057171 -0.608247726573343 0.0307844469583517  0.851569588836151 1776585359.90168
 -0.105006650090218 0.00432050321251154 -0.0828664302825928 0.133835378652128  -0.592317636604199 -0.0169704939896953   0.837847024417052 1776585359.92398
 -0.0380802025060759 -0.00938118740612289   -0.047223833485992 0.0613856575200205 -0.539390559979003 0.0356172431433883   0.77171753702957 1776585359.94351
-0.0792341088063184 -0.0706422917572089  -0.086597561980456 0.136994580637341  -0.431038514568359 -0.0532105490364322   0.735980642301263 1776585359.9625
-0.237123761484155  0.022621349655942   -0.1815228773947 0.299482818769795  -0.477617795011473 -0.0609116037255214    0.77719739659393 1776585359.98128
  -0.270740004367368 -0.00617166776148305   -0.220125570704111 0.348989263911673 -0.428606978744287 -0.048085948457967  0.858196651422926 1776585360.00168
  -0.174592576717414 -0.00300691571341212   -0.153588709936557 0.232553437314759  -0.494139577816435 -0.0804419235529631   0.901427457230111 1776585360.02407
-0.0961522875251699 -0.0219037279991019  -0.105715346397364 0.144570986579245  -0.423706600679667 -0.0778314221095353   0.866144014118155 1776585360.04352
-0.112433906584606   0.00639559802701 -0.121587173120888 0.165727872403913  -0.453734017027671 -0.0502877126647311   0.852763318770557 1776585360.06204
-0.155287047052855  0.112316948178133 -0.126858758955652 0.229831043495462  -0.393866395936813 -0.0529920778091843   0.794585537157204 1776585360.0805
-0.0318939939929872   0.115732734835589 -0.0359214627112899 0.125306201956121  -0.52327127951264 -0.153827476564356  0.812863424527842 1776585360.10162
  0.302532602185056 -0.0509448092631211   0.172586466962147 0.352004882855613 -0.532843661284984 -0.176840008957845  0.851849167890093 1776585360.12378
  0.189787655672303   0.131620457793178 0.00829517783465201 0.231110599347115  -0.366150471855684 -0.0366643090458645   0.827178901074038 1776585360.1446
-0.0141822981990002   0.226503502410668  -0.155526873637909 0.275124667396595   -0.472490724644846 -0.00845466782272058    0.856499488824899 1776585360.16206
   0.329362941808677    0.220700282704118 -0.00417177772799073 0.396492075522268 -0.543017886271835 -0.034780012310443  0.836186071024385 1776585360.18005
  0.127720404279074   0.138285570881657 -0.0954421115307325 0.211055910688899 -0.723590684866318  0.380544911786496  0.949125586418853 1776585360.20146
  0.182813879546002 -0.0365144466070382  0.0376875887293576 0.190196145360287  -0.52175897574678 0.0429005511040823   0.87117855336726 1776585360.22431
 0.163427668942103 0.0215448802990499 0.0354972096705335 0.168620392412495 -0.471291668815121  0.079774137287964  0.728829976943706 1776585360.24258
 0.0251982257210205  0.0585414802332075 -0.0176247667863288 0.0661263025705732  -0.643333677968851 0.00522568665652273   0.789358053495787 1776585360.2619
  0.107830969328955 -0.0345925660572459 0.00641252304983169 0.113425235396324   -0.67662454644647 -0.0275181495423823   0.793260317292078 1776585360.27971
  0.0704888788948589  0.00173695120278945 -0.00467708087320628 0.0706652257679084 -0.574954422413971 -0.137201847542841  0.848789113627941 1776585360.30035
 0.144930978580711  0.269388375745424 0.0398648611017622 0.308487102955347 -0.696445353988378  0.136564768950625   0.79644972873791 1776585360.32393
 0.133217632578429  0.233030462636242 0.0567441128745688 0.274353838121839 -0.701204101376371 0.0636602216169966  0.770650669940695 1776585360.34337
 0.159049001321156  0.175183117614425 0.0347274876604622 0.239147878764529 -0.636229293870625  0.051661816186737  0.750521023072393 1776585360.3618
 0.0815927658927152   0.139088455290108 -0.0187518848517857 0.162341033095476 -0.667104285387386 0.0309031253607859  0.738505415769213 1776585360.37954
 0.0760629314076604   0.110571133966436 -0.0203892635067723 0.135747070934509  -0.623523095685254 -0.0181037268024866   0.732978879577622 1776585360.39982
 0.160535792640119  0.129661348882719 0.0203088013373089 0.207355379781754 -0.651979749910818  0.033055913098754  0.796722180140551 1776585360.42475
  0.119325227930793    0.11019639477981 0.00540017753989003 0.162514360475208 -0.649871225184998 0.0731607912310037  0.781439294104052 1776585360.4437
0.0355659907529498  0.109409288475173 -0.033240077374697 0.11975071960852  -0.62775630879787 0.0327507895213586  0.767678169574301 1776585360.46203
-0.0439356584713754  0.0893072307327517 -0.0571209359186065 0.114755936084735 -0.641167092785569  0.029791634331921  0.771586036862638 1776585360.4795
-0.0607093480377902  0.0331640433992852 -0.0435477656766133 0.0817428076908815  -0.632504163892318 -0.0174127652113023   0.777884830757567 1776585360.49964
   0.0363953191217388    0.0743523634491711 -0.000570675481213343 0.0827841704370811  -0.573178856840917 -0.0152129078537514   0.729342033436321 1776585360.52437
-0.00543829701115953    0.024923163546643  -0.0205144032359941 0.0327349949699594 -0.584069445422998 0.0730915332473372   0.78352125675747 1776585360.54377
-0.260661336567821  0.103508190055996  -0.14640931716184 0.31637630433044  -0.567611708466882 -0.0195153231618131   0.818357459864869 1776585360.56193
 -0.109103046426249   0.104459857792134 -0.0359130208824871 0.155258113148225  -0.585766272020598 -0.0841189909266954   0.807084731443495 1776585360.57968
 -0.171552544678863   0.230079143066839 -0.0937907778056091 0.301932770102129 -0.503638870697334 -0.254602215555226   0.73048251275644 1776585360.59946
 -0.29602442268421  0.464359677276664 -0.125320422365835 0.564770375434086 -0.419951929009488 -0.111345234936051  0.804758892228282 1776585360.62413
 -0.196314586923206   0.337382419190925 -0.0566276123780539 0.394427433505314  -0.380296494007106 -0.0420734761364432   0.923455311467985 1776585360.64261
-0.0725388572580137   0.427713144737421  0.0404649145704523 0.435703832097753 -0.346056754610205 -0.112569619258109  0.889205911691996 1776585360.66228
0.120064165220577 0.327210595933759 0.121657739996302 0.36916498149533 -0.516979974268021 -0.227963937577724  0.878112369384019 1776585360.67909
0.151467296253825 0.392365604270513  0.18818658287322 0.460768162118985  -0.607848187178321 -0.0256793068994034   0.827774888270362 1776585360.69856
 1.26535472082064 0.395760706142648 0.783318187854786 1.53991444225117 -0.187243412046989 -0.340697190944829  0.545970002123402 1776585360.7279
 1.28792396148326   0.4813934543114 0.650312867203103 1.52098475129322 -1.37682115800132  1.47755599135405 0.913224595078267 1776585360.74409
-3.54170299319344 -1.46340912473537 -1.50431476029709 4.1168178556261  -1.42675191905129 0.0255770579959928   1.25794095191587 1776585360.76161
0.523667930231772 -1.32784385694745 0.446157055015729 1.49547769201905  -1.02458874587283 -0.230967958909033  0.556863462501014 1776585360.7801
  1.1994542931859 -1.16740695675092 0.850212753391043 1.87733623257564 -0.719194881515909 -0.088543525385953  0.672174990636057 1776585360.79923
 0.152210172051548 -0.422890116277573  0.128059144760353 0.467336208182047  -0.71469833785783 0.0181211895122756  0.647554146501334 1776585360.82391
 0.223417712919235 -0.604378540846588 0.0441271705492652 0.645860745255969 -0.584227614787738 0.0448928066314183  0.629756944241647 1776585360.84406
 0.203562126465009 -0.454168023068374  -0.13422231074658 0.515482066817986 -0.415608008170507  0.355547934439097  0.489070463622038 1776585360.86189
 0.326988216571525 -0.224399964893256  0.282530244461594 0.486929129397954 -0.270865607994453 -0.374106579525141  0.912832459626909 1776585360.88007
 -0.50811736107153 -0.243211987852009 -0.312334708222179 0.644118229533566 -0.819794478738048  0.746211932049816  0.967157923638297 1776585360.89914
-0.622868651101937 -0.345053269467997  -0.12793949617245 0.723460869693006 -0.671742565107123  0.177869793558439  0.807041327261254 1776585360.92368
 -0.555424208984128 -0.0938729984868652 -0.0409825909295409 0.564790018086242  -0.437152951336796 -0.0895824508441161   0.796026471783734 1776585360.94405
 -0.31783188299254 0.0321100544495011 -0.119794819982203 0.341172918529449 -0.413684952950828  0.243003680850255  0.722862423383415 1776585360.96192
-0.0393871708618176   0.135811686658393  -0.116627433155017 0.183297904041  -0.527655022365226 -0.0230440067511874    0.87175504721788 1776585360.9797
-0.138852113868738  0.155295793718161 -0.161818934239022 0.26378411732063 -0.575536077820204 0.0471644829910334  0.847254433847153 1776585360.998
-0.176676387485708  0.264525533073457 -0.184540196749314 0.367754521058644 -0.21497134707252 0.148686406664945 0.774971914932629 1776585361.02202
0.0775736058717375  0.477399148939096  0.255199052659071 0.54685845354516  -1.20561924116674 -0.672749660304277    1.2715133720563 1776585361.04372
  1.22376466111787 -0.167710569895757  0.566624303569622 1.35896647583796  -1.0814834831632 0.204357591399855 0.966913363473523 1776585361.06189
 -0.47079347274839 -0.493204929767118 -0.306784008050174 0.747672404415468 -0.904662391180026  0.164777900256431  0.715045394415414 1776585361.0796
-0.401012905284209 -0.487441058190443 -0.244937455306928 0.677055752819909  -0.729651801346976 -0.0858891487680975   0.716418993856127 1776585361.09803
-0.292283633969309 -0.118577740694211 -0.145844116783014 0.347506704503187 -0.617461460806582 0.0873138615036133  0.628814586586504 1776585361.12219
 -0.303111496832102 -0.0139350366718586  -0.129806792003012 0.330031162178599 -0.745780324183685 -0.120380548318629  0.720313004609583 1776585361.14383
-0.0486466424700655  -0.191047409341369 -0.0239514218505419 0.198593250258718  -0.603013332989962 -0.0962533597143511   0.679482444661276 1776585361.16163
  0.262582855935054 -0.0994611686757213  -0.224993911319576 0.359811812530148 -0.288420593939731  0.371944796344136   0.57562163144891 1776585361.17993
  0.37139667337061 0.0653795993352193 -0.054341170581077 0.381002550936488 -0.923924522050303 -0.195973450037049  0.886894789735782 1776585361.19974
  0.120554449717487 -0.0393988202605751  0.0331271026378446 0.131084123042379   -0.643787617896861 -0.00409065911695125    0.746687392334454 1776585361.22261
-0.529407636672265 -0.110691679418459 -0.195102540129625 0.574969646872271 -0.767903734675431 0.0497491544050718  0.723792007347129 1776585361.24369
 -0.442593852753684  -0.148369740941151 -0.0779584079297967 0.473265688476613 -0.584325793610484 -0.112128329670619  0.745074371920274 1776585361.26161
 -0.131221676031996 -0.0674512983402623 -0.0596061334361882 0.159127926686819 -0.449544307209895 -0.115202634183968  0.814101688812812 1776585361.28116
-0.103981498648385 0.0291932085569721 -0.122979956777964 0.163671821814645   -0.47696222562997 -0.0652693794984179   0.801474626359877 1776585361.30046
 -0.142340088197515 -0.0114184310631138  -0.105540638737391 0.17756662890621  -0.521783599464536 -0.0876203187390788   0.836013428871895 1776585361.32411
-0.0415091138585396 -0.0670286224004804  0.0158322487512762 0.0804145686722852  -0.429429673690557 -0.0464513279481004   0.858960960443835 1776585361.34381
  0.0181110078899212 0.000171867852639838   0.0422443299447159 0.045963263132915    -0.4239611623257 -0.0312264399956541   0.837103836943006 1776585361.36177
  0.10647640750879  0.095596864007765 0.0798057316063855 0.163844257028824 -0.466105231488033 -0.100709200040735  0.817960571120321 1776585361.38129
0.117564060223504 0.164320042405817 0.106960507342204 0.228610880588363  -0.516639145928344 -0.0760078886691926   0.789924748807313 1776585361.39975
 0.19434107961718  0.19080543373374 0.178119767470444 0.325425598766933  -0.53326642001807 -0.144772231502712  0.833773393949433 1776585361.42395
0.283188176083094 0.336756613778598 0.176242225782204 0.473985107514532  -1.2496480975718 0.353104647843336 0.979397957908646 1776585361.44402
-0.885765652080271 -0.164534897862677 -0.447195939595522 1.00580153679073 -0.952909940335707  -0.17368154931278  0.906780024053517 1776585361.46169
-0.268809153195216 -0.150897560489322 -0.466348583321843 0.559025433920003  -1.03784284908541 -0.421361817303614  0.699996201538315 1776585361.48132
-0.136267330373291 -0.212639799101656 -0.607545043341931 0.657947907648018 -0.692254391214055 -0.208697011164629  0.660319825057172 1776585361.49963
0.00847739581373577  -0.164542021096438  -0.705778415089821 0.724754519925873 -0.554092412072281 -0.191553972382345  0.656960570657109 1776585361.52553
0.0714122627512654 -0.132182500120143 -0.766700274313148 0.781281789907536 -0.554717262785339 -0.150106238007016  0.702377060977632 1776585361.54344
 0.374964298591504 -0.108177300735423 -0.707739640840606 0.808205390250406 -0.616047920222102 -0.151195748513244   0.72215851760978 1776585361.56201
 0.319404484561665 -0.103895864003033 -0.780827106189552 0.850002673569554 -0.689495292196446 -0.133416400745758  0.719295970771998 1776585361.5816
 0.392976106039967 -0.254488526269128 -0.820551892052733 0.944722201216996  -0.691094369267149 -0.0843897159180771   0.805633488353902 1776585361.60045
 0.437556000958691 -0.131778204482344 -0.889302857794527 0.99984014824024 -0.62118532359361 -0.07848311087268 0.725825345732527 1776585361.62286
  0.566109955310822 -0.0180500503629446  -0.833877861499786 1.00804691047569 -0.420756614383462 -0.284884510765585  0.801745476836302 1776585361.6444
 0.851889904080208  0.161681822633462 -0.557722555182797 1.03097617285924 -0.552208425488718  0.169635527165252  0.732512703412803 1776585361.66191
 0.397198914024223 0.0570658671386989 -0.405713923912296 0.570637607024481 -0.63163273575506 0.397640914835962 0.602488393999965 1776585361.68206
 0.0785485323652808  0.0557272001672068 -0.0975682832128066 0.137094721504185 -0.731671682203625  0.314719370991157  0.818021435831394 1776585361.70031
0.0308010616193673 -0.166046068511528  0.317981155573917 0.360044466094313 -0.841226136581492 -0.193262643709377  0.978691521108645 1776585361.72374
 0.0943564214850136 -0.0928017373673625   0.216807517263319 0.254009441312214 -0.581760217227874  0.192378839106768  0.834143395795038 1776585361.74377
-0.0511179057661913 -0.0935121036646236  0.0722405856749943 0.128748809860017 -0.441256079227086 -0.247716624354112  0.871851070492076 1776585361.76194
0.427375735402692 0.015694278207222 0.195115750165243 0.470070723978831 -0.294889190257708 -0.097113619793842  0.767002739446305 1776585361.78197
  0.162760519321513  0.0484864543415869 0.00247554234588676 0.169847140730522 -0.483507421430263  0.135268140075043  0.731825052993996 1776585361.79986
  0.115581290407161  0.0861015389241453 0.00267072551514456 0.144151456711571 -0.59491938901519 0.139418173401651 0.819679504727174 1776585361.82243
0.0650293635156158 0.0594980484395097 0.0437482109407255 0.098400924019394  -0.60166272272001 0.0720606329471322  0.874366832470746 1776585361.84362
0.00455027686451915 0.00359852922961704  0.0763729170042897 0.0765929297252972 -0.599490671159589 0.0445668061632081  0.880674921191481 1776585361.86189
 0.0542327308035266 -0.0765875994802829   0.118291432560262 0.150995736700474 -0.563619388147347 -0.081458418465749  0.857461982962902 1776585361.88172
  0.193493839130249 -0.0949615058284581   0.184751909778441 0.28388522599345  -0.441574091339205 -0.0682610142995003   0.746708432321107 1776585361.8996
0.0989527485174118 0.0577855522706977  0.106325619896374 0.156320036900993 -0.475926466275473 0.0496659571348042  0.791434930834758 1776585361.92143
-0.00407183267113213   0.0143509936113938  -0.0312083933286493 0.0345903838240001   -0.499726524617062 -0.00220691280876149    0.893487100456336 1776585361.94365
 0.0212997172231166  0.0910711911736806 -0.0446744335249403 0.103650590091673 -0.537190748021015 -0.102043643016169  0.896971474464766 1776585361.96282
  0.16810823369783  0.136255740857317 0.0200543057482293 0.217320455393928  -0.609093131034326 -0.0937192844926947   0.902585750704072 1776585361.9818
  0.1935411756272 0.135132992112853  0.10278806564222 0.25745776092206  -0.634136353674834 -0.0137537305168517    0.86701435782222 1776585362.00135
0.0478747421730384  0.104494869282012 0.0185931663547344 0.116433991941762   -0.548187706483798 -0.00289828286166896    0.790932584958246 1776585362.02116
  -0.2397174151005   0.33181482314184 -0.158788506982684 0.439066402619132  -0.423491327357787 -0.0855121470828394   0.731752344257254 1776585362.04369
-0.154090158901265  0.290663777291471 -0.106603940614913 0.345823088665564  -0.445287175453762 -0.0383067508154449   0.838678520734941 1776585362.062
 -0.155821885243417   0.231069397066241 -0.0762524539107821 0.28894283674939  -0.517656952216854 -0.0553673571412254   0.907984748760169 1776585362.08198
0.136926881246559 0.106209044448551 0.257921434882615 0.310729461915813  -1.06677815771238 -0.301503211922013   1.17444330030622 1776585362.10022
  0.101091515884152 -0.0389044558234661   0.127089132259088 0.166987121674229 -0.413599969344456 0.0233412140945822  0.777703461806932 1776585362.12191
-0.0380968435865301  -0.229086887649433  0.0502483933380937 0.237606970893576   -0.37846490066882 -0.0275282905621453   0.783052463839559 1776585362.1439
0.0678608683025902  -0.30144892851414  0.134191378510898 0.336873685549583  -0.396864125360879 -0.0967833077983476    0.78969821555791 1776585362.16236
 0.0931057908259334  -0.247841096524909 -0.0568900046624417 0.270795808760926 -0.0961734800272462   0.388481816849651    0.66664057553455 1776585362.18172
-0.357660435161071 0.0991166358466877 -0.160532717591914 0.404370928478565 -0.605639024508406 -0.171288948697395  0.979216458974202 1776585362.19977
-0.238827669594074 -0.298259240020671 -0.147388591541362 0.409537088598812 -0.664199984640883 0.0433334906138895  0.913760850566028 1776585362.2214
-0.163030728610963 -0.358276178753449 -0.137844822382802 0.417063584830108 -0.403674650965581 0.0520278834827018  0.794088612179539 1776585362.24414
-0.0504390708814938   -0.19415147101314  -0.106339053130112 0.227039396996564 -0.365798480434725 0.0343306409953245  0.818142195960235 1776585362.26203
-0.0411287198228388  -0.148939680111602 -0.0732345336521909 0.170990926148921  -0.470192082500729 -0.0172687474664374   0.837874477230031 1776585362.28169
-0.0524364380356804  -0.197420015096645  -0.119121736108611 0.236461900542474 -0.419761574146406 0.0633138082210317   0.84239147120875 1776585362.29963
-0.0667802359971333   -0.17640002709656  -0.123827550519586 0.225632071628083 -0.450118176870243 0.0238583451631692  0.840589162845956 1776585362.3205
-0.0769345607096573  -0.113861109854663 -0.0743925526504117 0.156261098353902 -0.602015717214807 0.0284349631776322   0.83643620783379 1776585362.34189
  0.062566901257184 -0.0252066588157109  0.0769823556604221 0.102353680268985   -0.580016346620176 -0.00312985342066946    0.764723000814523 1776585362.36162
 -0.210240263752775 -0.0876558392094249  0.0120404927462831 0.228099732827372  -0.607170664459069 -0.0583954267831083   0.835701428098195 1776585362.37958
-0.0306844996775711 -0.0918268171414152    0.17894227710844 0.20345525651489   -0.53703605620665 -0.0756550106975723   0.806851015878499 1776585362.39552
-0.0964397828828718 -0.0764047391888118   0.081382820724136 0.147517725721429 -0.559656074043476 -0.194307391292379  0.913994508625764 1776585362.41337
  -0.024582802278897    -0.25861858802738 -0.00293201191391802 0.259800856301557  -0.570186711404217 -0.0985196964523345   0.871068289622036 1776585362.43537
-0.184186473420407 -0.105514510054106 -0.126395328523289 0.247050091875139  -0.47981301616112 0.0575790644396404   0.78749946527825 1776585362.46228
-0.0792339153858303  -0.335575853819864 -0.0742462781541155 0.352706218876331  -0.289061186060926 -0.0210632449551455   0.841997606998764 1776585362.47343
-0.106499165998421 -0.267343635814156 -0.107798143251917 0.30730299649898  -0.330077936761026 -0.0606910980393779   0.941254835176113 1776585362.49387
-0.0363246557741744  -0.264408919566793 -0.0422703057477789 0.27021905208849  -0.493660389074727 -0.0162641170860732   0.885766962033043 1776585362.51542
-0.0204176869295979  0.0063262547017941 -0.0282612453794573 0.0354344666744815 -0.433923664887972  -0.10739849050101  0.946946315214342 1776585362.54042
 -0.0120085645226623  -0.0724358419163723 -0.00600495481279763 0.0736696429903958  -0.395929391427868 -0.0887568356765624   0.966735993672377 1776585362.5619
 0.0115591093768805 -0.0848527408136434  0.0102127858022333 0.0862432700389794  -0.447042404246886 -0.0726328659075538   0.990640252604267 1776585362.58028
-0.0379206849976489  0.0645479904478678 -0.0306260232181541 0.080884947423534   -0.31651197210162 -0.0713038878427208   0.888542227526245 1776585362.59789
0.171562719057984 0.225595964276036 0.127271840435504 0.310685414907175 -0.189594834107012 -0.277540556743313  0.876678505435322 1776585362.61771
0.0406797084921124  0.410333339947179  0.216870702909203 0.46589826178635  -0.154221216468428 -0.0592016609066848   0.787185968138176 1776585362.64164
 0.54697745529492 0.593457634971344  0.40824707469703 0.904456729260925 -1.1241500683646 0.51292547077186 1.09775808847752 1776585362.6619
 -1.10013131448194  0.254555978628355 -0.509320339008938 1.23874729589508  -1.04271550995021 -0.199749573731605   1.13064009454656 1776585362.67974
0.414848655298837 0.252128642789299 0.384277707162064 0.619142645550894 -0.761344876804593 -0.545221850689178  0.936344847060781 1776585362.6998
  0.956735380523081 -0.0469928780667414   0.592437631805413 1.12629182120481  -0.382080110479573 -0.0211223669520715   0.600384218303544 1776585362.7182
 0.29767033887646 0.025234717466927 0.150755112671099 0.33462146615084 -0.362784202107447  0.131023268762564  0.736038000978794 1776585362.74151
 0.0680814026087959  -0.225191446259661 0.00827813257013648 0.235403467112418 -0.469094670297722 0.0481855831768758  0.789682701710593 1776585362.76262
 0.323192000432453 -0.262067090298699   0.15248401846295 0.443151898165591 -0.587233729502252  -0.10999901545184  0.815001926742534 1776585362.78438
 0.127981070517815 -0.237424662833713  0.144901611317884 0.306179852203092  -0.424152612949337 -0.0236095344468366   0.805987125090218 1776585362.7981
   0.2412967045912 -0.215099899292578   0.18692661543188 0.373408122406393 -0.460813315118649  0.075465937995329   0.71144022233255 1776585362.81816
-0.212979845475901  0.194018473425554 -0.199268429603369 0.350301997776082 -0.606278045385112 -0.053907019725357  0.840154465827257 1776585362.84143
-0.0614809435425076   0.187159758615195  -0.205452966869726 0.284639426747856  -0.621903961857411 -0.0305888007646421   0.881103687109754 1776585362.86185
  0.174875223487241 -0.0185999319832397  0.0106981982927044 0.176186698437207 -0.555800432152799 0.0186938597495991  0.793650245996201 1776585362.87948
-0.143575446081758 0.0134841479174534 -0.105011785395122 0.178390599624831  -0.465179490144526 -0.0392540715069762   0.881223809946435 1776585362.89797
-0.359626606609474 0.0345730557904808 -0.165494070254752 0.397385052131584 -0.355004008118704  0.048755713105736  0.866256504260372 1776585362.91775
-0.416198940265272  0.184846604535951 -0.182678653179903 0.490674347621749 -0.240504983857844   0.16051339178606  0.700493590335326 1776585362.94076
-0.138280638946676  0.331096257210834 0.0877068146495932 0.369376165964321  -1.22678659029325 -0.681070683797087   1.51270478754771 1776585362.9622
0.520925749379958  0.40333666011357 0.204618563028595 0.689864373695676 -0.573205104506304  0.228095429745193   1.03326399075174 1776585362.97866
-1.87807302801458 0.947475876910681 -1.13159424459722 2.3885925500782 -0.468596638591727 0.0484082174242516   1.07526230251376 1776585362.99842
 -0.16257725008156   0.58543217098861 -0.332879380779977 0.692799300823103  -0.71073335474291 -0.578486520983856  0.899583883424675 1776585363.01762
 -0.203608292893191   0.169401598043076 -0.0742659855880229 0.275079397574206 -0.14988941005322 0.208844774972743 0.672725949488968 1776585363.04179
0.282734703766795 0.167245757645306 0.262974128256738 0.420791454638567 -0.289008636312635 -0.130173112990082  0.651961798718872 1776585363.06207
0.363803688786789  0.30025455707078 0.238606719562103 0.528619986036125   -0.525070650262372 -0.00149646990647986    0.667455057697432 1776585363.08043
-0.0142751410529974   0.151586743945078 -0.0209706695446963 0.153694793578398 -0.650723383045502 0.0256135900057213  0.763083394860171 1776585363.09854
 -0.361190742717275 -0.0441690614432517    -0.2202106723639 0.425326226367944  -0.429051249531068 -0.0551190473993046   0.825885164069426 1776585363.11751
    -0.32088961255443 -0.000921387933171258    -0.162349884805031 0.359622687684276  -0.497492896767538 0.00525455426422494   0.701474317004654 1776585363.14141
-0.451489864412798 0.0428294024509742 -0.192003702384669 0.492486423276027 -0.602814766146277 0.0791514283417954  0.713180913438219 1776585363.16171
   -0.17189809179976 -0.00917850160617586   -0.108846422113258 0.203668216624467  -0.480476854538524 -0.0258839646682759    0.72979301223929 1776585363.17933
 0.159595768605689 0.0908752330063668 0.0919359553636289 0.205380956321236  -0.411692236089107 -0.0792247719648753   0.821642223392291 1776585363.1977
0.144949678458759 0.159571405691251 0.107167636010921 0.240745394572251 -0.409389154018724  -0.21678746844565  0.858126401244033 1776585363.21725
0.215753700741503 0.224210618335659 0.154422381350898 0.347370598381893 -0.306913577886455 -0.163448076687525  0.804913444432208 1776585363.24055
0.396710449049025 0.357153268488772 0.233258927542566 0.582535290652163 -0.899831354885157  0.364919887955713   1.13166321954559 1776585363.26185
-0.657840221679021 0.0991282362469206 -0.554185133094547 0.865852947227847 -1.38744977638372 0.785999539542534  1.39670165160553 1776585363.27859
-0.0168951002990435  -0.184206496636042  -0.211857894809651 0.281249436284264 -0.701205182294258 -0.146013214584985  0.883264877799017 1776585363.29832
-0.31166797876358 -0.23429873585701 -0.23093818128109 0.453172450822185 -0.402704177220516 -0.462456344180203  0.833031043487817 1776585363.31635
-0.289523673101824  0.226552790811138  0.116870837549603 0.385757588363771 -0.467851631643526  0.319196126338354  0.687410963728056 1776585363.34152
  -0.277938738676377    -0.24430612113394 -0.00939261674773201 0.370167049492383  -0.56461527256024 0.0920463022788939  0.774084994521526 1776585363.36195
  0.2133473834192 0.218161170718018 0.179074708320258 0.353806661300859 -0.376596221708997 -0.206134747479967  0.640733053012027 1776585363.37825
 0.400993973016739 0.0884763970971107  0.365609914064407 0.549813467006055  -0.318446398726235 -0.0655490136301131   0.647041970774816 1776585363.39804
   0.1815495043993 -0.197014480829239  0.244169786572456 0.36248284494426 -0.282522693022677  0.165714645199554  0.655003508021379 1776585363.41445
 -0.210884471940039    0.12230218764039 -0.0635497173307919 0.251929855673911 -0.511916626037942  0.207292994622945  0.802336071115326 1776585363.44034
-0.194583358835117  0.180121831100812 -0.113455666126132 0.288407256758199 -0.535487971056767  0.098594550688158  0.740765217246625 1776585363.4615
-0.302080601453781  -0.32804200053215 -0.126542270183563 0.463548476462843 -0.430217669907006  0.292786361001245   0.78047472486103 1776585363.47758
-0.580114603042603 -0.130968078970909  -0.13080333173275 0.608929472077838 -0.444016682397778 0.0593157300427496  0.656538600108548 1776585363.49752
-0.174420263683723 0.0167194048815444  0.085044939858077 0.194768089477092   -0.585078922610958 0.000700896192963805    0.492441669395638 1776585363.51524
 0.320565319275825 -0.113430579351841  0.674606751197046 0.755462036779572 -1.96777077429053 -0.81075568525223  1.74352375394521 1776585363.54156
-0.409040396497567 -0.366780873952722  0.154556538032812 0.570727587306849 -0.612496097356617  0.355509498845295  0.830276860762355 1776585363.56204
0.0914439030949029 -0.188072686477252  0.351941758031819 0.409385300002978  -0.69823921740403 -0.100365290699288  0.866427634790627 1776585363.57967
  0.394864223951366 -0.0694913958889242   0.584863125315484 0.709092155374111 -0.37491547760682  0.45134441124723 0.448891858030321 1776585363.59779
 -2.05965865788197  0.613146235066664 -0.730197394323629 2.26965423076768 -0.466303259597934 -0.226760294423067  0.697532254007856 1776585363.61565
-0.713492980341477  0.506630106805568 0.0685817111860832 0.877752669735385 -0.669966653978046  0.126218390417228  0.764208594237042 1776585363.64066
-0.648184337135938  0.150434666528601 0.0909163996827227 0.671594606539686  -0.278838561338122 -0.0895145090599901    0.68374718250618 1776585363.66198
-0.257807689781247 0.0211971246890737  0.151287450108633 0.299669844271658 -0.446908176196084 -0.207485465185509  0.759876218120598 1776585363.67817
 -0.155216425990757 -0.0562435201263752 -0.0152800527346718 0.165797926600801 -0.528963508112403 -0.148598814835944   0.72816493158497 1776585363.69838
0.0307130822781569 0.0700434274138292 0.0349916811631367 0.0841058434207981  -0.543270511888146 -0.0747009590439257   0.774539719067531 1776585363.71246
 -0.434805480081947 -0.0998930310778882  -0.286922822504481 0.530432963946585  -0.532787899585319 -0.0574861973312243   0.809881013810024 1776585363.73358
 0.230301775498439  0.101878981387278 0.0251329796770708 0.253080819727001  -0.394316069306811 -0.0143420528578389   0.948848152501042 1776585363.76155
-0.0863367420164922   0.115499657625849  -0.132095642958608 0.195559358820688 -0.366511685229749 0.0240326337665821  0.787366222492904 1776585363.77587
-0.118364539774335  0.112179112798079 -0.111763233883517 0.197700121578758  -0.336696077715741 -0.0140003595843541   0.757245934911056 1776585363.79587
-0.0374787741614094   0.111440438856201 -0.0525672400269171 0.128790312714708  -0.435936695587247 -0.0862649147212811   0.776982349500061 1776585363.81376
0.0195289733168597  0.110689752413963 0.0131537209082614 0.113166348628943 -0.461214824158086 -0.121836006783491  0.778717988362321 1776585363.83558
0.160987053986088 0.141875155519754 0.120647566427491 0.246173163829345  -0.480028959501139 -0.0713230585742674   0.751603990419321 1776585363.862
0.130593577575956 0.178923161447311  0.14952670504746 0.267257208936892  -0.492697487533993 -0.0844593033071885   0.730271576614732 1776585363.88001
0.135839916961859 0.241901154200205 0.158262911620495 0.319399124354142  -0.454112797066118 -0.0643985739532525    0.70407692258457 1776585363.89945
0.213138164207211 0.327289471741718 0.124640764532532 0.409977554919592 -1.14062911548561 0.437305496877384 0.961483277157123 1776585363.91625
 -1.07054275333211  0.142422391123082 -0.544742677735638 1.20958278309164   -1.0232623499105 -0.124352885697819   1.05635500058491 1776585363.93781
-0.218540616299068 -0.249097813606594  -0.12525374747596 0.354257283584591  -0.730944888671483 -0.0387955199743698   0.841125404360793 1776585363.96208
 0.723449604932573 0.0946643477674688  0.687242979638003 1.00231910222097 -0.484284572010673 -0.422020960799268  0.764657989331409 1776585363.97998
-0.231873380732046   0.21358956675938  0.229746144297871 0.390088526542766 -0.559514264311151   0.45576122479715  0.481339341191323 1776585363.99966
 -1.05423200227697 0.0789202917458377 -0.280809250670876 1.09384064759749  -0.565073057672192 -0.0829781078074752   0.587849587377208 1776585364.01742
 -0.12326484330377 -0.144399245023645 0.0414747087359532 0.194333514924302  -0.40007122171765 -0.163593499622005  0.820190890098379 1776585364.04262
 0.311490773060037 -0.030875977877344  0.316692477180301 0.445279634402942 -0.432096668222006 0.0515048951665442  0.785007435631397 1776585364.06329
  0.115996611316143 -0.0440140885503776   0.245873870265461 0.275402276510317 -0.50947831904755 0.167780843213519   0.8074680382791 1776585364.07984
0.00510001361460576   -0.18423131108284   0.175442974509004 0.254455150128148 -0.44676036449122 0.121376797503439 0.713518205100251 1776585364.09959
  -0.456946946986911 -0.00200219617123276  -0.0580981312109667 0.460629910014942 -0.434060270895036  0.191603807421509   0.62616165913014 1776585364.1174
-0.488020218379172  0.200532397983057 -0.024608147161434 0.528187975151279 -0.385551234754419  0.238511508516161  0.762706857516744 1776585364.13744
-0.244360151511663 -0.139473074748418  0.309555570995327 0.418317192762649 -0.447640392051926 0.0992753429218022  0.758220105356136 1776585364.16222
-0.313409740088568 0.0190243663364182  0.390154985498836 0.500807851781981 -0.433975378354675  0.180796001625386  0.716187185821069 1776585364.18017
-0.443395953450645  0.211937261091291  0.385995640893563 0.624908000400153 -0.441886216694079  0.263540534010119  0.711844778590288 1776585364.19965
-0.585618817977111  0.231630972834668  0.372350596763842 0.731605955727284 -0.53696243097383 0.118191456394253 0.785495499982981 1776585364.21723
-0.106145349142689  0.150180854052939  0.792530264815146 0.813587945287207  -1.38366327758919 -0.474025416403779    1.3721002012605 1776585364.23583
-0.636568975729598 -0.578732720046029  0.314952661331415 0.916158720415326  -0.822297913193916 -0.0179298568480093   0.858613813900108 1776585364.26195
-0.276885110833062 -0.521759766315075  0.226396201391358 0.632577156045517 -0.716627481933744 -0.294422185277559  0.867003149166119 1776585364.28023
 0.030767182235121 -0.460694622385403  0.137080995531693 0.481640274409728 -0.520814740206738 -0.240978084968342  0.775778510887084 1776585364.29987
-0.228424268367304 -0.121666286118098 -0.427399911023991 0.499650893624963 -0.100434020965822   0.41507526057785   0.55537252877781 1776585364.31788
 -0.116780215152734 -0.0243159447336101  -0.336221735833246 0.356754732927438 -0.687387620423103 -0.624544963334031  0.969337546768015 1776585364.33774
  0.140067237506351 -0.0317963568094443  0.0424546174537832 0.149773942567327 -0.461328082170984 0.0979819884363413  0.781227852811106 1776585364.36186
-0.0764769555606453  -0.011437222531396   0.101435523707712 0.127548815207808  -0.371687235586667 -0.0264481566086648   0.765598727140858 1776585364.38115
0.0417330667030738 0.0893737579289752  0.186716384702931 0.211168950793727 -0.453946477064842 -0.194879492588845  0.744701468903551 1776585364.4005
-0.0346472229802357   0.111991176834269  0.0639585987635954 0.133540840587324 -0.603657911787277   -0.1559691539314  0.753771375029691 1776585364.41802
-0.00960513190173964    0.174646649522639   0.0603736069874924 0.185036977842304  -0.561713279700533 -0.0625166522078778   0.824832233490998 1776585364.43774
0.0625584004858869 -0.138665932789302 0.0473302435044858 0.159317125061538 -0.463775930713303  0.130750411395583   0.79675577833901 1776585364.46192
-0.0616830775553954  -0.244726918286833 -0.0903211656143361 0.268055926158717  -0.388705777808241 -0.0592425060961863    0.86862112809119 1776585364.48689
 0.0361255650166667  -0.012306325729408 -0.0860319805427882 0.0941169685914628  -0.318101477607648 -0.0704208218901353   0.879734257812787 1776585364.50118
 0.256536704501035  0.364771244807701 0.0705850170483863 0.451499043660705 -0.316522638464844 0.0039872745034539  0.878902808040142 1776585364.51843
 0.0451550082632558   0.203017953270506 -0.0310359216892897 0.210281935877773  -0.333625266527703 -0.0131712181163193   0.952560711738536 1776585364.53786
-0.069511576027526 -0.223235170618435 -0.107294566950028 0.257250703983228 -0.419434005757855  0.017684905391234  0.846264311988565 1776585364.56205
 -0.031618543949973 -0.0536523913573558 -0.0430848999890821 0.0757272739965493  -0.436070373178387 -0.0597279631106968   0.827321762411608 1776585364.58156
  0.0173216094796342 -0.00761912142916779 -0.00459577217230705 0.0194733224740184  -0.460476885556817 -0.0735813431098687   0.835102774866636 1776585364.60126
 0.0172166493123555 -0.0182874602012246  0.0422397179515377 0.0491430359947517  -0.442839918685717 -0.0731329401208387   0.827973502211234 1776585364.61921
  0.120432614549671 -0.0253411459236163   0.117111961448908 0.169886432178683 -0.566977507232319 -0.121026985788521  0.901871699850822 1776585364.63815
  0.077391230497464 0.00024257130577967   0.110567141379054 0.134961306126925 -0.460654471810093 -0.102240335837634  0.810185498456339 1776585364.66193
0.0581334966831687 0.0189810220950138 0.0904538521567216 0.109186455233117  -0.410097773444812 -0.0896346590301443   0.767691908123791 1776585364.68061
0.0114790039767622 0.0345846609922016 0.0800816669344668 0.0879826101411348    -0.447147324207 -0.167120759335678  0.801008133384242 1776585364.69982
  0.100094677817572 0.00106285937043487   0.131923484234079 0.165601569708455 -0.724783658688099  0.155634727096287  0.969624247965285 1776585364.71844
-0.927938549419064 -0.573179214370859 -0.459125927142373 1.1833853895748    -0.910822545750722 -0.000789567897274911      1.13227868948963 1776585364.73652
  0.128077660141624 -0.0979847942870694   0.305812264580865 0.345725394072969 -0.998662051063572 -0.299827048595351   1.04035484503846 1776585364.76204
 0.168270805786608 -0.248243737081571  0.264757396173973 0.40004561728523 -0.725427251790919 -0.083825557648468  0.923080597856612 1776585364.77965
 0.460565598379293 -0.388901654841719  0.299352902716121 0.673035903881562 -0.432933069312869  -0.13439916879505  0.576183597049511 1776585364.79948
-0.0971762835558909 -0.0298079293219071 0.00296760686845851 0.101688492105648 -0.322880925514955 -0.113049827850024  0.583218511046281 1776585364.81817
 0.305412936892127 -0.166034370851321  0.152975029888164 0.379797095953027 -0.558763209440785 0.0847582959925951  0.844147131248247 1776585364.83965
 0.287238588981945 -0.156859945385169  0.238225962173379 0.404799528804085  -0.503210986256381 -0.0666748510028638   0.861433097393003 1776585364.86247
0.163670078720163 -0.15495066113115 0.237619279545339 0.327506525224904   -0.4521611699732 0.0077384533618299  0.866789338347943 1776585364.88253
 -0.147225276561617 -0.0699871641918293  0.0361887281372346 0.16698236210585   -0.370238040275674 -0.00830503303714538    0.759500993663704 1776585364.90131
 -0.158455625750636   0.102794558458186 -0.0561381716803292 0.197044159771989 -0.274248603980867 0.0164794470105898  0.697094495196032 1776585364.92091
-0.334986087606509  0.297033782592059 -0.186739164932871 0.485094076041636 -0.452179914063381 -0.044368336835059  0.829692912242342 1776585364.93986
-0.270803448661874  0.129203459898879 -0.191134732603756 0.35575346500704  -0.370829066640004 -0.0349570389042823   0.865859583430772 1776585364.96166
-0.185407782676634  0.187107400938604 -0.122920631796515 0.290679732840664 -0.311530306475938 -0.138226531002741  0.907206047105034 1776585364.98174
 0.211441541935097  0.116135635957081 0.0585931967771432 0.248250225183406 -0.349948546458924 0.0394483577649233  0.870021871733371 1776585364.99965
0.0226855068509268 0.0184266587995734 0.0298982732558553 0.0418100552413069 -0.452321742874411 0.0855974712294685  0.876052876274722 1776585365.01983
-0.0513541930641692  0.0967731727717014  -0.017049471482348 0.110873732648454 -0.402748350708504 0.0239202679838485  0.856711176627896 1776585365.03948
 -0.205003088965953   0.137856464075631 -0.0987653951620749 0.266055021479654 -0.430019207764232  0.132464392730934  0.792951450681011 1776585365.06109
-0.132888897122293  0.160848497444795 -0.035163133365184 0.211584838910271 -0.316637927687883 0.0753175627872302  0.731929932896665 1776585365.0814
-0.324286298808304  0.505289485778106 -0.108880259551919 0.610191755887266   -0.95893216984679 -0.0382502720310272    1.14984357083118 1776585365.09857
  0.0609686733000282 0.000326121158930372  -0.0204970601377929 0.0643227405609258  -1.15539734328299 -0.223823584008647   1.13110187550863 1776585365.11952
-0.0420482035915793  0.0206357774865041   -0.17491100023298 0.181073865425834  -0.870743045628664 -0.0542029906263931   0.984400546660821 1776585365.14039
 -0.293352487855734 -0.0254387029612605  -0.225762481708259 0.371041113472041 -0.694191317062072  0.138188702415776   0.83524231388747 1776585365.16251
 -0.392888483326709 -0.0186591222854577  -0.165275165241533 0.426644352383623  -0.428496804324211 -0.0437279291176508   0.758909166681952 1776585365.18157
-0.0105460836154384   0.359175342903811   0.129419303625636 0.381926043862734  -0.50740528279378 -0.121600694965544  0.725913480770576 1776585365.19948
0.0704106159860697  0.302044007980034  0.216044558196396 0.377972867712031 -0.579774955225931 -0.117017267494181  0.831089085160319 1776585365.21943
0.0590063414406365 0.0246966424298692  0.145405745855122 0.15885371700153 -0.583079979273346 0.0321985140956144  0.783619233890948 1776585365.23885
-0.00487178936600685   -0.154403910040855  -0.0679527223110199 0.168765737746173  -0.477795958270093 -0.0144514969645985   0.801097737310271 1776585365.26226
-0.0532566809125976 -0.0882300821314388  -0.110554561977336 0.151139447626182  -0.411859833093407 -0.0860897797195041   0.816151052272111 1776585365.28161
  0.138281381851883   0.011250667126974 0.00571989306845271 0.138856167505743 -0.347930450571096  -0.14420941082704  0.789730647589592 1776585365.30017
 0.159900758363645 0.0368788482268272 0.0461402621730398 0.170461801484095 -0.383375780913117 0.0464209096555026  0.867926390573053 1776585365.31966
-0.0175586943019148   -0.16082436374293 -0.0457819001671061 0.168133179657726 -0.299757519627753 0.0210806559271904  0.833559359369643 1776585365.33955
  0.0148347242808526 0.000601807791512284   0.0268852940993118 0.0307123795221623  -0.381393974098476 -0.0586399239774177   0.770478989429731 1776585365.36245
0.0590440779924393 0.0253259901999525 0.0576613041373311 0.0863274864710142 -0.495450555573884 -0.135416298647491  0.817907297598067 1776585365.38378
 0.155337518263315 0.0940287356773443  0.151395340306195 0.236414248258674  -0.454518203350031 -0.0998006343773322   0.755254145126087 1776585365.40155
0.211568261267689 0.265807497810235 0.186208536268248 0.387412408225568 -0.362322131472789 -0.139569212573023  0.733424676780491 1776585365.42158
0.466622217283274 0.560770087055508  0.18696373933907 0.75309682247786 -1.27674489438767 0.488197106163593  1.04938370996256 1776585365.44127
 -0.350333955276386   0.272771554473023 -0.0981234455418295 0.454715748258433 -0.787778035172173 -0.111535390457078   0.91261266737131 1776585365.46257
-0.305932855164086 0.0873796995276181 -0.136138406170728 0.346069052925991 -0.718256873728911 0.0966354455038059  0.891349318113802 1776585365.48388
-0.542187086602233 -0.242620134770326 -0.234272951520351 0.638525788428506  -0.684153614910546 -0.0304494491596348   0.702887674044347 1776585365.50164
 -0.47720788324122 -0.140727057121654 -0.202394227867267 0.537117205000616 -0.229063688145526 -0.420728027737195  0.738907705897605 1776585365.52385
0.0562657207872883   0.21063912689433 0.0311325809989571 0.220236034095639 -0.505811695005768  0.187725424831548  0.685299438834775 1776585365.5412
-0.137107520345256 0.0951570656433552 -0.143254116838658 0.219943359227558   -0.6522466670402 0.0912230595686362  0.743042262057274 1776585365.56242
-0.0873089720695208 -0.0935599634875338  -0.143210769683621 0.192056366530766 -0.805707754337852  -0.15372025330277  0.894767313868905 1776585365.58408
 0.155290089032141 -0.156004790392182  0.035243150133868 0.222922825229444  -0.612748793810001 -0.0971083582552567   0.903533926192966 1776585365.60174
 0.382459851788916 -0.108588461627604  0.237398914109661 0.46306072674056  -0.451252455599018 -0.0371857154713581   0.837627645965953 1776585365.62147
 0.238008514046669 -0.136709361214393  0.198430494961235 0.338691841550563 -0.480879111554713 0.0746106533580774  0.780331764827737 1776585365.64021
 0.0449821828658696 0.00247665924539798 -0.0235917302644884 0.0508537152356515 -0.439732858537375  0.138346966031929  0.710201284177206 1776585365.66189
 0.285492974278247 -0.264154427072161 0.0385300759736685 0.39085594079993   -0.527247998188345 -0.00408816904455754    0.914115893973334 1776585365.68379
-0.143675854737208 -0.186750714098079 -0.146809256863487 0.277617611745759 -0.366984094075555  0.165275393209659  0.775612842420361 1776585365.70155
 -0.248050178485088 -0.0648180083937478  -0.125154688823774 0.285296269504512  -0.412600677374079 -0.0386505338681873   0.804460542324454 1776585365.72119
-0.226270813194588 -0.085670022851846 -0.081908610710391 0.255434637877642 -0.416763146662226  0.025700959718295   0.82437167732963 1776585365.74021
-0.346351207012436  0.167947309875885 -0.180102878262255 0.424973533589877   -0.4714500976504 0.0526667297802446  0.776382137903935 1776585365.76151
-0.449594900158413  0.467712795809981 -0.114484361455236 0.658784868246574  -1.24323974088034 -0.413843961383764   1.13005063304026 1776585365.78368
  0.706478311039519 -0.0898784955740371   0.324033798416264 0.782424213871206 -1.02248720872171 -0.11393191082705  1.04830450191631 1776585365.80182
0.343961949752127  -0.3143134282024 0.167173467940438 0.49502497150029  -0.973953220169484 0.00689277813639565   0.977957972671344 1776585365.82045
 0.263465357097361 -0.483829499328214  0.111420104883994 0.562067094378412 -0.753946204302317 0.0274356466194008  0.735686342461028 1776585365.83854
0.0187652850226541 -0.175107546733876 -0.230838705946628 0.290346856377423 -0.170754494979821  0.459121297710992  0.595855553931699 1776585365.86108
 0.375054377955964 0.0599785359712123 0.0618600280242033 0.384824472023727 -0.614410800324184 -0.498008885041445   0.92970167355067 1776585365.88397
 0.284500607377546 0.0451008602223903  0.169664484694888 0.334306327427068   -0.334483293460864 -0.00873301871445219    0.718899088800982 1776585365.90325
 -0.328574113844081   0.110106993809236 -0.0728041681421119 0.354097366938805 -0.345606170213885  0.180432843565383  0.668719432682542 1776585365.92147
-0.250414973639841  0.161945358524861 0.0226889043489383 0.29907982973003 -0.380908292276551 -0.256661379342728  0.792148962561671 1776585365.94005
0.114095806795309 0.112323960663279 0.216958587253294 0.269639674102873 -0.642504213009025 -0.185307934080168  0.858508030957839 1776585365.96182
  0.167676153477564 -0.0836576150903973   0.107484232356143 0.216024881004096  -0.646657538362533 -0.0234683277438044    0.88737478437733 1776585365.98566
-0.182222325224292 -0.303813428627828  -0.13564065662512 0.379349394298235 -0.449597862899103 0.0726410816386363  0.854150152265501 1776585366.00371
 -0.123008461963522 -0.0620849846838247  -0.133249676118989 0.191679689126515 -0.292109992917901 0.0157387293414361  0.805766925395883 1776585366.02177
  0.18613012941839  0.152650098313414 0.0418871089378863 0.244337896134791  -0.362897195666864 -0.0733171924131869   0.866684359193991 1776585366.0402
  0.165014126619246 0.00661580354977238  0.0980593675319625 0.192065276406982  -0.406860491722029 -0.0487888285011894    0.90582306921251 1776585366.06075
-0.00279033728877502   -0.188037437162082  0.00239928272257461 0.188073443936809 -0.426491102217141  0.049918571150497  0.772725899200972 1776585366.08412
-0.0114094375973729  0.0313780458023915 0.00917224658726545 0.0346249495613052  -0.421430373993227 -0.0349168386675182    0.78458095946929 1776585366.10204
 0.074359155967141  0.136168937334728 0.0674672302386203 0.169183600644642 -0.446810411372603 -0.066407269822521  0.789891509808385 1776585366.12143
0.0818527725702851  0.168456424290198  0.110226360093075 0.21731841551385  -0.434943608005297 -0.0478553527154112   0.769166426755286 1776585366.13862
0.114927813779717 0.185012593450317 0.149657559264548 0.264263972497992  -0.487867466892978 -0.0452188141319632   0.834901500935086 1776585366.16035
-0.505963644070251 -0.140556781834365 -0.319677646843542 0.614775744423855 -1.05288611322159 0.422639713393061  1.17057297143529 1776585366.18435
  0.14837036028279 -0.127384535158279 0.0905442025744743 0.215496719761074 -0.570318554909072 -0.271091630684417   0.96789742983993 1776585366.20373
0.0236592547048092 -0.246965176738126 0.0333591574432703 0.250328568565008 -0.609131875476955 0.0190825993386432  0.867461474804308 1776585366.22188
 -0.226909932984538  -0.277997363465033 -0.0793809499479778 0.367521410254152 -0.427153682746971 0.0175845843790183  0.679143425701871 1776585366.23964
-0.111377881255044 -0.190271715862804 -0.100070679897292 0.242120836082615  -0.358117835056371 -0.0670666273691806   0.621874756684591 1776585366.262
 0.80966946657416 0.276757113416011 0.549082499102019 1.01668615400671  -0.322284031812987 -0.0960157638461808   0.750901430938141 1776585366.28553
0.209932163703944 0.381919710353522 0.246570837754313 0.500730822443358 -0.545414575135749  0.335558163788035   0.77354289649615 1776585366.30414
 -0.317685477520901   0.157153430643655 -0.0473325396639131 0.35757744993468 -0.529765691783197  0.059759647899281  0.681487223948372 1776585366.32239
-0.436324704920887  0.212758645299233 -0.147220047922422 0.507266430768037  -0.638336634662199 -0.0933011505427038   0.778421254372741 1776585366.34006
-0.284323308873639  0.060055166097893 -0.107981092272516 0.310010134079946 -0.542916344334707 0.0563390836969081  0.912966486003716 1776585366.36196
  0.054479699847999 -0.0881347591768212   0.138521387809516 0.172985399243285 -0.387216197143452 -0.098856150799471  0.896315459368046 1776585366.38435
 0.211507330863372 -0.176209408376528  0.219473048313804 0.352070341757876 -0.387609400285155 0.0145590230252921  0.808842821568123 1776585366.40365
-0.0286386500645662  -0.112831730797736  0.0142634088366825 0.117280077523746 -0.380419052887025   0.14511664438816  0.757489635730472 1776585366.42227
  -0.142043962945109 -0.00159120353319991  -0.0877124228428808 0.166950556928702  -0.31972241851905 0.0488789892053235   0.80497589308275 1776585366.43952
-0.0980461683150962  -0.161136035124258  -0.107435247483026 0.217071889793629 -0.319393280893571  0.129313013559591  0.851375363772593 1776585366.46165
-0.186012690935309 -0.140908723151849 -0.119534789677775 0.262191829378013  -0.468539423252541 -0.0385840806931343   0.816007146827202 1776585366.48559
-0.282506909470385 -0.128467979537642 -0.161484800661461 0.349844989259049   -0.450397447795145 -0.00531620143823944    0.787621137176958 1776585366.5039
-0.365432339131292  0.106727689587376 -0.194024566286172 0.427290447506335 -0.421937777898053 0.0242162917699132  0.770419430975678 1776585366.52333
 -0.148321125846245   0.138367844432476 -0.0955035202507874 0.224200221064744 -0.703710800769459 -0.138524008240253   1.02607987804656 1776585366.53976
0.785603602690914 -0.49500975749413 0.444504858901781 1.02946211691477  -1.20367425912265 -0.342313509019699   1.28252190502527 1776585366.56197
 -0.103063553019095 -0.0366104873659876 0.00939862004483736 0.109775943652707 -0.795492631298544 0.0404961017822201   1.01168086941666 1776585366.58737
 -0.190308651163458  -0.320723812418444 -0.0761211343613199 0.380625240435169 -0.502672457786733  0.112837294973013  0.711302775382592 1776585366.60554
-0.302874086911788 -0.118297170688334  -0.47642265860707 0.576806278354997 -0.254235531482269  0.197470657672558  0.654398979094427 1776585366.62417
  0.165831196389383 -0.0375660790984857  -0.172970713278411 0.242549095332904 -0.629302211203561 -0.494379112899789  0.807519928212823 1776585366.64008
   0.487383394816036 -0.00106431219839325    0.225318663017968 0.536947116769486 -0.360138119725638 0.0528043303133451  0.595944064438711 1776585366.66141
0.026992558514188 0.266511642206835 0.141332552242548 0.302872818143719  -0.438457384374894 -0.0747728178895773   0.758998136087193 1776585366.68619
0.0801593109481201  0.255676231206711  0.217370038881635 0.345029830796046 -0.613930206439844 -0.181557658632488  0.798096459757895 1776585366.70582
 0.0416476437077254 -0.0871048775636731   0.170628778017336 0.196050926571331 -0.739643445479716 -0.157357780834361   0.91310470369559 1776585366.72419
 0.0739712293864487 -0.0457334759258076  0.0552580576001534 0.103037597637663  -0.549706874007827 0.00577683434685996   0.840345650887157 1776585366.74144
-0.0945235541010625 -0.0530175481000163  -0.127302799673816 0.167187216889408 -0.341182270740788 0.0126625769427967  0.813074101450482 1776585366.76197
  -0.3262389698032 -0.105433922691993 -0.260293243450325 0.430465736218766  -0.330414241361087 -0.0399895748063693   0.856970030345575 1776585366.78652
 0.147461041808128 0.0149731487035751 0.0556179508566856 0.158310803455527   -0.40588549428613 -0.0951652142254916   0.808094930628888 1776585366.80565
0.0839434014068831 -0.055947952962384 0.0694777977357834 0.122490132086845  -0.391691128778645 0.00874132303909233   0.927694592041962 1776585366.82637
-0.0205837412767143   0.113038373441103  0.0204316418659564 0.116699684080531  -0.32254634664636 0.0636660521038889  0.883564587770528 1776585366.84023
-0.0512421422732721   0.160821181376215 0.00834817181638261 0.168993791296224  -0.36820468396944 0.0161653667924941  0.774163087142419 1776585366.86132
0.0537177547812462  0.229091316461563  0.132317006587982 0.269955956943414  -0.441664952850186 -0.0259898463296394     0.7797890333483 1776585366.88763
0.100589387118816 0.259983986616135 0.228190794587135 0.360251213505334  -0.418847575407454 -0.0562122781326088   0.797789588872087 1776585366.90545
 0.08856950304871 0.280137090235968 0.291819156536103 0.414101154692441 -0.482624716799632 0.0204243855173692   0.88423084891993 1776585366.92208
0.194332674145699  0.31750825047493 0.367740452289581 0.523268303655414 -1.19954743727966 0.532775331892799  1.06640548798766 1776585366.93728
 -0.92297607798804 0.0535792416224154  -0.22883088665612 0.952428028965361    -0.99030563143889 0.000205928975099597     1.01588441491281 1776585366.96022
-0.129459082597101 -0.482142775087404 0.0648311901212902 0.503412746013059   -0.57811408999215 -0.0322011290631476     0.6975730102292 1776585366.98359
-0.0421560443937778  -0.447351634502411  0.0513568967580795 0.452258938900636 -0.330772289512856  -0.20190179537492   0.73301250933921 1776585367.00412
-0.132238451603206 -0.329292589717683 0.0745950412379669 0.362608656684704 -0.328043255673105 -0.391557803049605  0.640804956751683 1776585367.02238
0.641030724731591 0.168059428309035 0.485591772707239 0.821561763481253  -0.277467716727686 -0.0716766146512346   0.719591884483817 1776585367.04049
0.0535495182710207  0.177619577951864  0.176964644974489 0.256383991212018 -0.648145465108467  0.152345148521475  0.817209772570518 1776585367.06185
 -0.33209471908477  0.359094884575131 -0.101228046329134 0.499482888531361 -0.568449951830515 0.0538075991269853  0.774377226143679 1776585367.08781
  -0.139989083139579    0.114337168283521 -0.00894322839704345 0.180969369738406  -0.481483320427815 -0.0301285345104586   0.960354472662183 1776585367.1075
0.0435877123691266 0.0971286899445736  0.198901865994722 0.225601026983711 -0.492762634808115 -0.151995287627834  0.941548123582699 1776585367.12461
0.257603786975232 0.181425909556225 0.283063296246821 0.423556255300756 -0.516406583656594 -0.110572565231821  0.833254190010879 1776585367.14153
0.0416849422106543  0.250181891203264  0.041937518713382 0.257074636183702 -0.312427043600537   0.12583840007607  0.766509965051267 1776585367.16273
 -0.158669345197268 -0.0268828673288226   -0.10994190039734 0.194899643724989 -0.489668120748911 0.0523531070914669  0.784584509455568 1776585367.18927
-0.406128700180675  0.195918223078404 -0.299994218440868 0.541591176389157 -0.375534875198344  0.127353644176108  0.825149431424298 1776585367.20767
-0.475783420738569   0.19277335291472 -0.329104060799295 0.609787595707114 -0.337031920715028 0.0638710075023291  0.873359588982564 1776585367.22582
-0.249216528921168  0.238402621310786 -0.188382824106199 0.392979358940895  -0.319911883284486 -0.0404058995856345   0.829478351893974 1776585367.24246
-0.116038712538089  0.153704701747501 -0.092610451162225 0.213697949946311 -0.248106813262188 0.0361572506789143  0.812322632182947 1776585367.26195
 -0.165518231306728   0.216730635624776 -0.0923802687750836 0.287928059369322 -0.982356660335184 -0.228974347470474   1.11687262054531 1776585367.28831
  1.01693109000875 -0.676337794129671   0.50954047310653 1.32333410268465  -1.30359245225917 -0.277011562578137   1.28723776065195 1776585367.30791
 -0.172223798040893  -0.632163883173086 -0.0810101339856447 0.660193042684091 -0.657402243672565  0.219133638824723  0.913872857624478 1776585367.32524
-0.184639297584049 -0.475012998673233 -0.122098988705493 0.524058376675511 -0.487475277336022 0.0190157265238024  0.964546674776211 1776585367.34161
-0.278329387083567 -0.302818819380406  -0.25658359158224 0.484769661338763 -0.00216037754960922    0.375014799446891    0.638928525013371 1776585367.36069
  0.550538711829755    -0.2876441717138 -0.0348148150774982 0.622128695763959 -0.844611961510818 -0.603423783075863  0.859730957868533 1776585367.38751
   0.61715890906026 -0.0546014553297497   0.188719868249955 0.647674012624297     -0.53463553205579 -0.000243348730259232     0.689253536348941 1776585367.40753
 -0.202205942517734 -0.0454766825519604 -0.0749572518595029 0.220395012311409   -0.287818052438771 -0.00341243997522901    0.606605889208988 1776585367.42459
  -0.108433270644537    0.346046619538791 -0.00330395651658619 0.362652661930889 -0.338604816069089 -0.254431030762429  0.645892810519383 1776585367.44167
 0.342284583160115  0.297487897602166 0.0762923818682913 0.459867712086843 -0.526372254939908 -0.280685789810451  0.743827740770973 1776585367.46199
 0.262795502847241   0.12229820165663 -0.311849097313419 0.425756016916232 -0.628906804427216 -0.261812512839545  0.861868847233672 1776585367.48948
 0.633909524249814 0.0737656979821003 -0.278034965556595 0.696122191289337 -0.455860456814938 -0.104157553693247  0.744539402586943 1776585367.5081
0.581496182931302 0.313932932907418 -0.40539812895551 0.775267270099903  -0.408469636330725 -0.0976606631086705   0.641497288469735 1776585367.52566
 0.297430909017202  0.449159973890206 -0.538630674976777 0.761795794035244 -0.487553106720259 -0.129865466250309   0.63182641371758 1776585367.54361
 0.276634374760495  0.296812019984669 -0.585735754140403 0.712537947189436 -0.591889450456209 -0.182592818194937  0.738372454167954 1776585367.56161
 0.732558184883733  0.114751641544095 -0.483277849241155 0.885080173229731 -0.507887201149065 -0.124014014996275  0.819640976900621 1776585367.58978
 0.565476866216531 0.0966442124083532 -0.624687812831268 0.848138581552574  -0.518538701427322 -0.0604808977979558   0.784551635324362 1776585367.60782
 0.490357031257824  0.147658634656108 -0.648401253842313 0.82624286773126  -0.537850756788077 -0.0966498423639727   0.785873240651422 1776585367.62542
 0.402228899567697  0.187545999884605 -0.666655638071244 0.800869108838851 -0.548308550559551 0.0461346785389234  0.849318269687233 1776585367.64391
-0.156771491043631 0.0804722614422235 -0.888129410318751 0.905442949466614 -1.04862941396495 0.510507399835829   1.1301260081294 1776585367.66162
-0.0162082850692011  -0.308162228309009  -0.148077947302849 0.342277293928013 -0.809316906699255  0.252278178931711  0.853687138037824 1776585367.68977
-0.163203345811239 -0.410639888925392  -0.11362815166856 0.456258487386541 -0.701774523870067  0.188426303492794  0.835398854476318 1776585367.70823
0.0875056889065554 -0.452671230144598 0.0734635657916657 0.466867629730806 -0.487257854868822 0.0150082773728857  0.780095543009858 1776585367.72457
 0.270981840640382 -0.335448777907642  0.156795404680191 0.458848383984737  -0.511944549319508 -0.0355063213262458   0.722471566255233 1776585367.74391
0.0481748471732367 -0.179984634048966 0.0645465384599037 0.19718402577557 -0.483034322938086  0.026962636919908   0.71019303648996 1776585367.76123
  -0.30757958075743  -0.525797353089725 -0.0552204864973925 0.611651336256274 -0.503550038952215 -0.368394763184667  0.840856401016025 1776585367.78839
  0.436859390742986 -0.0313153935067732   0.294103280157929 0.527563759701584 -0.507331839971007 -0.112198539484032  0.856686496765179 1776585367.80754
   0.573303435378462 -0.00971875875067377    0.411854691216489 0.70597136625038 -0.622611575019944 0.0500254631573514  0.907515601691423 1776585367.82468
  0.59143645936214 -0.022209878214291  0.412871923999144 0.721632586417682   -0.474393926688155 0.000629219355668299    0.696766660912707 1776585367.84447
0.116518780391012 0.279309292720108 0.142537530465985 0.334525417233067 -0.470196597204896  0.110561266028054   0.68910572828543 1776585367.862
 0.143222720591515 -0.271897842937492 0.0638899225519265 0.31388390670977 -0.618510083613934 0.0381813245184224  0.916625675493008 1776585367.88819
0.0707362185642119 -0.077576637723895 0.0291253382222963 0.108949679503299 -0.522652775901136 -0.081295992229171  0.882378289246386 1776585367.9074
 0.279217413389204 0.0597385185788105  0.183304135315984 0.339310271824607 -0.448803112776099  -0.12457547024846  0.862672768881855 1776585367.92392
  0.22541851200824 -0.161143090596966  0.199350832109978 0.341352245438773  -0.514673546475907 -0.0448389435343288    0.82899713663057 1776585367.94394
 0.344749113482011 -0.036307237708417  0.192377965968635 0.396458634092988 -0.485735872154993 0.0376826598250754  0.817292466685394 1776585367.96224
-0.0855791467259742  0.0634326731468755 -0.0909584826463645 0.140074765544095  -0.556455346356395 -0.0657772234128636   0.894070273475912 1776585367.98729
-0.0859784875853968   0.270167791127373  -0.084471636847807 0.295835077571718 -0.548971620445412 -0.038414502126056  0.877954827029852 1776585368.00715
  0.252596471164997 -0.0851070289831718    0.10020774268432 0.284762664900507  -0.615987609707082 0.00628439491212475   0.853423091287718 1776585368.02434
  0.118936814326326 -0.0359106308281058  0.0394733379219646 0.130359823623956  -0.55812014445278 -0.030296576041425  0.821713583653583 1776585368.0449
-0.0376147712109509 -0.0298531286895571 -0.0534057308121958 0.0718209745784068 -0.471162257800293  0.089882435815906  0.829107590519029 1776585368.06198
  0.0450573000297944  0.00400631292784852 0.000381918417313361 0.0452366741806716 -0.408950727266741 0.0989858895991922  0.817248958962996 1776585368.08837
-0.00995357607882539   0.0391302965983028  -0.0211963275939115 0.0456019527224058 -0.368353970606842  0.164225546023822    0.7777314829195 1776585368.10904
-0.361439518810507    0.1083553999821 -0.198788220973248 0.426492878323848 -0.845618839261712 -0.144364441730905   1.03182604448953 1776585368.12546
 0.310280647729701 -0.556903347947546  0.201043776215253 0.668456445301888  -1.05325716682341 -0.215323955166121    1.1876945780463 1776585368.14426
 -0.216479568817805  -0.512326727449352 -0.0723295181274311 0.560868646446788 -0.69183014461352 0.221299465769178 0.895767512952009 1776585368.16183
-0.738356253077761 -0.186480214917346 -0.677489590139417 1.01928257699321 -0.312970088949372  0.349770529152543  0.727991174206347 1776585368.18728
 0.173009476459048 -0.156681835809531  -0.24019148161651 0.334923012733394 -0.798175332010957 -0.338805004047794  0.865465340546761 1776585368.20842
-0.0161069261982535  -0.373171408597244 -0.0387266252679257 0.375521084322372  -0.47987541605706 -0.103009888656374   0.81759957846743 1776585368.22543
 -0.277696966911779  -0.420827571958801 -0.0439990196048075 0.506110031988032 -0.425213588642725  0.148823835830181  0.747992750363573 1776585368.24541
 -0.261597956859466 -0.0540135441808838  0.0231593293844497 0.268118086904939  -0.352602497215607 0.00443898266930494   0.711632159861351 1776585368.26199
 0.187006548053686 0.0492154749271547    0.2212492711756 0.293844945478045 -0.614976288199952 -0.190280246469741  0.784594959456539 1776585368.28531
0.0498992480600547  0.105617592530374 0.0636557671502778 0.133030325491451 -0.595864320463729  0.035491353000095  0.783787848442908 1776585368.3075
-0.0480663982182425  0.0237348923616353  -0.014611584603917 0.0555627767280443 -0.588609028274175 0.0488506039109063  0.792350818282321 1776585368.32457
-0.400830218908063 0.0085529713604265 -0.284882621809961 0.49182936666927  -0.57835189092296 0.0506601923562333  0.794978960647791 1776585368.34395
 -0.497233334006434 -0.0534998554445691  -0.302625214846896 0.584538487732735  -0.631895934699731 -0.0275158869896538   0.784209624272774 1776585368.36428
-0.177256837444753 -0.134561188102327 -0.084476974960225 0.238040036680505 -0.597844704711441 0.0573530936054866  0.755270258726834 1776585368.38337
-0.0102054502020262   0.155818966003778 -0.0172933594342988 0.157107484420178    -0.35848092998918 -0.00632646721244069    0.834644014883428 1776585368.40728
-0.0955872213380027  0.0490477649519392 -0.0391203584321216 0.114337231791568  -0.458764863928538 0.00158898918945957    0.81495154269657 1776585368.42436
-0.0880797208609168  0.0466350324653093 -0.0190902045149319 0.101475609820288   -0.47210275411988 -0.0465335912285662    0.81323416496579 1776585368.44404
-0.135425608934924 0.0872150607731031 -0.020852057571058 0.162423430224823   -0.41000283304358 -0.0700979186020388   0.829524406630004 1776585368.46311
-0.0375754380437228  0.0992589995223048  0.0420457475673185 0.114158256025752 -0.452967645698138 -0.181817865286994  0.909844324858865 1776585368.48347
 0.0816236094592185 -0.0626120599368454   0.134286047594837 0.169160947766702  -0.354851142897157 -0.0607637305456073   0.838140587505808 1776585368.50806
0.163240645842738  0.13031361658828 0.145512112073926 0.254564180284042 -0.441915743024122  0.084770550254911   1.10037187115445 1776585368.52551
-0.837799581967782 -0.579893669809241 -0.441169634323473 1.11032222984111 -0.652819010010342 0.0502418412027342   1.37185929567667 1776585368.54587
 0.304128307964279 -0.441479350022412   0.11097387383836 0.547460724505529 -0.622521336722037 -0.264690905709349   1.05562041206323 1776585368.5618
-0.0081881554513191  -0.715028515406938   0.176576172817479 0.736554117863455 -0.701406674375215 -0.584982386379282  0.957363231336571 1776585368.58359
 0.696072220802307 -0.482505351305008  0.529660642147064 0.998933604625585 -0.247437929541939  0.235441546198743  0.695545440816386 1776585368.60778
-0.0151957958694371  -0.311389091471381  0.0600145647671828 0.317483584589302 0.0086316187493888 0.0613945077356876  0.823025186019385 1776585368.62462
 0.160244211554527 -0.349347293376923 0.0982285365462303 0.396699614467329 -0.413083874137437 -0.145383793581548  0.859486259634053 1776585368.64575
  0.132475803316805 -0.0323845569420543    0.10667345578904 0.173141052794369 -0.426156317811851 -0.107991110942699   0.74729137192775 1776585368.66164
 0.254086451454491 -0.132226052548353  0.205144797760581 0.352318097510595 -0.638923779305467 -0.161805979873553   1.01678305920465 1776585368.68221
  0.46258107364474 -0.113268137933173  0.326806931278727 0.57759301510405  -0.584646481522831 -0.0786257587521914   0.767440027116135 1776585368.70844
  0.507520437240601 -0.0180500503629446   0.203689724206924 0.547167526706847  -0.525310727766374 -0.0614064478905541   0.806268646565893 1776585368.72482
 0.783423900604248 -0.362130463123322  0.197298139333725 0.885334985270793  -0.60406752987915 0.0442346476113511  0.985337231768054 1776585368.74402
  -0.14929516536576 -0.0130583047812083   -0.20695277738696 0.255517157532572  -0.990994380186215 -0.0869975588957989    1.03025934633242 1776585368.7615
-0.190310274295101 0.0433655110064234 -0.141176809549814 0.240893045980553 -0.379668104142327 0.0674792837318824  0.779357150393194 1776585368.78137
-0.0959909858320323 -0.0812667112984197 -0.0606600906255602 0.139635934919946  -0.588602875510178 -0.0569394157070959   0.868214070027306 1776585368.80624
-0.441596079698204  0.191818764947998 -0.223604603878162 0.530848900410001 -0.399227516650774 0.0784778017730973  0.824131285957171 1776585368.83219
-0.620244972524318  0.339731743484241 -0.339710646219697 0.784553890199735   -0.52918402259335 -0.0643091612523475    0.86796734091019 1776585368.84368
-0.335636926288309  0.263512373415876  -0.10978904389444 0.440618373868802  -1.09801872022252 -0.512425878865439   1.12217108203749 1776585368.86224
  1.47106893023603 -0.540607584335788   0.72167467819291 1.72543174275078   -1.07385809822081 -0.0385250624544591    1.07851371258815 1776585368.88101
-0.79636252886519 0.727954561421029 -0.57035685075406 1.22041716559393 -0.752675742238518 -0.387307358811861   1.17260594238788 1776585368.9064
-0.917578214944799  0.640245915842586 -0.579599460162817 1.26007942111417  -0.530575737901049 -0.0719300728058552   0.850173704389915 1776585368.92466
-0.745914101473292  0.651261918614423 -0.329464123899006 1.04358830117561 -0.466686068730185  0.259878218372364   0.66387487165873 1776585368.94367
0.0104402447674018  0.140955929294727  0.165757926331623 0.21783769842684 -0.490102720455515 -0.116316314915142  0.717478489797059 1776585368.96149
0.0932169788979944  0.100414915677466  0.174836798824472 0.222127140774311 -0.472436926819828 0.0749148370623896  0.706160924318526 1776585368.98036
 -0.413675810583345  -0.134439793538589 -0.0901110428927855 0.444209111117401  -0.485911655753816 -0.0374244204522273   0.663860284179878 1776585369.00593
-0.0845689484912189 -0.0799194253523592  0.0356978386847602 0.121710136325307 -0.437071202430091 -0.203394875100127  0.773835502592032 1776585369.02464
 0.203766887305172 -0.113313828087898  0.276309232763049 0.361535281968548  -0.406815271325451 -0.0395871266225253   0.945535299152462 1776585369.0427
  0.10652421005256 -0.151632050708579  0.165437649913991 0.248413570761493  -0.339553458034049 -0.0598114630823886   0.937475936571983 1776585369.06149
-0.0283853765439557   -0.08440579966603  0.0710804594208512 0.113940775538362  -0.298396233860342 -0.0528170456817509   0.811214752290344 1776585369.08035
0.110409228963723 0.113473721299493 0.158962701630367 0.224356020145536 -0.386794184241689 -0.191517738131509  0.802865537660346 1776585369.10728
0.180120862165827 0.166333476790044 0.175235496906373 0.301359967255853 -0.420301238616322 -0.188101732633402  0.759119316718679 1776585369.12552
0.298160610042047 0.217967202583784 0.217942876465223 0.428845599469998  -0.432366983232329 -0.0865995174021417   0.733325611525088 1776585369.14377
-0.196089999094095  0.380960800265252 -0.274661653741737 0.508941492825658 -1.31888878290926 0.818783307807535  1.14241976682404 1776585369.16175
-0.637311176860013  0.089652330219812 -0.394375167618686 0.754807822759412 -0.753176953127284 -0.285645881418024   1.01176221573271 1776585369.18044
0.0152049511126104  -0.45362178535146 -0.070038873087132 0.459248689085879 -0.609557231556258 -0.155405820776359  0.816545545757638 1776585369.20567
  1.04652662166561 0.0412606930254246     0.751580689036 1.28910587105001 -0.131692184133192 -0.353624925852002  0.665103114738747 1776585369.22423
-0.160958363524411 -0.087590837930414 0.0875568508643698 0.203090993919213 -0.771872376532606  0.659980239916696  0.716002772144757 1776585369.24229
  -0.2541863307132 -0.221100941282584 0.0043197568440652 0.336919838027797 -0.513340381012611   -0.2496860557625  0.762887432277505 1776585369.26162
-0.259898646192153  0.285589824386976 0.0220061078563927 0.386772701814496 -0.264483293463106 -0.205899188300978  0.600425495848162 1776585369.28002
 0.159823142247733 -0.150905605649227  0.152315102335965 0.26742443608226 -0.48311430515692 0.150498912380133  0.64596224062776 1776585369.30595
-0.280580887423998  -0.21357252273477 -0.135749642015917 0.377844971069329 -0.410075345253848  0.188596591829842  0.652907819101439 1776585369.32457
-0.0947992674742063  -0.138391030780285 -0.0444645561901831 0.173539837706695 -0.352589020613309 0.0938731909437833  0.817301666307102 1776585369.34405
 -0.154232058954133 -0.0574350064374366  -0.125702853757716 0.207093011510609 -0.252279991565795 0.0870294094343984  0.827542070195966 1776585369.36196
-0.290002571490028 0.0566224479205931 -0.139388733672723 0.326706002629634   -0.2489226797095 0.0213944400888766  0.864415808433466 1776585369.38031
-0.274889329892699 0.0455997631900317 -0.127972233846422 0.306627420051579 -0.431709400683251 0.0868313791475719  0.737175306248539 1776585369.40556
-0.351153277545907  0.232157068069229 -0.166372711906508 0.452642693360734  -0.490748089265968 -0.0833364361283262   0.805419739346689 1776585369.42425
0.468891474282048 0.135362099548056  0.44784003348439 0.662376636242365  -1.65239667536413 -0.905139394989713   1.62631196265908 1776585369.4417
 0.530331020483202 -0.317106989720116  0.395140922882674 0.733446782767966 -0.665214915264998  0.185310613166504  0.961731467738173 1776585369.46216
 0.786158860756065 -0.300842494456706  0.179646118468898 0.860711733797762 -0.243865884577486  0.893469853265473  0.565116012312901 1776585369.47952
0.668277862349516 0.240137960971824 0.114329958260341 0.719258563356708 -0.691965677393764 -0.831196177624863  0.808813928382341 1776585369.50278
-0.635381678442448  0.184389604270491 -0.233714637339568 0.701663690930446 -0.428522704639129  0.258645002709197  0.536805188783673 1776585369.52343
-0.820083142952741  0.031768280631658 -0.271287398063448 0.8643740147399 -0.257151075566135   0.10155574290998  0.607800240382483 1776585369.54249
 -0.289746195524809  -0.141724982524806 -0.0219640674593869 0.323297461716169 -0.530778917212224 -0.081913338043693  0.781349013428246 1776585369.56205
 0.224442058074365 -0.216224296632528 0.0910603150023598 0.324683176119763  -0.428860673312537 -0.0310501859360724   0.788102445355853 1776585369.58037
 0.0964889193797908  -0.203609465160008 -0.0775498474944027 0.238287441364898 -0.475691305457903 -0.193444504071372  0.864012403387076 1776585369.60388
     0.11102669315354    -0.172691638213058 -0.000503890985358496 0.205303634666912 -0.496502396700537 -0.100258256779624   0.98422280900919 1776585369.62523
   0.104409693063809   -0.278509358132478 -0.00354971956659322 0.297458311502713 -0.329496411794549   0.03043237232347  0.887988682214276 1776585369.64365
 -0.103764777599168 -0.0899296000618977  -0.094017163501568 0.166414209340364   -0.30513408502452 -0.0331351647356252   0.756614048012876 1776585369.66197
  0.0152194031602576 -0.00598979069709487   0.0364042746273661 0.0399096358827559 -0.423398607390625 -0.089631483097739   0.77592584809738 1776585369.68173
0.190838514774817 0.150225507472783 0.143811137754636 0.282256417392406  -0.434519986368953 -0.0672861293480046   0.733814198820275 1776585369.70622
 0.30747449094639 0.304318534216684 0.224468730032365 0.487377208754036 -0.432337275453682 -0.148459179216858  0.713847514055766 1776585369.72664
0.324646992317037 0.207920564262502 0.230134186072227 0.44898593993895 -1.08974825855097 0.337721087500827  0.95120655618872 1776585369.7436
  -1.5554797861666 -0.725864337183161  -0.81086363770048 1.89839306786347 -1.35507632266763 0.417074768643142  1.12330006593983 1776585369.76141
-0.0375944908668406  -0.605054658068837 -0.0586615837657715 0.609053089971837 -0.891005870966665 -0.267176194954849  0.918377818029445 1776585369.77953
-0.320085818258327 -0.390026775300785 -0.186139784057355 0.537795347423674  -0.91036677185709 -0.620127185374303  0.888603466837947 1776585369.80258
 1.71596155182338 0.480885508647269 0.970897576818459 2.0293883375133 -0.430252414092155 0.0500217367540685   0.53624575602621 1776585369.82389
0.465834494116368 0.184246174036547 0.403811604174844 0.643437829337085 -1.00463318767519 0.317656879314058 0.776850152555474 1776585369.84194
-0.170593230886703 -0.143129814523744 0.0509886470129127 0.228447009947981  -0.61045688568459 -0.218524521100884  0.733221397438332 1776585369.86147
 -0.275241127828272 -0.0451753204461278  0.0354558735540727 0.281168289455038 -0.303059549285483 -0.236867220631491  0.640298719273635 1776585369.87948
-0.0124135679759025 -0.0545375569176771   0.119175450580218 0.131648128757833 -0.270298207729451  0.158104931814671   0.62564052193601 1776585369.90187
 -0.140190786514825 -0.0809756122409812 -0.0336072619600241 0.165347979902679 -0.385914114319941  0.152296493812818  0.656228384295678 1776585369.92458
-0.0355984556994626  -0.101382912360837 -0.0275186962346599 0.110918995710416 -0.300093231016769  0.171014175016757   0.80402807854475 1776585369.94351
 -0.358679535407661 -0.0077850183489102  -0.192848664946091 0.407310966219224 -0.299796771279546  0.168605903180423   0.87366618355907 1776585369.96163
-0.567865507814852  0.117896793686568 -0.264573227216255 0.637471475037917 -0.233126466064105 0.0875305966436165  0.876894273994371 1776585369.97999
 -0.285945734425856 -0.0983949275098863  -0.170340487803092 0.347076946196392  -0.42123720448612 0.0597675789276609  0.736788010497277 1776585370.00436
-0.547064695693685  0.305862322551764 -0.256631807963567 0.677267618072674  -1.23827117983003 -0.465957073636967   1.17014693326648 1776585370.0258
     1.28024532615 -0.630931213178518  0.608545949541787 1.55158965696332  -1.41036129366621 -0.351069961818581   1.21903756133926 1776585370.04539
 0.148046404111933 -0.740255173071112  0.100990385414561 0.761639361492824 -0.771741183375707  0.117948326741059  0.785741589580063 1776585370.06246
 0.122086010521768 -0.615819645889636 0.0828159811123563 0.633243489470173 -0.357816003721819  0.425860359666864  0.657678969402011 1776585370.08094
-2.37254460914155 0.391904867844072 -1.26155636798995 2.71552606642295 -0.279696402574554 -0.415222390188895  0.759633617328058 1776585370.10185
-0.889196042203201   0.27058598570072  -0.44226943305064 1.02931464020405  -0.482963864848422 0.00444497222060221   0.708443597991521 1776585370.12562
-0.489016848493236  0.152734185450796 -0.137821158525001 0.530527926930098  -0.421465751264575 0.00760343211021518   0.683122433446471 1776585370.14529
0.348107818949651 0.203753937496222 0.189975861439089 0.445853730037802  -0.429966293505147 -0.0731103094545042   0.751161871404945 1776585370.16206
0.350832449441296 0.276853613899218 0.178262937340863 0.481153827730207 -0.413911973058947 0.0802118296548215  0.687652225654677 1776585370.17974
 0.320675255065768 0.0941102801746778 0.0859361536629332 0.345071567290657  -0.345475972159448 -0.0378235954938575   0.734780054394716 1776585370.20204
 0.396285016692836 0.0281089053783597  0.152575288600921 0.425571549458449 -0.473536524067639 -0.208163255785442   0.93739742206764 1776585370.22624
 0.65653586014348 0.377062698600974 0.305137446966236 0.816287005820661 -0.320152631352556 0.0555516672837234  0.809607744304246 1776585370.24403
0.00575664404860265   0.290929994067833  0.0216103960951445 0.291788295890018 -0.360288822580956 0.0823827475694159  0.773657527214433 1776585370.26157
-0.289400186138438 0.0949483815846642 -0.100152390693503 0.320621528073418 -0.481207894254878 -0.062576950254695  0.825306575808002 1776585370.27842
-0.0509370069360183   0.161929821801825  0.0423908222990639 0.174965218485166 -0.483632343008601  -0.12693806656245  0.816029950594057 1776585370.30049
0.306030718551367 0.307692585069154 0.225982916999096 0.489282951245008  -0.318640981770321 -0.0656687252800888   0.742390027238925 1776585370.32662
-0.0343589510381195   0.374565694179663  -0.181110799287608 0.417469901180108 -1.11865303156881 0.738846280807221  1.05981633847845 1776585370.34534
  -1.19579729593205 -0.0559864066524859  -0.685112835332057 1.37929157462263   -1.20153261573547 -0.0314668324191742    1.21438222679051 1776585370.36206
-0.0999183176660682  -0.434674742893314  -0.103376872515031 0.457834664573987 -0.944917007351276 -0.170405714355829  0.931710428368262 1776585370.37929
-0.226586419391371 -0.489785540560546 -0.111818720463181 0.551121318260156  -0.678341168670635 -0.0240458195540749   0.763131456098912 1776585370.40021
0.544804692268372 0.278093487024307 0.497702687978745 0.788578535000948 -0.417870164506984 -0.132022654693531   0.71811361149477 1776585370.42719
 -0.446956545114517   0.158783853054047 -0.0317337326705456 0.475383524115635 -1.02014730141424 0.595354465372675 0.865620756379996 1776585370.44572
  -0.35168711182854  -0.148929251290476 -0.0351580592237795 0.383535963952045 -0.774283437562701 -0.123090881971194   1.03040204299738 1776585370.46201
 0.733356475830078 -0.333368331193924  0.459353178739548 0.92733570388671 -0.440371480991424 -0.288267877643215  0.867344973996543 1776585370.47778
 0.83668714761734 -0.14055547118187 0.564814388751984 1.01922348737089  -0.470271773860799 -0.0152498604699849   0.757926804504486 1776585370.4976
-0.499154508113861  0.160914391279221 -0.278875082731247 0.593986511681463 -0.302903315263308 0.0975239220509897  0.792711744288073 1776585370.52403
-0.382536561416197  0.285046895442728 -0.313689882072306 0.570952971387489 -0.0945355778165814  0.0584422619299495    0.99720680259265 1776585370.54354
-0.108101384800618 -0.264067713227401 -0.164965662813477 0.329592682674312  -0.52089317369369 0.0681906689177421  0.893269095640404 1776585370.55872
  -0.325516402721405 -0.00633214134722948   -0.146782293915749 0.357135921270732     -0.533445843053 -0.0155952569152114   0.704527673366176 1776585370.5757
-0.425651282072067  0.212047085165977 -0.228807657957077 0.527727130813629   -0.46517119719703 -0.0267043446339464   0.909791037313319 1776585370.59573
 0.0665009319782257 -0.0457469299435616 0.00981158204376698 0.0813106554852149 -0.228889502947546  0.179717745332801  0.747378557143713 1776585370.62515
-0.543512735917659  0.293303455660206 -0.107546164330382 0.626896473645445  -1.42797275893578 -0.682825351386686   1.44434407001687 1776585370.64421
 0.776910389545373 -0.183492717860995  0.478670161392871 0.93079775155478  -1.03961533884398 -0.190952920547552   1.20949964052457 1776585370.66114
 0.251612831527988 -0.379130323727926  0.237600654053191 0.513325325856886 -0.681763316142292 0.0810756319344485  0.813158420238536 1776585370.6776
0.0926022054115041 -0.536488048588277 -0.465369823588595 0.716214819332867 0.0330788438517665  0.884587454819026  0.346687276961035 1776585370.69839
    0.930164965834718 -0.000452419330832503     0.263920352562146 0.966882113210334 -0.785701487388716 -0.542299297065609  0.910695668331551 1776585370.72583
 0.746633447522434 -0.146882745486437  0.352008361277239 0.83841870941073  -0.593020694886323 -0.0654703509773796   0.708906122470466 1776585370.74572
 0.085225120195838 0.0394848129888478  0.067209020909404 0.11549642445011 -0.485485293591247 0.0574752068618701  0.469954174640971 1776585370.76258
-0.374895712829532 -0.122159870503429 -0.111829983186914 0.409848477609668 -0.619222631640088 0.0299176631186114  0.660202008774711 1776585370.77779
 -0.532770591225607 -0.0475694586094167  -0.276484427579508 0.602122076460616  -0.502508925955234 -0.0135516077706944   0.698735583196307 1776585370.79825
-0.233240728165943  0.207445812411248 -0.145513943211328 0.344397023842036 -0.552355446623771 -0.033363480506037  0.799172299789369 1776585370.82536
-0.301588428807702  0.203954714215227 -0.158077440432194 0.396915082876561 -0.558654155136084 0.0391937208310757  0.718284148321369 1776585370.84545
-0.0620592000177193  -0.220653249042804 -0.0574069989058452 0.236293808939973  -0.466205836582345 0.00634361947589954   0.742863386817353 1776585370.86063
  0.148799323410107 -0.0304615093154796  0.0855681685739532 0.174330300493584   -0.42650209299135 -0.0553696965858019   0.846893022451231 1776585370.87791
 0.376771825311754 0.0604755903651148  0.220460942745332 0.440700956040398 -0.461092440291947 -0.127177372639522  0.820021671644209 1776585370.90163
0.0711468986053644  0.113209832539745  0.110608173984465 0.173529581100794 -0.336231145540771 -0.139361721716046   0.80755952124686 1776585370.92607
0.291944959676031 0.269570800613241 0.242658411537562 0.465600022243809 -0.912487604250743   0.31311788767145   1.08023009651308 1776585370.94569
-0.727032529358965 -0.551616512835002 -0.424192091896055 1.00637766609037 -1.18842049420305 0.356482557998075  1.27365555465027 1776585370.96201
 0.424777941118279 -0.391661949597678  0.125703838878709 0.591300970007815 -0.597648377935478  -0.28125877639118  0.988551795959721 1776585370.97855
-0.101659394407334 -0.520409844419883  -0.13948812079483 0.548286398229306 -0.454904683300591 0.0770035371880121  0.731663624515765 1776585370.99824
  1.94675157197128 -0.109828796671222   1.07672540252731 2.22738448409755 -0.257378676973537 -0.201484728099852  0.555460584826637 1776585371.02601
 0.093712108656106 -0.105403077220846  0.181036412590448 0.229490633098644 -0.912732605930816  0.485544441503992  0.691646938965298 1776585371.04584
-0.716962658104926 -0.354364992112479 -0.234134034208349 0.833323914649301  -0.702537772053241 -0.0699372124501293   0.785994300420237 1776585371.06196
 0.191641901802153 -0.228339865052887  0.203014672913331 0.360666979243767 -0.459383404183176 -0.337110353889421  0.784495344177616 1776585371.07929
0.587229451987618 -0.17431625597117 0.454941769101441 0.763018086057358  -0.327839891515652 -0.0507442816259328   0.724057669807719 1776585371.0981
-0.0308292275077036   0.402606541346749 -0.0237490268050518 0.404482984411088 -0.494549511279817  0.105772507967542  0.734663353877855 1776585371.12584
-0.152897986720657  0.198183245556133 -0.154492268463417 0.294146654200529  -0.607944540435285 -0.0324073573393238    0.87343289858414 1776585371.14601
   0.191336639533178  -0.0740516571091507 0.000160472514569037 0.205166720741666 -0.602007981236583 0.0605780611045829  0.749778839462626 1776585371.16304
 -0.106021769361331  -0.201445373361194 -0.0372062726356352 0.230662438967803 -0.482882899236096 0.0989164116385636  0.788516328368884 1776585371.17952
-0.232640976746907 -0.251628480423133 -0.073298363866278 0.350444526804577  -0.501988264352948 -0.0377064170768979   0.831386850738725 1776585371.19781
-0.508107953230662  0.352679971125594 -0.239130284305822 0.663129057606124 -0.276684121912219  0.101734747775349  0.738616293364004 1776585371.22549
 -0.489156573038342   0.528574461229414 -0.0353681321110301 0.721052022242225  -1.36210083662076 -0.720354752569321   1.54882659150948 1776585371.2456
0.984278677509752  0.12727888272555 0.394890018871505 1.06814912628928  -0.916768433413125 0.00744475526188324     1.0485010046888 1776585371.26177
 0.432971936457272 -0.132473645908573  0.312690058045189 0.550262698190758 -0.733586625337232 0.0351693645900624  0.956833694781745 1776585371.28006
-0.585156633879469 -0.119259505529101 -0.742713729033405 0.953024028619899 -0.347612147471821  0.454988349744712  0.576347162207545 1776585371.29764
 -0.11702541863913  0.663721102280499 -0.336778005230344 0.75341892399052 -0.621011968091236 -0.426568527629656   1.01576530508031 1776585371.32428
 0.033275519806011 0.0872445933659283 0.0120552243109111 0.0941499215248361 -0.135261580048799  0.174997566408967  0.595503077647698 1776585371.34561
0.0303438281299801  0.282884170077624  0.110400823207111 0.305176249650748  -0.365548783172779 0.00791968162910627   0.627765557114063 1776585371.36251
-0.0872245622332642 -0.0550387656568581  0.0667028084600964 0.122827743764507  -0.754744269551331 -0.0706123565856871   0.816957069457582 1776585371.3797
-0.0786114231833014  -0.291672235150765 -0.0135552897137904 0.302384183600882 -0.525917831472687 0.0278233868244138  0.791496218551627 1776585371.39726
 -0.719467638923192 0.00172244179471393  -0.378547697720445 0.812979095495633 -0.415172798708809 -0.149043028317198  0.925866805091051 1776585371.42402
-0.390139245979788   -0.1247641281852 -0.209442484239375 0.460044425180712   -0.600260562246162 -0.00620856937944956    0.821283776283055 1776585371.44544
-0.0890160643696644  -0.195306971752059 -0.0896271502099282 0.232597719218347    -0.48274419570912 -0.00319961636237073    0.817988418603379 1776585371.46166
-0.0493198172696369  -0.115494225951338 -0.0466310784315224 0.13396200237118  -0.355805631208516 -0.0816354586443798   0.829846028028317 1776585371.47931
0.0157410274100168 -0.103139967221046 0.0275595452122647 0.107912748619374 -0.518646689195271 -0.161938162615623  0.878925374008182 1776585371.5033
0.0524738279811824 0.0139433550713474 0.0723324874760764 0.0904428466940373  -0.45179251837022 -0.171778021596057  0.786500017603916 1776585371.52368
0.241865632721279 0.113119039502472 0.174484117307689 0.318966469369854  -0.415611203634256 -0.0724127478011221   0.846637230886245 1776585371.54443
0.147219402742822 0.195834273790441 0.133517377405632 0.27901882625418  -0.284707731316672 -0.0837271752787135   0.694894355292999 1776585371.56191
0.178905625682054 0.255205804025824 0.155711028204697 0.348400846172506  -1.1119439372944 0.437489903905978   1.0220405429216 1776585371.57966
 -2.02201775102104 -0.814166082097371  -1.05629682779925 2.42222731862654 -1.40430945069347 0.210916512707999  1.14383662253644 1776585371.59712
 -1.24024210913509 0.0942435197229474 -0.546348826195975 1.35852102308627 -0.787884685757157  -0.55474509822489   1.03146011601444 1776585371.62369
0.273043274604564 0.619287825726794 0.269093142616399 0.728341376212675 -0.363495624942545  0.250203314657728  0.708408819398749 1776585371.64535
0.702968837213599 0.167659345656057 0.517620478103338 0.888935206655235 -0.829192387897118   0.11159398309959  0.932886354642787 1776585371.66195
 0.153360946010288 -0.256621950032122   0.26809866490435 0.401561077699214 -0.515846743355401 -0.239072865999448  0.672312842261138 1776585371.67947
-0.177723838216068 -0.099467430404351 0.0501768212893973 0.209755204407909 -0.286490757799049 -0.241329577091913  0.537138467188501 1776585371.6958
-0.0703106937170318  -0.142412444731195  0.0588833077986641 0.16938754972724 -0.186289428912443 0.0750940212577697   0.69724054158932 1776585371.71897
0.0397142308790365 -0.202814829383853  0.014364367504182 0.207165176142396 -0.443854189953879  0.153346992899757  0.669902834796991 1776585371.74142
 -0.729527395299228 -0.0720328583434078  -0.365181195437688 0.81899710541277 -0.458711325209792  0.113173440219476  0.731998390488094 1776585371.76207
-0.607476331131866  0.289317510156433 -0.317579926886716 0.744035701112469 -0.30308113463652 0.064384242777488 0.834394397400423 1776585371.77892
  0.122964333007317   0.379331519655366 -0.0510026639875769 0.402012314151959 -0.484947191441397 0.0669902363523867  0.860297602892369 1776585371.79428
0.00713670529577667   0.011769169231584  0.0139140011523218 0.0195715440103034  -0.339679137810029 -0.0396529889739222   0.903899028572665 1776585371.81729
 -0.416187279407405 -0.0575458306634049  -0.173243418798893 0.454463041758521 -0.369189523614876  0.108769357329413  0.784972436597228 1776585371.84385
-0.374973851521566  0.134578428663359 -0.130571970721452 0.419244299096004 -0.31396197012554 0.065897711493261 0.717912268314431 1776585371.86198
-0.137644673637841  0.364143628031316 -0.012695042993229 0.38949685766804   -1.3880009627752 -0.688740126001587   1.21331466127009 1776585371.87994
  1.93927619737737 -0.444011504691439  0.396933393036367 2.02866816027663 -0.975306641511415  0.478354861259649   0.77438466124849 1776585371.89758
-0.211846166635761   0.36806660278972 -0.177840776630357 0.460411950583302 -1.13497811894659 -0.46935495226427  1.09554750632012 1776585371.9184
0.764903870749507 0.562233035145311 0.338441325776839 1.00783254972732 -0.735776537512344  0.131252440392652  0.684106617911817 1776585371.94372
   -0.11380371946876   0.0665596744030502 -0.00100520890170546 0.131842661026317 -0.476464937588583  0.234281858865565    0.6321187535922 1776585371.9619
 -0.503367273470975 -0.0796248532218216  -0.161998972391476 0.534754519670562 -0.336068686041342 0.0834358947088069  0.636253021013216 1776585371.9804
 -0.323858612857323 -0.0107884112028003  -0.168965053205263 0.365444907123915 -0.352716926424394 0.0205321727053811   0.70737638364991 1776585371.99814
 0.198098012445809 0.0197230317696866 0.0360832169541826 0.202321079136433 -0.336835472851325  -0.11256040162008  0.805762078544492 1776585372.01851
 0.168247121042614 -0.154969184963353 0.0537200117304841 0.234964639228241 -0.437045843544912 -0.107732034214349  0.841944269397893 1776585372.04375
  0.262903358644868 -0.0363599407285864  0.0562663671238889 0.27130448825233  -0.396056122514719 -0.0617705257731024   0.929381278845484 1776585372.06175
-0.00276801359432861   -0.118322922922646  -0.0519139095746911 0.129240202706225 -0.291449750425155 0.0580549989466901  0.819238398541052 1776585372.08129
-0.198274496484582 0.0018424538605612 -0.110821059085039 0.227150781925074  -0.332563822230171 -0.0630299950559117   0.721632765311829 1776585372.09943
0.0740974403912875 0.0451359092242559 0.0792928624192946 0.117537394069657  -0.38599824597028 -0.110295316001317  0.735323097978678 1776585372.11939
 0.125734657546575 0.0805802959380208  0.128211973400401 0.196826569154265 -0.350542535513471 -0.106186371777013   0.81807789545202 1776585372.14376
0.194511708245572 0.155555042648181  0.18402943755366 0.30967565261771 -0.408185536483074 -0.180267277490677  0.815444122545912 1776585372.16183
0.225855665083971 0.275026449517033 0.174779351300931 0.396482220314659  -0.285019397760665 -0.0190401745542399   0.898489654732979 1776585372.1812
0.0364214426248396  0.221224114655436 -0.117446324732275 0.253101303001535 -1.49459053893541 0.936245257295811 0.769529228641118 1776585372.19947
 -1.95525635288731 -0.672542623817836  -1.07301702994379 2.32952925135259  -1.35932100704244 -0.370215675705861   1.37161621284702 1776585372.21804
 1.31901429830764 0.266577181845373 0.939946051383617 1.64145078894625 -0.392019315529027  -0.13719282440873  0.839555501239329 1776585372.24312
0.0100959765922939  0.110812910652119  0.285125190838974 0.306068300157837 -0.73144556835403 0.302758649358799  0.33400542707142 1776585372.26227
-0.214698923742298 -0.360086137356081 0.0323329673075265 0.420479577324551 -0.499697482358556 -0.143431210995983  0.724946970234258 1776585372.2804
 0.265075864016178 -0.188759669928867  0.233219923477377 0.400358538540608 -0.350825125412794 -0.346269653264126  0.468511942159436 1776585372.29962
  0.416254767290562 0.00572212926147714   0.271132696614934 0.49680349558864  -0.357819818437986 -0.0697422944038966   0.659427259171124 1776585372.31966
0.0828365861099232  -0.25983046039742 0.0549280204924436 0.278192119916975 -0.314483162076791  0.207948624004226  0.537278983634024 1776585372.34368
-0.518775471135679  0.360371686668248 -0.334754520294413 0.714882039823149 -0.509769162099708  0.147599869992456  0.619631483161287 1776585372.36198
-0.212256703451303  0.400230242601383 -0.232149190313308 0.50904852599325  -0.408630502954914 0.00936972004397502   0.875222610458936 1776585372.38147
-0.0777532174950028   0.306518508214912    -0.1395790576263 0.345660920610019 -0.486592983717348  0.101504860347067  0.866703231374032 1776585372.39951
 0.213246545152462  0.206700630095451 0.0603674806833397 0.303056879521602    -0.359516216215363 -0.000748452863090468     0.828980391617164 1776585372.41914
  0.352690514578464 -0.0614345879376759   0.133350816594336 0.382030428048696 -0.158591341030689 0.0643335782235404  0.794429895632869 1776585372.44658
 0.103058199351247  0.155222593006762 0.0640950703997987 0.197036097918171 -0.203494870264936 0.0670744986581005  0.839557207094415 1776585372.46189
 0.502337007414991 -0.178383732399639  0.533975256073691 0.754514942928527  -1.45099310488418 -0.828611234455868   1.65055300672882 1776585372.48137
0.703914774294501 -0.21037791497153 0.295933028324744 0.792042444463237 -0.0825903309158339   0.924758858340434   0.796123394728303 1776585372.49941
 -1.32146288467414  0.358592009893152 -0.758777008123226 1.56543761714957  -0.48174889399061 -0.300588165674916  0.956151583450277 1776585372.5185
 0.433845725067831 -0.732763340815017  0.130113506269028 0.861448635332158  -0.692977939849585 -0.0543445932427068   0.840822299344163 1776585372.54255
-0.00566308015724507   -0.414642100099096   0.0153973628033867 0.414966529292129 -0.234278548851295   0.27649267116559  0.499096502237643 1776585372.56214
 -0.208347289676987   0.249879709176742 -0.0948745055949704 0.338894724045521 -0.278516711951311  0.127725456297568   0.55914786342283 1776585372.57989
 -0.153711154573417   0.293201926777552 -0.0764650397804645 0.339766671724861 -0.225158332052562 0.0669226192171978  0.622244712310262 1776585372.59947
 -0.137610096499852   0.302109737214073 -0.0723941875968833 0.339776029725564  -0.51631651042635 -0.123961789720123  0.653000686195862 1776585372.61812
 0.31614077834246 0.116249635895474 0.204570725019542 0.394091551687965 -0.413388995103931 0.0281875003261606  0.943963535898219 1776585372.64568
-0.00103662889097036   0.0889240823643491  -0.0451510864388654 0.0997355885850634 -0.280306135013884 0.0382996908747947  0.932526857415079 1776585372.6624
 -0.169727975725503  0.0655475050301116 -0.0957587257894577 0.205605920937044  -0.293871672743594 -0.0610329197088421   0.849954852601226 1776585372.68127
-0.0599838729726853 -0.0281097522018572  0.0124400601293915 0.067401619280815 -0.443063422439028 -0.179394908165372  0.868156383998381 1776585372.69833
 0.0557854381455369 0.00739694844476481   0.099301101644286 0.114137805932797 -0.347287956825987 -0.119363644638491  0.804104368369242 1776585372.71745
-0.101134956536028 0.0067208131767157 0.0654153237882345 0.120634213014469 -0.318471147399296 -0.180843508596502  0.762220120421611 1776585372.74236
0.206999574008479 0.177943696580427 0.156024403826977 0.314414372098291 -1.24085812308304 0.643664879224545  1.08544257580629 1776585372.76193
  -1.4502019880495 -0.515405152419372 -0.805233013528434 1.73698833713967  -1.17930423744176 0.0570047937573654   1.15482605496973 1776585372.77949
    0.234140846842934    -0.516718855029658 -0.000571390962014435 0.567292374169721 -0.894504982661241 -0.422695232760981  0.981645100607893 1776585372.7973
 0.894125220984281 -0.683143656750149  0.708079600156183 1.32948181135189 -0.347466823611236 -0.544903808219244  0.885980804005083 1776585372.81588
-0.167000864051276 -0.281106972357395  0.113564077830088 0.346131793216417 -0.95038456574691 0.404478934996689 0.756203544382768 1776585372.84166
-0.163917982678979 -0.324212897016604 0.0724921395018493 0.370456769309188 -0.654654650173089 -0.212027437411907   0.73419599830329 1776585372.86191
0.0713942386389377  -0.35969337138155  0.141974693706763 0.393234373344686 -0.395163932061552 -0.254641517428513  0.657732206226017 1776585372.87915
  0.729575223420277 -0.0970645024756755   0.524241885124159 0.903621092266072 -0.212973424064894 0.0460925412219814    0.6065276902679 1776585372.89617
 -0.0370309442071791   0.0772571281582596 -0.00208281471042495 0.0856988494511737  -0.487784004841845 -0.0615450299403196   0.640521237117811 1776585372.9154
-0.355084448051712 0.0880238751368961 -0.242672282898183 0.43900228328486 -0.561376358352136  0.120273871793368  0.788369806958632 1776585372.94212
 -0.29122016015641  0.384534487761092 -0.196998861274088 0.521041750057035 -0.448131690052134 0.0627001363998883  0.778462211819788 1776585372.96191
-0.261168363629604  0.370042986525518 -0.172684364973019 0.484727362487228 -0.537174692399664 0.0677865960689037  0.727666100266329 1776585372.978
-0.275034293719836  0.136418107760369 -0.173962018456901 0.35286902203578 -0.433098099579221 0.0538285148006689  0.740072419457851 1776585372.99554
-0.675040633439952  0.409262893965113 -0.305828265572787 0.846585436441574 -0.274951282874102 0.0745553977175276  0.665487273935724 1776585373.01386
 1.29596576383037 -1.17588083622521  0.91115518245636 1.97292340665805  -1.42726971634485 -0.914349710670117   1.71395048452325 1776585373.04437
-0.0412424316613995  -0.410979045162871   0.204755126232795 0.461009083913688 -0.436404994932695  0.291043299942923  0.959210911362976 1776585373.06189
-0.570972596301021 -0.271980756977421 -0.470091807075696 0.788016208572154 -0.114642916406233  0.470511122424338  0.807468340310902 1776585373.0795
-0.0884056880746627   0.654985891976588  -0.109197260847449 0.669885158925697 -0.501556622026913 -0.573020131991127  0.966743078724629 1776585373.0968
 -1.39163229260179  0.485064472738742 -0.558484404153162 1.57601802344001 -0.314690441004181  0.110857591642038  0.722293223965312 1776585373.1141
0.342042968358995  0.12731999593348 0.196522170703384 0.414517475079524 -0.477212979983139  0.120517571531148  0.490186842887004 1776585373.14238
0.0676512930684417  0.217904126438438 0.0689839107238003 0.23836460666693 -0.474105209592664  0.136041233741636  0.539957743645295 1776585373.1624
-0.515008180262217  0.296453627885557 -0.215982723348086 0.632271077947081 -0.403037781995671 0.0520322830134857  0.625738691941776 1776585373.17947
-0.377246942863987 0.0841416973984112 -0.214131390984493 0.4418680048909 -0.523250927514485 -0.171369597965312  0.861319779860612 1776585373.19571
0.0913862930801932 -0.408528246304513 0.0925055814401726 0.428723763266237 -0.608446880994893 -0.152447751280724   1.00779927751407 1776585373.21395
-0.275471520337964  0.176175503116863 -0.173718567624533 0.37027085647308 -0.307620483799342 0.0149707970576226  0.828922457181331 1776585373.24146
 -0.104297722026131  0.0898656912255873 -0.0393566136494791 0.143187989430842 -0.395973707264967  -0.16016335824955  0.827501279440245 1776585373.26196
 0.332086702884905 0.0639651620455496     0.216509195211 0.401558653000275 -0.381640110259791 -0.243759533345893  0.786768766869277 1776585373.27837
0.554292447610818 0.267534038667357 0.279427068370885 0.675939395110542 -0.851446022309146   0.42755792213037  0.953966780070006 1776585373.29532
 -1.17078339624203 -0.766784307246996 -0.665053743553364 1.54951231572086 -1.25089029094188 0.641598434903895  1.21090841374217 1776585373.31256
 -0.120295190433073  -0.396036986475408 -0.0737834675550326 0.420428623647696 -0.813882880834961 -0.163834180292193   0.97238863225813 1776585373.33984
 0.0198200203890878  -0.407804431301209 -0.0943465701910391 0.419044821831673 -0.498783561010279 -0.279181942500725   0.51026936868473 1776585373.36173
 1.54852110056342 0.272237006983895  1.01558842829345 1.87175063578064 -0.371532915043647 -0.240548923146099  0.540200167868204 1776585373.37787
   -1.0118309615417 -0.0287233194538129  -0.220285986768563 1.03593090492631 -0.811348608638092  0.697288973697961  0.822880783594613 1776585373.39598
 0.294594092969121 -0.140314076682303  0.204488060567725 0.385083220411193 -0.529484269051576 -0.270540672838307   0.93552436067823 1776585373.41173
 0.635190890329733 0.0506998495102883  0.367477669381359 0.735579893276182 -0.562269168560103 -0.110650709645007  0.588666682903455 1776585373.43722
 0.160009876733972  0.489696652981499 0.0183232132226077 0.515501418753145 -0.566559721153904  0.070855248701513  0.732645942639627 1776585373.46038
  0.279130207937236 -0.0677671574006145  0.0058758225723251 0.287298774616505 -0.622359472237114 0.0353484010789912  0.896480838103934 1776585373.47773
   0.067352395101339   -0.300336961317048 -0.00258315405737995 0.307807258107942 -0.365896472245791  0.102477973233607  0.687495027109381 1776585373.49519
-0.438039294753181  0.104201016674312 -0.177078190114653 0.483831542004142 -0.244118707914571 0.0902483062310959  0.729379726668882 1776585373.51152
-0.515812576177703  0.269020309863004 -0.272579249824816 0.642443762750425 -0.466827918116009 0.0441404249543188  0.718147202820972 1776585373.53747
-0.959205348506821  0.669018603381057 -0.476056080901072 1.26265204408694  -1.42722652509172 -0.676452933714738   1.29702826302115 1776585373.56279
 1.05029822780504 -0.64822857383856 0.626787820969652 1.38426501212271  -1.57478285320281 -0.561325208889467   1.30247382975179 1776585373.57932
0.0835125045384016 -0.731083553687422  0.210339197927026 0.765310446205388 -0.654166961837626  0.291653123826799   0.73137574211026 1776585373.59541
 0.281307890415339 -0.619874337433021   0.24470984996946 0.723367979724034 -0.332625047551581  0.408667219888011  0.632724073724524 1776585373.61236
-3.13575581034728 0.617378557695983 -1.51413875412271 3.53648652653531 -0.511939381001242 -0.692551587173405   1.05483531998628 1776585373.63432
 0.296015098067744 -0.229027676220532 0.0606031705969859 0.379145564454393 -0.52842157053337 0.171994447777751 0.655674524242693 1776585373.66503
-0.901327550084313 -0.183929629095087 -0.465844434184967 1.03113165883953 -0.224847440901513 0.0242043642399939  0.717111159653921 1776585373.67804
  0.25793907650927 -0.258611089091061  0.126672194918346 0.386598121512186  -0.415677645496801 -0.0600821405523619    0.78152248987808 1776585373.69698
0.531757582184593 0.123138591668311 0.259120104945642 0.604212270444667 -0.288078642061671  0.193823389965976   0.66376747258128 1776585373.71245
0.696920456745673 0.326539483259096 0.313599969624386 0.831066241707682  -0.196380974043523 -0.0852506639176771   0.686268318642194 1776585373.73467
-0.0839268875301214  -0.139710297320987 -0.0402931095954508 0.167887534703692  -0.643764550308688 -0.0988105845992403   0.792503509552678 1776585373.76236
 0.265061421654594 -0.127044538585298  0.114293970382194 0.315374354854087 -0.448230136415657 -0.023138962232726  0.751025149491025 1776585373.77948
-0.00179758790982973   0.0702907647838185  -0.0077788035419289 0.0707427220336593  -0.406668953238584 -0.0258783243938586   0.783678533257948 1776585373.79625
  -0.14448009800544  0.0169863390015708 -0.0029439415680415 0.145504986939602 -0.436384211834607 -0.119806042390854  0.838443906868018 1776585373.81346
0.148722666997919 0.117289724631672 0.125868196476287 0.227416169318148   -0.4388123452559 -0.116765061268174  0.754342097750274 1776585373.83632
0.827865137645211 0.558081597335565 0.462460894338757 1.10031169865886 -1.22036969738102 0.642917071156592 0.961896827175748 1776585373.86247
 -1.71358594682436 -0.333237145728575 -0.899029462040114 1.96358798276609 -1.28664895710908 0.297695478096344  1.07458823397521 1776585373.87965
-0.0101981107145548  -0.774387836456299  -0.115889631211758 0.783077856497048  -1.11703032087536 -0.312554972080557   1.07586043999685 1776585373.89717
-0.430542360642029 -0.486101914411052 -0.197140917393397 0.678620908027457 -0.713428246384037 -0.695204947243559   0.91222529418124 1776585373.91355
 0.906603720844916 0.0279818089292898  0.623640947953775 1.1007458018296 -0.507313329363378  0.428252673283943  0.576922294842675 1776585373.93529
-0.00627085903862368  -0.0793672198788716    0.128577547870496 0.15123050314263 -0.554392004169256 -0.166774789812955  0.664049997928789 1776585373.96245
 0.372962445306549 0.0285380296736694  0.244451630553849 0.446846734828768  -0.369835901659447 -0.0799165553657295   0.769636872639951 1776585373.98052
-0.285036355257034 -0.104336470365524 -0.114824362099171 0.32452497130118 -0.198965492730667 0.0698601144315022  0.642376984748234 1776585373.9973
-0.682380020618439 -0.153338640928268 -0.415228962898254 0.813369733252049 -0.0120277030637105    0.21305378160363   0.620108058047452 1776585374.01372
-0.250393558695221 -0.112031378607282 -0.202164473885243 0.340761556707916 -0.146586959129689 -0.091574254917848  0.672746646743207 1776585374.03517
-0.0337599228882349  0.0794812358744971  -0.111991583803446 0.141418224046129 -0.539054695476983 0.0623007818031566  0.812759898827636 1776585374.06241
-0.227516501411148 -0.350453702491263 -0.100301195872867 0.42969976250602 -0.266136850856246 0.0284375500762579   0.88399172957177 1776585374.07998
 0.062239870429039 -0.274778783321381 0.0609442740678787 0.288255764515235 -0.209588497581019 0.0247217677435329    0.8776065210099 1776585374.09742
 0.110999348418103  0.011461342177958 0.0450698633984653 0.120347456560245 -0.198030037588403 0.0888669034041461  0.853054441259266 1776585374.11366
 0.818577647209167 0.0927374586462975  0.831130504608154 1.17023395799168  -1.7172271397641 -1.07264196573046   1.8824584791595 1776585374.13522
  0.425268487774295  -0.504504645683378 -0.0685327211280083 0.663381457439953 -0.0631975342308003    1.24015137542831   0.415496139997933 1776585374.16244
 -1.42556477566496  0.656951244081064 -0.939574908726911 1.82937718249286 -0.771289844157621  -0.72342506375832   1.20241354039728 1776585374.18124
 -0.29593311644339  0.596463631571834 -0.372910960176388 0.763156509122102  -0.66390908803113 -0.171551274714498  0.752977267957153 1776585374.19771
 0.874141113523914 -0.193995408256915  0.352556844714057 0.962316597348465  -0.641226393156266 -0.0835184523108543    0.69662401967163 1776585374.21415
 0.41948146004973 0.261694712521509 0.154563408309318 0.518014155284739 -0.535694681342643  0.259316050993565  0.367702797568371 1776585374.23414
 0.237043816439338 -0.172018988412523 0.0174408359316686 0.293401578122187  -0.271234228864729 -0.0569133594303195   0.648791414499923 1776585374.26194
0.706998167059786 0.249503332398097 0.340602910726575 0.823473535639773 -0.207869871679375 -0.123406704445691  0.700695173945894 1776585374.28131
0.459054111700062  0.59765423534945 0.320393508027637 0.8188853781123   -0.224503318431577 -0.00541771589091627     0.85495461356809 1776585374.30163
-0.305061347823535  0.358421665724716 -0.129190249584035 0.488076466329178 -0.405526186691133 0.0476643271665263  0.855445672832059 1776585374.31501
 -0.506494868589189 0.00785961017288921  -0.203593740561677 0.545938857909148 -0.515219747846887 -0.148825165600799  0.957481853351458 1776585374.33393
0.194537895469259 0.149224269537665 0.124067872633226 0.274783027882714  -0.226855497184893 -0.0548457097837567    0.73336468817067 1776585374.36152
-0.0660682680197907   0.248178434224293  0.0673772856885264 0.265513182120794 -0.444886253438831 0.0762982546131705  0.925242091032021 1776585374.37996
 -1.33597147106011 -0.187246832664117 -0.884030511994666 1.61288285190426 -1.30737058423916  1.04589854024844  1.26460752939485 1776585374.39769
-0.595487533056218 -0.131170558642527 -0.510794420142351 0.795438279898908 -0.749434115468796 -0.494906473018946    1.1240072946633 1776585374.41646
 0.131853686831942 -0.506136435805953  0.314436032201579 0.610270026077148 -0.492189502409802 -0.669544755277822   0.99470895091728 1776585374.43505
-0.13368430978379 0.298537648624672 0.208382849437726 0.387839701769303 -0.820327283703357  0.580799118256359  0.671780611496489 1776585374.4629
0.00402152999987406 -0.0288922087229814   0.155147606593743 0.157866121318663 -0.365820986347873 -0.294025407189093  0.642784984929067 1776585374.48114
  -0.279422405229028    0.167931085648878 0.000807136601666769 0.326003652649291 -0.0773469429543612  0.0384335347406659   0.638939280643735 1776585374.4991
-0.568919889279707  0.311951088504541 -0.254444904829669 0.696940120549091 -0.213855459144938 0.0891223421534861  0.669715825698778 1776585374.51613
 -0.18062248841104  0.377745080908877 -0.214819094835204 0.470598632569695 -0.391450373646201  0.194159951162829  0.716943403210408 1776585374.53578
 -0.823574286545213 -0.0859353089829095  -0.403474340111488 0.921114013527558 -0.154816261458713 0.0215938421502633  0.611690957933095 1776585374.56238
-0.219969034050275  0.368485807456245 -0.121864064430824 0.446115474330685 -0.0596787985744757   0.136803898157263   0.381579520072188 1776585374.58155
-0.347492090825194  0.949567308013345 -0.207471104744157 1.03221755697989 -0.967474224825313 -0.350043264403367   0.82650775042538 1776585374.59942
  1.33449735727982 -0.324843957196883  0.918789879275578 1.65244716568288 -1.89578087823572 -1.01555921528734  1.68192425662988 1776585374.61624
  -1.5361591476356  0.232047998692889 -0.552448269338989 1.64888759194117 -0.945262745559297  0.375923236365858  0.508772932222867 1776585374.63528
-0.287950508425579 -0.499654791404662  -0.17278619898351 0.602017837306633 -0.959182080407604 0.0133101460593189  0.427397070936989 1776585374.66191
-0.0890829630436436  -0.287603796489777 -0.0459407465780601 0.304568990962832 -0.673609386105749 -0.128622053773748  0.289623864430328 1776585374.68148
  0.399651237546815 -0.0927878472614679   0.205872237058794 0.459036027195808 -0.583841723679556  0.109732903435079   0.26710717852278 1776585374.69934
   0.163420413190665   0.0566640471961304 0.000455875032018818 0.172966047287026 -0.810285141308654 0.0919985081155832  0.446360714248261 1776585374.71718
-0.289926693522752   0.22449121024931 -0.329281353219301 0.492828571284346 -0.788607192424461  0.263454962519533  0.560260539970214 1776585374.7355
 0.304528070657201 -0.124420723078505 0.0339714402652029 0.330714258693615  -1.02657530681403 -0.348422310335643  0.702660857024965 1776585374.76189
-0.0306288973098582  -0.168536586292095  -0.318476431889438 0.361621276943764  -0.737820602970701 -0.0131937097201957   0.611305607844711 1776585374.78163
 0.248697995830139  -0.23512907318974 -0.315216172168782 0.465293036038294 -0.740518833839737 -0.137769904089633  0.729285570047537 1776585374.79956
 0.490591326757842 -0.262415608100731 -0.249567048537699 0.609774969132642  -0.567867277841025 -0.0677904115202186   0.814646430219017 1776585374.81742
 0.513951566071477 -0.165386191461389 -0.299564413605025 0.617444444862815 -0.543287086378797 0.0663648446984576  0.811573752481025 1776585374.8363
 0.359075408336362 0.0154633370727989  -0.41284691904749 0.547372672164365  -0.561421998242337 0.00222036638309103   0.869080380447007 1776585374.86251
  0.32653091381077 -0.109886409192025 -0.494492320864141 0.602677456018406  -0.527622889158076 -0.0755222131716844   0.873551814322478 1776585374.8814
 0.463140693602589  -0.10784724630296 -0.536108608902535 0.71661898603458  -0.487397775918626 -0.0693577378436651   0.866013591283711 1776585374.89813
  0.535992789239139 -0.0100315897001777  -0.551117051331779 0.768842576329446 -0.442125677164704   -0.0628338473737  0.879987124577506 1776585374.91544
 0.619311566681167 0.0678145921746865 -0.597181414313249 0.863001319314214 -0.422005306009236 0.0269334891844226  0.834072544381415 1776585374.93336
 0.493491307562227  0.109004083873482 -0.770270543550354 0.921266666715958  -0.433395015505898 0.00250120090308465   0.871316885624733 1776585374.95658
 0.386190274043706  0.175772002000667 -0.965691509276932 1.05479799750608  -0.460382880358937 -0.0728143921104499   0.885670850249517 1776585374.9815
0.513550522603024 0.143376917709669 -1.01403402137839 1.14566839718594 -0.544568726013234 -0.140564532431099  0.897908259837133 1776585374.99775
0.583360533343732 0.106876635636013 -1.06766668154912 1.22132889509667 -0.620848902659019  -0.13817098592992  0.898318677491157 1776585375.01628
  0.487033150200144 -0.0144296862922431   -1.22719436786733 1.32038461130295 -0.636127612713212 0.0300886726774239   0.85204984414423 1776585375.03634
 0.653955705454585  0.104246565734923 -0.972471291578367 1.17653126779879 -0.483104151831805  0.194149237795456  0.640560542630514 1776585375.06239
 0.414605667222103  0.103531247115813 -0.823202064122293 0.92751184186362 -0.627564239224768  0.301974720060154  0.719317258564918 1776585375.08169
 0.171053578481224 0.0938906595901397 -0.768062161734152 0.792460893014439 -0.679821396415679  0.271540551558737  0.739842487300533 1776585375.10101
  -0.3944908220641  0.188954213016093 -0.709959523874235 0.83388801937015 -0.700915832813637  0.325445318624131  0.687295688992801 1776585375.11817
-0.0251488504218015   0.128083365716846  -0.245875733810426 0.278375088195242 -0.697841072675724  0.136153237619969   0.76783871167693 1776585375.13738
 -0.214903014806048  0.0378877480122911 -0.0101889244809971 0.218455032911239 -0.674388757658509 0.0955313210034839  0.816149208064002 1776585375.16251
 -0.24711692276258 0.0228769904062264 0.0864699883551191 0.262806371863066  -0.764576473931836 -0.0759534881625007   0.848819122216646 1776585375.18333
 -0.184880171511678 -0.0885695830408302   0.160744702785431 0.260507405521974 -0.724884054729793 -0.103087824929681  0.812184218866432 1776585375.20026
-0.0774060358649868  -0.128681521394885   0.181868192588795 0.23585306403002 -0.653367283738843 -0.117563681024375  0.773719916360258 1776585375.2178
0.0771392012300637 -0.122112711303365  0.218717885140501 0.262105863934031  -0.605441046348214 -0.0658845134529501   0.781507772415981 1776585375.23636
 -0.120913616167829 -0.0334316808442127  0.0741517206850725 0.145726653496906 -0.631657016404663 -0.014478722597053  0.825923869221238 1776585375.26191
 -0.144269286842731 -0.0257420560161383   0.051432967987089 0.155311399356291 -0.602587357374614 0.0411342009090666  0.820483201491491 1776585375.2832
 -0.110320619854508 -0.0572195893417005  0.0854453593492508 0.150816544198036 -0.564915163064731 0.0187860938038877  0.808572853090115 1776585375.30129
 -0.124773627032743 -0.0240950090826128  0.0679262660057081 0.144093737126481 -0.547103247064068 0.0296215843938902  0.802254208747364 1776585375.31927
 -0.155958786642801 -0.0281971805186784  0.0564575234594106 0.168242907949986   -0.577865308104866 0.000607615134830342    0.838454976312728 1776585375.33791
 -0.333723113915856  -0.139392926850651 -0.0724213904983859 0.368844632087016  -0.501818284978164 -0.0426594054323233   0.913772316674974 1776585375.36251
-0.453039169012393 -0.167114542316887 -0.208422559297334 0.525938895820867 -0.205653164206828  -0.11376904777259  0.785500218631845 1776585375.38389
 -0.198337039249687 -0.0293877358780627  -0.131975294293732 0.240038951968816 -0.349505617796825 -0.119892612402061  0.882079424663217 1776585375.40141
 -0.0767210946862191 -0.00383254336611237  -0.0966976205120491 0.12349592937096 -0.444286325397563 -0.164060302249944  0.964400072132725 1776585375.41947
 0.00923494133205943 -0.00464767192474497  -0.0461686553862563 0.0473120464142224 -0.446205717161797 -0.116023408916646  0.958096635148372 1776585375.43828
  -0.171651498772412 0.000142457408880289   -0.102055079576206 0.199698514246438  -0.393413341194849 -0.0455819870047634   0.875524432955183 1776585375.46246
 -0.174037810227478   0.028113513422487 -0.0647162719751981 0.187797031084359 -0.429965295568536 -0.120250487890766  0.868867794147613 1776585375.48329
-0.0887972856007645  0.0029054875652747 -0.0388529898951261 0.0969688331983348  -0.37284090959017 -0.154527800022953  0.855110189971129 1776585375.50112
  0.0392119323184298 -0.00331549709212249   0.0280538411003271 0.0483279024746098 -0.332157145651929 -0.165167515228826  0.863987801924304 1776585375.51838
 0.106827828461768 0.0994581335255037 0.0296297160656117 0.148936313007817 -0.431268093629442 -0.204599316232907  0.891489781225382 1776585375.53734
 0.136079613692001  0.176220367354265 0.0211246185888838 0.223645989553943 -0.455347303667223 -0.231085661327911  0.851614581662078 1776585375.56132
  0.11792258973305  0.266442569732666 0.0144299119564203 0.291728645309586 -0.466551170009534 -0.146175036828775  0.818204682193409 1776585375.58214
 0.203067532721288  0.248331543924076 0.0174539143444687 0.321262536999213 -0.703620615826435 0.0511759031521183  0.979737659728947 1776585375.60043
-0.157712318633352 -0.183128969304669 -0.210230167175567 0.320321897531163 -0.758429071170832 0.0614873082509514   1.04507428924884 1776585375.6185
 -0.11988280529886 -0.128020074848318 -0.145887639199728 0.228132044749884 -0.593449153894237  0.101120312065546  0.740095101479395 1776585375.63756
 -0.266247159601605 -0.0482398374793875  -0.188523674990317 0.329781454827003 -0.473073921257208  0.150006496208945  0.898349738709513 1776585375.66184
 -0.497548475604759 0.00336800678117281  -0.288539063411062 0.575170079333436 -0.398958220365627   0.12936382019204  0.795792893818369 1776585375.68355
 -0.257335052390106 -0.0642978259263846  -0.146854363270145 0.303185988493792  -0.507285974140114 -0.0801905951859222    0.82573186708867 1776585375.70169
 0.0629465124653969 -0.0813124491352625  0.0338728695649295 0.108265179575401 -0.468428594505372 -0.210151564612782  0.882478546960233 1776585375.71982
 0.437185393918896 0.0858206116984759  0.215070176294034 0.494723586237272 -0.501538412750239 0.0931691318156196  0.773400296291782 1776585375.73832
-0.0619168460904179  0.0793995138437781 -0.0108181725869455 0.101267030599963  -0.651376489757355 -0.0696000914409082   0.845249636427193 1776585375.76188
0.0273384767767862 0.0428085194208766 0.0669050028521837 0.0840014348337762 -0.512687486356674 -0.200203449692614  0.873638305399619 1776585375.78375
 0.0710509074561863 -0.0789686797139952   0.103590975961777 0.148375786861713 -0.507053198422339 -0.164855953464342  0.805115719122854 1776585375.80203
0.0582626800750838 0.0196186216835383 0.0658987491219966 0.0901225573435264  -0.412560360902692 -0.0684423841991673   0.635227031384822 1776585375.81995
0.0755930775154609  0.123736619578366 0.0996474509693312 0.175939418203042   -0.4957299420311 -0.115061657599014  0.697535202026876 1776585375.83903
0.221360223601711 0.223274486837439  0.16757182654144 0.356275402064127  -0.482478090660895 -0.0173385050072572   0.798584989755091 1776585375.8615
0.0418311108128438  0.218940333592368 0.0668500404985107 0.232709345364612 -0.59010154261461 0.089462067279272 0.838537291707352 1776585375.8842
 0.116598548533728 -0.058528377227647  0.213678638029519 0.250358448651576 -0.649401510062931   0.10285281090473  0.655075804558507 1776585375.90234
-0.0715078125114182   0.192829883733352  0.0741082471398973 0.218606412543032  -0.536595926464786 -0.0458724585416544   0.687070255920971 1776585375.92039
 0.0484400790332055  0.0188548354597212 -0.0159221076538189 0.054364138814996  -0.364625461980617 -0.0443676267257971   0.934675577722632 1776585375.93864
  0.0748045720244665    0.339456500936039 -0.00972691293730073 0.347737045565744   -0.310449453788728 -0.00250174863820561    0.845086223779814 1776585375.96154
-0.484333125911343 -0.351383609441005 -0.372259683687757 0.704717170174071 -0.240622169050583  0.198590229410346  0.823250908318887 1776585375.98559
-0.814358847168956   0.18199596175965 -0.632352397511444 1.04698252931825 -0.114667032648098   0.19292240171535  0.619165239584202 1776585376.00443
 -1.08239736426656  0.870571513476476 -0.455086724845015 1.46170542223051 -1.47986289201842 -1.65019728713846  1.61451621868706 1776585376.02208
  2.56294935320566 -0.336824585100712    1.1794198551125 2.84133619673194 -0.804548686329132 0.0827916164772283  0.907590509595568 1776585376.04039
  1.61146875605277 -0.405732292035714  0.861741596902972 1.87191047445323 -0.661429981070307 -0.479018979077253  0.990516515355687 1776585376.06205
  1.73875632800878 -0.599530097937929  0.617052108395979 1.93996474478274 0.153573522738354 0.678354809425981 0.155884662286967 1776585376.08569
-3.45306590646766 0.985079393864484 -1.45522659199101 3.87449738684433 -0.401825662065334 -0.370775767297473  0.679492355072324 1776585376.10406
-0.979317657696709  0.468342798608506 -0.453857913684683 1.17660318608239 -0.578045596578374 -0.263147439193109  0.667804125517976 1776585376.12232
0.736547534764019 0.128297662724307 0.363776584241583 0.831442099288908 -0.719556719943532 -0.419372951252847  0.990383301993002 1776585376.14107
 0.690650347279269 -0.241599165021071  0.231228125387179 0.767355526927332  -0.481216905381953 -0.0589814635904238   0.856396978114013 1776585376.16184
-0.486152296562036 -0.121200863565939 -0.228130071099097 0.550524326548201 -0.302123724619136 -0.170997773225206  0.826942961629895 1776585376.18739
  0.465029614744614 -0.0768231084119054   0.171213494681146 0.501466243466619 -0.338195266085934 -0.254585274473325  0.957626666896374 1776585376.20537
 0.629706387769975 -0.117243439044543  0.318284337768297 0.715248962575903 -0.337903234472927 -0.129710185153871  0.976523288554952 1776585376.22356
0.228276145766745 0.174141757445532 0.143308450339333 0.320893537409216  -0.363347052247684 -0.0896681827822959   0.878160226436374 1776585376.24121
 -0.138746355716162  0.0868281938115413 -0.0354709587287521 0.167474999263255 -0.369595567514223   -0.1070394298105  0.773564786533209 1776585376.26159
0.509829300861048 0.353889422719625 0.292487529438305 0.686084976082568 -0.314153738661856  -0.25396135604251  0.734384100434273 1776585376.28764
0.433512643188544 0.362110929744255   0.2431453722345 0.614961144531604 -0.773611075373874  0.387366832808228   1.04448690930406 1776585376.30554
 -2.0746446414928 -1.62532293869966 -1.15095742005561 2.87585257381514 -1.32794120708142 0.847959848112987  1.52664289096065 1776585376.32381
  0.272804077175546  -0.693301118559972 -0.0579111855107291 0.747289910896278 -0.641957121693792  -0.45332861203145   1.05035255644146 1776585376.34141
0.424044560351408 -0.19868469673458 0.075339243834551 0.474305175537536  -0.624399684441556 -0.0956805918722021   0.585784733616825 1776585376.3627
 2.74568115041849 0.122174763291235  1.43339002160399 3.09972556955976 -0.579748954872519 -0.174803349214824  0.758505810258334 1776585376.38729
 -0.376625062705863  -0.154046517299264 -0.0547919148588495 0.410583634944365 -0.78464255080175 0.973664213440021 0.528497306362624 1776585376.40525
 -1.01084018830367 -0.227452528371288 -0.443466953247001 1.12702949277048 -0.657349660025492  -0.24299789164445   0.79024875101157 1776585376.42389
-0.0101803190434433  -0.144889138213947   0.148712889679357 0.207875022128661 -0.385495222893581 -0.266594174996845  0.569459611590376 1776585376.44196
-0.0364422597506336 -0.0514909898399193  0.0474056675333843 0.0789091733875922 -0.525478067668591   0.42900275615207  0.707543465461064 1776585376.46141
-0.875083935848491 -0.282156104479079  0.228572402764264 0.947433008386515 -0.736079042950631  0.232065983163539  0.887766337215292 1776585376.4863
-0.730755394300733 -0.445669243182926  0.501987988445849 0.992278419176176 -0.619380350524118  0.232092522855163  0.737522836761257 1776585376.50506
  -0.4842257440742 -0.399066675247504  0.655365800585956 0.907321946772468 -0.466441787979838 0.0812040152831794  0.728873331045799 1776585376.52361
 -0.452856392534788 -0.0984191780969458   0.852542035760935 0.970357238142892 -0.339663102750172  0.202719501544243   0.59426436214637 1776585376.54139
 -0.832832573610392 -0.0662567329144086   0.793368121656403 1.15214279791335 -0.424989776501619  0.105697364613665  0.684672230780184 1776585376.56205
-0.986291065088117  0.182329677831144  0.846774433497469 1.31264660808445  -1.04804368762843 -0.299456496793627  0.986740631329783 1776585376.58582
 0.386940507822536 -0.640623600834794   1.55535326063294 1.72604904910087  -1.28690397881607 -0.271694746767229    1.1441339569631 1776585376.6051
 0.165909046365698 -0.836907303029033   1.46368284008015 1.69419807043757   -1.10599099899436 -0.0298292125903156   0.775831686118339 1776585376.62377
-0.00310973265613939    -0.77921520292913     1.51059448400234 1.69972988972112 -0.811077251271757 0.0416452157693395  0.636471374287497 1776585376.64191
-1.40209734949714 0.221474491449003 0.235776758398358 1.43892967431711 0.0436475607234939  0.825761841787855  0.423830501159118 1776585376.66186
-1.02022083637812  0.90608193060421 0.541275788419513 1.46792864236539  -1.18061906615259 -0.204175043296812   1.25340055464349 1776585376.68726
  -0.163654564762607 -0.00546206396861462      1.1858665352335 1.19711824399143 -0.962453520331344 0.0267256520903861   0.97227442172491 1776585376.70558
 -0.77917762784715 0.0380214534012967   1.05093784994745 1.30882916039811 -0.474760375383283  0.440501947653362  0.609650931941571 1776585376.72408
 -1.28553998897937 -0.215505588146187  0.928766335579921 1.60051948688351 -0.410132879642274  0.110377139711149  0.633163587940098 1776585376.74338
 -0.951118906658621 -0.0799818288760424    1.17718343007422 1.51551479557118 -0.396476487911897 0.0895654700909846  0.490356830542809 1776585376.76213
-0.664131446024747 0.0717078193348449    1.3645493347036 1.51927860374347  -0.240925022946923 -0.0061972867582297   0.650948439375942 1776585376.78578
-0.913209609704852 0.0550079174050637   1.25420802411728 1.55242243928472 -0.449930842397444  0.041003838579766  0.697274085931477 1776585376.80536
-0.801301496242984  0.059602087397292   1.40534927763372 1.61884004424433 -0.54781648814406 -0.20882740788191 0.800399048408303 1776585376.82377
-0.905359746455299 -0.126852262881314   1.31502630381905 1.60158107719706 -0.373457616591987 -0.097628976808214  0.638641348870231 1776585376.84158
 -1.32638388295327 -0.344639532027706  0.938378580154911 1.66091088613689  -1.32116338577224 0.0903083385852876   1.24672329424106 1776585376.86234
 0.263315052257438 -0.474220857149555   1.93727701073591 2.01178091611061  -0.199781985925753 -0.0753647826009211   0.714126289742188 1776585376.88575
-0.107700043398041 -0.204839513229025   1.72923223629945 1.74464972203163  -0.39356765923636 -0.227864596587828   0.70334038445997 1776585376.9056
-0.606614125725078  0.325584722280613   1.35582320121347 1.52060601796142   -0.453896763752406 -0.00237569922886399    0.609555075717961 1776585376.92424
-0.805225004372673 0.0689759521357634    1.1426353960667 1.39955730071495 -0.678054865389545 0.0274961859934234  0.797443016307569 1776585376.94319
-0.671741059402104 -0.106584675602606   1.22432574596465 1.40056055784528 -0.378416440277313 -0.261037943081442  0.778370810604443 1776585376.96235
-0.597086134813511  0.305118542333889  0.728662022522866 0.990231043913292 -0.567778224891185 -0.476876945897044  0.860775983603997 1776585376.98807
-0.150274572936478  0.127619323867654  0.583449397893948 0.615859025263484 -0.429123289582579 -0.333535388972526  0.827613823638702 1776585377.00737
-0.317557630848567  0.268615649910172  0.313649586886551 0.520935005198272 -0.212582032922364 -0.165793681027586    0.8012497253497 1776585377.02448
-0.401911925542155  0.240413837804772 0.0606246478348284 0.472236547956762 -0.336725967488654 -0.255411849415346  0.824933962710798 1776585377.04343
 -0.187109902174158   0.182339163363046 0.00269252177957324 0.261275593313061 -0.421201776884635 -0.179454012124999  0.845102772733677 1776585377.06187
 -0.0168436112351382 -0.00855847566257615  -0.0934245584792016 0.0953158059932409   -0.280606738620393 -0.00779306675968764    0.851590126910896 1776585377.08601
  0.118521924682035 -0.0923146611138143 -0.0579821110988406 0.161032197073662 -0.241659575622826  0.113479260463684  0.749694191255563 1776585377.1054
-0.115078424557367 -0.105798417624277  -0.12632447404845 0.200983137884809 -0.648378793432605 -0.237872155819476   1.10314257050476 1776585377.12383
  1.19052741313806 -0.976909393788625  0.668265887700568 1.67877538157131  -1.20296882520307 -0.643081533591795   1.42607684009585 1776585377.14182
 -0.432170973438839   -0.80003996229107 -0.0736434290304717 0.912282328111827 -0.333673004607678    0.4129907907408  0.607706313077094 1776585377.16146
-2.30370130044784 0.017590897087301 -1.52312757829937 2.76175066599459 -0.241705718486925  0.160251934014628  0.685710950930374 1776585377.18528
  1.28486175927208 -0.837875967606905  0.239525445917605 1.55250710683558 -0.897887278966829 -0.615399461292171  0.994221056285032 1776585377.20422
 0.522190342513519 -0.387620187663921  0.224901857486711 0.688122815491517 -0.573745283476937 -0.191149004090592  0.748536792089522 1776585377.2238
0.395616876679302 0.114039832141438 0.254884849831205 0.484235565713434 -0.685888831956825 0.0365244775438747  0.653517629549693 1776585377.24346
0.0402288924030536  0.146084850195197 0.0859740763024293 0.174214491465508  -0.58833178516517 0.0802360434239556  0.714593066590911 1776585377.26241
-0.0263050003548563  0.0762533272319595 -0.0604010578811689 0.100771080924924 -0.327097378149069 0.0294244933629622  0.696788414826953 1776585377.286
-0.00898517989095691     0.33273812921911  -0.0884221215754148 0.344403640627975  -0.306920087572406 -0.0777084919952454   0.706995081142814 1776585377.30563
0.245266049679525 0.609709485442976 0.244367400085574 0.701153704967121  -0.471843270437241 -0.0598569106640091   0.773932634780305 1776585377.32426
-0.018741956968669  0.332215103333316 0.0195455914741691 0.33331691523212  -0.307442094511923 -0.0579744720353022   0.829540129756326 1776585377.34379
-0.0341980964231645   0.299223655320852  0.0145737357151354 0.30152396169332  -0.47458502633296 -0.117166232191954  0.899343858573348 1776585377.36235
0.0964264494315047 0.0277328371746218 0.0942221201702896 0.137640758269871 -0.364113527493749 -0.272849607994643  0.918715736288787 1776585377.38582
  0.136383967362835 -0.0829594593156925   0.101732254322521 0.189294241891086 -0.0525908620518281  -0.236609574301868   0.841884450897993 1776585377.40611
  -0.1186156790079  0.154523712802074 0.0607676251940569 0.20405872046146  0.172700357113497 -0.298300585435217  0.803176545066353 1776585377.42425
0.720573306083679 0.716982424259186 0.269736111164093 1.05168781290023 -0.918224747636799  0.784063755705499    1.3587440148499 1776585377.44377
   -1.05950215327557 -0.00850693002644056   -0.219181962954964 1.0819694605389 -1.25487052223337 0.147581867633636  1.00022376979654 1776585377.46189
-0.474653422832489  0.125760659575462  0.255887657403946 0.553705795991998 -0.410769281740505  0.437187735323611  0.674849411082824 1776585377.48531
-0.283971101045609  0.179023876786232  0.521138548851013 0.619898799633591 -0.51097325545604 0.346227761821886 0.508483591007578 1776585377.50558
   0.278488546609879 -0.00420161243528128     1.19758141040802 1.22954249975135 -0.448146571272833 -0.211601374216074  0.563364083989914 1776585377.52384
 -1.66455376148224 -0.122445970773697 0.0822495669126511 1.67107666846279 -0.62947104773916 0.910609919363108 0.999901437016478 1776585377.54387
-0.91064709577455 -0.14260096444186 0.524744146595885 1.06064583508776 -0.658132027976037 0.0539275808961356  0.785941092786172 1776585377.56238
-0.642965197563171  0.221634462475777  0.849240005016327 1.0879957106324 -0.397444766212983  0.395125181298796  0.500023571759038 1776585377.58584
-0.398003048481114  0.201138057164568   1.03504044559025 1.12701893003084 -0.544327608609633  0.197790340472282  0.721432698305093 1776585377.60541
-0.993239549476112  0.188452164928525  0.672090448851085 1.21397882705861 -0.751766568667143  0.385508525040165  0.542064113047565 1776585377.62361
  -1.09676778316498 -0.0968796238303185   0.749105155467987 1.33170708703184 -0.548252668512454 0.0486691137475887   0.98084019173793 1776585377.64395
  -1.14315044460391 -0.0620995062159324   0.840362618418968 1.42016147606755 -0.548049534704749  0.180739089594844  0.791450080924453 1776585377.66199
-1.31254735634705 0.129539419038387 0.920573244968708 1.60842038133401  -1.34803503334802 -0.381213413254599  0.999820549620364 1776585377.68631
 0.445318634097429 -0.520470732686975   1.88084023654757 2.00168890312017  -1.12429241548975 0.0288491096319265  0.838336360815671 1776585377.70579
 -1.28500547457818 -0.506859524770481  0.960249032711478 1.68232691602131 -0.794595313600789  0.310934439138502  0.502412786963295 1776585377.72392
 -1.31558781443153 -0.691569490000697   1.05814947689547 1.82447799998649  -0.937786785221319 -0.0110761172351374   0.816163150068644 1776585377.74412
-0.943329836366928 -0.553179316028748   1.40345034276786 1.77919965166288 -0.704313096336861 -0.126773679587012  0.645829952330298 1776585377.76236
-0.954628969827085 -0.295868807836988   1.54269612777142 1.83814204133547 -0.749149936879974 -0.207130537252578  0.585849946894456 1776585377.78555
-0.0631717409481526  -0.286978630105344    2.04210624172108 2.06313967182732 -0.548660584298865  0.264057031611907  0.521726824206986 1776585377.80549
-2.32162033372268  0.30427699139882 0.758536954758432 2.46127685829602 -0.677946370552446  0.166716730989083  0.748121565506398 1776585377.8237
 -0.906586966485754 -0.0707551844245715    1.38557999736199 1.6573286195002 -0.709619554818263 -0.167211152658339  0.700651496522445 1776585377.84399
-0.893922277489141  0.187450078925903   1.49081057034284 1.74835657888391 -0.652502749329273  0.146518242516776  0.615628885938789 1776585377.86197
-0.993876945813049  0.158002411719362   1.50161080294978 1.8076479604899 -0.64082533400518 0.259758191089383 0.684999103498485 1776585377.88523
 -1.43468418600486 -0.104470691626877     1.449142276398 2.04187320277861 -0.582498589786006 0.0773687424931916  0.515938569604136 1776585377.90504
 -1.46515060696364 -0.260263056010645   1.57039494995277 2.16345636846392 -0.686333911166137  0.103359964670576  0.503956549482119 1776585377.9232
 -1.74888892217022 0.0224501514682989    1.4290724516416 2.25862005291541   -0.88847254327374 -0.0439897967959822   0.597512276981816 1776585377.94385
  -1.21969569198891 -0.0970293617499063    1.84292044450499 2.21210941024 -0.950074931702932 -0.183495070292167  0.773407572041262 1776585377.96347
 -1.07327486013473 -0.342254209570249    1.9945960389827 2.29073573947132 -0.923177273304177 0.0174756231302673  0.654267396022308 1776585377.98399
 -1.44180070765289 -0.393486285907167    1.8572854946588 2.3839316572535  -0.67522183498325 -0.831261087701104  0.804168607470083 1776585378.00524
0.00157170001764906  0.0711444881181377    2.36620301098236 2.3672728397066  -0.615859083347824 -0.0628564810697173   0.660330537698589 1776585378.02355
-0.669130877428582 -0.237753555734559   1.90625640176186 2.03422622971263 -0.824247572917297  -0.10667089847424  0.926211176744996 1776585378.04373
-0.624982153760256 -0.408549591193483   1.97604403891081 2.11240751388034 -0.623078134847743  0.119712407157754  0.840989192273319 1776585378.06192
-0.512754660254227 -0.473058022615853   2.28987745306132 2.39379196765556 -0.469028676361253 -0.236487643378666  0.883869767581454 1776585378.08213
-0.380359499135265 -0.258094435952188   2.49153052886314 2.53357661473044  -0.494079538351883 -0.0815620073542197    0.63181714953171 1776585378.10523
  -0.492305277548712 -0.00808479697834581     2.57433842469167 2.62100136876891 -0.671085291620337  0.311215610625414  0.553266447894633 1776585378.12359
-1.29245086404671 0.137958905802879  2.05118483857665 2.42833711367927  -0.846266863094937 -0.0930689293016384   0.746692450164859 1776585378.14378
 -1.21584863183996 -0.104383821176382   1.71364870863968 2.10375278354966 -0.928984616818234 -0.499422262032339  0.901541061713959 1776585378.16192
-0.229482164450712 -0.364036562114712   1.85582307071932 1.90506271607298 -0.481958546676826 -0.270733595665215  0.855166922190882 1776585378.18161
-0.560481789194001 -0.346330959879696   1.51798407464262 1.65479926899244 -0.301693597978898 -0.489882067185239  0.835440162201532 1776585378.20426
-0.431462518334176 -0.483445268064608    1.2695762325741 1.42537821025101 -0.103325379904414  -0.25809435672188  0.897980974367277 1776585378.22266
 -2.11797721273511   1.00343135604029 -0.380289715644758 2.37430457771854 -0.218125259529456 -0.701906298572229   1.14527663128157 1776585378.24351
0.312046160770862  0.19699510790707 0.123013626960511 0.388988729154371 -0.702734309140274 -0.371189475962115   1.10435082987659 1776585378.26186
  0.551751129465781 -0.0997963690263582   0.132998947634441 0.576261524144619  -0.292559066811266 -0.0614998771348877   0.959862868272709 1776585378.2814
0.280411254261883 0.178263808870218 0.142190398029871 0.361422974313385 -0.307587853234925 0.0512025777519924  0.952570841584786 1776585378.30403
0.142735603429719 0.226270734590347 0.233062978996169 0.354810160504276  -0.364108991952351 -0.0116341367999158   0.941258136089353 1776585378.32227
-0.00617026095475646    0.291345535069086    0.191430781850305 0.34866321452766   -0.335255427894494 -0.00661593516505964    0.914260778489572 1776585378.34241
-0.0673192740121493   0.307922978844332   0.148430856306832 0.348396562350821  -0.305768735186389 -0.0637395025758571   0.917415665990424 1776585378.36159
0.0834175856912063  0.406259604489976  0.207605145513708 0.463794411659594  -0.386870960150333 -0.0953376827428507   0.890894587162116 1776585378.37974
 0.02940317400668 0.483778928655154 0.166522973670072 0.512480730576593 -0.332785212156328 -0.138155506599735  0.898789845193397 1776585378.40383
0.0347491136302249  0.527736726710214 0.0450800509882621 0.530797291453152 -0.529803095737531 -0.105587412384045  0.981866504620963 1776585378.42168
 0.122580853952261  0.230468625881548 0.0324035527672338 0.263043425128501 -0.457574705758621  0.152404171321284   0.99066086276197 1776585378.44171
0.0768107907140588  0.259863331423643 0.0669171369769773 0.279117809911709 -0.320407922046833  0.217370687650468  0.928464926896682 1776585378.46148
  -0.119411585323101    0.283713158557535 -0.00624320664405526 0.30788189403937 -0.244393650785999 0.0819154816153072  0.982181127603073 1776585378.47931
 -0.178974002901964   -0.12084536632264 -0.0734667733452248 0.228106692278337    -0.342546405401518 -9.46567962350716e-06     0.969389166366705 1776585378.50239
 0.623095896609514 -0.650744042620924  0.637177643402979 1.10349973023595  -1.17771098127139 -0.593369530573537   1.56865669563987 1776585378.52121
-1.36155522800392 -0.98936836333237 -0.40669625987608 1.73149768843766 -0.384543155231234  0.033829269223831  0.799461194569214 1776585378.54145
-0.634439329667827   -1.0641653624668 -0.787561594382969 1.46806486459233 0.285721886010869 0.846501948245903 0.629845179219759 1776585378.56235
-0.089900145619033 -0.267824740449173 -0.266523149019741 0.388389902987177 -0.280710057321732 -0.623796326552744   1.07311003543067 1776585378.58005
-0.574474893507364  -0.49045336385029 -0.338828305092882 0.827871080370898  -0.195234939026399 -0.0274387924050206   0.698303304261898 1776585378.60153
0.0905752056343275  0.234986885191069 0.0259709756613908 0.253174239732848 -0.366717951711736  0.108047037252844  0.706371705313542 1776585378.62061
  -0.17547214365579   0.189962485269549 -0.0745809940491973 0.269144094645059 -0.524554326200109  0.284436209898749  0.766759182916007 1776585378.64041
-0.0885283456895039  -0.228087834147258 -0.0702147280073962 0.254541619594242 -0.403627698581695  0.080292480125347  0.761035128909437 1776585378.66267
-0.281215206335224 0.0686684559381252 -0.155315407135756 0.328512137993156  -0.364206215606626 -0.0942208163486941   0.700309136173864 1776585378.68145
-0.452093727464503  0.217839311771603 -0.153739043109017 0.524860360040602  -0.260386025798749 -0.0688528349313283   0.715618772874397 1776585378.70213
  -0.124589310630869   -0.034543757039176 -0.00717604283754805 0.129488466917572  -0.467767284117132 -0.0899157676560868   0.884540085720405 1776585378.72143
0.0550497584800914  -0.18095270311942 0.0508592951637674 0.195859706370393 -0.381816336753147 0.0326132927710228  0.880719906452369 1776585378.7411
  0.190933529966703 -0.0344463399601283   0.112219861520976 0.224132685081809 -0.181406115581891 -0.181390093043075  0.837100749863904 1776585378.76205
   0.43880823072649 -0.0119187967045924   0.201897948220485 0.483174401809367 -0.348369576394336 -0.110519564641744  0.833054973712579 1776585378.78147
0.219690034117364 0.299123314633233 0.104193937718583 0.385480019073576 0.0315727751490813 0.0598205006364183  0.469012668006332 1776585378.80138
-0.407590076343513  0.824022055312321 0.0458496334039007 0.920458693727277  0.552699272787708 -0.713894457785448  0.259985086779628 1776585378.81973
2.47578814512929 2.25699327986416 1.06165786383384 3.5143510104648  -1.3529312181138  1.40776383671617 0.837631880659944 1776585378.8391
0.791190191469957   1.1261153986432 0.688609566141295 1.53892850539617  -1.03804686472434 -0.848506689047916   1.69738417712551 1776585378.86043
-0.405072508715397  0.227590416016203 0.0711720194589321 0.470049562422173 -0.891329714694142 0.0657019371020698   1.05520296481842 1776585378.87902
-0.195226642066085 -0.115071099629395  0.198565022402406 0.301301954630211 -0.692683256665857 -0.379758573035395  0.649447821315903 1776585378.8975
 0.195122774376681 -0.200000249000213  0.161395687434958 0.322678732802773 -0.281930627954248  0.137316175957559  0.439863238704993 1776585378.91724
 -0.109815013274191 -0.0822787948070486  -0.149435027716214 0.202879187507878 -0.20749996854842 0.199335754469076 0.547950004953121 1776585378.93517
-0.451277925127282 -0.427103780196594 -0.364655184417405 0.720446256349422 -0.339435405276857  0.220474014920436  0.581640085528239 1776585378.96062
-0.498324514682656 -0.425670707931714 -0.335360693459201 0.73619947585028 -0.385329260626389 0.0280750218549446  0.727916840997945 1776585378.97833
 -0.262158057477562 -0.0631974294418813  -0.220043075574563 0.348051314171895 -0.184693058776309 0.0868881233479284  0.743753482058417 1776585378.99661
-0.464856272478245  0.222699731588364 -0.247569063403869 0.571818997294219 -0.0497959449411237  0.0493787630123794    0.46044606968081 1776585379.0157
-0.557163439800097   1.05089024180031 -0.296811572595374 1.22592761147938 -0.850265224103561 -0.586480899583372  0.981718333555074 1776585379.03814
 3.42865716544608 -1.09780086644162  1.39446383054892 3.86074941886078  -1.52040321002146 -0.181293149082406  0.851585318980554 1776585379.06186
 1.08398440538078 -0.72623942332385 0.563675633063082 1.42132899443005 -1.14268155870442 0.204591159480189  0.34742584644014 1776585379.08048
 -1.46555902489664 0.0683780628494792  -1.13551967354726 1.85524762335056  -0.66085089881998 -0.133423014632723  0.692043186825251 1776585379.10366
-0.674568469085325  0.184890139812728  -0.83775345780602 1.09135596362966 -0.736025344992424 -0.376688302361852  0.573918379807214 1776585379.12129
 0.307392248659666  0.172246513319674 -0.354704817245427 0.499974362606666 -0.441122261723328 -0.163699572871787  0.434062289272425 1776585379.14191
 0.568547529990076  0.280298047732722 -0.318812111272671 0.709545242894862 -0.543101842590649 -0.502056718041088  0.729056398274136 1776585379.16144
0.866471083428595 0.292965515808609 -0.17484755363871 0.9312210257959  -0.65083594716173 -0.329233825286406  0.705174910497023 1776585379.17975
 0.818184294474902   0.18985378666805 -0.299250735550228 0.891639502694303 -0.548059237770504 -0.102702784206468   0.46036568374848 1776585379.20343
 0.690013396317739  0.587138204364545 -0.493224019334362 1.03156177293011 -1.02860713911137 0.792228800385788 0.842851690179972 1776585379.22002
 -1.21722345275567 -0.185084426781211  -1.52803465566887 1.96234020697239  -1.7764533940284 0.223260348308963  1.11132391232421 1776585379.24143
 0.618702055087291  0.139150176971536 -0.599288717567923 0.872526201167995 -0.963604810288741 -0.186595263219712  0.481595988873001 1776585379.26005
  0.643707015751993 -0.0176748849955506  -0.429997870191334 0.774318598547798 -0.806934309078889  0.207619637074981  0.450518685298706 1776585379.27966
 0.336864945851004 -0.059886072697131  -0.52561766784087 0.627166856739704 -0.814471121947016 0.0119381183966351  0.597375567694257 1776585379.30179
  0.327119440596195 -0.0172333979568073  -0.539449155672022 0.63111766729855 -0.750003152326721  0.119978285492061   0.60560360555304 1776585379.31952
  0.184955529879389 -0.0998386955729094  -0.654789779950649 0.687696131365071 -0.795537016712946 0.0854028521756485  0.721197442971561 1776585379.34122
 0.182321431393798 -0.109468676337846 -0.684001010247632 0.716297338724935  -0.783495862148923 -0.0178148204906404   0.735437800276454 1776585379.35971
 0.300082366241874 -0.164008986779387 -0.664692072102552 0.74750513375475  -0.813979829079266 -0.0107370303855118   0.805886648613034 1776585379.37944
 0.230029061924385 -0.302068678875405 -0.742620188817461 0.834052516887652 -0.670826361727998 0.0399906375265441  0.748153134011202 1776585379.40199
 0.287707336840166 -0.333389031592704 -0.807716523834785 0.919961814932409    -0.64737549515233 -0.00737728208438445    0.747917371818841 1776585379.41947
 0.298466134223607 -0.393636031438555 -0.815751378464148 0.953667483975016  -0.51274756610035 -0.215748508545798  0.752765144575786 1776585379.44027
   1.45163217901066   0.462760661276076 -0.0827845459345217 1.52585605278135   -0.652805906794712 -0.00439762626373652    0.894285516952595 1776585379.45965
 0.337544751400562  0.179219011859239 -0.635173308865284 0.741283377464208 -0.649212782596828  0.187844815318064   0.83803562691521 1776585379.47911
0.0660734490347354 0.0985723291801342 -0.765299854851256 0.774445655022156  -0.308921836932496 -0.0532963486480223   0.748801779880821 1776585379.50203
0.0325091152083158  0.184480142183989 -0.757447286365315 0.780266721739452  -0.384241325624065 -0.0595544341993135   0.712654029689086 1776585379.52155
 0.145239400839808  0.303556576368183 -0.846476437086838 0.910913517934555 -0.491919084455512 -0.130293128491733  0.749608462558936 1776585379.53977
 0.453612039206733  0.410216293284591 -0.890967016488733 1.08067734031036 -0.642767734907089 -0.270449964689704  0.848491900050639 1776585379.5631
 0.716507329744499  0.271206013604549 -0.853210715543383 1.1466926268669 -0.776496097387502 -0.284523950817371  0.877415323695723 1776585379.5791
0.789223733728966 0.311582985853563 -1.03099604226787 1.33525686597243 -0.548250099032736 -0.202681277747991  0.823195284179198 1776585379.60235
0.752097296664167 0.278544534038868 -1.13561854669456 1.39027583043407  -0.486622017762076 -0.0812353922760726   0.760141273366892 1776585379.62177
0.478907086454177 0.320987736638147 -1.37864662533199 1.49433986832561 -0.569856797085354 -0.130156265671344  0.817321723952784 1776585379.63993
0.768120331652595 0.130498307107318  -1.3302686787826 1.54163984438842 -0.814555810660765 -0.308587682692931   1.00778978461142 1776585379.66158
  0.550911291448675 -0.0666697950197251   -1.57449936520116 1.66942995169982 -0.443262811826152 -0.237001321354211  0.708439237954317 1776585379.67948
  1.23375815572336 0.0271818742934991  -1.31269434496161 1.80168379145681 -0.499477878891304 -0.323897844985242  0.654881111097744 1776585379.70399
  0.943590774662729 0.00738689562284689   -1.51211343003285 1.78238748355717 -0.483826779276148 0.0814888213055748  0.544489703110258 1776585379.72235
  1.11676115434994  0.187429200858487 -0.973201249785401 1.4931195041869 -0.583964528495363  0.106947532965303  0.644239971008265 1776585379.74349
 0.770141478209504  0.191513058978855 -0.668650422134886 1.03773240059243 -0.657544372410112  0.466591092148397  0.788586778407976 1776585379.76238
  0.545210890485982 -0.0678010551600174  -0.389297845740038 0.67335333286705 -0.443709128472885   1.00721572546013  0.745979378101621 1776585379.77992
 -0.215316867856418 -0.0987771744614138  -0.123830681501066 0.26730567045818 -0.915950379448814 -0.241809820523822   1.02948974830243 1776585379.80599
-0.652911608554454 -0.349847933348709 -0.186875841286262 0.763943535289079  -0.73333317251349 0.0511177877284013  0.895112449000528 1776585379.82377
 -0.531878559729405  -0.536634240275772 -0.0880843605867924 0.760677306560519 -0.559749603323113 -0.309007306181295  0.694646018896097 1776585379.84356
  0.300790974686041 -0.0676983105636415   0.212292336356081 0.374334486497401 -0.392475938017146 -0.226517077239777  0.676687063643519 1776585379.86199
0.537780371815845 0.103047411843852 0.247693626509543 0.600981389072535 -0.477027942565916 -0.111455257783431  0.774976032228358 1776585379.87961
 0.505361621139591 0.0672854483450794  0.212517759106619 0.55234183040535  -0.596163802032422 -0.0326747575884703   0.872129906249862 1776585379.90538
 0.554612705640429 0.0370536202697925  0.240006231097826 0.605451249068559 -0.593342068445746  0.111612137952137  0.829710216652906 1776585379.92347
 0.326985693353561 0.0057168989939597  0.237617255085998 0.404245329603967 -0.564665259751267  0.166112817663233  0.788568164033631 1776585379.94202
  0.119787288747719 0.00134406165445675   0.153402940172306 0.194636232754255 -0.564040913049322  0.208734768821074  0.789362189556624 1776585379.96143
 -0.117867698365087 -0.0553471182575649 -0.0522350173598123 0.140301799189746 -0.493589841521152 0.0471158920590974  0.786502917824603 1776585379.97916
-0.0880066229738662  0.0404853098821978  -0.168083308938333 0.194000579244447 -0.518362313598064 0.0151865995359175  0.786935086564367 1776585380.0038
-0.0711032603423154 0.00594861138638317  -0.260776241611279 0.270361439183988  -0.570141791965775 -0.0063661627828052   0.823143188988735 1776585380.02397
 -0.150449465255625 -0.0593517864194406  -0.411785966850702 0.442408587893646 -0.548533305314352 -0.101509524326071  0.831207828142373 1776585380.04163
 -0.092328194439292 -0.0654554986155544  -0.515186113083639 0.527470993422063 -0.411662465704038 -0.351202804771635  0.824937829667902 1776585380.0614
 0.598439784175233  0.312266586250156 -0.250832547365419 0.720109410430006 -0.473019195578676 -0.340828875900385  0.898528619567939 1776585380.0804
  0.346579794935246 -0.0803129731473611  -0.618214719868186 0.71327215547421  -0.60354485285754 -0.241302896265895  0.826829191138264 1776585380.10349
 0.473386255427598  -0.01861359384367 -0.703818550931112 0.848411200620496 -0.492871829064795 -0.193932658294468   0.76274734110559 1776585380.12401
 0.633025716394495 0.0768989638381813 -0.754712577817502 0.988041539294826 -0.533792673524903 -0.288941426987819   0.84784463559562 1776585380.14156
 0.737427685080475 0.0719488440078271 -0.892256521013141 1.15978356867464 -0.610249482145785 -0.264666608079536   0.86832934719751 1776585380.16145
 0.733663180630874 0.0716403238923854   -1.0521283807007 1.28466654354221 -0.523246945694562 -0.144323246831079  0.767832356709487 1776585380.18023
