 -0.204578399524 -0.0664552934162 0.00218019254068 0.215112484097  -6.9415898634 0.398569103563  6.03126441474   0.203614787761  -0.148216906985 -0.0180655918805 1776585315.72
 -0.197550042377 -0.0709762006644 0.00203375336014 0.209923263257 -6.88222679344 0.359588471764  6.25208995155    0.486590763785   -0.286457428941 -0.00649294700756 1776585315.74
 -0.186231289703 -0.0772562915013 0.00193537323732 0.201629297253 -6.78388182774  0.29351129649  6.58947908313   0.670361195861  -0.332939679064 -0.0128596363369 1776585315.76
 -0.172227281435 -0.0835529308708 0.00154798315331 0.191430731543  -6.6488243712 0.200737113805   7.0052745144   0.673624705388   -0.24618785101 -0.0291653909712 1776585315.78
  -0.156970729411  -0.0879500715839 0.000668502123298 0.17993185343 -6.48103070166 0.083099178794  7.45438388037   0.674767086793  -0.113735641026 -0.0503076739597 1776585315.8
   -0.141503472685   -0.0887315949629 -0.000742649249541 0.167024190626   -6.28686553015 -0.0554076370404    7.89176621331   0.799315132847   0.084282566222 -0.0846277066019 1776585315.82
  -0.126389136538  -0.0847254421223 -0.00256933232111 0.152181522684   -6.0756125839 -0.208149282189    8.2789930356  0.785957517995  0.348116766217 -0.101239978868 1776585315.84
  -0.111755618943  -0.0755556580843 -0.00457450022776 0.134977412504  -5.85957228587 -0.365803083967   8.58913833517  0.766376479131  0.608147872217 -0.102810074365 1776585315.86
 -0.0974405136635  -0.0617536470786 -0.00645281537621 0.115541358209  -5.65350351824 -0.516852252968   8.80916597368   0.680124638733    0.73459963791 -0.0790123677034 1776585315.88
 -0.0831919680402  -0.0447041840811 -0.00789283566155 0.0947716438368  -5.47334779847 -0.648656102911   8.93957998072   0.651238879131   0.805022548546 -0.0498394392266 1776585315.9
 -0.0688661793656  -0.0264317641925 -0.00863961478779 0.0742686458906   -5.3343894283 -0.749019688554   8.99171879229   0.717924466769   0.888824677258 -0.0163937102356 1776585315.92
 -0.0545650503515 -0.00926269677526 -0.00854652754036 0.0560016553721  -5.24919852103 -0.808062574358   8.98354624864  0.776603740155  0.854242574978 0.0285211008474 1776585315.94
 -0.0406747665198  0.00457800804586 -0.00760427322654 0.0416319560003  -5.22580705672 -0.820073862502   8.93501228567  0.771748469267  0.652257268303 0.0752187990203 1776585315.96
 -0.0277944586064   0.0133629561906 -0.00593732021399 0.0314062461733  -5.26654685901 -0.784977716364   8.86399887957  0.530336299288  0.255315444966 0.0845100499057 1776585315.98
 -0.0165755483986   0.0161798965197 -0.00376401916727 0.0234671194737 -5.36783963529 -0.70905046795  8.78358369357    0.457759828777 -0.00567995021299    0.104121975793 1776585316
-0.00751762636235   0.0131113583212 -0.00132515526777 0.0151716333871   -5.5210119224 -0.604634340661     8.700947644  0.430352327365 -0.298017036173  0.135379077505 1776585316.02
-0.000779048452022   0.00524089190271    0.0012052012937 0.00543381768049  -5.71396560441 -0.488766839139   8.61784104992  0.280700082339 -0.456327496219  0.125666092179 1776585316.04
 0.00394245905341 -0.00551903195396  0.00380538882841 0.00777712551217  -5.93332149973 -0.380855196225   8.53220583611 0.219343035583  -0.5882802917 0.146028749479 1776585316.06
0.00742019903217 -0.0167495747146 0.00666389230525 0.0194939751578   -6.1665166169 -0.299730761112   8.44038655032 0.173524118886 -0.51780285005 0.161803791907 1776585316.08
 0.0107861530895 -0.0259408862731  0.0101868397345 0.029883814731  -6.40331338641 -0.260577121701   8.33935816804  0.170431455825 -0.306106549581  0.178786531921 1776585316.1
 0.0153108391822 -0.0309217040238  0.0149413559942 0.0376007672148  -6.6362959952 -0.27230045063  8.22851695607  0.277609947953 -0.104794485742   0.27802341758 1776585316.12
 0.0221170997829 -0.0302181851972  0.0215346626325 0.043197760522  -6.86018392982 -0.335872909779    8.1107601514 0.458237557663 0.211526001285 0.428546759465 1776585316.14
 0.0318892273844 -0.0232689917886  0.0304455730153 0.0498528005057 -7.07014476099 -0.44401966943  7.99275901507 0.621209620038 0.544948159519 0.559902185383 1776585316.16
 0.0446466833709 -0.0104543973951  0.0418407922864 0.0620747344744  -7.25964927984 -0.582355176064   7.88446748145 0.664330281447 0.725916416422 0.597744599386 1776585316.18
  0.059643992866 0.00705875400252  0.0554184842872 0.0817217247356  -7.41866358853 -0.731757422364   7.79799519956 0.669677488922 0.827922214854 0.619511636408 1776585316.2
0.0754341277613 0.0276081171302  0.070321934882 0.106759965756  -7.53300490459 -0.871481445448   7.74602348329 0.755241138835    1.049647772 0.737523376207 1776585316.22
0.0900950747884 0.0493802175077 0.0851551916696 0.133442628311  -7.58544763841 -0.982342292911   7.73997696327 0.702700743586  1.15867813874 0.746989036607 1776585316.24
 0.101576587638   0.07071422884 0.0981120448198 0.157937578351 -7.55868780368 -1.04930355451  7.78819406504 0.461316988605  1.04881340993 0.565311164643 1776585316.26
 0.108088322953 0.0902882274652  0.107204637771 0.176996847252 -7.43967642601  -1.0629965241  7.89436005971 0.168778088723  0.89682187501 0.306259452225 1776585316.28
0.108433937905 0.107151551782 0.110555178597 0.188313094216  -7.2242901011 -1.02001253731  8.05645939316    -0.1364518455   0.703604239551 -0.0117067383681 1776585316.3
0.102206256244 0.120618686233 0.106699992225 0.190735090177 -6.92099887259 -0.92215922388   8.2664516806 -0.461713683725  0.568182463832  -0.38898554824 1776585316.32
0.0897961034057  0.130087174224 0.0948531352605 0.184345139218  -6.55224982245 -0.775142722677   8.51077327968 -0.800179440467  0.380317121985 -0.843661433586 1776585316.34
0.0722223060777  0.134869751752 0.0750867051261 0.170422782279 -6.15274587598   -0.587248866  8.77162840907 -1.06226747594 0.110246605026 -1.26681250709 1776585316.36
0.0508458265713  0.134129598456 0.0484027835685 0.151389817091  -5.76457835674 -0.368510375265   9.02889273946  -1.13071691293 -0.197683954589  -1.46228381263 1776585316.38
0.0270678082719   0.12697536228 0.0166912832004 0.130896935814  -5.43006833146 -0.130583991243   9.26234686395  -1.04132464966 -0.457567173901  -1.40648388973 1776585316.4
0.00211417346902   0.112716483154   -0.01741750123 0.114073856134 -5.18391581989 0.112802984711   9.4539145923  -1.18708393682 -0.847410164809  -1.59911556412 1776585316.43
-0.0230263898512  0.0912151844432 -0.0507903913523 0.106911591309 -5.04659001322 0.345321467071  9.58960448847 -1.37014128705 -1.36663157253 -1.73083024278 1776585316.44
-0.0475085249216   0.063220896841 -0.0801033482405 0.112563262821 -5.02066951698 0.548093874545  9.66092102011 -1.32849303195 -1.69936870382 -1.44058246234 1776585316.46
-0.0704467328397  0.0305564945885  -0.102211748352 0.127842414834 -5.09109318128 0.700917647266  9.66559430031  -1.07815871271  -1.67457422817 -0.858921676516 1776585316.48
 -0.0907528196599 -0.00394526397583    -0.11455417788 0.146199517968 -5.22923209272 0.784873043925   9.6075573469 -0.783957487368   -1.4402709053 -0.285193199429 1776585316.5
 -0.107102780325 -0.0367872575247  -0.115546725859 0.161787990056 -5.39967769548 0.785970053071  9.49618120813 -0.647466453182  -1.43127711387  0.228568666289 1776585316.53
 -0.118091398089 -0.0643794091563  -0.104903110433 0.170572416306 -5.56797941138 0.698944616816   9.3448750239 -0.391662817503  -1.18926224352  0.804628692234 1776585316.54
 -0.122553944514 -0.0837038535527 -0.0838039882826 0.170437416278 -5.70744006992 0.530013117229  9.16926931969 -0.0528806338792  -0.807427845996    1.41676293902 1776585316.57
 -0.119959661298 -0.0929056885893 -0.0548491326202 0.161338819446 -5.80347836853 0.297491228775  8.98529580454  0.304292097069 -0.204906402648   1.59825185131 1776585316.58
 -0.110741969633  -0.091657886222 -0.0217632356524 0.145391163318  -5.85481768329 0.0296837807185    8.8075061611 0.507060916776 0.252126310838  1.42220780348 1776585316.6
-0.0964403407679 -0.0812111577697  0.0111180127141 0.126568565135 -5.87160306553  -0.2397978312  8.64790174022 0.782456893809 0.691402037158  1.53832815871 1776585316.63
-0.0795819589539 -0.0641239798412   0.039498058397 0.109568561179  -5.87124571041 -0.478382179143   8.51538827659 0.922517455554  1.04307398537  1.35494064974 1776585316.64
-0.0633055811798 -0.0437462778048  0.0597844443515 0.0974449240172  -5.87319748065 -0.661122965754   8.41578454201 0.816232496049  1.14976165236 0.854826325051 1776585316.66
-0.0507996860433 -0.0235806863303  0.0696412402697 0.0893675512488  -5.89392622671 -0.775958992817   8.35217568718 0.466021897593 0.927620012227 0.213693264803 1776585316.68
 -0.0446736117157 -0.00665920564923   0.0683280909163 0.0819072927881  -5.94314287946 -0.826344725848    8.3253589392 0.0938353189686  0.607918451359  -0.27422242778 1776585316.7
-0.0463965020733 0.00494563840025  0.0567734649854 0.0734868768575  -6.02192343764 -0.830521798699   8.33418261045 -0.251668177704  0.381461005682 -0.692092219933 1776585316.73
-0.0559257960344  0.0103960676296   0.037384372504 0.0680688195267  -6.12289172511 -0.817446587726   8.37569251178 -0.677012406902  0.138942029164  -1.15812197935 1776585316.75
-0.0716104002689   0.010120241026  0.0136416561919 0.0735973062602   -6.2321922427 -0.820136673738   8.44512306249 -0.788726699246 -0.109375936344  -1.09411598139 1776585316.76
-0.0904012228703 0.00561522010073 -0.0104396906377 0.0911751004049  -6.33266692954 -0.867790132282   8.53586192866 -0.968282289941 -0.291168674051  -1.17399644126 1776585316.79
   -0.108342668602 -0.000925386862232   -0.0308944803776 0.112665252401  -6.40749391215 -0.978340809835   8.63955293001 -0.848812244326 -0.349219560474  -0.93265474371 1776585316.8
  -0.121263652894 -0.00708224546947  -0.0443505960895 0.129313599778 -6.44354856569 -1.15307256513  8.74647695856 -0.391691814875   -0.2223884059 -0.400029958725 1776585316.83
 -0.125546162377 -0.0106929066601 -0.0484641937166 0.134999834122  -6.4338776157 -1.37453201302  8.84627588096 0.0653837537262 -0.085497542527 0.0577385538475 1776585316.85
 -0.118831129532 -0.0102630779809  -0.042202503129 0.126519640316 -6.37889387383  -1.6083324615  8.92898347763 0.693377596676 0.151168431358 0.623922632964 1776585316.86
  -0.100528352844 -0.00523858704956  -0.0259523939854 0.103956333494 -6.28615995659 -1.80866624298  8.98622977513  1.16144423917 0.351591708338  1.01125207111 1776585316.88
 -0.0720272669141  0.00390535943485 -0.00145108225834 0.0721476586671 -6.16889286484 -1.92659515773  9.01241669008  1.42567294947 0.468167146755  1.21236786668 1776585316.9
-0.0365531120148  0.0157698118074  0.0284510554688 0.0489313756163 -6.04354581506 -1.91961205565  9.00563888817  1.63656181015 0.544488727482  1.37485439001 1776585316.93
0.00132784046692  0.0283108104386  0.0601735938077 0.0665141078248 -5.92696849979 -1.76066373307  8.96814660663  1.95573781975 0.628394425207  1.64534781125 1776585316.95
0.0364861163826 0.0392379083399 0.0898984199187 0.10465455577 -5.83368295507 -1.44484987763  8.90621067447  1.92850021172 0.556932005746  1.65561329913 1776585316.96
0.0641604812179  0.046456262758  0.114115281247 0.138913819016  -5.77373656315 -0.992370534364   8.82934463147   1.1553199138 0.240257201352  1.04767731478 1776585316.98
0.0808665772436 0.0484671488246  0.130143897823 0.160704393129  -5.75143542442 -0.446944814409   8.74895324173    0.46574849469 -0.0402048587944   0.499107478582 1776585317
0.0850894394634 0.0446496099817  0.136543264801 0.166966653983 -5.76506960241 0.130227002903  8.67659402877 -0.0784020685949  -0.313706237527  0.0761721277611 1776585317.03
0.0775932383912  0.035369703388  0.133324135153 0.158262603214 -5.80756405462 0.669988514499  8.62213457578 -0.673870125114 -0.643222825552 -0.413732698671 1776585317.04
 0.061254738688 0.0218989003011  0.121909591774 0.138179786556 -5.86785572858  1.10651817135   8.5921367614  -1.10327274023 -0.867161572751 -0.845769560544 1776585317.06
 0.0404334760058 0.00616249394816   0.104837438476 0.112533243177 -5.93272089041  1.38824612274  8.58878150103  -1.04484878153 -0.798515142082 -0.928452979953 1776585317.08
 0.0200046373877 -0.0096260735354  0.0852547378342 0.0880977703004 -5.98875864314  1.48628800155  8.60956206036 -0.760584709931 -0.621019680509 -0.810408605169 1776585317.1
0.00426860787976 -0.0233662285676  0.0663035053701 0.0704297982041 -6.02426956398  1.39877084207  8.64783599228 -0.580286488456 -0.575002849886 -0.839197253076 1776585317.13
-0.00401089649159  -0.0334229405948   0.0505240135047 0.0607112525756 -6.03083451832  1.15025380464  8.69416220408 -0.228988607554 -0.418438011112 -0.726459123224 1776585317.14
-0.00421127280869  -0.0388617785325   0.0394013517836 0.0555017042238 -6.00447075444 0.786434241741  8.73819191677  0.161838611403 -0.162954306343 -0.463737888733 1776585317.16
0.00205166942215  -0.039527301072   0.033152129918 0.0516302294741 -5.94629381921 0.365270168573  8.77076078404  0.394764886633 0.0734367344861 -0.218017341415 1776585317.18
 0.0113667862557 -0.0359638465581  0.0307980358945 0.0486941588283   -5.86263286652 -0.0536498180074    8.78577031499   0.357825077251   0.212510022705 -0.0543969022329 1776585317.2
 0.0194177246485 -0.0292137120446  0.0305121259932 0.0464917071592 -5.76454421668 -0.41934566691  8.78146732056   0.243923531916   0.349602755447 -0.0143645151904 1776585317.23
 0.0221196962032 -0.0205522668832    0.03016480327 0.0426801123532  -5.66667153147 -0.697295535129   8.76083274124 -0.0753635290715   0.506228707113 -0.0720713100564 1776585317.25
 0.0167400157167 -0.0112271189636  0.0279513914703 0.034460943277  -5.58544075549 -0.873469565569   8.73095922941 -0.542398845914  0.511918223952 -0.201576820775 1776585317.26
 0.00273648549255 -0.00225831423893   0.0229612370735 0.0232337414981  -5.53667016961 -0.953989835428   8.70149718029 -0.916835773438   0.44722498583 -0.328170733518 1776585317.28
-0.0178945849518 0.00566735575259  0.0155543377821 0.0243777052994   -5.5328139288 -0.960822568619   8.68244130854 -0.927224578766  0.307595305614 -0.329970513443 1776585317.3
-0.040862902123 0.0122052442832 0.0074455651999 0.0432918144581  -5.58021252798 -0.924748382477   8.68167760352 -0.948557598435  0.259427672133 -0.314734250494 1776585317.33
-0.0603922677878  0.0172903451708 0.00145347940813 0.0628354569258  -5.67685183386 -0.877385543224   8.70278689102 -0.813209142212  0.243124756505 -0.178872217776 1776585317.35
   -0.07043566653   0.0210465998121 0.000940785948586 0.0735188925472 -5.81118511921 -0.84414745386  8.74359103149 -0.159194510713  0.180898759927  0.213757817776 1776585317.37
-0.0660448953705  0.0237136402672 0.00904352338237 0.0707534469435  -5.96250947501 -0.839681679129   8.79582619735 0.687709009912 0.121818713688 0.716043513648 1776585317.38
-0.0445994230131  0.0256231545851  0.0278415162294 0.0584876449341  -6.10318993278 -0.866645998222   8.84614108806   1.29105450978 0.0764441897945   1.05601542094 1776585317.4
-0.00661975344122   0.0272322421495   0.0576501978439 0.0641011814209  -6.20270421711 -0.917795121452   8.87836756354   2.00414246743 0.0807270761162   1.55494374391 1776585317.43
0.0440284764295 0.0291930959943 0.0966047903048 0.110105536193  -6.23308605681 -0.980499039275   8.87673635418  2.91996569785 0.141172674679  2.26048069825 1776585317.45
0.100608458107 0.032416444634 0.140660523168 0.175949624902 -6.17495292756 -1.04220958283   8.8294665483  2.98844259026 0.240154921718   2.3637156128 1776585317.47
 0.154590700566 0.0380780122944  0.184054238465 0.243360190702 -6.02300841111 -1.09519699214  8.73200509971  2.22338397234 0.348043330197  1.83161937165 1776585317.48
  0.19713417749 0.0475263551314  0.220178222172 0.299331067357 -5.78979915521 -1.13914905351  8.58918073175  1.49918950561 0.544339902944  1.33087311426 1776585317.51
  0.22068250858 0.0620752509528  0.242725814027 0.333871123593 -5.50664347721 -1.18089043982  8.41568623389 0.616667855277 0.933721930742 0.709390708533 1776585317.53
  0.22036310998 0.0826982284634   0.24689988236 0.341113542886 -5.22104696009 -1.23135488865  8.23459728262 -0.695786358046   1.28555670855 -0.331648526153 1776585317.55
0.194918381977  0.10967785973 0.230445270557 0.321134599926 -4.99053433619 -1.30077938486  8.07402090339 -2.04638059698   1.6620693293 -1.46755335166 1776585317.57
0.146993924581 0.142288645293 0.194283475569 0.28213355228 -4.87355334171 -1.39364647803  7.96236417486 -3.18574783806  1.95732086516 -2.49487560549 1776585317.58
0.082737144592 0.178601920194 0.142592042124 0.243056724798 -4.91880235025 -1.50501633258  7.92303988018  -2.9480771972   1.5844382834 -2.42446247358 1776585317.6
0.0107926489843  0.215489752615 0.0822732195782 0.230913831144  -5.1548476191 -1.61952972076  7.96961046317 -2.97711088678    1.474861904   -2.533584838 1776585317.63
-0.0591082873325   0.248872202947  0.0218785553478 0.256729106677 -5.58209908271 -1.71362775364  8.10237097656 -3.51062015626  1.60415706805 -3.06275523495 1776585317.65
 -0.117698956128   0.274203229821 -0.0298261585055 0.299883402757 -6.16902416447 -1.76062589973  8.30717210268 -2.85057246766  1.10748845836 -2.52584583149 1776585317.66
 -0.157590670584   0.287134027209 -0.0653850803013 0.33399996671 -6.85387803176 -1.73744375347  8.55690393029 -1.52430054178 0.270262523587 -1.34996651123 1776585317.68
  -0.17431204135   0.284240879786 -0.0799644134307 0.342887551416 -7.55227148601 -1.63125330563  8.81555323736 -0.190066365179 -0.482979570703 -0.140039030175 1776585317.7
-0.166823945593  0.263671258318 -0.072188066597 0.320255957392 -8.16972240243  -1.4442180837  9.04420067808 0.772453753238 -1.23033681998 0.747078989714 1776585317.73
 -0.137469367729   0.225559181741 -0.0443320053143 0.2678434211 -8.61716234367 -1.19489056024  9.20785523823  1.98942697594 -2.41619069463  1.85582765164 1776585317.75
 -0.0914237722486    0.172096548912 -0.00185136747594 0.194881902292 -8.82647606086 -0.91562519313  9.28175386587  2.97605943813 -3.46374418461  2.69205146806 1776585317.77
-0.0357918685724    0.10721986301  0.0476423206576 0.122666000169  -8.76282713881 -0.646353078099   9.25578440147  3.43181264952 -4.13834020928  2.96635729538 1776585317.78
0.0214643711131 0.0359674560577 0.0957258029065 0.104488307789   -8.4309754692 -0.426001848541   9.13605966671  2.32266051307 -3.07675273774  1.86255451478 1776585317.8
 0.0725866691622 -0.0363456562772   0.134551678967 0.157143200881  -7.87403165985 -0.283492808517   8.94331993785  1.92441795646 -3.03075033258  1.33990167926 1776585317.83
 0.110930473376 -0.104931987474  0.158017770333 0.219740546235  -7.16485627763 -0.230436720722   8.70859925292  1.70295440055 -3.74220449592 0.806877092186 1776585317.85
 0.131640879742 -0.166115973241  0.162532163764 0.26709650324  -6.39210138898 -0.257319452547   8.46722446424  0.630603341509   -3.3608142083 -0.319983199823 1776585317.87
0.132064979201 -0.21756879541   0.1472936172 0.294062491888  -5.64415387427 -0.334186668051   8.25252601109 -0.590231543083  -2.75357960595  -1.44825532679 1776585317.88
  0.11190769187 -0.258176291469  0.114112700615 0.303644590628 -4.99459007948 -0.41579312298    8.090553307 -1.38797021508 -1.65089218382 -1.89458685831 1776585317.9
0.0731543152076 -0.287638854315 0.0668802418961 0.304237787103 -4.49212668324 -0.45014658335  7.99668414718  -1.81483125255 -0.941785324593  -2.03463319191 1776585317.92
0.0197863690019 -0.305981568041  0.010834172141 0.306811994004  -4.15670978845 -0.388619661863   7.97447490787 -3.07056974317 -0.67676931608 -3.05102175696 1776585317.95
-0.0426806454326  -0.313169473597 -0.0482172854977 0.319721227491  -3.98176681575 -0.195510497146   8.01660260104   -4.16237114174 -0.0976230814424   -3.76532699513 1776585317.96
-0.107801800711 -0.308973985069 -0.104583498057 0.343546008203 -3.94121075049 0.144847129245  8.10741784545 -3.16599435275 0.502382281873 -2.63340446349 1776585317.98
-0.168903631575 -0.293140318539 -0.153206788973 0.371391980662 -3.99887179851  0.62468153006  8.22648040677 -2.61583580752  1.00827130725 -1.99409689682 1776585318
-0.219827420916 -0.265793821312 -0.189982566673 0.393781444553 -4.11779767386  1.21346802602  8.35243710979 -1.65964091927   1.2475191237  -1.1232054199 1776585318.02
-0.255655329692 -0.227930789683 -0.211918270704 0.40276723544 -4.26729006509  1.86219655433  8.46665870489  -1.32683415494   2.08232008423 -0.674739789136 1776585318.05
-0.273349309332 -0.181797111715 -0.217200246871 0.39363178477 -4.4264542514 2.51004941529 8.55613535247 -0.599615890913   3.51115515455  0.241895896167 1776585318.06
-0.272211763265  -0.13098171285  -0.20523910593 0.365210273355 -4.58414075316  3.09202577187  8.61523410814 0.496636429182  2.61672924112  1.04158662133 1776585318.08
 -0.254054594546 -0.0801351283923  -0.176733789714 0.319687672954 -4.73612535757  3.54618493221  8.64606340027 1.11632405313 2.19074594813  1.6205631013 1776585318.1
 -0.222965851851 -0.0343383765452   -0.13374901602 0.262262644083 -4.88095354586   3.8196466403  8.65738657688 1.51639930938 1.78816229865 2.11772986458 1776585318.13
 -0.184618012228 0.00174559911716 -0.0797620203665 0.201118963423 -5.01597792723  3.87306997724   8.6622758677 2.00861183034 1.52539637378 2.94688854142 1776585318.15
 -0.145172983197  0.0247397180667 -0.0196170021693 0.148566737443 -5.13482040164  3.68379331938  8.67495982617  2.14595632782 0.905228959211  3.46236208594 1776585318.16
-0.109974945197 0.0332322910899    0.0406697526 0.121872484666 -5.22695400654   3.2479967006  8.70751662511    1.6770949452 0.0897989149742   3.03985066146 1776585318.18
-0.0823288652115   0.028104663876  0.0942923111784 0.128292455452 -5.27947344775  2.58212096329  8.76712212702   1.09526189332 -0.481972053276   2.16730350643 1776585318.2
-0.0626899050286  0.0124244203531   0.134237358653 0.148674338309 -5.28052564866  1.72344520838  8.85443577935 0.748716888859 -0.82341316281  1.32312987666 1776585318.23
 -0.0485158766709 -0.00908170156142    0.154046506687 0.161760915597 -5.22341067306 0.729359471094  8.96342882709 0.724937779334 -1.12852143564 0.376936325304 1776585318.25
-0.0348777488703 -0.0308711772703   0.148698478269 0.155822733873  -5.11014410082 -0.325339596398   9.08261513776 0.934023075643 -1.09660943834 -1.09795392199 1776585318.26
-0.0157274513125   -0.04757764203   0.115503368774 0.125904777288 -4.95336082144  -1.3537175513  9.19733764718   1.18308057356 -0.577635694169  -2.25046405702 1776585318.28
  0.014455730352 -0.0549581068954  0.0548559925768 0.0789844388163 -4.77582642267 -2.26470349833  9.29256987328     1.5672573032 -0.0637181037683   -3.03636747665 1776585318.31
 0.0590298623257  -0.050616960627 -0.0293296942525 0.0831073541526 -4.60741298314 -2.97331380817   9.3556430042  2.86685789806 0.569991021623 -5.11045799138 1776585318.33
  0.117970233443 -0.0343772691045  -0.129668856005 0.178641498055 -4.48004429041 -3.41182949171  9.37839145546  4.33402056586  1.43089186665 -6.97642774279 1776585318.34
   0.187381557999 -0.00824120476287   -0.235936081306 0.301406038751 -4.42165957377 -3.54005448734  9.35838088655  4.20033617249   1.7289073785 -6.11451872428 1776585318.36
 0.259892049719 0.0240394064312 -0.336267463203 0.425673087448 -4.45054470109 -3.35255781105  9.29908962423   3.6253770896  1.72592526857 -4.78678388833 1776585318.38
 0.325871470372  0.057689382125 -0.418791895987 0.533766739462 -4.57135046689 -2.88109783764  9.20911060632   2.8649181218  1.58362876624 -3.40730756276 1776585318.4
  0.37521952849 0.0877884928467 -0.473428866743 0.610435423204 -4.77375669565 -2.19123686822  9.10059503539  1.71805354203  1.22649140337 -1.74756929891 1776585318.42
 0.399335669607  0.110134318568 -0.493518192934 0.644328139928 -5.03413675783 -1.37331318876  8.98725605607   0.384564515606   0.745202327709 -0.0768316119208 1776585318.44
 0.392839265183  0.121931707483 -0.476949089532 0.62981780188  -5.31988565762 -0.529162850931   8.88228819294 -1.05969207351 0.286007803659  1.58908956525 1776585318.46
  0.35466937423  0.122189621573 -0.426537656156 0.568027323952 -5.59547135969 0.243041603078  8.79653967191  -2.60707128494 -0.253606410406   3.17840103011 1776585318.48
 0.288338962257  0.111766298173 -0.349547943124 0.466706360686 -5.82889770394 0.863000530987  8.73720670088  -3.68419170513 -0.699467678243   4.08660640089 1776585318.5
  0.20131217504 0.0930737631587 -0.256429648215 0.339036106767 -5.99720796833  1.27888053907  8.70721119829  -4.02359229813 -0.920469766597   4.15130042046 1776585318.52
 0.103666199832 0.0695190519484 -0.159013699221 0.202150775688  -6.089914113 1.47241037147 8.70529240584 -4.45286095497 -1.10233186885  4.29155112439 1776585318.55
0.00634429579268  0.0448083201392 -0.0685246967998 0.0821198496973 -6.10973898871  1.45781011839   8.7267125504 -5.25295943652 -1.34699813205  4.70890737143 1776585318.57
 -0.080628677211  0.0222609571307 0.00619365018202 0.0838742815394 -6.07068336932  1.27522440616  8.76437666254 -4.62198395377 -1.20134610139  3.80575649614 1776585318.58
 -0.149621479915 0.00426969463328  0.0598980259987 0.16122217919 -5.99402530571 0.980452888965  8.81012170501  -2.70405336432 -0.707257469246    1.9916255602 1776585318.6
  -0.196314317499 -0.00799714881402   0.0913999856726 0.216696153692 -5.90328224369 0.633393476704   8.8559482339 -1.53268712176 -0.41152494054 0.944141117656 1776585318.63
 -0.219951152926 -0.0146137513702   0.103221373039 0.243406497971 -5.81931733452 0.287608650724  8.89503383641  -0.66068054791 -0.214803376396  0.227876894845 1776585318.65
 -0.222961725099 -0.0166608716116   0.100591006233 0.245169463917   -5.75662557006 -0.0171395176326    8.92245036701   0.281272961044 -0.0342967329475  -0.376108360352 1776585318.67
  -0.21010302093 -0.0158145733469  0.0900527955708 0.229135082701   -5.7214522218 -0.258443476136    8.9355755041   1.01885565359 0.0798407359807 -0.645739928243 1776585318.68
 -0.187336912322 -0.0138691991492  0.0780123769977 0.203404533794  -5.71189952238 -0.430913864928   8.93422707633   1.19249778539 0.0846120170063 -0.495230976215 1776585318.7
 -0.160675949717 -0.0123075444524  0.0695262863998 0.175505387292  -5.71971167563 -0.542754949852   8.92055819513   1.00286249965 0.0357872383903  -0.20127045219 1776585318.72
 -0.135200210586 -0.0120086962641  0.0675487515878 0.151611805509  -5.73310775423 -0.610514811517   8.89874599341    1.11079956532 -0.0200677757545  0.0767694473827 1776585318.75
 -0.114388308853 -0.0131437799228  0.0727253123273 0.13618522389  -5.73990973111 -0.653384060568   8.87450044232   1.15121391027 -0.105931058384  0.525498236134 1776585318.77
-0.0998308073831 -0.0152632767398  0.0836939343645 0.131163380442  -5.73027611921 -0.688234796789   8.85441954965  0.667562878558 -0.127146686386  0.724233907122 1776585318.78
-0.0913191097987 -0.0175376315157  0.0977529115271 0.13491619638  -5.6985426537 -0.72622066893   8.8452245781   0.321162003055 -0.0974405475422   0.714337327512 1776585318.8
-0.0872397803296 -0.0190833941838    0.11169924175 0.143009355683  -5.64391778493 -0.771312898846   8.85292330688   0.122775982112 -0.0350174471201   0.496179965422 1776585318.82
-0.0851619629563 -0.0192937369058   0.122636059312 0.15054704003 -5.57002160581 -0.82072315787  8.88197038457  0.112539346634 0.0234160324318  0.399970535532 1776585318.85
-0.0824884902556 -0.0180947945003   0.128585567219 0.153837643994  -5.48345567826 -0.866829553946   8.93451883311 0.254260310367 0.101168880101 0.193463461772 1776585318.87
-0.0770487735217 -0.0160655402284   0.128809282776 0.150951801624  -5.39173485271 -0.900011709689   9.00987792506  0.372251133505 0.0923618271168 -0.118855608356 1776585318.88
-0.0675384630433 -0.0143854388946   0.123812191346 0.141766863436  -5.30100128452 -0.911722139658    9.1042976015  0.590961371359 0.0369908568716  -0.34833748934 1776585318.91
-0.0537489147084 -0.0146071001606   0.115075365951 0.127846208611  -5.21397899998 -0.897160685498   9.21117635384   0.761852107948 -0.0959656929577  -0.472361942922 1776585318.92
-0.0365698028926 -0.0182863652035   0.104611067761 0.112317483653  -5.12861348018 -0.857050829955   9.32173263368  0.725817847507 -0.240714956867 -0.416062557051 1776585318.95
-0.0177837341442 -0.0265348268181  0.0944589467744 0.0997138448768  -5.03776769587 -0.798209413621   9.42609460444  0.960114651102 -0.554589082777 -0.478369830519 1776585318.97
0.000301283990181  -0.0395841364976   0.0862403288467 0.0948914588037  -4.93020565655 -0.732821601287   9.51466601006   1.07449476861 -0.971452245483 -0.441346036997 1776585318.98
 0.0153177334752 -0.0564619106784   0.080862601795 0.0998065162468  -4.79288670584 -0.676549845267   9.57954236144  0.632978502253 -0.892448176443  -0.19768518638 1776585319
 0.0253289853185 -0.0748711586184  0.0784239404795 0.111344341259  -4.61433508299 -0.645791920091   9.61570889153   0.306679656988  -0.766752761922 -0.0559140407528 1776585319.02
 0.0292669174737 -0.0913373095308  0.0783193772127 0.123826416478  -4.38857688967 -0.654537387554   9.62176953364 0.0409416247304 -0.572780574649 0.0230920384834 1776585319.05
0.0272424917399 -0.101641452052 0.0795032030689 0.131885925821  -4.11890611483 -0.711340360953   9.60003731458 -0.234762567674 -0.277425350668 0.0685185369784 1776585319.07
0.0206656255074 -0.101501691628 0.0808297771776 0.131389171394  -3.82061802452 -0.816924547046   9.55594350206 -0.481680461767  0.453733390893 0.0598814983388 1776585319.08
 0.0121304893758 -0.0874062471388  0.0813818953064 0.120041716478  -3.52189076192 -0.962867950676   9.49686336663  -0.39623729931   1.11785757154 -0.003164908402 1776585319.1
0.00505232448494 -0.0574537264439  0.0807050673947 0.0991955874431 -3.26223408259 -1.13168802544  9.43057569051  -0.196094341035    1.63334264371 -0.0539063926575 1776585319.12
0.00308102211136 -0.0120298711158  0.0788941940646 0.0798655392107 -3.08833815444 -1.29847311233  9.36364613027   0.10008194049   2.39925988725 -0.097239961469 1776585319.15
0.00936126274445  0.0458442579079  0.0765184879951 0.0896906250862 -3.04767253759 -1.43399199238  9.30004226387  0.627307543665    3.3935498752 -0.124052090258 1776585319.17
0.0257523435049   0.11061533005 0.0744108671284 0.135778906996 -3.18069879592 -1.50897275744  9.24025537577    1.23773526639    3.72984815599 -0.0907867907003 1776585319.18
0.0521541710435  0.174798368243 0.0733796658942 0.196619181324 -3.51295932091 -1.49899822466  9.18113063188   1.43610174253   2.84157083862 -0.011759641242 1776585319.2
0.0860995115267  0.230022435944 0.0739167092112 0.256490013106 -4.04850035937 -1.38925823935  9.11650012863   1.32583240132   1.75709769457 0.0487287943624 1776585319.23
 0.122757057759  0.268366883657 0.0759745591437 0.304733019396 -4.76602031925 -1.17828518639  9.03857544611  1.66841400432  1.29284356853 0.119169290185 1776585319.25
 0.155437892897  0.283752313645 0.0788693202952 0.333011536934  -5.61878386871 -0.879834906017   8.93989605446  1.81350320059  0.15981189919 0.180633650344 1776585319.27
 0.176607367518  0.273112351033 0.0813383092715 0.335255781611  -6.53873690183 -0.522297340325   8.81547328153  0.699352805417  -1.36846831707 0.0844568932204 1776585319.28
 0.179283361431  0.237092361841 0.0817490030164 0.308282680707   -7.4444869541 -0.145424839608   8.66466357069  -0.477120103703   -2.46088535022 -0.0771629989316 1776585319.3
 0.158574240048  0.180101264589 0.0784218733785 0.25245246154 -8.25202165613 0.205306300294  8.49230144142   -1.4411853226  -2.77118440994 -0.255491577847 1776585319.32
 0.113015632312  0.109669403157 0.0700011407481 0.172337084929 -8.88639460371 0.485843030436   8.3087502106  -2.11954342596  -2.71228227529 -0.423631147131 1776585319.35
0.0453496045923 0.0352129041473 0.0557917721906 0.0800578359646 -9.29227760999 0.660938536103   8.1287702753  -3.94201526454  -3.75074032596 -0.890780670422 1776585319.38
-0.0375191507905 -0.0335611131024  0.0359846628769 0.0618783560793 -9.44138330107 0.710344289622   7.9693988903 -6.54559963894 -4.73246075524 -1.68894802106 1776585319.39
 -0.125468175826 -0.0882881479667  0.0117160009683 0.153864631723 -9.33533859214 0.632559970811  7.84729529782 -4.99412596123 -2.64627490736 -1.50532593714 1776585319.4
 -0.206849900588  -0.123285665048 -0.0150548927137 0.241273468028 -9.00354357294 0.445359900921  7.77614802252 -3.02782366197 -1.00247693978 -1.11714817404 1776585319.42
 -0.270578054744  -0.136332328735 -0.0418238528566 0.305856538651 -8.49665198868 0.182952809655  7.76471696906  -2.11603252566 -0.114198647204  -1.06249796134 1776585319.45
 -0.308148245867  -0.128752563054 -0.0659186124536 0.340408324504  -7.87725320559 -0.109722805804   7.81589505306 -1.13819540924 0.804356272705 -1.09995303648 1776585319.47
 -0.315151972929  -0.104832192292 -0.0849001262771 0.342809839449  -7.20984789682 -0.384550320786   7.92688303891  0.474039441017    1.7002658971 -0.908432788101 1776585319.49
 -0.291973415764 -0.0707373228945 -0.0969154973883 0.315665737762  -6.55215664614 -0.598315163893   8.09027509815   2.01072435047    2.0115901762 -0.450566137085 1776585319.5
 -0.24355495206 -0.033204341467 -0.100943694413 0.265727628234  -5.94923836693 -0.719936851615   8.29564850094     2.47402689737     1.57700593695 0.000399486071284 1776585319.52
 -0.178323890497 0.00170569551721 -0.0968971461721 0.20295658712  -5.43103501045 -0.735647037274   8.53119509896  3.13010804737  1.43336386704 0.351269061369 1776585319.55
 -0.106539440693  0.0295388866404 -0.0855674488196 0.139803385311  -5.01306865528 -0.651265520738   8.78502051011  3.76635571199  1.24388338928 0.766353652499 1776585319.57
-0.0384140068983  0.0479125844871   -0.06842918974 0.0919445794307  -4.69932394138 -0.491209282836   9.04591504436  3.61348881928 0.784008698173  1.11251835918 1776585319.59
 0.0176232353163  0.0564781198435 -0.0473403327294 0.0757724458297  -4.48598995832 -0.294400837863   9.30359538775  2.57219258003 0.232483247273  1.20234121518 1776585319.6
0.0562111664096 0.0564651196803 -0.024197763701 0.0832678613738  -4.36475648532 -0.107735149064   9.54856639354   1.28409239119 -0.143738092323   1.03320309238 1776585319.62
    0.075690987162    0.0499781608585 -0.000618008708351 0.0907045976515  -4.32472861988 0.0218608925263   9.77182555263  0.467292089466 -0.368598818433  0.995761879808 1776585319.65
0.0780264656217 0.0392572668307 0.0222888853171 0.0901446434632  -4.35264242816 0.0555391154716   9.96462897029 -0.201845823214 -0.633323815435   1.18345523844 1776585319.67
0.0680806903206 0.0260996274539 0.0440024125599 0.0851609256576   -4.43177175064 -0.0304428974597    10.1184815101  -0.76712130859 -0.829592735435   1.26547068632 1776585319.69
0.0524296255974 0.0115759180056 0.0645143460761 0.0839343098356  -4.54051090174 -0.239877889501   10.2254370218 -0.821302747803 -0.818639598106   1.09381456632 1776585319.7
  0.0379621728634 -0.00392122794043   0.0841143849099 0.0923673770648  -4.65190345933 -0.554753884069   10.2787184781 -0.478244789556 -0.697631154806  0.842895353536 1776585319.72
 0.0305369744378 -0.0203596008829   0.103099636166 0.109437448497  -4.73523735123 -0.936794122771   10.2735959147 -0.0875967576245  -0.733473361137   0.813536249621 1776585319.75
 0.0339375460429 -0.0376206095314   0.121492250238 0.131633712098 -4.76023943051 -1.33232778559   10.208386492  0.476513097596 -0.882293419267  0.908071085499 1776585319.77
0.0492973236653 -0.055095545708  0.138850449256 0.15730604736 -4.70351922168 -1.67992999478   10.085366932  1.21783474578 -1.00243028386 0.969445643525 1776585319.79
 0.0750694449044 -0.0714773057655   0.154234902966 0.18583011621 -4.55598279486 -1.91980347637  9.91133287122   1.66819976815 -0.852244450938  0.788051477831 1776585319.8
  0.107511048533 -0.0848355834023   0.166350400274 0.215471941187 -4.32925499024 -2.00351178164  9.69753516345   1.48877388325 -0.481358715245  0.438836347069 1776585319.82
  0.141557512702 -0.0929746004549   0.173833165082 0.242694818681 -4.05895610911 -1.90249328003  9.45880048397   1.38913926682 -0.197400731952  0.199797660913 1776585319.85
   0.17189467596 -0.0939846842041   0.175610593595 0.263096904336  -3.8031004033 -1.61385225405    9.211811026    1.37272300814    0.16064546903 -0.0679955974254 1776585319.87
  0.194008160534 -0.0868364656148   0.171235107707 0.272949079914 -3.6348748841 -1.1622684634 8.97274835357  0.983203500595  0.657456540328 -0.431050460634 1776585319.88
  0.205003541132 -0.0718451780519   0.161095194113 0.27044378908  -3.63040751533 -0.597462594019    8.7547378432  0.286923747978   1.02836062983 -0.708822268261 1776585319.9
  0.204046753903 -0.0508572402213   0.146435562281 0.25625165475 -3.85351213361 0.012587941455  8.56568424376 -0.321040598496   1.13676098425  -0.81068036667 1776585319.92
  0.192359867163 -0.0270756525371   0.129167835712 0.233280387598 -4.34043740284  0.59170778301   8.4070989867 -0.698572758672   1.03588157198 -0.780937749291 1776585319.94
   0.172804627285 -0.00452972052936    0.111509843032 0.205709510408 -5.08804957152   1.0672317153   8.2743564515   -1.1103144694   1.02291908503 -0.864570513482 1776585319.96
 0.149172717762 0.0127121378304 0.0955392224118 0.17760022858 -6.04849164661  1.38135583188  8.15849856905  -1.51289284254  0.827192573011 -0.916328544972 1776585319.98
 0.125357196127 0.0214127398738 0.0827718952194 0.151737005005 -7.13221575236  1.50011278696   8.0492993586  -1.32034898884  0.213177671982 -0.641751188453 1776585320
 0.104591661298 0.0199099968145 0.0738707497504 0.129586693973 -8.21958836222  1.41834467137  7.93890142265 -0.864129033345 -0.305161769855 -0.337061055425 1776585320.01
0.0889110648367 0.0085420162899 0.0685557642887 0.11259678641 -9.17936955959  1.15979626152  7.82506092792 -0.505360814593   -0.5960421148 -0.160201766067 1776585320.04
 0.0789210962378 -0.0103668617086  0.0657330593324 0.10323200251 -9.89070441443  0.77240913149   7.7129959092 -0.326729048827 -0.902414243854 -0.103334561635 1776585320.06
 0.0738816831408 -0.0329686120652  0.0638024233331 0.103034856764 -10.2642761935 0.319834877499  7.61509327677 -0.186792915472  -1.20308372677 -0.126872789072 1776585320.08
 0.0720388061658 -0.0546938704053  0.0610584958757 0.109129047335  -10.2582769714 -0.129138484257   7.54827776323 -0.0777359369804   -1.06762481167  -0.215549468734 1776585320.1
 0.0710981821282 -0.0711971953929  0.0560842148982 0.11519301756  -9.88591719218 -0.511299469107   7.52955312854 -0.0772554132197  -0.572956561257  -0.303888066103 1776585320.12
 0.0687318178919 -0.0792197974636  0.0480502906344 0.115363207007  -9.21306047282 -0.778098203879   7.57086512623 -0.167758308528 -0.124509941423 -0.399656695878 1776585320.14
 0.0630337279942 -0.0771826200234  0.0368719736595 0.106254177048  -8.34670743357 -0.901823386174   7.67475916837 -0.385895957577  0.336046661112 -0.604287137771 1776585320.17
 0.0528726803818 -0.0654093127883  0.0232159470105 0.0872518121633  -7.41687089837 -0.878202868293   7.83216131476 -0.732740580176  0.917359782077 -0.837653118938 1776585320.19
 0.0381094262331 -0.0459784631218  0.0083790531466 0.0603038636448  -6.55545766754 -0.725351225435   8.02302705658 -0.972538163669   1.26245730627  -0.85318664632 1776585320.2
  0.0196504114303  -0.0222832970333 -0.00592922928046 0.0302958702782  -5.87596696241 -0.479486938206   8.21977853151 -0.931630237028   1.14208186795 -0.630327213644 1776585320.22
-0.000688361614889   0.00158359342898   -0.0178709552127 0.0179541819662  -5.45726963107 -0.188229615908   8.39266673004 -0.836150610822  0.911444080177 -0.413710842436 1776585320.24
-0.0205179919631  0.0215021801393 -0.0258037635953 0.0393594456341  -5.33372312738 0.0974411090179   8.51569251996 -0.883469841347  0.779418233297 -0.258590246558 1776585320.27
-0.0373859319791  0.0339590680869 -0.0286122769019 0.0580481576347 -5.49268683633 0.331342221817  8.57162309467   -0.844193441338    0.441109377331 -0.00571976377348 1776585320.29
-0.0493742726915  0.0365802124965 -0.0259992769707 0.0667225085942 -5.87933772521 0.479146185374  8.55493722335 -0.524245041798 -0.156011852818  0.285293155542 1776585320.3
-0.0556503103415  0.0285237100354 -0.0186728369042 0.0652628065083 -6.40767150442 0.523302179054  8.47210663695 -0.178366940354 -0.620884284637  0.423267271509 1776585320.32
 -0.0568072208128   0.0107065799285 -0.00836078597955 0.0584088514905 -6.97578119404 0.465107918583   8.3393014801 0.0166645384739 -0.894893349524   0.44177850951 1776585320.34
-0.0548554686753 -0.0141596515296 0.00239849172182 0.0567042409134 -7.48298514262 0.323662246891    8.178220792 0.095146303703  -1.2462927071 0.452738648599 1776585320.37
-0.0528022237823  -0.041753667047  0.0106963594131 0.0681605138839 -7.84617393071 0.131916242333  8.01115473973 0.0287373500022  -1.53135269246  0.335149933388 1776585320.39
-0.0538718099169 -0.0665767494201  0.0138704321526 0.0867584252691   -8.01288635719 -0.0695070177171    7.85650322993   -0.23473655589   -1.24012479433 -0.0157106783603 1776585320.4
 -0.060541812469 -0.0826422955435  0.0101783566332 0.102949788798  -7.96910052998 -0.239708899253   7.72579569626 -0.497382111566 -0.447892967689 -0.364657124719 1776585320.42
  -0.0736552496224   -0.0843917518392 -0.000633853530954 0.112015469225  -7.74048655418 -0.344923412669   7.62283794583 -0.650445111537  0.309127291332  -0.56477706505 1776585320.44
-0.0918843571683 -0.0677465944697 -0.0170361616905 0.115423424657  -7.38682800335 -0.364720628773   7.54506438518 -0.861154890215    1.2037218815 -0.795252699775 1776585320.47
  -0.11175212418 -0.0311399593422 -0.0358152624611 0.121412385495  -6.99037537395 -0.295954881291   7.48663096816 -1.02976037234  2.58696581668 -1.00657480141 1776585320.49
 -0.128277143612  0.0236794275764 -0.0526095463063 0.140653848956  -6.63992332073 -0.153737228695   7.44236819807 -0.753977698955   3.78618444544 -0.834719323588 1776585320.5
 -0.136132924273  0.0912909908146 -0.0628069427064 0.175530425075  -6.41325514043 0.0308268731037   7.41150861131 -0.0733861183222    3.67761042277  -0.264752839141 1776585320.52
  -0.1310546961  0.162871364878 -0.062630036883 0.218231382682 -6.36109723114 0.215856614593  7.40014268834 0.524651153739  2.85152784579 0.265350216697 1776585320.54
-0.111133244961  0.227166574399 -0.050162978664 0.257820819734 -6.49570475878 0.356060865147  7.42162677707  1.20023226954  2.45436261255 0.821662800946 1776585320.57
-0.0776385018858   0.272102480648 -0.0260620317828 0.284159684773 -6.78655953385 0.411004947333  7.49461608704 2.11083507445 1.65635311978 1.56669820911 1776585320.58
 -0.035120507295   0.286813079567 0.00625498662973 0.289023039741 -7.16443801524 0.352793141115  7.63894853522   2.43637132648 -0.234504035703   1.88067443773 1776585320.6
0.00928381115919   0.263736090443  0.0410347077148 0.267070705599 -7.5334976878 0.17170291026 7.87016150111  2.17100674229 -2.27995647114  1.71222818949 1776585320.62
0.0472035467892   0.20035767794 0.0711822682131 0.217803326988  -7.7893599596 -0.12137507119  8.19386391768  1.34621311435 -3.58206156979  1.06466664457 1776585320.64
0.0707406937545  0.100208982441 0.0896385225795 0.151924819055   -7.8398133539 -0.496249836894   8.60138750267 0.607419093538 -5.13110177418 0.443702528578 1776585320.67
 0.0741378939685 -0.0271670707357   0.090857049721 0.120372258176  -7.62404877778 -0.908298811831   9.06801066499 -0.414097702642  -7.05311700287 -0.463295527029 1776585320.68
0.0550310011704 -0.167366276171 0.0720624040481 0.190349340861 -7.12646205959 -1.30593886215  9.55456558601 -1.71595869754 -8.01326003809 -1.65009240983 1776585320.7
0.0150185236062 -0.303245328727 0.0340069492794 0.305515561052 -6.38203182369 -1.63918990871  10.0124813218 -2.73630897907 -7.16449715945  -2.6054928931 1776585320.72
-0.0405593367855  -0.417651134348 -0.0189579990198 0.420043968591 -5.47193493858 -1.86763169138  10.3914581174 -2.52300150528 -4.10604078035 -2.41572755569 1776585320.74
-0.103571396858  -0.49624364781 -0.079540719278 0.513138887887 -4.51007418169 -1.96629324205  10.6482412657 -2.73376813386 -2.47351982383 -2.64146551678 1776585320.77
-0.164575032922 -0.529860827284  -0.13878644417 0.571925794869 -3.62313453443 -1.92859422356  10.7545827365  -3.06358642792 -0.544408701972  -2.98696063558 1776585320.78
-0.214529610152 -0.515961262538 -0.187723668609 0.58947362437 -2.92819890944 -1.76616212225  10.7025707579 -2.39018690065  2.07341689781 -2.34395110683 1776585320.8
-0.246409351439  -0.45887196077    -0.219037759 0.565029720214  -2.5124734721 -1.50594096145  10.5060634598 -1.15827768026  4.07027005315 -1.12553841146 1776585320.82
-0.256402152014 -0.368818175783 -0.228412663187 0.503925842808 -2.41914883522 -1.18535653471  10.1978497323 0.0429224220683   4.39030753752  0.083585831821 1776585320.84
-0.244464648186 -0.259958550517 -0.215250702464 0.416742458973  -2.64199834056 -0.846439067646   9.82316215528 0.887889595296  4.64256153722 0.961959477882 1776585320.86
-0.214139426601 -0.147836530653 -0.182624279713 0.31790401281  -3.12937235405 -0.529827597087   9.43102970228 2.00663277664  5.8794382231 2.17179341892 1776585320.89
 -0.171697667373 -0.0467511448791  -0.136494463711 0.224268805572  -3.79627211864 -0.269536143521   9.06544598161 2.77355877999  5.5980911282 3.04973353515 1776585320.9
 -0.124809401397  0.0324652625453 -0.0843992932713 0.154125340726    -4.5416174113 -0.0892095223852     8.7582978351 2.39063593284 3.44452231585 2.70446401066 1776585320.92
 -0.081029937904  0.0838864872218 -0.0339244287229 0.12146464687     -5.26696412492 -0.000295168614141      8.52546334279 1.72631612368 1.64012658972 2.05006852364 1776585320.94
-0.0464092963532   0.106951096951 0.00870392542455 0.116910727672    -5.89291218782 -0.00215079312348     8.36662583251 1.22255356508 0.47691599723 1.59007630417 1776585320.96
-0.0244855413503   0.105944356947  0.0396182835654 0.115729671635     -6.370215286 -0.0837219817517    8.26843011494  0.788402476056 -0.470813518861   1.26400228921 1776585320.98
-0.0158298056887  0.0886898179187  0.0577303394413 0.107001208603  -6.68393565288 -0.226190421737   8.20987970148 0.176172338157 -1.15301527777 0.697875792228 1776585321
-0.0181934441154  0.0647637475677  0.0645433222434 0.0932265244124  -6.85054282778 -0.405974585042    8.1684930022 -0.302601733724  -1.20109900413  0.152641108099 1776585321.02
-0.0271900395191  0.0435983196898  0.0634607715139 0.0816540338866  -6.90928000507 -0.597629131687   8.12573993165 -0.431407959172 -0.719475875468 -0.129505154317 1776585321.04
-0.037348256031 0.0328185208297  0.058793203776 0.0769973268903  -6.91013373597 -0.776437356181   8.07061440209 -0.360831176392 -0.145931117086   -0.1959301456 1776585321.06
-0.0433116751453  0.0370782392474  0.0547067762324 0.0790160008816   -6.9011875592 -0.920703851506    8.0007545582 -0.0942409092453   0.647587562036  -0.116543472197 1776585321.08
-0.0409466991429  0.0575456485779  0.0543431718511 0.089114051461 -6.91799722016 -1.01384253045  7.92116554833 0.416122448803  1.50889227154 0.125441958954 1776585321.1
-0.0281486133869  0.0920606771474  0.0592777484935 0.113054695519 -6.97698435982 -1.04628903312  7.84118493554 0.996391351196  2.18322288701 0.419502581248 1776585321.12
-0.00520084014055     0.13586946923   0.0693929613765 0.152653019936 -7.07387179983 -1.01708442599  7.77072675995  1.18815333823  2.01337632442 0.529958169615 1776585321.14
0.0253696507698  0.182749650119 0.0831487762479 0.202372855863  -7.18708244544 -0.934767723552    7.7169548141  1.39580691483  1.95358780789 0.621348449657 1776585321.17
0.0594019661786  0.226288318312 0.0981511320972 0.253709758035   -7.2850101527 -0.817085964322   7.68234323585  1.84460410495   2.1666064089 0.794458478385 1776585321.18
0.0920485314557  0.261068293043  0.111866917961 0.298569578339  -7.3353353278 -0.68907259313  7.66463516899  1.49676677146  1.44150509624 0.608245955879 1776585321.2
0.118865049238 0.283555982789  0.12231533756 0.330898681031  -7.31423102031 -0.579297851379   7.65862568236  1.23989608425 0.872165677193 0.462927756035 1776585321.22
0.136813694862 0.292556931125 0.128580444931 0.347621167177  -7.21342816845 -0.514529233845   7.65912528042 0.597575510265  0.12918766525 0.199655885912 1776585321.24
0.144957003624 0.289196707034 0.131032917478 0.349022769632  -7.04362770159 -0.513557601961   7.66405390496  0.170988925148 -0.349891609749 0.0572717585311 1776585321.27
0.144671970323 0.276476681199 0.131212529168 0.338505630758  -6.83353651887 -0.581400997778   7.67648616052 -0.183282280089 -0.994868350989 0.0117698626289 1776585321.28
0.139307258332 0.258529515536 0.131395727925 0.321727928449  -6.62470559854 -0.705341150953   7.70467353481  -0.34549059349  -1.11865466971 0.0831545315273 1776585321.3
0.133327866738 0.239745914317 0.133942888944 0.305278759462  -6.46320603051 -0.854158062924   7.75959421747 -0.222597285934  -0.93980460439  0.249492890541 1776585321.32
0.131118352325 0.223955996197 0.140574069078 0.29514298136  -6.38985605838 -0.981454944407   7.85033155064 0.0506013706092 -0.548742971002   0.37692684147 1776585321.34
0.135718179924  0.21382433267 0.151748201107 0.295241911223   -6.431091582 -1.03314835302  7.97838618711  0.332928478132 -0.267162040263  0.513306839859 1776585321.36
0.147810481125   0.2105612178 0.166309878562 0.306337951418  -6.59255507319 -0.958173630088   8.13265620764   0.777373774225 0.00394832676942   0.783488575311 1776585321.39
0.165255500932 0.213974354447 0.181517861883 0.325642655578  -6.85700203432 -0.720450682226   8.28703652975 0.784057618684 0.270079500749 0.599624196108 1776585321.4
0.183346616158 0.222802131452 0.193486868995 0.347410333625  -7.18720821405 -0.309456530471   8.40222087434 0.876212446091 0.609220973912 0.472281372302 1776585321.43
0.195789103437 0.235204035831  0.19797557343 0.364484072589 -7.53334952643 0.253360642427  8.43231016847   0.390478796264    0.80341033407 -0.0645141582014 1776585321.44
0.196203832554 0.249255861126 0.191362624348 0.370464684163 -7.84310661007 0.914445721428  8.33542189019  -0.32627329832  0.573595725924 -0.538280744861 1776585321.46
0.179797736458 0.263317215174 0.171593258443 0.362087597392 -8.07189678016  1.59504516673  8.08604292859 -1.35829428037 0.711574701703 -1.38634837815 1776585321.49
0.144772447411 0.276199413101 0.138868979628 0.341364571726 -8.19050927912  2.20417858901  7.68587563876 -2.54019299352 0.697890306026 -2.21757165288 1776585321.5
0.0930885920405   0.28713960642 0.0958967498714 0.316718844054 -8.18817633379  2.65505985355  7.16983321816 -3.33358775092 0.566728426326 -2.65908015619 1776585321.52
0.0303569706454  0.295650679407 0.0476039683064 0.300993368197 -8.07059007658  2.88135506834  6.60482283133 -3.03188708418 0.335753398487 -2.25910275585 1776585321.54
 -0.0351522373867    0.301341089889 0.000342659917657 0.303384656277  -7.854074895 2.84961991177 6.08079444932 -2.59432151434 0.169337598697  -1.8100389659 1776585321.56
-0.0941651475949   0.303778537257 -0.0392741942057 0.320454266706 -7.55837815208  2.56517318886  5.69565171292  -2.47897097631 0.0260074159793   -1.5858544788 1776585321.58
 -0.138335914818    0.30242361197 -0.0656663004765 0.338982196323 -7.20081794114  2.07025136271  5.53730271063  -2.02745188728 -0.214084323705  -1.08060932189 1776585321.6
-0.161992370877  0.296616470766 -0.075425350352 0.34628289364 -6.79371297474  1.43510201119  5.66683132341  -0.781534718142  -0.527547927424 -0.0741799476578 1776585321.62
 -0.163277251489   0.285587826992 -0.0680336259527 0.335929221772 -6.34550129617 0.744250077726  6.10635008665  0.409259375696 -0.655059314574  0.685713157311 1776585321.64
 -0.144418716082    0.26848813224 -0.0459807315345 0.308312942286   -5.8644182171 0.0811418818244   6.83382210882   1.07457798047 -0.846743274675   1.10769565757 1776585321.66
 -0.111086880833   0.244462989001 -0.0142347877178 0.268896034307  -5.36269265604 -0.485468506423   7.78551136948  1.77288041201 -1.34481367687  1.61363378546 1776585321.68
-0.0710270404146   0.212817073697  0.0208186344159 0.225320577991  -4.85924047297 -0.910686137178   8.86522009133 2.34549977194 -2.1199950532 1.99431175396 1776585321.7
-0.0323377084116   0.173285043058  0.0527233940965 0.183992363477 -4.37965863202 -1.17677330728  9.95839570503  1.83874013476 -2.29708089462  1.47346001204 1776585321.72
-0.00183071598261    0.126372256496   0.0762685672821 0.147615016472  -3.9535154344 -1.29069886016  10.9486186506  1.10332394376 -2.26698137203 0.813459438552 1776585321.74
0.0161458396095 0.0736667026466 0.0884693778352 0.116251030232 -3.60996375893 -1.27742805279  11.7338537926 0.491972113585  -2.4204089792 0.284365612447 1776585321.76
0.0201993339272 0.0179886120944 0.0890021927496 0.0930214683309 -3.37318857792 -1.17126552394  12.2400604417 -0.109459175488  -2.70651955304 -0.206960290241 1776585321.78
 0.0116806778073 -0.0367401926299  0.0800268587093 0.0888289260512  -3.2590249959 -1.00764527376  12.4302351212 -0.783625023525  -3.10096151633 -0.701656935432 1776585321.8
-0.00606757693745  -0.0859548267941   0.0654828312856 0.108226840166  -3.27342547098 -0.817155582181   12.3076706907  -1.23255298619  -2.69717970822 -0.913824545573 1776585321.82
-0.0287326105173  -0.125176067138  0.0500641266791 0.137844214501  -3.41267326138 -0.622578880955   11.9131153505  -1.08024717639  -1.52489350892 -0.642662182644 1776585321.84
-0.0520396572263  -0.150849721552  0.0381330560629 0.164066737583  -3.66469318407 -0.438711504146   11.3165095764 -0.898974432428 -0.736951331215 -0.353995446652 1776585321.86
-0.0725305396538  -0.161080249746   0.032817509948 0.179678921969  -4.01069274924 -0.274036791693   10.6048970169  -0.864724860771  -0.125187714563 -0.0641429871133 1776585321.88
-0.0880006565457  -0.156055857656  0.0354655649099 0.182634478004  -4.4266334089 -0.13309774314  9.86873872926 -0.760669834113  0.699367623612  0.385955906087 1776585321.9
-0.0975867548474  -0.138043309288  0.0455307710824 0.175077642994  -4.88446659701 -0.018591356415   9.18904297542 -0.349301734747   1.16075619205  0.653497029787 1776585321.92
-0.101574300979 -0.110949606362 0.0608600460659 0.162268601333  -5.35342044487 0.0673912159687   8.62740419113 -0.080644042111   1.36847524402  0.766270072122 1776585321.94
-0.101032989899 -0.079563014521 0.0782764856174 0.150549481993 -5.80172613631 0.123113711754  8.22031323071 0.0966758714572    1.4411299832  0.773800325007 1776585321.96
-0.0973958273445 -0.0486618447035  0.0943048364575 0.14403931579 -6.19900515849 0.147719277067  7.97815285538 0.212344724294  1.36068196799 0.654759106438 1776585321.98
-0.0920806809461 -0.0221975894783   0.105880683604 0.142064435882 -6.51920269538 0.142119033484  7.88836555227 0.330956998986  1.36076054744  0.49183924521 1776585322
 -0.0862224589078 -0.00272149898728    0.110909715989 0.140508661931 -6.74361283103 0.109788409199  7.92158369682   0.35374151613    0.9522564658 0.0830780628462 1776585322.02
-0.0805466252352 0.00885157672578   0.108589517488 0.135490931636  -6.86334695896 0.0570916098181   8.03917031697  0.269092389137  0.393450683023 -0.284081106561 1776585322.03
-0.0753772305369  0.0131357406907   0.099460397462 0.125485637545    -6.88062116408 -0.00709050322399     8.20065114805  0.195187195785 0.0605302563175 -0.465559646144 1776585322.06
-0.0707416226882  0.0118922439938  0.0852026682749 0.111379070426   -6.80846257499 -0.0724628389597    8.36984817129  0.202071743541 -0.128735359097 -0.711959017671 1776585322.08
-0.0665154803073  0.0074901191008  0.0682378085052 0.0955866597086  -6.66877457162 -0.128991565773    8.5190164843  0.247743959337 -0.288876394928  -1.02781144247 1776585322.1
-0.0625495352266 0.00234004058529  0.0512162846986 0.0808766218714  -6.48905248554 -0.168835632641    8.6307962739  0.235728627601 -0.274850148156 -0.961823103657 1776585322.12
 -0.0587332900782 -0.00158360333677   0.0364848116988 0.0691610341712  -6.29831844037 -0.188116475951   8.69820731775  0.189612321137 -0.135052018377 -0.640859545474 1776585322.14
 -0.0549768938745 -0.00305359888348   0.0256219590459 0.0607311132088  -6.12299230306 -0.188089688716   8.72317377948    0.159145958249 -0.00243579724867   -0.363202990255 1776585322.16
 -0.0511225743429 -0.00170008861012   0.0191156322144 0.0546060006197  -5.98341434383 -0.175360737239   8.71416276008   0.18479335363  0.116114397244 -0.212816732956 1776585322.18
-0.0468230485747 0.00206984746138  0.0162316066136 0.0495998709636  -5.89159225928 -0.160959935024   8.68348146911  0.286900482765  0.266602713917 -0.119220907782 1776585322.2
-0.0414388458041 0.00729853099619  0.0150915786611 0.0447012554943  -5.85049439662 -0.158336197069   8.64465769236  0.428225730572   0.35795625076 -0.109790580357 1776585322.22
-0.0340051823518  0.0127843725549  0.0129453001844 0.0385664803328  -5.85490583481 -0.180598158058   8.61018294101  0.514736743167   0.28660443781 -0.241315808688 1776585322.23
-0.0233015200382  0.0173973594236 0.00658854581425 0.0298167383687  -5.89356757707 -0.237561903376   8.58977129364  0.556623961407  0.161877080065 -0.430524575053 1776585322.25
-0.00802690077816   0.0203393623825 -0.00714777774711 0.023004597909  -5.95209115811 -0.333290540385   8.58920143304  0.786424744438 0.0847308063535  -0.81381394717 1776585322.28
 0.012951082995 0.0213032796138 -0.030926644518 0.0397242698384  -6.01602510981 -0.464780529884   8.60976378639    1.37703284816 0.00484112125386    -1.6910432805 1776585322.3
 0.0403364769986  0.0205093895365 -0.0665396543613 0.0804685779565  -6.07346505758 -0.622243004093   8.64831183956   1.78940286331 -0.078275613676  -2.44739094853 1776585322.31
0.0742129976199 0.0186234392824 -0.114715409149 0.137891357969  -6.11673796422 -0.791067867746   8.69789413142   1.89825266305 -0.101157781135  -2.79868821894 1776585322.33
 0.113991850548 0.0165842986874 -0.175133431274 0.209620847494 -6.14292199956 -0.95511313204  8.74890452688    1.70877481671 -0.0656188106266   -2.67307436874 1776585322.35
 0.158539444972 0.0153852120301 -0.246629142205 0.293593927298 -6.15323832493 -1.10054022344  8.79062974976   1.87569983046 -0.014715909465  -3.09084465268 1776585322.38
 0.206473606911 0.0158587278196 -0.327528146826 0.387501660076 -6.15161118067 -1.21914630913  8.81300545328    2.7884764763 0.0889028076185  -4.81860985052 1776585322.4
 0.256559189425 0.0185102986349 -0.416011566686 0.489112331117 -6.1428782858 -1.3101399527 8.80833483898  3.25663951816 0.242679036267 -5.86082856116 1776585322.42
  0.30808830318 0.0234308758647 -0.510399573279 0.596636516569  -6.1311968391 -1.37962077004  8.77269800874  2.81158136313 0.316993989355 -5.19651620587 1776585322.43
 0.361113745207 0.0302983856442 -0.609254931663 0.708881302409 -6.11911015165 -1.43761805828  8.70680153248  2.28154880125 0.316440842922 -4.22987840793 1776585322.45
  0.41642627426 0.0384568787581 -0.711252802619 0.825088069634 -6.10753103967 -1.49327858539  8.61609119536  2.45481906582 0.360271769991 -4.42239009306 1776585322.48
 0.475225879878 0.0470455998515 -0.814829501657 0.944457538559 -6.09661030497 -1.54946092767  8.51006810881    3.389535175 0.463209443218 -5.73115874443 1776585322.5
 0.538521509222  0.055142253857 -0.917696204849 1.06546347119 -6.08716525891 -1.59837470232  8.40088859584  3.89359864959 0.440597043335 -5.98292979879 1776585322.52
0.606381629487 0.061887097575 -1.01636430615 1.18512661612 -6.08212445018 -1.61984202969  8.30146380824  3.67349513199 0.302550380984 -4.98338491735 1776585322.53
 0.677224873848 0.0665659128803  -1.10585822233 1.2984556051 -6.08736927819 -1.58321936829  8.22337814949  2.94176819138 0.141041107328  -3.4097588044 1776585322.55
 0.747364453848 0.0686464247444  -1.17977535534 1.39826172356 -6.11146117951 -1.45310478549  8.17499421195   2.81209489627 0.0254976780216  -2.62635356813 1776585322.58
 0.810990166286 0.0677787824607  -1.23078820018 1.47551299786 -6.16403176804 -1.19789158705  8.16009367754   3.11993106202 -0.133946986842  -1.97683832772 1776585322.6
 0.860689186001 0.0637810908301  -1.25157972202 1.52029789944  -6.25302799897 -0.799299247598   8.17731807699   2.27430359511 -0.327115251639 -0.155369380544 1776585322.62
 0.888486568505 0.0566324011387  -1.23608237816 1.52332375313  -6.38144025628 -0.260490860409   8.22053309193  0.695542142297 -0.452783922525   1.85359228901 1776585322.64
 0.887254349967 0.0464877042589  -1.18078461115 1.47771231507 -6.54446140584 0.389538489506  8.28006998058 -0.757129272541 -0.478517855716   3.13772247396 1776585322.66
 0.852225701446 0.0337149510004  -1.08580878338 1.38072664137 -6.72809653883  1.09690337662  8.34463018402  -2.37859156562 -0.624289638847   5.10561736043 1776585322.68
  0.78228803168 0.0189380459311 -0.955475707905 1.23501702113 -6.90998605128   1.7894810691  8.40350638465  -4.74853894317 -0.848885764401   7.96507944947 1776585322.7
  0.680738205356 0.00305851205244  -0.798159982915 1.04903442129 -7.06263876489  2.38822898673  8.44869958473  -6.26242987251 -0.874753383275   9.10563946417 1776585322.72
  0.555271245964 -0.0127722814352  -0.625390893364 0.836422774242 -7.15854116516  2.82087116672  8.47651154701  -7.30130653877 -0.839376295783   9.63404663854 1776585322.74
  0.417128616474 -0.0272466996345  -0.450328117458 0.614438018596 -7.17595480254  3.03495876606  8.48827138262  -6.00061115916 -0.571950889264   7.38783548045 1776585322.76
  0.279520657247 -0.0390555699618  -0.285892144145 0.401735551646 -7.10388743622  3.00738496861   8.4900105969  -5.69502292054 -0.431839432967   6.69452417232 1776585322.78
  0.155612403161 -0.0470768240861  -0.142914673139 0.216462586102 -6.94487107681  2.74827794957  8.49111183693  -6.58349317676 -0.339432411156   7.59212417992 1776585322.8
 0.0564735086843 -0.0505554575451 -0.0286728223663 0.0810385230193 -6.71476869568  2.29855693815  8.50218048191   -5.01964552219 -0.0650230674219     5.9445308515 1776585322.82
 -0.010592361965 -0.0492297935738   0.053913837876 0.0737731158474 -6.43966116009  1.72191237272   8.5325689233 -2.99625421341 0.216400347467  4.06473729773 1776585322.84
-0.0430107801326 -0.0433703413519   0.106288189114 0.122589122118 -6.15065946127  1.09315629881  8.58807077424 -0.79103426947 0.378260208564  1.94071589364 1776585322.85
-0.0430290172413 -0.0337190926302   0.133493616984 0.144253316454 -5.87799857143 0.485511985575  8.66927169396 0.458458111637 0.387800057831 0.643285415128 1776585322.88
-0.0169699732392 -0.0213429714289   0.142827342523 0.145406850572   -5.64586268297 -0.0406081490991    8.77090432608  1.90913559252 0.725323890224 0.240164503496 1776585322.91
 0.0261450491599 -0.0074382966819   0.142195542283 0.144770384051  -5.46907432278 -0.445360861312   8.88234587479   3.66674125338   1.10905416911 -0.170262115595 1776585322.91
 0.0762856157029 0.00686340926763   0.138497095918 0.158265748435   -5.3521886466 -0.712719305789   8.98917260526   2.24331548652    0.6432169919 -0.134207683853 1776585322.93
 0.124068781555 0.0206389884639  0.136337196723 0.185490866653  -5.29087823499 -0.849195944037   9.07549723011    1.72013841448   0.528608591818 -0.0241588886157 1776585322.96
0.162095600185   0.0332333192 0.137291917404 0.215008157261   -5.2749693802 -0.878926541182   9.12669319336   1.34206865088  0.512894329944 0.0759380872911 1776585322.98
0.185792745522 0.044227849674 0.139829715352 0.236701069433  -5.29221024478 -0.836581765892    9.1320581369  0.836354984657    0.5318380498 0.0681566178141 1776585323
 0.193712073609 0.0533382314391  0.139868421323 0.244811171474   -5.3318235374 -0.759754150393    9.0869749018 0.0453434460465  0.468628386697 -0.233557404728 1776585323.02
 0.187346073011 0.0602816219123  0.131828754491 0.236878123776  -5.38706281875 -0.682277675977   8.99418212709 -0.679583609343  0.332670689777 -0.878707069867 1776585323.04
 0.170579389122 0.0646621745107  0.109957674325 0.213000504574  -5.45627704434 -0.629488349097   8.86387092851 -0.864950010036  0.126863078485  -1.39943102611 1776585323.05
 0.148916328953 0.0659181507059 0.0696520095511 0.177123341364  -5.54233038292 -0.615876976273   8.71248884203  -0.823541000203 -0.0255804066267   -1.99066736008 1776585323.08
  0.128615417701  0.0633587112316 0.00852215601248 0.14362757083 -5.65057384898 -0.64505915656  8.56035359394  -0.97874905156 -0.284705978016  -4.22139433457 1776585323.1
 0.115840555699  0.056296817885 -0.073005479217 0.148047850522 -5.78587069843 -0.71159006891  8.42842386985 -0.433336551719 -0.651561068253  -6.14701953629 1776585323.11
 0.115913915299 0.0442608427485 -0.171652775221 0.211801164307  -5.94938322739 -0.803928217316    8.3347806274   0.45436093833 -0.781484996827  -5.61693051431 1776585323.13
 0.132731288041 0.0272453462522 -0.281813195504 0.312695668146  -6.13589009039 -0.907799233473   8.29147428129   1.14831681777 -0.838676870496  -4.92196772207 1776585323.15
  0.168375924952 0.00594504575305  -0.396517824791 0.430827321614 -6.33230960671 -1.00929017118  8.30235069354   1.80310323802 -0.906161309199  -4.53379568246 1776585323.18
  0.222942679987 -0.0180909779842  -0.508644366726 0.555652601763 -6.51788615118 -1.09716621344  8.36228911554  3.48796707484 -1.33749458421 -5.95966756824 1776585323.2
  0.294563156947 -0.0424426642707  -0.612125924841 0.680637187526  -6.6662082556 -1.16410321618  8.45801611335  4.67025470447  -1.3679713609 -5.79147099209 1776585323.22
  0.379607568051 -0.0639799270227  -0.702920741809 0.801431785025 -6.74891869145 -1.20674589883   8.5703663958   4.74880167756 -0.978390859365  -4.45507417578 1776585323.24
  0.473031112449 -0.0792122386198  -0.779555106715 0.915280927638 -6.74067849987 -1.22471945813  8.67760248745   4.23193575843 -0.465670983984  -3.13597139829 1776585323.25
   0.56883019763 -0.0848014831942  -0.843139494678 1.02060927527 -6.62467612642 -1.21892726878  8.75921982102   3.45706883083 0.0191406112926  -2.16244004597 1776585323.28
  0.660573806197 -0.0781738786746   -0.89686542107 1.11661832882 -6.39775456129 -1.18963152873  8.79957363398  4.56204594994 0.702693711473 -2.68635929081 1776585323.31
   0.74197524641 -0.0581318840088  -0.945095900982 1.20296003436 -6.07410938576 -1.13489545001  8.79067773385  4.60828560104  1.65736069336 -2.99217488053 1776585323.32
 0.807467919807  -0.02534370471 -0.992244248446 1.27952936405 -5.68655064213 -1.04992241559  8.73364264008  2.83887288799  1.93617289684 -2.47524621604 1776585323.34
  0.85274485687 0.0174153933891  -1.04167720982 1.34631664043  -5.28457784752 -0.927639185602   8.63843409736  1.52239551004  2.03851559365 -2.30615807252 1776585323.36
 0.875215780226 0.0653719266688  -1.09487019169 1.40321662169  -4.92900982185 -0.760557692815   8.52192396543 0.480588532716  2.11178950757 -2.43382128315 1776585323.38
0.874329211614  0.11226079808 -1.15098581454 1.44976632681   -4.683591832 -0.54357800526  8.40453796664 -0.640717557679   2.33886828515  -3.05446219284 1776585323.4
0.851704647199 0.151196706601 -1.20695369257 1.48492372402  -4.60474390928 -0.277057235218   8.30612036084 -1.71464474037  1.72064386158 -2.89915036802 1776585323.42
0.811026450679 0.175785039843 -1.25801919489 1.50707550529  -4.73122534931 0.0307362324407   8.24185832908 -2.70875665705  0.86620001486 -2.64077156469 1776585323.44
0.757671621568 0.181266372692 -1.29862665241 1.51438270141 -5.07577013048 0.362658059966  8.21916287104  -2.82188989474 -0.258280122882  -1.63429162175 1776585323.46
0.698079646692 0.165447317429 -1.32343209984 1.50537720551 -5.62055720332  0.69383256627  8.23624053332  -2.95134838781  -1.29426463801 -0.735488962317 1776585323.48
0.638920475258 0.129190036998 -1.32821995889 1.4795532091  -6.3177060444 0.995042950626  8.28271972814 -2.96115224163 -2.35826889227 0.341287308742 1776585323.5
 0.586166229784 0.0763191983101  -1.31053353005 1.43767645955 -7.09497251972  1.23788454826  8.34219684808 -2.22879440307 -2.73561355373  1.37212347864 1776585323.52
  0.54420942388 0.0129420620931  -1.26991253623 1.38166900656 -7.86572624804  1.40060398364  8.39608119328 -1.80542152837 -3.30624438954  2.61449078393 1776585323.54
 0.515182234966 -0.053672845612  -1.20773925328 1.31412617868 -8.54141772295  1.47317088311  8.42779948415 -1.03584650531  -2.9382216164  3.25118701864 1776585323.56
 0.498611525441 -0.116398269867  -1.12679548682 1.23767123246 -9.04431573788  1.46013747935  8.42637435777 -0.51852339938 -2.53402820615  3.87561252086 1776585323.58
 0.491495196809 -0.169431599957  -1.03069462661 1.15438555469 -9.31837869244  1.38030086035  8.38861616449 -0.239148133622  -2.26331709139   4.96656988011 1776585323.6
  0.48881571523 -0.209106602303 -0.923358499018 1.06548453405 -9.33661590843  1.26300649669  8.31955955076 -0.188337960888  -1.72587366493   5.91678898284 1776585323.62
 0.484427601877 -0.234196960638 -0.808660430057 0.971313548229 -9.10400153821   1.1418860427  8.23118935973 -0.468452884127  -1.03084443968   6.56338516051 1776585323.64
 0.472179695156 -0.245714656973 -0.690275064188 0.871670248092 -8.6557374803 1.04759669264 8.13982466094 -0.891379464013 -0.289339875028   5.65475566711 1776585323.66
 0.447073561047 -0.246322002712 -0.571692917787 0.766408566141 -8.0513131001   1.001449017 8.06273160663 -1.38332619414 0.129553484318  4.90779701391 1776585323.68
 0.406231414076 -0.239538362738 -0.456302210692 0.656212081943 -7.36534470493  1.01154406334  8.01463521369 -2.70103289333 0.481329118716  6.20584429364 1776585323.71
 0.349464766427 -0.228927932759 -0.347428717749 0.543360226082 -6.67659089509   1.0722610163  8.00481716959 -3.87519904344  0.67530679458  6.35199939011 1776585323.72
 0.279307055757  -0.21742004556 -0.248255233598 0.432336175465 -6.05680531495  1.16690758019  8.03540870012 -2.65357845661 0.393067795836  3.31010141751 1776585323.74
 0.200493015209 -0.206861127933 -0.161599802969 0.33030814661 -5.56114636887  1.27243152278   8.1012827048 -3.79831465278 0.463847447285  3.75948567701 1776585323.77
   0.11900697419  -0.197844315155 -0.0895938493348 0.247653166311 -5.22164685622  1.36461593246  8.19161169849 -6.02213384338   0.6433690691  4.84064284546 1776585323.78
0.0409381361124 -0.189815230797 -0.033348222376 0.19702247782 -5.04473040052  1.42228495414  8.29274389059 -3.66869382921 0.408552017992  2.40838102313 1776585323.8
-0.0285689655061  -0.181410006168 0.00728506975209 0.183790229254 -5.01300964033  1.42963588533  8.39167576027 -3.03944005942 0.451802917355  1.60663765464 1776585323.82
-0.0860163199521  -0.170943862222  0.0337594703405 0.194320130628 -5.09077465622  1.37661265002  8.47920003516 -2.47696264639  0.59894691349  1.01210536105 1776585323.84
-0.129763331549 -0.156940499818 0.0486338404047 0.20936593116 -5.23189236812  1.25792664019  8.55187384386 -1.83279887825 0.804396609397 0.531265655379 1776585323.86
-0.159748136512 -0.138583724976 0.0551318000117 0.218550752274 -5.38847070081  1.07168617038   8.6122828993 -1.23118652459  1.07061216827 0.206490730658 1776585323.88
-0.176854710853 -0.115990893323 0.0565318583947 0.21892310773 -5.51867079871 0.818545487292  8.66757346288  -0.584297619907     1.2607547406 0.00988690993054 1776585323.9
 -0.182147653309 -0.0902516831756  0.0555108226151 0.210723955329 -5.59242274292 0.501905564246  8.72672001952   0.015999986521    1.32353634999 -0.0739508459942 1776585323.92
 -0.176216935969 -0.0632334587597  0.0535841063979 0.194736065708 -5.59437037437 0.129158286178  8.79733169877  0.587768390205   1.33703168072 -0.119475658179 1776585323.94
 -0.158829485481 -0.0372084613183  0.0507709395333 0.170847778308  -5.52397272411 -0.286547708801   8.88288091646   1.14479388861   1.18387732817 -0.194400531656 1776585323.96
 -0.128989013119 -0.0143931673543  0.0455642056958 0.137555172976  -5.39319337634 -0.724868987164   8.98106635291   1.74555148375  0.967542135518 -0.369684342743 1776585323.98
-0.0853863809772 0.00350033405786  0.0352166771296 0.0924299775124 -5.22254466673 -1.15805525142  9.08368157757   2.68677002508  0.791374882962 -0.772156204514 1776585324
-0.0271105421429  0.0156146346878  0.0162851484128 0.0352704461347 -5.03640340734 -1.55261706164  9.17796698484  3.00398031408 0.427531376043  -1.1444547256 1776585324.02
  0.045587408237  0.0221407372808 -0.0146816432067 0.0527633839358 -4.85849506133  -1.8730514325  9.24908172656  3.96670794649 0.219050545568 -1.92880065951 1776585324.05
  0.130708352688   0.024329749458 -0.0604538483924 0.146052312397 -4.70828806725 -2.08721619148  9.28311233983   5.13679297037 0.0628410185363  -3.10114246235 1776585324.06
0.224292962211 0.024326933823  -0.1225682925 0.256753031011  -4.5987922834 -2.17239610283  9.26996266155   4.68010054894 0.0129549880889  -3.46265884625 1776585324.08
 0.320691711014 0.0248556424636 -0.201016545598 0.379300182019 -4.53596140076 -2.12074324303  9.20553867544  4.92074667549 0.116309385502 -4.46872314594 1776585324.1
 0.413307973435 0.0287945931552 -0.294220241135 0.508151709427 -4.51960244532 -1.94271055887  9.09282104531  4.36045932461 0.345025327945 -4.94021637613 1776585324.12
 0.495684824488 0.0387021324477  -0.39927635736 0.637669906637 -4.54543341098 -1.66737191047  8.94165910771  3.71567569195  0.68523746409 -5.42608492186 1776585324.14
 0.562711781498 0.0563473440005 -0.512397987904 0.763132537781 -4.60773307263 -1.33909203885  8.76736688012 2.90268169083 1.09126021036 -5.7595615562 1776585324.16
 0.611681252874 0.0823108709605 -0.629438890061 0.881545433269 -4.70192189555 -1.01075930688  8.58840379984  1.86307374174  1.37875571561 -5.43380590711 1776585324.18
 0.642936745025  0.115717311232 -0.746380610784 0.991888184412  -4.82642436796 -0.734562411745   8.42355052741  1.24489955441  1.85388979177 -5.94131725646 1776585324.2
  0.65992429238  0.154153838651 -0.859680118848 1.09467501314    -4.9833079 -0.5519157231 8.28904013554 0.655553323938  1.99704965114 -5.62669440229 1776585324.22
  0.66857274263  0.193813719571 -0.966417515418 1.19101472879  -5.17746670657 -0.484483760466   8.19609294631 0.383791361304  1.80026406041 -4.86317458138 1776585324.24
0.676067433064 0.229877054246 -1.06423634224 1.28160431735 -5.41447957143 -0.52824163327  8.14924596546 0.494392649829  1.51543889772 -4.42247809429 1776585324.26
0.689220803345 0.257105264015 -1.15112009187 1.36609146782  -5.69763826175 -0.652109772784   8.14577025047 0.899675264934 0.998240023636 -3.94437060323 1776585324.28
0.712755822047 0.270584873737 -1.22508616064 1.44293906204  -6.02491756042 -0.801950038899   8.17632601534  1.50742061105 0.241888787436  -3.4122168529 1776585324.3
0.747877282009 0.266517596841   -1.283895658 1.50954964112  -6.38674806008 -0.909698872631   8.22681271734    1.9866081965 -0.697858805886  -2.51782110618 1776585324.32
0.791489714608 0.242927109946 -1.32487325344 1.56229276602  -6.76531312303 -0.906301604552   8.28114415356  2.20073277625 -1.65155168813 -1.51826860644 1776585324.34
0.836317345748 0.200147277762 -1.34490977738 1.59632952265  -7.13574289567 -0.736127006278   8.32445658223    1.9821632847  -2.51001233794 -0.389350285745 1776585324.36
0.871999219208 0.140977966085 -1.34068748977 1.60552183742  -7.46911032914 -0.369946004142   8.34610253193   1.3159923835 -3.36744052319 0.928995691365 1776585324.38
 0.887005422135 0.0704435768855  -1.30912765192 1.58289485609 -7.73667889675 0.186419922482  8.34175927368 -0.0250130665707   -3.67037313623    2.33269322477 1776585324.4
   0.871005490017 -0.00484009736704    -1.24801331304 1.52191038492 -7.91453771652 0.889944074085  8.31412884132 -1.59943256426  -3.3913395647  3.49188060934 1776585324.42
  0.817181942288 -0.0776058845544   -1.15668905538 1.41835770205 -7.98766525522   1.6655692778  8.27201437147 -3.66779452289 -3.39710932366  5.27130443138 1776585324.44
 0.723967671572 -0.141026446098  -1.03669255909 1.27230071526 -7.95259264006  2.41793502723  8.22795468644 -5.81915501077 -2.94800770925  6.95378920914 1776585324.46
  0.59580508668 -0.189756304293 -0.892147556344 1.08945785537 -7.81813619258  3.04739989872  8.19497525047 -7.06312460111 -2.00155222185  7.70874447838 1776585324.48
 0.442744673606 -0.220719577425 -0.729763776826 0.881643435768 -7.60405483683  3.46714193825  8.18325763279 -8.00817200736 -1.10509078701  8.43643820214 1776585324.5
 0.278959160288 -0.233479580196 -0.558357138862 0.666403497887 -7.33788438555  3.61791876097  8.19756776187  -7.64045448166 -0.222609998441   8.10477116641 1776585324.52
 0.120478943034 -0.230109015442 -0.387913693517 0.46684298037 -7.05054209858  3.47765788598   8.2361019008 -7.37555988076 0.470181106845   8.2131652205 1776585324.54
-0.0173976327018  -0.214587270026  -0.228344591423 0.313833756171 -6.77152206506  3.06424993798  8.29105494288 -6.41197912589  1.00928015659   7.9089712059 1776585324.56
 -0.122524178799  -0.191859011186 -0.0881771136278 0.244125496275 -6.52456480606  2.43140529611   8.3507785121 -4.37527906072  1.22839081893  6.54732270681 1776585324.58
-0.187722808234  -0.16676726153 0.0265360399213 0.252498185467 -6.32456335358  1.65882613792  8.40298725091 -2.30803437745   1.2619010167  5.20273071142 1776585324.6
-0.211702276335 -0.143101534674  0.112846593546 0.279338963817 -6.17619438137 0.838915981676  8.43819719734 -0.269501776777   1.05026905285   3.46286977514 1776585324.62
-0.198961579977 -0.122968907785  0.170944746405 0.289705313918  -6.07441287157 0.0626239041883   8.45251531357  1.32054013097 0.909882292351  2.26321082481 1776585324.64
-0.158744710029   -0.1066125627  0.203608043735 0.279324823389  -6.00660772029 -0.593184666987   8.44906202268  2.51889717895 0.796944369608  1.16535148104 1776585324.66
 -0.103266039101 -0.0926921568585   0.215217669182 0.256074902915 -5.95594261741  -1.0750535413  8.43765063302  2.85758205064 0.698659298549 0.176328240019 1776585324.68
-0.0455309367541 -0.0789325682085   0.210593944764 0.229462907889 -5.90522605504 -1.35796619548    8.432770873   2.49984131987  0.700074936223 -0.501278946726 1776585324.7
0.00287653921821 -0.0629671666535   0.193933502288 0.203919939839 -5.84057427356 -1.44584085373  8.45031704798  1.89881232477 0.857464558374 -1.01899854465 1776585324.72
 0.0336769367761 -0.0431639230347   0.168087001451 0.176778110577 -5.75416140155 -1.36786364063  8.50377560838  1.08318048025  1.17635206959 -1.60360465136 1776585324.74
 0.0431480989552 -0.0192315810278   0.134313095819 0.14237843889 -5.64550614957 -1.17150664053  8.60069565306 -0.0296067371953    1.32940905835   -1.98129421187 1776585324.76
 0.0325476070287 0.00754552144918  0.0925118214778 0.0983601480803  -5.52102768217 -0.913449531982   8.74020551299 -0.846777800271   1.28160153441  -2.20577159628 1776585324.78
0.0076391054724 0.0345114204047 0.0418157143197 0.0547535207529  -5.39198634529 -0.649900355428   8.91213614212 -1.39226249508  1.28020748221 -2.80729388283 1776585324.8
 -0.022590821372  0.0582461823125 -0.0186667625216 0.0652028449324  -5.27133238711 -0.427934656074   9.09801063619 -1.61659475548  1.19374175106 -3.82077582327 1776585324.82
-0.0477871127538  0.0754397919559 -0.0891825793816 0.126207380215  -5.17030109668 -0.279346283504   9.27380834675 -1.03105324715 0.738462376007 -4.33947462177 1776585324.84
-0.0582918325856  0.0838160097093  -0.168924406888 0.197379118632  -5.09569460005 -0.218056759712   9.41406430122 0.0227712915723  0.215004996967  -4.83358178635 1776585324.85
-0.0470013538292   0.082858874649  -0.255972856272 0.273124190649  -5.04861045185 -0.241382520553   9.49657495675   1.09217847306 -0.221994232061  -4.09359552674 1776585324.87
-0.0106274523263  0.0741278335061  -0.347575331281 0.355550965909  -5.02494699973 -0.334554677501   9.50680568311   2.31209186647 -0.520527395957  -4.40679951954 1776585324.9
0.0498944028735 0.0610444750366 -0.440654174637 0.447651629055  -5.01747052991 -0.477074944482   9.44108400709   3.73132630647 -0.689180286195  -4.90707166383 1776585324.91
  0.12990186823 0.0481719053977 -0.532385607897 0.550117681351  -5.01875632128 -0.649047254679   9.30784437489   3.81702965584 -0.462816257063  -3.98732297273 1776585324.94
 0.222238910852 0.0401476397223 -0.620687676561 0.660496145566  -5.02407308344 -0.835721320779   9.12655215006  4.66240931423 -0.18851475475 -4.24601235361 1776585324.96
 0.318885834941 0.0405307345491 -0.704491530652 0.774363760083 -5.03333429829 -1.02910640501  8.92441108364  4.32360288348 0.243223347423 -3.70360238313 1776585324.98
 0.412574978724 0.0508549541567 -0.783729735132 0.887150853666  -5.0515506077 -1.22645661868   8.7314414842  4.11231484528 0.679610940451 -3.54792714376 1776585325
 0.498021326416 0.0701350922916 -0.859041874322 0.995438152059 -5.08766760298 -1.42638971438  8.57488661539  4.07859452392  1.12481598955 -3.76182907508 1776585325.02
0.572527145577 0.094967393818 -0.93125916184 1.09729201438 -5.15211969744 -1.62409611132  8.47407002073   3.1805589026  1.15552023605 -3.26965842357 1776585325.04
0.635894703872 0.120225495438 -1.00077760813 1.1917936336  -5.2537513526 -1.80734728832  8.43674785252  3.15416073053  1.21743271793 -3.65123748384 1776585325.06
0.689752049398 0.140213481592 -1.06695800519 1.27820854907 -5.39688385413 -1.95478392151  8.45770042338  2.52578875611 0.748045380773 -3.18569680633 1776585325.08
0.736523289332 0.150027967377 -1.12769723375 1.35524019928 -5.57923467696   -2.037338777  8.51985891073  2.19302627909 0.163666897713 -2.78123467291 1776585325.1
  0.7783325958 0.146824302158 -1.17929741915 1.42059896108 -5.79117303171 -2.02279709868   8.5977664776   2.12400607298 -0.516056115514  -2.37559921641 1776585325.12
0.816115078219 0.130690061557 -1.21671684331 1.47089210681 -6.01648877168 -1.88262733145  8.66272826215   1.68702136956 -0.998961838437  -1.30876668412 1776585325.14
0.849130069571  0.10490190815 -1.23422107137 1.50177492934 -6.23453123414 -1.59953246754  8.68868964466  1.41654464336 -1.32938140891 -0.23239428331 1776585325.16
 0.874958549342 0.0754673639086  -1.22637053574 1.50838737631 -6.42329748236 -1.17384052166  8.65774189789 0.974996922196 -1.31125703778  1.07555405502 1776585325.18
 0.889947261069 0.0500075506444  -1.18919416428 1.48616608862  -6.56286277445 -0.626964680324   8.56420339704 0.403878260904 -1.05706531616  2.82694380149 1776585325.2
 0.889965959056 0.0361886657697  -1.12132624894 1.43203407235     -6.63848562442 -0.000721862672952      8.41645554338 -0.495844964119 -0.265325132138   4.36781305079 1776585325.22
0.871290229879 0.040024230002 -1.02484758376 1.34575672899 -6.64280125032 0.647795459369  8.23609914717 -1.37112237499 0.661071640286  5.05214559331 1776585325.24
  0.83141667368 0.0644175626408 -0.905590936397 1.2310557468 -6.57672480188  1.25503691302   8.0544893903 -2.57800125521  1.73126203621  6.39432450118 1776585325.26
 0.769653412528  0.108278643379 -0.772753528305 1.09601033551  -6.448970225  1.7617791645 7.90722705493 -3.48491658431  2.46846537012  6.47969615441 1776585325.28
 0.687391372826  0.166434772803 -0.637796811199 0.952361383829 -6.27438124599  2.12354894507  7.82762729995 -4.33761381783  2.91619264928  6.20890158451 1776585325.3
 0.588031842823  0.230383447719 -0.512778689769 0.81351088858 -6.07149606424  2.31830183002  7.84044509284 -5.76702310923  3.37382491237  6.27592757657 1776585325.32
 0.476607793556  0.289747420835 -0.408412872072 0.691310082982 -5.85987401719  2.34953811876  7.95712222598 -5.67451467122  2.57251888827  4.47662788347 1776585325.34
   0.3591817512  0.334131735879 -0.332238721039 0.592484696068 -5.65768125267  2.24410626277  8.17350791884 -6.15228362796  1.71189194282  3.17827049243 1776585325.36
0.242129486941 0.354991734676 -0.28728134952 0.516891085158 -5.47988462284  2.04524532182   8.4704534577 -5.53255958617 0.315608949583  1.47586265997 1776585325.38
 0.131426712846   0.34712419033 -0.271482907841 0.459859928251 -5.33719618817  1.80259074271  8.81703656456 -5.27697091578 -1.14292313916 0.232606895521 1776585325.4
0.0320447726571  0.309490123056 -0.278020894239 0.41726085529 -5.23571849403  1.56158096988  9.17562031314  -5.23698729207   -2.9014595909 -0.710902291807 1776585325.42
-0.0524688660982   0.245240118153  -0.296446074875 0.388298818914 -5.17712112863   1.3547610988  9.50764891213  -3.87496125132  -3.77969053973 -0.926427149127 1776585325.44
-0.120193027664  0.160995277213 -0.314417963059 0.373127992354 -5.1591478753 1.19688361214 9.77908378353  -3.08582734352  -4.68369960703 -0.606751211795 1776585325.46
-0.170829798298 0.0655907113908 -0.319718808909 0.368381701741 -5.17628432265  1.08464354081  9.96462843793 -1.74865714256 -3.94250779577 0.250423678892 1776585325.48
 -0.205537487442 -0.0314216293449  -0.302195856695 0.366817820366 -5.22046878219  1.00067164733  10.0502535394 -1.34606993068 -4.50439289751  1.55316703684 1776585325.51
-0.226649782079  -0.12120132129 -0.255310744491 0.362275392832  -5.2817872325 0.920388966601  10.0338975059 -0.977868312201  -5.08531336969   3.84979966601 1776585325.52
-0.237324297257 -0.196725982615 -0.177053392948 0.355488168943 -5.34916222625 0.819765338178  9.92452024241 -0.339932845452  -3.09905348271   4.34113614116 1776585325.54
 -0.241153342724  -0.253425408277 -0.0700920104643 0.356780411735 -5.41112319036 0.682029886409  9.73990726915 -0.110950055337  -2.31282154134   5.89261282064 1776585325.56
-0.241765786975 -0.289311543432 0.0588363429978 0.381593475012 -5.45679095811 0.501878185157  9.50374397935 -0.0305730742202   -1.20575654424    6.35780249858 1776585325.58
-0.242452917637 -0.304678708648  0.200160191538 0.437808902434 -5.47716458467 0.286501344637  9.24248779751 -0.0941932187599   -0.28105740275    6.54345965655 1776585325.6
-0.245857684894 -0.301521108161  0.343094268423 0.518724066256  -5.46664335379 0.0535777488631    8.9824641784 -0.318324199306  0.614273725581   7.79811393834 1776585325.62
-0.253767938329 -0.282843988162  0.477348733177 0.6101317081   -5.4245056031 -0.172981736379   8.74744540336 -0.549076164937   1.28256363004   6.51877369411 1776585325.64
-0.267044414489 -0.252031928785  0.594628580719 0.698867627985  -5.35590567364 -0.368366601624   8.55680676989 -0.810689982933   1.78907983579   5.39204036724 1776585325.66
-0.285692196347 -0.212391598846  0.689682537159 0.776139307326  -5.27193783053 -0.512025504396   8.42424627195 -1.00609518052  2.03828849239  3.97868844916 1776585325.68
-0.309055078887 -0.166920842421  0.760763304766 0.837936999601  -5.18848340033 -0.591577617054   8.35701639573 -1.19698856516   2.2352460452  2.84562402594 1776585325.7
 -0.33608535832 -0.118287846075  0.809483174047 0.884425458516  -5.12385960951 -0.604779316533    8.3556316229 -1.57093068616  2.72053303159  2.20478607682 1776585325.72
 -0.365626956977 -0.0689498343055   0.840161390405 0.918862510524  -5.09562945476 -0.559330817583   8.41404996084 -1.51662566703   2.4282892238  1.23586517334 1776585325.74
 -0.396652697378 -0.0213126860568   0.858838177467 0.946250816644 -5.11720264018 -0.47078497119   8.5203514446 -1.57435677033  2.28460833536 0.802408115297 1776585325.76
-0.428414991204 0.0221642441939  0.872162795142 0.971956068781 -5.19497132479 -0.35919013081  8.65793157745 -1.52233542864   1.9146780282 0.656027941345 1776585325.78
-0.460495775887 0.0589842953929  0.886350408067 1.00057611035 -5.32664150215 -0.24528938863  8.80718593625 -1.53785654455  1.54395530212 0.817123377192 1776585325.8
-0.492767459624 0.0867719185403   0.90635578051 1.03529219836  -5.50116165195 -0.147086364739   8.94758966247 -1.87503111459  1.28948792532  1.41775418997 1776585325.82
-0.525295444705  0.103548030818  0.935346929384 1.07774365098   -5.70028985541 -0.0773996197848    9.05999062725 -1.70145788648 0.553396200424  1.77128027407 1776585325.84
-0.558221378296  0.108060691059  0.974495718575 1.12824205101   -5.90148359627 -0.0427297325896    9.12886326996    -1.6898270621 -0.0880302913315    2.23301274256 1776585325.86
-0.591664091666  0.100090605228   1.02304941545 1.18605001289   -6.08154059047 -0.0434406345609    9.14423507717  -1.53645852817 -0.624442359107   2.37207406304 1776585325.88
-0.625663502244 0.0806510876045   1.07861679314 1.24954935973   -6.22032038959 -0.0749893518958    9.10301201483   -1.627424788 -1.14192435045  2.72099261184 1776585325.9
-0.660174718176   0.05201836665   1.13759658835 1.31630641068  -6.30393350255 -0.129777322549   9.00949075686 -2.04662393438 -1.85971607735  3.45067833802 1776585325.92
-0.695100214297 0.0175556807767   1.19568947763 1.38316515166  -6.32694692714 -0.199155489228   8.87494054438 -1.72039771248 -1.73342158675  2.71845361756 1776585325.94
 -0.730333063096 -0.0186710958461    1.24845595835 1.4465051928   -6.2933522997 -0.275174831863    8.7162488458  -1.6180459471 -1.60266615865  2.20252058564 1776585325.96
 -0.765778699239 -0.0524509937337    1.29189862319 1.50272092404  -6.21621887578 -0.351796450563    8.5537399432 -1.64404158973 -1.42217385077  1.72732071189 1776585325.98
 -0.801329032149 -0.0800859720437    1.32304823665 1.54887010985  -6.11608469153 -0.425422578748   8.40838761197 -1.78603121315 -1.17205988325  1.22295410959 1776585326
 -0.836780004449 -0.0990446819531    1.34051554397 1.58334852401  -6.01823386208 -0.494753547668   8.29874616316  -2.06041859584 -0.831501352005  0.640926207798 1776585326.02
-0.871707319119 -0.108487793346   1.34494053012 1.60639605362  -5.94909116391 -0.560098306661   8.23800564774   -1.78720230608  -0.273646417991 -0.0332111524636 1776585326.04
-0.905337297348 -0.109541791075   1.33924156021 1.62024781517  -5.93206085873 -0.622357387789   8.23161757832  -1.27995300891 0.0644894442042 -0.323863602356 1776585326.06
-0.936462021849 -0.105225177641   1.32855579479 1.6288320835  -5.98325461188 -0.681950118631   8.27591882815  -1.69101339472  0.278144234585 -0.566261996572 1776585326.09
 -0.963444031031 -0.0999841772703    1.31978362148 1.63708583897  -6.10768067118 -0.737966015712   8.35809430057  -1.62249297916  0.215451632587 -0.265970761453 1776585326.09
 -0.984335634757 -0.0988680172766    1.32070800657 1.65013974115 -6.29656693032 -0.78777758506  8.45766486499 -0.792501441937 -0.152323293178   0.44641892937 1776585326.12
-0.997107596405 -0.106454506366   1.33874642964 1.67266198726  -6.52651033214 -0.827256334839   8.54947442557 -0.374680113826  -0.64401656898   1.41040036148 1776585326.13
-0.999951266494 -0.125708848169   1.37948959608 1.70841938515  -6.76102767239 -0.851595246969   8.60789384297 0.115985086531 -1.06382345187  2.24162879183 1776585326.16
-0.991596242987 -0.157005031376   1.44526364554 1.75974449683  -6.95478997259 -0.856585432017   8.61168653629 0.673434863479 -1.70495371438  3.66714593349 1776585326.18
-0.971577212283 -0.197544227866   1.53399867061 1.82650976533  -7.06035667283 -0.840061511834   8.54873643965  1.32704851717 -2.18605792074  5.01245563215 1776585326.2
-0.940389297971 -0.241358652439   1.63867973895 1.90469349705  -7.03664666645 -0.803159117402   8.41968871285  1.81443243133 -2.07518197025  5.37599742307 1776585326.22
-0.899488815919 -0.279992346525    1.7475899989 1.98533288098    -6.857809858 -0.751042976883    8.2395704676  2.17208430467 -1.51972786919  5.03082903987 1776585326.24
-0.851122792745 -0.303815158149   1.84543254583 2.0548320953  -6.52075513153 -0.692863730762   8.03669932023   2.38854953482 -0.559823499973   3.94611389937 1776585326.26
-0.798002749912  -0.30377844928    1.9152547552 2.09697174812  -6.04950797514 -0.640858617995   7.84866044641 2.57916740293 0.72716387169 2.27518073729 1776585326.28
-0.742872024653 -0.273295213011   1.94092462676 2.09612440595 -5.49492073043 -0.60868402968  7.71577459478  2.75774702513  2.35552598272 -0.13776708903 1776585326.3
-0.688045393102 -0.209858518048   1.90976168247 2.04074416437  -4.92904743281 -0.609217791779   7.67315216081   2.8226539005  4.11587065769 -3.29961292031 1776585326.32
 -0.63501731264 -0.116026181766   1.81484512363 1.92623256253  -4.43460335148 -0.652172576542   7.74294577026  2.59432990335  5.25691464102 -6.32818968522 1776585326.34
  -0.584233328138 0.000496827862703     1.65653928471 1.75654525428  -4.09111756632 -0.741911958954   7.92859398439  2.52601643234  6.16309254915 -9.40268203425 1776585326.36
-0.535094526311   0.12777008655   1.44289893365 1.54421782137  -3.96034758825 -0.875857839081   8.21257840758 2.59133401803 6.63361864783 -12.365753504 1776585326.38
 -0.4862201649 0.251403095779  1.18882396576 1.3087841636 -4.07396793092  -1.0438236401  8.55850560922  2.53553851071  5.85892527242 -13.5223686136 1776585326.4
-0.435937008092  0.356895570936  0.914078524697 1.07375745534 -4.42629212839 -1.22850438533  8.91732685919  2.66002649878  4.65182451549 -14.1172510246 1776585326.42
-0.382905856546  0.432077999815  0.640515884569 0.862304407554 -4.97384207414 -1.40720608525  9.23648503103  2.74982974568  2.82725755163 -13.2233803074 1776585326.44
-0.326747046026  0.469160028507  0.389005873774 0.691520306474  -5.6421338585 -1.55470405359  9.47001831552  2.66324584069 0.788915742286 -10.7991396567 1776585326.46
-0.268499990259  0.465967694692   0.17661393879 0.566048249393 -6.33844763537 -1.64688718406  9.58737344752    2.773217507 -1.02905124948 -8.95398311069 1776585326.48
-0.210762357777  0.426121865052 0.0145221064327 0.475616974999 -6.96799509922 -1.66460382491  9.57896717493  2.45296400038 -2.38099353999 -5.95293832819 1776585326.5
 -0.157414039633   0.358141028348 -0.0929733087602 0.402104727902 -7.45014954667 -1.59695260202  9.45730853938  2.46718515474 -3.84445821147 -4.10568916955 1776585326.53
-0.112936792075  0.273686487985 -0.148271255403 0.331124414516 -7.73146022741 -1.44326347043  9.25355336671  2.25762638245 -5.13646292464  -1.9687459848 1776585326.54
-0.0814666196773   0.185348439699  -0.159202681014 0.257558435821 -7.79300427308 -1.21325745001  9.01042987094  1.17665192356 -4.22617739138  0.28106781837 1776585326.56
-0.0658185803814   0.104452140093  -0.137016089197 0.184433575556  -7.65098269391 -0.925322089456   8.77327205427 0.374145731661 -3.71449348436  1.65717691032 1776585326.58
-0.0667584237956    0.03932646712 -0.0940567217133 0.1218602686  -7.35096141321 -0.603347706153   8.58122562687 -0.400504038383  -2.60622462001    2.2582589179 1776585326.6
 -0.0827400341305 -0.00566187909477  -0.0416037583073 0.0927838500392  -6.95742174945 -0.272943787869   8.46049214288 -1.02707141953 -1.64403101518  2.50185878882 1776585326.62
 -0.110195449539 -0.0302030866888   0.011752185584 0.114862428194  -6.54105750048 0.0420505507992   8.42084930993  -1.58656263273 -0.817005582839   2.64342473482 1776585326.64
 -0.144300935692 -0.0373628653798  0.0609649058782 0.161044911437 -6.16643143589 0.322061926289  8.45583458512   -1.75943751202 -0.0546845134723    2.33954201523 1776585326.66
 -0.180006581404 -0.0323728641063   0.104580760065 0.210683428525 -5.88222086446 0.553004178249  8.54613792946 -1.91395731028 0.449509250851  2.31450505641 1776585326.68
 -0.213053750478 -0.0212156785526   0.144106121521 0.258086380634 -5.71549221103 0.726392161357  8.66510947865 -1.44403419435 0.548231967443  1.86335132326 1776585326.7
  -0.240729430057 -0.00931925019897    0.182936245573 0.302494920393 -5.67047077292 0.838809669638  8.78496467416  -1.0793897641 0.452738521445  1.77951750452 1776585326.72
  -0.262201541806 -0.00060116179678    0.225132788518 0.345593377233 -5.73135048221  0.89124447329  8.88229570968 -0.943833514603  0.308804058601   2.28907642674 1776585326.74
  -0.27840667536 0.00300801524193   0.274314748999 0.390855352476 -5.86801009287 0.888627179968  8.94182904436 -0.785697882677 0.0575366448808    2.8809309356 1776585326.76
-0.291579904614 0.0015502152978  0.332854899162 0.442508336462 -6.04316846661 0.839613493436  8.95789661486 -0.685837126573 -0.167310767895   3.33037986914 1776585326.78
 -0.304593485888 -0.0033802877654   0.401476174419 0.503956086 -6.21952461711 0.756372240285  8.93367035929 -0.590565434787 -0.223457169305   3.01105154943 1776585326.8
  -0.320291920322 -0.00931378956457    0.479245721062 0.576498154425 -6.36570983107 0.654000437236  8.87870408281 -0.916134412985  -0.25896431913   4.08948072763 1776585326.83
 -0.340977374572 -0.0136649455916   0.563888162726 0.659107093552  -6.4603083252 0.549234420219  8.80562745483  -1.42923682532 -0.152309397224   5.17024173687 1776585326.84
 -0.368128696694 -0.0144116085162   0.652294507222 0.749142547144 -6.49365644026 0.458342817143  8.72689581021  -1.45227715903 0.0733273400745   4.19288013442 1776585326.86
 -0.402354316673 -0.0105659449097    0.74108998653 0.843335641054 -6.46751789704 0.394396627372  8.65233280029 -1.98595124792 0.317361561731   4.6063524599 1776585326.88
  -0.443509354968 -0.00236553061807    0.827137611268 0.938542898143 -6.39301330372 0.364410800466   8.5878827494 -2.19428873822  0.48072871838  4.13491536113 1776585326.9
 -0.490868668565 0.00882593830149   0.907886336957 1.03212767999 -6.28735734882  0.36704221147  8.53561966486 -2.36691549651 0.551149425898  3.66355652265 1776585326.92
-0.543248369021 0.0208592530365  0.981515541548 1.12201900928 -6.17004534296  0.39154349838   8.4947427974 -2.77154372126 0.575643557982  3.56223177661 1776585326.94
-0.599005884761 0.0312858011584     1.046873799 1.20653702901 -6.05914276658 0.418491470008  8.46309477238 -2.82104630895 0.425916202107  3.04826416922 1776585326.96
-0.655911204864  0.037868873548   1.10325267313 1.28406386952 -5.96826425985 0.422465846076  8.43869044496 -2.89454967985 0.199569738925  2.66827605788 1776585326.98
-0.710951415466 0.0390040795808   1.15006828948 1.35263827531 -5.90467936132 0.376424920205  8.42082411419  -2.44238095813 -0.091429536211   1.95077129106 1776585327
-0.760185859384 0.0339653943346    1.1865386166 1.40957797851 -5.86876726245 0.257106726673  8.41048878619 -2.00178718031 -0.36596966563  1.39861781518 1776585327.03
-0.798790285795 0.0229452485924   1.21143995282 1.45126812285  -5.85480062469 0.0504713177688   8.41004897047  -1.58244664853 -0.699330000745  0.942656866248 1776585327.05
 -0.821401808088 0.00691225513895    1.22300470184 1.47325802571  -5.85281609116 -0.243936359109   8.42231620501 -0.628987390129 -0.932402164444  0.197823216358 1776585327.07
 -0.822801196305 -0.0126481914052    1.21899163926 1.47074892554  -5.85116245322 -0.610741185915   8.44934347118  0.615961043898  -1.11871377914 -0.712547786859 1776585327.08
 -0.798860207748 -0.0340279944987    1.19692843031 1.43943502917 -5.83922360837 -1.01933949376  8.49134046359   1.72163667829 -0.981822650734  -1.47587172927 1776585327.1
 -0.747570223443 -0.0555512464595    1.15449994515 1.37652362977 -5.80979700814 -1.42757184723  8.54608455937   2.8420149769 -0.91927229416 -2.35558108343 1776585327.13
 -0.669893305353 -0.0757433623623    1.09003525833 1.28166725866 -5.76067053138 -1.78806550206  8.60905610907   4.65299614314 -0.992803243281  -3.97296198759 1776585327.15
 -0.570171239906 -0.0934026180903    1.00302777614 1.15753358983 -5.69508165313 -2.05621774149  8.67429553789   5.83030820449 -0.867783609267  -5.32470174987 1776585327.17
-0.455905643606 -0.107593305613  0.894604684686 1.00982365646 -5.62095438312 -2.19831013597  8.73573689899   6.30916241308 -0.654339048235  -6.35991536242 1776585327.18
-0.336867983607 -0.117599083593  0.767847752754 0.846699329308 -5.54906542466  -2.1980532684   8.7886060356   5.41815328657 -0.356626238652  -6.22313505609 1776585327.2
-0.223671798992  -0.12287908254  0.627867569069 0.677750711456  -5.4905414892 -2.06005782251  8.83044626313   4.76920238717 -0.123531606023  -6.47770074488 1776585327.23
-0.126087700415 -0.123058702369  0.481558456012 0.512776851059 -5.4542689059 -1.8093133867 8.86146108385  4.60878211448 0.131468777861 -7.78384668004 1776585327.25
-0.0514593468446  -0.117966600228    0.33701517236 0.36075394599 -5.44484400341 -1.48661757938  8.88409253694  3.43716451408 0.430672262137    -7.82374202 1776585327.26
-0.00356338764272    -0.10770656466    0.202666185834 0.229536456108 -5.46157751669 -1.14082910779  8.90199854482  1.86268976612 0.678133036608 -6.73974109972 1776585327.28
 0.0178450989327 -0.0927355418306  0.0862519856527 0.127897354561  -5.49880394676 -0.819581540351   8.91876671334 0.460549208402 0.767387191659 -4.74223213218 1776585327.3
  0.0167183047989  -0.0739123235214 -0.00617250466252 0.0760304747946  -5.54740140207 -0.560489734525   8.93675415031  -0.4224559995 0.938258230337 -3.66628542063 1776585327.33
-0.000277191609483   -0.0524866442559   -0.0710223569572 0.0883125124101  -5.59709828919 -0.384795124783   8.95637217623 -1.10236357398  1.15460390539 -2.66770751694 1776585327.34
-0.0251944944416 -0.0300133025167  -0.107601009948 0.114514358139  -5.63893435481 -0.294830509868   8.97598229245 -1.32229387645  1.16942740371 -1.24231534709 1776585327.36
 -0.0503577279136 -0.00819577020001    -0.11807378777 0.128625389282  -5.66722289114 -0.275763094629   8.99239311698  -1.25397108393   1.16451241276 0.0166373745657 1776585327.38
-0.0696997671866  0.0113169507955  -0.107010525126 0.128208359356  -5.68052994547 -0.301025677559   9.00179653564 -0.657771696408  0.794173848114  0.842191123556 1776585327.4
-0.0796269173503  0.0271429726085 -0.0805983967308 0.116504456929   -5.6814816721 -0.339951146496    9.0008842904 -0.219129261425  0.618342661097   1.40279872422 1776585327.43
-0.0792792118611  0.0383483900172 -0.0456858408692 0.0992118365225  -5.67553552666 -0.365632799151   8.98785503358 0.249650340375 0.461465773023  1.90114412997 1776585327.44
 -0.0702036274344   0.0445614378064 -0.00883790050323 0.0836204492312  -5.66911314484 -0.361073940401   8.96305674192 0.622599457186 0.201061835071  1.84279582738 1776585327.46
-0.055587115589 0.0459994990861 0.0244390133179 0.076178387405  -5.66763139178 -0.322236030784    8.9291016926   0.826570333298 -0.0308593021384    1.57783601291 1776585327.48
-0.0392760960974  0.0434067846626   0.050199510795 0.0771151837413  -5.67396070862 -0.257470936649   8.89042173808   0.70292625419 -0.184675809153  0.955524131402 1776585327.5
-0.0248251761441   0.037917590032  0.0662553138091 0.0802732808122  -5.68770051488 -0.183772970674   8.85237091414  0.598244837513 -0.306067518727  0.534702888845 1776585327.53
-0.0147755094163   0.030872060913  0.0720977933297 0.0798090948861  -5.70543361565 -0.121055547825   8.82009664901  0.383453206617 -0.377068971501 0.0625075112552 1776585327.54
-0.0102818885802  0.0236164383157    0.06862604561 0.07330066526    -5.7218666252 -0.0860640734485     8.7974606266 0.0938017047611 -0.347132184635 -0.366758428967 1776585327.56
-0.0111129458089   0.017318003344  0.0577774131398 0.0613322123644   -5.73154398508 -0.0875119060918    8.78627854775 -0.148924407441 -0.282998891415  -0.69395766826 1776585327.58
-0.0159642886262  0.0128182559276  0.0421472087706 0.0468567327448  -5.73068686668 -0.123614184228   8.78606508041 -0.230714779008  -0.13194586752 -0.644691767506 1776585327.6
-0.0229664474049  0.0105389813934  0.0246548930832 0.0353042715285  -5.71867837867 -0.182526075979   8.79433648634  -0.327364385327 -0.0543436713261  -0.776360548921 1776585327.63
-0.0302457541239  0.0104474810301 0.00827801929813 0.0330527019455  -5.69879219933 -0.245444404203   8.80737542532 -0.435466698302 0.0499661906557 -0.933464532863 1776585327.65
 -0.0364061726041   0.0120810783535 -0.00415444378173 0.0385826549241  -5.67792407498 -0.291483143545   8.82124249229  -0.29032881022  0.114576676277 -0.504687149577 1776585327.66
-0.0408367961505  0.0146271778118 -0.0101327020059 0.0445451445223  -5.66530364141 -0.303025940852   8.83276050459  -0.195751870169   0.131573654871 -0.0917633343123 1776585327.68
 -0.0438022474048   0.0170523135831 -0.00762152935266 0.0476183366564 -5.67039887996 -0.27017210917  8.84021430675 -0.110220105781 0.0731072411284  0.299583141905 1776585327.7
-0.0463287968132  0.0182699344021 0.00479479967096 0.05003137037 -5.70043364769 -0.19313393244  8.84359284908  -0.140463222681 0.00637191324504   0.809806645334 1776585327.73
-0.0499453767963  0.0173309878637  0.0277951933265 0.0597283565462     -5.758076203 -0.0819529596125    8.84432626987 -0.276283468194 -0.128154803576   1.55443086632 1776585327.75
-0.0563661051048   0.013614102908  0.0612668786018 0.0843570507799 -5.83988616914 0.046430944549  8.84460471982 -0.450302303103 -0.269931272494   1.99747538383 1776585327.77
-0.0672041035684 0.00698533773683   0.104352389783 0.124316562586 -5.93600732135 0.173046561753  8.84647415775 -0.809564510922 -0.464139106277   2.78592817922 1776585327.78
 -0.0837854612822 -0.00210594818022    0.155624222582 0.176757849031 -6.03136643621 0.282447335333  8.85096156759 -0.925895463152  -0.45520654401   2.53079190609 1776585327.8
 -0.107092868572 -0.0126255444683   0.213382153545 0.23908205772 -6.10831544469 0.367448244351  8.85747484786  -1.25520554752 -0.486893727759   2.79688503029 1776585327.83
-0.137820926729 -0.023066283525  0.276027597719 0.309383089361 -6.15029452534 0.431631737981  8.86365277129  -1.82650796335 -0.501376952129   3.39691555392 1776585327.85
 -0.176482076387 -0.0316729016236   0.342431292136 0.386533680056 -6.14577770563 0.488675145195  8.86572436897 -2.27047627163 -0.36282657764  3.60924523104 1776585327.87
 -0.223476203955 -0.0367541654381   0.412188853709 0.470310677673 -6.09157652274 0.558310677126  8.85930274531  -2.53488669775 -0.132433118042   3.54028940923 1776585327.88
 -0.279038431005 -0.0370308759383   0.485664193405 0.561340752579 -5.99459265196 0.659631368214  8.84041887935 -2.64923900788  0.10649437234  3.35914288561 1776585327.91
 -0.343013028353 -0.0319490123175   0.563757387937 0.660682275729 -5.87135910693 0.803295926372  8.80652750786  -3.3867292325 0.378870009111  4.04464245684 1776585327.93
 -0.414463060857 -0.0218810581573   0.647396699902 0.76901293654 -5.74516584946 0.984738362591  8.75721167901 -4.14430739813 0.665568238691  4.84026523966 1776585327.95
  -0.491201296619 -0.00815024566495    0.736831065855 0.885587465987 -5.6411422882 1.18056171547 8.69438220944 -4.13942940868 0.775831139807  4.90201134419 1776585327.96
 -0.569395193853 0.00715704382906   0.830871038644 1.00727791245 -5.58023373913  1.34978413282   8.6219019753 -3.97798260753 0.776902691927  4.95038646124 1776585327.98
-0.643431090256 0.0215803359228  0.926272896995 1.12802959115 -5.57341570742   1.4405430738  8.54473314078 -3.04371475882 0.570844140901  4.15149199124 1776585328
-0.706199312633 0.0328144512555    1.0174657916 1.23896363726 -5.61761683666  1.40144442812  8.46786398542  -2.3214618677 0.385878639613   3.7184982578 1776585328.03
-0.749876848088  0.039273990424   1.09677682409 1.32920169105 -5.69460086153  1.19530314549  8.39537013354 -1.63329525855 0.207622214333  3.69120501555 1776585328.05
-0.767151779035 0.0405626437377   1.15521678825 1.3873330559 -5.77349565943 0.811964723314  8.32995678794 -0.078132417421 -0.043187607156     2.418329826 1776585328.07
-0.752687306259  0.037720512784   1.18376523485 1.40330365542 -5.81684194675  0.27658945522  8.27319021967   1.70549713992 -0.201585852032  0.537590674768 1776585328.08
-0.704507155547 0.0331581928562   1.17496303386 1.37038969965  -5.78913426369 -0.349561857497   8.22637815152   2.89347094838 -0.169206587411  -1.34202294534 1776585328.1
 -0.62494023386 0.0302500226502   1.12451476874 1.28685617879   -5.6660683246 -0.977212047039   8.19177612161    3.99702819994 -0.0113044799278   -3.09876971882 1776585328.13
-0.520815376944 0.0326386718721   1.03255259974 1.15692645013 -5.44231879089 -1.50518462317  8.17359626475  5.99899539928 0.354514475291 -5.94713111576 1776585328.15
-0.402744624465 0.0433808144968  0.904240150329 0.990825603761 -5.13580252186 -1.84144377984  8.17827932919  6.57991860147 0.872987331492 -7.84936171997 1776585328.16
-0.283544456954 0.0641184696976  0.749505743174 0.803907641633 -4.78704953796 -1.92426623108  8.21369064552  6.13899843425  1.38376627195 -8.73048902569 1776585328.18
 -0.17606602284 0.0944755014985  0.581872411513 0.61522383574 -4.45337100973 -1.73822765414   8.2872509605  4.39954858794  1.54653914553 -7.60285796552 1776585328.2
-0.090877286171  0.131845263872  0.416557690708 0.44627588377 -4.19873237866 -1.32059092161  8.40338675162  3.08767534841   1.6811490516 -6.83246194725 1776585328.23
-0.0343112132008   0.171656855396   0.268194892535 0.320268380796  -4.08131724621 -0.755882381143    8.5609582392  2.23033451718   2.0358340973 -7.15319242367 1776585328.25
-0.00733779706443    0.208099538324    0.148627460533 0.255830770513  -4.14143207138 -0.159390065978   8.75142291164 0.821753736734  1.81417229294 -5.79750372596 1776585328.27
-0.0055407495009    0.23517293785   0.065218181823 0.244111494695 -4.39246057075 0.346800187815  8.95839889263 -0.353631274865   1.09074034456  -3.53009284621 1776585328.28
-0.0202234936261    0.24784418227  0.0199971371313 0.24947066736 -4.81697317574 0.659630637997  9.15902392616 -0.779776964065  0.176371492087  -1.24011140867 1776585328.3
-0.0404002398645   0.243057526152 0.00977969916386 0.246586258571 -5.36895007327 0.716652854384  9.32710655818  -0.73048058041 -0.573490353228  0.149756307028 1776585328.33
-0.055219058408  0.220369641062  0.027171601018 0.228801702387 -5.98167085053 0.508365521295  9.43760981476 -0.405024815553  -1.55649086977   1.33774862108 1776585328.35
-0.0562704804006   0.182068955706  0.0621972093464 0.200459383534  -6.57953014291 0.0786912813686   9.47159760329 0.464485375694 -2.55278828682  2.24386244902 1776585328.37
-0.0392778664139   0.132757650825   0.104181220653 0.173265897912  -7.09119427035 -0.486065195341   9.42052820538  1.49746084233 -3.01477397078  2.36662822682 1776585328.38
-0.00482603928399   0.0784980591352    0.143501416454 0.163639519883 -7.46132078565 -1.07671517093  9.28879886016  1.78357988279 -2.34929823889  1.50833666502 1776585328.4
0.0419852264856 0.0257194167217  0.172903739737 0.17977750375  -7.6585408914 -1.58428959995  9.09377378297  2.01465195589 -2.02935712427 0.922137561899 1776585328.43
 0.0928357098348 -0.0198765339371   0.188202719306 0.210793285415 -7.67839839225 -1.92143077752  8.86311309975  2.50962242923 -2.08639976253 0.403059167484 1776585328.45
  0.138103261004 -0.0541892747448   0.188340824823 0.239752485894 -7.54116409498 -2.03760843017    8.629906943   2.27190658896  -1.65148547866 -0.396644857813 1776585328.47
  0.168967230818 -0.0752177623056   0.174911162135 0.254561488635 -7.28556714629 -1.92552722501  8.42669233158   1.25947650268 -0.885849349709  -1.13303327835 1776585328.48
  0.179241976955 -0.0831240779708   0.151332167574 0.248874915538 -6.96022191082 -1.61833391689  8.27970240253 -0.0567946876091  -0.110825473807   -1.25462160456 1776585328.5
  0.166567104747 -0.0799012128214   0.121891238112 0.22132843948 -6.61473926323  -1.1792813795  8.20459019381 -0.946072637309  0.292219884922  -1.23041726577 1776585328.53
  0.132739583918 -0.0687605678068  0.0908533575588 0.174934688966  -6.29222755286 -0.686895600413   8.20444215776 -2.01462541876  0.64029843277 -1.45221569052 1776585328.55
 0.0831722686894 -0.0533962445371  0.0617771899603 0.116555593641  -6.02427835187 -0.219196534754   8.27030702694 -3.11213615007 0.914758374037 -1.56184514312 1776585328.57
 0.0256569153976 -0.0372854770589  0.0371132454057 0.0585309925746 -5.82881390119 0.159819209245  8.38389386398 -3.24960964028  0.85891851283 -1.24067459363 1776585328.58
-0.0312492419414 -0.0231529954624  0.0180919856071 0.042894011983 -5.71053789615 0.409186104411  8.52167871949  -2.74158921556   0.63960454166 -0.838317139281 1776585328.6
-0.0798389029871 -0.0126736190234 0.00485496536414 0.0809842067197 -5.66329927179 0.514476648092  8.65947140492  -1.74183349877  0.349805153575 -0.446421280534 1776585328.62
  -0.114535988367 -0.00642686570046 -0.00325389849547 0.114762298205 -5.67349308067 0.486051930226  8.77653285353  -1.16401061017  0.189871863665 -0.268802757239 1776585328.65
  -0.132619933145 -0.00406404753432  -0.0073336575852 0.132884708237 -5.72366261575 0.353265840016  8.85854958873 -0.578584120089 0.0530596997471 -0.156249570449 1776585328.67
  -0.134320365387 -0.00461251741833 -0.00859676965905 0.134674200659 -5.79566800127  0.15638319466  8.89908813302   0.295086167788 -0.0794495055261 -0.0228092800044 1776585328.68
  -0.122354014549 -0.00682806105059 -0.00812718245123 0.122813592035   -5.87306300327 -0.0619243352619     8.8994874708  0.897384385996 -0.132320286189 0.0497757532377 1776585328.7
   -0.10108039623 -0.00951378637322 -0.00675302852852 0.101751471869  -5.94259081532 -0.263916409764    8.8674344185   1.07376668472 -0.112726906485 0.0710754093785 1776585328.72
   -0.07550057776  -0.0117468605091 -0.00502583161967 0.0765740488506  -5.99490970821 -0.421892189141   8.81466169894    1.02426023266 -0.0700457058752  0.0702204166842 1776585328.75
  -0.050314568525   -0.012985490265 -0.00327266537363 0.0520661992269  -6.02476115221 -0.520622857076   8.75429443989    1.28742399695 -0.0365102010984   0.093113880737 1776585328.77
 -0.0292011802254  -0.0130598703013 -0.00167719388227 0.0320325165756  -6.03079876962 -0.557235954081   8.69835256896   1.01647509785 0.0257464482421 0.0827339091562 1776585328.78
  -0.0144097156289   -0.0120760509303 -0.000350263394416 0.0188040845303  -6.01523272706 -0.539105608388   8.65581506251  0.695540161967 0.0859391608147 0.0713508011935 1776585328.81
-0.00667603497595  -0.0102767210515 0.000633509723978 0.0122711765182 -5.98334928775  -0.4805329044  8.63149796235  0.244001747818  0.113086248705 0.0430394541355 1776585328.81
-0.00541261424755 -0.00790621012574  0.00123673479604 0.00966095567223  -5.94287790775 -0.399034670934   8.62582582697 -0.0511975861636   0.109716865542  0.0180980013057 1776585328.84
-0.00908265979094 -0.00511930346562  0.00148423535985 0.0105311410329  -5.90312948728 -0.311936459529   8.63541748632  -0.290682819523   0.168838884763 0.00716237229362 1776585328.86
  -0.015654663894 -0.00195726466404  0.00148909705377 0.0158466651582  -5.87383763864 -0.233747932774   8.65428522344    -0.425539821445     0.205017139849 -0.000825103791129 1776585328.88
-0.0230426820668 0.00160637459077 0.00145716746462 0.0231445236109  -5.86370266637 -0.174551637065   8.67537433682  -0.384894105556   0.209787940808 0.00465319103346 1776585328.89
 -0.029462129137 0.00556854479701 0.00165602289788 0.0300294548116   -5.8787502689 -0.139413489973   8.69214896865 -0.222738375488  0.171479903745 0.0186780893266 1776585328.91
-0.0336626664715 0.00978239679392 0.00234772355727 0.0351337758703 -5.92074269487 -0.12865962047  8.69995338646 -0.118772858183  0.177020938714 0.0435577608931 1776585328.94
-0.0350309094765  0.0138683427329  0.0036982706488 0.0378572681886  -5.98597872303 -0.138771954085   8.69693469902 0.00229994310254   0.206500890595  0.0930852629443 1776585328.96
-0.0335801673393  0.0171895992738  0.0056866989415 0.0381503408449  -6.06485074836 -0.163628747514   8.68439211068 0.125026823387 0.122052768021 0.104969887937 1776585328.98
-0.0298587988889  0.0189174225754 0.00804066577703 0.0362500904016  -6.14246476017 -0.195839969624   8.66650996791  0.249695375888 0.0284445465197  0.129168909053 1776585329
-0.0248124705118  0.0181883889365  0.0102222808685 0.0324186861418  -6.20046516372 -0.227981203193   8.64952930973  0.259591418219 -0.116455930919 0.0872469420647 1776585329.01
-0.0196306233025  0.0143289361081   0.011478287286 0.0268780739685  -6.21995973256 -0.253595464399   8.64050716302  0.185087004576 -0.222771126699 0.0147045440328 1776585329.04
-0.0155974473176 0.00709716670712  0.0109543836686 0.0203383543988  -6.18515415514 -0.267896307778   8.64589331448  0.163528151167 -0.503027416891 -0.104358050588 1776585329.06
 -0.013956716902  -0.003124514322 0.00785739506074 0.0163184311002   -6.0870440528 -0.268159267988   8.67020604388 -0.00653136360921   -0.752907595397   -0.313933529067 1776585329.08
-0.0157913403231 -0.0152539876997 0.00163481135381 0.0220164297311 -5.92634749782 -0.25382811694  8.71509514049  -0.20225815872 -0.622157791881 -0.399674221268 1776585329.09
 -0.0219143283083  -0.0276025871599 -0.00786732112427 0.036111429559  -5.71485906296 -0.226386915227   8.77902948269 -0.331388590876 -0.446995636214 -0.428301731942 1776585329.12
-0.0327683625122 -0.0381535534765 -0.0203070665714 0.0542386963095  -5.47460831251 -0.189059588245   8.85773359033 -0.537038050136 -0.353524919604 -0.548228534223 1776585329.14
 -0.048335223076  -0.044995106547 -0.0348387590097 0.07466319396 -5.23460923135 -0.14639758363  8.94533320515 -0.874499407111 -0.214913941521 -0.740798932307 1776585329.16
-0.0680623017777 -0.0468272695908 -0.0502049856691 0.0966737331783  -5.02553504598 -0.103805046817   9.03598172794  -1.14337676463 0.0423440206494 -0.809452699858 1776585329.18
-0.0908194680514  -0.043421737381 -0.0649154475174 0.119781627893   -4.87323288759 -0.0670326337554    9.12557070877  -1.23282119654  0.287639075971 -0.717789821147 1776585329.2
 -0.114904054304 -0.0358982569722 -0.0774778239867 0.143158792111   -4.79245498143 -0.0416505699902    9.21303033628  -1.00403058878  0.355006056006 -0.461030194733 1776585329.22
 -0.138113206265 -0.0266995740679 -0.0866317593329 0.165206497225   -4.78237645982 -0.0324969881518    9.30074656794  -0.92167762332  0.357883375915 -0.301355376159 1776585329.25
 -0.157899814061 -0.0192031921657 -0.0915358883545 0.183520932667   -4.82528966708 -0.0430983005824    9.39378470005  -0.93328828673  0.270311130941 -0.145923147657 1776585329.27
-0.171619476555 -0.016995050884  -0.09187059121 0.195402871056   -4.88929421522 -0.0750801239937    9.49790223265 -0.576757037824 -0.113354591566  0.112344895509 1776585329.28
 -0.176861286921 -0.0229298393854 -0.0878424359172 0.198801372966  -4.93493019992 -0.127627334003   9.61669986845 -0.00587607947539   -0.574774583436    0.319149148362 1776585329.3
 -0.171836143032 -0.0381884987603 -0.0801027242314 0.193397176606  -4.92471029217 -0.197098060627   9.74860226798 0.446016246759 -0.81768890477 0.385592629272 1776585329.32
 -0.155775626573 -0.0615865265376 -0.0696133349095 0.181397250482  -4.8336302816 -0.27693079755  9.88456503004 0.903126812336 -1.08595277081 0.479610616363 1776585329.35
  -0.12927577006 -0.0893646506857 -0.0575007967555 0.167345771217  -4.65821494827 -0.357987306176   10.0073728185  1.67417476721 -1.47594265687 0.674442541844 1776585329.37
 -0.094507426678  -0.115600212268 -0.0449313953171 0.155929128321  -4.42166968074 -0.429431346269   10.0930850493  2.33514854851 -1.38303728879  0.77188268507 1776585329.39
-0.0552139457471  -0.133229211151 -0.0330196819039 0.147948984119  -4.17332965968 -0.480148259425   10.1146491071   2.24297079665 -0.571756531461  0.636978730802 1776585329.4
-0.0164337428374  -0.135502004453 -0.0227593384556 0.138379364796  -3.98174999591 -0.500572668954   10.0470766958  1.55107828469 0.340978331187 0.393139979945 1776585329.42
 0.0160753829071  -0.117557457793 -0.0149505196224 0.119589681224  -3.92223548874 -0.484640522665   9.87305894088  1.14033499454  1.24042064564 0.271824506933 1776585329.45
 0.0366728167943 -0.0777343543316 -0.0101001949093 0.0865421242643  -4.06103913337 -0.431462821922   9.58765824278 0.695882112342  2.79189322039 0.187204063249 1776585329.47
  0.0408227011456   -0.018270712542 -0.00829307226656 0.0454872170311  -4.43951057522 -0.346280331574   9.20085753156 -0.353777473508   4.41702678355 0.0345559574817 1776585329.48
  0.0260552853546   0.0548289778653 -0.00906310523443 0.0613778020554  -5.06185118713 -0.240336707034   8.73724986979    -1.3322683885     4.1804634802 -0.0839177829196 1776585329.5
-0.00731526746065    0.132779197151  -0.0113252177671 0.133461937988  -5.88965679211 -0.129508900616   8.23287427841   -1.67757679849     3.0863142434 -0.0895104343612 1776585329.52
-0.0559252384247   0.205652271588 -0.0134373385329 0.213544026302   -6.84510753131 -0.0318271360991    7.72992788011   -2.14960369769    2.65769921886 -0.0427755943092 1776585329.55
 -0.113685775525   0.264292190218 -0.0134419156981 0.288019968864   -7.8227224753 0.0356695738661   7.27058037702 -3.00473314056  2.48007637991 0.101753767142 1776585329.57
  -0.172706609758    0.302042435742 -0.00948259649447 0.348061956668  -8.70747981955 0.0600628982228   6.89123092114 -3.23839247392  1.50508394838 0.382882031379 1776585329.58
   -0.224669501972     0.315873283786 -0.000320073619291 0.387624069135  -9.39539896478 0.0349348367918   6.61826997342 -2.41160623071 0.124236152312 0.636779889241 1776585329.6
-0.262361951754  0.306661114605  0.014190720492 0.403826954879   -9.81194341265 -0.0385658163347    6.46588088488 -1.23134803024 -0.81436131406 0.724256006546 1776585329.62
-0.281014416897  0.278609149006 0.0328209572436 0.397076032579 -9.92413067236 -0.15217577609  6.43585842782 -0.362616919718  -1.48490210594  0.839817362865 1776585329.65
-0.279122301959  0.238028135936 0.0530075333451 0.370643294206   -9.7439020636 -0.292277404944   6.51902283885 0.617449412119 -2.38686278113  1.05704539991 1776585329.67
-0.258569240196  0.191843244252 0.0712460821462 0.329754282098  -9.32257737616 -0.442437796558   6.69764338779  1.62067084957 -2.70192184789 0.905178449314 1776585329.68
-0.224053625931  0.146219698131 0.0837645367095 0.280351074592  -8.73836919082 -0.586084549516   6.94831516742   2.1344878803 -2.40362866295 0.447982627061 1776585329.7
-0.181992785724  0.105611149623 0.0873178160559 0.227814595628 -8.08033934197  -0.7087734965  7.24486221485    1.92084079167    -1.6713735808 -0.0872929083855 1776585329.72
-0.139187834623 0.0723757636834 0.0799077976305 0.176058969093  -7.43255130118 -0.799731076155   7.56098549957   1.65929896342  -1.21041246539 -0.537634814175 1776585329.75
-0.101555849885 0.0469346410714 0.0612551847845 0.127548613639  -6.86157852474 -0.852599565357   7.87249142893  1.72348157228 -1.15046095197 -1.22695330101 1776585329.77
-0.0731829459849  0.0283160834179  0.0329186581466 0.085095136273  -6.40929685965 -0.865493434714   8.15901445475   1.29505324751 -0.908655567001  -1.79096315837 1776585329.78
 -0.0558494031825   0.0148653672221 -0.00195346111557 0.0578269054059  -6.09143832936 -0.840561357876   8.40519277933  0.684008215001 -0.663763661279  -2.04399002928 1776585329.8
-0.0490589713706 0.00490610476069 -0.0391698964886 0.0629693046396  -5.90109202557 -0.783256812047   8.60128303359   0.13773762782 -0.454649923041  -1.85968709943 1776585329.82
 -0.0504974001728 -0.00280074039846  -0.0742144046992 0.0898087380819   -5.8154654796 -0.701482539508   8.74322366836 -0.174402200043 -0.311533844298  -1.44337811939 1776585329.84
 -0.0567697425446 -0.00886761016806   -0.102985366669 0.117929741484  -5.80388111302 -0.604717476571   8.83218839963 -0.366519540419  -0.28133832606  -1.28640015272 1776585329.86
-0.0642317113166 -0.0133431199462  -0.122418710349 0.138888776479  -5.83515164812 -0.503177176008    8.8737110876 -0.406525434499 -0.221907652275 -0.874847520622 1776585329.88
-0.0697378750608 -0.0159464485305  -0.130892940503 0.149166424883  -5.88302082576 -0.407013805541    8.8765033555 -0.204200906014 -0.088885595665 -0.174990427106 1776585329.9
-0.0711716046454 -0.0163639515597  -0.128365867594 0.147685382423  -5.92907522722 -0.325541152905   8.85111461099 0.0473994615948 0.0333139510942  0.338285594934 1776585329.91
-0.0676855163809 -0.0145039811609  -0.116245445497 0.135294856502  -5.96322702105 -0.266480141945   8.80859277898 0.217124211275 0.107911349182 0.590327627675 1776585329.94
-0.0596507750355 -0.0106380665486 -0.0970424883515 0.114405541683   -5.9823770134 -0.235256669677   8.75929044982 0.383997981285 0.180972481896 0.842295804652 1776585329.97
 -0.0483734841171 -0.00540251037313  -0.0738846921908 0.0884767134566  -5.98810956421 -0.234429079703   8.71192794355 0.723461334298 0.330674615517  1.41989497433 1776585329.99
 -0.0356747894155 0.000320708234128  -0.0499862327195 0.0614118629835  -5.98424785124 -0.263353616625   8.67297897787 0.822056179422 0.362576414573   1.5075567204 1776585330
 -0.023442919218 0.00559337416699 -0.0281648963936 0.0370690933919  -5.97488079154 -0.318193279681   8.64639600056 0.507583099681    0.210480823  0.89427016312 1776585330.02
-0.0132519888251 0.00961883010857 -0.0104812894813 0.0194420814129   -5.9631678273 -0.392332605012   8.63365029238 0.357585839471 0.129990926285 0.621414559503 1776585330.04
-0.00611149361784   0.0118937580718  0.00195374650559 0.0135140282936  -5.95093718748 -0.477187861298   8.63403231569  0.269923974177 0.0660331333202  0.483102726499 1776585330.07
-0.00237208670107   0.0122804463272  0.00899126902773 0.0154038656201  -5.93888708873 -0.563319625108   8.64514102423 0.128888200468 -0.02682176858 0.277820371792 1776585330.08
-0.00177699706518   0.0109917448307   0.0112968162313 0.0158617221624  -5.92710443531 -0.641685940452   8.66348427354 -0.0353764705648  -0.106956507714   0.031136933728 1776585330.1
-0.00362124780624  0.00850375783205   0.0100907299385 0.0136839381624  -5.91562164852 -0.704837529533   8.68511310873 -0.122821440299 -0.131723765103 -0.105519757433 1776585330.12
-0.00696639782488  0.00542620672082  0.00683843902894 0.011168646578   -5.9048070298 -0.747860580312   8.70621880226 -0.148788944162 -0.126216943832 -0.146742962033 1776585330.14
-0.0108573861467 0.00236537657247 0.00295409502425 0.0114980223378   -5.8954891556 -0.768915695638   8.72363222114 -0.174989368499 -0.130476739939 -0.168891825028 1776585330.17
  -0.0144979884676 -0.000189548122101 -0.000430711662431 0.0145056234141 -5.88881828064 -0.76929323146  8.73517975697 -0.195447887436 -0.129333129856 -0.167043187904 1776585330.19
 -0.0173582833941 -0.00193644218295   -0.002602018243 0.0176587176673  -5.88594555175 -0.752990097031    8.7398678824  -0.141559915734 -0.0778634163653 -0.0861144884745 1776585330.2
 -0.0192065564216 -0.00277944219762 -0.00329505301717 0.0196843715392   -5.8876431204 -0.725894582046   8.73788843484   -0.0646574699602   -0.0206202396745 -0.000818589403253 1776585330.22
 -0.0200749335501 -0.00280282277848  -0.0026364121194 0.0204403875069  -5.89399294517 -0.694729227225   8.73045758726 -0.0209763888633   0.012189200133  0.0489144827419 1776585330.24
 -0.0201797473105 -0.00221392929692 -0.00102568581342 0.0203267241787  -5.90424374539 -0.665936581581   8.71952123444  0.006179569885 0.0374865993344 0.0893470297621 1776585330.27
 -0.0198228359807 -0.00127354472927  0.00100852910769 0.0198892904211  -5.91688399578 -0.644693865518   8.70737592594 0.0250506235158 0.0563851544288  0.112926279624 1776585330.28
  -0.0192988283987 -0.000231114424061   0.00294542872982 0.0195236713208   -5.9299177485 -0.634211144229   8.69626514991 0.0266777741435 0.0534892488237 0.0902708042757 1776585330.3
 -0.0188273322828 0.000722451815183  0.00437706049226 0.0193429324577  -5.94127472897 -0.635410375343   8.68801357333 0.0186618177638 0.0409551717061 0.0508662636398 1776585330.32
-0.0185199252769 0.00147826413172 0.00506847440774 0.0192577862156  -5.94925022954 -0.647010971513   8.68375535279 0.00970155078904  0.0280587617668  0.0129546516761 1776585330.34
-0.0183822845023 0.00200961609626 0.00497134063369 0.0191483985773  -5.95286259507 -0.665975284995   8.68379683911 0.0043047656577 0.0214067351931 -0.021254723045 1776585330.37
-0.0183437762364 0.00235421793823 0.00419874086875 0.0189648594404  -5.95203819377 -0.688208413903   8.68763085781 0.00237346687469  0.0170213320147 -0.0589051757222 1776585330.38
-0.0183018290147 0.00258660311084 0.00297458024774 0.0187215274106  -5.94757957786 -0.709371281995   8.69409312176 0.00523870073536  0.0128938527896 -0.0778402848878 1776585330.4
  -0.01816705347 0.00278918024069 0.00157287022393 0.0184470940514  -5.94092957039 -0.725658770505   8.70162623393  0.0106973951986  0.0116895511656 -0.0717367356488 1776585330.42
  -0.017897112175  0.00302885639938 0.000260548990185 0.0181534702211  -5.93379662101 -0.734414442286   8.70859811385 0.0134991319257  0.011418426379  -0.04778315774 1776585330.44
  -0.0175118523258   0.00334339113884 -0.000746358878976 0.017843774482  -5.92774052742 -0.734493766369   8.71361322061  0.0182152712119  0.0159720422518 -0.0353128404243 1776585330.47
 -0.0170878594711   0.0037384488193 -0.00130830009598 0.0175408833877  -5.92382361823 -0.726339175407   8.71575830868  0.0178936045887  0.0196046207873 -0.0143641575417 1776585330.48
 -0.0167359601253   0.0041934754406 -0.00136920922465 0.0173075801742 -5.92241015204 -0.71178208299  8.71473903295 0.0162203502215 0.0292114188246 0.0112545306475 1776585330.51
  -0.0165691088563   0.00467267288154 -0.000948363681965 0.0172414800358  -5.92315376579 -0.693629681562   8.71088678354 0.00230165164794  0.0328255888261  0.0433794442614 1776585330.52
  -0.0166698135637   0.00513684140824 -0.000122538780202 0.017443762199  -5.92516246513 -0.675121859543    8.7050421893 -0.0102618308553  0.0181876185295  0.0401784396592 1776585330.54
  -0.017065626566  0.00555267907374 0.000995666298426 0.0179738478452  -5.92728679441 -0.659354291267    8.6983471523 -0.0223181753849  0.0161927073536  0.0510908292191 1776585330.56
-0.0177186492108 0.00589781260786  0.0022784587029 0.0188129236823  -5.92844991273 -0.648759766473   8.69199531864 -0.0390011173263   0.016205520124  0.0692869691582 1776585330.59
-0.0185312518785 0.00616166728035 0.00359940544198 0.0198577229156  -5.92793329787 -0.644724907408   8.68699714617 -0.0464017277919  0.0125539649631  0.0722777129767 1776585330.6
-0.0193662668656 0.00634357476577 0.00484487253309 0.0209467425387  -5.92554823698 -0.647396939452   8.68400864613 -0.042137785549 0.0078592019914 0.0632976841544 1776585330.62
-0.0200766742597 0.00644990707506 0.00592087669397 0.0219027608176  -5.92165618627 -0.655707241907   8.68325451862 -0.0264661090352 0.00334343332707  0.0431861319202 1776585330.64
-0.0205379036043 0.00649158629682 0.00675669337126 0.0225743013717  -5.91704199271 -0.667606488876   8.68455185112    -0.01277901774 0.000694367667002   0.0295689723747 1776585330.67
-0.0206755627526 0.00648244860635 0.00730662618276 0.0228667405033  -5.91268224256 -0.680472583697   8.68741623119   0.0015322761497 -0.00148035462225   0.0219874620861 1776585330.69
-0.0204825582503 0.00643811633274  0.0075508738941 0.0227596184272  -5.90947642822 -0.691621488061   8.69121402151   0.0208785895373 -0.00344391724688  0.00604034004212 1776585330.7
-0.0200218275237 0.00637461517126  0.0074957569223 0.0223090938366  -5.90801461478 -0.698828434709   8.69531688789   0.0289670709145 -0.00357798200753   -0.010242242596 1776585330.72
-0.0194138101996 0.00630610570222 0.00717298353572 0.0216359582269   -5.9084411119 -0.700759210968    8.6992190876   0.0251682127804 -0.00276282847994   -0.017841326231 1776585330.74
-0.0188108825898 0.00624168427226 0.00663733825736 0.0209012484197  -5.91044447039 -0.697222697927   8.70259300376   0.0218517865167 -0.00258344976708  -0.0251967056791 1776585330.77
-0.0183637865691 0.00618196558664 0.00596222960703 0.0202729755476 -5.91336884227 -0.68918733209   8.7052793797   0.0159986722934 -0.00320468811257  -0.0360194635236 1776585330.79
-0.0181870787675 0.00611673036002 0.00523290427626 0.0198888790926  -5.91641004272 -0.678551391033   8.70722917207  0.00105379982661 -0.00509010799778  -0.0462024736359 1776585330.8
-0.0183312955065 0.00602502589742 0.00453770151117 0.0198224132491  -5.91883936055 -0.667710940571   8.70842753622 -0.0169756248041 -0.0069505029829 -0.0372121309251 1776585330.82
 -0.018768530699 0.00587866057287 0.00395830816277 0.0200620187977  -5.92019365006 -0.659017581703    8.7088330914  -0.0226610748618 -0.00800393905733  -0.0208113060197 1776585330.84
-0.0193954730035 0.00564915617879 0.00356039025458 0.0205127696162  -5.92038185974 -0.654248104385   8.70835688338 -0.0277492580932 -0.0121200218993  -0.012351485918 1776585330.86
-0.0200541134406 0.00531715759755 0.00338608179633 0.0210215408745 -5.91968254768 -0.65421038919  8.70688882852  -0.0314426133923  -0.0205957634043 -0.00297633774361 1776585330.88
-0.0205661719235 0.00488231667746 0.00344957264096 0.0214173760095  -5.91863778882 -0.658581467436   8.70436098951 -0.0218403984561 -0.0287111310421  0.0106345172687 1776585330.9
-0.0207738310275 0.00437102531929  0.0037365263691 0.0215550353098  -5.91787807861 -0.666019644828   8.70082320392 -0.000318368078975   -0.0292434928699    0.0212477787548 1776585330.92
-0.0205775269118 0.00383931161253 0.00420740074851 0.0213512797865   -5.9179321299 -0.674525419022   8.69650160384  0.0173301259365 -0.0213890227464  0.0227851678428 1776585330.94
-0.0199618780293 0.00336890443393 0.00480405960062 0.0208063711442   -5.9190787366 -0.681962385045   8.69181520243  0.0328423241498 -0.0163440730815   0.026101190123 1776585330.96
-0.0190033472613 0.00305591677319 0.00545846818691 0.0200065166735  -5.92128351652 -0.686606236113    8.6873377368  0.0561223755219 -0.0100102934964  0.0346102267078 1776585330.99
-0.0178573879638 0.00299353608895 0.00610188203943 0.0191070805627  -5.92423548881 -0.687579594605   8.68370756681  0.0702220148203 0.00605153721411  0.0374740286851 1776585331
 -0.016727625757 0.00325203209981  0.0066729086035 0.0183007345611  -5.92746613295 -0.685057082507   8.68150361994 0.0553228263495 0.0235911309649 0.0277858983641 1776585331.02
-0.0158238740695 0.00386068073369 0.00712321471743 0.0177775148489  -5.93050771006 -0.680183650103   8.68111648738 0.0295878410608 0.0324238707239 0.0156937877361 1776585331.04
 -0.015318390039 0.00479634473297 0.00742038612923 0.017683894551 -5.93303688296 -0.67472569872  8.68264788178  0.0108366204473    0.04474816351 0.00896516486414 1776585331.07
-0.0153100994371 0.00598223434614 0.00754826183472 0.0180876347064  -5.93495725688 -0.670548786574   8.68586715107 -0.0133832833788   0.068870459685 0.00234713767063 1776585331.09
-0.0158045247484 0.00729799697726 0.00750564361478 0.0189572795642  -5.93639708337 -0.669066451438   8.69024082522  -0.0439440575864   0.0819536532732 -0.00763656260313 1776585331.1
-0.0167134204556 0.00859936372606 0.00730439384895 0.0201653576541 -5.93762771641 -0.67081601746  8.69503296658 -0.0568585285125  0.0671869530883 -0.0147859534806 1776585331.12
-0.0178736510303  0.0097429827002 0.00696757121383 0.0215160442849  -5.93893435327 -0.675284143703    8.6994549933 -0.050810575543 0.0431686037841 -0.016671948845 1776585331.14
-0.0190807381896  0.0106106340216 0.00652763035555 0.0227874983765  -5.94048479126 -0.681035451942   8.70282914173 -0.0472538298892  0.0289946570666 -0.0197602961143 1776585331.16
-0.0201296381768  0.0111272424271  0.0060241773313 0.023776218574  -5.94224056881 -0.686111195254    8.7047246712 -0.0476066347103  0.0176714305405 -0.0275687984912 1776585331.19
-0.0208541667823  0.0112689250431 0.00550064544452 0.0243339689348  -5.94393954418 -0.688586630142   8.70503257776  -0.0320177800785 -0.00209096739184  -0.0319251686174 1776585331.2
-0.0211571328973  0.0110601403997 0.00499965464027 0.0243915461712  -5.94515560643 -0.687128787983   8.70396130446 -0.0047442855964 -0.0195863537271 -0.0261261241882 1776585331.22
-0.0210254203642  0.0105619201287 0.00455757566984 0.0239665173583   -5.9454175564 -0.681394990263    8.7019574249  0.0135876380652 -0.0260023735951 -0.0172669123058 1776585331.24
-0.0205275142983 0.00985525269542 0.00419954728652 0.0231547197428  -5.94435211817 -0.672157401696   8.69957469776  0.0257112452418 -0.0321210357687  -0.012975475916 1776585331.26
 -0.019794686393  0.0090243652752 0.00393647160224 0.0221080208678   -5.9418096613 -0.661116918947   8.69732653213   0.041028937359  -0.045683872038 -0.0115965012372 1776585331.29
-0.0189904981899 0.00814385455217 0.00376512196747 0.0210032743137  -5.93793633591 -0.650457792312   8.69555813923   0.0474637865681  -0.0547624642633 -0.00827797864933 1776585331.3
-0.0182756950336 0.00727179313438 0.00367155009153 0.0200090050833  -5.93317098937 -0.642267147251   8.69436650575    0.033988597832   -0.047450414363 -0.00359062427858 1776585331.32
 -0.017776348807  0.0064488187169 0.00363685676884 0.019256494149 -5.92816559444 -0.63798073047  8.69358266471    0.0154358380997   -0.0339632052028 -0.000605583181419 1776585331.34
-0.0175620251146 0.00570151766571 0.00364355119071 0.0188204010344  -5.92364895994 -0.638008098435   8.69281638888  0.00290103422914  -0.0293920914634 0.000915297579932 1776585331.36
-0.0176380464567 0.00504759590789  0.0036804921749 0.0187116255282  -5.92026975608 -0.641640097978   8.69155208982  -0.009890046957 -0.0304350678715   0.002567157106 1776585331.39
 -0.017952314107 0.00450046452339 0.00374485841046 0.0188828950968  -5.91846155054 -0.647263116258   8.68927761486 -0.0238264896099 -0.0299796666738 0.00491760769117 1776585331.4
-0.0184136407577  0.0040717048303   0.003840568987 0.0192455427651  -5.91836691705 -0.652819715112   8.68562381115 -0.0293888630455 -0.0222435941472 0.00697940762455 1776585331.42
-0.0189161064578 0.00377099751887 0.00397374442319 0.019693403732  -5.91984045326 -0.656387136528   8.68049056709 -0.0209996878421 -0.0103413221842 0.00677203834549 1776585331.44
-0.0193631944375 0.00360409594926 0.00414678372595 0.0201275587617  -5.92252625947 -0.656712695952   8.67413417284  -0.0160365307557 -0.00418357617831  0.00789755485641 1776585331.46
-0.0196864388284 0.00357003484157 0.00435311214603 0.0204756100733  -5.92598159115 -0.653557645628   8.66719282928  -0.012681983968 0.00141216492318  0.0110167946327 1776585331.48
-0.0198555154614 0.00365891690492 0.00457446125864 0.0207015666789  -5.92980337311 -0.647755437032   8.66063442541 -0.00568831670637  0.00829863032953   0.0126431186194 1776585331.5
-0.0198792837424 0.00385137442489 0.00478173826662 0.0208058652289  -5.93371422485 -0.640970962966   8.65562443191 0.0016222572829 0.0133355058997 0.0105487595037 1776585331.52
-0.0197993911295 0.00412027797701 0.00493941081739 0.0208180296601  -5.93758061781 -0.635230999752   8.65332998355  0.0045059833394  0.0131302330726 0.00519059467719 1776585331.54
 -0.019679141911 0.00443457873268 0.00501228841443 0.0207859844616  -5.94136236227 -0.632358712516   8.65469401034  0.00438061230056   0.0134994270862 0.000703512017063 1776585331.56
-0.0195903526834 0.00476445716203 0.00497298170858 0.0207656571623  -5.94501966582 -0.633469394885   8.66022473726  0.00201279342156   0.0166307845651 -0.00520447013942 1776585331.58
-0.0196002537098 0.00508639558808 0.00480830757714 0.0208125247705  -5.94842090543 -0.638664761033   8.66984683448 -0.00502003740774   0.0184396003781  -0.0133261703184 1776585331.6
-0.0197597301614 0.00538661447984 0.00452335296327 0.0209743479908  -5.95129458266 -0.647005892727    8.6828501502 -0.0142146335779  0.0165689347447  -0.019175948841 1776585331.62
-0.0200937782135 0.00566166017387 0.00414252885104 0.0212832061518  -5.95325288822 -0.656767268182   8.69795282594  -0.018754181359  0.0118800247134 -0.0183170364409 1776585331.64
-0.0205950624138 0.00591576409249 0.00370749163542 0.0217462262209  -5.95388802762 -0.665897987739   8.71347240302 -0.0235932921848  0.0103337666603 -0.0182060561697 1776585331.66
-0.0212216290933 0.00615565430269 0.00327220874877 0.0223373447697  -5.95291515892 -0.672561870351   8.72757656429 -0.0329120883296  0.0118221555811 -0.0204764191932 1776585331.68
-0.0218997508709 0.00638441347658 0.00289577323284 0.0229944629479  -5.95031638735 -0.675609318017    8.7385688458 -0.0383776386522  0.0129056673918 -0.0186898646069 1776585331.7
-0.0225323033961 0.00659640905481 0.00263391191436 0.0236253000134  -5.94643482601 -0.674854738785   8.74515697047 -0.0326585309055  0.0114711040911 -0.0107258823967 1776585331.72
-0.0230120849056 0.00677511382783 0.00253045477818 0.0241218038394  -5.94197812626 -0.671087709476   8.74665402761   -0.0165523965355   0.00699589053225 -0.000555956865964 1776585331.74
-0.0232384207054 0.00689485039461  0.0026101950607 0.02437983341  -5.93791452925 -0.665819355907   8.74307566461 -0.00255320012246  0.00315162180764  0.00716719807247 1776585331.76
-0.0231346186717  0.0069263671848 0.00287442459267 0.0243196928476  -5.93527516107 -0.660837993566   8.73511759027   0.0140684585999 -0.00121977970044   0.0168800191375 1776585331.78
-0.0226635474679 0.00684500707308  0.0032999558601 0.0239035607042  -5.93490571597 -0.657699980467   8.72402214256   0.0383537106634 -0.00849404684693   0.0286309761913 1776585331.8
-0.0218387613855  0.0066393787212 0.00384177973168 0.0231467518274  -5.93723053903 -0.657298323046   8.71136405846    0.05730088795 -0.0156065007973  0.0337353427599 1776585331.82
-0.0207290517722 0.00631812678033  0.0044388714633 0.0221204858277  -5.94209606328 -0.659628126489   8.69879849994   0.058446491074 -0.0178162921803   0.028941971481 1776585331.84
-0.0194549611694 0.00591272293111 0.00502220778823 0.0209446503344  -5.94874585015 -0.663811436082   8.68781663187  0.0532160081475 -0.0175768523209  0.0226206090691 1776585331.86
-0.0181766574834 0.00547508990026 0.00552382156397 0.0197706876804  -5.95594823097 -0.668370788972   8.67954700794  0.0551796651556 -0.0195260867948  0.0200076179357 1776585331.88
-0.0170737115193 0.00507008484667 0.00588562609773 0.0187578778107  -5.96225689016 -0.671671636822   8.67462833668  0.0542608987867 -0.0207656192366  0.0158562237024 1776585331.9
 -0.016318789781 0.00476408484574 0.00606673122005 0.0180500590589  -5.96634557725 -0.672407762509   8.67316486005  0.0303394915507 -0.0135661230624 0.00480975464205 1776585331.92
-0.0160489128576 0.00461185222483 0.00604808861336 0.01775995948  -5.96733234862 -0.669993133376   8.67476257516 -0.000514626512871  -0.00300219884241  -0.00584403524347 1776585331.94
-0.0163393142098 0.00464435060188 0.00583365833657 0.017960366114  -5.96500539928 -0.664750683588   8.67863434969  -0.024060686513 0.00525725135972 -0.0127050091966 1776585331.96
-0.0171854655672 0.00486018858359 0.00544794311792 0.0186719507295  -5.95988458347 -0.657845453048   8.68375475142 -0.0490997457795  0.0131589233728 -0.0205405457289 1776585331.98
-0.0184980129166 0.00522289027486 0.00493058136954 0.0198435303645 -5.95309535718 -0.65098056143  8.68904053962 -0.0832441935004  0.0228909530151 -0.0318036521684 1776585332
-0.0201130909809 0.00566524336246 0.00432943651197 0.0213395274473   -5.9460836048 -0.645940211165   8.69352981402  -0.101525936417   0.026847625396 -0.0378260358076 1776585332.02
-0.0218171911414 0.00610061725526 0.00369393821394 0.0229532686065  -5.94024568178 -0.644106256738   8.69653215794  -0.082540387616  0.0195496256473 -0.0317944113205 1776585332.03
-0.0233823114364 0.00643955564652 0.00307013857481 0.0244463926971  -5.93657408306 -0.646082043552   8.69772488611 -0.0565251281864  0.0102987886048 -0.0242501716526 1776585332.06
-0.0246045108403 0.00660846247869  0.0024981340943 0.0255987187956  -5.93541682762 -0.651527018591   8.69717788327 -0.0442074772148 0.00286390520406 -0.0239298584217 1776585332.08
-0.0253379974345 0.00656625139259 0.00201151021597 0.0262521607623  -5.93641759666 -0.659246397355   8.69530168947  -0.026975962474 -0.0086734996843 -0.0254145393329 1776585332.1
-0.0255177938716 0.00631481734587 0.00163771372771 0.0263385046735 -5.93865234821 -0.66750873814  8.69272896652 0.00532886608886 -0.0207020723821 -0.0190702142834 1776585332.12
-0.0251665789416 0.00590030895972 0.00139806125005 0.0258867710753 -5.94092153814 -0.67450113419  8.69015499605   0.0294934000679  -0.0237027634308 -0.00862163998958 1776585332.13
-0.0243848062311   0.005404276752 0.00130651381428 0.0250106369468  -5.94211214853 -0.678795001744   8.68817404634     0.038448427582   -0.0203545051564 -0.000645209694963 1776585332.16
-0.0233267799398 0.00492632378986 0.00136718726567 0.0238804633427  -5.94152406396 -0.679695291273   8.68715121789  0.0473106403662 -0.0179743527096 0.00565487761653 1776585332.18
-0.0221682366577 0.00456215322528   0.001571452728 0.0226872964947  -5.93906692912 -0.677381564691   8.68716155336  0.0628649412232 -0.0151744139484  0.0147482419193 1776585332.2
-0.0210725891539 0.00438220454886 0.00189602496751 0.0216067730361  -5.93527291479 -0.672809576315   8.68801070561    0.064432988146 -0.00469605504211    0.023519826944 1776585332.22
-0.0201630473558 0.00441600946255  0.0023034024129 0.0207690943693  -5.93112578955 -0.667409112159   8.68932860874  0.0409890103034 0.00690351583523  0.0222281347603 1776585332.23
-0.0195063048222  0.0046460037625 0.00274541310689 0.0202390358443  -5.92776062796 -0.662669168128   8.69070616571 0.0220405875868 0.0124855838042 0.0181414624246 1776585332.26
-0.0191106093826 0.00501219604157 0.00316965717447 0.0200096033629  -5.92612528197 -0.659730274552   8.69183212923 0.0123786497897 0.0169815040884 0.0170209912243 1776585332.28
-0.0189374122161 0.00542643234566 0.00352765642268 0.0200128985727 -5.92670388897 -0.65909844158   8.6925879569 0.00519505399746   0.021533511424  0.0169183453906 1776585332.3
-0.0189223153299 0.00579267534724 0.00378286039077 0.0201474350193  -5.92938219846 -0.660557446484   8.69307271733 -0.00188391886426   0.0184945042806   0.0119499677338 1776585332.32
-0.0189987213804  0.0060283067808 0.00391654925109 0.0203133270237  -5.93349107381 -0.663296665399    8.6935532869 -0.00517815000216  0.00766969978238  0.00391448094187 1776585332.33
-0.0191171892879 0.00608131603024 0.00393017755894 0.0204424956053 -5.93801126161 -0.66620763929  8.69435901675 -0.00555549886275 -0.00192568911072 -0.00157865906384 1776585332.36
-0.0192551949005 0.00593940598591 0.00384366934288 0.0205137238974  -5.94187506751 -0.668253165347   8.69575666483 -0.00646497135409 -0.00980484336886 -0.00520302076123 1776585332.38
-0.0194152731523 0.00562923891464 0.00369027912001 0.0205489494214   -5.9442727733 -0.668792923893   8.69784562257 -0.00992202589959  -0.0203004140353 -0.00925834259306 1776585332.4
-0.0196133247411 0.00520667417124 0.00350949477101 0.020593895136  -5.94487161205 -0.667765468482   8.70050488194 -0.0147637333117 -0.0293502131413  -0.011583225521 1776585332.42
-0.0198619827535 0.00474118291075 0.00333980285877 0.020691337739  -5.94388287291 -0.665672807768   8.70340564336  -0.0146182359713  -0.0244786815907 -0.00799844766361 1776585332.43
  -0.02015537314 0.00429899760963 0.00321291002862 0.0208576901337  -5.94195986528 -0.663376408292   8.70608331035  -0.0124944393296  -0.0169301122735 -0.00395141772751 1776585332.45
-0.0204609484989  0.0039295772797 0.00315037748306 0.021071707794  -5.93996163399 -0.661773020319   8.70804621617   -0.0109584056566   -0.0123927175822 -0.000968857318106 1776585332.48
 -0.020721597389  0.0036586620147 0.00316284886786 0.0212784872359  -5.93865838866 -0.661457078319   8.70889006291 -0.0113016567361  -0.012238952283 0.00280555982648 1776585332.51
-0.0208677921251 0.00348899234207 0.00325137366089 0.0214058227224 -5.93847189133 -0.66248180497  8.70838801271 -0.00431474709436 -0.00945309053139  0.00929411308279 1776585332.52
 -0.020836279663 0.00340740698275 0.00340987841569 0.0213866370277  -5.93933235402 -0.664301645644   8.70653524345   0.0075703122891 -0.00255191566964   0.0102454565667 1776585332.53
-0.0205897558272 0.00339526765036 0.00362766049103 0.0211807886557  -5.94069671205 -0.665922705108    8.7035403492   0.0147937565132 0.000652863780245   0.0100988812428 1776585332.55
-0.0201316413992 0.00343850339834 0.00389089607605 0.0207905113771  -5.94172314951 -0.666221841869   8.69977022533  0.0227416889795 0.00292819054704  0.0117036726771 1776585332.58
-0.0195114690771 0.00353410646183 0.00418258476189 0.0202652744694  -5.94154888479 -0.664338873264   8.69566625855  0.0358411161645 0.00690309274582  0.0161137597087 1776585332.6
-0.0188189894366 0.00369132360068 0.00448104952467 0.0196941625407  -5.93958670304 -0.660017728708   8.69165511354 0.0378280427463 0.0110786563521 0.0162008402384 1776585332.62
 -0.018168147795 0.00392752345553 0.00475789693509 0.0191870950912  -5.93574944774 -0.653781567063    8.6880762243  0.030403856399 0.0151170529766 0.0131763049966 1776585332.64
 -0.017674759373  0.0042602444067 0.00497693149787 0.0188498447854  -5.93053206099 -0.646872780186   8.68514109719    0.01606295279  0.0168397864594 0.00738268563293 1776585332.65
-0.0174333305427 0.00469787780928 0.00509562592194 0.0187605030118  -5.92492176359 -0.640958750691    8.6829290547 0.00367174169002  0.0202509371478 0.00194479472373 1776585332.68
 -0.017498626592 0.00523167817834 0.00507022294703 0.0189546709256  -5.92015698657 -0.637677450969   8.68141337852  -0.0118559808825    0.030340970141 -0.00618838263818 1776585332.7
-0.0178762468169 0.00583135715468 0.00486444004129 0.0194223506157 -5.91740056656 -0.63815093637  8.68050425892 -0.0318943768114   0.037757323873 -0.0189699581959 1776585332.72
-0.0185240317676 0.00644557727872 0.00446033821936 0.0201141700404  -5.91741943107 -0.642612167131   8.68009271369 -0.0401285429359  0.0317372327128 -0.0268718520801 1776585332.73
-0.0193633062738 0.00700745647427 0.00386863907674 0.0209525283534  -5.92036316064 -0.650264647458   8.68008287285 -0.0372325371185  0.0209723728484 -0.0278366689332 1776585332.76
-0.0202965502389 0.00744400288002  0.0031351260882 0.021844728107  -5.92570655435 -0.659431178704   8.68040683495 -0.0404633150386  0.0147667735764 -0.0331910752552 1776585332.78
-0.0212267123637  0.0076874921012 0.00234013228731 0.0226968515812  -5.93237415234 -0.667964984055   8.68102366728 -0.0489387209155  0.0066761368947 -0.0425693742389 1776585332.8
-0.0220733380972 0.00768638925123 0.00158958615855 0.0234273263227  -5.93901166534 -0.673817510734   8.68190929102  -0.0480737005636 -0.00846590883991  -0.0414767513878 1776585332.82
 -0.0227819110828   0.0074136173957 0.000998346864612 0.0239786132196  -5.94432675239 -0.675606069076   8.68304549881 -0.0333945086204 -0.0217627444997 -0.0245642339398 1776585332.83
-0.0233249363029 0.00687073981986    0.00066893925 0.024325032352  -5.94740274559 -0.673017579433   8.68441427443  -0.0196130260473  -0.0284570284334 -0.00703665462783 1776585332.86
 -0.0236957351647  0.00608772725408 0.000670490039263 0.0244744324758  -5.94789933537 -0.666925870331   8.68599919324 -0.0123653956179 -0.0377971550411  0.0076405038231 1776585332.88
-0.0238980046108  0.0051190488627 0.00102303472201 0.0244615184664 -5.94609006427 -0.65917853065  8.68779079533 -0.0064763507112 -0.0554206842268  0.0275915957575 1776585332.9
-0.0239353227001 0.00403748233429 0.00169121957048 0.0243323069189  -5.94273584464 -0.652102917664   8.68978916711 0.00288841580451 -0.0677994677869  0.0484402028069 1776585332.92
-0.0238046220234  0.0029270896173 0.00258910823052 0.0241232536101  -5.93884082774 -0.647862327223   8.69199580245  0.0118844830947 -0.0584928019216  0.0515283470339 1776585332.93
-0.0234962237278 0.00187633413707  0.0035950503093 0.023843605977  -5.93536755914 -0.647838805984   8.69438884918  0.0173301846585 -0.0421554008843  0.0427727347028 1776585332.95
 -0.0230007274899 0.000971628842055  0.00457320524316 0.0234710829292  -5.93299438397 -0.652215404613   8.69688118742  0.0251695383297 -0.0339387906427    0.03857686809 1776585332.98
 -0.0223205662331 0.000291068922634  0.00539695797622 0.0229656167669 -5.93197967612 -0.65987865907   8.6992687148  0.0387433254799 -0.0273918988121  0.0356197795549 1776585333
  -0.0214821435464 -0.000102024418344   0.00596935863567 0.0222963257702  -5.93216205087 -0.668676043187   8.70118491905 0.0539526793947 -0.013873216659  0.025500802202 1776585333.02
  -0.0205438328612 -0.000165794523079    0.0062367332532 0.0214702910583  -5.93308474882 -0.675966674472   8.70208439608  0.0548980708233 0.00628199020365 0.00651965392142 1776585333.03
 -0.0195960197223 0.000113804866877  0.00619335329344 0.0205517533442  -5.93419761982 -0.679323053848    8.7012789499   0.0381490679543   0.0188170656738 -0.00765653222687 1776585333.05
 -0.0187515933044 0.000718229419129  0.00587703010287 0.0196641192984  -5.93507052891 -0.677198960802   8.69804234123  0.0319296094041  0.0322138788876 -0.0181866943448 1776585333.08
-0.0181281634687 0.00159472945251 0.00535728127365 0.0189703435768  -5.93555181899 -0.669385246331   8.69178271061  0.0253640356609  0.0531880594912 -0.0317295901712 1776585333.1
-0.0178258912449 0.00265941483888 0.00471900669679 0.0186307248964  -5.93582384216 -0.657129258139   8.68225775806 0.00653882100456  0.0651822876989 -0.0386766492855 1776585333.12
-0.0179063507457 0.00380587129537 0.00404527519661 0.0187479680169  -5.93633912534 -0.642880587898   8.66978349162 -0.0153935576844  0.0630226981995 -0.0367094342537 1776585333.13
-0.0183778134197 0.00491903703682 0.00340282292676 0.0193266695353  -5.93765681409 -0.629722920041   8.65537197408 -0.0278835344335  0.0452999375372  -0.026312665015 1776585333.15
-0.0191907817353 0.00589257388816 0.00283320495335 0.0202740124531 -5.94022965692 -0.62063374288  8.64073559754 -0.0386878337725  0.0357944473689 -0.0217882767939 1776585333.18
-0.0202449979401 0.00664657852796 0.00235125892875 0.0214374757439  -5.94420817004 -0.617759291049   8.62811901382 -0.0584471695486  0.0329525005772 -0.0232789079698 1776585333.2
-0.0214063040088 0.00714168482988 0.00195078516284 0.0226503659193  -5.94932569895 -0.621889338542   8.61996154753 -0.0703687559888   0.022771517261 -0.0226649115964 1776585333.22
-0.0225294343857 0.00738582825922 0.00161547002129 0.0237641666423     -5.95490614 -0.632265693197   8.61844182471 -0.0593805723431 0.00828655429533    -0.0177162448 1776585333.23
-0.0234816560768 0.00743130005107 0.00133160208944 0.0246654729669   -5.9600008261 -0.646772229988   8.62499733704 -0.0366131867841 -0.0005355129496 -0.0115899607856 1776585333.25
-0.0241623392331 0.00736194501473 0.00109857147161 0.0252828742609  -5.96362228713 -0.662455291038   8.63993087105  -0.0215203926193 -0.00329958886746 -0.00828615315416 1776585333.28
 -0.0245148781664  0.00727288249035 0.000933773080087 0.0255880050687  -5.96501155055 -0.676237467182   8.66220584902 -0.00944109987477 -0.00294923542479 -0.00587275473312 1776585333.3
  -0.024529437244   0.0072472699798 0.000870221320747 0.0255924500354  -5.96386199929 -0.685638410538   8.68949541986  0.00805416090085  0.00182374738972 0.000395662011423 1776585333.32
 -0.0242371948975  0.00733575982084 0.000947414317462 0.025340729716  -5.96043156117 -0.689317255848   8.71849525217  0.0230559625365 0.00823418524151 0.00909728225134 1776585333.34
-0.0236985702545 0.00754400505176 0.00119805979223 0.024899188573  -5.95550463604 -0.687302647975   8.74545110631 0.0284679136372 0.0113125907227 0.0156712596152 1776585333.35
-0.0229889598957 0.00783178393703 0.00163455335491 0.0243413409941  -5.95020765137 -0.680864159381   8.76680288074 0.0316666479679  0.012147947238 0.0217916139666 1776585333.38
-0.0221856045945  0.0081244083527 0.00223921715251 0.0237322808799 -5.94572508832 -0.67207806452  8.77981740213 0.0404951178657 0.0124680273713 0.0329488372875 1776585333.4
-0.0213583819819 0.00833382198832 0.00296127245581 0.0231171409213  -5.94299316253 -0.663222300956   8.78307914955  0.0494653536545 0.00793057021363  0.0452724647525 1776585333.42
-0.0205658319224 0.00838409963068 0.00372169116284 0.0225188266655  -5.94245645977 -0.656176320729   8.77673338188   0.0436367140182 -0.00287890942038   0.0425139749757 1776585333.43
-0.0198559895473   0.008234702432  0.0044250094902 0.0219465567695 -5.94395581568 -0.65199032232  8.76242658204  0.0287550600197 -0.0108493532182  0.0278242255943 1776585333.45
-0.0192701175253 0.00789522347622 0.00497546179192 0.0214109131805  -5.94677854811 -0.650729990219   8.74295521542  0.0209754419824 -0.0167763259621  0.0180545255216 1776585333.48
-0.0188466208158 0.00742740126192 0.00529381947946 0.0209376677393  -5.94985611781 -0.651616485828   8.72170015002  0.0166052877759 -0.0246636052023 0.00912393412219 1776585333.5
 -0.018622534486 0.00693337730814 0.00533128248404 0.0205740876956  -5.95205336176 -0.653394020782   8.70197311084  0.00641200931464  -0.0266023969547 -0.00642871726847 1776585333.52
-0.0186309733907 0.00653271472531 0.00507761013571 0.0203855747002  -5.95246959127 -0.654795204663   8.68641936725 -0.00800672986385  -0.0176543370884  -0.0226424369922 1776585333.54
-0.0188945202229 0.00633366581989 0.00456212703412 0.0204433661672  -5.95067128455 -0.654955034482   8.67660255073  -0.0194094735892 -0.00313701780007  -0.0303962864402 1776585333.55
-0.0194162087802 0.00640580260773 0.00384788900417 0.0208045600827  -5.94679764542 -0.653651456309   8.67284877377 -0.0268371548724 0.00898366329461 -0.0324074303843 1776585333.58
-0.0201709970557 0.00676096290572 0.00302070677956 0.0214873081395  -5.94151637128 -0.651312841121   8.67436198597 -0.0389229603901   0.021755967947 -0.0386346188165 1776585333.6
-0.0211010127972 0.00734752291429 0.00217556602759 0.0224493189559  -5.93584667377 -0.648809056416   8.67955819875 -0.0548273477644  0.0365880307268 -0.0455691537125 1776585333.62
-0.0221172268298 0.00805974385503 0.00140311907281 0.0235817712817 -5.93089934383 -0.64710878106  8.68651896962 -0.0584704175873  0.0411410673168 -0.0406890696339 1776585333.64
 -0.0231086862039  0.00876016592558 0.000778443064982 0.0247256518361 -5.92760194754  -0.6469219514  8.69344535559 -0.0432603206988  0.0293693501642 -0.0246641469222 1776585333.65
 -0.0239584007429  0.00930971335346 0.000353404619297 0.0257060425524  -5.92647789523 -0.648443778753   8.69900576894 -0.0302147208555  0.0174117494773  -0.012993557996 1776585333.68
 -0.0245629722145   0.0095982231033 0.000153040973318 0.0263721237729  -5.92753220274 -0.651278789969   8.70250969985  -0.0212800140136  0.00615464043654 -0.00423528813906 1776585333.7
  -0.024851660227  0.00956806332155 0.000175622250557 0.0266305030921  -5.93026873588 -0.654563199306   8.70389198033 -0.00687998123232  -0.0108114669089   0.0070348082612 1776585333.72
 -0.0248002405492  0.00922537052384 0.000395648792247 0.0264634829637  -5.93383037787 -0.657240766553   8.70354361916  0.0117635826577 -0.0263550567879  0.0167890077756 1776585333.74
 -0.0244359231653  0.00863664861657 0.000768962983984 0.0259286973128  -5.93722275118 -0.658400331369   8.70206112844  0.0230233374181 -0.0312152861429  0.0200524721082 1776585333.76
-0.0238316233251 0.00791210897258 0.00123927843276 0.0251412718401  -5.93956139982 -0.657566186282   8.69999824111   0.029704256899 -0.0321564929528  0.0215619212965 1776585333.78
-0.0230905538313 0.00718021226629  0.0017455485216 0.0242440933852  -5.94027729753 -0.654849720733     8.697691273  0.0364292471655 -0.0326950124142  0.0239401310239 1776585333.8
-0.0223247221742 0.00655967498977 0.00222956546307 0.0233750618883  -5.93922820328 -0.650916091309   8.69519853118  0.0414344346193 -0.0296946510931  0.0255069205721 1776585333.82
-0.0216326890406 0.00613541011801 0.00264300595682 0.0226407149386  -5.93669093509 -0.646778304733   8.69235591336  0.0365449276741 -0.0181215262111  0.0212776521586 1776585333.84
-0.0210822498388 0.00594357047334 0.00295297349402 0.0221022021684  -5.93324445329 -0.643484663655   8.68891663524   0.0242091715778 -0.00434439629144   0.0130654210379 1776585333.85
 -0.020702313854 0.00596845196758 0.00314511911244 0.021773837329  -5.92958511791 -0.641797858419   8.68472155842  0.0123855488618 0.00430706552279 0.00561987966456 1776585333.87
-0.0204855098623 0.00615108636204 0.00322374121668 0.0216306376509  -5.92633349413 -0.641965851541   8.67984189163 0.00661260016086  0.0095770881614 0.00139206554418 1776585333.9
 -0.020399791193 0.00640659825264 0.00320880531189 0.0216215728711 -5.92389084564 -0.64365604208  8.67464742653  0.0023723106748   0.014502163974 -0.0027373111678 1776585333.92
-0.0204046348634 0.00664548303059 0.00313042290056 0.0216866575607  -5.92238387789 -0.646073771442   8.66977678738 -0.00170783615632   0.0099394948528  -0.0048050914399 1776585333.94
-0.0204662466124 0.00679336445162 0.00302182931567 0.0217749512831  -5.92170553146 -0.648229053589   8.66601511944 -0.00409729135811  0.00401923969295 -0.00551017316984 1776585333.96
-0.0205668930342 0.00680465025189 0.00291221273661 0.0218582098341  -5.92162823641 -0.649268642382   8.66411184539 -0.00512046222491 -0.00268945514806 -0.00429613793184 1776585333.98
-0.0207058129158 0.00666753541515 0.00282082990622 0.0219349902753  -5.92194406749 -0.648768618288   8.66458933366 -0.00726026780725 -0.00902067170786 -0.00353766161232 1776585334.01
-0.0208922745137 0.00640037322184 0.00275366630279 0.0220235008534  -5.92257996446 -0.646892840953   8.66759711869  -0.013903549775 -0.0203122193033 -0.0038105588022 1776585334.02
 -0.021134136513 0.00604178134657 0.00270343886006 0.0221464089563  -5.92364654773 -0.644362437904   8.67285399799  -0.0160012229179  -0.0228141073259 -0.00301266216222 1776585334.04
 -0.021426758264 0.00563832086453 0.00265303530856 0.0223144623109  -5.92540205183 -0.642239348825   8.67969511671  -0.0157065705119  -0.0207136876587 -0.00312175540118 1776585334.05
-0.0217467981549 0.00523380853795 0.00258166945227 0.0225162385616  -5.92814124746 -0.641585427761   8.68721063921  -0.0130571220795  -0.0161462420907 -0.00376499211077 1776585334.08
-0.0220535107332 0.00486328812486 0.00247231262808 0.0227183018022  -5.93204463455 -0.643099814845   8.69443643566  -0.0123760670015  -0.0153097893499 -0.00591491770245 1776585334.1
-0.0222973515867 0.00455274749759 0.00231854238291 0.0228752057114  -5.93703848834 -0.646848195653    8.7005436985  -0.0109423107745  -0.0155641847554 -0.00989931195714 1776585334.12
-0.0224330384318 0.00432345340958 0.00212896073809 0.0229448455321  -5.94271705896 -0.652173997102   8.70497755671 -0.00420042634041  -0.0110169613347  -0.0121351115789 1776585334.14
-0.0224326007194 0.00419801339577 0.00192780506655 0.0229033037766  -5.94836347538 -0.657829618274   8.70751292126  0.00388143623573 -0.00331607344906  -0.0105357381192 1776585334.15
 -0.022293881353 0.00420456569213 0.00175123392479 0.0227543916354  -5.95307862051 -0.662300224627   8.70822244739  0.00791367011015   0.0036029809616 -0.00582527805342 1776585334.17
-0.0220414156413 0.00437611437409 0.00163985247082 0.0225313891408  -5.95599392362 -0.664232703402   8.70737771395   0.0120660751665   0.0113202642788 -0.00256404113615 1776585334.2
-0.0217191129161  0.0047438073689 0.00162909562417 0.0222907498027  -5.95651387576 -0.662846311579   8.70532231043  0.0191296098251  0.0273257862625 0.00287775802445 1776585334.22
-0.0213769037171 0.00532533973607 0.00173981815438 0.0220988285446  -5.95451712797 -0.658201171907   8.70235971633 0.0196615149037 0.0405391790775 0.0101494397209 1776585334.24
-0.0210556106657 0.00611185233774 0.00197160107846 0.0220131935511  -5.95044888419 -0.651237736112   8.69868956741  0.015363570538 0.0442272428003 0.0143193832423 1776585334.25
-0.0207750536403 0.00705789073446 0.00230076340355 0.0220615091872  -5.94526359965 -0.643565056291   8.69440721954 0.0109134743826 0.0408003648825 0.0147771066329 1776585334.28
-0.0205295147273 0.00807867843712 0.00268394762445 0.0222245268809  -5.94021955925 -0.637049655273   8.68955983806 0.0104518121436 0.0432930528403 0.0165859548222 1776585334.3
-0.0202923963284 0.00905713337511 0.00306669109728 0.0224325122982  -5.93657296914 -0.633317753717   8.68423403749 0.0139678196365 0.0497096898227 0.0198396900494 1776585334.32
-0.0200289109201 0.00986026358289 0.00339499806984 0.0225811444011  -5.93525358879 -0.633312498745   8.67864022711 0.0179376027664 0.0403824065652 0.0173439622159 1776585334.34
-0.0197128963714   0.010361744876 0.00362701264577 0.0225636712651  -5.93661449293 -0.637034832282   8.67315961215  0.0180774024357  0.0159352942786 0.00912938696669 1776585334.35
-0.0193422435359  0.0104655633143  0.0037417764463 0.0223080992346  -5.94033054652 -0.643544690009   8.66833080967   0.0160934300572 -0.00497349690399  0.00243482821334 1776585334.38
-0.0189474893778   0.010125204294 0.00374281359908 0.0218067826457  -5.94547821413 -0.651223536612   8.66477129407   0.0164505072231  -0.0243043505853 -0.00188188299095 1776585334.4
-0.0185898972118 0.00935402987796 0.00365571054381 0.0211292776233  -5.95077612428 -0.658222681251   8.66304956451   0.0171724364431  -0.0544707959362 -0.00637128236604 1776585334.42
-0.0183483441617 0.00822472168556 0.00352051996224 0.0204132760988  -5.95491812306 -0.662967631076   8.66354127306   0.0095263834274  -0.0813823649973 -0.00895052777798 1776585334.44
-0.0182977441632 0.00685821326343 0.00338121771065 0.0198311664769  -5.95690358188 -0.664573170034   8.66631110954 -0.00391037735197  -0.0809274938033 -0.00704081585105 1776585334.45
-0.0184846082315 0.00540465889581 0.00327517018236 0.0195350407979  -5.95627199504 -0.663051211056   8.67105844271 -0.0122496164478  -0.057075001243 -0.0031331458844 1776585334.47
-0.0189068424206 0.00402022368656 0.00322542559205 0.0195967920604  -5.95317942757 -0.659255219242   8.67714854967   -0.0217442003718     -0.05460050493 -0.000799239093388 1776585334.5
-0.0195044689936 0.00284375016534 0.00323768374565 0.0199748297055  -5.94830308999 -0.654582651936   8.68372702003 -0.0354415690701 -0.0575342487641 0.00216528571823 1776585334.52
-0.0201655437758 0.00197690453375 0.00330232534958 0.0205295557678  -5.94261163367 -0.650527529741   8.68989020989 -0.0364727758404 -0.0402875361667 0.00477273327259 1776585334.54
-0.0207475926718 0.00147060570376 0.00340035570039 0.0210757609993  -5.93707683306 -0.648218301723    8.6948676382 -0.0256681989545 -0.0178556144389 0.00566964524251 1776585334.55
-0.0211103820385 0.00131964502923 0.00351102319281 0.0214410115591  -5.93241608948 -0.648079161536   8.69816856308  -0.00820289353748 -8.52049945122e-05   0.00442499919474 1776585334.57
-0.0211520751417 0.00146640426844 0.00361855121828 0.0215094057844  -5.92894149702 -0.649715272765   8.69965563625 0.00562163329603  0.0102285284645 0.00424582560796 1776585334.6
-0.0208390660809  0.0018133028062 0.00371593877165 0.0212453040257  -5.92655522548 -0.652055269726   8.69952982715  0.0250805181557  0.0208874225756 0.00501865506925 1776585334.62
-0.0202207727611  0.0022420065207 0.00380490643568 0.0206974287601  -5.92488412285 -0.653707771339   8.69823597692  0.0440946823986  0.0256359953886 0.00549867805834 1776585334.64
-0.0194243117856 0.00263582000367  0.0038923609155 0.0199850421298  -5.92350278015 -0.653424990884    8.6963199033  0.0433478940181  0.0179404917576 0.00489944705438 1776585334.65
-0.0186292845075 0.00290067939378 0.00398478628019 0.019270254381  -5.92216660654 -0.650534322591   8.69427998491  0.0298401492314 0.00736460673307 0.00406380918204 1776585334.68
-0.0180283151954 0.00298035467096 0.00408247604252 0.0187234952236  -5.92097295094 -0.645207125284   8.69245569343    0.0181201906674 -0.000806448838808   0.00408232012606 1776585334.7
-0.0177828944617 0.00286301034922 0.00417547053853 0.0184895299539  -5.92039048045 -0.638480151645   8.69098318475  0.0011506975782 -0.0107630840667 0.00429086482433 1776585334.72
-0.0179853721015 0.00257868516327 0.00424260761363 0.0186580531183  -5.92113889168 -0.632015930789   8.68982736651 -0.0266868131646 -0.0210573956286 0.00246846763425 1776585334.74
 -0.018636314302 0.00218961412528  0.0042544098724 0.0192407542509  -5.92395016709 -0.627663903176   8.68887635503  -0.0465484685191   -0.022527134629 -0.00176670579688 1776585334.75
-0.0196424618185 0.00177673647763 0.00417971424458 0.0201606822794  -5.92928347288 -0.626942886157   8.68806418507  -0.0481918075653  -0.0167385565432 -0.00568436275389 1776585334.77
-0.0208353973483 0.00142580222919 0.00399502168191 0.0212628053863  -5.93708485681 -0.630590600578   8.68747673099 -0.0497589048672 -0.0118158111465 -0.0102128213198 1776585334.8
-0.0220061588046 0.00121545006528 0.00369457464921 0.0223472196488  -5.94667346747 -0.638309901338   8.68739781064  -0.0552044156776 -0.00568798399438  -0.0182071232646 1776585334.82
-0.0229476094894 0.00120817056505 0.00329838706777 0.0232149050104  -5.95680083179 -0.648788167711   8.68826809826 -0.0463351948813 0.00710997474636 -0.0261201802991 1776585334.84
-0.0234950855088 0.00144392069744 0.00285523353791 0.0237119444289  -5.96587979591 -0.659990878278   8.69055580086 -0.0169426975629  0.0202352512794 -0.0239209291917 1776585334.85
-0.0235567874105 0.00193573288283 0.00243830549795 0.0237616209169  -5.97233017223 -0.669653997969   8.69456851739  0.0076609049295   0.025534541748 -0.0150800669373 1776585334.87
-0.0231281522023 0.00266694512054  0.0021329456524 0.0233789109611  -5.97495313742 -0.675844025417   8.70026134461    0.026456773951   0.0345091238348 -0.00876120067917 1776585334.9
-0.0222882663237 0.00359033942534 0.00201823282287 0.0226656263234  -5.97323534926 -0.677435168361   8.70710802845   0.0530744782536   0.0534925366883 0.000368754803475 1776585334.92
-0.0211803436116 0.00463009626073 0.00214647878165 0.0217865122966 -5.96749917804 -0.67437563307  8.71409361001 0.0689365355342  0.062679250094  0.015176511257 1776585334.94
-0.0199815251276 0.00568770053017 0.00252606634624 0.0209282654544   -5.9588532076 -0.667673056427   8.71985807872 0.0619544484009 0.0542131497741 0.0259051052156 1776585334.96
-0.0188690961447 0.00665254998805 0.00311288410616 0.0202481914777  -5.94894775372 -0.659106274249   8.72297736196 0.0428727339274  0.037233513399 0.0277258204942 1776585334.98
 -0.017990326036 0.00741698931733 0.00381377588849 0.0198294843086   -5.9395910542 -0.650745234343   8.72232257685 0.0298356491881 0.0259481250607 0.0290411111341 1776585335
-0.0174415986605 0.00789404746676 0.00450236662821 0.0196671465774   -5.9323201708 -0.644412154314   8.71740527213  0.019978962315 0.0168952547353 0.0336512991017 1776585335.02
-0.0172598034994 0.00803475735512 0.00504422179421 0.0196952358732  -5.92803617573 -0.641230905672   8.70860768591 0.000491461723755 -0.00165322234452   0.0257201385887 1776585335.04
-0.0174258689241 0.00784113439055 0.00532556603497 0.0198369843949  -5.92680062684 -0.641384567623   8.69721847359 -0.0165982167036 -0.0178291895388 0.00629576497362 1776585335.06
-0.0178776524625 0.00737108688576 0.00527857419065 0.0200451172343   -5.927851305 -0.64414114163  8.68524203075   -0.023723173266  -0.0238609350153 -0.00922779994851 1776585335.08
-0.0185277796621 0.00673282479742 0.00489694665355 0.0203123025649  -5.92983849538 -0.648131692572   8.67501043875  -0.029284398722 -0.0271680596815 -0.0217053266777 1776585335.1
-0.0192817145664 0.00606849421869 0.00423789628806 0.0206535929962  -5.93122302864 -0.651794957345       8.6686832 -0.0404579221639 -0.0319401205009 -0.0394598013345 1776585335.12
-0.0200522402006 0.00552931629537 0.00341009545666 0.0210782927862  -5.93073025349 -0.653857175382   8.66775459633 -0.0457744713172 -0.0253018683525 -0.0519580113874 1776585335.14
 -0.020768218451 0.00524682824394 0.00255058492125 0.0215720557132  -5.92773428661 -0.653707982805   8.67269167421  -0.0366773957347 -0.00617343191737  -0.0446673289209 1776585335.16
-0.0213774364517 0.00530626314044 0.00179621378253 0.0220992669949  -5.92246200313 -0.651564852776   8.68279657672 -0.0235207372619  0.0105139567027 -0.0282725892483 1776585335.18
-0.0218450020809 0.00572815909412 0.00125626064311 0.0226184463067  -5.91595437577 -0.648380927251   8.69633273943 -0.0165898275733  0.0248436728033 -0.0172687513638 1776585335.2
 -0.0221497251563  0.00646278437635 0.000992319856384 0.0230946445111  -5.90979161173 -0.645526443856   8.71088907852  -0.0116110888785   0.0445008197956 -0.00656937634906 1776585335.22
-0.0222810009177 0.00739917426501 0.00100957917537 0.0234991495976  -5.90565803054 -0.644340547632   8.72389646013 -0.00265110582452   0.0578537407355  0.00807192952512 1776585335.24
-0.0222379088047 0.00838717150678 0.00126081619039 0.0238003968739  -5.90487102226 -0.645688618483   8.73317223538 0.00693092562498  0.0517642981135  0.0180594928064 1776585335.26
 -0.022030811646 0.00926773739052 0.00166148219644 0.0239584670046  -5.90800972954 -0.649658945061   8.73736206306 0.0120190628764 0.0329411049327 0.0184708821256 1776585335.28
-0.0216841779273 0.00990480288323 0.00211178917147 0.0239325791766   -5.9147490676 -0.655491731271   8.73617579711  0.015524080941 0.0184879597597 0.0168221568066 1776585335.3
-0.0212382637105  0.0102115996645 0.00252030055084 0.0237000533335  -5.92394278751 -0.661764776605   8.73036861772  0.0253608892986 0.00706459083827  0.0192623638177 1776585335.33
-0.0207472051264  0.0101658082994 0.00282344840255 0.0232757822601  -5.93392546143 -0.666783915323   8.72148485268  0.0333656364945 -0.0138505192251  0.0164515644645 1776585335.34
-0.0202721781911 0.00981056472362 0.00299664747153 0.0227197773949  -5.94294085836 -0.669065164225   8.71144158242   0.022431623731 -0.0236398073759 0.00592087761557 1776585335.36
-0.0198702745694 0.00924164562174 0.00305491619855 0.0221261912276  -5.94957182169 -0.667767804872   8.70206575746  0.0147482981567 -0.0262007315219  0.0010024727681 1776585335.38
 -0.019581860884 0.00858419824825  0.0030435697872 0.0215963203415 -5.95305260289 -0.66295147237   8.6947029078     0.010223797779   -0.0290310137994 -0.000749234801502 1776585335.4
 -0.019420506385 0.00796450510612 0.00302195565065 0.0212066410775  -5.95338464214 -0.655581409025   8.68998798879  0.00584497206446  -0.0302925574638 3.31403219103e-05 1776585335.42
-0.0193693960803 0.00748306342622 0.00304477443829 0.0209866718213  -5.95123722026 -0.647279123422   8.68781895362 0.00100341098415 -0.0226446722143 0.00364603648939 1776585335.44
-0.0193863928842 0.00719464205397 0.00314591190638 0.0209163062004  -5.94767660626 -0.639889281787   8.68751659447 -0.00129091593976  -0.0103815441197  0.00768281686146 1776585335.46
-0.0194171278848 0.00709920432354 0.00332884770837 0.0209405058293  -5.94381353531 -0.634986311613   8.68810650264 -0.000557156297223  -0.00105012775257   0.00890545184326 1776585335.48
-0.0194126667312  0.0071451211279 0.00356586673692 0.0209909454559  -5.94047700634 -0.633460801788   8.68863333816 0.00146824317379 0.00299688015738 0.00990996570882 1776585335.5
-0.0193464388852 0.00724349000037 0.00380596592283 0.0210056711755  -5.93800888882 -0.635301929135   8.68841930658 0.00498095155275 0.00384686630969  0.0112276482944 1776585335.52
 -0.019224901793 0.00729013490827 0.00398911090317 0.0209441142503  -5.93623384319 -0.639635165789   8.68720471608  0.0076570017045 -0.0015731724237 0.00761177911772 1776585335.54
-0.0190879763026 0.00719038746451 0.00406290201418 0.0207980692372  -5.93460468154 -0.645001041648   8.68514886736  0.00615406082262  -0.0110993750005 0.000218357338151 1776585335.56
 -0.018998215771 0.00688128728091   0.003997154138 0.0205976105004  -5.93247021286 -0.649791769929   8.68271131725  0.00148655487156  -0.0187689865195 -0.00601308900923 1776585335.58
-0.0190211347377 0.00634645734531 0.00379252902845 0.0204074585379  -5.92937601093 -0.652717729195    8.6804648246 -0.00437239747551  -0.0270363371337  -0.0110679791964 1776585335.6
-0.0192021127625  0.0056205080783 0.00348102364603 0.0203083424047  -5.92529901223 -0.653168026882   8.67890445156 -0.0138453461704 -0.0411971318564 -0.0177545398649 1776585335.62
-0.0195468665535 0.00478213077167 0.00311835834565 0.0203635194784  -5.92073729678 -0.651361102128   8.67831062139 -0.0239509367661 -0.0497653320861 -0.0210116770222 1776585335.64
 -0.020012051436 0.00393761494344 0.00277048067304 0.0205830653033  -5.91662090885 -0.648243621135   8.67870119806  -0.026771690894 -0.0440082421945 -0.0172460714094 1776585335.66
-0.0205100733249 0.00319877777953  0.0024978696052 0.0209077650561  -5.91406495582 -0.645170708954   8.67987658619  -0.0209211013842  -0.0291597049896 -0.00979123232379 1776585335.68
-0.0209282584314  0.0026606111565 0.00234168892906 0.0212262657983  -5.91403596256 -0.643465689984   8.68153198646  -0.0135948941509  -0.0170920188902 -0.00383410391458 1776585335.7
-0.0211582279147 0.00238389313467 0.00231507362148 0.021417589053  -5.91703162617 -0.643993284348   8.68339112159 -0.00512331656703 -0.00703315114845   0.0015292189122 1776585335.72
-0.0211279201527 0.00238652091715 0.00240128440324 0.0213974451477  -5.92287371706 -0.646875619942   8.68531160225 0.00993411255393 0.00783128242325 0.00731146542253 1776585335.74
-0.0208272427279 0.00264481613728 0.00255867733903 0.0211498444858  -5.93068344487 -0.651436886808   8.68732431392  0.0226511286599  0.0200798895293 0.00923417553886 1776585335.76
-0.0203193431903 0.00310331239909 0.00273091661359 0.0207355771823 -5.93905648384 -0.65639346328  8.68959336749  0.0265657985881   0.025356793946 0.00731209720723 1776585335.78
-0.0197328162224 0.00368943549236 0.00285991251431 0.0202774522539  -5.94639601393 -0.660232924249    8.6923113213  0.0238302815127  0.0269300398921 0.00368653953396 1776585335.8
-0.0192350360191 0.00432866239596 0.00289865870474 0.0199280242643  -5.95131404664 -0.661669315252   8.69556756381    0.0175488471196    0.0300107024238 -0.000912668388854 1776585335.82
-0.0189919897307 0.00495634056249 0.00282138411891 0.0198298056987  -5.95298874028 -0.660039581022   8.69923851397  0.00308826213748   0.0332791034417 -0.00750503942028 1776585335.84
-0.0191241103552 0.00552399701424 0.00262908913997 0.020078801  -5.95137577824 -0.655523261995   8.70294298966 -0.0192399747571  0.0296384668973 -0.0134016374268 1776585335.86
-0.0196694822519 0.00599999264194 0.00234947554088 0.020698030802  -5.94721261511 -0.649119296049   8.70608615593 -0.0328410118471  0.0191963898735 -0.0136254253552 1776585335.88
-0.0205647585039 0.00636609176035 0.00203137784213 0.021623203106  -5.94181344683 -0.642384824171   8.70798719467 -0.0412750702666  0.0127622658387 -0.0128064037597 1776585335.9
 -0.021650256647 0.00661244876215 0.00173490125919 0.0227039197914  -5.93671233973 -0.637010452954    8.7080583022 -0.0527363733842 0.00907526637822 -0.0126467383038 1776585335.92
-0.0226998233032 0.00673350955086 0.00151936679462 0.0237261586508  -5.93325430567 -0.634354060518   8.70598454045  -0.0534434868473  0.00335113228018 -0.00890807509515 1776585335.94
-0.0234696244642 0.00672653080622 0.00143164512646 0.0244564735182  -5.93224719404 -0.635067056385   8.70185102014   -0.0308023962337  -0.00409750342966 -0.000642295534829 1776585335.96
-0.0237547472696  0.0065931777878 0.00149736938416 0.0246981806264  -5.93376822045 -0.638919739491   8.69617681137 0.000710029920615  -0.0091582991313  0.00681642906662 1776585335.98
-0.0234399194666 0.00634338180658 0.00171681903709 0.024343701135  -5.93717429618 -0.644874239067   8.68984005351  0.0249897816156 -0.0121254692212  0.0116197637375 1776585336
-0.0225316176973 0.00599969441084 0.00206610091087 0.0234080947976  -5.94130832699 -0.651381653112   8.68390856202  0.0523840180332 -0.0171033843951  0.0180871325459 1776585336.03
-0.0211632032821 0.00560003386339 0.00250292267984 0.0220342046458  -5.94484017962 -0.656815503186    8.6794160052  0.0861558961812 -0.0233591739749  0.0264571352412 1776585336.04
-0.0195713480501 0.00519708592128  0.0029751536615 0.020467019956  -5.94664534498 -0.659915313628   8.67713809217   0.091592239311 -0.0219543363374  0.0272625997822 1776585336.06
-0.0180490744829 0.00485358818665 0.00342984888846 0.0190023754139  -5.94611576338 -0.660113073279   8.67742265247  0.0640818599878 -0.0134392873517  0.0201785859404 1776585336.08
-0.0168863079962  0.0046339776588 0.00382063959917 0.0179225677187 -5.94331796756 -0.65765166313  8.68011318209   0.0361020978521 -0.00539380969133   0.0141785790176 1776585336.1
-0.0163114878427 0.00459398522125 0.00411226101807 0.0174378905414 -5.93895796165 -0.65346706108  8.68458230364  0.0104524436444 0.00324445006226  0.0109800077668 1776585336.13
-0.0164469708494 0.00477034839486 0.00428215132299 0.0176520790244   -5.9341677285 -0.648876301809   8.68986618595 -0.0283206309048  0.0167993603119 0.00603192164724 1776585336.14
-0.0172871418636 0.00517272809927 0.00432006248368 0.0185543884206  -5.93017895549 -0.645169498748   8.69486929146  -0.0664169459136   0.0297085679077 -0.00162128797599 1776585336.16
-0.0187025289093  0.0057792686165 0.00422709144164 0.0200263035881 -5.92798038686 -0.64322982019  8.69859498227   -0.076359134705   0.0327414583794 -0.00731755124212 1776585336.18
-0.0204673585207 0.00653634925239 0.00401530001565 0.0218577048333  -5.92805673359 -0.643293025048    8.7003534205 -0.0752428614171  0.0330798460284 -0.0108417039609 1776585336.2
-0.0223033044238 0.00736231712582 0.00370825760913 0.0237779788077 -5.93027909104 -0.64491274236  8.69990386209 -0.0817968928221  0.0382322008302 -0.0159120803661 1776585336.23
-0.0239296281529 0.00815462817885 0.00334177916742 0.0255008343447  -5.93396891276 -0.647133838826   8.69750240713 -0.0809358031493  0.0414578129605 -0.0214828103341 1776585336.24
-0.0251097825127 0.00879988170368 0.00296333343287 0.0267716350055  -5.93810595836 -0.648813766385   8.69384579144 -0.0510767967974  0.0299977526686 -0.0207369433831 1776585336.26
 -0.025686535307 0.00918647178646 0.00262848298462 0.0274061723479  -5.94161207078 -0.648989505013   8.68992304067 -0.0117789835878  0.0100642715592 -0.0136647633839 1776585336.28
-0.0256010237642 0.00921961107331 0.00239344593654 0.0273156041407  -5.94362830452 -0.647177813902   8.68680537152    0.016099091863 -0.00708692564463 -0.00659385432276 1776585336.3
-0.0248949081376 0.00883799232342   0.002304248905 0.0265174682522   -5.9437146257 -0.643521016854   8.68541660591    0.0435143572517   -0.0271947197956 -0.000204541213021 1776585336.33
-0.0236979947837 0.00803029464636 0.00238450066237 0.0251349643383  -5.94193189363 -0.638740890306   8.68632905167   0.079230694233 -0.0586158400493 0.00944949019218 1776585336.35
-0.0222056044975 0.00684841248265 0.00262499011038 0.0233854697988  -5.93880269339 -0.633923116116   8.68962325127  0.0927450854855 -0.0796392694235  0.0180804617064 1776585336.36
-0.0206502769425 0.00541325007719 0.00297864692287 0.0215548034482  -5.93517852399 -0.630205552144   8.69483684692   0.073354068834 -0.0734889496976   0.018467504736 1776585336.38
-0.0192714095644 0.00390882225587 0.00336369840134 0.0199494507434   -5.9320578835 -0.628469990255   8.70101231451   0.049634365728 -0.0598356457793  0.0146374949185 1776585336.4
-0.0182848986678 0.00256171899576  0.0036762122482 0.0188258986504  -5.93040090981 -0.629131572249    8.7068392437  0.0322688557603 -0.0524195950415  0.0101810533876 1776585336.43
-0.0178537215952 0.00160583916311 0.00381098903377 0.0183264216811  -5.93097450353 -0.632084758848   8.71087557422  0.00630038789107   -0.037196378448 0.000315802729451 1776585336.45
-0.0180603918905 0.00123627059563 0.00368746550026 0.0184744018047  -5.93424336339 -0.636810866849   8.71182255113  -0.0315598394263 -0.00139368375254   -0.016412626623 1776585336.46
-0.0188835331548 0.00156036264407 0.00327543774686 0.0192289117847 -5.94030418635 -0.64259686438  8.70881809841 -0.0557095647428  0.0346675822827 -0.0281618846927 1776585336.48
-0.0201830062341 0.00255715521845  0.0026144572894 0.0205116593765  -5.94884892916 -0.648776642363   8.70170230855 -0.0589020833449  0.0522159947838 -0.0304168209673 1776585336.5
-0.0217000676348 0.00405718688805 0.00182098961597 0.022151065527   -5.9591429853 -0.654898241939   8.69119921676 -0.0634275644919  0.0699699459766 -0.0336230508902 1776585336.53
-0.0230796090652 0.00575253478609 0.00107896360969 0.0238101695403  -5.97001633904 -0.660748177632   8.67895604833 -0.0618010945124  0.0886764127111 -0.0336633316944 1776585336.55
 -0.0239194413521   0.0072416952089 0.000612086858053 0.0249991294732  -5.97988629163 -0.666220016549    8.6673906714 -0.0225323248454  0.0691759825513 -0.0129019640199 1776585336.56
 -0.0238463026107  0.00810634335643 0.000639956423036 0.0251946124209  -5.98685027088 -0.671081087954   8.65932429885  0.032675405746 0.0191399455241 0.0177703655666 1776585336.58
-0.0226103151639 0.00800852895908 0.00132404897165 0.0240232386155  -5.98889462608 -0.674745201924    8.6574195278 0.0777411529877  -0.02793193934 0.0439746710229 1776585336.6
-0.0201807226095 0.00678932200664 0.00271341003763 0.0214643670389  -5.98424959078 -0.676178852735   8.66349779216   0.131749368538 -0.0787809212958   0.076850306561 1776585336.63
-0.0168186004789 0.00454531221791 0.00470239570673 0.0180454346196  -5.97187772604 -0.674041153362   8.67786398534  0.19887543751 -0.14407874559  0.12076606395 1776585336.65
-0.0130998192673 0.00165943928229 0.00701325136817 0.0149514112485  -5.95201959879 -0.667085774344      8.69880474  0.206329840091 -0.171441929332  0.133890924397 1776585336.66
-0.00986612335047 -0.00123158409537  0.00921397575337 0.0135556091171  -5.92665387719 -0.654754179287     8.722435725  0.126313766994 -0.126155166692 0.0949713814851 1776585336.68
-0.00809443435558 -0.00333966083903   0.0107766441578 0.0138855774587  -5.89968479582 -0.637793238953   8.74304075982 0.0243988092675 -0.055257475763 0.0407544447175 1776585336.7
-0.00869291305129  -0.0038886252223   0.0111736424632 0.0146812271058  -5.87667370715 -0.618670747518   8.75396702191 -0.0920703075751  0.0227228877347 -0.0171876115946 1776585336.73
 -0.0122533662341 -0.00231323935027   0.0100002580714 0.0159844055833  -5.86399960139 -0.601566963189    8.7490221096 -0.278721034469  0.149723207437 -0.112149684705 1776585336.75
-0.0188082780479 0.00154514081756 0.00710349757004 0.0201642867715  -5.86746457363 -0.591800255263   8.72417879917 -0.458543196261  0.286052252667 -0.217664282064 1776585336.76
-0.0276517137669 0.00729268662359  0.0026908697999 0.0287235327339  -5.89053073317 -0.594689308958   8.67926239424 -0.486066464854  0.325902230264 -0.255542422952 1776585336.78
 -0.0372821004736   0.0139316360098 -0.00260884772673 0.0398854808683  -5.93254224187 -0.614030592302   8.61921089105 -0.372636191865  0.263820583624 -0.218013370979 1776585336.8
 -0.0455090577488   0.0199354062899 -0.00775669230815 0.0502857935871  -5.98739789749 -0.650530981041   8.55449500859  -0.27276660202  0.208681505403 -0.192528876816 1776585336.83
-0.0497367587481  0.0234601370021 -0.0113998116899 0.0561611868241  -6.04314888274 -0.700631930009   8.50038560837 -0.0532199869737  0.0771869987986  -0.121034596198 1776585336.85
-0.0473970883736  0.0226736898908 -0.0120505119289 0.053905426789  -6.08287619223 -0.756154242236   8.47495942691  0.402949554803 -0.221845810173 0.0932946417667 1776585336.86
 -0.0364648852389   0.0161532433821 -0.00832698366497 0.0407425304099 -6.08695794811 -0.80506427978  8.49601183336   0.84011196049 -0.518226371099   0.34289782114 1776585336.88
 -0.0159548621492  0.00327842882816 0.000782861920284 0.0163070105957  -6.03650969693 -0.833425885588   8.57734337755    1.0623847158 -0.669412692461  0.508373460638 1776585336.9
  0.013714336696 -0.0154648772115  0.0156848308197 0.025947242166  -5.91744298023 -0.828300855281    8.7251344737    1.493417734 -0.93420681588 0.790819509919 1776585336.93
 0.0505914097071 -0.0383495626736  0.0360215556214 0.072991315667   -5.7243263503 -0.781063218424   8.93524615661  2.28246915211 -1.38251412851  1.32140799514 1776585336.95
 0.0913610954833 -0.0624962865769  0.0606374856074 0.126212282543  -5.46312885852 -0.690379179781   9.19222543757  2.57835692948 -1.45562122665  1.64014866496 1776585336.96
  0.131809298902 -0.0842014314139  0.0876860133275 0.17931092901  -5.15202935536 -0.564047146424   9.47052648465   1.97217138516 -0.957565426962    1.4045144579 1776585336.98
  0.167511298275 -0.0994701530461   0.114869111519 0.226162019751  -4.81979013717 -0.419031808311   9.73801081487   1.31375993945 -0.428299821918   1.08960272941 1776585337
 0.194606794978 -0.104674088235  0.139768833841 0.261464713323  -4.50167438371 -0.279356106409   9.96124789108  0.947592239025 0.0496043757516  0.999563165518 1776585337.03
 0.210491003025 -0.097220259752  0.160206048614 0.281823028288 -4.23344490178 -0.17197768718  10.1116370829 0.533564672378 0.775661632463 0.944440597674 1776585337.05
   0.21425769992 -0.0761068801806      0.174552082 0.286647952227 -4.04450285461 -0.12127668687  10.1710616139 -0.109572192189   1.62319014433  0.641480612123 1776585337.06
  0.206780709215 -0.0422563841153   0.181927632319 0.278642292381  -3.95158838051 -0.143208082335   10.1357775652 -0.602991060234   1.96056544639  0.194598724157 1776585337.08
 0.190405338294 0.0014467007966  0.182249773469 0.263574023234 -3.95455976307 -0.24041861197  10.0175668199 -0.804610918384   1.93916496429 -0.121369516275 1776585337.1
 0.168321214922 0.0504335137881  0.176126306346 0.248789160723  -4.03551615154 -0.399612737806   9.84177075162  -1.02481582062   2.14425516939 -0.387097945327 1776585337.13
 0.143776666077 0.0990093744301  0.164636986035 0.239958169488  -4.16191714651 -0.592132410706   9.64251830863     -1.33710314     2.475633394 -0.738646722483 1776585337.15
0.119345790562 0.141111033273 0.149071148368 0.237440410866  -4.29346363638 -0.778110059467   9.45608541508 -1.46438463034  2.23237140481 -1.05013776951 1776585337.16
0.0964536570751  0.171150620587  0.130700765939 0.23596299097  -4.3915260463 -0.91375673494  9.31372093249 -1.16285210858   1.1540503141 -1.01425076326 1776585337.18
0.075298404214 0.184825018634  0.11065259549 0.228197576847  -4.42909798191 -0.960523563516   9.23536939423 -0.859633470014  0.179772479758 -0.849971438722 1776585337.2
0.0551956758507  0.179778774159 0.0899065124772 0.208446998675  -4.39887127772 -0.894234693747   9.22551719109 -0.877917301227 -0.631074924654 -0.904104794542 1776585337.23
0.0352411500332  0.156030588192 0.0694004689961 0.174367164925  -4.31723671478 -0.712035371666   9.27195734128 -1.09671883902 -1.74084292259 -1.08603793561 1776585337.25
 0.015079437018  0.116101496111 0.0501809641816 0.1273776903  -4.22282059206 -0.435258446673   9.34771285852 -1.20804763936  -2.7740459985  -1.0913053022 1776585337.26
-0.00448213047428   0.0648138151534   0.0335159349546 0.0731042955251 -4.16941065742 -0.10708887683  9.41578782994 -0.962074853005  -2.84272216018 -0.775652914566 1776585337.28
-0.0212471517426 0.00876431901786   0.020893404736 0.0310610544973 -4.21451955632 0.214944977366  9.43592058554 -0.578031662262  -2.30282405047 -0.414046422939 1776585337.3
-0.0319173505167  -0.044485534118  0.0138639756196 0.0564791096756 -4.40603745102 0.470365908619  9.37216442582 -0.249429838295  -2.06525245341 -0.153630398368 1776585337.33
-0.0328633528105 -0.0874165866774  0.0137386809477 0.0943949730571 -4.77011142781 0.608691397132  9.19996532778 0.292688872987 -1.88657718701 0.200410774298 1776585337.35
-0.0211900410513  -0.113630278532  0.0212092100802 0.117518886274 -5.30331935347 0.601038122472  8.91146591628   1.12519678261 -0.954033847867  0.675672561754 1776585337.36
0.0042026750834 -0.118844196286 0.0359965636649 0.124247165217 -5.97130488316 0.447627096886  8.51803561235  1.68967213934 0.321107996124 0.949194234064 1776585337.38
0.0418852715328 -0.101643345234 0.0566425474849 0.123669413306 -6.71446036644  0.17925051808  8.04947251828  1.78038213763  1.17223508937 0.949194084511 1776585337.4
 0.0877357669258 -0.0638445311518  0.0805314502838 0.135125879982  -7.45937748815 -0.147891700237   7.54988126311  1.96445017199  1.91632600499 0.998035992545 1776585337.43
 0.135441870007 -0.010378651861  0.104173838402 0.17118529485 -8.13318621012 -0.46302736467  7.07082408069 2.40712959548 3.08581000647 1.15704126712 1776585337.45
0.177579929639 0.051330828265 0.123717078537 0.222430665293    -8.677112654 -0.695004282606   6.66288202501  2.21120500999  3.79334239979 0.970348059072 1776585337.47
0.207026156953 0.112424846506 0.135587331762 0.271814459345  -9.05591100785 -0.786721877435   6.36715327245  1.12773434443  3.11367978943 0.370879679137 1776585337.48
0.218366860942 0.163943735993 0.137130737587 0.305559280206   -9.261166908 -0.70664885576  6.20835398279 0.0417325485008   1.83853800011 -0.181555396404 1776585337.5
0.208973534729 0.198217067904 0.127115360683 0.314830524484  -9.30833905581 -0.455000473677    6.1909877034  -0.81177065466  0.963027686413 -0.650461107516 1776585337.53
0.179492561379 0.210061474488 0.105981274617 0.295931467106    -9.2291225126 -0.0634266668871    6.29948510949   -2.02012587343 -0.0174468687598   -1.37672569748 1776585337.55
 0.133645736218  0.197566497446 0.0757790962904 0.250272202126 -9.06171628945 0.411451265493  6.50236531402 -3.15663389096 -1.47620500159 -2.04627399975 1776585337.57
0.0774098747233  0.162322339123 0.0398066231548 0.18418848425 -8.84164264454 0.898992183122  6.75952648495 -3.20713119522 -2.45046721603 -2.04185264458 1776585337.58
 0.0177967102235   0.109049931416 0.00202263741778 0.110511092198 -8.59507130197  1.32745465676  7.03099951618 -2.39544006489 -2.43156128604 -1.51831493705 1776585337.6
-0.0384544289332  0.0447108992316 -0.0336322849988 0.0678891612035 -8.33556719843  1.63615517403  7.28513426405 -2.14289924401 -2.72162472205  -1.3607477532 1776585337.63
-0.0859562382695 -0.0227232214252   -0.06386081088 0.109466994367 -8.06422626709  1.78457866629  7.50435410916 -2.30180420157 -3.62070835737  -1.4676398068 1776585337.65
 -0.121297459206 -0.0856001202097 -0.0864533411348 0.171798237428 -7.77252565996  1.75707471666  7.68725886292 -1.79624346406 -3.61409796682 -1.15034698089 1776585337.67
-0.143131226042 -0.137761083049 -0.100476712834 0.222621278617 -7.44690714981  1.56287323169  7.84677545732 -0.862666959873  -2.53761888223 -0.558250495137 1776585337.68
-0.151807823301 -0.175349327761 -0.106197259303 0.255089905415 -7.07403013083  1.23212761053  8.00498529282  -0.118706303886    -1.2532400619 -0.0910656472309 1776585337.7
-0.148754083833 -0.197124321693  -0.10479029322 0.268266250603 -6.64567762827 0.809324986672  8.18596967223  0.331075969207 -0.599830523732  0.171473556704 1776585337.73
    -0.135850392  -0.204260379195 -0.0979324567941 0.264137081095 -6.16244318948 0.345612614516  8.40838053724   0.787045872043 -0.0604402556441   0.405934725879 1776585337.75
-0.115020522672 -0.199714850571 -0.087391531103 0.246481280999  -5.63557248521 -0.108574080506    8.6794317091  1.42057812523 0.503966215846 0.691301314367 1776585337.77
-0.0881438996166  -0.187335959475 -0.0747168656889 0.220106153413 -5.08667006424 -0.50959571253  8.99165428834  1.95929756669  0.97662735448 0.892000289443 1776585337.78
-0.0572600015408   -0.17092366239 -0.0610951673226 0.190331882803  -4.54536419692 -0.824883264885   9.32315043297  1.42829306656  0.76538817016 0.617438031316 1776585337.8
-0.0249082024473  -0.153449458393  -0.047380652076 0.162517940614 -4.04538726269 -1.03526353478  9.64132851965  1.13679738886 0.620743488859 0.485289830356 1776585337.83
0.00562142407842   -0.13658752131  -0.034251583171 0.140928784625 -3.61981254041  -1.1354315528  9.90935543757  1.44352110209 0.857680110334 0.652637710958 1776585337.86
 0.0303336244728  -0.120627065884 -0.0224049870733 0.12638433939 -3.29633628659  -1.1327780946  10.0939738218   1.4982903476  1.21211320731 0.820776734329 1776585337.87
 0.0449792374171  -0.104747147089 -0.0126910241284 0.114700299544 -3.09346757803 -1.04485130494  10.1730309135  0.43572385636 0.926978170212 0.456765736647 1776585337.88
  0.0458767438234  -0.0875599475133 -0.00611126283411 0.0990392223607 -3.01827946785 -0.89582888785  10.1411137051 -0.32715543591 0.860597211346 0.210394716553 1776585337.9
  0.0309259892768  -0.0677794405119 -0.00365333489999 0.0745909929197  -3.06602267025 -0.712504681913   10.0120618731  -0.971405038579   0.915078344471 0.00253766403379 1776585337.93
0.000542235911863  -0.0448541504466  -0.0059928325752 0.0452559705934  -3.22149172196 -0.520390695934   9.81774307824  -1.82481779465   1.21392374761 -0.238213483594 1776585337.95
-0.0417768959679 -0.0194152919503 -0.0131440400061 0.0479064545329  -3.46166873936 -0.340525614616   9.60319061005  -2.68934360305   1.53636741638 -0.543055252922 1776585337.97
-0.0894717905055 0.00656903588316  -0.024169234366 0.0929112771332  -3.75894397718 -0.187424811416   9.41888419827  -2.67345020076    1.4379768004 -0.696006529021 1776585337.98
 -0.133617978321  0.0299835506797 -0.0370539646914 0.141865336644   -4.08417910178 -0.0683355324281     9.3114912433  -1.74172841932  0.943800893044 -0.574392072184 1776585338
 -0.164231538263  0.0470795517102 -0.0488237131895 0.177685782546  -4.40904402814 0.0163364491734   9.31470600065 -0.801611356304  0.506668051525  -0.39440659706 1776585338.02
 -0.171970027309  0.0542244222445 -0.0559238335036 0.18878944201  -4.70738263387 0.0717807248505   9.44188906344  0.345316152626 0.0401504834152 -0.144722928092 1776585338.05
 -0.149919245857  0.0487436657533 -0.0548220334215 0.16690470508 -4.95576921848 0.107138962511  9.68200140543   2.02247925512 -0.645933440557  0.347130834905 1776585338.07
-0.0951242791302  0.0296816545558 -0.0427343144236 0.108424400974 -5.13379123755 0.133806564018  9.99984812326 3.97834741757 -1.4295327564 1.03422065122 1776585338.09
-0.00955750069026 -0.00169227947747  -0.0183332605076 0.0207441092871 -5.22479139254 0.163848820527  10.3409283776  4.83234730689 -1.77235731679  1.49949667125 1776585338.1
 0.0996948375114 -0.0417720438027  0.0177188356395 0.109535023651 -5.21769243486 0.208520789916  10.6403104714  4.77947863368 -1.72550027631  1.67594596961 1776585338.13
  0.22111938342 -0.084971870784   0.06255464042 0.245004252181 -5.11006436399 0.276768822063  10.8340596651  5.89248552654 -2.02709354114  2.29198202352 1776585338.15
 0.340281604447 -0.124537097555  0.111299132516 0.379062733451 -4.91187954549 0.373600473217  10.8710441145  6.39531639868 -1.99017552651  2.75538918558 1776585338.17
 0.441947650371 -0.153692006748  0.157697363735 0.493768586623 -4.64869469334 0.498356617052  10.7226494331  5.01026428913 -1.23300758065  2.43800011207 1776585338.18
 0.512486504216 -0.166916088879  0.195094226089 0.573206031706 -4.36262837868 0.643176024614  10.3882046516   2.40276518381 -0.177282874775   1.43656773064 1776585338.2
 0.542126645207 -0.161083498982  0.217592484672 0.605966733801 -4.10972120576 0.792213271528  9.89478414262 0.303891373868 0.660168592311 0.560008976017 1776585338.23
 0.526625123302 -0.136201586718   0.22114877807 0.587189641223  -3.9531109006 0.922300948707  9.29134086123  -1.82920669025   1.61689725018 -0.326547063996 1776585338.25
  0.467990267946 -0.0955518643285    0.20435777672 0.519525890187 -3.95270156921  1.00558642391  8.63852386303 -4.33834978484  2.58923792045 -1.49062334089 1776585338.27
  0.374083292472 -0.0451607273062   0.168736588003 0.412855709817 -4.15324613401  1.01417448126  7.99664533212 -5.58958621402   2.7274749996 -2.27791241261 1776585338.28
  0.257171261613 0.00731864293266   0.118443146736 0.283230293829 -4.57356210619 0.926090781921  7.41475337959 -5.93435404315  2.43028467496 -2.67481364745 1776585338.3
 0.131744612476 0.0540837693758 0.0595063661714 0.154346054829 -5.19966957796 0.731213009021   6.9234654212 -5.36695520871  1.78174648842 -2.62062377252 1776585338.32
  0.0120724794531    0.088687664556 -0.00123582768596 0.0895140987477 -5.98391170044 0.435501933317  6.53317204041 -5.14645541564  1.23314275574 -2.70957200595 1776585338.35
-0.0899982868956   0.107215610208 -0.0572396860391 0.151232471296 -6.85076423855 0.062107166362   6.2376987671  -5.2270792354 0.589969392789 -2.98225597595 1776585338.37
-0.166591194049  0.108853056015 -0.103170538065 0.224155690677 -7.70841646317 -0.35129067084   6.0219394883  -3.63175605739 -0.335236608088  -2.28284195002 1776585338.38
 -0.21447259587 0.0957257566843 -0.135481497916 0.271140463874  -8.46375479905 -0.758465158596   5.87083202685  -1.61222416634 -0.868237004387  -1.16799218612 1776585338.4
-0.234840145396 0.0720986974667 -0.152614184642 0.289204435339 -9.03752331156 -1.11256312217  5.77672442109 -0.358492085208  -1.05035014411 -0.387738081369 1776585338.43
-0.232399832643 0.0432005364507 -0.154871249259 0.282597014155 -9.37644035874  -1.3740841403  5.74282143777 0.485974268746 -1.35497813501 0.199545808767 1776585338.45
-0.214012779359 0.0140284920981 -0.144062263547 0.258364479172 -9.45992433723 -1.51717935908  5.78179917853  1.34060960727 -1.62453179201  0.94471485249 1776585338.47
 -0.187220024692 -0.0115477168623   -0.12303346787 0.224325481448 -9.30053147573 -1.53313271789  5.91032318528  1.69605054047 -1.39241203246  1.50495198931 1776585338.49
 -0.158915350467 -0.0312050201802 -0.0951728093487 0.187844897556 -8.93874606215 -1.43066682416  6.14150021562   1.32427998356 -0.815840816279   1.48008978497 1776585338.5
 -0.134360013866 -0.0441128503055 -0.0639541470104 0.155205315012 -8.43391130947 -1.23339868795  6.47780944557  0.843519336986 -0.386158515206   1.24940249417 1776585338.53
 -0.116643896266 -0.0505566595252 -0.0325612508518 0.13123265377 -7.85357989154  -0.9752223556  6.90671136134 0.643926684894 -0.17033483784  1.40018250244 1776585338.55
  -0.106611303076  -0.0514530836948 -0.00361612992745 0.118433382798  -7.26340871931 -0.694607223759   7.40015984835  0.398137266938 0.0773847608575   1.58491268939 1776585338.57
 -0.103195065156 -0.0479426500726  0.0209761214381 0.11570530169  -6.71913789783 -0.428819956732   7.91804647934 0.0773456371867  0.310219237912   1.31627473122 1776585338.59
 -0.10404445862 -0.041157938941 0.0400666506274 0.118846799705  -6.26145482202 -0.208953906845   8.41457048837 -0.0778810030286   0.396394054098   0.809644233553 1776585338.6
 -0.106294927772 -0.0321651554114  0.0532020275542 0.123140832499   -5.91387047271 -0.0564190028693    8.84590233294 -0.0656277864547   0.384257013646   0.409855899977 1776585338.63
 -0.107315345755 -0.0220065795831  0.0604938578005 0.125141439224   -5.6832417711 0.0187598552966   9.17737101577 0.0234024209924  0.473315928089  0.214627748546 1776585338.65
 -0.105285549727 -0.0117503997602  0.0624592124121 0.122980779356  -5.56228612462 0.0178219028687     9.388692642   0.230235504115   0.575506723718 -0.0183320425669 1776585338.67
 -0.0995031111839 -0.00247877677886   0.0598718242125 0.116153557002  -5.53332519248 -0.048386472077   9.47632758524  0.450547607114  0.500663423837 -0.266335352987 1776585338.69
-0.0903860083861 0.00480646407303  0.0536515425017 0.105219867999  -5.57251988927 -0.162117607858   9.45274093666  0.431178036651  0.250996833821 -0.320274904189 1776585338.7
 -0.079210839244 0.00933373586094  0.0447989195214 0.0914790624632  -5.65397177772 -0.301925838445    9.3429911881  0.469020463969  0.122021424858 -0.398539919762 1776585338.73
-0.0676844465891  0.0107125537424  0.0343613850094 0.0766592975282  -5.75322500105 -0.445872334916    9.1795578473    0.612802075056 -0.00860277798406   -0.603132713027 1776585338.75
-0.0574747442185 0.00902859524971  0.0234057968526 0.0627111878492  -5.84987385301 -0.574353120308   8.99655554833  0.518523464167 -0.170292091699 -0.620763936809 1776585338.77
-0.0498191835251 0.00484529174531  0.0129735177322 0.0517082204446  -5.92914320476 -0.672292049374   8.82444836952  0.362238664716 -0.295108795811 -0.576847972294 1776585338.78
 -0.0452929553217 -0.00089567126933  0.00400687313601 0.0454786659998  -5.98245310146 -0.730537651479   8.68612039784  0.145591989109 -0.286234937653 -0.378175866048 1776585338.8
 -0.0437672791984 -0.00705279734764 -0.00274633178707 0.0444168776158  -6.00709905761 -0.746384278172   8.59477265568 0.0157162360432 -0.241165985112 -0.225193456942 1776585338.83
 -0.0445367683882  -0.0124993762677 -0.00682831342939 0.046758785376   -6.0052668843 -0.723221394352   8.55370916213 -0.0661423888444    -0.2198067793  -0.127826493019 1776585338.85
  -0.046557279604  -0.0163246276237 -0.00813827443701 0.0500030525267 -5.98264486163 -0.66940684155  8.55773165413   -0.117306739661   -0.153671609117 -0.00331566082201 1776585338.87
 -0.0487195385093  -0.0179787972876 -0.00694653892145 0.0523935586447  -5.94689274672 -0.596552410604   8.59563367799     -0.105030285 -0.0300890627028   0.127664749392 1776585338.89
 -0.0500895621882  -0.0173365554896 -0.00384477022642 0.0531441685845   -5.9061847086 -0.517487181502   8.65318749043 -0.0352327254942  0.0863156337759   0.190874562614 1776585338.9
  -0.050068524806  -0.0146739548289 0.000361643052202 0.0521757885639  -5.86798019838 -0.444209667771   8.71604292758 0.0341906414431  0.141298702915  0.180556063149 1776585338.92
-0.0484530137746 -0.0105732378582 0.00479761629347 0.0498247430976  -5.83811297986 -0.386141303975   8.77207885042 0.103957179003 0.198104255401 0.185084562006 1776585338.95
 -0.0454028116957 -0.00578281685751  0.00866844279175 0.0465832392724  -5.82023695008 -0.348944414208   8.81292576276 0.198500047136  0.26540423775 0.183873917214 1776585338.97
  -0.041341652132 -0.00106500074019   0.0113849896508 0.0428938738858  -5.81563056544 -0.334069377835   8.83457012754 0.258547513392 0.262857348802 0.119715472642 1776585338.99
-0.0368248220408 0.00293816285383  0.0126403165583 0.0390445632834  -5.82333484602 -0.339062044727   8.83712006682  0.244363334314  0.187714974495 0.0284826741245 1776585339
-0.0324069569215 0.00579845153785  0.0124264061661 0.0351887548423  -5.84057642305 -0.358519274635   8.82393431625  0.177003309772 0.0940675882416  -0.03516491584 1776585339.02
-0.0285364008743 0.00734300585066   0.010993671458 0.0314500671209  -5.86340317058 -0.385460036498   8.80038149664   0.150766775753  0.0402373492235 -0.0797653452355 1776585339.05
 -0.025491993926 0.00764394952325 0.00876794489127 0.0280205027837  -5.88743684898 -0.412811026998   8.77250665116   0.140067571568 -0.0102166461361  -0.128605470694 1776585339.07
 -0.023366765972 0.00696592834544 0.00624708149092 0.0251705370793  -5.90863037112 -0.434705942595   8.74584599225   0.100565267617 -0.0578768465556  -0.143998444483 1776585339.09
-0.0220928992742 0.00568771866692 0.00390081378226 0.0231443878756  -5.92391376727 -0.447365002178   8.72456267398 0.0514457420843 -0.075573510179 -0.114164782623 1776585339.1
-0.0214949709208 0.00421627178243 0.00209332519376 0.0220043798593  -5.93162783957 -0.449436827057   8.71099191812  0.0157935309555 -0.0594318471269 -0.0612121264863 1776585339.12
-0.0213547200638 0.00290991336742 0.00103979940079 0.0215771371503  -5.93167879613 -0.441816719237   8.70559877477 0.00052337986208 -0.0470344706532 -0.0277661290768 1776585339.15
 -0.0214705640202   0.0020229018567 0.000798500533778 0.0215804275761  -5.92539665701 -0.427068871338   8.70728000393 -0.00926656568101  -0.0332246663981  0.00678550333164 1776585339.17
-0.0216984219882 0.00167759255164 0.00129147738307 0.0218014620468  -5.91513608602 -0.408647132822   8.71389296595  -0.0139216744138 -0.00444851419111   0.0433465457355 1776585339.19
-0.0219662678283 0.00186450529034 0.00234192463295 0.0221693011453   -5.9037087085 -0.390116686679   8.72287382738 -0.0155936459004  0.0218065279886  0.0670680327928 1776585339.2
-0.0222620352912 0.00246576289648 0.00371556958891 0.0227042652235  -5.89376900854 -0.374532835361   8.73181427205 -0.0139560305296  0.0314081321762  0.0618357379857 1776585339.22
 -0.022601563913 0.00329424301951 0.00515676529629 0.0234152718691  -5.88728297106 -0.364054509521   8.73889503246 -0.0152860947933  0.0352122104211  0.0568045887107 1776585339.25
-0.0229886151963 0.00413947255567 0.00641560993499 0.0242233712047  -5.88518723666 -0.359788745661   8.74311755122 -0.0215238307303  0.0418879395568  0.0582843878789 1776585339.27
-0.0233812407552 0.00481158706721 0.00726805245812 0.0249531235699  -5.88730121937 -0.361805473145   8.74432241752 -0.0212431954656  0.0319843649397  0.0345139725476 1776585339.29
-0.0236772014034  0.0051762277169 0.00753436090098 0.0253805002681  -5.89249596428 -0.369244825782   8.74302615996 -0.00965400057544   0.0101973539561 -0.00467467496962 1776585339.3
  -0.02372589628 0.00517564074128 0.00710116283115 0.0253008285423  -5.89906543791 -0.380460503753   8.74013984394    0.006655499939 -0.00733087434823  -0.0339727409961 1776585339.32
-0.0233665244287 0.00483402444366 0.00594852234782 0.0245916078027  -5.90520228179 -0.393186215902   8.73664954125  0.0264576336344 -0.0197634437498 -0.0622778861266 1776585339.35
-0.0224838780018 0.00424787226753 0.00417761063589 0.0232598714405  -5.90946092097 -0.404753964648    8.7333384152  0.0623893954712 -0.0344417172764  -0.106321262814 1776585339.37
-0.0210664503682 0.00356428140626 0.00202883733032 0.0214619573658 -5.91109991823 -0.41241067823  8.73061373133  0.0977171259011 -0.0391471797389   -0.12987246101 1776585339.39
  -0.0192483569211   0.00295166626344 -0.000122608814144 0.0194737415721  -5.91022893673 -0.413761268529   8.72847300688  0.106830969718 -0.028395914531 -0.109271302767 1776585339.4
 -0.0173180860011  0.00256795763908 -0.00180515068573 0.0176002579008  -5.90773421355 -0.407314017753   8.72660756854   0.0770660344436 -0.00908779385955    -0.05199218635 1776585339.42
 -0.0156834567764  0.00253128550972 -0.00252764955593 0.0160862436593  -5.90500803621 -0.393034959307    8.7246064266   0.0526990150008  0.00687673762339 -0.00173597749392 1776585339.45
 -0.0147923728686  0.00289754001408 -0.00188835112419 0.0151913101208  -5.90355105393 -0.372757585878   8.72219646275 0.0179646367891  0.030291920168 0.0767540062326 1776585339.47
 -0.0150210277559  0.00364827146617 0.000302581957554 0.0154606828884  -5.90454315151 -0.350269922076   8.71944323612 -0.0525813062698   0.053585157835   0.173392021875 1776585339.48
-0.0165524402496 0.00469120957274 0.00391564393558 0.0176443473357  -5.90848497805 -0.330932090762   8.71684412889 -0.119554357726 0.0625483110326  0.228743361118 1776585339.5
-0.0192756743447 0.00587421256302 0.00844299757772 0.0218481624576 -5.91499790281 -0.32076827837  8.71527157882 -0.140505683106 0.0527135541588   0.20677821921 1776585339.52
-0.0227373576438 0.00701160666146  0.0130178110256 0.0271221950531  -5.92283816717 -0.325113269855   8.71576337645 -0.141650817901 0.0420211921185  0.166125617548 1776585339.55
-0.0261707390767  0.0079196567339  0.0165294096692 0.0319507422546  -5.93013666799 -0.347044559964   8.71920016259 -0.151450023726 0.0372158743011  0.124068046362 1776585339.57
-0.0286136187377 0.00845558262693  0.0178316513665 0.0347592267647  -5.93482640842 -0.385955707961   8.72594665279 -0.0893336540452  0.0192590351242 -0.0155732993485 1776585339.58
-0.0291068642467 0.00855264257088  0.0160175627434 0.0343062611991  -5.93517400137 -0.436684676092    8.7355535255   0.0475874919582 -0.00605604102718   -0.202911809958 1776585339.6
-0.0269433439516 0.00824302146401  0.0107096437545 0.0301427877858  -5.93029916256 -0.489572838223   8.74661578934   0.164535212643 -0.0204024526196  -0.313984591021 1776585339.62
-0.0219175810305 0.00766116768335 0.00229816423836 0.023331425318  -5.92055524129 -0.531685924846   8.75685973473    0.25856388587 -0.0253784344417  -0.388082076523 1776585339.65
 -0.0145143131657  0.00702309339126 -0.00794525872854 0.0179754350078  -5.90765955959 -0.549191462715   8.76348742137   0.411728660097 -0.0278726832739  -0.522642846003 1776585339.67
-0.00597392095143  0.00658183405739     -0.0179405043 0.020021737328  -5.89450454055 -0.530597546786    8.7637515931   0.481513798447 -0.0135072015218   -0.50567315287 1776585339.68
0.00181280389948 0.00656509268353 -0.0250915685337 0.0259994905989  -5.88464334505 -0.470275300333     8.755674173  0.351598986026 0.0146835898085 -0.247452628252 1776585339.7
0.00659872974869   0.007106897135 -0.0267890379519 0.0284904155037   -5.8815161895 -0.371483287294   8.73876943086 0.0989112438447 0.0362827188717  0.090040905403 1776585339.72
0.00624065962162 0.00818932303517 -0.0210608019321 0.0234428714604  -5.88755216389 -0.248053287323   8.71460100861 -0.152863579914 0.0521535861235  0.406679385331 1776585339.75
-0.000742089944552   0.00961141830547  -0.00725946758361 0.0120677226073  -5.90333231908 -0.124028275873   8.68700179132 -0.537119183046 0.0723576564011  0.886352690005 1776585339.77
-0.0146185180557   0.010999353395  0.0133609592509 0.0226539638332   -5.92702070985 -0.0308728419964     8.6618247368 -0.989898976265 0.0669837569973   1.32588793766 1776585339.79
-0.0340372440575  0.0118644103438  0.0373366419986 0.0518972354906    -5.95425174901 -0.00236460862529     8.64617171161  -1.19380665719 0.0204057174438   1.32277024013 1776585339.8
-0.0558866810294   0.011704749422  0.0590872060576 0.0821682432282   -5.97860028351 -0.0678370927328    8.64715705983  -0.945609795818 -0.0394233988095   0.778431083527 1776585339.82
-0.0755184141282  0.0101350197241  0.0714841649059 0.104478396473  -5.99265788594 -0.244959623409   8.67038376504  -0.657717290546 -0.0979389521674   0.162793585442 1776585339.85
-0.0873638718019 0.00701756371816  0.0668782202504 0.110246943906  -5.98960673148 -0.533575499812   8.71841518031 -0.262370368123   -0.1915665561 -0.835375210171 1776585339.87
-0.0858889241054 0.00256311709069  0.0384649371107 0.094143657461  -5.96504293727 -0.912159560379   8.78958405504  0.604852831983 -0.282955767516  -2.49609989279 1776585339.89
 -0.0667408080829 -0.00263009686073   -0.018228808131 0.0692354123186 -5.91868474942 -1.33813390574  8.87746766812   1.67962608911 -0.294818803756  -4.12479465479 1776585339.9
 -0.0278683359047 -0.00762103074881    -0.10402094926 0.10795870572 -5.85554143563 -1.75260602149  8.97126149494   2.32937312701 -0.208581334084  -4.76082169132 1776585339.92
  0.029637933619 -0.0112602327065  -0.215209703444 0.217532564013 -5.78614567705 -2.08917048913  9.05711235677    2.68929520193 -0.0995506232982   -4.98741110313 1776585339.94
  0.101216813032 -0.0123994228815  -0.343414789177 0.358234987618 -5.72558118544 -2.28543506592  9.12025647992   3.51979554539 0.0263456547979  -6.14491885492 1776585339.97
  0.179166372584 -0.0101410129721  -0.476258992271 0.508946025555 -5.69126146083 -2.29513820774  9.14759845092   4.4626963636 0.243658466273 -7.47897219406 1776585339.99
   0.253646109155 -0.00407694573263    -0.59886897525 0.650382210468 -5.69970128034 -2.09835053791  9.13022185579  4.01494901453 0.466186215719  -6.5331992812 1776585340
  0.314209742634 0.00553922541047  -0.696004061249 0.763662293595 -5.76280984536 -1.70744056446  9.06529042698  2.32997555333 0.518896295749 -3.70160329147 1776585340.02
  0.35159075973 0.0177357794263 -0.754472428013 0.83256186847 -5.88444692746 -1.16723234937  8.95690164515 0.936416859218 0.525920240742 -1.43849220403 1776585340.04
 0.359384451031 0.0309107181187 -0.765399934688 0.846138118842  -6.05804747043 -0.548937501916   8.81567694533 -0.393267460589  0.610466488608  0.688549309186 1776585340.07
 0.335273968364 0.0430642271847 -0.725904299324 0.800749781956  -6.26599324019 0.0612454812562   8.65716163209 -2.27129435394 0.619496239786  3.66419381049 1776585340.09
 0.281535712284 0.0521439857674 -0.639809490553 0.700954732308 -6.48110249383 0.576787011463  8.49938707821 -3.92619301849 0.402327303434   6.2758249484 1776585340.1
 0.204710834164  0.056443374227 -0.517205600332 0.559101075954 -6.67018459126  0.92586570632   8.3601368501  -4.11534079517 0.0697295164158   6.57658390791 1776585340.12
  0.11450855015 0.0549740608021 -0.372889154828 0.393929787154 -6.79916154523  1.06372827259  8.25449589855  -3.71835562257 -0.177484324836   5.97343782472 1776585340.14
0.0221700043096 0.0477303464183 -0.223958690061 0.230059100916 -6.83888835337 0.979827248108  8.19313303849 -4.08319060488 -0.44569385192  6.63641325706 1776585340.17
-0.0613713369111  0.0357761854333 -0.0870314207441 0.112342532619 -6.77058481233 0.698357712298  8.18151943039 -4.36919204474 -0.77860455104  7.26504500226 1776585340.19
-0.127170739497 0.0211173292764 0.0243634741546 0.131194197481 -6.58977602501 0.272340387233  8.22001814682  -3.28253051117 -0.892897631561   5.72991850384 1776585340.2
-0.169490555892 0.0063661329674  0.101699289101 0.19776329687  -6.30785342114 -0.227143395777    8.3045965893  -1.52509728118 -0.691995364307    3.0386735961 1776585340.22
  -0.186372877451 -0.00574496044567    0.142320522308 0.234569787248  -5.95079953818 -0.723990891252   8.42787018606 -0.204146216722 -0.391836576165  0.964800870777 1776585340.24
  -0.17953193329 -0.0129072045595   0.149155126457 0.233763903862 -5.55519671985 -1.14958257885  8.58026157899  0.672262544172 -0.164079517641 -0.265202757073 1776585340.27
 -0.153668569221 -0.0137271203409    0.12941890703 0.20137456765 -5.16223103007  -1.4524290341  8.75117577663  1.87491784201 0.141474866907 -1.65142735021 1776585340.29
  -0.115404019868 -0.00806833225627   0.0926712700634 0.148226684785 -4.81084805186 -1.60360913522  8.93016316051  2.86562355079 0.581084316093 -2.83483979123 1776585340.3
-0.0720677566877 0.00281969800539  0.0486946854888 0.0870223226861 -4.53138684347 -1.59777003161  9.10802586032  2.22733346715 0.642467293757 -2.28395870591 1776585340.32
 -0.030555881365  0.0164058449283 0.00566604723918 0.0351413961749 -4.34086933178 -1.45041276651  9.27773877144  1.56252472234 0.544778498091  -1.6465350596 1776585340.34
0.00358216528203  0.0291952492411 -0.0310226124187 0.0427504031284 -4.24071903583 -1.19276292375  9.43497277561  1.25859815941 0.457082457522 -1.42295095444 1776585340.37
 0.0267460940094  0.0372160833107 -0.0591186498786 0.0748024409042  -4.21716383911 -0.865653193384   9.57800291125 0.957297032517 0.209115797073 -1.35359312346 1776585340.39
0.0375614644244 0.0366178234086 -0.079068458271 0.094887036492  -4.24409140854 -0.513587387775    9.7069027855  0.317243105985 -0.404615578477  -1.06268204818 1776585340.4
 0.0368584116425   0.024318714789 -0.0929922887739 0.102944199298  -4.28777634268 -0.179674910706   9.82215051861 -0.281721595763    -1.052495797 -0.674267796977 1776585340.42
  0.0273947655157 -0.00136438325087   -0.103401266898 0.106977365435   -4.3127210273 0.0983739529418   9.92302242019  -0.48858268218  -1.34116851175 -0.395589138177 1776585340.44
 0.0133623632136 -0.0401783733242   -0.11201625726 0.11975181136 -4.28782155771 0.291337617947  10.0063206728 -0.597448560979  -1.90370294771 -0.336539687901 1776585340.47
-0.000288287640049   -0.0895733326672    -0.118994987726 0.148940498652 -4.19211909989 0.380881302812  10.0659790763 -0.561274814708  -2.66192487045 -0.273638443905 1776585340.48
-0.00865757907835   -0.144611051394   -0.122751644962 0.189882269319 -4.01945042403  0.36132691366   10.093881072  -0.232731760999   -3.38443933407 -0.0435431217523 1776585340.5
-0.00776007813039    -0.19822984574    -0.12039292792 0.232055483986 -3.78132828281 0.240580392946  10.0818482402 0.405715016071 -2.95947610439  0.42933185273 1776585340.52
0.00468313200781  -0.241924471186   -0.10863436564 0.265237265259  -3.50739147889 0.0397781765199   10.0243276074 0.742748470405  -1.3984131748 0.722646599174 1776585340.54
 0.0286813657855  -0.266840145608 -0.0849377414545 0.281497253938  -3.24286108019 -0.208805583915   9.92097240869    1.2209050906 -0.497334549125   1.28431330025 1776585340.57
 0.0617980789794  -0.265190191527 -0.0485531303306 0.276590395192   -3.0427343924 -0.465797467645   9.77820916147   1.9493656638 0.964850285645  2.30681583846 1776585340.58
  0.0994683273782   -0.231803712279 -0.00117075653681 0.252246466474  -2.96299707292 -0.690438693708   9.60908371781 2.23056930859 3.00351456019 3.06078714824 1776585340.6
  0.13581740582 -0.165521409639  0.053016188069 0.220577471584  -3.04988412488 -0.847152864354   9.43115249494 1.77650214312  4.3925722163 2.96283138115 1776585340.62
  0.164859960739 -0.0701166166605   0.107888714141 0.209129436536  -3.32900645177 -0.911718815866   9.26280699588 0.971192253873  4.45448935601  2.18406379857 1776585340.64
 0.181836171012 0.0455491573942  0.156505398068 0.244198809277  -3.79673454256 -0.875672154375   9.11899949489 0.42712851512  5.2215386258 1.85247563818 1776585340.66
0.184363675175 0.168311384908 0.192477203477 0.315223985242  -4.41632776902 -0.747818350012    9.0076745223 -0.237659476127   6.43182223607   1.48729936005 1776585340.68
0.173083751388  0.28241750397 0.211279010794 0.392882236739  -5.12071200888 -0.552353820039   8.92815516918 -0.973997024791    6.0485628665  0.555195123416 1776585340.7
0.151573193158 0.371941670067 0.211168344463 0.453769884985  -5.82249610106 -0.323910088383   8.87224072885 -1.29604460518   3.8394501884 -0.48458459235 1776585340.72
0.125468842849 0.423473659623  0.19347603476 0.482188082544  -6.42998118541 -0.100629834971    8.8279358998 -1.04391213475  1.16771207509 -1.01029156633 1776585340.74
0.100971017481 0.428544874108 0.162195878656 0.469205028264    -6.866020028 0.0830976837681    8.7847825498 -0.892958702115  -0.80505734994   -1.4853911377 1776585340.77
0.083093848783 0.385269988675 0.122987399064 0.412872198395 -7.08525000205 0.202559641177  8.73902561897 -0.752187860697  -3.63729757878  -2.25265396367 1776585340.79
0.074146721614 0.298832668545 0.081862414684 0.318590889784 -7.08502532182 0.246069760018  8.69663225876 -0.311497937996  -6.25751369398  -2.41899003482 1776585340.8
0.0729100749674  0.180693661405  0.043903577401 0.199733828913 -6.90658345626 0.215317140756  8.67267929545 0.0174738666918   -6.7400319133  -1.85840739964 1776585340.82
0.0748004318292 0.0466831134385 0.0123380259195 0.0890317053961 -6.62540271033 0.123133847824  8.68676341116 0.00285057172672   -5.57203863366   -1.16601889162 1776585340.84
 0.0730463175268 -0.0856209158732 -0.0118260843324 0.113166081534    -6.3326894193 -0.0103247748567    8.75553255731 -0.315533857851  -5.47550581478 -0.931083429194 1776585340.87
  0.060602738277  -0.199691567653 -0.0295568036537 0.210767688986  -6.11256253211 -0.161864916167   8.88466995217  -1.15138603553  -5.56443674886 -0.883011155248 1776585340.88
 0.0323095865903  -0.282494037187 -0.0430675504745 0.287578866289 -6.02092849918 -0.30914361573  9.06318355762  -2.16860208568  -3.71164661132 -0.741839992901 1776585340.9
-0.0132862205259  -0.326155387532  -0.054832895121 0.330999255074  -6.07176984023 -0.433724898613   9.26238984519  -2.91372216663  -1.27765954052 -0.652341680311 1776585340.92
-0.0729554123673  -0.328652463595 -0.0666349128964 0.343183836504  -6.23464256829 -0.523194509543   9.44061103944    -2.649117341  0.687716469778 -0.507345685707 1776585340.94
 -0.138968695808  -0.293527950886 -0.0789029733376 0.334210465975  -6.44413151902 -0.572324137131   9.55275307874 -2.68690420621   2.1034471873 -0.50345336747 1776585340.97
 -0.200470333308  -0.228827207015 -0.0905277692929 0.317404351293  -6.61871968133 -0.583191140182   9.56221902979  -2.96024784796   4.10091715208 -0.562623080917 1776585340.99
  -0.24578397441  -0.145553649198 -0.0992042265511 0.302385689868  -6.68393583858 -0.564075970308   9.45164298295  -1.97204475464    5.2711169559 -0.356262838654 1776585341
 -0.265144857668 -0.0559574071941  -0.102211646945 0.289620868963   -6.5935095508 -0.527069182416   9.22907461083 -0.208516942511   4.87765155534 0.0505179482481 1776585341.02
 -0.253206768792   0.028081184156 -0.0974058866275 0.272745536014   -6.3429134728 -0.484677623193   8.92750304623  1.14316037653  3.19741393504 0.379734951759 1776585341.04
 -0.210673425332  0.0963989203944 -0.0841173295113 0.246478739689 -5.97189061986  -0.4461793273   8.5975874066   2.2740613612  2.37511054813 0.706529077267 1776585341.07
 -0.144575888834   0.141539137949 -0.0636553130112 0.212102602714  -5.55564152671 -0.414771805928   8.29550791712 3.98144181762 1.74515689748 1.24435077894 1776585341.09
 -0.067040554585   0.159356488676 -0.0392266384544 0.1772784691  -5.18734097474 -0.386474385919   8.06929774697   4.5800527059 0.232481284508  1.46039286719 1776585341.1
0.00721007761602      0.149243721 -0.0152569305084 0.150194698327  -4.95672116108 -0.351260194207   7.94742084079  3.68646574808 -1.27574485303  1.20740844417 1776585341.12
0.0640277986429  0.113998742679 0.0037014794953 0.130801274007  -4.93011053584 -0.296187279884    7.9326467217   1.8060598596 -1.89478530023 0.619937571438 1776585341.14
0.0928909431238 0.0593536525102 0.0141533835514 0.111139109438  -5.13652319622 -0.209647606309   8.00270939285 0.522691411423 -2.52021457894 0.227012179199 1776585341.17
   0.089081894581 -0.00680235805694   0.0145828232337 0.0905235590923   -5.56251773522 -0.0854964035399    8.11732023182  -1.07118940437  -3.75919293132 -0.231743897353 1776585341.19
 0.0544793020063 -0.0754467564373 0.00584330936658 0.0932435073791  -6.15619249726 0.0741259975842   8.22939252088  -2.77413192255  -3.93302018071 -0.711855429491 1776585341.2
-0.00316817218336   -0.137589712222 -0.00908898212037 0.137925979498 -6.83851345412 0.258053911258  8.29729523252   -3.4670762021  -3.00942696127 -0.869005401853 1776585341.22
 -0.072228436784   -0.18542924978 -0.0259153550085 0.200680241627 -7.51871789878 0.447596357057  8.29484813706  -2.85148616332  -1.57939056291 -0.647486756249 1776585341.24
 -0.139880701137   -0.21331249876 -0.0401322861523 0.258223610597 -8.11009416686 0.619832496128  8.21659500861  -2.56934436659 -0.689468929962 -0.466092932527 1776585341.27
 -0.194841110955  -0.218331662692 -0.0481579557329 0.296565274691 -8.54299401655 0.751845877113  8.07737547742  -2.53854421374  0.364443080212 -0.227905506524 1776585341.29
   -0.2295010373  -0.200446261811 -0.0481782236615 0.308497279131 -8.77319319206 0.824906182859  7.90689048635 -1.38331164973  1.68206268595 0.228658594976 1776585341.3
 -0.241063259945  -0.162127009101 -0.0405175287569 0.293322915082 -8.78519298933 0.827726060445   7.7412956477 -0.0563408953079    2.57048448759   0.573394983182 1776585341.32
 -0.231535368439   -0.10763239002 -0.0274743412955 0.256803811594 -8.59124875471 0.758203110785  7.61445583103  0.74148142003  2.58993277548 0.600471611549 1776585341.34
 -0.206705847841 -0.0421194333392 -0.0126939716753 0.211335021029 -8.22748410687 0.623408644947  7.55121468707 1.22724970105 2.94011396359 0.58500918444 1776585341.37
    -0.17442908885    0.0291767449781 -0.000252743262132 0.176852631769 -7.74835445592 0.437943339105  7.56404848357  1.77605662039  3.98239281192 0.527214526816 1776585341.38
 -0.142655149452   0.101499321793 0.00631919392754 0.17519285431 -7.22019884381 0.221106525711  7.65319344495  1.61579940904  4.02994964451 0.145137518064 1776585341.4
-0.117657926933  0.170769149645 0.0048466678975 0.207434279786     -6.7140620437 -0.00643067151398     7.80923972613   1.10011356134   3.64732076666 -0.313836150411 1776585341.42
-0.102850921183  0.233466414523 -0.005036002671 0.255167082558   -6.2977362946 -0.225676469555   8.01664225846  0.427375987647    2.5705356459 -0.594589827115 1776585341.44
-0.0984416666163   0.286349068854  -0.021888088452 0.303587943397  -6.02721017557 -0.421469854758   8.25673576149 0.0183467337268   1.94441576337 -0.794106389626 1776585341.46
 -0.101975748307   0.326218615668 -0.0429163351435 0.344469810395  -5.93829938755 -0.583470749823   8.50951111516 -0.299350893115   1.70722351321  -1.15121348345 1776585341.49
  -0.10958843181   0.349920015432 -0.0647551941883 0.372353161342 -6.03986030137 -0.70616876595  8.75427009517 -0.463698932283  0.845766633401  -1.23194307238 1776585341.5
 -0.117572768782   0.354666900924 -0.0843540870688 0.383050360364  -6.31030583142 -0.788405585599   8.96993677251 -0.394736087753 -0.313956085154 -0.973775525047 1776585341.52
 -0.123759503136   0.338648955567 -0.0997138484631 0.374088734525  -6.69891225394 -0.832935959575   9.13598936275 -0.256036105989  -1.26975887321 -0.621488320361 1776585341.54
-0.128242669438   0.30175170374 -0.110253632024 0.345913481017  -7.13257126116 -0.846283172909   9.23462308586 -0.202509983049  -1.98760083473  -0.36502106048 1776585341.56
-0.133184418746  0.246145021435 -0.116702110666 0.303224081511  -7.52736969853 -0.838723797839   9.25403207148 -0.332087837613  -3.08135477842 -0.253559366812 1776585341.58
-0.141741053695  0.176503784001 -0.120560067182 0.256473861959  -7.80303201107 -0.823899321687     9.191937621 -0.653932613708  -4.11249095364 -0.185988531548 1776585341.6
-0.156468750591 0.0997131077086 -0.123324534135 0.222787150617  -7.89729858212 -0.817505302406   9.05804740031  -1.06644215189  -4.51157297686 -0.153497524476 1776585341.62
-0.177777269999 0.0240529273129 -0.125746912042 0.21907895136  -7.77712701469 -0.834821082202   8.87423182883   -1.2799823276  -3.89663920692 -0.111735151447 1776585341.64
 -0.203018095688 -0.0419966637881  -0.127388026272 0.243326480646  -7.44432564483 -0.887396946725   8.67183935858   -1.08084200815   -2.54890448991 -0.0196220451925 1776585341.66
  -0.22660129704 -0.0910867330658  -0.126633283277 0.27510167065   -6.9346377271 -0.979749494136   8.48649231619 -0.838785015991  -1.67428297778  0.136501818616 1776585341.68
-0.241194046501 -0.118198960429 -0.121175365562 0.294667662856 -6.31089335624 -1.10715378624  8.35153855599 -0.353800303675 -0.822249039749  0.481876178886 1776585341.7
-0.239683789511 -0.121491079132 -0.108814922421 0.289912208443 -5.65209279638 -1.25542096714  8.29176469398 0.708926783767  0.46163721302 0.975597461706 1776585341.72
 -0.217322996954  -0.102654668639 -0.0883249557883 0.2560635933   -5.040843633 -1.40298188096  8.31887666334 1.64924192487 1.36219144573 1.21201751702 1776585341.74
 -0.173400787126 -0.0667446301822 -0.0601039608819 0.195282269415 -4.55143190455 -1.52489695492  8.42970975813 2.23343893032 1.71943417625 1.31207554826 1776585341.76
 -0.111924993425 -0.0215130144319 -0.0264069237398 0.116992903907 -4.24020832245  -1.5978524437  8.60737084959 2.99937355018 2.04957743457 1.56502373737 1776585341.78
-0.0410889442676  0.0236687054401 0.00893418036469 0.0482527567816  -4.1392410193 -1.60496206674  8.82479872295 3.80160910248 2.18655344576 1.83336911828 1776585341.8
0.0283590796507 0.0591735093792 0.0412466619996 0.0775050239468 -4.25356850458 -1.53930098203  9.04975483465 3.55516828355 1.48739987184 1.60445048378 1776585341.82
0.0854307819717 0.0766016215737 0.0660326409104 0.132387826486  -4.5619643938 -1.40546357709  9.25011860078  2.26878590526 0.268507046136 0.946111542266 1776585341.84
 0.121313058452 0.0701744584845 0.0800096109582 0.161377974396 -5.02084922527 -1.21891261751  9.39853160889  0.979688992361 -0.828800101408  0.339194725345 1776585341.86
 0.131286900736 0.0378081308042 0.0819092647481 0.15929479813 -5.57075442038 -1.00334188929  9.47579168068  -0.13577818041  -2.13865817605 -0.173625908832 1776585341.88
  0.115692786581 -0.0183511083878  0.0728227064893 0.137930165759  -6.14449332079 -0.786622075129   9.47277782828  -1.44953726638  -3.65209211254 -0.728755689053 1776585341.9
0.0797335624229 -0.092079899394 0.0559907944495 0.134056398251  -6.67593716521 -0.596105946879   9.39095727416  -2.4357361922 -4.53908365835 -1.07188773507 1776585341.92
0.0321961802989 -0.173950094155 0.0360785843303 0.180546098074  -7.10811806302 -0.454133303698   9.24163768122  -2.40725926646  -4.01757099001 -0.946983369997 1776585341.94
-0.0165676211772  -0.252800785144   0.018107205984 0.253989357945  -7.39940983146 -0.374508100416   9.04413229309  -1.91884644445  -3.09272765779 -0.641167403864 1776585341.96
-0.0568979029317  -0.317548731841  0.0063084991784 0.322667577569  -7.52686660197 -0.360529710978   8.82301081115  -1.55707241451  -2.53518806426 -0.356144619325 1776585341.98
-0.0817858134467  -0.358987485951 0.00319003961307 0.36819982442  -7.48642565521 -0.404868112359    8.6047017851 -0.870197020043  -1.49666696563 0.0762263838657 1776585342
-0.0881052964255  -0.371222869824  0.0090421637407 0.381642140052  -7.29045626854 -0.491228469267   8.41389108281 0.153230577482 0.203714097271 0.588849567299 1776585342.02
-0.0768913025533  -0.352480423949  0.0219991485329 0.361439738009  -6.96378691195 -0.597430266982    8.2703239245  1.05258949968  1.96266865711 0.878854305729 1776585342.03
-0.0526819781235  -0.305172204694  0.0386186850936 0.312084713139  -6.53958417363 -0.699303169805   8.18662680231  1.32087082209  2.82846460873 0.791831926788 1776585342.05
-0.0221584963458  -0.235277588739  0.0548102173166 0.242591637625  -6.05615303598 -0.774713643678   8.16754486471  1.15213908541  2.94499387773 0.540257302755 1776585342.08
0.00754492743527  -0.151225627938  0.0668600892457 0.165518542796  -5.55499728262 -0.807075296242   8.21059241562  1.39833295751  4.59161336808 0.464592860074 1776585342.1
 0.0304492177578 -0.0625331203736  0.0722890074904 0.100315734607  -5.07965533487 -0.787826174707   8.30770175332   1.2929178372  6.31803158713 0.127029731628 1776585342.11
0.0429018486139 0.0215511243058 0.0703339219049 0.0851579716988  -4.67429778339 -0.717540394771   8.44721239527  0.332685888007   3.79907283499 -0.252123070802 1776585342.13
0.0440867641704 0.0931994609583 0.0619539130253 0.120283289102   -4.3810860798 -0.605555379189   8.61557211169 -0.148296059647    2.6234018306 -0.438575724689 1776585342.15
0.0358198284181  0.146834188403  0.049389318609 0.15900516905  -4.23584590899 -0.468223931061   8.79839451116 -0.477158473888   1.84542493053 -0.566822442607 1776585342.18
0.0217520419985  0.179579679205 0.0354222207905 0.184327822751  -4.26247146249 -0.326117073352     8.980897956 -0.755700722245   1.13700546147 -0.685362608265 1776585342.2
0.00624099200793   0.191337650623  0.0225635820777 0.192764524131  -4.46729860441 -0.200666588629   9.14806710746  -0.80892193734  0.140042177958 -0.652472778199 1776585342.22
-0.00678324373259    0.184519764741    0.012405788304 0.185060691555  -4.83513740236 -0.110802626034   9.28500689299 -0.534620767327 -0.712256436749 -0.441037657017 1776585342.24
 -0.014657290021   0.163495604818 0.00532345616972 0.164237596583  -5.32853956546 -0.070095821051    9.3778618645 -0.207320122753  -1.09965841099 -0.256252735891 1776585342.26
 -0.0163388520363    0.133835321264 0.000594823027696 0.134830282645   -5.89118598518 -0.0847786611478    9.41539882247 0.0545651743869  -1.40527885021 -0.191153209844 1776585342.28
 -0.0122480752359    0.101448362761 -0.00311652674146 0.102232570118  -6.45520458291 -0.152848019194   9.39100084914  0.343073438065  -1.68949140283 -0.209175886724 1776585342.3
-0.00372940404712    0.071739129579 -0.00709330485277 0.0721853596032  -6.95111102598 -0.264292991172   9.30452464631  0.557549562107  -1.47417860958 -0.247594866652 1776585342.32
0.00762339067122   0.048907580789 -0.0119409852037 0.0509181173217  -7.31829072154 -0.402382600425    9.1633507388  0.617441151208 -0.922694680334 -0.257956962983 1776585342.34
 0.0205161382515   0.035506959344 -0.0172227017111 0.0444778320609  -7.51379380533 -0.545885257927   8.98208230674  0.591820508653 -0.369393413436 -0.212445401883 1776585342.36
 0.0341893234427  0.0323260658802 -0.0214773398611 0.0517219537553 -7.51774761165 -0.67203823917  8.78071194548   0.63318601806 0.0703851443643 -0.122929905882 1776585342.38
 0.0482926326098  0.0385946026424 -0.0226153694893 0.0658268687896  -7.33468373475 -0.759988636874   8.58156185643  0.752632957288  0.534500754223 0.0775109297293 1776585342.4
 0.0625032467295  0.0524338929495 -0.0185613919252 0.0836689563206  -6.99113197088 -0.794267889169   8.40572611981 0.776044863521 0.916252695314 0.409777807832 1776585342.42
  0.0760918604696   0.0714163100611 -0.00793644152094 0.10465776453  -6.53056778513 -0.767693234206   8.26992740157 0.668438614104  1.08026281982 0.743956962087 1776585342.44
 0.0876521837308   0.093077059019 0.00942880250156 0.12819963551  -6.00702301691 -0.683023929357   8.18456335794  0.42725455279 0.983334263751 0.902482121266 1776585342.46
0.0951375368156  0.115250286797 0.0322933986936 0.152894221988  -5.47844414066 -0.552839662111   8.15331308583 0.194741580812 0.978291109067  1.10635396662 1776585342.48
 0.096230128261  0.136168661917 0.0581612966969 0.17659240784  -5.00044689163 -0.397468954791   8.17416169083 -0.162864086757   1.02959843757   1.35475154119 1776585342.5
0.0889528777441  0.154348626055 0.0837392181845 0.196846055297  -4.62073820796 -0.241283220951   8.24127674936 -0.660447230847  0.890403441392   1.31175989509 1776585342.52
0.0723559197519   0.16835545357  0.105579512394 0.211485156234  -4.37432742862 -0.108125021775   8.34698307266 -1.06666642155  0.56642366253 0.943300454932 1776585342.54
0.0470848046827  0.176581506745  0.120765013286 0.219048386869  -4.27974592494 -0.016895746068   8.48317848688 -1.23442284665 0.191863981214 0.477288918167 1776585342.56
0.015662228446 0.177167245536 0.127500097114 0.218837412375  -4.33671741186 0.0217064500792   8.64184955613  -1.52495235569 -0.198718299088  0.111572236266 1776585342.58
-0.0176224436596   0.168149430633   0.125499280801 0.210558426629   -4.52588103016 0.00662431575607    8.81474677656  -1.74005560197 -0.811124378288 -0.315319376115 1776585342.6
-0.0472378403626   0.147846470299    0.11610183465 0.193828863565   -4.81109820934 -0.0541285328422    8.99261671407  -1.38954055515  -1.47578138531 -0.655196599117 1776585342.62
-0.0672834884379   0.115406209007   0.102083089365 0.168126791524  -5.14450113755 -0.145727268912   9.16455482442 -0.670903411728  -2.02552968472 -0.766040206617 1776585342.64
-0.0725686068461  0.0713701570887   0.087179063873 0.134015264803    -5.473825201 -0.249809726465   9.31799120049  0.164269723338  -2.10890060027 -0.578362152631 1776585342.66
-0.0597018974722  0.0180734722527  0.0753897634003 0.0978498001357 -5.75088618224 -0.34796594278  9.43957527997   1.00721809735  -2.52196561032 -0.384103921534 1776585342.68
 -0.027977101677 -0.0402821681075  0.0701740358184 0.0856140560231  -5.93955212964 -0.424753715898   9.51687139716    2.22428528275   -3.23277021592 -0.0474605748278 1776585342.7
 0.0201438383905 -0.0979741043632  0.0736860590459 0.12423499768  -6.02143843492 -0.469806138494   9.54044508746   3.0277005268 -3.06035693087 0.453662024903 1776585342.72
0.0790913476382 -0.148505444498 0.0862168673632 0.189057283739  -5.99794276774 -0.478874824282   9.50574210708  2.94166921718 -2.13618557452 0.787114396091 1776585342.74
 0.140840320792 -0.185621649198   0.10598130771 0.255975448423  -5.88809293225 -0.453851436619   9.41421550378  2.45706848594 -1.17350288546 0.905412818631 1776585342.76
 0.196084203758 -0.204381564769  0.129327929275 0.311362413068  -5.72278441851 -0.401902187459   9.27341854838  2.31299350574 -0.40018254664  1.10590422379 1776585342.79
 0.235744488531 -0.202041492763  0.151357535398 0.3454060396 -5.53698608522 -0.33388227257  9.09613136961  1.63398264776 0.747540734171  1.08563004587 1776585342.8
 0.252542510368 -0.178552108116  0.166839241943 0.351416999457  -5.36203807235 -0.262241718327   8.89886391349 0.182103976176  1.81070848026 0.549783781702 1776585342.82
 0.242329670811 -0.136563266262  0.171238630216 0.326643327692  -5.22004667038 -0.198722798658   8.70016031842  -1.29761124259   2.65877697591 -0.141580092107 1776585342.84
  0.204908098789 -0.0809502435441   0.161641934647 0.273255166311  -5.12163028241 -0.152245635789   8.51900972826  -2.13851859148   2.58343341543 -0.737630374197 1776585342.86
  0.144169400409 -0.0179809337849   0.137380614076 0.199953902482  -5.06715689316 -0.127406863547    8.3734401778  -3.0060727196   2.7707717546 -1.34373354364 1776585342.88
0.0675131544459 0.0456900830617  0.100225524379 0.129192745348  -5.05052899574 -0.123921210744   8.27917574908 -4.25540297449  3.25396595321 -2.22128851017 1776585342.9
-0.015349974981    0.1039982582 0.0541126937805 0.11823469486  -5.0638787939 -0.13712661839  8.24818407055 -4.45899301124  2.94196083493 -2.64406694409 1776585342.92
-0.0939833961946    0.15224250998 0.00446226795426 0.178970870369 -5.10143726048 -0.15941816872  8.28706146558 -3.94029670136  2.29321142203 -2.65921791301 1776585342.94
 -0.158895458492   0.187540226563 -0.0427629351414 0.24949503388  -5.16132174649 -0.182259454534   8.39543598237 -2.37812111201  1.23663394518 -1.88776786552 1776585342.96
 -0.202981785604    0.20892217513 -0.0820613560451 0.302628727493  -5.24484377185 -0.198301282936   8.56479621008 -1.43944424645 0.669149907829 -1.50526389896 1776585342.98
-0.222480718799  0.217098906018 -0.109255678492 0.329494170684  -5.35386038547 -0.203134938004   8.77825857465 -0.381996526277  0.135261017725  -1.06736873233 1776585343
   -0.217294597  0.213990193561 -0.122053990285 0.328490367241  -5.48736917618 -0.196306414914   9.01170141077   0.84986207485 -0.399488502701 -0.293116777615 1776585343.02
-0.190668314325  0.202145079736  -0.12022775239 0.302773433104  -5.63876671957 -0.181387771722   9.23642602547  1.91387114668 -0.82731554985 0.461764222091 1776585343.04
-0.148347298411  0.184186111744 -0.105418912341 0.25892970433  -5.79490068012 -0.165103557627   9.42311995341   2.15992339394 -0.920969233043  0.916375642949 1776585343.06
-0.0974275645954   0.162388178169 -0.0806691494215 0.205838680574  -5.93736697918 -0.155704275307   9.54649969104  2.39229275073 -1.05998759065  1.28902323367 1776585343.08
-0.0451428050105   0.138457811029 -0.0498099197661 0.153913827794  -6.04568868412 -0.160931002509   9.58971736392  2.69619060271 -1.32246841768  1.72715890527 1776585343.1
0.00219183592576   0.113525345235 -0.0168537297792 0.114790488992  -6.10136626894 -0.186004587555   9.54753521016  2.27038460514 -1.33830048041  1.71657938949 1776585343.12
  0.03992657322 0.0883128314087 0.0145088485241 0.0979989496169  -6.09155396865 -0.232088893954   9.42746580478  1.72381677094 -1.36588836905  1.58364413653 1776585343.14
0.0654464764052 0.0634047180454 0.0412573422281 0.100027835286  -6.01137406047 -0.295609363273   9.24852445476 0.865987548762 -1.10449226161  1.05799593177 1776585343.16
0.0781748879334 0.0395304122145   0.06123765129 0.106883191049  -5.86449638883 -0.368642664645   9.03782506688  0.302328001323 -0.997517446718  0.699046514047 1776585343.18
0.0792781692986 0.0177676784112 0.0732391522432 0.109383234295  -5.66228858441 -0.440339152888   8.82578828611 -0.18746043396 -1.06815054138 0.421193443444 1776585343.2
   0.0711656094126 -0.000408493764631    0.0769863727343 0.104840890959  -5.42226822635 -0.499056466136   8.64104545189   -0.620753849153   -0.860382191991 -0.00496307334533 1776585343.22
0.0568802586982 -0.013276451955 0.0730600756684 0.093538241713  -5.16658419785 -0.534671920062   8.50612116874 -0.873222302689 -0.518164341522 -0.392374067708 1776585343.24
 0.0394676887918 -0.0192178303053  0.0627432160793 0.0765750261128  -4.92086201905 -0.540495423324   8.43468304172 -0.798949376143 -0.088599765643 -0.569193052126 1776585343.26
 0.0214042582074 -0.0172105752214  0.0477860175121 0.0551166911065 -4.71319621825 -0.51434786643  8.43067624108 -0.768383414135  0.258315986951 -0.710421685199 1776585343.28
0.00416931360595 -0.0073511834514  0.0301075153041 0.0312711616648  -4.57266337825 -0.458642985603   8.48917278118 -0.904205764112  0.703705958953 -0.983975302127 1776585343.3
-0.0119517038935 0.00874899087365  0.0114873737867 0.0187442744266  -4.52669556059 -0.379602429502   8.59840552079 -0.886407543493  0.977275803175  -1.02096819298 1776585343.32
 -0.0277618693892   0.0278533595796 -0.00667096479982 0.0398877525466  -4.59705515568 -0.285935304003   8.74230999151 -0.899315838982   1.00552147214 -0.958161513849 1776585343.34
-0.0447228936179  0.0453903281071  -0.023428160218 0.0678918094502   -4.7948485154 -0.187365193129   8.90296865694 -0.836008029225  0.648458667921 -0.722430717839 1776585343.36
-0.0642615189901  0.0561647074763 -0.0382118916095 0.0935102446216   -5.11572572731 -0.0932996940138     9.0625768214 -0.900753442266    0.2131798532 -0.578641035696 1776585343.38
-0.0869686901542  0.0553885721119  -0.050566720355 0.114840934319   -5.53682880672 -0.0117775550774    9.20482279183  -1.30094128724 -0.446296675789 -0.590662090669 1776585343.4
 -0.111919850768  0.0398151955847 -0.0598500471217 0.133016280717  -6.01695197103 0.0513144678871    9.3157937793  -1.42035104819  -1.34294293391 -0.415384291703 1776585343.42
 -0.136356006195 0.00869282940344  -0.065010132298 0.15131041937  -6.50071982054 0.0928203270298   9.38461565756  -1.22465914413  -2.10389801621 -0.131415269178 1776585343.44
  -0.15589664334 -0.0357345499061 -0.0645690924668 0.172481561808 -6.92652660615 0.112708198908  9.40399682011 -0.701978660888   -2.3524433826  0.197305254635 1776585343.45
 -0.165316468651 -0.0883583376168 -0.0568702104775 0.19588504658 -7.23683255188 0.114190610287  9.37071897566 -0.0872993031139   -2.40959101789   0.544589263847 1776585343.48
 -0.159746296872  -0.141990731121 -0.0405542388765 0.217542854122 -7.38857296659 0.103398540119   9.2859843287 0.755997358416 -2.58725156998  1.07656908652 1776585343.5
 -0.136010266121  -0.188653024713 -0.0151370597771 0.233061980602  -7.36122729962 0.0884576832765   9.15547289431  1.71401720351 -2.05372366762  1.53334486622 1776585343.52
-0.0937409847404  -0.221077843803  0.0184935386444 0.240841848964  -7.16063666514 0.0779684129639   8.98902284916   2.6962260605 -1.22409256422  1.96641589279 1776585343.54
-0.0359511451743  -0.234080085791  0.0578382179748 0.243785214609  -6.81778677976 0.0791224676802   8.79998259276   2.85610209432 -0.101006398059   1.83948126478 1776585343.55
0.0311244139134 -0.225493723819 0.0989134794789 0.248193523376  -6.38309209348 0.0958886374693    8.6043979368  2.85320004649 0.795142692988  1.66952422233 1776585343.58
0.0989136687297 -0.196495349506  0.136753145033 0.259028490548 -5.91776336564 0.127765543253  8.42019596033 3.33745346658 1.95275470418 1.77053545181 1776585343.6
 0.157936862169 -0.151295354505  0.166188105962 0.274686773052 -5.48429153434 0.169497544453  8.26638482128 2.68853119154 2.67811697418 1.22938678752 1776585343.62
  0.199477574695 -0.0963209850041    0.18273808197 0.287162395798 -5.13788058688 0.211922026667  8.16208216321  1.57476655655  2.98351215053 0.458434672563 1776585343.64
  0.217154531084 -0.0391030844842   0.183427126276 0.286933184279 -4.92001359324 0.243844072072  8.12505284406  0.201771066785   2.55859001103 -0.360273941385 1776585343.66
 0.208090948811 0.0129022714586  0.167358402957 0.267352102341 -4.85456996208 0.254588818441  8.16950271329 -0.954608735269   2.02050033358  -1.03768283255 1776585343.68
0.173468301307 0.053362067548 0.135939135664 0.22675583877 -4.94632493029 0.236700512952   8.3031711211 -2.43986325243  1.76627696023 -2.02976104837 1776585343.7
 0.118368776028   0.07785435697 0.0927171002902 0.169319014655 -5.18140218134 0.188158905558   8.5242011685 -3.32207819948 0.839681930616 -2.52350350592 1776585343.72
0.0509365383029 0.0843329541866 0.0428620571126 0.107441770444 -5.52928886561   0.1134944904  8.81866230919  -3.67778829409 -0.123082620388  -2.68626721563 1776585343.74
 -0.0189920094193   0.0732573752898 -0.00761161500172 0.0760610027483  -5.94620378165 0.0233440819237   9.15975917171   -3.2798043412 -0.914194812398  -2.36690850614 1776585343.76
  -0.08153949888  0.0474073045562 -0.0527407980117 0.10806356545   -6.37974075862 -0.0676785577097    9.50955952924 -2.38818141232 -1.34972899749 -1.74301002744 1776585343.78
 -0.128411074419  0.0114169790171 -0.0874709282449 0.155791253706  -6.77464914581 -0.144453071561   9.82351652147 -1.84479234657 -1.93846626112 -1.41183013399 1776585343.8
 -0.154178760512 -0.0289203960483  -0.108332040394 0.190639215474  -7.07933674737 -0.195337300973   10.0572819491 -0.782524410103   -2.1616040702 -0.722062192861 1776585343.82
  -0.15698084678 -0.0675026500996  -0.113833240032 0.205323161291  -7.25229881851 -0.215526878019    10.174541616 0.419906387675 -1.87366707284 0.101809437868 1776585343.84
 -0.138515905779 -0.0988097238634  -0.104534464357 0.199693444865  -7.26739963681 -0.208676145247    10.154114022    1.363306989 -1.30158461678 0.788783380642 1776585343.86
 -0.103369776111  -0.118686532699 -0.0828148986731 0.177848562265   -7.1169715058 -0.186098983479   9.99454785714   1.75395316357 -0.566526411889   1.13369117716 1776585343.88
-0.0578654166908   -0.12485981069 -0.0524049378608 0.14725710946 -6.81213561533 -0.16360766277  9.71499164665   2.33714082565 0.0398683985508   1.60613389144 1776585343.9
-0.00872856253351   -0.117072084147  -0.0177754029845 0.118735107031  -6.38046702716 -0.156841430333   9.35204960926  2.54143667771 0.742804768043  1.82497574601 1776585343.92
0.0381120057555 -0.096807769243 0.0165153188055 0.105342417495  -5.86182344446 -0.176474261987   8.95337388145 2.31881947654 1.34161411514 1.70994086841 1776585343.94
0.0783286710317 -0.066702827481 0.0464222299359 0.112870152528  -5.30351492422 -0.224754785105    8.5695260037 1.85292358254 1.73935186137 1.35987550835 1776585343.96
  0.109467365304 -0.0298260120789  0.0688835906292 0.13273147374  -4.75585317299 -0.294404234316   8.24593040861  1.16679296018  1.72969570706 0.794818841355 1776585343.98
 0.130707034474 0.0109447359524 0.0821023476297 0.154741434633  -4.26857997993 -0.370163715358    8.0164995005 0.780459049279  1.97733703541 0.398071159879 1776585344
 0.142265668289 0.0532703390375 0.0856122819338 0.17437520527  -3.88802268083 -0.432517518561   7.89988452352   0.370940721955    2.23788237615 -0.0520177012026 1776585344.02
 0.144697667368 0.0953501110744 0.0801404153897 0.190922876582  -3.65438616326 -0.462565419607   7.89855567906 -0.110671533422   2.31868333128 -0.515069080529 1776585344.04
 0.138334527769  0.135631807379 0.0673166202549 0.20509499289  -3.59857430273 -0.446796878789   8.00029044562 -0.531115067555   1.89056587871 -0.756481400337 1776585344.06
 0.123052181629  0.172399736036 0.0493101709413 0.217474139491  -3.73834480794 -0.380630031507   8.18130585894 -0.854327815907   1.45200650835 -0.831434424125 1776585344.08
0.0984286595466  0.203455398396 0.0284801081491 0.227801265836  -4.07425317798 -0.269928801181   8.41022982303 -1.46089261383  1.33290095109 -1.04800628759 1776585344.1
 0.0642226010469   0.226075141859 0.00710736303975 0.235127682039  -4.58644148066 -0.130184021689   8.65227938669 -2.17969626772 0.953626849895 -1.16095287581 1776585344.12
   0.02099476754   0.237333071906 -0.0127628397522 0.23860146136  -5.23359878943 0.0164645370266   8.87326212985 -2.69069357071 0.249317753018  -1.0492488395 1776585344.14
-0.0293597899071   0.234746419662 -0.0293855383351 0.238393348629 -5.95520361098 0.145752682731  9.04321465537  -2.71193003654 -0.526281409703 -0.742436566983 1776585344.15
-0.0833875741234   0.217076470453  -0.041339265528 0.236187672026 -6.67747002781 0.236422847251   9.1395670228  -2.23890905943  -1.04064024073 -0.380684843508 1776585344.18
 -0.136299716805   0.185040965659 -0.0475686839008 0.234692461449 -7.32244847892 0.274851519113  9.14967114717  -2.29646035656  -1.74399116805 -0.142201974318 1776585344.2
  -0.18265492539   0.141690286063 -0.0474861224921 0.235995531235 -7.81878882978 0.258102390413  9.07241844785 -2.25243561777 -2.57728604782 0.178948502288 1776585344.22
 -0.217373466533  0.0922746098214 -0.0411276447101 0.239702546356 -8.11208659669 0.194621971921  8.91860164534 -1.50888588449 -2.73270235666 0.506150452736 1776585344.24
-0.236837054495 0.0435624995833 -0.029310918218 0.242587327943 -8.17272841787 0.102314269016  8.70974458767 -0.593348406482  -2.37183606588  0.726140188075 1776585344.26
 -0.239776191836 0.00272251653848 -0.0137111740718 0.240183326986  -7.99975040691 0.0043789719897   8.47536640614 0.197215723787 -1.45487093292 0.700646742373 1776585344.28
 -0.227678707886  -0.023999112744 0.00322586735887 0.228962786621  -7.62021038535 -0.076109570347     8.248999911  0.807007483575 -0.807711035808  0.740050614205 1776585344.3
 -0.204567895198 -0.0325164748275  0.0185759138201 0.207967327855   -7.0845885009 -0.121561219846   8.06360908175   1.43518338954 0.0615190688155  0.729512224314 1776585344.32
-0.176165722999 -0.021791011058 0.0294102229329 0.179928239406  -6.45942351493 -0.123865386189   7.94720064963  1.54712067799  1.06018108886 0.408927953508 1776585344.34
 -0.14862844987  0.005816631893 0.0333615754844 0.152437672627   -5.81859932463 -0.0860913644151    7.91933114891     1.28995386043      1.7532185697 -0.00698574807419 1776585344.36
  -0.1271685594 0.0448026398629 0.0291448786816 0.137943984979   -5.23449692954 -0.0215535844104     7.9889221523 0.724323755248  1.75189328448 -0.35400140173 1776585344.38
-0.114920306055 0.0873451891896 0.0168872709022 0.145330790739  -4.76986380788 0.0494629707519   8.15345096882  0.338647770187   1.82282584091 -0.708097131367 1776585344.4
  -0.112350038889    0.124565698975 -0.00183997575629 0.167757354862 -4.47096904973 0.104498108326  8.39933350262 -0.0686522808851    1.70232990151   -1.15609767621 1776585344.42
-0.117367318955  0.148022317093 -0.024320186305 0.190465654064 -4.36251597762  0.12409761939  8.70324707072 -0.383255371815  0.742263161627  -1.26638703117 1776585344.44
 -0.126095793153   0.151187548972 -0.0472599390858 0.202463146912  -4.44481447331 0.0961802937172   9.03423534674 -0.456749282564 -0.475025559623  -1.18030522605 1776585344.46
 -0.134070673183   0.130650598093 -0.0674840336089 0.198994017453  -4.69371747655 0.0185851329072   9.35658535402 -0.214665355863  -1.21130362908 -0.664422903872 1776585344.47
 -0.137503708227  0.0868154993993 -0.0825692232971 0.182378390573  -5.06365735127 -0.100776482882   9.63352514059 -0.0038599235303   -2.41145193196  -0.536937749665 1776585344.51
 -0.134241474844  0.0239438225073 -0.0912435351764 0.164071517687  -5.49372377899 -0.246146621927   9.83166153649  0.460848747488  -4.73795152179 -0.375494434881 1776585344.52
 -0.124148303824 -0.0504904148655 -0.0934510582938 0.163386607872  -5.91616030069 -0.397888671123   9.92576364542  0.676096535449  -4.01808298199 0.0306593130592 1776585344.54
 -0.108838593886  -0.127027049727 -0.0900915770771 0.189995271367 -6.26606689531 -0.53709088437  9.90311952936 0.898922798331 -3.92840708868 0.294678043835 1776585344.56
-0.0908989294323  -0.195794414607 -0.0825515009316 0.231112133972  -6.49067929676 -0.649537257194   9.76644677523 0.785317340381 -2.64630326632 0.390848763218 1776585344.57
 -0.072902912585  -0.248120403857 -0.0722065567553 0.268500197974  -6.55654503464 -0.728000584083   9.53440696185 0.757437456619 -1.81096379516 0.496038014453 1776585344.6
-0.0565743663452  -0.277861310681 -0.0600726969433 0.289855646519  -6.45333324092 -0.772364825341   9.23923090846  0.813265267869 -0.908119842384  0.679322694251 1776585344.62
-0.0423816932003  -0.282201442397 -0.0467120990385 0.289164109471  -6.19382470324 -0.787778109345   8.92169906463   0.7140667463 0.426157596469 0.734795700645 1776585344.64
-0.0296779289591  -0.261809420337 -0.0323954711709 0.265470184007  -5.81056091841 -0.781625408266   8.62447754376 0.689542572214  1.69925307741 0.805222865495 1776585344.66
-0.0173005369698  -0.220393464721 -0.0174232323265 0.221756977108  -5.35032706393 -0.760392800835   8.38528643259 0.568809969395  2.20327437748 0.673313930671 1776585344.68
-0.00438318001352   -0.163830701195 -0.00245347339606 0.163907688815  -4.86784324452 -0.727411849809   8.23138689511  0.59432351799  2.74702604584 0.650840455252 1776585344.7
0.00893820564877 -0.0991152261834  0.0113106721451 0.100158129405  -4.41972617421 -0.682104898941   8.17642949343 0.684076984673  3.48841937139 0.658280164715 1776585344.72
 0.0212019565581 -0.0333604646051  0.0221668373203 0.0453190052554  -4.05919231834 -0.620858740176   8.21999666196 0.554095871524  3.34530186189 0.448201718618 1776585344.74
0.0298244149898 0.0269833040296 0.0282052844372 0.0491236449789  -3.83144352414 -0.539190110156   8.34946325636 0.284333165648  2.95153843618 0.150674748267 1776585344.76
 0.031798734344 0.0766400584204 0.0277823159849 0.0875026579142   -3.7694707131 -0.434537290356   8.54332154613 -0.115745275292   1.91285498907 -0.183839283348 1776585344.78
0.0246931370784  0.111784956005 0.0200552286228 0.116223231769  -3.89019595109 -0.308865850486   8.77498815825 -0.558371967023   1.23791365666 -0.516757033984 1776585344.8
0.00765122992984   0.130175205695  0.0054345021688 0.130513061841  -4.19130714084 -0.170315822444    9.0163076786  -1.15988182292  0.529045992978 -0.931977464877 1776585344.82
-0.0179171245251   0.131220374093 -0.0141825728517 0.133195177469   -4.64956061133 -0.0333168651022    9.24035550607  -1.52365947042 -0.385910438948  -1.11669424443 1776585344.84
-0.0481933447765   0.116030966279 -0.0354941412503 0.130558866721  -5.22147709156 0.0830803545608   9.42353674024 -1.66602880688 -1.22560630354 -1.12046293378 1776585344.86
-0.0774588392227  0.0874187900175 -0.0542264688856 0.128772770995 -5.8470918313 0.15850785363 9.54721809307  -1.12466240008  -1.46122266901 -0.669940276528 1776585344.87
 -0.099192310322  0.0497703314918 -0.0658732675355 0.129056141658 -6.45676929464 0.175647432726  9.59913805599  -0.63999997467  -1.67502784166 -0.263649776805 1776585344.9
 -0.107535131978 0.00870218106083 -0.0666164816759 0.126796246772 -6.98025577336 0.124725967755  9.57464817493 0.0110600695405  -2.16770026235  0.318002357402 1776585344.92
-0.0987875869989 -0.0295527550957 -0.0542365440598 0.116507319042   -7.35642084004 0.00700813533747    9.47757152967 0.994554761734  -1.9247226788  1.07544494945 1776585344.94
-0.0725530063512 -0.0589973495598 -0.0287891525298 0.0978439639889  -7.54182022658 -0.163764761034   9.32028770281  1.86822642591 -1.27031522996  1.72215016875 1776585344.96
-0.0321937500988 -0.0748337574745 0.00715033381773 0.0817780904453  -7.51645000546 -0.362639259693   9.12268819743   1.94960477994 -0.339332096643   1.71583909989 1776585344.97
 0.0155930490707 -0.0743393235356  0.0487878261223 0.0902758560236  -7.28578525444 -0.557409626278   8.90990414874   2.0352543725 0.375625037604  1.78772796503 1776585345
 0.0620544068105 -0.0574393875316  0.0899360868104 0.123444450484 -6.87912752898 -0.71453874897  8.70907855454 2.24634494294  1.2915889061 2.04937806771 1776585345.02
 0.0982519087537 -0.0268126662906   0.124198886507 0.160616686732  -6.34506134683 -0.805746772124   8.54576208579 1.47749984467 1.87894011066 1.51189964406 1776585345.04
 0.117074429379 0.0125297076707  0.146237109675 0.187746392335 -5.74517397213 -0.81376588967  8.44061161993 0.454393820637  2.21258143129  0.78197645087 1776585345.06
 0.114873782015 0.0541242797249  0.152803838575 0.198681746855   -5.1470892534 -0.735955438199   8.40693223785  -0.562312023274    1.78468378354 -0.0668525328192 1776585345.08
0.0922811354946 0.0912194523401  0.143289467753 0.193309772185  -4.61749936265 -0.584990125371   8.44931595123  -1.33510113234   1.40002747965 -0.726826578191 1776585345.1
0.0539716086272  0.117988143104  0.119648808431 0.176493551752  -4.21553649758 -0.386514269259   8.56334379132 -2.30130891386  1.06671933596 -1.56050232284 1776585345.12
0.00742912614574   0.130550668815  0.0857518825605 0.156371526839 -3.98671436869 -0.17432195938  8.73615566886 -2.50505534158 0.259606242671 -1.97564311461 1776585345.14
-0.0389577750975   0.127618688083  0.0463588918163 0.141256449903  -3.95780297371 0.0158674059735   8.94769171636   -2.3079884311 -0.537824348907  -2.15538196633 1776585345.16
-0.0779470499825   0.110655687662 0.00602086315779 0.135486806022 -4.13323162529 0.152717749446  9.17251416289  -1.49663559642 -0.997578742332  -1.76881467646 1776585345.18
 -0.105073301389  0.0835495481238 -0.0317804451922 0.137952609084 -4.49374198029 0.214405552868  9.38222292245 -0.904248538043  -1.28171696715  -1.54943493149 1776585345.2
 -0.119408173829  0.0518870818253 -0.0650230046326 0.145528596396 -4.99789001833 0.191651654217  9.54848167785 -0.486333155519  -1.64643892425  -1.63709586349 1776585345.22
 -0.123257179044  0.0219895997136 -0.0929910588474 0.155959006495  -5.58659422151 0.0882737548418   9.64653216182 -0.0416895432824   -1.43545011569   -1.39883471786 1776585345.24
   -0.120918062824 -0.000101262539887    -0.115685232618 0.167344737644 -6.19033548115 -0.08055113946  9.65882882181  0.171947184773 -0.853654205233  -1.08565521036 1776585345.26
  -0.116912238457 -0.00951068463686   -0.133052301003 0.177374855675  -6.73800859688 -0.291680407696   9.57817779494   0.154274942947 -0.0709374183071  -0.664626109386 1776585345.28
 -0.114263203614 -0.0031612444301  -0.144354782582 0.184131410739  -7.16601459311 -0.518209699498   9.40964522296 0.0794280017506  0.661364143696 -0.334924258422 1776585345.3
-0.113378137932 0.0199163098273 -0.147954551741 0.187461491883   -7.4261309925 -0.733674454368   9.17061329516 0.0623532101262   1.62371118478  0.071389827954 1776585345.32
-0.111891946431  0.058587570141 -0.141639867953 0.189773979367  -7.49103791216 -0.915635975362   8.88872431686 0.208957193938  2.39169273905 0.652072145338 1776585345.34
-0.105518648749  0.109874845621 -0.123428217539 0.196064254312 -7.35697667052  -1.0482791751  8.59796646467 0.57807602531 2.87669610205 1.27339758892 1776585345.36
-0.0896277092171   0.169381724552  -0.092595754815 0.212831550014 -7.04362255074 -1.12382996719  8.33363966147  1.0234435941 2.80468504059 1.67589694443 1776585345.38
-0.0610328241711   0.231785547326 -0.0505823294897 0.244965543765 -6.59162717742 -1.14270310044  8.12721571885 1.62339745895 2.81969767222 2.10792824462 1776585345.4
 -0.0194214385983    0.291323801489 -0.00143521986954 0.291973987621 -6.05833764581 -1.11237713289  8.00208101846 2.53018389897 3.00320382869 2.69184604255 1776585345.42
0.0320252276074  0.342240877275 0.0484215209851 0.347129769648 -5.51202798928 -1.04514068681   7.9708566834 2.96702460286 2.44959043194 2.57979246255 1776585345.44
0.0870215197665  0.379203643168 0.0911156613791 0.399587551912 -5.02480474378  -0.9550831983  8.03456077341  2.8336249047  1.4906662557 1.89057709178 1776585345.46
0.137483291776 0.397718501496 0.118782492167 0.437253864929  -4.66438449444 -0.854945593328   8.18346406093  1.88950231089 0.328606231862 0.729309273354 1776585345.48
0.175409040652 0.394575251879  0.12523143793 0.449600794021  -4.48526994506 -0.753579207809   8.39920702504   1.28519875817 -0.658970776083 -0.254039811759 1776585345.5
0.194850663503 0.368304046161 0.107442926032 0.430300631931  -4.52037073377 -0.654679752483   8.65762928657 0.497969702186 -2.06743987337  -1.6179377736 1776585345.52
 0.193473440395  0.319576592018 0.0665389621183 0.379458303089  -4.77457712995 -0.557143776292   8.93179036496 -0.568297314305  -3.08337916359  -2.62439415356 1776585345.54
  0.173310992333   0.251437449039 0.00797283235889 0.305484953637   -5.2219148015 -0.456919805487   9.19478098493 -1.38744727857 -3.93862561888 -3.29314392775 1776585345.56
  0.140515101642   0.169240739286 -0.0591590981829 0.227786567913  -5.80750171828 -0.349754435321   9.42208649436 -1.58742387824 -3.92938619915 -3.01922427159 1776585345.58
  0.10413513522  0.080204886659 -0.123597209939 0.180425110602  -6.45460251763 -0.233936543993   9.59342578651 -1.47383598135 -3.92544168198 -2.55020401408 1776585345.6
  0.0741860450187 -0.00742128205839    -0.17392941767 0.189235533222  -7.07585399325 -0.112132284489    9.6941110736  -1.1248672033 -4.16913537781 -1.94116929501 1776585345.62
 0.0594309389451 -0.0854838681358  -0.200742683566 0.226135254263   -7.58659576725 0.00831470164093    9.71602243904 -0.239245460094  -3.79543930459 -0.666652494745 1776585345.64
0.0653784687802  -0.14714648738 -0.198471545532 0.255572665429 -7.91759268385 0.116769498539  9.65825614645 0.927790176326 -2.83581071471 0.946449080544 1776585345.66
0.0929572618546 -0.187957798296 -0.166542108585 0.267778752711 -8.02456253948 0.202021788839  9.52741520416  1.71672818839 -1.39997922099  2.09685525003 1776585345.68
 0.138181869071 -0.206517125268 -0.109547630173 0.271558898299  -7.8928361018 0.255577183158  9.33742088745   2.23518939545 -0.371497759314   2.91067509068 1776585345.7
   0.19289719908  -0.204568230871 -0.0363998099328 0.283517965317 -7.53686777788  0.27457112349  9.10868603194  2.71754450598 0.502908999513  3.78853648044 1776585345.72
 0.246436485605 -0.186483517438 0.0413704368594 0.311798904359 -6.99566354189 0.263385042365  8.86652290329 2.55902444002  1.2487086603 3.99534598581 1776585345.74
 0.287817678212 -0.158250570719  0.111797350415 0.346959517212 -6.32600031549 0.233312114586  8.63874701397  1.6271657016 1.59375820383 3.25976847281 1776585345.76
 0.307989634561 -0.126194122188  0.164682410662 0.371352753933 -5.59534023573 0.200101084967  8.45256425995 0.322989084605  1.46023649914  1.90479950583 1776585345.78
  0.301647832304 -0.0957243221362   0.193359458657 0.370867147149 -4.87570598027 0.179821170608  8.33098427061 -0.888183549604   1.24761379006  0.693110095424 1776585345.8
   0.26825890118 -0.0703851501828   0.195687006973 0.339426445827 -4.23884356496 0.184074974978  8.28917946334  -2.23006998901   1.10423536997 -0.479286759768 1776585345.82
  0.212124508673 -0.0513961975133   0.174119101216 0.279205726493 -3.75217765411 0.215929374779  8.33137222075 -3.40917595638 0.877573774462 -1.63492387459 1776585345.84
  0.141524614801 -0.0377618161355   0.134909589444 0.199137562194 -3.47467171561 0.267876868145   8.4489148298 -3.91021595623 0.660949894228 -2.35864795212 1776585345.86
 0.0671577463739 -0.0268922398597  0.0866749393462 0.112897743881 -3.45186333258 0.322660239981  8.62015896861 -3.49149886391 0.548336750361 -2.37842910498 1776585345.88
0.000208241420868  -0.0155682070374   0.0386440632163 0.0416626458199 -3.70998349165  0.35702071815  8.81246773293 -2.61314630234 0.579386423531 -1.96351734916 1776585345.9
 -0.0495935790729 -0.00100615271924 -0.00105197163731 0.0496149380014 -4.24995675004 0.347587070344  8.98634482924 -1.81141130094 0.807975461051 -1.56275084837 1776585345.92
-0.0755835052572  0.0182385112017 -0.0267434146906 0.0822235962917 -5.04287875213 0.277452177196  9.10123266096 -0.711007485247   1.18762353129 -0.971453677747 1776585345.94
-0.0751910446566  0.0417502923242 -0.0360259382948 0.093245098186 -6.02892052438 0.141685879936  9.12215847882   0.705509877709    1.36351870964 -0.0881156087178 1776585345.96
-0.0502303878324  0.0672377542297 -0.0299099265218 0.0890988841691    -7.1212589481 -0.0497780872619    9.02615306409  1.66034341875  1.18943487979 0.571912197834 1776585345.98
-0.00642044034032   0.0910160975512  -0.0123376175434 0.0920726282576  -8.21554806584 -0.272785339407   8.80726969491  2.13043663295 0.904625870674 0.885044697846 1776585346
0.0477763085739  0.108853351567 0.0108048760996 0.119366549568  -9.20388584221 -0.493084599709   8.47912473242  2.43449391832 0.578277540497  1.01010802256 1776585346.03
  0.10278487543  0.116956183471 0.0329733050822 0.159156270116   -9.9907048868 -0.672930558396   8.07419788082  2.90871957893 0.113973898113  1.06981459182 1776585346.05
 0.149707959182  0.112847393359 0.0482949002249 0.193595982959  -10.5071149838 -0.778535663941   7.63967918925   2.40805339267 -0.639767162079  0.599869367346 1776585346.06
 0.181915904335 0.0959327983798 0.0526856089667 0.21230231145  -10.7203712204 -0.786634340844   7.23036890508   1.13023836861  -1.10095364789 -0.091306983606 1776585346.08
 0.196107160092 0.0676504057852 0.0445465129869 0.212176783512  -10.6363619312 -0.688817220123   6.89986154029  0.231594889156   -1.3998346886 -0.600392544783 1776585346.1
 0.192624817943 0.0312046482871 0.0249235460105 0.196721208079  -10.2948903048 -0.492969531778   6.69174496313 -0.503870292941  -1.82940823625  -1.13133934665 1776585346.13
   0.174989869697 -0.00902040715578  -0.0028681130659 0.175245679873  -9.75938624458 -0.221832912581   6.63261880347 -1.28141532315 -2.32229937616 -1.72402515967 1776585346.14
  0.148798335424 -0.0482217571685 -0.0340409108351 0.160078312397  -9.10390876826 0.0907807718342   6.72832419388 -1.62175025849 -2.16167503316 -1.79291662925 1776585346.16
  0.120274265134 -0.0819523248094 -0.0633586335922 0.158733735689 -8.40057222547 0.405306697877  6.96400089332  -1.3940646652 -1.51254252636 -1.34647935102 1776585346.18
 0.0948359228796  -0.106770292136 -0.0861613583549 0.166785872378 -7.70991907844 0.682347322177  7.30769771232 -0.926538493148 -0.810245484828 -0.749872539245 1776585346.2
 0.0760057680456  -0.120664531751 -0.0991863197225 0.17370875631 -7.07560508113 0.888277060053  7.71652355701    -0.659056952 -0.361782234246 -0.327461899242 1776585346.23
0.0648890308096  -0.12320931685 -0.101040901198 0.172047626526 -6.52348575814 0.999716947658  8.14392000858 -0.432770371191  0.143515851943  0.190510025035 1776585346.24
 0.0602921006195  -0.115453545699 -0.0922689996516 0.159619005473 -6.06415868156  1.00626285707  8.54661211633 -0.15573078599 0.668888547797 0.736447255418 1776585346.26
 0.0593909517983 -0.0995941911565 -0.0750406137652 0.13812089553 -5.69743925314  0.91114037779  8.89008495573 -0.0388893931447   0.920305667184   0.989105644031 1776585346.28
 0.0587311671879 -0.0785145305323   -0.05256850699 0.111253446828 -5.41717697835 0.729810777963  9.15190535765 -0.0885589485623   0.953524927093    1.00358146769 1776585346.3
 0.0552753705689 -0.0552812295032 -0.0284013851198 0.0831746331741 -5.21516239936 0.486902040248  9.32271686476 -0.263877521003   1.05096162078   1.07368638591 1776585346.33
  0.0472253305697  -0.0326895104443 -0.00575262025397 0.0577228601188 -5.08345267095 0.212107018457   9.4051690342 -0.585693169708   1.18999357624   1.16323145964 1776585346.35
 0.0344282157866 -0.0129246142021   0.013002659764 0.0390053439347   -5.01505436102 -0.0641866309752    9.41133609444 -0.83847436056  1.02375327258  0.93742356471 1776585346.36
 0.0183030603821 0.00262375630274   0.026582796181 0.0323810310103  -5.00337885449 -0.314813342211   9.35931574876 -0.829554384826  0.660080805755  0.546580132121 1776585346.38
0.0013558405922 0.0133912494301  0.034793519452 0.0373062040533  -5.04113387166 -0.518752154807   9.26968928479 -0.696348538196  0.369800115046  0.256331297729 1776585346.4
-0.0135481766061  0.0195385489051  0.0383074835518 0.0450862648569  -5.11932013887 -0.662769597584    9.1624019774 -0.574668197706  0.190195622859  0.080044056168 1776585346.43
-0.0239425246902  0.0217641476718  0.0383172637269 0.0501511247325  -5.22681789757 -0.741761728594   9.05443301948  -0.405368449083  0.0421749541466 -0.0587058395147 1776585346.45
-0.0283535871617  0.0210789191849  0.0361633500901 0.0505572411102  -5.35076462259 -0.757991691477   8.95841525692 -0.0770755929647 -0.0920994186574  -0.153370627775 1776585346.46
-0.0266018258186  0.0185864869034  0.0330255926826 0.0463012354514  -5.47764013147 -0.719557430769   8.88217852855  0.215260712837 -0.144874875415 -0.161237225751 1776585346.48
-0.0197702649567  0.0153021672699  0.0297341645605 0.0388476542628  -5.59476503527 -0.638473052287   8.82905374216  0.364021566432 -0.142789908363 -0.137403701967 1776585346.5
-0.00988555970014   0.0120294190609    0.026715865294 0.0309219771673   -5.6918242171 -0.528716142832   8.79869883048  0.467163293623  -0.13778678713 -0.130353497234 1776585346.53
0.000582165739847  0.00929934968075   0.0240551855938 0.0257966814801  -5.76205073255 -0.404505457007    8.7881894877   0.52484610393 -0.127735973862 -0.139481646446 1776585346.55
0.00926830788703 0.00736778984972  0.0216255865116 0.0246546516976  -5.80281818647 -0.278958770125   8.79314493711   0.403229938369 -0.0888745759261  -0.140689234453 1776585346.56
 0.0143870313385 0.00625666495163  0.0192385889376 0.0248245006267   -5.8155464185 -0.163169341048   8.80871536979   0.145593927339 -0.0390033417329  -0.122652198232 1776585346.58
 0.0150376652568 0.00582222939137  0.0167653263571 0.0232616830715   -5.80498154833 -0.0656556371521    8.83032642113  -0.0659678949411 -0.00907113172617   -0.107626256885 1776585346.6
 0.0113002281414 0.00583220395528  0.0142024865405 0.0190635878826    -5.7780333524 0.00790290003313    8.85414325372  -0.248229225644 0.00487440491879  -0.115770288142 1776585346.63
0.00412477486222 0.00603652263778  0.0116757223342 0.0137759161309  -5.74242140611 0.0547297068503   8.87727268737 -0.452394365688 0.0108371529577 -0.133987888298 1776585346.65
-0.00494013489421  0.00622124350054  0.00939249748365 0.0123015369953  -5.7053907908 0.074866838034  8.89776048042  -0.533566646379 0.00597799237153  -0.120193030573 1776585346.66
-0.0141084227932 0.00624080436572 0.00756845045329 0.0171836164734  -5.67271401507 0.0709507353613   8.91445983413  -0.425206024926 -0.0048733697484 -0.0769477227768 1776585346.68
-0.0217265467593 0.00602885113784  0.0063547320455 0.0234258937822  -5.64811288559 0.0478243847612   8.92684704929  -0.271854543732 -0.0141549483961 -0.0387882771222 1776585346.7
-0.0265797048755 0.00559144845691 0.00578904467681 0.0277715330039  -5.63313372911 0.0119591838091   8.93484454517  -0.144956846158 -0.0237330043865 -0.0130427689679 1776585346.73
-0.0280817214468 0.00498835258442 0.00578291307043 0.029101697966   -5.62741539645 -0.0293109854837    8.93868628161 0.00677484460042 -0.0340412027487  0.0094611639639 1776585346.75
 -0.026324363111 0.00430844622032 0.00614563297412 0.0273734105783   -5.62922242106 -0.0686899317701    8.93883368307   0.177236464488 -0.0390991467827  0.0247944171098 1776585346.76
-0.0219917618193 0.00364488059594 0.00663486528931 0.0232582067211   -5.63608746562 -0.0998466061483    8.93592881514  0.264846645063 -0.032191697286 0.0227440499626 1776585346.78
-0.0161713813387  0.0030743670962 0.00701753348335 0.0178944428143    -5.645418187 -0.118228018381   8.93076073398   0.257355207112 -0.0216857439805  0.0105873903177 1776585346.8
-0.0101098569438 0.00264366538828   0.007123677488 0.0126469346113  -5.65496398893 -0.121614507192   8.92422171235    0.246090391417  -0.0155865465635 -0.00302550254488 1776585346.83
-0.00496745265977  0.00236474753307  0.00687978932139 0.0088090361521 -5.66309215111 -0.11031074818  8.91723984545   0.233197349991 -0.0116776374249 -0.0222040801332 1776585346.85
-0.00161878608009  0.00221846481503  0.00631519309536 0.00688648809919   -5.66887473122 -0.0869326129975     8.9106885366   0.130127416772 -0.0058620297892  -0.039225179842 1776585346.86
-0.000532303260813   0.00216495122157   0.00554287249698 0.00597442851417   -5.67202583487 -0.0558300237945    8.90528641525 -0.00309728895581 -0.00154055783209  -0.0403802449709 1776585346.88
-0.00174094659049  0.00215770350612  0.00472255146398 0.00547622787886   -5.67274788167 -0.0222582729896    8.90150931332   -0.0954277070359 -0.000161125964061   -0.0333585861076 1776585346.9
-0.00489642794636  0.00215758256713   0.0040173089722 0.00669095961324   -5.67154587081 0.00854347343432    8.89953685597    -0.172134214609 -0.000327949416164   -0.0262933162297 1776585346.93
-0.00938386587359  0.00214314224691  0.00355510375996 0.0102610311455  -5.66905536062 0.0321977354441   8.89924997138   -0.260689924487 -0.00116622451019  -0.0167143844426 1776585346.95
-0.0144651182331  0.0021147759985 0.00340380322057 0.0150099233638  -5.66591025412 0.0458154443932   8.90028412512   -0.293599619479 -0.00149801832946 0.000254245975539 1776585346.96
-0.0194187291191 0.00209194187716 0.00356379356548 0.0198535610406  -5.66265772473 0.0483135992367   8.90212955967    -0.227937552607 -0.000250767543321    0.0142329007254 1776585346.98
-0.0236508140493 0.00210467027284 0.00397737740854 0.0240750944588  -5.65971457872 0.0403992410209   8.90425771347  -0.162950868071 0.00200039490483  0.0218892294814 1776585347
-0.0267618648513 0.00218208666423 0.00455019876269 0.0272334944748  -5.65735347142 0.0242591571109   8.90624509775  -0.118209498506 0.00569239231876   0.028866566431 1776585347.03
-0.0285662986789 0.00234137601394 0.00517773072528 0.0291260082626   -5.65570735718 0.00304467358093    8.90786411499 -0.0609968981203  0.0105169764702  0.0322025384771 1776585347.05
-0.0290718276724 0.00258036633722 0.00576971432693 0.0297509505405   -5.65478399733 -0.0197319121977    8.90911570943 0.00392799882172  0.0156830206181  0.0319637199936 1776585347.06
-0.0284324295575 0.00287586502147 0.00626707807695 0.0292566217767   -5.65448717261 -0.0407718559671    8.91019143351 0.0590169215729 0.0164520249146 0.0237840355606 1776585347.08
-0.0268909769977 0.00318831756001 0.00664860513686 0.027883578734   -5.65464566175 -0.0574411886589    8.91137081212 0.0811763303615 0.0130464889284 0.0144647583288 1776585347.1
-0.0247256845299  0.0034716052791 0.00692758059993 0.0259114432569   -5.65505309374 -0.0680435751113    8.91287971959  0.103777924917 0.0110164079389 0.0109169945806 1776585347.13
-0.0222096798398 0.00368525444919 0.00714105760922 0.0236187570105   -5.65551956437 -0.0719036664376    8.91475087617   0.135200532882 0.00878348117754  0.0107380802726 1776585347.15
-0.0195870183412 0.00380544551466 0.00733571072229 0.0212590064411  -5.65592902881 -0.069287310826   8.91673254006   0.150556879368 0.00427440076808  0.0120900892327 1776585347.16
-0.0170631902142 0.00383136639905 0.00755433343607 0.0190499286727   -5.65628748279 -0.0612085784628    8.91828263923     0.125182402958 -0.000541693816468    0.0128359687897 1776585347.18
-0.0148049434853 0.00378475234759 0.00782605570809 0.0171685133276  -5.65674109743 -0.049180957663   8.91866408393  0.0903895897991 -0.0028255232539  0.0133268477552 1776585347.2
-0.0129435209784 0.00370258806019 0.00816172865525 0.0157434973339   -5.65754623921 -0.0349636543612    8.91712845973   0.0722009582031 -0.00356773919689   0.0162854436587 1776585347.23
-0.0115767755001  0.0036252356079 0.00855419213663 0.0148437955828  -5.65898669349 -0.020338811404    8.9131478486   0.0567882833744 -0.00309899898928   0.0214084731261 1776585347.25
-0.0107681214207 0.00358387411728 0.00898182710165 0.0144730719166    -5.66125374783 -0.00693761972516     8.90663597595    0.0297253905068 -0.000971060266829    0.0246970319483 1776585347.26
-0.0105428051804 0.00359145817126 0.00941325563705 0.0145828218996   -5.66432383973 0.00388205202899    8.89809557423 -0.00303491217969  0.00148032108523   0.0217875544018 1776585347.28
 -0.010883674888 0.00364023694562 0.00981138239266 0.0150986399568  -5.66787735864 0.0111134638984   8.88864064744 -0.0261920422706 0.00254204968775  0.0159566488791 1776585347.3
-0.0117291050457 0.00370659364527  0.0101359702013 0.0159389031475  -5.67129570789 0.0141444089014   8.87986835289 -0.0458670907085  0.0026566918161  0.0117063522533 1776585347.33
-0.0129751019992 0.00376137559218  0.0103451634129 0.0170153937443 -5.67375268205 0.012774929499  8.87359019878 -0.0733681606029 0.00200817823968 0.00696293729199 1776585347.35
-0.0144823807049 0.00378195424067  0.0103972672763 0.0182248647615    -5.6743871066 0.00721464758053    8.87146841014   -0.093834395407 1.06550155027e-05 -0.00274119032989 1776585347.36
-0.0160879901637 0.00376172906461  0.0102542264074 0.0194453900007    -5.67251632565 -0.00193826042229      8.8746319404  -0.0831978721025 -0.00180487159504  -0.0135157014832 1776585347.38
-0.0176203238243 0.00371388057172 0.00988750060314 0.0205434025602   -5.66783409754 -0.0137367763692    8.88335991113  -0.0620736324326 -0.00204761535269  -0.0212577426523 1776585347.4
-0.0189161611986 0.00366843653114 0.00928569065912 0.0213893111645   -5.66053759485 -0.0269455073223    8.89691326421  -0.0499157233177 -0.00111802831909  -0.0320807333558 1776585347.43
 -0.019838473011 0.00366419775753 0.00846190065443 0.0218768169371   -5.65134622748 -0.0401254241687    8.91356773321 -0.0364601282347 0.00186112939027  -0.048373387547 1776585347.45
 -0.020293678694 0.00373875274835 0.00745807263134 0.0219416160394   -5.64140351459 -0.0517470535075     8.9308582424 -0.0118642065433 0.00743754472746 -0.0615682286453 1776585347.46
-0.0202466298396 0.00392006692651 0.00634380764445 0.0215763027417   -5.63208236683 -0.0603345614617    8.94599694775  0.0143351811987  0.0123097520452 -0.0573031158893 1776585347.48
-0.0197309183574 0.00422200022934 0.00520850770877 0.0208389773673    -5.6247348856 -0.0646371398693    8.95638675394  0.0275020976027  0.0142760230102 -0.0432961100795 1776585347.5
-0.0188516126283  0.0046442043394 0.00414765447776 0.019853336503   -5.62043565507 -0.0638133884795    8.96012925608  0.0451785743607  0.0220441336943 -0.0453930198057 1776585347.53
-0.0177777383093 0.00517502193754 0.00324605666054 0.018798024239   -5.61976369585 -0.0576015214255      8.956424938  0.0619575891728  0.0334955058848 -0.0461465501608 1776585347.55
-0.0167230495177 0.00579494792308  0.0025622821986 0.0178831511951   -5.62265793261 -0.0464385025957    8.94578247276  0.0525129825558  0.0367547230447 -0.0317942903748 1776585347.57
 -0.015915765917 0.00647824784975 0.00211871465809 0.0173138167869   -5.62837000941 -0.0314903982586    8.92998796729  0.0322593074679  0.0387493543097 -0.0183635720826 1776585347.58
-0.0155604834232 0.00719140336615 0.00190049284377 0.0172469359536   -5.63552975287 -0.0145673706804    8.91182786792  0.00269672377852   0.0322332519792 -0.00581674048283 1776585347.6
-0.0157977558333 0.00788879230111 0.00186417096457 0.0177560487363   -5.64233132223 0.00208194468772    8.89460471787 -0.0241689429585  0.0287184744527 0.00116497000352 1776585347.63
-0.0166683653221 0.00850783156346 0.00195389398679 0.0188158258425  -5.64683718843 0.0160765560217   8.88152607401 -0.0588516907631   0.027686699424  0.0065738024897 1776585347.65
-0.0180897746489 0.00896706949583 0.00212019213917 0.0203013176148  -5.64737727754 0.0252677866203   8.87507606601 -0.0932332708666  0.0194194239246  0.0111675317944 1776585347.66
-0.0198516039606 0.00917086376216 0.00233518403888 0.0219919077491  -5.64299080939 0.0281078535943   8.87648956078 -0.0951890812314 0.00150260294528  0.0128473175241 1776585347.68
-0.0216351634118 0.00902303507012 0.00259870012133 0.0235849252713  -5.63382478001 0.0239653974105    8.8854369509 -0.0724452602386 -0.0162967643485  0.0134928627107 1776585347.7
-0.0230590002402   0.008449350979 0.00293255862925 0.0247327500323  -5.62137859992 0.0133365649601   8.89999427738 -0.0462772086543 -0.0349925302198  0.0167653740503 1776585347.73
-0.0237480051011  0.0074254089641 0.00336414346286 0.0251082039541    -5.60848400635 -0.00209015132604     8.91692479948 -0.00941511068768   -0.064135013851   0.0254780750785 1776585347.75
-0.0234180773996 0.00600334483456 0.00390425138253 0.02448856217   -5.59894313888 -0.0195457300353    8.93224346572  0.0527181018853 -0.0914271494913  0.0343214868819 1776585347.76
-0.0219624690894  0.0043288166738 0.00452659523196 0.0228380990166   -5.59681558336 -0.0354855166424    8.94198436582   0.109489221363 -0.0945045438468  0.0351848582995 1776585347.78
 -0.019521180574 0.00263977669201 0.00515653686701 0.0203625829512   -5.60543552417 -0.0460837691462    8.94305044315   0.126503433831 -0.0716790063968   0.026646656124 1776585347.8
-0.0165130515171 0.00124108359657 0.00567445937863 0.0175048749822    -5.6263319316 -0.0478854255742    8.93399958391   0.127229391519 -0.0470740622037  0.0167693469834 1776585347.82
 -0.0136131777996 0.000453853401963  0.00593523546267 0.0148577122301   -5.65829285004 -0.0385443291618    8.91561552737   0.122568056819 -0.0176104142357 0.00318853533576 1776585347.85
 -0.0116667917938 0.000544779490607  0.00580053195231 0.0130405899553   -5.69683631744 -0.0175346725023    8.89112914477  0.0583965084012  0.0336779746149 -0.0214161401947 1776585347.86
 -0.011544066857 0.00164713477629 0.00517641663533 0.0127582844361  -5.73431026735 0.0133132556546   8.86599763917 -0.0606012509026  0.0832649427389 -0.0464450277647 1776585347.88
-0.0139560642447 0.00369019541356 0.00404602489246 0.0149919841523  -5.76073979441 0.0496161337473   8.84721537093  -0.174877357046    0.10663099351 -0.0609093136397 1776585347.9
-0.0192665064894 0.00635587136881  0.0024867116582 0.0204396454968  -5.76538568628 0.0847208357206   8.84221449779  -0.297656703797   0.119826596419 -0.0752101427792 1776585347.93
  -0.027342974201  0.00907931595466 0.000663499330819 0.0288186128695 -5.73880147846 0.110542392865  8.85750404417  -0.467542411202   0.121810143805 -0.0946971182194 1776585347.95
 -0.0374907556771   0.0111038864389 -0.00120446980136 0.0391190976735 -5.67501705809 0.118921069281  8.89727395214 -0.601057905905 0.0713423163008  -0.10126426067 1776585347.96
 -0.0485008572394   0.0115906420168 -0.00290111127021 0.0499509017128 -5.57337871189 0.103325402533  8.96223509284  -0.583758027284 -0.0365010461337 -0.0842704474225 1776585347.98
 -0.0588211531647  0.00977014576834 -0.00428369450742 0.0597807146711  -5.43957636141 0.0605938737826   9.04895940466  -0.422113247671  -0.149199401304 -0.0563923459186 1776585348
 -0.0668300530866  0.00511203689874 -0.00534980568652 0.0672384513332    -5.28550896524 -0.00768250035707     9.14991832378   -0.26666184009  -0.265595082158 -0.0431721740892 1776585348.03
 -0.0711621748077 -0.00252150667098 -0.00628168842599 0.0714833737924   -5.12787035639 -0.0945407002565    9.25429884528 -0.106844025356 -0.456797283021 -0.053646774783 1776585348.05
  -0.071013990109  -0.0127758240067 -0.00745057572394 0.0725377112188  -4.98563609538 -0.188089766924   9.34952584973   0.140986004867  -0.652754348732 -0.0905552223695 1776585348.06
 -0.0663524601413   -0.024790115301 -0.00937096513517 0.0714493790806  -4.87692045967 -0.273108276023   9.42326728159  0.350953612437 -0.659324885373 -0.138681668921 1776585348.08
-0.0579658881298 -0.0372888594531 -0.0126066205532 0.070067325536  -4.81585984337 -0.333608977344   9.46557697187  0.427316106371 -0.538832041797  -0.18585036972 1776585348.1
-0.0473317513154 -0.0487746251761 -0.0176435430112 0.0702178990973   -4.8101915127 -0.355917173778   9.47076396795  0.470765236697 -0.445947053678 -0.264258724589 1776585348.13
-0.0363221338422  -0.057791580773  -0.024756096465 0.0726087358882  -4.86001843974 -0.331635210272   9.43858556372  0.531057314704 -0.373422541248 -0.420607092901 1776585348.15
-0.0268100388634 -0.0632048378903 -0.0338971140981 0.0765679049  -4.95794181865 -0.259842789111   9.37445665663   0.44764538329 -0.185049928575 -0.554365817391 1776585348.16
-0.0202664477198 -0.0644287620801  -0.044639521813 0.0809597504569 -5.09041805599 -0.14801865362  9.28855275887  0.252841036776 0.0448001320798 -0.601551366972 1776585348.18
-0.0174412514384 -0.0615448110236 -0.0561870356797 0.0851407305239   -5.23996814802 -0.0114196701435    9.19393422427 0.0483744728988  0.214383202001 -0.534522873882 1776585348.2
-0.0182013742007 -0.0552768882329 -0.0674579416544 0.0890920775813 -5.38778412916  0.12904896317  9.10407415779 -0.0901382701873   0.321775899946  -0.460250647194 1776585348.23
-0.0215628335049 -0.0468315735064 -0.0772320458583 0.0928597920163 -5.51631304588 0.250153207945   9.0303468646 -0.194244993037  0.444256655217 -0.425404674083 1776585348.25
-0.0259093405059 -0.0376480408904 -0.0843387108452 0.0959254244472  -5.6114872943 0.330286081311  8.98005635078 -0.216688553083   0.49285078988 -0.295668152773 1776585348.27
-0.0293479705482 -0.0291245424403 -0.0878547439932 0.0970978804597 -5.66435781257 0.353353107763  8.95543767302  -0.118234005865   0.428355074313 -0.0824558732225 1776585348.28
-0.0301213965205  -0.022388001666 -0.0872761800971 0.095003435513 -5.67196095652 0.311841319011  8.95379613478 0.0550201828493  0.255331334108  0.121596301013 1776585348.3
-0.0269836646524 -0.0181525436691 -0.0826295550442 0.0887990786356 -5.63732944674 0.208434750586  8.96865188724 0.228041623421 0.122029272605   0.2732453696 1776585348.33
 -0.019456629112 -0.0166810882094 -0.0744973800319 0.0787824774418  -5.56866286198 0.0558036847826   8.99152373635   0.478901441169 0.00800689906368   0.469176374614 1776585348.35
-0.00791520056813    -0.01783373221   -0.063948314857 0.066858652227  -5.47780190306 -0.125430306835    9.0138755868  0.738010552894 -0.127530189492  0.628640602453 1776585348.37
0.00650700184175 -0.0211676728015 -0.0523814461328 0.0568702676604  -5.37827512938 -0.310160676234   9.02877373081 0.850227007079 -0.23230371709 0.640016581365 1776585348.38
 0.0221570180234 -0.0260502298063  -0.041311162218 0.0536298428531  -5.28326822347 -0.473002831369   9.03193447569  0.772413009566 -0.266640093764  0.509934842548 1776585348.4
 0.0371821353093 -0.0317568528939 -0.0321302085679 0.0585094795269 -5.20387526877 -0.59242347026  9.02202944811    0.6007588744 -0.249276865836  0.334447792041 1776585348.42
 0.0498546641873 -0.0375429979051 -0.0258916370158 0.0675673079254  -5.14792231777 -0.654035923056   9.00030738424 0.505278599488 -0.25521740356 0.209636452802 1776585348.45
 0.0588367052624 -0.0426946268749 -0.0231458834124 0.0762910281033 -5.11952031804  -0.6525197027  8.96974225666  0.374985304219 -0.250979613464 0.0565044599582 1776585348.47
 0.0633435905371 -0.0465712064328 -0.0238590653651 0.082161686514  -5.11933661491 -0.591921964449   8.93399954267   0.12161210874 -0.166381052444 -0.119453304339 1776585348.48
 0.0631935477582 -0.0486553494321  -0.027425385166 0.0843381245828  -5.14540948463 -0.484410637684   8.89651510115  -0.113543966497 -0.0506084788291  -0.220634691893 1776585348.5
 0.0587564381564 -0.0486157783401 -0.0327726605424 0.0830051818109  -5.19420811374 -0.347813985662   8.85991223664 -0.269233235755 0.0495863104513 -0.242203480204 1776585348.52
 0.0508306425564 -0.0463783985434 -0.0385471126041 0.0788707167728  -5.26159440815 -0.202458928719   8.82586414337 -0.433838929301   0.15259335217 -0.251174037668 1776585348.55
 0.0404827374514 -0.0421884038958 -0.0433523454881 0.0727883185282   -5.34339092864 -0.0678911616172    8.79537238634 -0.610115947574  0.270721632738 -0.207394273098 1776585348.57
 0.0288812975215 -0.0366389997472 -0.0460082656465 0.065523325288  -5.43539653313 0.0399746821667     8.769312106  -0.653466106596   0.323317301314 -0.0682404396891 1776585348.58
 0.0171477114143  -0.030642866081 -0.0457891856254 0.0577033687807 -5.53288758325  0.11084746954  8.74902165308 -0.564263503109    0.2817587682 0.0849787144304 1776585348.6
0.00623732504919 -0.0253319813847 -0.0425980580756 0.0499520575798 -5.62984494462 0.140944368463  8.73670618372 -0.424893551776  0.183320389335   0.18325304696 1776585348.62
-0.0031434866251 -0.0218882255149 -0.0370377610589 0.0431366626967 -5.71829230659 0.132719324977   8.7354814601 -0.403849554502 0.0961505401607   0.29401132411 1776585348.65
-0.0105833207059 -0.0213272371496 -0.0303522594219 0.0385761243986  -5.78816556423 0.0935837005593   8.74898905797 -0.395166395853 -0.073527746823  0.394396896538 1776585348.67
-0.0159757594999 -0.0242758984572 -0.0242304762025 0.0378372847137  -5.82803056643 0.0339338084691    8.7806397858 -0.257100923419  -0.27311142203  0.284466261776 1776585348.68
-0.0194951389366 -0.0307940228674 -0.0204918840331 0.041812074784   -5.82674111791 -0.0350900754221    8.83265678164  -0.14109883036 -0.405977199039 0.0894814230765 1776585348.7
-0.0215411902119 -0.0402890572208 -0.0207010163276 0.0501573831503  -5.77583258323 -0.103656390057   8.90516384047 -0.0670432348689  -0.440028273344  -0.112117644722 1776585348.72
-0.0226586501515 -0.0515572569254 -0.0257822824925 0.0619378015342  -5.67215749182 -0.164704766902   8.99557579683 -0.0424536540388  -0.506203467921  -0.335370079896 1776585348.75
-0.0234423566124 -0.0629579427807 -0.0357196134791 0.076086381369  -5.52007536062 -0.214551712674   9.09848727656 -0.0474997192298  -0.562766185491  -0.629353020159 1776585348.77
-0.0244427615958  -0.072695015386 -0.0494210732897 0.0912384586756  -5.33248262716 -0.252566223996   9.20613387866 -0.0775608971684  -0.474556127184  -0.852353641718 1776585348.79
-0.0260888333099 -0.0791504028747 -0.0648030064412 0.105569139158  -5.13014642163 -0.280059872305   9.30934756557 -0.112104659228 -0.226919410665 -0.792287793543 1776585348.8
-0.0286426397229 -0.0811963022729 -0.0791032666735 0.116921200436  -4.93917061794 -0.298735809678   9.39879412689 -0.129366900399 0.0156278161259 -0.520914412974 1776585348.82
 -0.032191738698  -0.078413158008 -0.0893772319032 0.123179628883  -4.78689890609 -0.309173336697   9.46621426358 -0.178221976741  0.222717735467  -0.31011846323 1776585348.85
-0.0366740299768 -0.0711597563725 -0.0930784365639 0.122769258183  -4.69702617599 -0.309839768244   9.50541785797 -0.271216947497  0.500062108385 0.0218171408262 1776585348.87
-0.0419199876915 -0.0604764886831 -0.0885946754286 0.115168170802   -4.6850068093 -0.296989797631   9.51288950914 -0.320894924028  0.678897855399  0.508550409485 1776585348.88
-0.0476946787237 -0.0478440407314 -0.0756130452058 0.10139609074  -4.75489789839 -0.265549193438   9.48800015491 -0.307008173843   0.66606268999    0.8675125282 1776585348.9
-0.0537289909756 -0.0348565307678 -0.0552259928744 0.0845676799811   -4.8985004762 -0.210756515975   9.43291989071 -0.264259740853  0.547334900691   1.00584482506 1776585348.92
-0.0597427642235 -0.0228900403252 -0.0297547377208 0.0705584597337  -5.09710037599 -0.130067876842   9.35234930332 -0.259476567184  0.486236040087   1.16846855241 1776585348.95
 -0.0654739397815  -0.0128475398967 -0.00233642570329 0.0667634252939   -5.32540343032 -0.0247257996579    9.25313441825 -0.300864032903  0.488894681203    1.4618911492 1776585348.97
 -0.0707285984328 -0.00503840195671   0.0236251682857 0.0747400074061  -5.55662378283 0.0994984623024   9.14374855805 -0.290215187733  0.396564824544   1.37736412332 1776585348.98
-0.0754529791144 0.00078832807101  0.0450241927042 0.0878689447248 -5.76734265376 0.232607493971  9.03357341359 -0.24028153004 0.273141950173  0.95031784205 1776585349
-0.0798055292006 0.00527987165796  0.0595245953381 0.0996994332275 -5.94084900131 0.361628512679  8.93193534079 -0.190333369003  0.184128329286  0.454189682885 1776585349.02
-0.0841881211545 0.00923869659206  0.0658687320193 0.107292511929 -6.06819125383 0.472483289699  8.84695438073 -0.204495027605  0.176179059396 0.0973878868798 1776585349.05
-0.0891949930786  0.0133691975141  0.0639961957321 0.110589309161 -6.14693634047 0.552061625431  8.78439892489 -0.310060057831   0.24285508806 -0.299424879536 1776585349.07
-0.095461321342 0.0180684505546 0.0549822068998 0.111635011772  -6.1783770567 0.590126669042   8.7468362938 -0.430781549327  0.300411271429 -0.701022938587 1776585349.08
-0.103433170899 0.0232983811303 0.0408260082645 0.11361337226 -6.16439327138 0.580792279918  8.73336634877 -0.446120845602  0.264952770706 -0.779467961893 1776585349.1
 -0.11312042748 0.0285562570438 0.0241279941768 0.119137949591 -6.10521141104 0.523429662414  8.74010349408 -0.420341070236  0.197923493673 -0.679839154787 1776585349.12
 -0.123917249719  0.0329435971986 0.00769605780762 0.128452305079 -5.99892944448 0.422946679692  8.76136726377 -0.478702583366  0.150960843265 -0.669637910134 1776585349.15
  -0.134569976061   0.0353204610693 -0.00587692199452 0.139252115385 -5.84302236593 0.289432678047  8.79132239989 -0.549433233359 0.0446217287406 -0.631265859502 1776585349.17
 -0.143338712877  0.0345208939622 -0.0146180395005 0.148159933208 -5.63732844901 0.137188642666  8.82564807281 -0.413050368984 -0.171681858915 -0.348815550226 1776585349.18
 -0.148343626423  0.0295955275606 -0.0175085867753 0.152276975813   -5.38745743684 -0.0168106201779    8.86276288974   -0.119828692527   -0.370199664602 -0.00184573556156 1776585349.2
 -0.148025777875   0.020040640081 -0.0146902349185 0.150096839315  -5.10732739749 -0.154929261214   8.90420595511  0.144800272966 -0.507626368433  0.215251240669 1776585349.22
  -0.141605067348  0.00597215861675 -0.00749145648002 0.141928797985  -4.81970692376 -0.261191666893   8.95396398995  0.418199732955 -0.714772876238   0.36932716143 1776585349.25
 -0.129402382308 -0.0117898393905 0.00175675267857 0.129950232935  -4.55418071992 -0.323655341549   9.01680793043 0.773548047479 -1.01707030724 0.474649044918 1776585349.27
 -0.112917994453 -0.0317459509931  0.0101109300758 0.11773066628  -4.34272420073 -0.336498239666   9.09600667354  1.04043630528 -1.19833026577 0.383027926891 1776585349.29
-0.0946185086373 -0.0518524250276  0.0145621449488 0.108873285169  -4.21384023887 -0.301447794208   9.19104429763  0.925927923165 -0.992451352027 0.0663266713928 1776585349.3
-0.0774626469255 -0.0697485932182  0.0126506905969 0.105001751877 -4.18673276791 -0.22821434775  9.29608636032  0.654405490104 -0.672580101526 -0.248578370452 1776585349.32
-0.0642684020268 -0.0830454362326 0.00303354355654 0.105053197784  -4.26708167863 -0.133704400851   9.39984000086  0.443847782905 -0.432877691956 -0.582540235722 1776585349.35
-0.0570698803555 -0.0896373345061 -0.0141143570215 0.107196259521    -4.4455874767 -0.0399637911821     9.4871119756  0.205208007573 -0.132887161711  -1.07312582076 1776585349.37
 -0.056619796146 -0.0879984667627 -0.0369644884915 0.110977046625  -4.69968351513 0.0289903099766    9.5418641635 -0.157924556812  0.378633856281  -1.49190916479 1776585349.39
-0.0621623710842 -0.0774277741844 -0.0622229839706 0.117179009759  -4.99791610926 0.0510770459789   9.55105695582 -0.391903899501  0.782477663693  -1.27861265233 1776585349.4
-0.0715397501523  -0.058209197587  -0.085641835129 0.125860122596  -5.30576763692 0.0102394714313   9.50824138509 -0.407008990539  0.957554438102 -0.848534589223 1776585349.42
-0.0816172328389 -0.0316570672739  -0.102782587103 0.135010380401   -5.59138309913 -0.0999809169875    9.41584313727 -0.376759089739   1.26014640719 -0.525256788563 1776585349.45
   -0.088936153139 -2.34356008451e-05    -0.109894942789 0.141373754053  -5.82984164084 -0.274115839825   9.28540077077  -0.246449550926    1.82538764567 -0.0542633371345 1776585349.47
-0.0904467615445   0.033740952547   -0.10472667542 0.142431545303  -6.00519368385 -0.494324431865    9.1355832861 0.142838105206   1.9823015052 0.681455512701 1776585349.49
-0.0841530580857  0.0663561660464 -0.0870756363643 0.138083468981  -6.11023138877 -0.732202700009   8.98844121788 0.570481455016  1.66129394397  1.24846739569 1776585349.5
-0.0695247757144  0.0946676804006 -0.0589400561846 0.1314138287  -6.14461472522 -0.952802962072   8.86484222412 0.79072606829 1.07616081157 1.35958050939 1776585349.52
-0.0475926403326   0.116114091601 -0.0242133716867 0.127803869467 -6.11234473927 -1.12031925067  8.78025514135  1.02589353845 0.724275057063  1.49168325047 1776585349.55
-0.0207227855951   0.129121610417  0.0120196570041 0.131325154765 -6.01958375097 -1.20444153313  8.74191988232  1.50197142753 0.466678366185   1.8592910343 1776585349.57
0.00785953468755   0.133343667321  0.0444308980761 0.14077077326 -5.87351024362 -1.18611585112  8.74802910074   1.72204530387 0.0176502839504   1.75342346033 1776585349.59
0.0346779739036  0.129689446312 0.0684298984808 0.150680341667 -5.68239540773 -1.06147376334  8.78899207128   1.30979856348 -0.355093493219  0.981585605253 1776585349.6
0.0566114879403  0.120126748427 0.0809664516148 0.155534120184  -5.45657763078 -0.843035016129   8.85032379394  0.795890256964 -0.485657753676  0.272444311593 1776585349.62
 0.071382857497  0.107291871824 0.0809944909673 0.152207639989  -5.20966023339 -0.557866760983   8.91634443891  0.462294310206 -0.569105793513 -0.249078579316 1776585349.65
0.0778511263784  0.093979765822  0.069522791482 0.140450748655 -4.95916916141 -0.24305124596  8.97375633312  0.124104355078 -0.652590511757 -0.838764276226 1776585349.67
0.0760762895923 0.0826119220264 0.0492737413451 0.12263862803  -4.72608626703 0.0606023654724   9.01428187732 -0.333112466157 -0.598676274962  -1.41802956777 1776585349.69
0.0671699829846 0.0747834048659 0.0240541324292 0.103358432382 -4.53303929867 0.315313010409  9.03583571538 -0.635955358986 -0.320463178689  -1.41223235502 1776585349.7
  0.0529841710387    0.070975612009 -0.00200570226175 0.0885939203459  -4.4013569929 0.492215880878  9.04208239726  -0.672332722602 -0.0917268204109   -1.05229479252 1776585349.72
 0.0357165816983  0.0704921954779 -0.0251748419582 0.082937304629 -4.34756431654 0.575309215357  9.04060802727 -0.738372233411 0.0137683370049 -0.846559481106 1776585349.75
 0.0175226913858  0.0716368578961 -0.0426630434452 0.0851998790999 -4.38010967005 0.562867292237  9.04023396397 -0.946677980854  0.043082667412 -0.739143936862 1776585349.77
0.000216021992875   0.0721078016689  -0.0528928453259 0.0894272599026 -4.49713843535 0.466301875064  9.04816772597   -1.01958807045 -0.0659805187642  -0.403408800171 1776585349.79
-0.0148888163658  0.0695394146665 -0.0554869355962 0.0902009260861 -4.68595510329 0.306979356301  9.06769557706 -0.676214182628 -0.249244998967 0.0464565857198 1776585349.8
-0.0269774581168  0.0620845884681 -0.0510246262436 0.0847690501008 -4.92448539513  0.11185719767  9.09697909887 -0.431354696755 -0.429351581448   0.30836409893 1776585349.83
-0.0356139381499  0.0489105357401 -0.0406710925041 0.0729022006691   -5.18462403052 -0.0910790304748    9.12925798536 -0.307795425956 -0.715858645036  0.571442942894 1776585349.85
-0.0405635791455  0.0304865159474 -0.0258010773262 0.0569256286649  -5.43691498693 -0.276724426188   9.15443539508 -0.167320099759  -1.11956523334  0.914646769677 1776585349.87
 -0.0416416127661  0.00857841217638 -0.00772111743041 0.043211442045  -5.65564948572 -0.425570253763    9.1616918603  0.06025859048 -1.40544598754  1.20662453881 1776585349.89
 -0.038653186968 -0.0140706666749  0.0124528224387 0.0429781957526  -5.82327141076 -0.525077925662   9.14250369802 0.285812246719  -1.2030208923  1.16357796105 1776585349.9
-0.0314509027736 -0.0343156106274  0.0337665574014 0.0575056589976  -5.93302540199 -0.569900594482   9.09329593557  0.389271600115 -0.738834520827  0.898488949651 1776585349.92
-0.0200869085609 -0.0493093211425  0.0553061823551 0.0767702211392  -5.98910856723 -0.561321637508    9.0169913156 0.550153868109 -0.47494622959 0.879790176461 1776585349.95
-0.00499729283822  -0.0571529349218   0.0760704063829 0.0952792612962  -6.00416412212 -0.506267790202   8.92294922759 0.909150821007 -0.22120497366  1.09308230759 1776585349.97
 0.0128575575132 -0.0573250206081  0.0949156862643 0.111626440739   -5.9946638762 -0.416103746923   8.82519141733  1.15383488831 0.199214369453  1.07855242855 1776585349.99
 0.0319582347989 -0.0507724101079   0.110614754526 0.12583636326  -5.97536597416 -0.305237927276   8.73929168113   1.0526774302 0.496989499393 0.761454338391 1776585350
 0.0503247869195 -0.0396360125112     0.1220176109 0.13781108459  -5.95438701405 -0.189477901843   8.67872485891 0.704333635784 0.502230006116 0.367938740616 1776585350.02
 0.0657386100034 -0.0266850782192     0.1282613755 0.146576391994    -5.9303479577 -0.0841185432979    8.65168430782 0.535321880618 0.520726330836 0.144411738669 1776585350.05
 0.0760500272114 -0.0146121708337   0.128957410697 0.150423189532     -5.8925329894 -0.00189420083492     8.65929603758  0.381386679592  0.589762037044 -0.109801713897 1776585350.07
  0.0795190015277 -0.00537559833546    0.124293983118 0.147652168628  -5.82417554941 0.0489076224106   8.69578294876 -0.0283501513265   0.458314935433  -0.429975413943 1776585350.09
  0.0751311947017 0.000241882590375    0.115021845268 0.137385515296  -5.70808877139 0.0657798600409   8.75056568689 -0.483782070826  0.235618352568 -0.636902954058 1776585350.1
  0.062831229252 0.00275191537111   0.102324397844 0.120106697572  -5.53314546859 0.0524197278218   8.81170044039 -0.664601234729 0.0737414509343 -0.578301360212 1776585350.12
 0.0436187982333 0.00373836998246   0.087601400061 0.097931508015  -5.29979397287 0.0180502753081   8.86963536797 -0.849674549678 0.0511609834133 -0.590036022155 1776585350.15
0.0194653142279 0.0053630832119 0.0722099828506 0.0749796155153   -5.02297125033 -0.0243067518866    8.92015246359 -1.36340863542 0.161574353489 -0.81913541189 1776585350.17
-0.00696539199041  0.00973298349731   0.0572104369868 0.0584489670872   -4.73140604746 -0.0603046108928     8.9655894062  -1.71355523659  0.424044781137 -0.952945224687 1776585350.19
-0.0327677771524  0.0182889401259  0.0431620280847 0.0571941711962   -4.46322557048 -0.0770175454988    9.01393555742  -1.46197274138  0.653649277697 -0.822004391452 1776585350.2
-0.0553425860967  0.0313624688424  0.0300100214962 0.0703349676758   -4.25874303782 -0.0654366914034    9.07601358752  -0.92147281921  0.681742182206 -0.598065001026 1776585350.22
-0.0729247347279  0.0479986519237   0.017098892664 0.088962124817   -4.15205690197 -0.0222703280378    9.16151007278 -0.553669734734  0.649078092915 -0.498775170793 1776585350.25
-0.0849547737001  0.0660774280517 0.00333378654439 0.107678476053  -4.16344419224 0.0492353834471   9.27495344808 -0.503800266929  0.908039458222 -0.774882571634 1776585350.27
-0.0921769421462  0.0826984429744 -0.0125124453468 0.124467595873 -4.29439564854 0.139550074928  9.41277820127 -0.429728729253   1.07565069556  -1.30288865757 1776585350.28
-0.0964064089479  0.0947419286564  -0.031386269759 0.138763563882 -4.52655396646 0.234115245619  9.56236491488 -0.241873478729  0.519424016771  -1.26849691945 1776585350.3
-0.0999953364493  0.0994884680527 -0.0535157382281 0.15086734844 -4.82491764553 0.315410716265  9.70347535464  -0.21770978635 0.0108485609933  -1.16654173947 1776585350.32
-0.105117179776 0.0951759896612 -0.078060688598 0.161868964278 -5.14467025567 0.365565765993  9.81191608679 -0.258962652955 -0.358948935996 -0.980789615238 1776585350.34
-0.113052739217 0.0813895616002 -0.102969066308 0.173227628277 -5.44012140292 0.369206148602  9.86468729315 -0.404582815684 -0.783942669358  -1.02596058674 1776585350.37
-0.123677542229 0.0592123759783 -0.125126949483 0.185631337354 -5.67371101536 0.316197971269  9.84543748927 -0.627698223673   -1.4180700898  -1.06763093547 1776585350.39
-0.135309418711 0.0311081838664 -0.140824708799 0.197757317194 -5.82297469438 0.203922728046  9.74887286631 -0.657946991188  -1.81132103246 -0.659226697327 1776585350.4
  -0.144985855943 0.000550816137454   -0.146476707843 0.206098587482   -5.8838311545 0.0387002697173   9.58294228882 -0.362163588724  -1.56345689942 0.0359986688161 1776585350.42
 -0.149126331118 -0.0285393005969  -0.139451322657 0.206154858546  -5.86944130886 -0.164007306533   9.36812956322 0.0114828169442   -1.0901092011  0.568841636938 1776585350.44
 -0.144427525958 -0.0524536562309  -0.118817872566 0.194237954961  -5.80498963039 -0.380888277623   9.13391584868  0.458235280217 -0.895644924324   1.20738705517 1776585350.47
 -0.128770207166 -0.0683264140811 -0.0858157306067 0.169158519544  -5.71976740028 -0.583648664851   8.91321874927   1.17410348232 -0.611814021279    2.0685489539 1776585350.48
 -0.101905610218 -0.0746114171549 -0.0439022747111 0.133712477685  -5.63861924353 -0.743221773984   8.73614160956    1.98936423131 -0.0939731064619    2.76125149703 1776585350.5
-0.0657393464015 -0.0713038506388 0.00167154593378 0.0969984270337  -5.57496724245 -0.834720853609   8.62451545433  2.18896976529 0.415273275202  2.49361800582 1776585350.52
 -0.024128185377 -0.0598561261213  0.0446997654383 0.0785047399466  -5.52721548011 -0.842221978106    8.5884548844  1.61559983066 0.551298208015   1.4981597244 1776585350.54
 0.0177761804855 -0.0428054815251  0.0791162177945 0.0916933899437  -5.47947759429 -0.762324672133   8.62557974755  1.65885653159 0.773465090052  1.16939075575 1776585350.57
 0.0544921183701 -0.0231983084259   0.100122193277 0.116327151022  -5.40648795389 -0.605556387229   8.72286227622  1.86264962514  1.14015131241 0.762574095723 1776585350.59
  0.0812628823935 -0.00394447109967    0.105107855537 0.132916801808  -5.28152588612 -0.395074054844   8.86044165557   1.25486670826   1.11468623565 -0.184657306034 1776585350.6
 0.094961179576 0.0127499761204 0.0941670525668 0.134341435554  -5.08544662942 -0.162700335934   9.01635172901  0.350079527836  0.776952625925 -0.916381843068 1776585350.62
0.0946404765028 0.0257452309404 0.0700901427864 0.120549843736  -4.81462918125 0.0570221238218   9.17099987878 -0.267452380184  0.446948423978  -1.12904317385 1776585350.64
0.0816161838319 0.0350512351773 0.0378315047598 0.0965453950384 -4.48585888877 0.233535500764  9.31040501267 -0.781165498037  0.348802589816  -1.46118658269 1776585350.67
  0.059073575774  0.0416264073584 0.00356150287139 0.072354194398 -4.13678896859 0.346229950983  9.42758181407 -1.48760099242  0.35196191339 -1.90240377359 1776585350.69
  0.031312030495  0.0469530463149 -0.0264994627667 0.0623478414934 -3.82152169771 0.388248377169   9.5219463888 -1.76968226809 0.342121840973 -1.59762674619 1776585350.7
 0.0028182979484  0.0525018958916 -0.0472244139505 0.0706720393685 -3.60183926086 0.367172321659   9.5971029019  -1.41887793925  0.322879611492 -0.762401209834 1776585350.72
-0.0226061593228  0.0592226599999 -0.0554711537148 0.084234261386 -3.53552690858  0.30236715549  9.65774538936  -0.903436636271   0.293032612133 -0.0663890400543 1776585350.74
-0.0424650659549  0.0671897022944 -0.0505520618887 0.0941979239801 -3.66392159412 0.219610785712  9.70659184287 -0.720010645104  0.352796383081  0.461056336437 1776585350.77
-0.0558129986935  0.0754936039132 -0.0342072685084 0.0999225313619 -4.00116515156 0.144361597482  9.74222046076 -0.603425152801  0.444757685586   1.18190403653 1776585350.79
-0.0631113854047  0.0824071807368 -0.0101129648708 0.104289320945   -4.5275466227 0.0954241266871   9.75841724096 -0.315207572394  0.325288833488   1.61717540878 1776585350.8
-0.0657837780826  0.0857832780217  0.0169479087355 0.109423525156  -5.18873669254 0.0807013749777   9.74523841443 -0.0693079213622  0.0322554960988    1.43470591146 1776585350.82
-0.0656318528179  0.0835801913425  0.0420618720941 0.114290811412  -5.90168555249 0.0961627028169    9.6915423933 0.0297670974314 -0.227900564751  0.882194451305 1776585350.84
-0.0642940336127  0.0743776108484  0.0610988142177 0.115753258496 -6.56662412279  0.12823955579    9.588362126 0.0573062070226 -0.540567445434  0.613701920057 1776585350.87
-0.0628938967589  0.0577531476517  0.0713831093168 0.111295177833 -7.08324362433 0.158851919295   9.4322600387 0.0682176626558  -1.16284968075  0.317595917304 1776585350.89
-0.0619508600556  0.0344354827131  0.0720077537257 0.101038745677 -7.36807161633  0.17148666306  9.22778975623 0.0418945936937  -1.59316172668 -0.235590651315 1776585350.9
-0.0615387338499 0.00621920281975  0.0637624670277 0.0888332508074  -7.3696362908 0.156460324133  8.98839227573 0.00945359209105   -1.61552237023  -0.640219104795 1776585350.92
-0.0616071159374 -0.0243068775651  0.0487286076094 0.0822237084462 -7.07838694583 0.113805672195  8.73543486989 -0.0164653237812   -1.23299557959  -0.696906110057 1776585350.94
-0.0623445772675 -0.0541258827036  0.0296545922636 0.0877260071782  -6.52943485143 0.0530117118453   8.49555536699 -0.0598559917074   -1.17027686622  -0.827048280445 1776585350.97
 -0.064463812235 -0.0801596918881  0.0092567737407 0.103280429664    -5.7976667544 -0.0101611188706    8.29686154366 -0.201393727302     -1.31255774  -1.15699347485 1776585350.99
-0.0693179418629 -0.0995738904257 -0.0104069202907 0.121771263887   -4.98623244888 -0.0587045046747    8.16473252203 -0.442772161936 -0.921721527997  -1.16188869859 1776585351
-0.0788005042203  -0.110004471617 -0.0283644721841 0.138257175305   -4.21048160752 -0.0796520067901    8.11793732092  -0.71103323509 -0.280838392934 -0.953115808544 1776585351.02
-0.095028728587 -0.109728937572  -0.04487135327 0.151935306436   -3.57999669945 -0.0680582708827    8.16559386383 -0.863060535155  0.256152404196 -0.690946237161 1776585351.04
 -0.119854844996 -0.0978197317708 -0.0612316247447 0.16638267837     -3.181493358 -0.0285311795843    8.30527070653   -1.2354155502  0.738503115802 -0.718243699146 1776585351.07
 -0.154291093281 -0.0743032535019 -0.0793252016378 0.188730502468  -3.06515615428 0.0260807851877   8.52239005493 -2.17115138576  1.59850004779 -1.10344551354 1776585351.09
 -0.197968183088 -0.0403091521342  -0.100931211347 0.225839187664  -3.23652876365 0.0784198295769   8.79104457417 -2.91085557879  2.34630855149 -1.46864116076 1776585351.1
 -0.248767674499 0.00185003010366  -0.126992353837 0.279313151176 -3.65540510568 0.111665359146  9.07632957205 -2.90156739078  2.46597096976 -1.55234939648 1776585351.12
-0.302764315595  0.048754510949 -0.156997533834 0.344516267781 -4.24227065813 0.114450395288  9.33822285618 -2.22927980868  1.98748291486 -1.29921565193 1776585351.14
-0.354572128271 0.0961784959019 -0.188654780352 0.412991916834  -4.89174262715 0.0842854660764   9.53684697723 -1.99442442884  1.90092336765  -1.2755925945 1776585351.17
-0.398104112712  0.139624661548 -0.217974895225 0.474863123036   -5.4912328881 0.0285966764703   9.63861071621 -2.03168672494  2.19178741201 -1.42186666589 1776585351.19
-0.427643609459  0.175008145512  -0.23979352239 0.520584134493   -5.94187296266 -0.0368152588498    9.62231444862  -1.25392184399   1.82971300855 -0.940052584377 1776585351.2
-0.439017448063   0.19932508249 -0.248647210901 0.542487090816   -6.17786462058 -0.0913819155363    9.48396585855   -0.0832309894208      1.01762929429 -0.000771583322896 1776585351.22
-0.430596527767  0.211112199969 -0.239820897079 0.536186342028  -6.18019198848 -0.114436057196   9.23898379503 0.739466509666 0.236119727608 0.805836481102 1776585351.24
-0.403858663732  0.210551666075 -0.210332790065 0.501670914978   -5.98133236703 -0.0898013133876    8.92081983442   1.39080424384 -0.246554776946    1.6580807845 1776585351.27
-0.363337082479     0.199188784 -0.159635929064 0.444042382014    -5.65927377188 -0.00937197112942     8.57579692915   2.44867442329 -0.868379546925   3.35387569296 1776585351.29
 -0.315921777497   0.179366387747 -0.0898882824356 0.374244270322 -5.32147504329 0.124838548807  8.25495138871  2.85919222181 -1.39162483469  4.69568176705 1776585351.3
  -0.269635451401    0.153582365563 -0.00574874468963 0.310360866942  -5.0817895163 0.300306432994  8.00453874877  2.35154241241 -1.55368440656  4.94262920477 1776585351.32
 -0.23212569785  0.124001593308 0.0862399252965 0.27694053416 -5.03515289474 0.495161066394  7.85731720715  1.28342542414 -1.30106961677  3.91199827156 1776585351.34
-0.209173176073 0.0922888708953  0.178545809656 0.290084917611 -5.23552977789 0.680751728815  7.82660054996 0.575107747551 -1.29026589792  3.56541529489 1776585351.37
-0.203508962548  0.059799367156  0.263651108107 0.33838405541 -5.68205784306  0.82547721741  7.90442282211 -0.137887032885  -1.77125275458   4.31157874642 1776585351.39
-0.214176626644 0.0280161440046  0.334998310588 0.398598042923 -6.31666957026 0.899656248996  8.06418119678 -1.06138983557 -1.95071671317  3.98235753971 1776585351.4
  -0.236582246209 -0.00098565737829    0.387742781245 0.454220866043 -7.03407230691 0.880958919187  8.26708759872  -1.4258881001 -1.51982743927  2.44664415524 1776585351.42
-0.263259793694 -0.024300685124   0.41921883517 0.495621502797 -7.70231325766 0.759539513819  8.47091095234  -1.06130769623 -0.815334408461  0.901381034012 1776585351.44
 -0.285249064787 -0.0383732424098    0.42907607922 0.516667994416 -8.18978390274 0.541686836599  8.63901121451   -0.620651417997   -0.311338881682 -0.00255901015096 1776585351.46
 -0.293854477479 -0.0396479708288   0.419092690116 0.513382019976 -8.39295656547 0.250766060045  8.74765049494 0.0745140274704  0.341328322082   -0.9692282682 1776585351.49
 -0.282453765462 -0.0255687429006   0.392716708838 0.484417488989   -8.25881500418 -0.0753756328136    8.79001898781 1.42085526657 1.36302056013 -2.0035218721 1776585351.5
 -0.247989653328 0.00434996462289    0.35441954535 0.432586412727   -7.7970116335 -0.390543543988   8.77623066588  2.66485608157  2.15531071793 -2.46273108147 1776585351.52
-0.191827270226  0.047729120298  0.308964085886 0.36678955396  -7.07905802317 -0.648848883354    8.7295172343  2.93710592375   2.1712327513 -2.14728662869 1776585351.54
-0.119789440137 0.0991209769156  0.260693744943 0.303538641174  -6.22477170567 -0.813995601324   8.67971371033  3.08087682648  2.10551297739 -1.96601611619 1776585351.56
-0.0413549009049   0.150563976798    0.21294236227 0.264053382079  -5.37900627736 -0.866955701907   8.65565777705  3.78969578838  2.34301455144 -2.32557913977 1776585351.58
0.0318298705193  0.192861021231  0.167651261922 0.257517882469  -4.68369025865 -0.810100088973   8.67821709623  3.87516105158  2.00268734399 -2.62965804671 1776585351.6
0.0878585869274  0.217341644438  0.125258964471 0.265793773223 -4.25097380415  -0.6667482161  8.75536433723  2.49389782278 0.731668012409 -2.43520561239 1776585351.62
 0.116577602343  0.217724591797 0.0848980110511 0.261155140714  -4.14276840228 -0.476282278705   8.88018620323  0.540571908407 -0.590026889924  -1.84570997549 1776585351.64
 0.111397408197   0.19164934099 0.0448888295201 0.22617218987  -4.36041006082 -0.286061297153    9.0320984657 -0.946043551567  -1.56976714384  -1.67712667289 1776585351.66
 0.0706407504125   0.141501715236 0.00346209881062 0.158192405512  -4.84601392185 -0.142053617414   9.18095505178 -2.80641584507 -2.90970824242  -2.1154505103 1776585351.68
-0.00178247886486    0.074303776953  -0.0404251307265 0.0846074446762   -5.49479910401 -0.0802357973422    9.29324502288  -4.7479228222 -4.00079456258 -2.55145694184 1776585351.7
 -0.0965285817612 0.000637977505511  -0.0863719968581 0.129531061732  -6.17567201801 -0.120425032719   9.33920421163 -5.87856312966 -4.19941154151 -2.72131555241 1776585351.72
 -0.199885788869 -0.0672133434883  -0.132131489339 0.248858780455  -6.75598038271 -0.263508182747   9.29947220471 -4.85296622981 -2.87949993105 -2.12764914883 1776585351.74
-0.295725282594 -0.117555073745 -0.173704294448 0.362554575255  -7.12578173602 -0.492243430746   9.16995461473 -3.47956659194 -1.53689847111 -1.52765752195 1776585351.76
 -0.36814473618 -0.141532058776 -0.206003346567 0.444971065616  -7.21727262886 -0.775140846045   8.96384392265  -2.61873696916 -0.417520762015  -1.21189284065 1776585351.78
-0.404409350122  -0.13488321904 -0.224000847665 0.481577392534 -7.0161096135 -1.0724761889 8.71028978706 -0.844952764507   1.22423742268 -0.518742449137 1776585351.8
 -0.397615011812 -0.0988330869504  -0.224096053758 0.4669954154 -6.56296675512 -1.34325926053  8.44988578481  1.64456694526  2.78902572921 0.548682932482 1776585351.82
 -0.348424412761 -0.0399382055843   -0.20532238663 0.406388870572 -5.94544515776 -1.55192186252  8.22778445777  3.2325269235 3.17451773189 1.32182571994 1776585351.84
-0.265332241256 0.0310758080698 -0.170003768507 0.316651520451 -5.28201405008 -1.67359275219  8.08570381141 3.74297259202 2.85329383471 1.65168818544 1776585351.86
-0.163215134251  0.101248105433 -0.123593768633 0.228398289282 -4.70079555179 -1.69710666728   8.0542610209 4.86294000958 3.00416260754 2.28570401976 1776585351.89
-0.0603511037718   0.157706337599 -0.0736574823103 0.184225322216 -4.31665620036 -1.62535162492  8.14697228218 5.51307691564 2.59138698424 2.78677046437 1776585351.9
 0.0254751093621   0.189940762697 -0.0282139279624 0.193707254026 -4.21028179685 -1.47311419677  8.35695728721  4.06976135253 0.977242074716  2.29958631394 1776585351.92
  0.080869276718   0.191616556324 0.00613797154894 0.208073110394 -4.41271478335 -1.26308810307  8.65695763997    1.9422146254 -0.740726537912   1.41227121259 1776585351.94
0.0997578136113  0.161610644272 0.0258003521448 0.19166449825 -4.89819033207 -1.02102680627  9.00278285909 0.0762008149993  -1.79287261171  0.509683928241 1776585351.96
0.0845886570611  0.104106007391 0.0310157682487 0.137678173863  -5.58697245733 -0.771085361276   9.33978679336    -1.23217088582    -3.03813025017 -0.00205942386209 1776585351.99
 0.045466318034 0.0277455798243 0.0257096105092 0.05914378537  -6.35830237894 -0.532241634899   9.61149924728  -2.42242831032  -4.44891752134 -0.407468519977 1776585352
-0.00258125357885  -0.0559861369783   0.0163532107136 0.0583826849711    -7.071717866 -0.316390955618   9.76914098274  -2.58766430103  -4.72884957176 -0.452766503017 1776585352.02
-0.0435061120781  -0.134847859312  0.0101420053795 0.142054873983  -7.59322540963 -0.128342862663   9.78048806841   -1.77317496144   -4.08068076419 -0.0968296228984 1776585352.04
-0.0642907948868  -0.198000852761  0.0129833731374 0.208581427695  -7.82152799954 0.0324463262479   9.63648616197 -0.314984759479  -2.22675871766  0.382865725946 1776585352.06
-0.0580742653454  -0.237836214501   0.027849676651 0.246402698266 -7.70911300959  0.16896664254  9.35421394444 0.853488667532  -1.1701641653  0.90227357219 1776585352.08
-0.0255400492508  -0.251129541691  0.0539490883485 0.258125637935 -7.27369863702 0.283466321452   8.9753013947      2.309716336 -0.0409251578698    1.62790824099 1776585352.1
0.0257462809601 -0.239321405144 0.0869271295693 0.255917822354 -6.59726242335 0.375026056987  8.55969683207 3.05233184395  1.2069656922 1.84466830109 1776585352.12
0.0837712123114 -0.207905230173  0.120011046702 0.254253519299 -5.81228755409 0.438786836229  8.17561898474 2.95435500936 1.99809943421 1.58319389171 1776585352.14
 0.135506631675 -0.165087911211  0.145746031242 0.258569084151 -5.07743699202  0.46723380813  7.88741301007  1.87346396017  1.90192062627 0.818528264374 1776585352.16
 0.170332909961 -0.120028718159  0.157830400394 0.261401279046 -4.54705896222 0.453233024491   7.7436148756  1.02136907543  1.82601020468 0.148278789313 1776585352.18
  0.182524435452 -0.0810291790998   0.152571911512 0.251314714223 -4.34031118424  0.39383819152   7.7676342238 0.0540495241187   1.88893488932 -0.806926320444 1776585352.2
  0.172221310364 -0.0540324774119   0.129637737952 0.222228781799 -4.51600660985 0.293493060248   7.9530271369 -1.12982405037   1.1775441972 -1.81408609472 1776585352.22
  0.144795249444 -0.0417064331956  0.0919925746854 0.176543832032 -5.05844284015 0.165323650905  8.26442766876 -1.77767854861 0.302990179344  -2.3749838067 1776585352.24
  0.108971650147 -0.0432521111261  0.0451360045473 0.125629712087  -5.87756131762 0.0297582626603   8.64404760319  -1.58497620518 -0.297519041269  -2.16232106097 1776585352.25
  0.0743596134448  -0.0549280467599 -0.00410000933253 0.092537843659    -6.8240535391 -0.0894223684787    9.02250904167  -1.30594300324 -0.608251103072  -2.05079694892 1776585352.28
 0.0491034539649 -0.0711360970861  -0.048878446132 0.0993005337156  -7.71695243607 -0.170601715543   9.33189906511 -0.964397343863 -0.823979315587  -2.11957546521 1776585352.3
 0.0382200973489 -0.0858055827961 -0.0835282990607 0.125699445601  -8.37845657681 -0.199795211379    9.5185047912 -0.182454471778 -0.666233221657  -1.63402577682 1776585352.32
0.0429075421333  -0.09376049352  -0.10436779394 0.146713065979  -8.66893532518 -0.174373161684   9.55277046463  0.615232090011 -0.162571618582 -0.723546616018 1776585352.33
 0.0608080690375 -0.0917743272382  -0.110092990245 0.155693978372  -8.51481043627 -0.103852346256    9.4345846584  0.916696767075  0.304784750649 0.0547670606068 1776585352.35
 0.0869798887676 -0.0791072519444  -0.101734739079 0.155478022549   -7.92347748384 -0.0074970916484    9.19293568009  1.13894116132 0.718269908714 0.582792133541 1776585352.38
  0.115222103522  -0.057458275708 -0.0822495227083 0.152782756138  -6.98228274184 0.0905253666497   8.88007587383 1.46596863045 1.36164478054 1.28305255372 1776585352.4
  0.139407711478 -0.0304103905889 -0.0558485922557 0.153226522287 -5.84204719636 0.166971821172  8.56138284668 1.18362147861 1.65161532095 1.65621528241 1776585352.42
   0.154568315794 -0.00255490652709  -0.0271932405704 0.156962938707 -4.68882201885  0.20466398444  8.30288647634 0.53351044124 1.52228620483 1.62108165959 1776585352.44
    0.157592179316    0.0214760625935 -0.000594739617109 0.159049897709 -3.70973429263 0.195605344432  8.15880193866 -0.16506058652 0.944563805414  1.11804063766 1776585352.45
 0.147505226436 0.0378638191228 0.0206487130807 0.153680935631 -3.05957450882 0.141445719378  8.16132644889 -0.682427946539  0.481588131323  0.747217716798 1776585352.48
  0.12538209256 0.0442066608481 0.0346733756552 0.137394108234  -2.83421461847 0.0515010044643   8.31447800501  -1.41923388225 0.0517431972988  0.544161423779 1776585352.5
0.0939768496733 0.0398153856648 0.0411725168568 0.110054937892   -3.05533136927 -0.0607694461421    8.59301187709  -1.97189533633 -0.534780681997  0.189302083726 1776585352.52
0.0571761018381 0.0257091039228 0.0412211553108 0.075028316595  -3.66867437502 -0.181576607002   8.94660514594  -1.95247661817 -0.927901463881  -0.11285768025 1776585352.53
 0.0193710217122 0.00435946453621  0.0368601268397 0.0418677723775 -4.55569534875 -0.29973861523   9.3086821546  -1.50147246647 -0.964270162639 -0.221686620995 1776585352.55
-0.0151692924485 -0.0207522909233  0.0305396367601 0.0399178459513  -5.55611426974 -0.408029811647   9.60853751958  -1.28997460856    -1.037706955 -0.255291191743 1776585352.58
-0.0428542086783 -0.0456969892296  0.0245455021041 0.0672843198646  -6.49722858917 -0.502883251623   9.78483256298  -1.26449725399  -1.26245856321 -0.274953171196 1776585352.6
-0.0611979977473 -0.0667067862571  0.0205311227455 0.0928251973454   -7.2246891063 -0.582991937156   9.79814126704 -0.787075413689  -1.05273769643 -0.158912532847 1776585352.62
-0.0690654481852 -0.0807553323302  0.0192533860163 0.107991447374  -7.62922660336 -0.647684067226   9.64010088403   -0.147836451555   -0.518804739832 0.000827985972595 1776585352.64
 -0.066703396152 -0.0860269658001  0.0205619567692 0.110782561665  -7.66450292253 -0.695881692444   9.33702047231   0.281445545717 -0.0300118899827  0.0910992079154 1776585352.66
-0.0555583160761 -0.0821956626854  0.0236254183866 0.101985360927    -7.352850699 -0.726035097383   8.94662671592 0.619857940415 0.335493867933  0.14536318803 1776585352.68
-0.0379256877873 -0.0704512281027  0.0273106311982 0.0845435030724 -6.77795126023 -0.73686505798  8.54794996318  1.12491591624 0.834247407643 0.200581499381 1776585352.7
-0.0165184633138 -0.0532433690149  0.0305865361818 0.0635865722453  -6.06606893013 -0.728320998051   8.22593368685  1.29997777153  1.08728548152 0.163282019079 1776585352.72
0.00594057797692 -0.0337620208419  0.0328203965191 0.0474588552927   -5.3597589451 -0.702082411763    8.0537698004   1.20796531221   1.05478903542 0.0913323547441 1776585352.74
 0.0270158242803 -0.0152294552418  0.0338780951015 0.0459294719784  -4.78945297843 -0.661220116344   8.07676965401  0.842909859557  0.731140814747 0.0259870449534 1776585352.75
   0.0447065970825 -0.000136338959027    0.0340155590501 0.0561761218713  -4.44864569838 -0.609128727526   8.30147513814    0.635596243544    0.535112172347 -0.00525645826003 1776585352.78
0.0574654059961 0.0104062246171 0.0336262733562 0.067389084108  -4.37750537202 -0.548277734426   8.69266916057   0.532424820455   0.469870260517 -0.0289192168547 1776585352.8
0.0641499921605 0.0170226528078 0.0329594704963 0.0741034337814  -4.55786362153 -0.479478932202   9.17921505423    0.19484218775   0.346711143311 -0.0508082714169 1776585352.82
0.0639838309327 0.0220054095186 0.0319264879699 0.0748162368941   -4.9201573603 -0.402157819627   9.66768048221  -0.212708508723   0.330326680828 -0.0811448190145 1776585352.84
0.0565768705374 0.0287833677141 0.0300704483919 0.0702399914811  -5.36050659112 -0.315654104339   10.0609629773 -0.465423163463  0.402457626064 -0.110581039351 1776585352.85
0.0420146535081 0.0410024506781 0.0267067768252 0.0644956122493  -5.76416151798 -0.221087482548   10.2780213268 -0.737362069443  0.675805952222 -0.184206995847 1776585352.88
 0.020981248538 0.0614074125588 0.0211779885468 0.0682611918023  -6.03037858157 -0.123032913967   10.2705545893  -1.20702629508   1.27433370956 -0.347503590609 1776585352.9
-0.00514171780348   0.0907884030037   0.0131304293856 0.0918769805652   -6.09359920213 -0.0302706276117    10.0330981743 -1.70985140914  2.03877898534 -0.57127186087 1776585352.92
-0.0342546896967   0.127269200026 0.00272332222112 0.13182658884  -5.93665795622 0.0448222028759   9.60438850648  -1.90097351291   2.44957843453 -0.728559204999 1776585352.93
 -0.0636320739535    0.166158582588 -0.00928634133078 0.178168323612  -5.59347747865 0.0882335471335   9.05969737511  -1.19269762706   1.56243869695 -0.519055513313 1776585352.95
-0.0901359453666   0.200473870105  -0.021595895985 0.220863405673  -5.14093861042 0.0872252972491   8.49575963501  -0.95026780581   1.13319047889 -0.470724955222 1776585352.98
 -0.110544577834   0.222101551942 -0.0325249338131 0.250214057125  -4.68184412397 0.0335289206806   8.01148768847  -0.86714096199  0.624744239115 -0.508355489753 1776585353
 -0.121977393974   0.223414501968 -0.0402627286119 0.257708384896  -4.32264666801 -0.073904713152   7.68852654665 -0.361186858115 -0.703528360414 -0.324477643193 1776585353.02
 -0.122380813944   0.199046649481 -0.0431581944397 0.237611578081  -4.15056274097 -0.227251856793   7.57566128535   0.317243724832   -2.19724903149 0.00706373049718 1776585353.03
  -0.11101051207   0.147457221315 -0.0400185406513 0.188860926356  -4.21472237447 -0.409710771974   7.68017165031 0.734830445079 -2.78297272225 0.279689761994 1776585353.05
-0.0888123237725  0.0719150191853 -0.0303814197574 0.118247323457   -4.5151673481 -0.597120028033   7.96767833095  1.06168351344 -3.37889387314 0.512352092797 1776585353.08
-0.0585847653423 -0.0193919688343 -0.0147186836673 0.0634418066766  -5.00199393786 -0.761162288481   8.37022473787  1.68241212736 -4.89476035669 0.942715483756 1776585353.1
 -0.024818309894  -0.114267282466 0.00547670725554 0.117059620154 -5.58499697504 -0.87371665352   8.8006938532  1.95368165684 -5.34448688086  1.26864542928 1776585353.12
0.00684345531363  -0.198377253212   0.027767876408 0.200428097913  -6.15211001034 -0.911687865335    9.1704935669  1.61369587742 -4.18725495141  1.27110351134 1776585353.14
0.0304954370333 -0.257796657452 0.0490471835323 0.264186893099  -6.59308522493 -0.861508234516    9.4069342558 0.774772643535 -1.88571427805 0.864863821507 1776585353.15
 0.041096859545 -0.281746398948 0.0660042936722 0.292278209875  -6.82357380447 -0.722493809975   9.46690628869 0.0972978817122 -0.135289764615  0.506037577539 1776585353.18
0.0356275630929 -0.264932723668  0.075738911997 0.277839979327  -6.80438826201 -0.508336775441   9.34427272328 -0.680323081772   1.82937419238  0.261419967056 1776585353.21
 0.014015345573 -0.208924788042 0.0764105972067 0.222900373116   -6.5514690457 -0.246228490579   9.06967416358  -1.85035895364    4.7118434763 -0.263035460061 1776585353.22
-0.0204297497583  -0.122185672704  0.0677701548829 0.14120731986  -6.13391514814 0.0265559115238   8.70297452308  -2.19753392644   5.55315103286 -0.729910288554 1776585353.24
-0.0612738144948 -0.0186696698099  0.0514033234218 0.0821300101811 -5.66003699809 0.268315257879  8.32006628503  -1.81742660597   4.72839668445 -0.850220252657 1776585353.25
-0.0999721487018  0.0847596940042  0.0305589914145 0.134582644498 -5.25415157216 0.439987654236  7.99688617221 -1.37329829332  3.94377361764 -0.86808849348 1776585353.28
 -0.127510845654   0.171546729108 0.00953361101392 0.21395837391 -5.02907506151 0.512317624516  7.79401183734 -0.911008589293   3.60094704692 -0.947391895058 1776585353.3
 -0.136361415199   0.228595683336 -0.0072835674278 0.266277059375 -5.06040734165 0.471596922972   7.7450034101  0.153345958441   2.27106081257 -0.765910120177 1776585353.32
 -0.122302945035   0.248675980709 -0.0164780545637 0.277613544389 -5.36844668514 0.322607542932  7.85077971167   1.53912509133 0.0905622658711 -0.279699787309 1776585353.34
-0.0856436901308   0.231579919074 -0.0165003211499 0.247459817294 -5.91195526379 0.087944076753  8.08098408927  2.13383222481  -1.5236563498 0.196547318198 1776585353.35
 -0.0314786910549    0.183823200963 -0.00811223116874 0.186675347856  -6.59536238908 -0.196280606751   8.38179315055  2.35656906556 -2.31156646465 0.449203699869 1776585353.38
0.0311620840537  0.117004745178 0.0057649231396 0.121220543703  -7.28793432732 -0.487446682454   8.68827073306  2.97367890729 -3.36119322927 0.700830953771 1776585353.4
 0.091137324851 0.0452285055321 0.0207856767945 0.1038444705  -7.85068062187 -0.744547342737   8.93845609393  3.10040818128 -3.92816019979 0.773339306776 1776585353.42
  0.137578801345 -0.0178232803633  0.0323085991873 0.142441010541  -8.16500631773 -0.935522148403   9.08610578627  2.08958857691 -3.13694824545 0.464841817946 1776585353.44
  0.162248931041 -0.0615262072066   0.036604890521 0.177341782464 -8.15683739456 -1.04216625733  9.10945233834   0.571147651927   -1.50171996597 -0.0120391309137 1776585353.45
   0.16127099593 -0.0801172275162  0.0318091951693 0.18286314328 -7.81121980696 -1.06171275232  9.01438374866  -0.54738135216 -0.244603413795 -0.377673242266 1776585353.48
  0.135799956018 -0.0733452243443   0.018356058857 0.155428745364 -7.17481955293 -1.00513757147  8.83179072569  -1.65718417642  0.811872679694 -0.783921256436 1776585353.5
  0.0915024351807  -0.0459368454079 -0.00119441334962 0.102392949138  -6.34657774872 -0.893066947746   8.61009356305 -2.80362411469  1.90851348994 -1.17003289533 1776585353.52
  0.0370465467625 -0.00612072989275   -0.022856576157 0.0439583101935  -5.45919329087 -0.750620149009   8.40483168297 -3.23535392343  2.43283563832 -1.21270075355 1776585353.54
-0.0179447250952  0.0363623275215 -0.0422182570717 0.0585372808703  -4.65556935201 -0.602523654253   8.26753534125  -2.64774633803   2.03587417185 -0.846365345681 1776585353.55
-0.0649228064323    0.07228435352 -0.0554515893673 0.111869912498  -4.06473157826 -0.469478656809   8.23594331105  -1.65627667739    1.2055439259 -0.369777079267 1776585353.58
-0.0979374063163  0.0945861087768 -0.0600772660334 0.148820514122 -3.78121225089 -0.36622186619  8.32713543912   -1.13306937943   0.621820128144 0.00299611414604 1776585353.6
 -0.114356871968  0.0994134045066 -0.0553208735384 0.161310006543  -3.85085578453 -0.301167618202   8.53449262182 -0.491282259352 -0.237871227207  0.527982127777 1776585353.62
 -0.114731505901  0.0864546670201 -0.0420286101661 0.149680098772  -4.26476533745 -0.277109566096    8.8287277998 0.378585880451 -1.24655747414  1.01166411058 1776585353.64
 -0.101974021376  0.0586407931836 -0.0222311938198 0.119714951612  -4.96187810006 -0.292296742086   9.16264705002 0.905799460991 -1.70689488364  1.14059109259 1776585353.65
-0.0801851252912  0.0213552240969 0.00147251309724 0.082993181702  -5.83950189712 -0.341310386708   9.47884033666 0.972426537393 -1.55068356684 0.977875630614 1776585353.67
-0.0534988029439 -0.0186603927995  0.0265156605396 0.0625572731959  -6.77008533262 -0.415493368213   9.71916273407  1.21167397612 -1.67361999096  1.08783527025 1776585353.7
-0.0252575751842  -0.054513241947  0.0507862125679 0.0786694225144  -7.62157573369 -0.503086567221   9.83463072806   1.5790356452 -1.74355858595   1.3091043638 1776585353.72
0.00231948729125 -0.0802945044098   0.072791985934 0.108403231852  -8.27807679167 -0.589536668171   9.79423169474  1.54906551247 -1.08974593601  1.18685897525 1776585353.74
 0.0279914779419 -0.0919732065342  0.0915844332482 0.13277914735  -8.65735293757 -0.658512603983   9.59118086147   1.3115923294 -0.20505313465 0.908478210942 1776585353.75
  0.051036888839 -0.0879109380191   0.106536234667 0.147251710832  -8.72221491272 -0.693944886627   9.24543421692 0.890661005112 0.480556727956 0.531922565918 1776585353.77
 0.0707167490598 -0.0689207585528   0.117100915627 0.15317817729  -8.48397463775 -0.682954806814   8.80181219348 0.767221961631  1.10162649338 0.355136141369 1776585353.8
 0.0858765579951 -0.0378859068257   0.122663022337 0.154454984374  -7.99774660531 -0.619059132137   8.32384122128 0.676058883142    1.959584492 0.152303971835 1776585353.82
  0.0948198701517 0.000943129753862     0.12253091761 0.154937158357  -7.35097170323 -0.504741329405   7.88421020548  0.27794923452  2.33394781982 -0.19101135711 1776585353.84
0.0954828714587 0.0427785871902  0.116061403251 0.156260153554  -6.64770681972 -0.352504503571    7.5533666499 -0.234561102685   2.14825719561 -0.514639886581 1776585353.85
 0.08585568853 0.083042708291 0.102863012914 0.157632769686  -5.99170153626 -0.183846118515   7.38810322469 -0.652518417845   1.58396898798  -0.69706814546 1776585353.88
0.0645458768931  0.117877218329 0.0830122312459 0.157962778405   -5.47107680546 -0.0260926296023    7.42197682774  -1.2327209652   1.3868953654 -1.03222067617 1776585353.9
0.0313533267677   0.14436159153 0.0572253817712 0.15842362364  -5.14673135095 0.0924436827962   7.65910884266 -2.13662558116  1.18509383354 -1.55918182297 1776585353.92
-0.0122881102908   0.160493709127  0.0269433732957 0.16320286054 -5.04569666363 0.148085271158  8.07241785678  -2.7601690728 0.604511249845 -1.83799839179 1776585353.94
 -0.0631463277291    0.165058187551 -0.00570199999732 0.17681678876 -5.15977335334 0.127015255626  8.60670833977   -2.73018760197 -0.0779527381478   -1.70437214009 1776585353.95
-0.116416974266  0.157520605718 -0.038061073509 0.199535206015 -5.44906278903 0.028898163662  9.18634133392     -2.16723524 -0.567218263905  -1.29281376169 1776585353.98
 -0.166377064563   0.138040188652 -0.0672818943922 0.226413945261  -5.84951506569 -0.132075818939   9.72650584417 -2.05756296963 -1.12885924626 -1.19150044281 1776585354
 -0.207387631666   0.107610557151 -0.0907406659073 0.250646225241  -6.28331248778 -0.329184410943   10.1464675182  -1.9136239522 -1.94496829768 -1.09349423207 1776585354.02
-0.235040343127 0.0682522348233 -0.106517868095 0.266923934256  -6.67071302602 -0.527970831572    10.382695985  -1.13044064359  -2.40172722702 -0.655882512437 1776585354.04
-0.247152325058 0.0231267345487  -0.11381217095 0.273079343578  -6.94183481305 -0.692897048763   10.3995884281 -0.245940524932   -2.4377160472 -0.176556803528 1776585354.06
 -0.244302962374 -0.0235570982894  -0.113167355596 0.270269725788  -7.04680341083 -0.794381171046   10.1957332297  0.37421754484 -1.93045358276 0.158730632051 1776585354.08
 -0.229697421447 -0.0669168288229  -0.106408381574 0.261842531053 -6.96281387947 -0.81460041659  9.80434953161 0.799645312613 -1.74386782056 0.376033839887 1776585354.1
  -0.20831943425   -0.10203003595 -0.0962460730726 0.251138251774  -6.69706621084 -0.750744273096     9.287624856   1.2126985781 -1.58767760274 0.571497550484 1776585354.12
   -0.1855510487  -0.124713719589 -0.0856039175937 0.239396604477  -6.28518821115 -0.615072486078   8.72592838452   1.21065233583 -0.857528169872  0.550850298553 1776585354.14
 -0.165620044472   -0.13227482918 -0.0768177277821 0.225449756857  -5.78550838599 -0.431955179827   8.20397354674  0.938264856965 0.0176567414929  0.390966407223 1776585354.16
  -0.15032079499  -0.124050738899 -0.0709237922363 0.207400847474 -5.27017700066  -0.2327899069  7.79662655359 0.589117403395  0.66388417741 0.207026244195 1776585354.18
 -0.138404905484  -0.101605729853 -0.0672538480233 0.184398270803 -4.81450978775 -0.05009818136  7.55703512244 0.536621903087  1.21811998026 0.163176070886 1776585354.2
 -0.125862384438 -0.0685306820253  -0.063486474991 0.156742868106  -4.48602110629 0.0878847303872   7.50911961487 0.864266653348  1.97792259699 0.305319038614 1776585354.22
 -0.107063807245  -0.029879872815 -0.0561819942774 0.124546706509 -4.33450380002 0.161150835104  7.64544653662  1.43562339259  2.24403277498 0.633717928593 1776585354.24
-0.0764844895923 0.00865224419675  -0.041689910933 0.0875373471807  -4.384319375 0.15995060022 7.93039763781 2.03288252271 1.90117570443 1.03558956905 1776585354.26
-0.0305570640302  0.0416701355107 -0.0172079835563 0.0544632817015   -4.6298600077 0.0850125663611   8.30763042144 2.33029201528 1.22273431206 1.30189989429 1776585354.28
0.0308511817372 0.0649726569957 0.0182769508342 0.0742111076825   -5.03492659385 -0.0535757846805    8.71025486575   2.9457651669 0.758440384708  1.76820733438 1776585354.3
 0.103752787487 0.0762506297739 0.0634120425068 0.143526605851 -5.53646173303 -0.23823485412  9.07194702163  4.08250325945 0.286268325236  2.62530487942 1776585354.32
 0.180364703093 0.0754566621854  0.114423494317 0.226534478704  -6.05260430547 -0.446047424292    9.3373050548   4.23759889803 -0.331907714062   2.95324043238 1776585354.34
 0.250406122115 0.0647640841552  0.165616750359 0.307126229079  -6.49437940767 -0.651019294426   9.47001774905   3.32285680382 -0.740642434989   2.59690658922 1776585354.36
0.303087591507 0.048102555683   0.2103349032 0.372043969839  -6.77959931486 -0.826527691152   9.45777719929   1.71773174179 -0.749052571347   1.66608168795 1776585354.38
 0.329336195105 0.0303449879182  0.242173494371 0.409916026857  -6.84691910982 -0.948128000658   9.31329696892 0.446721785044 -0.68773821109 0.991795640498 1776585354.4
 0.323742450042 0.0163039375388  0.256192077254 0.413169907891  -6.66767733452 -0.996729564299   9.07130173895 -1.15934287122 -0.54824436161 0.204691112235 1776585354.42
  0.285782171467 0.00974862382461   0.249863300175 0.379734320242  -6.25329214298 -0.961806883216   8.78193341293  -2.99404231424 -0.105364083582  -0.94220163755 1776585354.44
 0.220041452424 0.0126545700838  0.223558186508 0.313937321266  -5.65657283452 -0.843965598889   8.50161805774 -4.15746859252 0.417314399661 -1.91857628484 1776585354.46
 0.135408490805 0.0248426890891  0.180469299676 0.226984111138  -4.96622226105 -0.656035291322    8.2829409049 -3.90139435834 0.693989324361 -2.15513288194 1776585354.48
0.0434310429689 0.0440704505293  0.125998476889 0.140371208877  -4.29488105503 -0.422026257372   8.16533795937 -3.78092142299 0.879668731248 -2.39936342232 1776585354.5
-0.0437855413847  0.0665339514319  0.0667532082179 0.103922717126   -3.7621499606 -0.173742403181    8.1683220063  -4.2181521547  1.15540357215 -3.09160634136 1776585354.52
 -0.115685554078  0.0876544365673 0.00937729718616 0.145445458419   -3.4749900171 0.0545427117305   8.28849523758 -3.67158620354  1.10424773892  -3.2510516617 1776585354.54
  -0.16494785809   0.102974118392 -0.0405314718148 0.198630977328 -3.50859927743 0.232347456863  8.50084474389 -2.00678136173 0.588259706856 -2.44323711775 1776585354.56
 -0.188436392638   0.108980320782 -0.0791961530699 0.231639839081 -3.89113919166 0.338800143102  8.76394377422  -0.48696495892 0.0160578189689  -1.40574646762 1776585354.58
-0.187277077842  0.103710431266 -0.104990364014 0.23843559712 -4.59539161165 0.366604447197  9.02790495533  0.483431773526 -0.474944452556 -0.846893110523 1776585354.6
 -0.16611531213  0.087051118063 -0.118299022052 0.221735997751 -5.53950023306 0.323117222783  9.24344217048   1.51191409635  -1.17136124747 -0.436231785055 1776585354.62
-0.131782605565 0.0607158759333 -0.121002155134 0.188930130649 -6.59744585141 0.228199737091  9.37030082141   2.08887305107  -1.65950996212 0.0712742997251 1776585354.64
-0.0917176764945  0.0279457466613  -0.115760505229 0.150311647948 -7.61804074553 0.109331035851   9.3835992665   2.1215804463 -1.81206831412 0.419911636208 1776585354.66
 -0.0525174250162 -0.00698550316644   -0.105313675483 0.117889131936    -8.44937944061 -0.00480976828386     9.27717264593  1.63586426962 -1.51290506412 0.534668999116 1776585354.68
-0.0189281627543  -0.039372566965 -0.0919698416758 0.101818103265   -8.96432127563 -0.0906915985487    9.06366144573  1.29021259013 -1.26080285332 0.610055028785 1776585354.7
0.00655397141119 -0.0647103972925 -0.0773827726819 0.101086515258  -9.08213428277 -0.134658510257   8.77168952106 0.976848689023 -0.91971946479 0.676343303266 1776585354.72
 0.0234803936555 -0.0793009358538 -0.0626073176213 0.103728701589  -8.78211559179 -0.134959377685   8.44092325223  0.690491810368 -0.422877517777  0.763870448179 1776585354.75
 0.0328108428261 -0.0807908785405 -0.0483355807611 0.0996997784843  -8.10669447997 -0.100755722869   8.11603760988 0.413769265593 0.351094625745 0.899548118946 1776585354.76
 0.0361000334724 -0.0685928236594  -0.035171801736 0.0851189961856   -7.15375977499 -0.0485857053938    7.84062034641 0.0414430113367  0.769768779693  0.514838957543 1776585354.78
 0.0347847072595 -0.0441280211077 -0.0238146235605 0.0610278166195   -6.06010561858 0.00261149149075    7.65184634762  -0.1379648366   1.2603920562 0.438546673496 1776585354.81
 0.0297761166412 -0.0108200263694 -0.0150700659741 0.0350827162764  -4.97940712169 0.0365171106567   7.57642027607 -0.414683129375   2.18579490369  0.438803565815 1776585354.82
  0.0214387906104   0.0262183096934 -0.00969242904655 0.0352273286929  -4.05873732872 0.0432089639255   7.62793065525 -0.548449484146   1.97663885112  0.191856020501 1776585354.84
 0.00989855213174   0.0608196914366 -0.00811658979391 0.0621521940935  -3.41736009883 0.0208385977237    7.8055095978  -0.686132047549    1.59992906191 -0.0130160059935 1776585354.86
-0.00448592741178    0.086669807235  -0.0101842240099 0.0873813335306    -3.1306612618 -0.0250163227844    8.09363311035 -0.694107326476  0.851745481771 -0.155475390458 1776585354.88
-0.0207015182313  0.0983693191087  -0.014970800528 0.101632675196   -3.22097396387 -0.0839117788247    8.46301740656 -0.724896127316  0.129915904346 -0.237270156015 1776585354.9
-0.0368985683432  0.0924788016553 -0.0207934024575 0.101716265598 -3.65600028675 -0.14410991022   8.8727596418  -0.78145286628   -0.7857825214 -0.273846081973 1776585354.92
-0.0505548039421  0.0683506306758 -0.0254323468076 0.0887378227113  -4.35465910736 -0.196043039784    9.2739822222 -0.613856870361  -1.77702190634 -0.159908483969 1776585354.94
-0.0589776659628  0.0285631854315 -0.0265449631196 0.0707025863136  -5.19948172595 -0.234643950072   9.61514053069 -0.255053056442  -2.41098719156 0.0870851922549 1776585354.96
-0.0600259876348 -0.0211793788467 -0.0221985104275 0.0674126037553  -6.05404656721 -0.259913941287   9.84880404986 0.139710383731 -2.31000430575 0.345150381744 1776585354.98
-0.0528509402866 -0.0727375362066 -0.0114090680664 0.0906318812379  -6.78333554137 -0.275697379782   9.93919139577 0.472723746507 -2.09191762981 0.605041835505 1776585355
-0.0384254081553  -0.116767200193 0.00544819518604 0.123047851926 -7.27434415079 -0.28724682016  9.86919786974 0.875151904401 -1.88769166852 0.999223171291 1776585355.02
-0.0196614259296  -0.144326901914    0.02648576096 0.148048376618  -7.45392579056 -0.298576040783    9.6453158703   1.01655098436 -0.864745368513   1.16945155938 1776585355.04
-0.00100770064746   -0.148597172094   0.0484939420958 0.156313139035  -7.30089682352 -0.310638883619   9.29890967701 0.823952137646 0.460424040368  1.05223277235 1776585355.06
0.0124416973381 -0.126387692768 0.0674832374559 0.143814575247  -6.85003856648 -0.321011369236   8.88286356637 0.405703416082  1.64350440936  0.73308993734 1776585355.08
  0.016145809948 -0.0791083061336  0.0794896535173 0.113302322547   -6.1868326155 -0.325140826771    8.4636090468 -0.117586765611   2.60812748689  0.321490697569 1776585355.1
0.00732738018555 -0.0129498320289  0.0814661493968 0.0828137799373 -5.43338478255 -0.31861816168  8.10970937478 -0.806308447016   3.75367671555 -0.198389988441 1776585355.12
-0.014132203525  0.061847521115 0.0720398311011 0.0959925638246  -4.72768906477 -0.299569197899    7.8791841899  -1.48717521965    4.1067648263 -0.833297402097 1776585355.14
-0.0453759347502   0.132587907673  0.0519353080826 0.149451680958  -4.19975826919 -0.270262552457   7.80826301477  -1.8491029247  3.44535855427 -1.33097561846 1776585355.16
-0.0809481379593   0.186342944377  0.0239460346612 0.204572008188  -3.94887644585 -0.237356000448   7.90408467899  -1.5046873248  1.75547942485 -1.30811091896 1776585355.18
  -0.113798012575    0.212414159843 -0.00754792516174 0.241094865442  -4.02614147499 -0.210702748075   8.14304437017 -1.26189449884 0.412268677414 -1.38912824082 1776585355.2
 -0.136676869546   0.204549863011 -0.0374016888952 0.248837496087  -4.42557276456 -0.201122243372   8.47524874525 -0.829470248832  -1.39130534456  -1.47875591878 1776585355.22
 -0.143597053378   0.162430975046 -0.0606728057985 0.225133570923  -5.08551942306 -0.217838021842    8.8341883437  0.149480851778  -2.97103976735 -0.953803427593 1776585355.24
 -0.131016788532  0.0920516695727 -0.0735173826933 0.176192265172  -5.90018773993 -0.266309134166   9.14959600825   1.21463680045  -4.24514757942 -0.354579952096 1776585355.26
-0.0985052653425 0.00483547426721 -0.0738361185152 0.12320081781  -6.73915315576 -0.346956925362   9.36078385461  1.86524234151 -4.00263530427 0.271005992197 1776585355.28
-0.0487924235997 -0.0843941137046 -0.0615707872803 0.11529973493  -7.47110946951 -0.454939090849   9.42768327098   2.4286026605 -3.60289674637 0.768363543679 1776585355.3
 0.0127362456526  -0.160194270838 -0.0386414269411 0.165280295979  -7.98720673508 -0.580810484555   9.33736549176  3.34854864813 -3.27851506228   1.3891918951 1776585355.32
  0.0789301997069   -0.209445468278 -0.00858328380838 0.223988958141  -8.21941271658 -0.711757709964   9.10487220879   3.4480253175 -1.69774553828  1.67233333372 1776585355.34
 0.141943971947 -0.223813827143 0.0240258587542 0.266116444966  -8.15045681926 -0.833124708338    8.7684917732  3.05502878678 0.218248753387   1.6639166066 1776585355.36
 0.194309268558 -0.201202882136 0.0542577439249 0.284925594503  -7.81383126222 -0.930075580794    8.3808523658 2.14326068223 1.89853530637 1.30483541872 1776585355.38
 0.229886917888 -0.145912529742 0.0775662757658 0.283116563429  -7.28451580372 -0.989338674136    7.9980481893  1.13111217632  3.00514113418 0.814428238944 1776585355.4
 0.244620965049 -0.067534664411 0.0904833873484 0.269420843337 -6.66296052121 -1.00095853336  7.66925779631 0.179397690229  4.19207779785   0.3418954189 1776585355.42
 0.237034118815 0.0210997784025 0.0911873834379 0.254844095535  -6.05595995905 -0.959867639301   7.42893403679  -0.96929212407   4.65592150977 -0.284875470401 1776585355.44
0.208405483754 0.106423664722 0.079839638149 0.247251309181  -5.55823239124 -0.866974224541   7.29281289405  -1.92360682399   4.01620003925 -0.842084833716 1776585355.46
 0.162583914403  0.176540542155 0.0585958022372 0.247049712177   -5.2379118228 -0.729443751293   7.25798694911 -2.16499620933  2.45245711696 -1.02166068327 1776585355.48
 0.105430572118  0.223071238433 0.0312458262392 0.248701999611  -5.12805408963 -0.559966057004   7.30640261561  -2.7596389087  1.52609496955 -1.30448076353 1776585355.51
 0.0439490964141   0.242146226426 0.00251714735835 0.246115123629  -5.22495751379 -0.375013843575   7.41056285717 -3.48000139958 0.329630264338 -1.56578626678 1776585355.52
-0.0147684603695   0.234456647317 -0.0228363342945 0.236028653042   -5.4928480587 -0.192340751044   7.54001368896 -2.89426113712 -1.00450594859 -1.15949032422 1776585355.54
 -0.064601291259   0.204471840815 -0.0409699874351 0.218313078832  -5.87344687153 -0.028170093845   7.66731226188  -2.37741840797  -2.07160318872 -0.738223296436 1776585355.56
 -0.101273237542   0.159079266698 -0.0496973367784 0.195018735044 -6.29823582753 0.105360976912  7.77249969458  -1.35680196032  -2.29296470885 -0.184002836782 1776585355.58
 -0.122878731416   0.105984281459 -0.0488732884495 0.169471085659 -6.70094299752 0.201944685548  7.84551234678 -0.628383719336  -2.34011606409  0.205456103664 1776585355.6
 -0.129968845697  0.0522161326826 -0.0403150315685 0.145752280032 -7.02793354377 0.261621002839  7.88638175788 -0.0595568110649   -2.64602335005   0.555043512197 1776585355.62
 -0.125196095899 0.00302711460793 -0.0272764618403 0.128168760709 -7.24480216518 0.289928077004   7.9034622961 0.481188887182   -2.518285606 0.740291306683 1776585355.64
 -0.112607950843 -0.0386415175735  -0.013605936909 0.11982837307  -7.3384096578 0.295875185089  7.91026241487 0.781701692054 -2.06420814194 0.672545158362 1776585355.66
 -0.0967476831517  -0.0720954619649 -0.00280057487363 0.120688495934 -7.31466548744 0.289228658084  7.92168786478 0.756345262519 -1.46305959692 0.402180000758 1776585355.68
-0.0817506155192 -0.0983313481545 0.00280218218526 0.127906486906 -7.19325244135  0.27777264914  7.95055991984  0.510215198048 -0.919380734899  0.103317573427 1776585355.7
-0.0706096254347  -0.119194856112  0.0024923303706 0.138561699752 -7.00099180054  0.26520199465  8.00510931619  0.414127489934 -0.928900058829 -0.136297680544 1776585355.73
 -0.0647344083623   -0.136499197943 -0.00279819360122 0.151097334697 -6.76557066104 0.250136435533  8.08781189179  0.214006342187  -1.01883694526 -0.425565115534 1776585355.74
-0.0638602403279  -0.151327188426 -0.0109292478097 0.164613172953 -6.51096156208   0.2264681864  8.19554576751 -0.0426063380427   -0.74409004524   -0.45241389208 1776585355.76
-0.0662900669491  -0.163667692618 -0.0193168992288 0.177636227101 -6.25521945469 0.184939502281  8.32074668059 -0.133992945217 -0.511398418202 -0.360964662917 1776585355.78
-0.0693917608053   -0.17243882843 -0.0258306549047 0.187663498717 -6.01062919642  0.11556613617   8.4530991555 -0.0835946539164  -0.258510295927  -0.218068702968 1776585355.8
-0.0702298322148  -0.175851125852   -0.02959434475 0.191655088733  -5.78556634133 0.0103379104198   8.58132917608 0.0770244353768 0.0109173680145 -0.136161740064 1776585355.83
-0.0661937705608  -0.171985548425 -0.0314839766624 0.186954232139  -5.58705470365 -0.134423944622   8.69480071775  0.405774157836  0.452522622573 -0.126448343373 1776585355.84
-0.0554954158347  -0.159419185538 -0.0341859199054 0.172229193275  -5.42293159318 -0.316587601929   8.78478238594  0.791194252107    0.9425855615 -0.283360836945 1776585355.86
-0.0374423387338  -0.137732664964 -0.0417811063043 0.148720800737  -5.30276872307 -0.527949504788   8.84537129574   1.05192259404   1.26191287079 -0.604712710189 1776585355.88
-0.0124454563866  -0.107775368567 -0.0589338032561 0.123465025901   -5.2371658369 -0.755274241601   8.87410328213  1.24322860463  1.47619635737 -1.07381071597 1776585355.9
 0.0182241226471 -0.0716349036899  -0.089861758992 0.116356408513  -5.23559289092 -0.982452481803   8.87224850068  1.58688141035   1.8330193618 -1.90471883837 1776585355.92
0.0528639415623 -0.032335962593 -0.137324059632 0.150658913272 -5.30343862226 -1.19336492273  8.84473199346  1.90148253154  2.07786663349 -2.97320116831 1776585355.94
   0.08985594735 0.00664158635246  -0.201866903064 0.221062091947 -5.43918887943 -1.37488121017  8.79958625964  2.07198911246  2.04295793618 -3.96790872185 1776585355.96
 0.128157058269 0.0419022027481 -0.281512179483 0.312136401877 -5.63263914904 -1.51935887356  8.74687963542  1.92425995492  1.58220001578 -4.20720248675 1776585355.98
 0.167657580278 0.0706130599212 -0.371972414375 0.414075772669 -5.86476657976 -1.62606126059  8.69717666956  1.79950210676  1.08498243042 -4.12040174904 1776585356
  0.20932013337 0.0908382446414 -0.467354960854 0.52008380513 -6.10945048027 -1.70110035496  8.65973944868  2.13739911532 0.760266393529 -4.62854982202 1776585356.03
  0.25504457285  0.101696348582 -0.561209438951 0.624776692766  -6.3367757777 -1.75581610966  8.64080980396    2.648904578 0.338584511398 -4.87807660001 1776585356.04
  0.30725176572  0.103355922388 -0.647700454661 0.724294120644  -6.5173049009 -1.80386701024  8.64236120883   3.06098899982 -0.129372112001  -4.36604141537 1776585356.06
 0.368239681935 0.0969121790431 -0.722665273753 0.816846088126 -6.62653071203 -1.85762891656  8.66164570616   3.26817904154 -0.473790769353  -3.37856909158 1776585356.08
 0.439429663062 0.0841939771958 -0.784342955844 0.902984455545 -6.64873287145 -1.92468605696  8.69169697791    3.4635019376 -0.667456277268  -2.52124650147 1776585356.1
  0.52067144181 0.0675368425147 -0.833627544952 0.985187727855 -6.57960768035 -2.00519805923  8.72272973957   4.14455963106 -0.843129538222  -2.17601436254 1776585356.12
 0.609792907327  0.049536909557 -0.873788614579 1.0666807574 -6.42725966772 -2.09074636345  8.74415468361   4.88161238286 -0.932720872799  -2.04182016073 1776585356.14
 0.702551279393  0.032785390013 -0.909701983084 1.14987428878 -6.21137439323   -2.164953518  8.74676120474   5.07181925691 -0.828937747111  -2.01845554256 1776585356.16
 0.793065302946 0.0195828833907 -0.946726383848 1.23516270585 -5.96061141215 -2.20580337421   8.7245518855  4.44611525903 -0.54590407357 -2.05928343636 1776585356.18
 0.874696964018 0.0116489540438 -0.989433779571 1.32068530739 -5.70847315323 -2.18924646393    8.675773154   3.34219872741 -0.219151597066  -2.11388020726 1776585356.2
  0.941231748623 0.00986744877708   -1.04043897919 1.40304235167 -5.48813813624 -2.09342126106  8.60287924987   2.61661935282 0.0572085518305  -2.54099789033 1776585356.22
0.988109896234 0.014128561788 -1.09956902763 1.47838182815  -5.3269887041 -1.90270727647  8.51145628481  1.90139323863 0.354636799312  -3.2431518466 1776585356.24
 1.01341598901 0.023330833126 -1.16356156516 1.54318884472 -5.24176213909 -1.61086929984  8.40844441297  0.82681562807 0.586410971122 -3.46649036558 1776585356.26
  1.01835862825 0.0355821818131  -1.22638924551 1.594475139 -5.23532375366 -1.22273895289  8.30023161119 -0.159105389908   0.63313366216  -2.92317283191 1776585356.28
   1.0070681289 0.0485910956533  -1.28018798635 1.6295485851 -5.29591946041 -0.75416548875   8.1912647289 -0.754012739014  0.567779410406    -2.083215284 1776585356.3
 0.985692324418 0.0601802472953  -1.31664096128 1.64582940838  -5.39937806771 -0.230288433359   8.08368627753 -1.10697976154 0.485150859477 -1.16105263078 1776585356.32
 0.960945995586 0.0688048280027  -1.32856305703 1.64110667152 -5.51413729317 0.317529466517  7.97817491171 -1.21948033585 0.354900069638 0.136040386003 1776585356.34
 0.938423877715 0.0739365781959  -1.31136788098 1.61424648401 -5.60827503909 0.855577357978  7.87572733118  -1.0891481141 0.201864226322  1.76091374401 1776585356.36
 0.921075780781 0.0761944290687   -1.2641016598 1.56593077474 -5.65711098326  1.35187461851  7.77970963017 -0.753335823459 0.0805221405728   3.03345162106 1776585356.38
 0.908234076208 0.0771634889111  -1.18980283725 1.49882425012 -5.64959915908  1.77988214754   7.6972892123 -0.582360518919 0.0622373082955     3.844597294 1776585356.4
 0.895473491217 0.0789305650821  -1.09508180015 1.41679460635 -5.59182138106  2.12137927769   7.6394566138 -0.80331222082 0.153782599706  4.91236355546 1776585356.42
 0.875394317825 0.0834501895075 -0.988983245481 1.32339223424 -5.50646869034  2.36816924836  7.61927369683 -1.48342073898 0.342187767691  5.63384116651 1776585356.44
 0.839198129607 0.0919118723131 -0.881355214986 1.22044594636 -5.42816060631    2.522409942  7.64861530293 -2.62402536771 0.565607634143  5.64382917947 1776585356.46
 0.778725322977  0.104287153259 -0.781064792943 1.1078588131 -5.39554860553  2.59550020189  7.73427977297  -3.8258655538 0.692514176231    4.745251208 1776585356.48
 0.688498776419  0.119189735835 -0.694441619172 0.985132438151 -5.44205614671  2.60559819853  7.87469513046 -4.67536335141 0.659201790765  3.46703426895 1776585356.5
 0.567303638679  0.134096505479 -0.624284202951 0.854134683346 -5.58753513385  2.57402820977  8.05839409426 -6.38373849033  0.63201477926  2.95557654521 1776585356.53
 0.418937026955  0.145877390701 -0.569638514313 0.721994794068 -5.83291975645  2.52105534373   8.2649680194 -8.27676908197 0.456732415145  2.56960691162 1776585356.54
  0.25195672859  0.151498121306 -0.526381556194 0.602919079597 -6.15918085724  2.46174110873  8.46847972658  -8.82295961725 0.0735823691632   2.10387742176 1776585356.56
0.0784909712248  0.148716667819 -0.488457504646 0.516592889708 -6.53076009128   2.4027459243  8.64255868622  -8.84650534375 -0.388053604476   2.00370696999 1776585356.58
-0.0876219492666   0.136602439358  -0.449468002509 0.477869561399 -6.9025322448 2.34090039528 8.76587319543  -7.1676639396 -0.75841014717  1.93790132636 1776585356.6
 -0.23296708212  0.115761307458 -0.404249458654 0.480720258028 -7.2285319855 2.26405300723 8.82654766444 -6.16318116991 -1.15145824034  2.36547685045 1776585356.63
-0.346536145401 0.0882298738829  -0.35009472103 0.500437932622 -7.47038989535  2.15415777265  8.82440151928 -4.84130540829 -1.50911522157  3.00570365984 1776585356.64
-0.421205647707 0.0570842233549 -0.287382354063 0.513090073616 -7.60367614922  1.99195311022  8.77051461378 -2.74187182275 -1.58391395073  3.31630658734 1776585356.66
-0.454485764624 0.0258699537567 -0.219529159809 0.505390558637 -7.62101344266    1.762121735  8.68436010837 -0.733803432257  -1.59041066679    3.6344426107 1776585356.68
  -0.448471799877 -0.00201113835686   -0.152336290059 0.473642634517 -7.53166562527   1.4576830981   8.5893584523  1.07952565316 -1.18153410318  3.01005595919 1776585356.7
 -0.409077936809 -0.0238286309475 -0.0929179002195 0.420174128449 -7.35809433759  1.08260023436  8.50802170224   2.29083586293 -0.791999643571   2.29421946283 1776585356.73
 -0.344750444984 -0.0378702225608 -0.0484617371255 0.350193607935 -7.13052141295 0.652084696704  8.45781251873   3.72008899854 -0.509264948893   1.75098638009 1776585356.75
 -0.264930945027 -0.0435617637925 -0.0250702171556 0.269656352949 -6.88076419678 0.190669659277  8.44849917485  4.70303168343 -0.09892044858  0.61074643463 1776585356.76
 -0.178561792024 -0.0413657244426 -0.0268800991304 0.185251117295  -6.63655645838 -0.271397494826    8.4813029367   4.60948360824  0.296226832636 -0.817406526074 1776585356.78
 -0.092892296306 -0.0325057609225 -0.0555780844468 0.113024451677  -6.41732459108 -0.702631452214   8.54968575321  3.85378796393 0.529308852556 -1.93989024306 1776585356.8
-0.0127616883382 -0.0185934641477   -0.11033928434 0.112620314628 -6.23205295784 -1.07481298477  8.64133822641  3.60606407434 0.739307180661 -3.13501853147 1776585356.83
  0.0595805414436 -0.00124612119344   -0.188134013026 0.197346904192 -6.07949966046 -1.36680924219  8.74082868003  3.54910392693 0.954076788537 -4.50840197405 1776585356.84
 0.124176069798 0.0182184013829 -0.284290363771 0.310761351189 -5.95063384608 -1.56719401457  8.83241099013  3.22169975111   1.0513195205 -5.36391411242 1776585356.86
 0.182732879184 0.0389415023171 -0.393174399598 0.435308918168  -5.8327714449 -1.67535087651  8.90258055876  3.05538317211  1.13635762896 -6.03506576052 1776585356.88
 0.237868296789 0.0605027965689 -0.508857963873 0.564958708586 -5.71452724023 -1.70093316622  8.94205787686  2.53339428908  1.01147559677 -5.37109357201 1776585356.9
  0.29239903612 0.0827264914959 -0.625679538307 0.695568654681 -5.59045192378 -1.66175457941  8.94695765219  2.62399148861  1.06135472224 -5.43576845727 1776585356.93
 0.348796785239  0.105371263391 -0.738653518144 0.823633001044 -5.46417453105 -1.58040573908   8.9189914692  3.01438813061  1.16676386045 -5.64454334898 1776585356.94
 0.408847031882  0.127799424108 -0.843732334263 0.946241428052 -5.34909329094 -1.48012069181  8.86467775714  3.26398769234  1.13533803136 -5.21762034163 1776585356.96
 0.473476902871  0.148739711021 -0.937959881793 1.06116568878 -5.26615934822 -1.38060636918  8.79369473852  3.52246925418  1.01191470618 -4.62793092976 1776585356.98
0.542678564584 0.166245777027 -1.01956441252 1.16689728516 -5.23899864149 -1.29463491823  8.71668033093  3.37164432759 0.692653235344 -3.56353809392 1776585357
0.615459143395 0.177907810828  -1.0880228996 1.26263018196 -5.28735461254 -1.22613152774  8.64291046276  3.49863961138 0.358172255949 -2.96158840484 1776585357.02
0.689790952342 0.181306366757 -1.14409462717 1.34819734182 -5.42040063346 -1.17025188961  8.57833005202    3.69990844364 -0.0825991757643   -2.55889338044 1776585357.04
0.762597030513 0.174623008411 -1.18978492185 1.42395069657 -5.63167929652 -1.11556030829  8.52434754964   3.70844096463 -0.636568395364  -2.22622766067 1776585357.06
0.829858005358 0.157263309302 -1.22817878835 1.49057679898 -5.89718012494 -1.04795554787  8.47764553294  3.25696116684 -1.16037608207 -1.92017988092 1776585357.08
0.886939633654 0.130322761869  -1.2630925705 1.54888630237  -6.17740489549 -0.955536922197   8.43104694974  2.27237975641 -1.38430940549 -1.60929150249 1776585357.1
 0.929200504531 0.0967449229784  -1.29853280348 1.59967515435  -6.42335334153 -0.833264893438   8.37526442158  1.57250396164 -1.65195783119 -1.78750014989 1776585357.13
 0.952850667754 0.0610814425474  -1.33801510565 1.64375781689  -6.58542680686 -0.686157779762   8.30119828959 0.734636863838 -1.86664812717 -2.34602713821 1776585357.14
0.955920326816 0.028852187558 -1.38386125797 1.6821676793  -6.62352749175 -0.529961692308   8.20236664002 -0.345057072033  -1.39264536136   -2.4754380344 1776585357.16
  0.939103928947 0.00559980317484   -1.43663415406 1.71635230642  -6.51629322664 -0.388751869409   8.07704953537 -1.21707067762 -0.80890190035 -2.71782784948 1776585357.18
   0.906210626505 -0.00418637937725    -1.49486747181 1.74810296712  -6.26751265766 -0.289692144584   7.92978960575   -1.91739778461 -0.0933742086076    -3.0269291381 1776585357.2
  0.864003520666 0.00194253328252   -1.55519255437 1.77908115001  -5.90826273008 -0.256019474476   7.77198033485 -2.08615830266 0.685825577262 -2.90075847209 1776585357.22
 0.821345849361 0.0237129582232  -1.61287012816 1.81011639376   -5.4940688101 -0.299991866386   7.62136547577 -1.96039758371  1.43918512426 -2.76235359422 1776585357.24
  0.78775921023 0.0579157084698   -1.6626267538 1.84071902393  -5.09725115438 -0.417801226906   7.50036312079 -1.22719530541  1.85375571614 -2.14328193165 1776585357.26
 0.771679933705 0.0987364484859  -1.69961105618 1.86920211551  -4.79545701516 -0.588152819025   7.43323774607 -0.22267847979  2.00819233586  -1.4343150114 1776585357.28
0.778812633153 0.138599066538 -1.72025338128 1.89341768097  -4.65809499136 -0.775356773086   7.44230749263   1.02160650171   1.83661863202 -0.603982883019 1776585357.3
0.810981653441 0.169392097816  -1.7228465837 1.91169696239  -4.73291934671 -0.936564445815   7.54360834987  2.15003161797  1.11944150743 0.309112756296 1776585357.32
0.865766240558 0.183872576256 -1.70775195152 1.92348044844 -5.03527378778 -1.03156204603  7.74270801083  3.21604612746 0.194126438091  1.16383410985 1776585357.34
0.937008706702 0.176999321712  -1.6772394694 1.92936422534 -5.54237962497 -1.03268726363  8.03157582638    3.7103963523 -0.911641514597   1.79457141575 1776585357.36
 1.01606709416 0.146943772751 -1.63505739546 1.93064691195  -6.19442361803 -0.932239753303   8.38744445658  3.88207111212 -2.02003913703  2.26658142769 1776585357.38
  1.09350758615 0.0955649913622  -1.58586621956 1.92869468161 -6.90302938354  -0.7452953461  8.77434449712  3.74194439534 -3.06862268023  2.59488021845 1776585357.4
  1.16084236811 0.0282192161435  -1.53466186448 1.92445794083  -7.56612049734 -0.506975716012   9.14745142394  2.99040548303 -3.60250009654   2.5149922082 1776585357.42
   1.21193303446 -0.0471005071415   -1.48626799402 1.91833070346  -8.08654906274 -0.264671393593   9.45967907605  2.15997871199 -3.88982880275  2.33692680502 1776585357.44
  1.24378592473 -0.121150883551  -1.44492347044 1.91036247832   -8.39065319336 -0.0670776889274    9.66930962782  1.10819106914 -3.42092642869  1.79300966682 1776585357.46
  1.25662815571 -0.185071950665  -1.41395304159 1.90069175629  -8.44257250236 0.0472061594095   9.74709976329 0.221141296023 -2.56815338382  1.14593183835 1776585357.48
  1.25332336228 -0.231910849938   -1.3955014333 1.88998051395  -8.25091669922 0.0586201629029   9.68137753302 -0.451491989274  -1.79087799738  0.582496643824 1776585357.5
  1.23831962025 -0.257694176738  -1.39033211207 1.87959175154 -7.86611643752 -0.02910277586  9.48010657215 -0.985877995619 -0.798466864622 -0.059390181991 1776585357.52
  1.21639322529 -0.261820728058  -1.39772613815 1.87130995013  -7.3690152035 -0.19033651294  9.16956530103  -1.18795206792   0.27806307655 -0.639050912001 1776585357.54
  1.19146122516 -0.246726066278  -1.41553927398 1.86660253911  -6.85334489932 -0.384102484732   8.78995532493 -1.23382806899  1.09193539934 -1.04026129399 1776585357.56
 1.16570109898 -0.21695829659 -1.44046552643 1.86570921836  -6.40609895736 -0.563991885248   8.38877510736 -1.33535988858  1.75608093273  -1.3522909029 1776585357.58
  1.13915641606 -0.177942003846  -1.46850725521 1.86704425646  -6.09017036469 -0.689000725435   8.01313403902 -1.36909676207  2.01782228526 -1.35299703177 1776585357.6
  1.10992799594 -0.134757963245  -1.49558277231 1.86731563847  -5.93296288376 -0.732746680707    7.7023498447 -1.59484797791  2.15380866359 -1.23286336912 1776585357.62
   1.07494505274 -0.0912259076783   -1.51814448636 1.86241555892  -5.92325140279 -0.689045851134   7.48216192929  -1.99233634124   2.15780047259 -0.963470056312 1776585357.64
   1.03117941319 -0.0494692870436   -1.53366464628 1.84875780994  -6.01671845744 -0.572726730872    7.3616632588  -2.30733076257   1.91400642271 -0.535811025125 1776585357.66
  0.977029230606 -0.0100015268998   -1.54088261211 1.82455621243  -6.14871291522 -0.415627698828   7.33357258682  -2.93782692967   1.92798714673 -0.152734288431 1776585357.68
  0.91350044556 0.0277590665843  -1.53978264228 1.79058208839  -6.25122597471 -0.258750064481   7.37777755693 -3.31153659739  1.87170838222  0.23868238474 1776585357.7
 0.844803963059 0.0647333082232  -1.53135234081 1.75012117549  -6.27016525453 -0.142339929613   7.46731583095 -3.41176827472  1.85576333879 0.568344934528 1776585357.72
0.778093809779  0.10141080676  -1.5172261058 1.70812446404  -6.17893795065 -0.096112138168   7.57533481815 -3.21616601367  1.90421589475 0.840701975914 1776585357.74
0.722286427492 0.137273045793 -1.49932640254 1.66988659309  -5.98518531829 -0.131824217298   7.68128998868 -2.16083851044   1.6252771519 0.884905618647 1776585357.76
0.686169520215 0.170551766074 -1.47958131192 1.63984065505 -5.72910100154 -0.23993790129  7.77483231495  -1.1268116921  1.49540105859 0.968829768284 1776585357.78
0.676246315253 0.198373257178 -1.45974123353 1.62095820333  -5.47376736834 -0.391233926523   7.85647550064 0.227212921982  1.21758025921 0.998971105076 1776585357.8
 0.69488332221  0.21724696809 -1.44126995034 1.61471921596  -5.28986801837 -0.543132716787   7.93504624554  1.62121844915 0.653493062468 0.886578923047 1776585357.82
 0.73928642406  0.22378394368 -1.42526714288 1.62111384512  -5.23848412145 -0.649365448367   8.02282941728    2.73421696093 -0.0450607690079   0.739633597316 1776585357.84
0.801628046651  0.21548778093 -1.41239441279 1.63826142181  -5.35610547809 -0.670814436171   8.12994651797   3.09460199024 -0.763471448054  0.530242454046 1776585357.86
0.870348887282 0.191449430584 -1.40281033508 1.66193769626 -5.64538300043 -0.58502185473  8.25966576563  3.23857946406  -1.5531900191 0.402452299507 1776585357.88
0.932352472068 0.152793666098 -1.39614952944 1.68578187946  -6.07368950461 -0.392143886909   8.40600174431  2.77135440034 -2.33541612293 0.295512757948 1776585357.9
0.975586647361 0.102765730802 -1.39158870975 1.70260072802  -6.57963139194 -0.115938363911   8.55424317522  1.53649523679 -2.76734948391 0.211366630212 1776585357.92
 0.991419728155 0.0464088646781  -1.38802399376 1.70636381447  -7.0857673597 0.200479629842  8.68417960278 0.0176690078053  -2.85707367332  0.183287498126 1776585357.94
  0.976284876444 -0.0101377187652   -1.38434570759 1.69400353348 -7.51441718021 0.503174649158  8.77504353528 -1.46029496044 -2.64142342381 0.204105225091 1776585357.96
  0.932257001197 -0.0606063733648   -1.37975482757 1.66628317911 -7.80290155749 0.738309178133  8.81075457137  -2.7038976775 -2.20424509876 0.253870889678 1776585357.98
  0.866483901593 -0.0996485988065   -1.37403641541 1.62748280048 -7.91492463112 0.863029586634   8.7840474414 -3.66089199866  -1.6207183831 0.309383445869 1776585358
  0.78964792425 -0.123741028168  -1.36770287749 1.58412968138 -7.84593447279 0.853983034201  8.69845618165   -4.0044765918 -0.841941421308   0.31712433345 1776585358.02
 0.713826445154 -0.131744837329  -1.36194709662 1.54330968699 -7.62183164954 0.711736534885  8.56776418442   -3.52152906956 -0.0314439724515   0.235077920509 1776585358.04
 0.65021421233 -0.12498604126 -1.35839504944 1.51117078544 -7.29191676185 0.460320658773  8.41320097079 -2.67791942959 0.625366869074 0.081419322842 1776585358.06
0.607161803873 -0.10683574857 -1.35870407042 1.49202415672 -6.91809240748 0.142158221751  8.25917161286  -1.42807660727   1.00362126401 -0.132821915486 1776585358.08
  0.588888998411 -0.0818880110868   -1.36409875773 1.4880394214  -6.56284023148 -0.190475323057   8.12853432296 -0.302495015349   1.29966803279 -0.406926830378 1776585358.1
  0.595079395822 -0.0549237543036   -1.37495774656 1.49921476478 -6.27837220578 -0.48573138948  8.03840339589  0.852907717319   1.36473677889 -0.694388197396 1776585358.12
  0.621385802765 -0.0298899071915   -1.39055577874 1.52337096474  -6.09877752541 -0.702251692795   7.99723559108   1.56433318112   1.09208874173 -0.812222537756 1776585358.14
   0.660704271976 -0.00910986421307    -1.40903105274 1.55627170899 -6.03619285039 -0.81715886042  8.00365713715   2.01811261291  0.893833492057 -0.894794331997 1776585358.16
  0.704933169859 0.00711369429452   -1.42759915781 1.59217484404  -6.08121536615 -0.830484462922   8.04717056404   2.13679689702  0.732615804287 -0.842278475347 1776585358.18
 0.746842939117 0.0204233820191  -1.44298502624 1.62492992963  -6.20706904849 -0.765121160239   8.11057453913  1.93050032196 0.673249067608 -0.61402947433 1776585358.2
 0.781658321915 0.0338710775989  -1.45200293762 1.64937852326  -6.37647203891 -0.662117995049   8.17365343141   1.44811160913   0.72453276238 -0.217838322895 1776585358.22
 0.808006546715 0.0510253309925    -1.452185821 1.66262497956  -6.54976946202 -0.571958685852   8.21747217985  1.09253202293 0.967197739866 0.227548431664 1776585358.24
 0.828010204949 0.0749055146387  -1.44234894299 1.66480695847 -6.6927391032 -0.5432693663  8.2284825532 0.968870453374  1.40881386797 0.735656699822 1776585358.26
0.846485517811 0.106976782413 -1.42296900177 1.65916320591  -6.78259691426 -0.611052173247   8.20164597357 1.08803201192 1.88002948368 1.21092522671 1776585358.28
0.869412866574 0.146445895532 -1.39626985077 1.6513311688   -6.8111343783 -0.786871924186   8.14192615666 1.39270416552 2.08286992219 1.42998002262 1776585358.3
0.902031592589  0.19004916154 -1.36593623112 1.64789607236 -6.78454335306 -1.05329202882  8.06378839781 1.77840539732 1.97007560576  1.3710811232 1776585358.32
0.947025689288 0.232423552232 -1.33643339486 1.65436772898 -6.72018717056 -1.36419316524  7.98870931039 2.50369880946 1.90354613168 1.33400660974 1776585358.35
 1.00327063441 0.267020555109 -1.31199461863 1.67307555778 -6.64119559711  -1.6514718769  7.94107785323 3.10250252057 1.43959774922 1.07360842829 1776585358.36
 1.06548846194 0.287391675462  -1.2954398323 1.70177084144 -6.57016759114  -1.8372174408  7.94318923565   3.2334448815 0.572959351129 0.662147173902 1776585358.38
 1.12493000952  0.28857832992 -1.28708112409 1.73358668627 -6.52340112007 -1.84913703317  8.01025270646   2.77137229548 -0.501767595852  0.300207792233 1776585358.4
 1.17093107227 0.268300885974 -1.28401780384 1.75834202077 -6.50693446448  -1.6361016817  8.14641866101  1.51450286282 -1.35601948061 0.155631132515 1776585358.42
 1.19295673501  0.22767018162 -1.28009066102 1.76454288235 -6.51530562109 -1.18048458576  8.34274290646 0.278983462818 -2.31463831865 0.414411518099 1776585358.45
 1.18263050065 0.171234396958 -1.26663907527 1.74135311375 -6.53335467467  -0.5045377994  8.57771403035  -1.5623509213 -3.28725993244  1.24823877243 1776585358.46
 1.13527686358 0.106309015138 -1.23400738298 1.68015754765 -6.54068225129 0.330726682553  8.82047998655 -3.43702327728 -3.37394921009  2.42501527193 1776585358.48
  1.05066869781 0.0416942732698  -1.17353252306 1.57569721319 -6.51767588699  1.23410886893  9.03629912446 -5.37262847325 -3.19310721878  4.09968031921 1776585358.5
  0.932902030358 -0.0139681534923   -1.07958164425 1.4268839596 -6.45152339554  2.09863508071  9.19315591922 -6.03782749514 -2.20909828077  5.14192533669 1776585358.52
  0.789542228638 -0.0538457259377  -0.951152402238 1.2373225874 -6.34053601512  2.81899896177  9.26810114895 -7.15580907503 -1.42440851647  6.78659265082 1776585358.55
  0.63033253901 -0.074196501647 -0.792623752447 1.01541944217 -6.19548959919  3.30863852318  9.25184913392  -8.72245634363 -0.569371630349   9.09891731131 1776585358.56
  0.465797016988 -0.0749786879972  -0.613434356461 0.773880077516 -6.03748170001  3.51322903709  9.15054609724 -8.51317700531 0.381957974409  9.60476987176 1776585358.58
  0.306012934578 -0.0596453582732  -0.426718619319 0.528479200126 -5.89276620174  3.41822041188  8.98433128099 -8.10829480016  1.08058904889  9.70219208072 1776585358.6
 0.159710775054 -0.034186702851 -0.247178863081 0.296266185505 -5.78586649694  3.04934606808  8.78313348827 -6.24800578701  1.23852224711  7.75765510822 1776585358.62
  0.0337334351037 -0.00567226205239  -0.0886506786092 0.09502137664 -5.73273280781  2.46645896111  8.58081330666 -5.39206936635  1.27186425276  6.77931428005 1776585358.65
-0.0672063859159  0.0193377987394  0.0381184217337 0.0796471144702 -5.73568798792  1.75229051236  8.40906905026 -4.71284883749  1.13034392999  5.83146731408 1776585358.66
-0.140568657226 0.0361328793478   0.12702289575 0.192872881476 -5.78144684448 0.998537004652  8.29241224659 -3.02936345688 0.595064131749  3.54947045259 1776585358.68
-0.185912135807  0.042655414799  0.177204588775 0.260354129859 -5.84275644736 0.291930858965  8.24507912831   -1.7160249754 0.0936741836865   1.75501613124 1776585358.7
-0.204745958083 0.0396361828283  0.192658419636 0.283917595434 -5.88338823603 -0.29734324202  8.27016118093 -0.340076712044 -0.296576416081 0.0899111868303 1776585358.72
-0.200307429922 0.0301014686282  0.181010488834 0.271650440757 -5.86549769321  -0.7232512652  8.36070008245  0.650687569807 -0.501724798557 -0.966728192188 1776585358.74
-0.177246394553  0.018432130972  0.151802247533 0.234093891826  -5.75788546985 -0.966839395462   8.50213426123   1.55543912447 -0.549160351367  -1.74554586199 1776585358.76
 -0.141202060435 0.00923384033966   0.114681224317 0.182140245112 -5.54351674773 -1.03472930321  8.67535713258   1.98241202423 -0.304902476451   -1.8561571354 1776585358.78
-0.0982822578387 0.00628714771894   0.077867140194 0.125547687969  -5.22479529243 -0.954142777922   8.85972476719   2.29340488328 0.0677125623571  -1.78591176825 1776585358.8
-0.0544849410625  0.0117941550908  0.0471531898532 0.073014616415  -4.82550421385 -0.765827620416   9.03555697955  1.97026065996 0.468149863543 -1.23951775491 1776585358.82
-0.0151253399498  0.0260459037828  0.0255519931365 0.0394977134238  -4.38893273315 -0.516336936296   9.18592009336   1.64197798535  0.836476280581 -0.786764596463 1776585358.84
0.0156581400127 0.0475272916429 0.0135436692817 0.051840638279  -3.97239135698 -0.250930667665   9.29768793566   1.32164504257   1.24179231446 -0.414226687002 1776585358.86
  0.035252659468  0.0733801050849 0.00976264643259 0.0819920672212    -3.63894878171 -0.00802036522762     9.36200876673   0.687988319775    1.33563131731 -0.0420024460457 1776585358.88
0.0427280425283  0.100079651206 0.0118910218643 0.109466974951 -3.44769302904 0.184338453509  9.37435318665 0.0921391893024   1.32461509279  0.202279504309 1776585358.9
0.0387846473724  0.124156810644 0.0175166625893 0.13124784177 -3.44406415738 0.309813795806  9.33430099866 -0.407681500978   1.01155211059  0.304585079492 1776585358.92
 0.025504990531  0.142814027323 0.0247586272109 0.1471711268 -3.65181623896 0.363286325929  9.24517546398 -0.780444999962  0.717162188468  0.357228018024 1776585358.94
0.0059489759932  0.154329983574 0.0325463210635 0.157836615397 -4.06796251708 0.348978975542  9.11358123041  -1.1094066094 0.408039863469 0.418359674464 1776585358.96
-0.0163476069944   0.158207416938   0.040541333865 0.164135403799 -4.66166364425 0.277875239221  8.94886530492    -1.116070036 0.0189854438621  0.413407460756 1776585358.98
-0.0379002970286   0.155075902633  0.0487886858176 0.166929038685 -5.37745691823  0.16506152275  8.76250299704  -1.02244286334 -0.306212294235  0.433633018126 1776585359
-0.0557556078763   0.146405080794  0.0572548451754 0.166797040706  -6.14253636274 0.0274848657094   8.56740856465 -0.706940112752 -0.494798114383  0.392858807645 1776585359.02
-0.067857451975  0.134108435216 0.0654363932548 0.163925677509  -6.87706702321 -0.117617682376   8.37717665155 -0.403968850064 -0.606789580929  0.345011181351 1776585359.04
-0.0732526250416   0.120123332309  0.0721982413342 0.158139647439  -7.50588960008 -0.253625161565   8.20526932337 -0.108713040926 -0.716701022706  0.267948410871 1776585359.06
-0.0721145524157   0.106043097207  0.0759290010256 0.14903308469  -7.96960161739 -0.365002937394     8.064170032  0.199460649658 -0.710325531816 0.0730214037666 1776585359.08
-0.065596107303 0.0928567008015 0.0750012487153 0.136199865954   -8.2330145925 -0.437685225845   7.96452891185  0.448502595349 -0.682830709429  -0.20325894312 1776585359.1
-0.0555518484495  0.0808269155915  0.0684228734395 0.119585483065    -8.289425705 -0.459701872374   7.91432693352  0.503147793026 -0.548684444523 -0.435073857422 1776585359.12
-0.0441903638626  0.0695136620124  0.0564916189431 0.0998811317291  -8.15994052116 -0.422233888455   7.91809632927  0.502375141377 -0.526999319943  -0.62558463407 1776585359.14
-0.033723829274 0.0579289847153 0.0412414461282 0.0787014663764  -7.88807330611 -0.321047944011   7.97625592178   0.47833055733 -0.652662401801 -0.791707488889 1776585359.16
-0.0260739662397  0.0447945814449  0.0265063139068 0.0582150403179   -7.5308060071 -0.158012464828   8.08464925425   0.28907087135 -0.760509162582 -0.620700342699 1776585359.18
-0.0226751476506  0.0288612907971  0.0175174353415 0.0406693615439  -7.14797894559 0.0577813574126   8.23439903614 0.0443179012645 -0.937166366806 -0.169617852949 1776585359.2
-0.0243926918701  0.0092415938805  0.0200715744302 0.0329131975692 -6.79215266327 0.309815833458  8.41219892354 -0.209225126959  -1.01710537307  0.516356412451 1776585359.22
-0.0315534019024 -0.0142985353397  0.0394284915368 0.0524849619352 -6.50086829208 0.575262180077  8.60114239576 -0.454722105236  -1.16431493556    1.3660106447 1776585359.24
 -0.044069652018 -0.0411412186609  0.0791822635916 0.0995216809011 -6.29261090029  0.82754146284   8.7821337709 -0.794200383713  -1.46449086413   2.66586581068 1776585359.26
-0.0616280108827  -0.069755559785   0.140378923562 0.168434236504 -6.16690954407  1.04008206274  8.93583854249 -1.04011063314 -1.47930530559  3.70567520325 1776585359.28
-0.0839064241141 -0.0977993725553   0.221111529413 0.25592052227 -6.10810094931  1.19064336872  9.04501559695 -1.30783399073 -1.40035198988  4.69226711605 1776585359.3
-0.110778300488 -0.122382809374  0.316721096415 0.357157719787 -6.09154933226  1.26530412828  9.09694898594 -1.39511473769 -1.01654580866  4.75305976487 1776585359.32
-0.142457746879 -0.140462603141  0.420591850918 0.465748277061 -6.09071111663  1.26115691337  9.08559075695  -1.56894751525 -0.614348787022   4.76108163788 1776585359.34
-0.179541026554 -0.149308055082  0.525386427322 0.574942408892 -6.08343231754  1.18695663723   9.0129760309  -2.11779161329 -0.171086305345   5.36646432613 1776585359.36
-0.222909818187 -0.146961943091  0.624456654201 0.679141158182 -6.05623647269  1.06140353606  8.88951117614  -2.4525055313 0.435767240269  4.90087084439 1776585359.38
-0.273484943991 -0.132615867799  0.713115669967 0.775187036614  -6.0059764312 0.909282086072  8.73288312304 -2.87820967908  1.06022564049  4.35977234014 1776585359.4
-0.331853206754 -0.106831241439  0.789478812096 0.863027380637 -5.93890367861 0.756178026131  8.56558313303 -2.99362974025  1.46991413512  3.40795473703 1776585359.42
 -0.397827912828 -0.0715617283906    0.85466798152 0.945434020877 -5.86777710673 0.622835698886  8.41134140158 -3.23472110053   1.7993517938  2.87529558718 1776585359.44
 -0.470035350553 -0.0299657928925   0.912306869275 1.02671076903 -5.80796834332 0.520338241612  8.29106305355 -3.89709980429  2.25505300384  2.97191363914 1776585359.46
-0.545634733642 0.0139665444282  0.967384906617 1.11074114197 -5.77358372447 0.447189290706  8.21906112799 -3.50214372417   2.0020024878  2.62016597245 1776585359.48
-0.620270935767 0.0559164663869   1.02470721581 1.19911949493 -5.77444805791 0.389071952779  8.20042426833 -3.74792421618  2.04408522177  3.14837824331 1776585359.51
-0.688326113758 0.0917891802513   1.08725030697 1.29008965677 -5.81446202778 0.321596474171  8.23019278749 -3.37252775778  1.70558706851  3.56056351584 1776585359.52
-0.74348230014 0.118228098747  1.15478824709 1.3785063328 -5.89144980039 0.215772576958  8.29465538694  -2.1245868316 0.960097762414  3.16487282804 1776585359.54
-0.779541479573  0.133009274114   1.22312850619 1.45650943287   -5.9982506309 0.0453297481374   8.37459015142 -1.20811173588 0.429515640906   3.2637293421 1776585359.56
-0.79138503837 0.135258787798  1.28419810851 1.51451312327  -6.12455735437 -0.205533589297    8.4497773948 0.0917988346659 -0.190277225304   2.62337311413 1776585359.58
-0.775904635711  0.125470958823   1.32706009142 1.54235516385  -6.25891543968 -0.535725425399   8.50374648539   1.53589162494 -0.783135563814    1.4540919384 1776585359.6
-0.732714861829  0.105343459764   1.33974358408 1.53064730894  -6.39037684192 -0.923898425926   8.52759893197   2.78489152475   -1.1994809327 -0.386963445162 1776585359.62
-0.664475218492 0.0774771823664   1.31157686315 1.47233280807 -6.50951630309 -1.32943063676   8.5219313455  3.52863875496 -1.36475694195 -2.35635031475 1776585359.64
-0.576709687305 0.0450059869601   1.23556662871 1.36427434788 -6.60879053545 -1.69813730109  8.49633855538  4.73268767831 -1.67359401066 -5.08386443739 1776585359.66
-0.477110928974 0.0112205911726   1.11030969467 1.20853148833 -6.68246017368 -1.97193818115  8.46659998721   5.3707051256 -1.74633601642 -7.82167755053 1776585359.68
 -0.374434192256 -0.0207658202759   0.940980785395 1.01295460022 -6.7264140409 -2.1005637104 8.45027202645  5.31659792146 -1.58253614497 -9.87159206419 1776585359.7
 -0.277192688813 -0.0482869822356   0.739111544607 0.790856051855 -6.73818720153 -2.05262749085  8.46184402786 4.78952383522 -1.2778563764 -11.048408153 1776585359.72
 -0.192427207296 -0.0693257177275   0.521129558902 0.559830601528 -6.71726758946 -1.82332419264  8.50873273191   3.61920189403 -0.816305855153   -10.289222639 1776585359.74
 -0.124813242766 -0.0826559502167   0.305903867365 0.340569416926 -6.66553163307 -1.43673754758  8.58915243831   2.90165773787 -0.464733221862   -10.227239247 1776585359.76
-0.0762856012766 -0.0879271061866   0.111774597502 0.16138224689  -6.58746657394 -0.942094971747   8.69237950544    2.09221789465 -0.0805271632563    -9.3774953693 1776585359.78
-0.0462255771058 -0.0856807029438 -0.0463326146474 0.107817892837  -6.48983109784 -0.404874926098    8.8012855641  1.16680348008 0.281270680875  -7.1552733806 1776585359.8
-0.0321102405429  -0.077278154582  -0.159125162511 0.17978820336 -6.38059828638   0.1050392698  8.89642956873 0.401713650524 0.532461709107 -4.51492420394 1776585359.82
 -0.030411714787 -0.0647198116551  -0.224067151792 0.235201222211 -6.26733649376 0.525353870152  8.96063161194 -0.116533428022  0.583355962069  -1.86547920965 1776585359.84
-0.0374890325899 -0.0503524006364  -0.245229423812 0.253136844646 -6.15547162594 0.810907799551   8.9828873767 -0.458548796816  0.652597304955 -0.182621708365 1776585359.86
-0.0502460659368 -0.0364919672126  -0.231966383273 0.240134824176 -6.04700393558 0.939045149356  8.96071726044 -0.756923960248  0.662685068613   1.26800414636 1776585359.88
-0.0664216803138 -0.0250219385967  -0.196761256326 0.209172008209 -5.94016230403 0.910311281322   8.9004920789 -0.859105491377   0.48765037296   1.98722786554 1776585359.9
-0.0845008753561  -0.017048056358   -0.15273034941 0.175378430237 -5.83020294213 0.745119526581  8.81580020448 -0.929282072335  0.310236584287   2.15039405392 1776585359.92
-0.103350543184 -0.012693406045 -0.111306463322 0.152419113338 -5.71120234426 0.477818099517   8.7243758362 -0.876680466044   0.14009957857   1.69876363071 1776585359.94
 -0.121758348766  -0.011094055413 -0.0805356978208 0.146404139911 -5.57838248104 0.149854213594  8.64438874766 -0.829975035044  0.049726972038   1.12489406002 1776585359.96
 -0.138069440485 -0.0106132643993 -0.0642507330951 0.15265637386 -5.43033980141 -0.19648522456  8.59095670913 -0.734928554711 0.0481149460235  0.476617073581 1776585359.98
  -0.150072073815 -0.00924038767381  -0.0621736343407 0.162703942517  -5.27057237947 -0.522817985185   8.57359692846 -0.453448031763  0.146163273172   -0.1734671751 1776585360
  -0.155195538892 -0.00509288185358  -0.0708023458559 0.170659206949  -5.10789054093 -0.797602223498   8.59503985104 -0.0231668097252   0.314776572577  -0.577301822297 1776585360.02
  -0.15097964541 0.00309114522089 -0.0847897278878 0.173186911925  -4.95558430753 -0.997513662387   8.65146998552  0.455989256178  0.483356499843 -0.646382108037 1776585360.04
 -0.135685527235  0.0155880680129 -0.0984585291807 0.168367550715 -4.82951609635 -1.10782126723   8.7339260018   1.00640361514  0.680063843005 -0.533560664802 1776585360.06
-0.108868042037 0.0315475004986 -0.107115855054 0.155952883168  -4.7455347554 -1.12234357794  8.83036995046   1.68441030074  0.883288487323 -0.249257697213 1776585360.08
-0.0717331759624  0.0491240631273  -0.107922147281 0.138585756791 -4.71672780325 -1.04335494527  8.92787506076  2.20970878845 0.928176444938 0.186941400559 1776585360.1
-0.0271568895618  0.0658698362799  -0.100203090184 0.122951174312  -4.75103819448 -0.881470672452   9.01448205748  2.33432151523 0.762588936435 0.573191474828 1776585360.12
 0.0206712062228  0.0793112327493 -0.0852322976777 0.118245993481 -4.84968807459 -0.65521720704  9.08047837541  2.17390222246 0.501730988567 0.799028595997 1776585360.14
 0.0669189853622  0.0875823039512 -0.0656250335074 0.128278819725  -5.00670210204 -0.389826019803   9.11907421966  2.00747741227 0.247756285603 0.946596386362 1776585360.16
  0.106955846757  0.0899602004102 -0.0445460471482 0.146685858656   -5.2096350222 -0.114865411034   9.12660321872    1.83529324057 -0.0111176565627    1.06269133525 1776585360.18
  0.137182343166  0.0871566695819 -0.0249403843877 0.164430237799 -5.44140713888  0.13935539978  9.10242416659   1.37390029833 -0.245298191663   1.00406430556 1776585360.2
   0.155659604485   0.0812645594582 -0.00895270406374 0.175823752669 -5.68295940668 0.346208963195   9.0486568166  0.640013239963 -0.300047633238  0.693202400918 1776585360.22
  0.162399387048  0.0753345480043 0.00237235583646 0.179037658354 -5.91628120073  0.48715806563  8.96979902554 0.0812164670127 -0.194644125404  0.407795470841 1776585360.24
  0.159254034349  0.0726501160715 0.00909526419435 0.175278665708 -6.12726726518 0.555081305775  8.87220350957 -0.315237907314 0.0126820468385  0.237614349489 1776585360.26
 0.149435735581  0.075856076765 0.0121438634471 0.168025762519 -6.30785302956 0.555552914813   8.7633791327 -0.598001469263  0.359211459763  0.101874592101 1776585360.28
 0.136774857911 0.0861530557761 0.0129247814249 0.162162760062 -6.45697113486 0.505551905158  8.65112748664 -0.661498462234   0.72523033293 0.0200783997352 1776585360.3
 0.124880213121  0.102777393662 0.0128891948783 0.162247932565 -6.58005557254 0.429715814258  8.54260164184  -0.530426596005    0.95661427197 0.00582651031757 1776585360.32
 0.116379574487  0.122935561312 0.0131488149296 0.169794725851 -6.68706659494 0.354890510133   8.4434391467 -0.282334583896   0.89293390025 0.0299464763214 1776585360.34
 0.112395386093  0.142262904571 0.0142134271839 0.181861151278 -6.78928919817 0.304163081399   8.3571457371 -0.0935332635833   0.762857398028  0.0637096865137 1776585360.36
 0.112356084754  0.155751147888 0.0158893936261 0.192703873027 -6.89543866634 0.291687172523  8.28488209298 0.0469047749976  0.441097156119 0.0827143995578 1776585360.38
 0.114171767298  0.158968169606 0.0173459932131 0.196486525941 -7.00784660356 0.319418156807  8.22574143335  0.065637254546  -0.17816584167 0.0397789959779 1776585360.4
 0.114730200281  0.149306845884 0.0173282096254 0.189092093788 -7.11964279136 0.376454553866  8.17751239593 -0.0936850630028  -0.841570811633 -0.0755548483154 1776585360.42
 0.110609491271  0.126968324263 0.0144730995391 0.169011495276 -7.21382752852 0.441150939137  8.13781049271 -0.350889636942  -1.19199840743 -0.213571077419 1776585360.44
 0.0988666039304  0.0954170195832 0.00767273677136 0.137614984244 -7.26489570339 0.485633566115  8.10534878501 -0.748828543677  -1.50028851613 -0.411424443183 1776585360.46
  0.0777505483316   0.0611349700715 -0.00358039537187 0.0989719736215 -7.24321893477 0.481892558632  8.08103201357  -1.38564916322  -1.68387869864 -0.713525396697 1776585360.48
 0.0472051937901  0.0326366633529 -0.0189297605582 0.0604302734593 -7.12176857341 0.408302839583  8.06853344023   -1.9185840763    -1.180877829 -0.934325634577 1776585360.5
0.00906527645795  0.0188595672179  -0.037029234556 0.0425326548044 -6.88408760903 0.255288456711  8.07407804127  -2.13532929614 -0.144747648925 -0.974983566723 1776585360.52
-0.0330965107451  0.0271932486266 -0.0555952259003 0.0701831955476  -6.53185660175 0.0289277504625   8.10531340986  -1.86127606609  0.950777053615 -0.771562469116 1776585360.54
-0.0744522128483  0.0615219717125 -0.0716500849701 0.12025730613  -6.09011944027 -0.248388904339   8.16937295999 -1.73476030703  2.11895120974 -0.59690602634 1776585360.56
-0.109653288239  0.120704770436 -0.081937309967 0.182502624618  -5.60837442051 -0.540617870072   8.27047120144  -1.57727089056   3.63061341995 -0.314258894079 1776585360.58
 -0.133692605343   0.197883433325 -0.0834532700423 0.252974335039  -5.15635114418 -0.803753411799    8.4075550015 -0.921274054375   4.45980087682  0.220744350223 1776585360.6
 -0.142742509048    0.28088657006 -0.0740088781262 0.323651051552  -4.81433073959 -0.993593896295   8.57261403039 -0.0299954236296    4.15462790518    0.81902980784 1776585360.62
 -0.134818281893    0.35379945787 -0.0527164929982 0.38226830127 -4.65915255452 -1.07407895393  8.75019708998 0.73334347253 2.66924651288 1.20837694784 1776585360.64
 -0.110147457076   0.399527059916 -0.0202999260565 0.414929416772 -4.74830763417 -1.02442651186  8.91848750823 1.47482161974 1.13890675918 1.70496670068 1776585360.66
-0.0711840250135   0.402939967004  0.0208478537338 0.409710160274  -5.10541499694 -0.843427219797   9.05198999685  2.30347077084 -1.19310656708   2.2856610987 1776585360.68
-0.0222808648981   0.354015647536  0.0668873107687 0.360967350301 -5.71060147752  -0.5498073849   9.1255308082  2.79780749928 -4.18300451585  2.52586741883 1776585360.7
0.030895861716 0.250320236276 0.113005823885 0.27637852882  -6.49867164019 -0.178461993221    9.1189474751  2.87648526918 -7.04946436049  2.40269380849 1776585360.72
0.0820825818912 0.0982499022489  0.154060852076 0.200313104125 -7.36648161554 0.226613748129  9.02161713853  1.93068069721 -6.91748220418  1.48068815093 1776585360.74
  0.125135618734 -0.0873336507915   0.185280691379 0.240031298448 -8.18888900101 0.620975831507  8.83589560716   1.5941176162 -8.41998017876   1.0728709139 1776585360.77
 0.154663645888 -0.285116490544  0.202909263054 0.382602176644  -8.8405238272 0.967775701178   8.5786359439  1.22881214227 -11.3732175518 0.576323407335 1776585360.78
0.166553606123 -0.47067603888   0.2047060818 0.539611542884 -9.21899780792  1.24315866446  8.28022531405  0.104204033155  -9.31295753459 -0.351525841965 1776585360.8
 0.158416582501 -0.620525190585  0.190248964191 0.668088313128 -9.26455389572  1.43778048282  7.98100262123 -0.972316116833  -6.52279731011  -1.16135906499 1776585360.82
  0.12997663081 -0.716053228511  0.161017613498 0.745354159091 -8.97180998495  1.55444228931  7.72544547926 -1.71318480847 -2.87737844709 -1.59780494443 1776585360.84
0.0833654108528 -0.746577337827  0.120252351712 0.760781270258 -8.39103801445  1.60308388355  7.55503985057 -2.38143565309 0.114377511483 -1.97229796598 1776585360.86
0.0232058830142 -0.710925156957 0.0725903958943 0.714998221939 -7.61883972447  1.59514666508  7.50112219715 -3.34495415563   3.4039131211 -2.54765708781 1776585360.88
-0.0436698344128  -0.617302938812  0.0234969918636 0.619291596366 -6.78043627006   1.5393301051  7.57907690005 -3.67143904564  6.37053964241 -2.61233599649 1776585360.9
  -0.10897560038  -0.481568937369 -0.0214605859814 0.494211371447 -6.00745207914  1.44004952205  7.78503034057 -3.23538616827  7.86579079642 -2.17215477824 1776585360.92
 -0.164174991548  -0.324333782545 -0.0574070607781 0.368023641872 -5.41569454273  1.29877477031  8.09567687575 -2.13169185205  7.20169667048 -1.36284270096 1776585360.94
 -0.201942952522   -0.16748851822 -0.0808968863891 0.274549933594 -5.08701079294   1.1173330667  8.47125967677  -1.18867038533   6.53531530016 -0.735881956049 1776585360.96
 -0.217564075382 -0.0308003516224 -0.0904591700325 0.237625019726 -5.05811671754 0.901581707678  8.86118091497 -0.208314607378   6.23203992533  -0.15522604251 1776585360.98
 -0.209910234906  0.0708645312255 -0.0868337226464 0.237958365881 -5.31773574932 0.663798557113  9.21133650864  1.00538838295  4.49061805746 0.494374366363 1776585361
 -0.181721005759   0.129294531521 -0.0728342450446 0.234615487696 -5.81181540488 0.422668467039  9.47207469676  1.9633838767 2.01274069397 0.94214512493 1776585361.02
-0.139084680222  0.143470544638 -0.052847525725 0.206691089373 -6.45525310675  0.20063702923  9.60562229196    2.1619276372 -0.245421223313  0.963618784139 1776585361.04
-0.0902281999478   0.118908302149 -0.0320538855282 0.152668804814  -7.14760002785 0.0193381508597   9.59187116679  2.08175369791 -1.69397758508 0.816517110114 1776585361.06
 -0.043902225181   0.066018084486 -0.0155145294143 0.0807867159748  -7.78971288117 -0.105525657786   9.43158031493  2.06889267125 -3.03633645546 0.620861676533 1776585361.08
-0.00773844048092 -0.00215484788872 -0.00729922760363 0.0108538267035  -8.29836182127 -0.168261431538   9.14636880866  1.58758095698 -3.85651803702 0.158870658627 1776585361.1
  0.0130625915952   -0.072359641958 -0.00981400880773 0.0741812904467  -8.61640993528 -0.174931314286   8.77537341751  0.669813051332  -3.62847536782 -0.446540854789 1776585361.12
 0.0164682603974  -0.133286090702 -0.0234369855651 0.136329299373  -8.71728177073 -0.142164791595   8.36906527871 -0.219998376778  -2.45846815423 -0.861373053803 1776585361.14
0.0036933017085 -0.177060872719 -0.046498160572 0.183101807916   -8.60380286315 -0.0932873711244    7.98131646296 -0.824876322196   -1.4543923878   -1.1384269148 1776585361.16
-0.0213065276156  -0.199889243997 -0.0755706621149 0.214757078945   -8.30275466055 -0.0527641956363    7.66119290016   -1.4313220374 -0.628285116791  -1.50866594009 1776585361.18
-0.0527551900596  -0.201839186974  -0.105996941891 0.23400324606   -7.85727188755 -0.0404030692926    7.44598571963 -1.74180370302  0.38600197797 -1.57859539104 1776585361.2
-0.0841888080414  -0.185953870808  -0.132560825752 0.243390570877   -7.31927977975 -0.0668134380367    7.35665750627 -1.49199962665   1.1764493011 -1.16057968877 1776585361.22
-0.109614966633 -0.157004963683 -0.150226377757 0.24338028701  -6.74354641972 -0.131290368964    7.3962809532 -0.945557849558   1.53975962413 -0.522933443417 1776585361.24
-0.124546818865  -0.12023432165 -0.154880510982 0.232284684975  -6.18388118847 -0.222677873832   7.55137245833 -0.390615508595    1.7436483589  0.141145433131 1776585361.26
 -0.126781991046 -0.0803739716072  -0.144023226466 0.208029657326  -5.69096115992 -0.323010302227   7.79546435472 0.198490565131  2.02898576852 0.962606214033 1776585361.28
 -0.116806247896 -0.0411096119928  -0.117341589625 0.170595276609  -5.31061570278 -0.413012487367   8.09394726258 0.775444282103  2.01110743759  1.78604724284 1776585361.3
 -0.0977202831697 -0.00500270611738  -0.0770866529139 0.124565777277  -5.08137916981 -0.478036234885   8.40918409504 1.08534775637  1.7336911242 2.29549373528 1776585361.32
-0.0746398950878  0.0262452345752 -0.0281604049379 0.0839817520827  -5.03071095894 -0.512854799299   8.70509592009 1.02708794078 1.31301403453 2.31142302558 1776585361.34
-0.0536145346675  0.0513814305152  0.0221716857352 0.0774993766281  -5.17022383716 -0.523977727023    8.9507403937 0.793835823087 0.992123185993  2.14895087308 1776585361.36
-0.0402305337691  0.0692494984124  0.0649873529455 0.103137504917  -5.49117031814 -0.528736981694   9.12273079968 0.409834008364 0.723869764376  1.82210067954 1776585361.38
-0.038176618313 0.0786486671182 0.0908078586887 0.126052109165  -5.96194486161 -0.551194768655   9.20658869412 -0.210149884768  0.245731224099   0.69329450934 1776585361.4
-0.0481087795355  0.0784616422975  0.0909780620963 0.129412873252  -6.52923715251 -0.615742253747   9.19723942003 -0.762448547251 -0.280392013369 -0.834271904596 1776585361.42
-0.0671284760646  0.0680015621889  0.0591287091971 0.112368363031  -7.12369734206 -0.739896134896   9.09884770458 -0.960404236494 -0.727188662503  -2.30943716084 1776585361.44
 -0.0890743557871   0.0474437630847 -0.00752985833503 0.10120202706  -7.66974573528 -0.928094011726   8.92409266546 -0.869864252739    -1.125452373  -3.75970904147 1776585361.46
-0.105642584909 0.0181710339697 -0.107336164823 0.151695730002 -8.09784704114 -1.16815044973  8.69286935443 -0.505165561879  -1.71073433167  -5.99901641669 1776585361.48
 -0.108138818359 -0.0171177056658  -0.233926969651 0.258280558722 -8.35661137602 -1.43147122431  8.43035406574 0.433259264167 -1.95168019944 -7.22286146328 1776585361.5
 -0.089484755777 -0.0546142883333  -0.376703195193 0.391018591982 -8.42184181977 -1.67724847697  8.16443183477   1.6372540922 -1.91817893255 -7.59095139211 1776585361.52
-0.0460100364281 -0.0899067255087  -0.521980342635 0.531661189896  -8.3002612396 -1.85988505523  7.92264870685  2.50838799744 -1.44906505646 -6.28739663285 1776585361.54
 0.021410970037 -0.118677392347 -0.654668730745 0.665683032763 -8.02696192005 -1.93807970415  7.72904882761  3.49663939624 -1.08489183703 -5.43863131706 1776585361.57
 0.107171517856 -0.137433907753 -0.760237109754 0.779957868277 -7.65722080067 -1.88356817463  7.60138800878   4.94369263282 -0.697029690922  -4.71467478137 1776585361.58
 0.201763701865 -0.144105997696 -0.826666575202 0.863048525008 -7.25470833467 -1.68756686694  7.54920671547    4.8821849409 -0.024777291046  -2.25035764368 1776585361.6
  0.29345748944 -0.138379316784  -0.84610236581 0.906176222846 -6.87889066346 -1.36347159326  7.57308822667  4.38789844604  0.58268695262 0.278652206204 1776585361.62
 0.370461670328 -0.121703905586 -0.815953460103 0.904341605187 -6.57442029776 -0.94518195003  7.66518136658 3.14229858326 1.00320794622 2.58956664139 1776585361.64
  0.423097503956 -0.0969905406178  -0.739266096727 0.857282348234  -6.36462037627 -0.481360878177   7.81082204185 1.70821094053 1.22047585634 4.36151103113 1776585361.66
  0.445523832156 -0.0680737864577  -0.624300052982 0.769984468399   -6.25005306333 -0.0268077234132    7.99091789254 0.34740247766 1.48331881095 6.55279200994 1776585361.68
  0.436664765806 -0.0390618382942  -0.483357026518 0.652561077595  -6.2119402384 0.367248815648  8.18469316487 -1.20402051688  1.44367285922  7.78681346423 1776585361.7
  0.400178263273 -0.0137024811813  -0.331034712922 0.519532849342  -6.2191585405 0.661882145742  8.37240673415 -2.42559796503  1.15076491651  7.84289945007 1776585361.72
  0.343520805558 0.00512800816129  -0.182186459452 0.388876260946 -6.23687128613 0.836381584287  8.53771246504 -2.97032014267 0.706561713663  6.74345172074 1776585361.74
  0.276358033575   0.015751122969 -0.0499284008349 0.281273364907 -6.23470553449 0.890173007793   8.6693951918 -3.10220960549 0.291954008668  5.47978872282 1776585361.76
 0.208696891423 0.0178165067484 0.0559684875701 0.216804732428 -6.19274164779 0.840548114695   8.7622852335   -3.33030103807 -0.0912826338885    4.71137759246 1776585361.78
 0.149143243703 0.0122642006288  0.130042389667 0.198255241721 -6.10433404163   0.7170263902  8.81725052868  -2.75076450743 -0.436001122325    3.0202521482 1776585361.8
  0.103619925467 0.00116161863881   0.171339662128 0.20023915234 -5.97568876473 0.553934246717  8.84030271091  -1.96195977895 -0.654351331663   1.39360231381 1776585361.82
 0.0747415225689 -0.0125502047553   0.182890777201 0.197971814208 -5.82290335513 0.383061902314   8.8410126923   -1.03171974825  -0.656187514918 -0.0170735014306 1776585361.84
 0.0618783991111 -0.0253865486272   0.170648898952 0.183287915154 -5.66760703672 0.228008310884  8.83056158924 -0.295822981822 -0.483953797006 -0.930814299384 1776585361.86
 0.061797912944 -0.033725398739  0.142163390674 0.158640518822 -5.53235759974 0.101192731136  8.81980248265  0.197587992455 -0.225557479849  -1.65678798105 1776585361.88
 0.0696753044005 -0.0342871416534   0.105271348361 0.130814039429   -5.43665535425 0.00374783861115    8.81765994371 0.483738735773 0.237909412563 -1.97174634675 1776585361.9
 0.0802304367883 -0.0246600281256  0.0670313847714 0.107416230239   -5.39402074107 -0.0721496324409    8.83007378052 0.506158393673  0.80824365617 -1.91587454562 1776585361.92
  0.0887629955373 -0.00380754185809   0.0330219852349 0.0947830061805 -5.41023469474 -0.13937061303  8.85955133771 0.294202894227  1.31452963584 -1.51134905123 1776585361.94
 0.0919128260556  0.0275381222346 0.00701780814893 0.0962058490995  -5.48265255947 -0.211357812147   8.90527284345 -0.0162555130052     1.6005720764  -0.954485043341 1776585361.96
  0.0880468824086   0.0667033473967 -0.00902647367464 0.110829000189  -5.60046209886 -0.298030001674   8.96361781978 -0.354161325789   1.97324906994 -0.527030582652 1776585361.98
0.0772545314558  0.109208434829 -0.014795328919 0.134586948201  -5.74579105739 -0.402815103657   9.02894987556  -0.708767733481    2.16359439956 -0.0606498105994 1776585362
 0.061006159392  0.149248240618 -0.011340369542 0.161633513829  -5.89560280942 -0.521288255875   9.09450780173 -0.925747343044   1.84994259461  0.363589890312 1776585362.02
   0.0415864868576     0.180484723618 -0.000786603405973 0.18521552336  -6.02430514787 -0.641589603169   9.15329428555 -1.00526174889   1.2145429016 0.642959010884 1776585362.04
0.0214469195364  0.197043149767 0.0139614682698 0.19869800156  -6.10692854677 -0.746496761865   9.19891047903 -0.920115114436  0.332020836831  0.716007473082 1776585362.06
0.00262636281949   0.194543369958  0.0295310595971 0.196789491735  -6.12261812575 -0.816752752619   9.22632330436 -0.858997377144 -0.638450092729    0.6973535297 1776585362.08
-0.013634661273  0.170968752898 0.0424414902767 0.176684743406  -6.05804832833 -0.835026724238   9.23254368559 -0.774149644087  -1.75916899598  0.522349251767 1776585362.1
-0.0270139997636   0.127188941413  0.0495305795034 0.139140437353  -5.91024323846 -0.789745384189   9.21713701203 -0.636351056771  -2.71952912226  0.156515586665 1776585362.12
-0.0379603531369  0.0670097404331  0.0484245870164 0.0909738113465  -5.68822233191 -0.678018646048   9.18242265038 -0.509251670677  -3.26747971234  -0.28921153175 1776585362.14
 -0.0473492010422 -0.00328654143765   0.0379819188925 0.0607895908582  -5.41295845895 -0.507025927842   9.13321113171 -0.414533510283  -3.27082613689 -0.682705119515 1776585362.16
-0.0560652794088 -0.0758449735704  0.0186071523637 0.096135330083   -5.1153736927 -0.293527298344   9.07601815031 -0.427650412999  -3.43980704372  -1.12854882064 1776585362.18
  -0.064648313117    -0.14243198771 -0.00766960379211 0.15660491159   -4.83247850125 -0.0615604045496    9.01786475271 -0.450639415404  -3.16943008033  -1.48132516115 1776585362.2
-0.0731081851943  -0.195710871684 -0.0374156549988 0.212243924004 -4.60216837204 0.161222376721  8.96494356917 -0.435823449365  -2.35099717401  -1.56784393715 1776585362.22
-0.0809519578931  -0.230380038349 -0.0663208091209 0.253034842026 -4.45748969615 0.347844133932  8.92150937793 -0.359937417779   -1.2165239781   -1.3237567711 1776585362.24
-0.0873916190196  -0.243986318692 -0.0899464320365 0.274330055626 -4.42128779189 0.476100235937  8.88929386238 -0.241018973238 -0.155642292877 -0.861846728708 1776585362.26
-0.0916446326497  -0.237285023437   -0.10455616726 0.275018023324 -4.50206633671 0.531747013017  8.86757801455 -0.143398812264  0.735751839873 -0.440756477259 1776585362.28
-0.0932181325448  -0.214091593774  -0.107855043241 0.257211082795 -4.69169841454 0.510307843205  8.85385947516 -0.0117490724269    1.50845550424   0.135334148245 1776585362.3
-0.0920857931894  -0.180644718547 -0.0994745673076 0.225848394254 -4.96540831979  0.41730924111   8.8449031746  0.11983958958  1.84916906467 0.711890249838 1776585362.32
-0.0887126734265  -0.144570697943 -0.0810909961631 0.188006315822 -5.28420725915 0.267021088371  8.83790044513 0.209954751878  1.72754990356  1.11658365512 1776585362.34
-0.0839374461775  -0.113598481352 -0.0561399392111 0.151992771575  -5.59968649016 0.0799766311213   8.83147989464 0.235439207411   1.1915682571  1.22856220744 1776585362.36
-0.0787637022307 -0.0942185140473  -0.029175556299 0.126222273247  -5.86072659506 -0.120312257946   8.82638354987 0.238484198544 0.561720464469  1.24364882888 1776585362.38
 -0.0741305085792  -0.0904994350574 -0.00499866220588 0.117091701977  -6.02130169816 -0.310939851129   8.82570984176  0.213223483817 -0.240049588423    1.0994192832 1776585362.4
-0.0707254443312  -0.103268082443  0.0122711717064 0.125765523823  -6.04822827755 -0.472945006244   8.83470322227  0.15492498715  -1.1596162269 0.737042164715 1776585362.42
-0.0688778092881  -0.129815980729  0.0199905982573 0.148310368767  -5.92753733392 -0.593876334973   8.86012335018 0.0647730391724  -1.80415618073  0.154567601993 1776585362.44
-0.0685371267469  -0.164220397564  0.0174931437756 0.178806282882  -5.66821900265 -0.669160381951   8.90925534179 -0.0109550329848   -1.71792994661  -0.346154736031 1776585362.45
 -0.069314320301  -0.198268110648 0.00619781874983 0.210126465863 -5.30242461813 -0.70204744104  8.98864076109 -0.0411287253346   -1.19894572492  -0.576164330883 1776585362.48
-0.0705487188901  -0.222860430309 -0.0106868601455 0.234004491654  -4.88176902162 -0.702181323843   9.10263504793 -0.053921788483 -0.825234958079 -0.919218879327 1776585362.5
-0.0713667479952  -0.229679069555 -0.0287904547866 0.242228359194  -4.47005613694 -0.683122672448   9.25194003736 -0.00528006887568    0.317627538816    -1.03549604272 1776585362.51
 -0.070715536328  -0.212825369503 -0.0434021145966 0.228427381314  -4.13342401063 -0.659366649947   9.43231308647 0.0949542136106   1.41826689579 -0.512717842292 1776585362.53
-0.0673797071584  -0.170127335977 -0.0503190094157 0.189777074727  -3.92944272111 -0.643467166329   9.63369850777   0.229911052811    2.34092594687 -0.0679275590423 1776585362.56
-0.0600125108824  -0.103848486185 -0.0465643392222 0.128663309582  -3.89699953383 -0.643794257053   9.84004302652 0.433619720652  3.21617218859 0.418641249985 1776585362.58
 -0.047223330869 -0.0206268087708 -0.0308588922599 0.0600647937643  -4.04881353561 -0.663251867387   10.0300307985 0.809389242756  4.34700677065  1.07332859371 1776585362.6
 -0.0277558436827   0.0693931919938 -0.00378887172878 0.0748342000867  -4.36811908237 -0.699049979796   10.1788950279 1.29085805066 4.85532236414 1.75559869879 1776585362.62
-0.000764118863021     0.154120872399    0.0323267787771 0.15747649924  -4.81045344916 -0.743434789983   10.2613234621 1.64557404595 4.06372381124 2.07308429961 1776585362.64
0.0338459185348  0.221517946607 0.0738166583269 0.235933562507  -5.31061912113 -0.785174378183   10.2552706636  1.7339931266 2.45902865485 1.91749617995 1776585362.66
0.0750828667104  0.261681801015  0.116200412915 0.296002259818  -5.79386344084 -0.811567241397   10.1462363256 1.96446938474 1.06619114235  1.8328570516 1776585362.68
0.120643973909  0.26862650352 0.154799558388 0.332683137702  -6.18931657543 -0.810741680412    9.9313145518   2.40976470749 -0.531818601287   1.81426937585 1776585362.7
0.166896635776 0.241419129688 0.185325381414 0.347106871451   -6.4430261864 -0.773992779898   9.62214744837  2.33473097095 -2.22098869834  1.30790640651 1776585362.72
0.209132993237 0.184448448618 0.204370732423 0.345724218603  -6.52780265559 -0.697840432199    9.2459218491   1.9553851516 -3.50095134346  0.63519230024 1776585362.74
0.242100314282 0.106773318817 0.209754736162 0.337653895475  -6.44768920755 -0.585424109076   8.84378760953    1.23715821021   -3.92634652758 -0.0881768276386 1776585362.76
  0.26073503331 0.0206799918567  0.200692864745 0.329678700582 -6.23609419135 -0.44685594065  8.46652577734   0.42468435696  -3.76010085433 -0.719537897505 1776585362.78
  0.260967326387 -0.0602727877102   0.177788571175 0.321473996492  -5.94811599346 -0.298292351613   8.16784769445 -0.473458689277  -3.35993176845  -1.34888788322 1776585362.8
 0.240438063895 -0.123358831133  0.142866624085 0.305677503369  -5.64889653918 -0.159742687263   7.99621948591 -1.74710150617 -2.77101062947 -2.22967175224 1776585362.82
 0.198988040048 -0.158575754451  0.098689867701 0.272914272196   -5.40059524277 -0.0519284500724    7.98646776907 -3.00754014107 -1.08544273474 -2.78979186609 1776585362.84
 0.138830156345 -0.160029851259 0.0486152090687 0.217363299932   -5.25064871541 0.00725818169227    8.15258003111 -3.10637017581 0.736973165921 -2.36408011591 1776585362.86
  0.0643787941361    -0.12664028105 -0.00375350629088 0.142114315705   -5.22347011551 0.00603420125938     8.4830606212 -3.59475578807  2.24094822658 -2.36851568524 1776585362.88
-0.0182314589921 -0.0621186247102 -0.0548696787529 0.0848633683005   -5.31687883239 -0.0588955234596    8.93994675217 -4.36929978791  4.00414900081 -2.56855008618 1776585362.9
-0.101863408945 0.0257087413728 -0.101481161929 0.146066832962  -5.50358961053 -0.181354120402   9.46213227512 -4.45773436004  5.21114568244 -2.37927582955 1776585362.92
-0.179231793557  0.126092724503 -0.140802166793 0.26047775561  -5.73722218533 -0.346352746753   9.97300547109  -3.7085042985   5.2569493019 -1.80723607221 1776585362.94
-0.243783435118  0.226885906737 -0.170641925952 0.374200808132  -5.96161842558 -0.532337060353   10.3916336142 -2.60041923601  4.44342444473  -1.1386525933 1776585362.96
-0.290488686691  0.316201146927 -0.189518523039 0.469344343727  -6.12180190714 -0.714639084151     10.64593327  -1.63445889623   3.53463433461 -0.587902155096 1776585362.98
-0.316435206005  0.384000560669 -0.196774202985 0.535077337544 -6.17469024385 -0.86947829357  10.6856230888  -0.808340978113    2.82808727328 -0.0834369215895 1776585363
-0.321132302543  0.423411869067 -0.192681555771 0.565269624638  -6.09769863633 -0.977703432959   10.4924673915  0.27513049936  1.31351972883 0.504429003649 1776585363.02
-0.306468122347  0.431585110743  -0.17850037987 0.558615076277 -5.89369448575 -1.02749933342  10.0855503682   1.15059790207 -0.345654786685  0.930702496531 1776585363.04
-0.276315181263  0.409948214676 -0.156429615291 0.518534321576 -5.59137888552 -1.01551823767  9.52011819337  1.62851791841 -1.56306532802  1.13201280911 1776585363.06
 -0.23584782835  0.363803152834 -0.129410912396 0.452464491862  -5.24098809356 -0.946284422396   8.87975848491  1.92588381771 -2.44369420803  1.25184183572 1776585363.08
-0.190703131279  0.301317741353 -0.100781011348 0.370562920139  -4.90604377658 -0.830158653769   8.26306249496  2.32086345567 -3.40842368531  1.43843893754 1776585363.1
 -0.146159652654   0.232086958333 -0.0738234266938 0.284036790964  -4.65253832782 -0.680506305734   7.76708346371  2.30894096071 -3.72358125074  1.35657343496 1776585363.12
 -0.106502256796   0.165528735547 -0.0513104222482 0.203409076557  -4.53730324863 -0.510878926347   7.47058104254 1.92777230032 -3.3083342862 1.04341673129 1776585363.14
-0.0746782199212   0.109414547958 -0.0351337314028 0.137050205829  -4.59737580641 -0.332937641364    7.4201005166  1.26526703193 -2.25588467516 0.588088733927 1776585363.16
-0.0522511526747  0.0688027233217 -0.0260948255939 0.0902493081142  -4.84203374779 -0.155540743727   7.62141790125 0.794501397697 -1.44513169349 0.254669183106 1776585363.18
-0.0395666068676  0.0455494559895 -0.0238790679877 0.0648882054607  -5.24888832373 0.0150123628951   8.03793906432   0.428678139335  -0.800772906202 -0.0290344197094 1776585363.2
-0.0359982335369  0.0384421891632 -0.0271956376775 0.0592729064086 -5.76502356634 0.173994889912  8.59645871556 -0.0165886323583 -0.0468103122247  -0.282351644152 1776585363.22
-0.0401636673377  0.0438646524192  -0.034041509457 0.0685277481899 -6.31359058838  0.31717350294  9.19943793957 -0.371083683206  0.484035154138 -0.391560933272 1776585363.24
-0.0500690183386   0.056795878098  -0.042042880707 0.0866041695559 -6.80545488664 0.440255999793  9.74180774252 -0.538066466197  0.654113337886 -0.345123428082 1776585363.26
 -0.063219696571   0.071893264473 -0.0488299721225 0.107469705911 -7.15448287463 0.539189300735  10.1294165304 -0.598907161844  0.619455502555 -0.232202236284 1776585363.28
-0.0767807120688   0.084424042725 -0.0523992688323 0.125572210739 -7.29401597949  0.61117814152  10.2957861412  -0.647655440697    0.49917151947 -0.0677779008152 1776585363.3
-0.0878587756769  0.0908834956712 -0.0514084806239 0.1364617387 -7.19132705672 0.655883005027  10.2139765112 -0.469861440026  0.132231849929  0.193446544551 1776585363.32
-0.0939188813873  0.0892471919352 -0.0453433171151 0.137265559979 -6.85673423737 0.676093744854  9.90115241581 -0.143365850686 -0.317078837727  0.447673728755 1776585363.34
-0.0932714526202   0.078912406978 -0.0345068735946 0.126954543732 -6.34478803713 0.677369119991  9.41481771275  0.19461886304 -0.66645165706 0.590774323354 1776585363.36
 -0.085511111382  0.0604556752002 -0.0198211526232 0.106582911036 -5.74650248181 0.666605570764  8.84137657288 0.471271341979 -0.95530091719 0.702096506027 1776585363.38
  -0.071780160591   0.0353480117809 -0.00248930812945 0.0800504218996 -5.17361528738 0.650016862345  8.27930689835 0.837036367834 -1.49015506874 0.985606599805 1776585363.4
-0.0547701154739 0.00572824323817   0.016376233316 0.0574522352676 -4.73778906678 0.631307570693   7.8203799072 0.923700775474 -1.69253626924  1.06722477885 1776585363.42
-0.0384419125546 -0.0257390798974  0.0360290143973 0.0586376223364 -4.52897070071 0.610762740165  7.53274220922 0.753054170221 -1.70428459446  1.09899823403 1776585363.44
-0.0275091603811 -0.0559677510638  0.0561605445776 0.0839234760437  -4.5974623038 0.585589712264  7.44921197181 0.276040134056  -1.3207036614 0.962311257835 1776585363.45
-0.0267656162195 -0.0816038814926  0.0767340787227 0.115168183643 -4.94354213228 0.551318662938  7.56296460223 -0.272752732623 -0.921101367262  0.881485615617 1776585363.48
-0.0403437369466  -0.099310840275   0.097639486021 0.144995618339 -5.51687841111 0.503634708049  7.83118772905  -1.18740244131 -0.660891469553   1.11645411235 1776585363.5
-0.0709808365495  -0.106213450181   0.118307401169 0.174115528681 -6.22586819254 0.439871016041  8.18562955005   -2.19397575776 -0.0316388677062    1.10529138898 1776585363.52
-0.119365601778 -0.100450398139   0.13744949141 0.207920157904 -6.95488173323 0.359604817578  8.54759082486 -2.99200691049 0.650751302718  0.92271644261 1776585363.54
 -0.183653048077 -0.0817076282948   0.153054814966 0.252646699907 -7.58568984412 0.264265943797   8.8440827221 -3.17683271657  1.11015957874 0.573001849154 1776585363.56
 -0.259261841158 -0.0515629797463   0.162682423391 0.3103884889 -8.01850461543 0.156161083519  9.02174462669 -3.32052573183  1.45753170606 0.233475938413 1776585363.58
 -0.339077064374 -0.0134848678253   0.163983135053 0.376889328353 -8.18830464779 0.037585757007  9.05571862472  -4.06412984196   2.07725288038 -0.193679699328 1776585363.6
-0.414143963753 0.0276001739397  0.155301378961 0.443165331024   -8.07341412044 -0.0894000707732    8.95190182614  -3.79779817551   2.22738969913 -0.777706816238 1776585363.62
-0.474841677678 0.0661404011342  0.136181482546 0.498391981988  -7.69532228051 -0.222364647849   8.74257964042 -2.73041272114  1.92971691389 -1.32467754315 1776585363.64
-0.512389383603 0.0970350424964  0.107636972629 0.532488871037  -7.11087834428 -0.357394894533   8.47698723422 -1.06294299904  1.17946336199 -1.49446358653 1776585363.66
-0.520408064166  0.116701798547 0.0721166122392 0.538186462849   -6.3996308337 -0.488137686019   8.20942944306 0.349567788113 0.578992806403  -1.6071298001 1776585363.68
-0.496195166826  0.123857694177 0.0331844365068 0.512495442726  -5.64974803562 -0.605637608153   7.98791683167    2.1059971165 0.0824304725329   -2.0558133964 1776585363.7
   -0.44140324661    0.119794112583 -0.00500560271463 0.457397542173  -4.94556928666 -0.699302362343   7.84580108256   3.68766477388 -0.434047428602  -1.96436762387 1776585363.72
 -0.361943653271   0.108055953016 -0.0383294734756 0.379668863172  -4.35867125527 -0.758871846689   7.79782570874   5.08348363459 -0.764213390318  -1.70019357077 1776585363.74
  -0.26711929791  0.0935935507462 -0.0632956396987 0.290032429328  -3.94288548004 -0.776875049467   7.84071392172  5.50485699125 -0.75173344328 -1.11377309994 1776585363.75
 -0.168165469698  0.0815939502061 -0.0775357468741 0.202358567776  -3.73249034272 -0.750871827811   7.95727815482   3.88309174078 -0.352776050569 -0.342595675415 1776585363.77
-0.0764940502638  0.0762753861257 -0.0801140384974 0.134489900806  -3.74218726196 -0.684826840897    8.1223434411     3.9304694044 -0.0393850312611   0.140016464275 1776585363.8
-0.00197226615269   0.0799286212483  -0.0716153891884 0.107337031341  -3.96756719905 -0.589188295588   8.30865837657   3.6407655271 0.470328974024 0.760687964106 1776585363.82
 0.0484704655042  0.0924188131201 -0.0540044188646 0.117503618249  -4.38542454744 -0.479542287439   8.49137726363  1.94420228246 0.826477786369  1.09076949411 1776585363.84
 0.0716999650362   0.111246588056 -0.0302825386567 0.135770838135  -4.95414125842 -0.373999116547   8.65044352006 0.506897168288  1.00035758287  1.25935355479 1776585363.85
  0.0685969577227    0.132138287536 -0.00400143777373 0.148936500382  -5.61505714713 -0.289702927041   8.77101506812 -0.581625233754  0.803740748833   1.06892774458 1776585363.88
0.0436403149012  0.150021873073 0.0212863011939 0.157683690036  -6.29596686436 -0.239040884393   8.84268224999 -1.45495242622 0.630795601004  1.04766321981 1776585363.9
0.00394507070127   0.160168156551  0.0425522521636 0.165771216198  -6.91752867233 -0.226267334286   8.85846434129 -2.28939905957 0.246433938805 0.972981612116 1776585363.92
-0.0420803851984   0.159248962458  0.0577171124261 0.174534397553  -7.40253409021 -0.245326687936   8.81439986533  -2.48881522657 -0.388594222529  0.645034287021 1776585363.94
-0.0862385699168   0.146087223046  0.0659254378088 0.18200200831  -7.68694412276 -0.279595043387   8.71007867696  -2.08216157354 -0.972460875598  0.258920838938 1776585363.96
 -0.12195830777  0.121942465445 0.0676500873631 0.185257464176  -7.73070981007 -0.303999850525   8.54990629149   -1.29040133445   -1.21789613595 -0.0282799624584 1776585363.98
-0.145374601187 0.0902739329814 0.0646294342326 0.182921079746  -7.52599523893 -0.289505593026   8.34446676705 -0.804304362913  -1.56305867759 -0.189725107111 1776585364
-0.155873943556 0.0560319329818 0.0596498228749 0.176052166026 -7.10068960824 -0.20935123249  8.11121328753 -0.282619346053  -1.74662228985 -0.224673445629 1776585364.02
-0.155997394033 0.0246237677533 0.0561846497399 0.167625271812   -6.51598138834 -0.0458581038921     7.8738884766   0.137791026751   -1.47603750845 -0.0466866940026 1776585364.04
  -0.150714743363 0.000765830554084   0.0579017699982 0.161456295425 -5.85801259091 0.203714797866  7.66045285839 0.227870287367 -0.86526217554 0.276593225305 1776585364.06
 -0.146209623976 -0.0125420572043   0.068065228467 0.161763508457 -5.22488025059 0.523773704221  7.49971207593 0.0500165248442 -0.337257025155  0.675600967585 1776585364.08
 -0.148420672881 -0.0147028848104  0.0888890535478 0.173626423107 -4.71119721993 0.880550361985  7.41714706203 -0.414682728585  0.129781422121    1.4206728712 1776585364.1
    -0.1616436213 -0.00771174722607    0.120940980893 0.202026860124 -4.3928919826 1.22619891716 7.43062174151 -1.07618516039  0.52106008542  2.03359327996 1776585364.12
 -0.187495114244 0.00421591513551   0.162725345199 0.248297663654 -4.31488626013  1.50632955245  7.54669955819 -1.67236260077 0.618638987956  2.38626152234 1776585364.14
-0.224464714365  0.015526979482  0.210579171262 0.308170541188 -4.48380449694  1.66964423484  7.75828304448 -2.13097654581 0.431799811813  2.54317187448 1776585364.16
-0.268149829704 0.0205589814286  0.258981122535 0.373360716622 -4.86704683252  1.67775987421  8.04419776491   -1.95542380216 -0.0149167657623    2.02391998025 1776585364.18
-0.312112074882 0.0148583698716  0.301296714932 0.434067309148 -5.39851168611  1.51314213753  8.37113022146  -1.89564248638 -0.567886124495   1.68246218018 1776585364.2
  -0.349154877053 -0.00370806403721    0.330876498139 0.481042757902 -5.99010844319  1.18339473402  8.69796147728     -1.6197981 -1.31397119856  1.09591534039 1776585364.22
 -0.372736175028 -0.0343195625698   0.342313481989 0.507236245256 -6.54710642468 0.720898479744  8.98203556951  -0.78427817162  -1.87609584067 0.0461960951234 1776585364.24
 -0.378214073071 -0.0732214570596   0.332588162995 0.508942190241 -6.98451977246  0.17780438461  9.18636631634 0.250467848098  -2.2142829958 -1.11938965616 1776585364.26
-0.363674960024 -0.114426029153  0.301817145136 0.486257526209  -7.24135435746 -0.382587726099   9.28638128105  1.07363996106 -1.73798644471 -1.77078432462 1776585364.28
-0.330195844861 -0.150952384331  0.253390360291 0.442744387866  -7.2898327341 -0.89625127188  9.27469752216  1.85032651251 -1.39399573062  -2.4413213727 1776585364.3
-0.281520064773  -0.17631973951  0.193421950941 0.384388148252 -7.13772289399 -1.30851349492  9.16272323047  2.82032511782 -0.92253166205 -3.26414419949 1776585364.32
-0.223249793975 -0.185934563318  0.129614796456 0.318138535557 -6.82346058898 -1.58185982526  8.97855383357    3.18059185808 -0.0455645661921   -3.28308142899 1776585364.34
-0.161753753871 -0.178035489359 0.0697963590115 0.250464456748 -6.40547832378 -1.70018601833  8.76150623592  3.17421169493 0.843802241777 -2.88183113982 1776585364.36
-0.103035050524 -0.153977819481 0.0204731813276 0.1863988779 -5.94852700762 -1.66910910839  8.55444966777  2.50041524498  1.36934679608 -1.91133814146 1776585364.38
-0.0517941294967  -0.117816347903 -0.0142576894145 0.129485927386 -5.51037383363 -1.51279367852  8.39560620689  2.12358955234  1.81203649534 -1.23673850858 1776585364.4
-0.0108605270842 -0.0753262739269 -0.0332075228945 0.0830345600882 -5.13191908336 -1.26834263098  8.31158102868   1.83027814551   2.20190048095 -0.612846964874 1776585364.42
 0.0189287315652 -0.0327338143179 -0.0379384020184 0.0535641841735  -4.83264902743 -0.979052223131   8.31305335185   1.33677499202   2.16541969657 0.0312610379659 1776585364.44
 0.0384324260709 0.00452256548262 -0.0320547867278 0.0502495206385  -4.61181941107 -0.687769995419   8.39392846085 0.823829346205  1.75746993496 0.476990772938 1776585364.46
  0.049609731129  0.0327177680474 -0.0201743423088 0.0627581218353  -4.45430644668 -0.431324257196   8.53398000936 0.372917126369  1.04231964739 0.574095900547 1776585364.48
 0.0548018034582  0.0502756898629 -0.0068545698752 0.0746851242325 -4.33905276971 -0.23663371004  8.70426535141 0.131586214165 0.507830753684 0.497640365049 1776585364.5
0.0560764706803 0.0576748597996 0.0042819478233 0.0805561611177 -4.24767748996 -0.11874826759  8.87402244236 -0.000349642777201     0.169066649439     0.456624385643 1776585364.53
 0.054788077431 0.0569127880076 0.0110712651303 0.0797707451323   -4.17110404271 -0.0807679978225     9.0174685219 -0.147071873142 -0.220896866567  0.274499442288 1776585364.54
0.0514378009449 0.0507077382983 0.0129397028932 0.0733795475616  -4.11280490844 -0.115354185287   9.11897951357  -0.243973509768  -0.415982127118 -0.0101098598829 1776585364.56
 0.045838609696 0.0416536779979 0.0107004139468 0.0628546409444  -4.08820103973 -0.207388267678   9.17552708266 -0.319203407949 -0.439609785492 -0.156019149991 1776585364.58
 0.0375129717585  0.0315303391252 0.00613357250949 0.0493862941233  -4.12063450005 -0.337250868643   9.19590545716 -0.449439276259 -0.474458470853 -0.210836693804 1776585364.6
 0.0261961936261  0.0209178162594 0.00148594987738 0.0335559777773  -4.23498990074 -0.484181031047   9.19704733473 -0.643157088097 -0.569765784345 -0.181826674832 1776585364.62
   0.0122933501085   0.00918855392806 -0.000996256314599 0.0153801335112 -4.45041046543 -0.62922760891  9.19842826644   -0.77152978523  -0.691999225287 -0.0244074570408 1776585364.64
-0.00285345794968 -0.00513734942585 0.000566959922023 0.00590389913083  -4.77364768679 -0.757412145983   9.21602043223 -0.793718317463 -0.893373756309  0.228774422215 1776585364.66
-0.0169894024442 -0.0237707996202 0.00744394803588 0.030151336162  -5.19443707397 -0.858877406404   9.25736086543 -0.572140660389  -1.00161687392  0.458364725507 1776585364.68
-0.0272957616289 -0.0479272182421  0.0201486652479 0.0587200609894  -5.68394057246 -0.928984997929   9.31901294258 -0.330230778974  -1.26980771235  0.728422288804 1776585364.7
-0.0310103598143 -0.0776843683625  0.0383713433879 0.0920264282534  -6.19676749167 -0.967523064739   9.38708676565 0.0294132585393  -1.68054395101   1.07732182517 1776585364.72
-0.0261813856797  -0.111597748254  0.0609650042439 0.129831637569 -6.67642578989 -0.97734946712  9.44069053332 0.493154132832 -1.82409911567  1.25893800846 1776585364.74
-0.0123552231867  -0.146686767328  0.0859947109922 0.170483868937  -7.06335606855 -0.962880112056    9.4574105726 0.959031633383 -1.83156353283  1.36002587251 1776585364.76
0.00901417053932  -0.178814402058   0.110876670751 0.210593166487  -7.30411064708 -0.928802844905   9.41937248291  1.07697684487 -1.30053241846  1.06982680088 1776585364.78
 0.034596947649 -0.203385126796  0.132635166596 0.245264237112  -7.35993662514 -0.879257112684   9.31828624551  1.17554165705 -0.86699912093 0.867274148594 1776585364.8
0.0597135076667 -0.216206765364  0.148280895585 0.268883417827   -7.2131366374 -0.817518338693   9.15818563324   1.19292215453 -0.292079612313  0.604519291577 1776585364.82
0.0792665681024 -0.214322207119  0.155271721051 0.276272518795  -6.87011605138 -0.746047422756   8.95524968676  0.756573697828  0.508283909095 0.0958531169016 1776585364.84
0.0888602276922 -0.196625317007  0.151973601226 0.263919743148  -6.36081685508 -0.666687543408   8.73491656256  0.163017308776   1.24972358666 -0.429638197719 1776585364.86
0.0858141886189 -0.164126826902  0.138015222958 0.230975955557  -5.73501240886 -0.580838122751   8.52718737865 -0.430366708879   1.73383721126 -0.847307090495 1776585364.88
0.0697947431263 -0.119815364218  0.114437425859 0.179785850689 -5.05643762164 -0.48956567239  8.36135546334 -1.00121038698  2.23840315617 -1.26953913375 1776585364.9
0.0428834224019 -0.068146637477 0.0835788243115 0.116053315289  -4.39584114835 -0.393736254104   8.26132736181 -1.56386996274   2.7176614859 -1.69263238638 1776585364.92
0.00905991272282 -0.0142716084248  0.0487019469692 0.0515523080391 -3.82383603282 -0.29429593472  8.24233047965 -1.81441650928  2.73502831418  -1.8275336216 1776585364.94
-0.0267597718552  0.0368326256685  0.0134321527124 0.0474673617327  -3.40408033996 -0.192756958657    8.3093174815 -1.78812728692  2.47542897901 -1.75288501803 1776585364.96
-0.0598662469546  0.0811476686734 -0.0188657443987 0.102590584204   -3.18704116476 -0.0918042886131    8.45695466372 -1.47273876361  1.94655773719 -1.44934471263 1776585364.98
-0.0867735646704   0.116154441342 -0.0456283374782 0.151998193904   -3.20451105829 0.00420272513875    8.67082195796 -1.09798285863   1.4298018807 -1.11182037275 1776585365
 -0.105849650875   0.141027617518 -0.0654286619211 0.188079364349  -3.46517094983 0.0891146627804   8.92937825054 -0.806777259198   1.06115476925 -0.853238412239 1776585365.02
 -0.117420222704   0.156464014974 -0.0780398928893 0.210615102886 -3.95173995346 0.155469734609  9.20632261623 -0.459644109503  0.608618927831 -0.493785098107 1776585365.04
 -0.123358476982   0.164211212722 -0.0842379912222 0.221988007316 -4.62046472026 0.195582835159  9.47313980123 -0.223169562816  0.250210016921 -0.185338712657 1776585365.06
 -0.126309432018   0.166430289876 -0.0854222374615 0.225721227751 -5.40371221386 0.203031314112  9.70176811449 -0.131416494921 0.0205301309155  0.025833379242 1776585365.08
 -0.128780377441   0.165058232164 -0.0831721736409 0.225269208031 -6.21612580519 0.174148335113  9.86738589473 -0.143888427949  -0.12178528111  0.156542705135 1776585365.1
 -0.132341364466   0.161324941243 -0.0788598263199 0.2230669084 -6.96417977545  0.10910006758  9.95123408884 -0.222750680975 -0.254121559898  0.260666832391 1776585365.12
 -0.137129576749   0.155533181363 -0.0734017912238 0.219961165389    -7.558149977 0.0122477323609    9.9432022759 -0.247124528693 -0.372047199005  0.306319827685 1776585365.14
 -0.141761936006   0.147142224242 -0.0671826857863 0.215083225577  -7.92474936773 -0.108275087893    9.8437025864 -0.156116775882 -0.487975648348   0.31734233833 1776585365.16
 -0.143658871886   0.135124503247 -0.0601295354103 0.206184538406 -8.01823454522  -0.2416072766  9.66427495241 0.0481445543194 -0.666134773527  0.355875782574 1776585365.18
 -0.139692042397   0.118502887344 -0.0518824089718 0.190390612633  -7.82787400585 -0.375525351848   9.42650694381  0.404374773804 -0.927367107437  0.440268327132 1776585365.2
 -0.127005604072  0.0969329695457 -0.0419980721328 0.165197645605  -7.38030009606 -0.497822066523   9.15920923138 0.969984402919 -1.28016479611 0.588177457622 1776585365.22
 -0.103832509679  0.0711762383258 -0.0301379678013 0.129443207901  -6.73625855021 -0.597492586489   8.89424492998  1.50225100733  -1.4161475566 0.680997652005 1776585365.24
-0.0701351622308  0.0433221303028 -0.0162176684763 0.0840164312853  -5.98231702208 -0.665659574927   8.66178959624  1.92759377282 -1.38451668498 0.752334444369 1776585365.26
  -0.0279375123609    0.0166637722786 -0.000516363165142 0.0325338674981  -5.21891991183 -0.696273804562   8.48595290422  2.07463195595 -1.12323949305 0.757999888996 1776585365.28
  0.0187277346992 -0.00478968780187   0.0162498088591 0.0252532264109   -4.5466424663 -0.686663071498    8.3815783835   2.15678622292 -0.789456250882  0.781601545069 1776585365.3
 0.0642694715779 -0.0170870830783  0.0328986875927 0.0741947237366 -4.05261395545 -0.63796593205  8.35271785521   2.20594675177 -0.328315102423   0.83305166264 1776585365.32
  0.102336208269 -0.0172332903238  0.0478236344115 0.114266293484  -3.79893827147 -0.555400539576   8.39287903978  1.64486194308 0.343976239387 0.689676799482 1776585365.34
  0.126854402897 -0.0039992191344  0.0591400237181 0.140019911775  -3.81462618107 -0.448223097465   8.48679561927 0.782435933572 0.985186444471  0.43503715586 1776585365.36
 0.133150271805 0.0215655382981 0.0649563630936 0.149711043114   -4.0921069183 -0.329174332409   8.61325067294 -0.184409306503   1.40355993064  0.107757251133 1776585365.38
  0.11896226543 0.0560687249702 0.0637516946532 0.146150610971  -4.58881589511 -0.213238529102   8.74841598591  -1.08558182639   1.64256921249 -0.229832147651 1776585365.4
0.0851383693826 0.0942112577038 0.0547916031665 0.138298310896  -5.23367657348 -0.115668294851   8.86921663221  -2.12607416319   1.88204787757 -0.646484494574 1776585365.42
0.0358339246159  0.129655771041 0.0384745033272 0.139910601899   -5.93756874692 -0.0494471796458    8.95633063519 -2.83126967801  1.63831676205 -1.01308748297 1776585365.44
-0.0219088089045   0.156154204319  0.0164878847846 0.158543311996   -6.60621857995 -0.0226216446848    8.99653195232 -2.89680845109 0.983018152238 -1.17824022707 1776585365.46
-0.0792074474188   0.168694512772 -0.0083171208333 0.186549813361   -7.15350931709 -0.0361460432972    8.98415959585 -2.56132885012 0.201688245665  -1.1918454842 1776585365.48
 -0.126878429617   0.164419889785 -0.0323569046762 0.210188023777   -7.51313579931 -0.0829416115365    8.92156447542  -1.82997095749 -0.599910511063  -1.02476175275 1776585365.5
 -0.157191107871    0.14312950727 -0.0519870338689 0.218855550388  -7.64687624344 -0.148690780292   8.81848573099 -0.987462745203  -1.46264939734 -0.816685022898 1776585365.52
  -0.16546061028   0.107271198789 -0.0642664518984 0.207399374357  -7.54846636434 -0.214472246628   8.69045819633  0.152662936195  -2.04358805771 -0.391143022288 1776585365.54
 -0.151089582729  0.0614528133413 -0.0676199637998 0.176570013822  -7.24293071344 -0.260801774589   8.55652312816   1.20568004629  -2.41843030671 0.0518694512425 1776585365.56
 -0.117763236795  0.0115967502125 -0.0622144675465 0.133691078715  -6.78198221728 -0.272166315625   8.43663640571  2.03228406753 -2.52835079729  0.45853445197 1776585365.58
-0.0726919362721 -0.0360811658367 -0.0499314809601 0.0952844211715  -6.23653114616 -0.240904277252     8.349177361  2.16265980556 -2.04474447806 0.659777600416 1776585365.6
 -0.025033930075  -0.076076649636 -0.0339248959188 0.0869784619199  -5.68740796196 -0.169383533716   8.30884734406  2.25938638485 -1.73796084601 0.815446796488 1776585365.62
 0.0161492731716  -0.104419429961 -0.0178673417217 0.107160899014   -5.21524510929 -0.0698345621532    8.32507178946  1.84414441495 -1.15320806408 0.771573014846 1776585365.64
 0.0439159798522  -0.119193442172 -0.0050768895237 0.127127749726  -4.89031147834 0.0382081813939   8.40088346382  1.00857339085 -0.42298146104 0.522938785852 1776585365.66
 0.0549464765154  -0.120690430072 0.00224875750819 0.132628624749 -4.76311705987 0.132277424919  8.53224470203 0.154147257901 0.197951963401 0.211961079414 1776585365.68
0.0501480906175  -0.11119032503  0.003492610465 0.122025889469 -4.85680490771 0.192084791172  8.70786534308  -0.475786950364   0.602928731924 -0.0593769819293 1776585365.7
   0.0342141505394   -0.0944179251177 -0.000338583199417 0.100426427395 -5.16256008291 0.204080218077  8.90971324161 -0.905091296219  0.918347071427 -0.264190952321 1776585365.72
 0.0142595275432 -0.0747761456708 -0.0069830550238 0.0764432413272 -5.63925751137 0.164296133014  9.11448089513 -0.970975051468   1.01390648508 -0.354191612464 1776585365.74
-0.00210240690948  -0.0564956396198  -0.0135861120855 0.0581443019776  -6.21816010841 0.0787777074936    9.2961764974 -0.594680852799    0.8254942144 -0.271077804612 1776585365.76
-0.00873199788984  -0.0428609240257  -0.0174634533916 0.0470986071965   -6.81262704058 -0.0384239877561    9.42973648259 -0.00912795026978    0.516597523526  -0.0786996085202 1776585365.78
-0.00247046254053  -0.0356654836813  -0.0167594240801 0.0394842779708  -7.33164749415 -0.169033597357   9.49518174121 0.573384640823 0.180675194951 0.152358559544 1776585365.8
 0.0161946189311 -0.0350064733953  -0.010840005251 0.0400652539707  -7.69489304459 -0.294966479261   9.48149813221    1.13907653981 -0.0940307728156   0.407172073562 1776585365.82
   0.0434415320574   -0.0394555190149 -0.000347812227367 0.0586858216401  -7.84627946208 -0.402120661398   9.38926891021    1.5520585277 -0.313923966441  0.649806613311 1776585365.84
 0.0732684149977 -0.0465503888606   0.013055311497 0.0877817777083 -7.76308201125 -0.48257609618  9.23123437505   1.51642684984 -0.381607419709  0.748885877928 1776585365.86
 0.0991309290431 -0.0534697044608  0.0271543405849 0.115859003106  -7.45856850289 -0.534813821124    9.0304118829   1.04198753553 -0.274690586671  0.656248677454 1776585365.88
  0.115597518996 -0.0577092617013  0.0397143813701 0.135167959857  -6.97769228216 -0.562226383009    8.8160566245   0.450311774147 -0.0907542276869   0.479712070274 1776585365.9
 0.119587601908 -0.057592469295  0.048946604199 0.141470340044  -6.38713612699 -0.570681873812   8.61836231505 -0.111182841394  0.123186117076  0.334297577473 1776585365.92
  0.110908880248 -0.0525144385211  0.0538118855838 0.133993525967  -5.76233986434 -0.566065893367   8.46316532681 -0.73505080602 0.391515644432 0.138009022388 1776585365.94
 0.0920255450288 -0.0429118834465  0.0541215016261 0.115062016396  -5.17465208216 -0.552548009102    8.3678922606   -1.18766378254   0.610926202383 -0.0914562744749 1776585365.96
 0.0672012637241 -0.0300315367346  0.0504461722967 0.0892340705344 -4.68131298825 -0.53192770062   8.3395926924 -1.25687503693 0.676652646823  -0.2537121902 1776585365.98
  0.041310087828 -0.0156086533388  0.0438841038376 0.0622572725474  -4.31983512161 -0.503992500282   8.37527138298  -1.06435119737  0.624381204311 -0.321992958379 1776585366
  0.0186603179222 -0.00155592241385   0.0357613175421 0.0403670681604  -4.10695405534 -0.467520747237   8.46409180395 -0.935361567353  0.618119219327 -0.394879429635 1776585366.03
0.00212854878415  0.0102838604987  0.0273429241164 0.0292903398055  -4.04115246204 -0.421454326224   8.59057056576 -0.716644916475  0.550442361759 -0.446881069578 1776585366.04
-0.0072202386954  0.0183224781451    0.01962287777 0.0278011219948  -4.10714698954 -0.365836654191   8.73775005967 -0.332443122708  0.304174766537 -0.386635954752 1776585366.06
-0.0100028434641  0.0213836942833  0.0132339469592 0.0270639356097 -4.28074727775 -0.30228178748  8.88954019879 -0.0198243019776  0.0139975310358  -0.285780327925 1776585366.08
-0.00799296649625   0.0188680853189  0.00848349921465 0.0221779601392 -4.53299075918 -0.23392245124  9.03186193445  0.150209750155 -0.238068242671 -0.176495463768 1776585366.1
-0.00340584008603   0.0109280680707  0.00548251158641 0.0126917434478  -4.83313362843 -0.164918487456   9.15273352489  0.236685702424 -0.490603900639  -0.10116631043 1776585366.12
 0.00177985318697 -0.00138908867905  0.00430631360639 0.00486228152229   -5.15065112403 -0.0996788528941    9.24183121576    0.259500721867   -0.724512038136 -0.00981359594122 1776585366.14
0.00627727753683 -0.0161066747769 0.00511632299503 0.0180279213065   -5.45669127743 -0.0419773116914    9.29019366952  0.214513538068 -0.794946361072  0.106074190544 1776585366.16
0.00962785082924 -0.0304722748668 0.00818704768404 0.0329891314971   -5.72540297734 0.00585308960486    9.29058172436 0.147793233661 -0.64840614639 0.223572898095 1776585366.18
 0.0120295906283 -0.0413435213636  0.0138180833987 0.0452209822786  -5.93531445051 0.0434696361964   9.23861981119 0.0947475331059 -0.334724409551  0.305442922469 1776585366.2
 0.0139607566761 -0.0457795794866   0.022155278637 0.0527402028477  -6.07063855804 0.0726657269228   9.13439305418   0.0858720481103 -0.00890023528577    0.441822242884 1776585366.22
 0.0157544967603 -0.0417295904247  0.0329831833118 0.0554747984815  -6.12219846079 0.0970315617783   8.98385111896 0.0884411151199  0.456604458471  0.623928247116 1776585366.24
 0.0172795040892 -0.0286455252256  0.0455681477904 0.0565296689365 -6.08770500002 0.121157005612  8.79932616591 0.0578359160919  0.943812826673  0.713820968199 1776585366.26
  0.0178317229394 -0.00783174901033   0.0586206712696 0.0617712695001 -5.97135657312 0.149530005793  8.59873698769 -0.0253510672758    1.15300221102   0.619254860609 1776585366.28
 0.016262530945 0.0176078443491 0.0704099248961 0.0743778436044 -5.78303093651 0.185378790875  8.40350994138 -0.142589093724   1.11343728329  0.444459904779 1776585366.3
0.0112887041397 0.0432608057324 0.0790157059579 0.0907877411427 -5.53750196441 0.229725532647  8.23569272364 -0.341300931926   1.10645762804  0.290657642953 1776585366.33
0.0018768523787 0.0642445285633 0.0826610119376 0.104707807348 -5.25401099993 0.280856038231  8.11497442138  -0.64301260299  0.893459650365 0.0279697274345 1776585366.34
-0.0124142665018  0.0761958489391  0.0800467364932 0.111208819037 -4.95617084936 0.334300368623  8.05626850007 -0.921625720717  0.332049486729 -0.335469291394 1776585366.36
-0.0312192861116  0.0761686269813  0.0706141062603 0.108455776999 -4.67175441718 0.383315742449  8.06822123041  -1.03375848946 -0.327875565764 -0.641030479882 1776585366.38
-0.0533147639501  0.0632235020344  0.0546844630278 0.0991466881 -4.43166174188 0.419796742511  8.15263547086  -1.02737282043 -0.848610798021 -0.838954223163 1776585366.4
-0.0767214509494  0.0385838012523  0.0334569685645 0.0921643070846 -4.26745099416 0.435499179427  8.30452676878 -1.09414684373 -1.38820867091   -1.098922929 1776585366.42
-0.0989288240313 0.00535025212936 0.00887129197594 0.0994697805536 -4.20728310483 0.423420057713  8.51247164036 -1.06742602901 -1.86423300539 -1.32079098545 1776585366.44
 -0.117208169289 -0.0321252451423 -0.0166397043287 0.122664852683 -4.27080908527 0.379110385319  8.75907343362 -0.837830139589  -2.07380370115  -1.37549914616 1776585366.46
 -0.128983252445 -0.0690407036679 -0.0404702614818 0.151793083632 -4.46415419909 0.301636879192  9.02165643948 -0.381329312577  -1.74788659471  -1.10611055568 1776585366.48
 -0.132221581772  -0.100941728835 -0.0601886618226 0.176902386413 -4.77645630309 0.193911726111     9.27353808 0.0692551628686  -1.20112636768 -0.724801633232 1776585366.5
 -0.125792973966  -0.124371273145 -0.0738586610737 0.191695559934  -5.17923901594 0.0622244010219   9.48626926727  0.532367484887 -0.860134246552   -0.4756154519 1776585366.53
 -0.109726814525  -0.137286021503 -0.0802854167774 0.193217943455   -5.62925632226 -0.0849692461475    9.63300589733   1.07270741344 -0.393224012362 -0.140158873048 1776585366.54
-0.0853003089977  -0.139214731846 -0.0791493920014 0.181442857485    -6.074515689 -0.238688255387   9.69273124318  1.52833033165 0.170299516262 0.258504690987 1776585366.56
-0.0549156932644  -0.131178501915 -0.0710145597705 0.158954711886  -6.46226742368 -0.391000779455   9.65454902142  1.64441764787 0.616043964362 0.567580476436 1776585366.58
-0.0217705600624     -0.115414745 -0.0572217234342 0.130647794783  -6.74715452985 -0.536016037438   9.52092455847  1.37673815502 0.761010527574 0.657925958912 1776585366.6
 0.0106233220138 -0.0949509299464 -0.0396942834233 0.10346095981  -6.89767581917 -0.669961428726   9.30875572989  1.39417991469 0.971691136676 0.838453255816 1776585366.63
 0.0389795676699 -0.0730741833211 -0.0206868818031 0.0853650399316  -6.89966556431 -0.790342541665    9.0475817864 1.36140983541 1.14657670054 1.01058459658 1776585366.65
  0.0607292454001   -0.052751819275 -0.00250028566125 0.0804801038275  -6.75644670289 -0.894536320627   8.77499108612  1.02455471536  1.07093342754 0.969991721876 1776585366.66
 0.0743717766275 -0.0360798685435  0.0128205035937 0.0836497661996  -6.48630618889 -0.978397674067   8.53011656259 0.507257892599 0.775730646741 0.705747436322 1776585366.68
 0.0796202693554 -0.0238624782825  0.0237827784773 0.0864547610841  -6.1185797421 -1.03547458947   8.3467036723 0.0638506779623  0.447754285736  0.366040798219 1776585366.7
 0.0773156975991 -0.0154355578801  0.0296973045416 0.0842490560146 -5.68968627847 -1.05723127248  8.24737616953 -0.236272922503  0.338670684391  0.158608500594 1776585366.73
  0.0691288557846 -0.00882421585018   0.0308255972563 0.0762029063335 -5.23995592764 -1.03436265255  8.24036794464  -0.531611259796   0.373121304858 -0.0350943115082 1776585366.75
  0.0571155536587 -0.00125770907327     0.02836379226 0.0637830150841   -4.8113286066 -0.958963469361   8.31927929234 -0.726940119828  0.529251629165 -0.185072005681 1776585366.76
0.0432302413528 0.0100313728115 0.0242320575871 0.050563572093  -4.44534267546 -0.827078722314   8.46560999382 -0.746325034058  0.745302743716 -0.203085196138 1776585366.78
0.0289223841373  0.026896842415 0.0206920472418 0.0445881739381  -4.18059006154 -0.641046898141   8.65317837255  -0.627954803694   0.875588926532 -0.0966968725483 1776585366.8
 0.014926114721 0.0494972383612 0.0198735902111 0.0553870480702  -4.04908645153 -0.411050735203   8.85322382297 -0.632185641323   1.12134943578 0.0603800297782 1776585366.83
0.00130387280747  0.0758856205085  0.0233298903491 0.0794015822762  -4.07166070824 -0.155393405695   9.03904639699 -0.68251589048  1.32114892843 0.297777702256 1776585366.85
-0.0122708393756   0.102142498732  0.0317394626577 0.107661771469 -4.25321468823 0.100795470838  9.18937796434 -0.792147966498   1.36524651641  0.621831493286 1776585366.87
-0.0260857648281   0.123090952024  0.0448305947526 0.133572571371 -4.57922191247 0.328459324182  9.29015427835 -0.792419121338  0.896381971035  0.852467355369 1776585366.88
-0.0399676022207   0.133472988118  0.0615350412083 0.152312209231 -5.01489280634 0.498836683241  9.33480604951 -0.568413555518  0.131505888389  0.748498492863 1776585366.9
-0.0530265332534   0.129323860531  0.0803067447619 0.161200643255 -5.50797041211 0.588385709248  9.32348702555 -0.537490953182 -0.550057503548  0.860170016805 1776585366.93
-0.0636864839528   0.109199558406  0.0994933933951 0.160870902042 -5.99524441099 0.583504912322  9.26175030819 -0.493633325625  -1.57915109342    1.0836544431 1776585366.95
-0.0700326988261  0.0749205138262    0.11763973248 0.156066552967 -6.41183774256  0.48399899236  9.15908945046 -0.210934417153  -2.43814239059   1.07264692441 1776585366.96
-0.0704002902696  0.0315962160776   0.133634543967 0.154313684039 -6.70145957987 0.304324003127   9.0275650957 0.157282604182 -2.30821363838 0.761173794362 1776585366.98
-0.0640327686268 -0.0131319493639   0.146676571356 0.160582253493  -6.82543679919 0.0720130133036   8.88056019353 0.406078441368 -1.77238833549 0.485166570969 1776585367
-0.0515922047297 -0.0504944049156   0.156105705788 0.171989627292  -6.76859852634 -0.176696333703   8.73164011328    0.653979274 -1.34882305102 0.330806687995 1776585367.02
-0.0353249410659 -0.0723414397842   0.161198042804 0.180183085708  -6.54092943994 -0.403276766499   8.59355118756 0.845981108215 -0.57625868155 0.127138846063 1776585367.04
-0.0187782216435 -0.0728463728804   0.161037177547 0.17774191459  -6.17502721397 -0.573996097879   8.47749432881  0.803748131548  0.620113732787 -0.182961508907 1776585367.06
-0.00609699764158  -0.0497912796195    0.154544728885 0.162482054802  -5.72037939554 -0.666035112235   8.39283986191 0.448854712193  1.71457648285 -0.51544092945 1776585367.08
-0.00106205231142 -0.00517252101281    0.140692868935 0.140791925542  -5.23597454716 -0.671215769844   8.34732833688 -0.00041275010368     2.21385040781    -0.75421178687 1776585367.1
-0.00611653011159   0.0549742099694    0.118853352979 0.131094222667  -4.7826830956 -0.59654840837  8.34755663449 -0.450789744579   2.77392166354  -1.12825810451 1776585367.13
-0.021642111232  0.121466276705 0.0891841144713 0.152237458035  -4.41635763628 -0.461638412934   8.39930641127 -1.07538131163  3.49001505359 -1.79148606163 1776585367.15
-0.0456878991963   0.183398120914  0.0529311025288 0.196275206031  -4.18203594194 -0.293757334484   8.50719273103 -1.54582145722   3.1849759735 -2.25249728113 1776585367.16
-0.0742441432507   0.229846327553   0.012534942893 0.241864945558  -4.10927828289 -0.121878354117   8.67329580181 -1.47754694706  1.78873953424 -2.13657895921 1776585367.18
 -0.102018023818   0.251592178017 -0.0285240141947 0.272983370572  -4.20866067384 0.0288825723554   8.89486606058 -1.03273299989 0.267578134637 -1.64827352738 1776585367.2
 -0.123540150687   0.242618780565 -0.0661429961983 0.280180187488 -4.46970032286 0.141175204425  9.16171228225 -0.719147856866  -1.12179273271  -1.50603232345 1776585367.23
 -0.134337382066   0.201177481147 -0.0962068943278 0.260335701849 -4.86078963914 0.206894494461  9.45427378015 -0.228043385887  -3.07355975629  -1.34387938719 1776585367.25
-0.131876179732   0.13026611004 -0.115267936003 0.218282576667  -5.3318106665 0.226090360569  9.74344578484  0.526287878841  -4.70677172096 -0.717027086179 1776585367.27
-0.116027178819 0.0374230982079 -0.121153149428 0.171874605805 -5.81982474119 0.203847229936  9.99288860106   1.18879983787  -5.43678484998 0.0522292148116 1776585367.28
-0.0889223483862 -0.0661763288556  -0.113380784935 0.15856132232 -6.25757608592 0.146232210399   10.163876183  1.34763115655 -4.46384348648  0.60705609118 1776585367.3
 -0.054242093973  -0.167231526474 -0.0933213410597 0.199041354754   -6.5836920553 0.0566828877322   10.2219324403  1.58397083369 -4.04869908231  1.07234519375 1776585367.33
-0.0161321924246  -0.252231167351 -0.0641019899989 0.260748680797   -6.75272453896 -0.0659201972861    10.1438344531  2.06269720524 -3.85112593986  1.70629806352 1776585367.35
 0.0219423396905  -0.309470459047 -0.0303002872182 0.311723497188  -6.74289273755 -0.226771118728   9.92327442535  2.20177296598 -2.33166410996  1.97623047016 1776585367.37
 0.0580822314317  -0.330823788489 0.00251014849864 0.335893175703  -6.55975123301 -0.432291582809   9.57369083821    1.98557625764 -0.0982887528392    1.65332836876 1776585367.38
0.0923305082686 -0.312954770101 0.0283097789968 0.327516494964  -6.2349504931 -0.68574108076  9.12745139305  1.48942070499  1.59219178333 0.844060838053 1776585367.4
 0.126437567565 -0.257751885988 0.0412473985643 0.29004110245 -5.82045704828 -0.98263199423   8.6314786801   1.5104580245  3.01069473715 0.170522581069 1776585367.43
 0.163079209978 -0.171936125132 0.0362969266217 0.23973803773 -5.37963444701  -1.3074126871  8.14025838651   2.11152124611   5.17218226549 -0.844690532382 1776585367.45
  0.204738417607 -0.0659535468958 0.00992401650985 0.215328066207 -4.97713488714 -1.63257848977  7.70770560765  2.62132258808  6.43189097315 -2.21471946171 1776585367.46
  0.252553327334  0.0476048693146 -0.0392985265775 0.259988039958 -4.66952382316 -1.92077333113  7.37946779961  2.69279886658   5.9278466154 -3.21227465342 1776585367.48
 0.305451040774  0.155752199411 -0.110217376408 0.360148519355 -4.49807872067 -2.12973493795  7.18695204761  2.24336338026  4.16436338516 -3.33715581643 1776585367.5
 0.359824750565  0.246733192042 -0.198872074547 0.479480157263 -4.48450580115 -2.21928203155  7.14383733809  2.26496009905  3.37387804508 -4.08586635231 1776585367.53
0.409882757835 0.311313384594 -0.29860658425 0.595051082476 -4.62965002571 -2.15906396835  7.24526972189  2.45474357764  2.67788430995 -5.57510460602 1776585367.55
 0.448632738722   0.34361399061 -0.400568833563 0.692674020892 -4.91480896103 -1.93556081687  7.46950137553  1.67344022898  0.84936837428 -5.51920354309 1776585367.57
 0.469304332204   0.34147329419 -0.494585955437 0.762539070596 -5.30506239672 -1.55685833819  7.78149049568 0.508008123698 -1.03553236567 -4.72180252965 1776585367.58
 0.466897298717  0.306383202091 -0.570333137645 0.798212779883 -5.75404196643 -1.05401899547  8.13789279034 -0.645573503935  -2.13106720196  -2.68711106529 1776585367.6
 0.439498052024  0.243081421356 -0.618650503933 0.796853538085 -6.20966061636 -0.47839997851  8.49285565521 -1.68482836677 -3.19207729631 -1.35223584834 1776585367.63
0.389044106526 0.158882476118 -0.63281776781 0.759642866942 -6.62037012314  0.10501378795  8.80399366083 -3.31494717789 -5.05673703633 0.254432671819 1776585367.65
  0.32132724892 0.0628195213605 -0.609580521351 0.691943570801  -6.9414456344 0.627375626723  9.03786034908 -3.98679320206 -5.38274355919  2.30238766107 1776585367.67
  0.245190616175 -0.0353404016208  -0.549741850801 0.602978842721 -7.14062924586  1.02718483968  9.17418346725 -4.15152160991 -5.22045150097  4.18247092269 1776585367.68
  0.17105781023 -0.126141151489  -0.45819083416 0.505085344321 -7.20230316633  1.26075698984  9.20817829021 -2.96724639994 -3.62165171226  4.50017589026 1776585367.7
 0.109090610808 -0.201456305406 -0.343330289283 0.412748218522 -7.12935219122  1.30970875535  9.15046269706 -2.22491752627 -2.77280549247  5.19714356305 1776585367.73
0.0673642228792 -0.255369379117 -0.215974907652 0.341169487279 -6.94213186057  1.18371217361  9.02447988701 -1.68510680895 -2.39453963287  7.34012099888 1776585367.75
 0.0504488051475  -0.284786410685 -0.0878936921175 0.302280801186 -6.67449590612 0.917798037916   8.8618253272 -0.243016213406 -0.961033411124   6.88609249468 1776585367.76
0.0586920582584 -0.289664374626 0.0297590163158 0.297045125667 -6.36752698039 0.564791495812  8.69634268693  1.03361216629 0.327279597534  5.88620567275 1776585367.78
0.0883350672862 -0.272790227756  0.127860667586 0.313952134548 -6.06222824895 0.184668169406  8.55814880962 1.65744547902 1.13627786588 3.83595086076 1776585367.8
 0.132405100355 -0.239129681798  0.200358659478 0.338906635735  -5.79273994596 -0.166648819625   8.46876600595 2.02575545525 1.68253666705 2.52437959054 1776585367.83
 0.182161220391 -0.194860810107  0.244781407126 0.362037819578   -5.5815216934 -0.446502200566   8.43827041769 2.65509988006  2.5583490464  1.7033698965 1776585367.85
 0.228759756108 -0.146286153194  0.262174646601 0.377446963097    -5.437424057 -0.630849678594   8.46489242148  2.23720517854  2.59981030871 0.317742092949 1776585367.86
  0.264779795897 -0.0988514559577   0.256515422115 0.381680641955  -5.35682967591 -0.715020062739   8.53696651544     1.515097919   2.40634163206 -0.761869377815 1776585367.88
 0.285307391552 -0.056474842877  0.233739578945 0.373127198577   -5.3272995698 -0.710390933367   8.63665631789 0.540373804897  1.77370596161 -1.27961369427 1776585367.9
  0.288403396376 -0.0213100936153   0.200574363522 0.351938509449 -5.33261232098 -0.63846178115  8.74456296842 -0.228389828104   1.37703872856   -1.5494655783 1776585367.93
 0.274937752891 0.0060471799123   0.16338881815 0.319880043526  -5.35785155057 -0.524217935286   8.84420019816 -1.13316029693   1.3246936716 -2.05210646875 1776585367.95
  0.24791841083 0.0260179007497  0.127257727781 0.279883902481  -5.39330347046 -0.390514234411    8.9253912662 -1.73499933652 0.911458268678 -1.86107371918 1776585367.96
 0.211538754318 0.0393529802427 0.0953829073793 0.235361850461  -5.43631148444 -0.254597712518   8.98589575902 -2.02838348407 0.535019195413 -1.52196508088 1776585367.98
 0.170195460843 0.0465185952654 0.0689395562942 0.189428448283 -5.49078484528 -0.12709144661   9.0309675038 -1.93427813215 0.184119971793 -1.10851147848 1776585368
 0.127692906291 0.0473340947045 0.0473318626947 0.144174547215   -5.56463939812 -0.0130373880511    9.07100671739  -1.85753909906 -0.123787830723 -0.894457111931 1776585368.03
 0.086769922244 0.0409590533665 0.0287678224374 0.100171108942  -5.66593816292 0.0858723802032   9.11790388522  -2.12454409153  -0.56993071754 -0.980419831119 1776585368.05
0.0489856204908 0.0262200589682  0.011010571854 0.0566419914879 -5.79880670559 0.168885272278  9.18098169922  -1.90346282483  -1.02742762716 -0.970223543981 1776585368.06
   0.014908290043  0.00217047011038 -0.00786112905074 0.0169930986715 -5.96026728633 0.234444059644   9.2635492034  -1.7133127185 -1.52757803536 -1.05868712989 1776585368.08
-0.0155142532071 -0.0312875923092 -0.0288450747111 0.04529507501 -6.13894403123 0.279585998589   9.3609532808 -1.32195710708 -1.72732076077 -1.00832127151 1776585368.1
-0.0425498118236 -0.0729065287555 -0.0516872305352 0.0989819085581 -6.31615261437 0.300523768346    9.460661187 -1.08085822956 -1.88276895803 -0.97877698818 1776585368.13
-0.0663717244433  -0.119877256993 -0.0748993315616 0.156159125312 -6.46926752067 0.294069487508  9.54440480546 -1.19614404841 -2.56288681575 -1.19760537991 1776585368.15
-0.0869211440752  -0.167977605333 -0.0961127713294 0.212154250472 -6.57659167015 0.259339136407  9.59188603446 -1.06677536756 -2.61721584527  -1.0725050345 1776585368.17
 -0.10395159334 -0.212075325425 -0.112681042514 0.26168472396 -6.62243254769 0.199134811609  9.58513518384 -0.832724226034  -2.16985216013 -0.722327318135 1776585368.18
-0.117203385902  -0.24688486633 -0.122380399726 0.299442370293 -6.60091961879 0.120520119472  9.51246354884 -0.526870503582   -1.2956741218 -0.263773651682 1776585368.2
-0.126616813976 -0.267813385618 -0.124028210314 0.321152337764 -6.51739702388 0.034324745627   9.3711138962 -0.328056294902 -0.532884330726 0.0971749745112 1776585368.23
-0.132488340288 -0.271713265646 -0.117852777254 0.324454212712    -6.3869396832 -0.0464165639897    9.16813086796 -0.232936166538  0.273242955367  0.485436402312 1776585368.25
-0.135503067842 -0.257389472902 -0.105509355252 0.309423086083  -6.23043695979 -0.108814986244   8.91948957735 -0.111895316362   1.24160727974   0.76008828889 1776585368.27
-0.136628060208 -0.225778310043 -0.089732273795 0.27873814429   -6.0694437207 -0.142773471748    8.6479449331 -0.0383505474794    2.12218896496    0.86956316395 1776585368.29
-0.136905266683 -0.179796554334 -0.073715794507 0.237705429798  -5.92134219974 -0.143322014844   8.38025905564 -0.0148201295573    2.55253019695   0.735312371671 1776585368.3
 -0.137219387866  -0.123931582056 -0.0603930874487 0.194513553381   -5.7961778592 -0.112076494377   8.14439784879 -0.0267240529203    2.55168867326   0.481477262724 1776585368.33
 -0.138121320477 -0.0636842752046 -0.0518066082847 0.160677038623   -5.69591091982 -0.0574418353239    7.96703410531 -0.064726074179   3.03023873403  0.297209232381 1776585368.35
  -0.139760234545 -0.00497840715093  -0.0487260259047 0.148094339184  -5.61599813586 0.0065358155063   7.87139118657 -0.104445370213   3.01973381728 0.0334757906439 1776585368.36
 -0.141928270034  0.0463825883923 -0.0505864426987 0.157651408258 -5.54848387247 0.062459060156  7.87525186616 -0.111108700983   2.27046335869 -0.176169287565 1776585368.38
-0.144172313065 0.0851807120361 -0.055721632213 0.176483171588  -5.48538406174 0.0925579431863   7.98893615823 -0.100756509329   1.54235281641 -0.284196110403 1776585368.4
 -0.145900152559   0.107183069085 -0.0617896252258 0.191293028103 -5.42120344832 0.081778624342  8.21323099807 -0.0522126106342   0.565650595102  -0.244959082269 1776585368.42
  -0.14641757891   0.109505026532 -0.0662554525735 0.194471702942  -5.35388030179 0.0204190464247   8.53755723346  0.024986652596  -0.39604425491 -0.122523352625 1776585368.45
  -0.14487582767   0.090947281357 -0.0668124556805 0.183641818939   -5.28411240721 -0.0941161550448    8.93895021088 0.170093922696 -1.55708538993 0.124642053898 1776585368.46
-0.140165721771 0.0522738494476 -0.061674193572 0.161810664199  -5.21363394315 -0.256668144918      9.38256401 0.362270268168 -2.44139605097 0.440927614657 1776585368.48
  -0.130839260914 -0.00364733945058   -0.049728222053 0.140018253632  -5.14336780148 -0.454806474013   9.82428306863 0.634337604014 -3.14979818693 0.788298247356 1776585368.5
 -0.115150221848 -0.0719404109181 -0.0305871594409 0.139178197421  -5.07236108292 -0.670307137006   10.2156179847 0.880143090887 -3.16976340096  1.00420624828 1776585368.52
 -0.0912759822224   -0.146131253847 -0.00458818507957 0.172356316171  -4.99804915472 -0.881400764863   10.5104547269  1.36618376212 -3.49566892763  1.37522277857 1776585368.55
-0.0577225469028  -0.218881213801  0.0272204714898 0.227995246099 -4.91783168604 -1.06552767639  10.6725884178   2.0480134693 -3.61902360835  1.79023055699 1776585368.57
-0.013844320629 -0.282959949332 0.0630971738015 0.29023998946 -4.83139456993 -1.20231564069  10.6825210539   2.6831943367 -3.12497124235  2.02350121315 1776585368.59
0.0396459106107 -0.332280987153  0.100649812483 0.349446472874 -4.74288177171 -1.27646170881  10.5419280359 3.02633059656 -2.1156262286 1.95742746262 1776585368.6
0.100323194163 -0.36277138468 0.136940602886 0.400525341956 -4.66203985069 -1.28015331087  10.2745842968   2.70412627481 -0.882576938051   1.47966566632 1776585368.62
  0.16397899474 -0.372861012469  0.168683394157 0.440872467727 -4.60381881958 -1.21464465954  9.92330780411    3.03686681185 -0.0168402403763    1.35536396032 1776585368.65
 0.224902457766 -0.363462210085  0.192540750852 0.468783355515 -4.58646217168 -1.09065770263  9.54339723635  2.96297308707 0.932513789926 0.969345835786 1776585368.66
 0.276509416451 -0.337445176095  0.205498070659 0.482240771089  -4.62861236772 -0.927414546382   9.19382268666  2.35859940514  1.74747278077 0.343670049981 1776585368.69
 0.312237414034 -0.298756241554  0.205266272922 0.478415862393   -4.746179803 -0.75030062935  8.92784868961   1.37283449837   2.35931958372 -0.407277438924 1776585368.7
  0.32656089241 -0.251427941268  0.190649349297 0.454098227798  -4.94960343452 -0.587364471361     8.784754997 0.0791411432432   2.13713156094 -0.928718969519 1776585368.72
 0.315940532203 -0.198757045321     0.161810291 0.406823491489  -5.24178628891 -0.465061250752   8.78395593264 -1.10407295514  2.54765530787 -1.64911240868 1776585368.75
 0.279515368109 -0.142870097204  0.120379212222 0.336202112455  -5.61665024646 -0.403839100653   8.92227613548 -2.71312606864  3.20280900866 -2.59745126464 1776585368.76
  0.219384437285 -0.0847738676798  0.0693708891776 0.245211052421  -6.05813047568 -0.414324259185   9.17459119247 -3.79323236358  3.21846523972 -2.93039775868 1776585368.78
  0.140405895905 -0.0248390993934  0.0129125330196 0.143169584663 -6.53959167785 -0.49492079517  9.49759529587 -4.54791307812  3.24658057954 -3.04075195097 1776585368.8
 0.0495494359531  0.0364648208303 -0.0441814375209 0.0757418588554 -7.02399671884 -0.63152291174  9.83614224603 -4.14543912636  2.74211673703 -2.45501594133 1776585368.82
-0.0450589148241  0.0978417906471 -0.0969236153392 0.144905172484  -7.46547501559 -0.799695861435   10.1313846819 -3.63487791153  2.36572668609 -1.89866467623 1776585368.85
-0.135197133008  0.156705417349 -0.140683106375 0.25025304997  -7.81298599974 -0.969144428443   10.3297491318 -4.49859186378   2.9729839776 -1.99604645544 1776585368.87
-0.213508994684   0.20916537892 -0.171665711312 0.34468153851 -8.01640812813 -1.10967463734  10.3915965297 -4.62764529406   3.1228928269  -1.5517336003 1776585368.88
-0.274221646473  0.250523899163 -0.187300553283 0.41598225047 -8.03464288403 -1.19734992117  10.2982615003  -2.68022697965   1.79561457635 -0.397600848981 1776585368.9
-0.313562271488  0.276195941482 -0.186508210884 0.457592404788 -7.84444116686 -1.21934173812  10.0561449811   -1.260517752 0.731530664539 0.395453909944 1776585368.92
-0.329897390935   0.28283483987 -0.169833769653 0.46655261708 -7.44798749216 -1.17620265077  9.69678648011 -0.231351697214 -0.156574598363   1.07880431618 1776585368.95
-0.323659373721  0.269362407318 -0.139424927722 0.443566012161 -6.87712384697  -1.0809344766  9.27243825498 0.879569693854 -1.21403367553  1.90544888233 1776585368.96
 -0.297121849114   0.237596114864 -0.0988307326375 0.393065924156 -6.19257651664 -0.95510932539  8.84754242781  1.88974492974 -2.09381644925  2.35728758819 1776585368.98
 -0.254060165422    0.19224725548 -0.0526061474251 0.32291327263  -5.47754324213 -0.823137787311   8.48746360376  2.66525425199 -2.65349409545  2.53671608446 1776585369
  -0.199314615968    0.140220445938 -0.00574048381323 0.243764318045 -4.82621978957 -0.70627649513  8.24656562975  2.60528310406 -2.31568132386  2.01680918049 1776585369.02
-0.138279439936 0.0893366492375 0.0370223577154 0.1687391341  -4.3289827917 -0.61795964474  8.15799559674  2.77722488845 -2.11083376554  1.75277452277 1776585369.05
-0.0763641143747  0.0467717406013  0.0718565835512 0.114814817348  -4.05676355595 -0.561550018219   8.22725206079  3.25769216272 -1.95110698241  1.61438654585 1776585369.06
-0.0184960859588  0.0175956354622   0.096382366402 0.099705928291 -4.04751116984 -0.53083045419  8.43084998374  2.92037112267 -1.16650859302  1.03301417707 1776585369.08
 0.0312619342588 0.00378175566786   0.109926825103 0.1143482273  -4.29749490539 -0.512772735278   8.72036906841   2.34841435784 -0.362765025611  0.453281998605 1776585369.1
 0.0699286879026 0.00393645506785   0.113449779607 0.133328052424  -4.75952935839 -0.491573254014   9.03114326173    1.40590451675   0.218952169523 -0.0170722267731 1776585369.12
0.0956459511484 0.0138087667576  0.109144994954 0.145778804818  -5.34907207722 -0.452769162133   9.29402606835  0.833619421546  0.520271061198 -0.301924131218 1776585369.15
  0.10758472573  0.027438002962 0.0998113419552 0.149297090393  -5.95768129779 -0.386443869565   9.44816065816   0.27814708491  0.680577673048 -0.575397759146 1776585369.17
 0.105793472355 0.0386379910943 0.0881530044581 0.143024841701  -6.47177946856 -0.288978131705   9.45251964617 -0.455659482832  0.414215520993 -0.651920469743 1776585369.18
0.0910764688099 0.0424447711704 0.0761926727265 0.126102359803  -6.79338553276 -0.163314163392   9.29414052396   -1.11320271764 -0.0668824254982  -0.632527368519 1776585369.2
0.0649657273809  0.036185015937 0.0649544749525 0.0987369481443   -6.85880666495 -0.0180834426762    8.99145343444  -1.39526696181 -0.512380476308 -0.493977509326 1776585369.22
0.0297936265937 0.0199400228007 0.0544962185059 0.0652311469035 -6.65146121722  0.13391505413  8.59186199211  -1.73919952443  -0.90975875666 -0.472509488369 1776585369.25
 -0.0111968998034 -0.00365493114088   0.0442624476732 0.0458027658649 -6.20606216387  0.27750115942  8.16373551713 -2.28345127915 -1.36852193501 -0.56996960584 1776585369.26
-0.0538234126016 -0.0301734844698  0.0336246670492 0.070271026343 -5.60309302397 0.396989808008  7.78405735669   -2.1919071832  -1.36003106758 -0.584464779497 1776585369.28
 -0.093146546998 -0.0545029173221  0.0224108460888 0.110222925187 -4.95444719029 0.478136702364  7.52392437972   -1.8586176906  -1.10911464643 -0.593591777288 1776585369.3
-0.123946802577 -0.072019034134 0.0112291696345 0.143790282694 -4.38283943827 0.510130597796  7.43466659094  -1.09031994985 -0.565560562867 -0.472549119473 1776585369.32
 -0.141481601118 -0.0795748243508 0.00146223621775 0.162330940551 -3.99879954824 0.487463848788  7.53738055175  -0.414081806711 -0.0918754077477  -0.366002588932 1776585369.35
  -0.142395406478  -0.0761123629844 -0.00507735888398 0.161540469104 -3.87953813227 0.411323089752   7.8180997389  0.417730426071  0.440240451121 -0.214789161802 1776585369.36
  -0.125566269321  -0.0628018712388 -0.00672112932875 0.140556524579 -4.05368354581 0.290036879208  8.22975269103    1.3309404828  0.893390010203 0.0673871617235 1776585369.38
 -0.0926398005987  -0.0427140541804 -0.00255817105899 0.102044927942 -4.49487910197 0.138200213371  8.70069638892  2.13794393395  1.17697573274 0.381731851978 1776585369.4
-0.0480431291227 -0.0201240192659 0.00712069851771 0.052572072003   -5.12564653705 -0.0256033584574    9.14824021898  2.16154539608 0.988443705097 0.533519776974 1776585369.42
 0.00161612523817 0.000387828727299   0.0207063880024 0.0207729818758  -5.83100669829 -0.182118092625   9.49449051778  2.20208559045 0.795901563176 0.646824103326 1776585369.45
0.0487009093592 0.0148422562457  0.035537566697 0.0620885640808  -6.47944040207 -0.314989861346   9.68129406802  2.33518902035 0.558994401502 0.768497023074 1776585369.46
0.0860153423606 0.0205911996114 0.0484816758027 0.10086183377  -6.94727203416 -0.413621474033   9.68118845162   1.57071803592 0.0499784947686  0.557247185216 1776585369.48
 0.108245682429 0.0167369044647 0.0566624003263 0.123320230888 -7.14183737187 -0.47448960875  9.50208963459  0.713483423378 -0.433977895777  0.254881875365 1776585369.5
  0.112998336694 0.00417873266528  0.0581209694056 0.127138243605  -7.01906417178 -0.500592597577   9.18481484605 -0.174550654161 -0.773776961395 -0.109187111965 1776585369.52
  0.101154878386 -0.0146963825227  0.0522268717477 0.114786494036 -6.59228525799 -0.49934011443  8.79414377828 -0.832314566183  -0.92876632141 -0.418601226187 1776585369.54
 0.0764561445373 -0.0365981067233  0.0397425737052 0.0936185644942   -5.9308809946 -0.479721408688   8.40554929509   -1.4276135303  -1.09197364382 -0.746953569229 1776585369.56
 0.0444571332924 -0.0580641721885  0.0225615721649 0.0765304470852  -5.14923410981 -0.449775899205   8.09058545341  -1.69025249754  -1.02510779308 -0.945273770837 1776585369.58
 0.0111781983479 -0.0761880090913 0.00323587992026 0.0770716275062  -4.38805657271 -0.415174103281   7.90398356514 -1.65320969198 -0.82186560976 -1.00620697546 1776585369.6
-0.0181533498635 -0.0891899290515 -0.0155455749163 0.0923366257503 -3.79119303891 -0.37920747977  7.87481977709  -1.22197500025 -0.490366002037  -0.82744339779 1776585369.62
-0.0399458329799 -0.0967035571549 -0.0313820477639 0.109234062731  -3.48150056841 -0.343897593766   8.00296359358 -0.765884139916 -0.234326883465 -0.598687626604 1776585369.64
-0.0525157554263  -0.099703314803 -0.0424064876297 0.120403346066   -3.5394458245 -0.311494252779    8.2607908346  -0.399603826829 -0.0849075899605  -0.401480284221 1776585369.67
-0.0558371749302    -0.1000801403 -0.0473480121879 0.123998624366  -3.98774322869 -0.285498570853   8.59919237636   0.0420541293489 -0.00716816330785  -0.0834965756135 1776585369.68
-0.0509707341289  -0.099966665041 -0.0454740576777 0.121075347527  -4.78470274143 -0.270564231387   8.95640865709   0.430679650174 -0.0239973281187   0.284739051706 1776585369.7
-0.0394386493364  -0.100993860739 -0.0365063097182 0.114402262293  -5.82792151057 -0.271115897362    9.2681440641   0.637179725936 -0.0843524515042   0.562252070841 1776585369.72
-0.0227749163024   -0.10369934243 -0.0205938609031 0.108149699676   -6.9685099975 -0.289101177176   9.47759361295  0.825462096873 -0.140016158403  0.848964009522 1776585369.75
-0.00236875892242   -0.107281712923  0.00161900568708 0.107320073266  -8.03427569296 -0.321752872849   9.54424242061  1.15560941922 -0.16330418194  1.32298130185 1776585369.77
 0.020419261108 -0.109803299087 0.0288563150058 0.115353359857  -8.85846011559 -0.360404324665   9.45045232596    1.33338780193 -0.0438824125505    1.65243675676 1776585369.78
0.0440030058576 -0.108807829263  0.059086464507 0.131402505765  -9.30915732646 -0.391178990056   9.20494360329  1.27869301414 0.212092815192  1.68832684914 1776585369.8
0.0663601577097 -0.102183226102 0.0895145405131 0.151188409579    -9.313892168 -0.397794753064   8.84243886192 0.996183557452  0.48090323405  1.40127306045 1776585369.82
 0.0850105399989 -0.0890116223882   0.116769360834 0.169661263878  -8.87432415058 -0.365952576065   8.41910442311 0.695735522803  0.72219184043  1.07698924335 1776585369.84
 0.0972272443016 -0.0701423753132   0.137296375914 0.182272830362  -8.06769959847 -0.288094557042    8.0040549935 0.391234206994  1.03433582113 0.790571047428 1776585369.86
  0.100409163424 -0.0483011029085   0.147885519986 0.185162425085  -7.03419634487 -0.167001721149   7.66798592192 -0.126493082897   1.13008640107  0.237068330468 1776585369.88
 0.0924741754165 -0.0276785631635   0.146204389533 0.175195032739   -5.95214083556 -0.0169140976289     7.4707485768 -0.752925890412  0.938145005381 -0.444459669969 1776585369.9
 0.0721434588453 -0.0130820595578   0.131199992381 0.150297228641 -5.00559784132 0.138454954256  7.45014348402 -1.32200429007 0.466326616157 -1.06255165544 1776585369.92
   0.039067371112 -0.00883973297338    0.103279045983 0.110774372956 -4.35049196297 0.270701641105  7.61419623676  -1.73611540399 -0.102482564822  -1.48434639148 1776585369.94
-0.0061586115548 -0.0177042160037  0.0642531780299 0.06693159678 -4.08585791051 0.353127633296  7.93865246896  -2.42642848949 -0.748330124088  -2.06924407065 1776585369.96
-0.0619813647726 -0.0400039784441  0.0171052730976 0.0757271301329 -4.23591338304   0.3670301357  8.37046488024 -3.22900739136  -1.4991080314 -2.66095296501 1776585369.98
 -0.125790284314 -0.0732447520593 -0.0343326149881 0.149555066059 -4.74654887261 0.306150725693  8.83684283196 -3.61126303087 -1.98115646395  -2.8183448768 1776585370
  -0.19372436436  -0.112278828817 -0.0857111666822 0.2397541842 -5.49693170771 0.178071169848  9.25825672236 -3.15270061323 -1.79752413634 -2.29692680087 1776585370.02
-0.260496454777 -0.150047982821 -0.132473939248 0.32851506005   -6.32382077892 0.00225306949346    9.56290834591 -2.74464339585 -1.45196047362 -1.84397090793 1776585370.04
-0.319436803759 -0.178782729952 -0.170170255745 0.403684347065  -7.05356357885 -0.194586927863   9.69981248978  -2.4973317459 -1.00850041604  -1.5195924991 1776585370.07
-0.362971923759 -0.191430771981 -0.194828872374 0.454260550135   -7.5352183612 -0.384335410371   9.64789045185  -1.75171983211 -0.115582053765 -0.907385248483 1776585370.09
-0.383658952116 -0.183020238524 -0.203437122385 0.471250742188  -7.66820241872 -0.542909452306   9.41931496091   -0.35801601075    1.11863606622 0.00908912898999 1776585370.1
-0.375699008217 -0.151664461913 -0.194505763605 0.449426685744 -7.41932389425 -0.65391092132   9.0565821148  1.19427514386  2.13314895306 0.884210660398 1776585370.12
 -0.336615211196 -0.0989932810774  -0.168607144184 0.389278613819  -6.82658839212 -0.709877008695   8.62411871895 2.39720600644  2.7247224889 1.47296415364 1776585370.14
 -0.268600132712 -0.0299332824311  -0.128698818315 0.299341641817  -5.99005092972 -0.711297538342   8.19632582506 3.62772191432 3.38547116627 2.03876321378 1776585370.17
 -0.179011027163  0.0480864657523 -0.0800343096798 0.201897862198   -5.0524381223 -0.664177447801   7.84454664453 5.18484976671 4.28757839591 2.72111987326 1776585370.19
-0.0796647483561   0.126305626821 -0.0295414941371 0.152224450641  -4.17377300546 -0.577179116153   7.62542695213 5.63440969084 4.29182613225 2.76750041994 1776585370.2
 0.015081258416   0.19592987598 0.0152996314638 0.19710413334  -3.50466368752 -0.459275825871   7.57259062632 4.27114569137 3.07700379379 1.93645630743 1776585370.22
0.0910933408057  0.249322570315 0.0478769791942 0.269725686475  -3.16246821114 -0.318483637536   7.69269612667 2.63074342132 1.82792395144 1.04377546772 1776585370.24
 0.137410742206  0.280928280451 0.0638351568685 0.319182296005  -3.21357609912 -0.161764499004   7.96602713909  1.37001510182 0.917537001867 0.338026341845 1776585370.27
 0.148620005468  0.287849768557 0.0620706388033 0.329845660098   -3.66387990479 0.00423404891977    8.35101520377 -0.322345875312 -0.307352035764 -0.531820035578 1776585370.28
 0.126021706038  0.270069002515 0.0450450370506 0.301409674489 -4.45834785161 0.172190106969  8.79161110748 -2.07470921434 -1.67208584898 -1.27297879411 1776585370.3
0.0772653711129  0.230342396661 0.0182895943233 0.243643318261 -5.48951604159 0.333471386248  9.22622343975 -2.86518866876 -2.47353052691 -1.43564230735 1776585370.32
0.0145251707039  0.173813531872 -0.010821840057 0.174754790115 -6.61368385687 0.478246587267  9.59695206174 -2.60561687953 -2.55068152964 -1.10053922448 1776585370.34
-0.0483381269654   0.107387051566 -0.0347617876558 0.122788172247 -7.67261514168 0.596400405536  9.85795835236   -2.5297893355  -3.00799498543 -0.820075562001 1776585370.37
-0.0989307334804  0.0389110773218 -0.0476005603562 0.116478218185 -8.51769252623 0.678970506946  9.98196237935 -2.27693234748 -3.70119114761 -0.32810070452 1776585370.39
 -0.129023308076 -0.0237680433143 -0.0463883363304 0.139153913554 -9.03290753848 0.719618108489  9.96403489205    -1.09597643  -3.3194689252 0.464981626962 1776585370.4
 -0.136139754967 -0.0737867756425 -0.0318141703621 0.15808435273 -9.15300208057 0.715647890158  9.82210651767  0.14043602264 -2.15960709765  1.00717718263 1776585370.42
  -0.123665395827   -0.106161328916 -0.00796253315993 0.163177081162 -8.87365544925 0.668295292793  9.59399378947   0.76538381636 -0.932782835166   1.05625622155 1776585370.44
-0.0994766222801  -0.118468594258  0.0187822247719 0.155830607305   -8.251824742 0.582294213938  9.33123079868   1.10305560807 -0.110598169089   1.08491897601 1776585370.47
-0.0734694837646  -0.111194235625    0.04140804899 0.139558409284 -7.39599569771 0.464984240221  9.09051366261 1.28737204144   0.884337101 1.01396509743 1776585370.49
-0.0546459279925 -0.0876729540341  0.0540919548561 0.116613309255 -6.44786188053 0.325316873981  8.92399678921 0.777857350328  1.79620780625 0.383005794952 1776585370.5
-0.0485301505539 -0.0536049810183  0.0536878187163 0.090061375635 -5.55848475308 0.173061956593   8.8699345174 -0.0268701205222    2.00831461828  -0.381934007511 1776585370.52
-0.0556022337922 -0.0161971705327  0.0404989489674 0.0706690993533  -4.86302222644 0.0183479637259   8.94520200678 -0.489468728422      1.52560574 -0.768473887388 1776585370.54
-0.071170581258 0.0169620828871  0.018141973221 0.0753796728888  -4.45845999078 -0.128537676674   9.14105464975 -0.677466257079    1.2044668314  -1.04370178475 1776585370.56
-0.0867238503817  0.0391339319833 -0.0074468880973 0.0954355646488 -4.38833676939 -0.25733735661  9.42310180415 -0.612222096903  0.824870144473  -1.37599398735 1776585370.58
-0.0924055872703   0.045572815113 -0.0295845638349 0.107195710984  -4.63723556054 -0.358317795262   9.73588642736  0.210704565213 -0.147719887355  -1.09216401612 1776585370.6
-0.0799481851838  0.0343836765782 -0.0425678058948 0.0968812036873  -5.13599046425 -0.423288200175   10.0117119113   1.27355988009   -1.0443515863 -0.365268301021 1776585370.62
-0.0452727123171  0.0069226554359 -0.0431026915849 0.0628918409708  -5.77647250637 -0.447097905428   10.1825296412  1.81816204876 -1.34984788374 0.232269565321 1776585370.64
 0.0099558825117 -0.0323632977089 -0.0310825927157 0.0459633572002   -6.4329163836 -0.429236550596   10.1929458756  2.54814482293 -1.72428990248 0.692211527723 1776585370.67
  0.0782559672899  -0.0766672775212 -0.00954573859738 0.10996812713  -6.98547782185 -0.374914834607   10.0119188647  3.82914523012 -2.37971955683  1.31187120768 1776585370.68
 0.147788729012 -0.118023020879 0.0161391583356 0.18981942554    -7.341383932 -0.294997874048   9.64068875597  3.79536593189 -2.15915378237  1.47232649702 1776585370.7
 0.205000600006   -0.1487713007 0.0396219792072 0.256374817701  -7.44974414181 -0.204455054477   9.11502763376  2.41612707145 -1.20786104556  1.04598054639 1776585370.72
 0.237793596155 -0.163017911345 0.0551037232482 0.293525218862  -7.30763903897 -0.119494654545    8.5009695108  0.693305465789 -0.187103207088  0.395243241549 1776585370.74
 0.238435700677 -0.157794472842 0.0586828379808 0.291880719627   -6.95706907658 -0.0540610372224    7.88454511239 -0.682489295507   0.61985886068  -0.12439874591 1776585370.77
 0.205496000348 -0.133684189818 0.0492167731658 0.250044715055   -6.47418906675 -0.0166595292312    7.35734445237  -2.56022586214    1.7145870116 -0.820354945145 1776585370.79
  0.144344758408 -0.0947816309251  0.0285339472425 0.175023292696    -5.95353546157 -0.00841781127597     7.00061707353 -4.34513700708  2.67160613499 -1.50353212733 1776585370.8
  0.0661250065015   -0.047991977675 0.000990729539524 0.081711247396  -5.49047633532 -0.022934821428   6.87089479673 -4.45356027541  2.60637290323 -1.57039964966 1776585370.82
 -0.0145224183261 -0.00180722863869   -0.027485269577 0.0311385091665   -5.16494804867 -0.0479651354411    6.98977393168 -3.12252341357  1.74889994714 -1.08498784946 1776585370.84
-0.0824163794206  0.0352048434788 -0.0506231665061 0.102929809036   -5.02891524362 -0.0685089099299    7.33966288777  -2.33619278377   1.22292994987 -0.753065350229 1776585370.87
 -0.124792862807  0.0559161878864 -0.0630306455707 0.150574702246  -5.09914912575 -0.070542721392   7.86620176055  -1.45232695297   0.58630957825 -0.298912982984 1776585370.89
 -0.133640608229  0.0558842476085 -0.0611659626739 0.157239105468    -5.356038588 -0.044492264932   8.48691257747  0.548370740511 -0.671805117085  0.589367207352 1776585370.9
  -0.10699433157  0.0341113331085 -0.0439014873664 0.120576575783 -5.74831220039 0.012372776124  9.10462155937  2.06369847124 -1.52909561432  1.18393815967 1776585370.92
 -0.0490316593274 -0.00680668059665  -0.0126260404664 0.0510867048752  -6.20277685564 0.0951694818516   9.62343149716  2.86355629231 -1.97798226985  1.51510112324 1776585370.94
 0.0309263638277 -0.0611564606052  0.0290720389712 0.074442837824 -6.63748561308 0.192399085263  9.96459355903  3.84170041651 -2.59441067659  2.01241262947 1776585370.97
 0.120226302201 -0.121111445382 0.0760370051873 0.186826047705 -6.97619352818 0.288406531489  10.0795914959  4.84748977228 -3.25348035588  2.59607251202 1776585370.99
 0.205124012812 -0.178072360511  0.122363567047 0.297923595492 -7.16166671744 0.366636450666  9.95814637965  4.65054902089 -3.13351014409  2.62404893035 1776585371
 0.273059055022 -0.224089175359  0.162272118453 0.38872798519 -7.16551437282  0.41285693308  9.62967105778  3.02174772401 -2.07071400253  1.89238068862 1776585371.02
 0.314602196592 -0.253094509555  0.190924684563 0.446635878589 -6.99278405764 0.417611970742  9.15785729717   1.09017010925 -0.793026692355  0.902060487783 1776585371.04
 0.324790817237 -0.261720612811  0.205077528601 0.464804848155 -6.68052154876 0.377463564047  8.62935960874 -0.229647575304 0.0741015015585  0.263773008412 1776585371.07
 0.303669869867 -0.249566922448  0.203481545682 0.442610187499 -6.29063021478 0.294973333944   8.1386613717   -1.9138090154   1.19070537447 -0.503686411961 1776585371.09
 0.255984012081 -0.218911412917  0.186968588508 0.385236647056  -5.8984022662 0.177709625717  7.77189673156 -3.39548220863  2.25992001206  -1.3536925235 1776585371.1
 0.190107560424 -0.173983626776  0.158207136983 0.30239160886  -5.57882613661 0.0367491055568   7.59250262726 -3.86144737793  2.73662041363 -1.82061750507 1776585371.12
 0.116427756208 -0.120007436948  0.121169799216 0.206492923803  -5.39310292542 -0.114864328607   7.63111159904 -3.10678001751  2.40015520435 -1.67115861426 1776585371.14
 0.0454846182486 -0.0622546001388  0.0804134488956 0.111403808278  -5.37771956527 -0.263412001269   7.88123276853 -2.71808503192  2.39374386531 -1.68761987128 1776585371.17
 -0.0138001661539 -0.00531923308958   0.0403131567669 0.0429405337071  -5.53796108573 -0.395512213463   8.30122483908 -2.71446975015  2.94371486799 -2.04316620989 1776585371.19
-0.0555026465641  0.0472613422991 0.00440089908453 0.0730311314733  -5.84696687399 -0.499046154073   8.82203385854 -1.89968262429  2.93479374785 -1.95098463269 1776585371.2
-0.0774593791941  0.0930270159286 -0.0250652094838 0.123621381016  -6.25046020307 -0.564264795141   9.35928273593 -0.741994939237   2.38981993702  -1.48504616222 1776585371.22
-0.0813004041894   0.130350851733   -0.04723134115 0.16072305328  -6.67626569805 -0.585200686918   9.82764371138  0.123751163195   1.41550109026 -0.814006895703 1776585371.24
-0.0717710443695   0.158091811589 -0.0624817771568 0.184521207935  -7.04685670959 -0.561202057824   10.1550647135  0.539929232625  0.940796939672 -0.519333196198 1776585371.27
-0.0554958716007   0.175313828031 -0.0720515390129 0.197499757817  -7.29261801253 -0.498090518091   10.2944213108  0.890675719629  0.636666302515 -0.415056690635 1776585371.29
-0.0394525192645   0.181193503291 -0.0775422753614 0.200998486012  -7.36340917004 -0.408304976415   10.2305818474    0.754725278078 -0.00455651968886   -0.244508722721 1776585371.3
-0.0294885272078   0.175156813313 -0.0804771512768 0.19500270348  -7.23643415742 -0.309553883544   9.98170098516  0.285702868169 -0.669114106115 -0.124322655513 1776585371.32
-0.0292062431635   0.157196796788 -0.0820009084236 0.179688582115 -6.91929226639 -0.22193380968  9.59467948162  -0.225319279887   -1.06076553191 -0.0519107043425 1776585371.34
-0.0394512259181   0.128254091974 -0.0827724307019 0.157660352083  -6.44816847895 -0.164017534026   9.13590011634  -0.610366819825   -1.39013984361 -0.0214886257838 1776585371.36
-0.0584873202903  0.0905077326781 -0.0830317804967 0.136039306385  -5.88207745201 -0.148839819567   8.67926024539     -1.13287607295     -2.11369824037 -7.27646609063e-05 1776585371.39
-0.0827680354111  0.0474344275912 -0.0827752129417 0.126302448449  -5.29460410741 -0.180840356988   8.29391675721  -1.45448740156  -2.55098613668 0.0316473241502 1776585371.4
 -0.108067389296 0.00355058987083 -0.0819529973368 0.135674098818  -4.76457824584 -0.254617929897   8.03395280146 -1.37793730809 -2.40555432127   0.0621806656 1776585371.42
 -0.130652321419 -0.0361602689538 -0.0806143912859 0.15772214247  -4.36672081696 -0.355889025919    7.9314816406 -0.905158789779  -1.59273051957  0.067721078689 1776585371.44
 -0.148182612617 -0.0670367382365 -0.0789517049383 0.180790991668  -4.16281363771 -0.464476497628   7.99378125844 -0.611457898608  -1.02562702867 0.0702174696638 1776585371.46
 -0.160112134573 -0.0855745960871 -0.0772313398262 0.197290615551  -4.19368171632 -0.558636731504   8.20420236745 -0.513619601501 -0.612969727847 0.0880285060296 1776585371.49
 -0.167516405195 -0.0901102921662 -0.0756381147413 0.204701575874  -4.47238819369 -0.619695015985   8.52603703042 -0.364180813068  0.129684770189 0.0926158489538 1776585371.5
 -0.172446324279 -0.0811823917204 -0.0740945972803 0.204495292926  -4.97944610025 -0.635876655094   8.90835293869 -0.229028189717   0.68764450928 0.0839981071144 1776585371.52
 -0.177054459432 -0.0614728103198 -0.0721399492864 0.200826692191   -5.6612810278 -0.604415976579   9.29291206187 -0.233554231084   1.03361085759  0.115957068585 1776585371.54
 -0.182807941205  -0.035326319204 -0.0689501701423 0.198546765672  -6.43330373775 -0.531458438514   9.62152559299 -0.31630303848  1.30174981269 0.209018809146 1776585371.56
  -0.190061535642 -0.00794199663943  -0.0635446364091 0.200560174156  -7.18852496877 -0.429848983297   9.84336460911 -0.400601632166   1.33210021856  0.360825684411 1776585371.58
 -0.198122822986  0.0155994777208 -0.0551559110666 0.206247839307  -7.81162049672 -0.315480132215   9.92173680447 -0.445074683755   1.11300961855  0.564269337278 1776585371.6
 -0.205745195734  0.0312785323497 -0.0436607634114 0.212639823211  -8.19693759278 -0.203285114881   9.83966444502 -0.38861389337 0.603980008744 0.716863729611 1776585371.62
 -0.211807359493  0.0368678539166 -0.0299124803872 0.217063015437  -8.26753978504 -0.104052823707   9.60338557805 -0.229635436405 0.0235968872061  0.632577754677 1776585371.64
 -0.215855266278  0.0323174233763 -0.0158105072649 0.218833004763   -7.99150941128 -0.0229484012709    9.24284069085 -0.133327596229 -0.355416676978  0.537069057402 1776585371.66
  -0.218237772285   0.0197260467373 -0.00400954780053 0.219164136312  -7.39174921915 0.0399776604426   8.80846253416 -0.101736459132 -0.768821529392  0.484059447611 1776585371.69
 -0.219747192108 0.00290617401153 0.00270717541802 0.219783081891  -6.54654661813 0.0877081728273   8.36419838695 -0.078217685111 -0.970194982809  0.182890063065 1776585371.7
  -0.22090671537  -0.013378936962 0.00223102513976 0.221322728889 -5.57995514794 0.123557012355  7.97753818932 -0.0436511154714  -0.805494968138  -0.261368877088 1776585371.72
  -0.221225019751  -0.0243642111288 -0.00614158245612 0.222647351619 -4.64314103359 0.148966172062  7.70814810379 0.0537996968033 -0.325518847351 -0.595857798632 1776585371.74
  -0.21878190964 -0.0262352233972 -0.0213022313712 0.221376593148 -3.88972223735 0.162664526992  7.59723916854  0.237367209818  0.163726133351 -0.751120999038 1776585371.76
 -0.210396619006 -0.0168952258981 -0.0404068004362 0.21490671341 -3.44938874723 0.161467178982   7.6598395539  0.611814111224  0.692295380067 -0.884872779718 1776585371.78
 -0.192410023241  0.0036057606251 -0.0594441506177 0.201415554503 -3.40452116593 0.142308996952  7.88164461319    1.2940879368    1.3322341902 -0.899948597026 1776585371.8
  -0.16187245574  0.0330593000006 -0.0741519976609 0.181091490691   -3.774095022 0.104586199747  8.22121085433   2.31732191111   1.98327352192 -0.670074896044 1776585371.82
  -0.11776053844   0.067494314874 -0.0810297341863 0.158078603158  -4.50798902419 0.0517326114598   8.61716981384   2.60790768661   1.79387699557 -0.104810101982 1776585371.83
-0.0618079359443   0.101889742526 -0.0781735251783 0.142523123094    -5.49310798867 -0.00875654957545     8.99912897409  2.40351837439  1.28257681517 0.308965800371 1776585371.86
0.00136315792309   0.131061663774 -0.0657167045119 0.146620950627   -6.57072783056 -0.0670309230511    9.30021687194  2.83536821745  1.08908987939 0.724915868326 1776585371.88
0.0649158604335  0.150565467697 -0.045774173897 0.17023308725  -7.56244949787 -0.113799712971   9.46894314433   3.3185994636 0.731556678231  1.21334426774 1776585371.9
  0.121137400992   0.157464864389 -0.0219249204043 0.199875350083  -8.30043942235 -0.143410859488   9.47820610154    2.75796624286 0.00791793460678    1.33129699971 1776585371.92
  0.163093394487    0.15084732876 0.00161707204803 0.222164323961  -8.65659900731 -0.155908856054   9.32983579551   1.69016330973 -0.662054932517    1.1141282565 1776585371.94
 0.186143124182  0.132001431694 0.0209257985903 0.229153943226  -8.56526123109 -0.157193245029   9.05390049929 0.559175465665 -1.01053252122 0.683474746903 1776585371.96
 0.188897725135  0.104214175287 0.0331574550619 0.218271303011  -8.03509322967 -0.157060744802   8.70297884249 -0.293553043881  -1.37462461703  0.370556207526 1776585371.98
 0.173372252669 0.0721991072815 0.0370466524301 0.191423884466  -7.14792796033 -0.165691472073   8.34252482234    -1.21536059482    -1.71748907315 -0.00356620263111 1776585372
 0.144327591475 0.0412298084436 0.0330266740175 0.15369161318 -6.04479517455 -0.18974207699  8.03913678303 -1.80293024308 -1.54738236666 -0.38772870355 1776585372.02
 0.108033019111 0.0161210763946 0.0229951402234 0.111623468842  -4.90185437403 -0.229403859083   7.84883791879  -1.92837610085  -1.07500916087 -0.608720146999 1776585372.04
   0.070825190214 0.000254526356868  0.00982456500948 0.0715038071024 -3.90069543247 -0.27749475678  7.80734240902   -1.5388671057 -0.466102362922 -0.575371683687 1776585372.06
  0.0378538043689 -0.00513527361659 -0.00324437896355 0.0383380690068  -3.19825369547 -0.320987738881   7.92380123001   -1.35365372124 -0.0343279846277  -0.532386486673 1776585372.08
  0.0122998855476 -0.00122964624015  -0.0131931985765 0.018079261684  -2.90136892899 -0.344576784705   8.17886558486  -1.13660400864  0.367184023967 -0.385053912813 1776585372.1
-0.00481887025001  0.00865028781103  -0.0177008477137 0.0202822335921  -3.05000547341 -0.335219910238   8.52724943667  -0.706408626464    0.55927036985 -0.0599667802961 1776585372.12
-0.0143153389146  0.0198418779046 -0.0154525556371 0.0289380462841    -3.611633297 -0.286281834276    8.9044190078 -0.350119076782  0.494923230051  0.299949646933 1776585372.14
 -0.0181579076952   0.0275061569594 -0.00627319398831 0.0335507264505   -4.4875083347 -0.200007366777   9.23659032137 -0.0986742739624   0.181700289405   0.549243082162 1776585372.16
-0.0186898636382  0.0278971934025 0.00889702754897 0.0347378971982  -5.52978276552 -0.087544847394   9.45281909316 0.00470284953231  -0.190508572763   0.811405097974 1776585372.18
-0.0179583470857  0.0194221205403  0.0281579513799 0.0386340681555  -6.56668566823 0.0335360024602   9.49758026124 0.0373342359255 -0.659517020269   1.06882132233 1776585372.2
-0.0172920675465 0.00320483555762  0.0489137636634 0.0519792540029 -7.43162934756 0.143531543654  9.34189979984  0.021021667018 -0.968202297517   1.06441327375 1776585372.22
-0.0171669191407 -0.0170289541545  0.0682311962452 0.0723891188884 -7.99125735048 0.225439431094  8.99095642981 -0.000452424975106     -1.05767629964     0.932560588308 1776585372.24
-0.0173087372385 -0.0357654668684  0.0832741517796 0.0922677915619 -8.16741609025 0.268918978787  8.48629267757 0.00538786113506  -0.688007766598   0.539523705011 1776585372.26
-0.0169317831522 -0.0470548553892  0.0917769849222 0.104517269663 -7.94897524304 0.272260657014  7.90148460243  0.051922175716 -0.233425983669  0.208244499874 1776585372.28
-0.0150123440147 -0.0460893379265  0.0924843062425 0.104417165468 -7.39129264114 0.241932640584  7.33129012256 0.171529171311 0.440987961239 -0.16959117994 1776585372.3
-0.0105372023555 -0.0306148928631  0.0854546521421 0.0913827219513 -6.60356916683 0.190080480042  6.87571094351 0.329246807325   1.1858989505 -0.54518960569 1776585372.32
-0.00271601621236 -0.00179975967888   0.0721231973211 0.0721967552649  -5.7267871941 0.130979288853  6.62170132118  0.493127040476   1.68888049982 -0.774016627914 1776585372.34
0.00882680099126  0.0357036923423  0.0550607387219 0.0662144320463  -4.90675758098 0.0776496332998   6.62605426987  0.603552161615   1.73360302872 -0.787056964472 1776585372.36
0.0238751920189 0.0745790557056 0.0374471627326 0.0868006356002  -4.26758979456 0.0395996084693   6.90302977047  0.771783430201   1.67053556729 -0.772425544917 1776585372.38
0.0414897898713  0.106403169064 0.0223705746201 0.116376456637  -3.89053814712 0.0220864546892   7.41950990295  0.955497519071   1.29710250039 -0.669884878358 1776585372.4
 0.059984867486  0.123598492598 0.0121312146793 0.137920042305  -3.80185801578 0.0266622179755   8.09903703794  0.948320737044  0.397415755289 -0.389804165961 1776585372.42
 0.0770788587455   0.121317592143 0.00774180318458 0.143941113465  -3.97141294342 0.0523428722128   8.83432680252   0.803037788367  -0.658481676945 -0.0893929154514 1776585372.44
0.0902405791803 0.0987891597591 0.0087631959925 0.134087485698  -4.32173704354 0.0966690103056   9.50612062879 0.427039240162 -1.30767498439 0.122603112169 1776585372.46
  0.09717879254 0.0597677903004  0.013512501064 0.114884699425 -4.74544166219 0.156188103691  10.0049036834 0.142929234226 -2.03174912285 0.252731983284 1776585372.49
0.0963504803484 0.0119364846838 0.0195669160869 0.0990391787886  -5.1275114396 0.226319965599  10.2513300101 -0.283098131655  -2.71399702785  0.313062921129 1776585372.5
 0.0873310124066 -0.0346406251023  0.0244026287988 0.0970678470336 -5.36831164361 0.300950166946  10.2113172745 -0.67790889238 -2.17585713634 0.171047814232 1776585372.52
  0.070919102344 -0.0696895950739  0.0259836804478 0.102768236282 -5.40310412883 0.372257684926  9.90271287189    -1.0341332836   -1.35748244689 -0.0335928241061 1776585372.54
 0.0489342618322 -0.0850431367989  0.0231553473228 0.100812039 -5.21455391143 0.431166404013  9.39205436248  -1.09275588622 -0.159706145616 -0.236515229624 1776585372.56
 0.0237714321451 -0.0765802215872  0.0157790755731 0.08172264405   -4.836010977 0.468491955421  8.78195112026  -1.17027870982  0.909704595993 -0.424384944594 1776585372.58
-0.00213769811189  -0.0453428531846  0.00463482677558 0.0456292198857 -4.34505304313 0.476500663017  8.19156813632  -1.35369982356    2.1160268212 -0.658806463924 1776585372.6
 -0.0267794917423  0.00243811683642 -0.00882259374436 0.0283005963199 -3.84855583879 0.450374665722   7.7341286787  -1.24957556287   2.72606072213 -0.733514425302 1776585372.62
-0.0487916921938  0.0564370027734 -0.0227515743945 0.0779961450753  -3.4620824466 0.389082378173   7.4959119393  -1.06340608084   2.66305721364 -0.689571576245 1776585372.64
-0.0674271064835   0.104230767456 -0.0351807651641 0.129027724969 -3.28738649323 0.295376654733  7.52078318736 -0.725183706296   1.67389723685 -0.464304391499 1776585372.66
-0.0823031595327   0.133789475111 -0.0442075466067 0.163180087317 -3.39215809292 0.174982658272  7.80301264964 -0.579073025256  0.716199035025 -0.292955180026 1776585372.69
-0.0930722179285   0.135948708491 -0.0481547216643 0.171648962447 -3.79577970932 0.035345370213  8.28938336097  -0.474044517392  -0.770640278312 -0.0426146039798 1776585372.7
-0.0991743723332   0.106362438934  -0.045724197524 0.152444175956  -4.4638666851 -0.11555011294  8.88980037187 -0.187274351038  -2.48887923249  0.333408954763 1776585372.72
-0.0997994519697  0.0465436564675 -0.0361780678531 0.115909857926 -5.31287132491 -0.26985692335  9.49416400259 0.140250240158 -3.94171495514 0.723751759321 1776585372.74
-0.0941011190743 -0.0362206911854 -0.0195440215225 0.102707973684  -6.22421530586 -0.419895235812   9.99236334409 0.413279226566 -4.01146465667 0.894379071791 1776585372.76
-0.0816028863686   -0.13007997978 0.00320118570224 0.15359062404  -7.06554632699 -0.557743746186   10.2939190154 0.707011399604 -4.14806029702  1.11486616949 1776585372.78
-0.0626506631904  -0.220741601948  0.0300493079478 0.231419362494 -7.71514168762 -0.67488510117  10.3439904931  1.15464790214 -4.41772084243  1.47754882089 1776585372.8
-0.0387306741877  -0.294110473372  0.0580627469103 0.302278544143  -8.08459555235 -0.762447022267   10.1330775536  1.41782216533 -3.34164481877  1.51712634764 1776585372.82
-0.0125014590941  -0.338937545087   0.083710959393 0.34934577523  -8.13504816977 -0.812341255279   9.69872186082  1.40818183426 -1.50658429888  1.24628091649 1776585372.84
 0.012522220799 -0.348944874002  0.103423014585 0.364164318751  -7.88344837988 -0.819151552835   9.11878478703  1.01622057961 0.337225498205 0.688604659911 1776585372.86
0.0325770378244 -0.323978569755  0.114256751973 0.34507677758   -7.3974742974 -0.782165235213   8.49731360405 0.692400688406  1.71687629499 0.241148317602 1776585372.88
 0.044389328307 -0.269927215027  0.114521645033 0.296557449849  -6.78026712459 -0.706713490279   7.94539170534  0.353613026682    3.3766180643 -0.268886957575 1776585372.9
0.0458327713585 -0.197400797078  0.104177106735 0.227860894375  -6.14841624124 -0.604114171159   7.56041929893 -0.235611228897   4.39251313632  -0.86537553169 1776585372.92
 0.036317279462 -0.119439563166 0.0848738494088 0.150958021815 -5.60809531335 -0.48995785219  7.40772787314 -0.800726817007   4.10088460177  -1.22969519573 1776585372.94
  0.016807478055 -0.0487491273176  0.0596022742551 0.0788124344832  -5.23454702839 -0.381065557299   7.50814022501 -1.01905883291  2.70620931834 -1.14999027725 1776585372.96
-0.0105120530403 0.00492025973714  0.0320277571827 0.0340659572764  -5.05921159386 -0.291948089887   7.83405387668 -1.28132911621  1.83584843045 -1.15896617321 1776585372.98
-0.0427984182225  0.0366523435006 0.00568855557405 0.0566344290247  -5.06694793419 -0.231822035889   8.31502017528 -1.85721187736  1.17466773434 -1.35874930787 1776585373
-0.0771516368948  0.0470691227388 -0.0167262323552 0.0919110670145  -5.20347557122 -0.203092346991   8.85191316034 -2.03072300985 0.150347793857 -1.17533315829 1776585373.02
 -0.111077377608  0.0417074843843 -0.0338296478388 0.12337804968   -5.3909212296 -0.201731966094   9.33699726321  -1.82817667557 -0.497145566957 -0.805795986805 1776585373.04
  -0.14270711408  0.0292422817621 -0.0456207812986 0.152648901529  -5.54768250103 -0.219339453867   9.67587779369  -1.22243238016 -0.464538432305  -0.39696403655 1776585373.05
 -0.170777533792  0.0190207350699 -0.0532162538928 0.179885308153  -5.60805597141 -0.246078561028   9.80676045962  -1.07755243089 -0.222720883637 -0.264960258738 1776585373.08
 -0.194461592238  0.0185450731836 -0.0583467327516 0.203871459057  -5.53734070763 -0.273428159173   9.71284617581  -1.20717218219  0.356436862034 -0.272436686977 1776585373.1
 -0.213179477414  0.0315405859675 -0.0627855971996 0.224460084134  -5.33931578176 -0.295811277383   9.42505384166 -0.917522694878   1.10379061562 -0.272661183564 1776585373.12
 -0.226487682282  0.0570728369574 -0.0678639595898 0.243227251671  -5.05479249588 -0.310668280126   9.01436773953 -0.603879497199   1.68645328284 -0.328986906758 1776585373.14
 -0.234071272172  0.0898850669731 -0.0741672171518 0.261475547272  -4.75191206472 -0.317180538736   8.57548274348 -0.20408519005  1.41992880882 -0.29770968175 1776585373.15
   -0.2357918619   0.121806944699 -0.0814364503332 0.277608770319  -4.51054246402 -0.314375531023   8.20546966553 0.0488685841641   1.11674971502 -0.299678514343 1776585373.18
 -0.231710533707   0.143832895685 -0.0886440555543 0.286767225982  -4.40419693468 -0.299555524812   7.98235219462  0.371278760758  0.715625014646 -0.343945754806 1776585373.2
 -0.222024207429   0.148343550004 -0.0941905499732 0.283147341885 -4.48322409954 -0.26782644226   7.9484553844  0.744693864095 -0.386553283981 -0.226089112596 1776585373.22
 -0.206910687477   0.130959871662 -0.0961732907166 0.263081398858  -4.76265342072 -0.213038359008   8.10217088707   1.03476306179  -1.64413074218 0.0434272060778 1776585373.24
 -0.186341284835  0.0916471021172 -0.0926929997705 0.22740769109   -5.2171619709 -0.129869257461   8.39973100042  1.02609896779  -2.0999859595 0.305909058106 1776585373.25
 -0.159961377411  0.0348747034255 -0.0821763765086 0.183185272493   -5.78432637526 -0.0163180720024    8.76624652367 1.23298968585 -2.5577569416 0.60395218233 1776585373.28
 -0.127140609851 -0.0311608492579 -0.0636948846509 0.145577373003 -6.37580587998 0.124293711331  9.11322751032  1.97014625707 -3.54803011199  1.21732285929 1776585373.3
-0.0872516215808 -0.0960680639932 -0.0372501444853 0.135016634723 -6.89455634424 0.282522565484  9.35851879358  2.60756684387 -3.53969104131  1.79014281434 1776585373.32
 -0.0401590070174    -0.14923567485 -0.00398040727935 0.154595847728 -7.25483691649 0.443467754899  9.44425969102  2.93720519568 -2.50905995792  2.07685202304 1776585373.34
0.0131887534628 -0.181867627316 0.0337696795334 0.185445863635 -7.40092917524 0.588666084769  9.34910152299   2.47983541213 -0.886157821804   1.71950047487 1776585373.35
0.0702412469941 -0.188686699762 0.0725703542227 0.2140162605 -7.32042327224 0.698656731111   9.0922884287  2.30657629931 0.262177776079  1.51471477468 1776585373.38
 0.126599300356 -0.168976779102  0.108245703169 0.237271294052 -7.04879284308 0.755617501958  8.72900685709  2.7864198225 1.62862250532 1.67882694167 1776585373.4
0.176193259965 -0.12675926463 0.136406784205 0.256356756891 -6.66369535512 0.745672760046  8.33825011059 2.49163766583 2.88768215353 1.30949150206 1776585373.42
  0.211942101056 -0.0700687854184   0.153098000038 0.270680783407 -6.26964548774 0.660735999785  8.00593837736  1.49496957269  3.46298699703 0.561802908095 1776585373.44
    0.22682606999 -0.00947208638787    0.155434368737 0.275135656417 -5.97589755136 0.499899199265  7.80688299776  0.078864281679   2.76349948821 -0.266711901725 1776585373.45
 0.215193916931 0.0438787623722   0.14210065146 0.261584332131 -5.87202371513 0.270348516499  7.78925751455  -1.08483416137   1.84509218454 -0.859675074323 1776585373.48
 0.174053773733 0.0802833387746  0.113615048031 0.222819455556   -6.00641626896 -0.0123640349353    7.96459706916 -2.74247191413   1.2182324997 -1.72234578531 1776585373.5
  0.10407889233  0.093237128989 0.0723174411668 0.157338457942  -6.37260255475 -0.324996337214   8.30518527171   -4.70964475495 0.00810187251674   -2.62868057875 1776585373.52
0.0100972535238 0.0805653886731 0.0221029822893 0.0841503309967  -6.90686580146 -0.638534576539   8.74924947007 -6.01278890107 -1.43506064696 -3.08841171609 1776585373.54
-0.0990824468295  0.0447490068198 -0.0320344445288 0.113340242268  -7.49842417353 -0.921438648436   9.21291558629   -5.242412619 -2.08544648005 -2.52305859357 1776585373.55
  -0.211545486184 -0.00760471638085  -0.0845688231875 0.22795001709 -8.01072589798 -1.14391535261   9.6066002629 -4.18741798386 -2.18039918705 -1.91177312024 1776585373.58
 -0.313767407293 -0.0670379977429  -0.130049244655 0.346203531259 -8.30982417761 -1.28249270537  9.85265130927 -4.32481490322 -2.75772338385 -1.89077292612 1776585373.6
-0.392546597047 -0.123020290711 -0.163700995934 0.442746924156 -8.29393667904  -1.3238892239  9.90076381943 -3.78036731418 -3.02998361009 -1.59205890779 1776585373.62
-0.437098134259 -0.165888202041 -0.181988584447 0.501690661083  -7.9177200615 -1.26720729347   9.7380972552  -1.46548737817  -1.98418793407 -0.587189001377 1776585373.64
 -0.44096532025 -0.188576533497 -0.183101327966 0.513359152009 -7.20574964406 -1.12386860705   9.3920599435  0.866797206637 -0.563536988249  0.377677538961 1776585373.65
-0.403372991077 -0.187814167505 -0.167293995009 0.475364294212  -6.25199038163 -0.915320401876   8.92520623855   2.1130417431 0.455753623634 0.875599061697 1776585373.67
-0.329680979429 -0.164574053779 -0.136987490072 0.3931154281  -5.20507266718 -0.669134280262     8.423275828 3.94898322115 1.46593409486 1.61841184504 1776585373.71
 -0.230727183275  -0.123724916724 -0.0965385613451 0.279038674644  -4.24216228902 -0.414477234265   7.97874139925 6.52827059252 2.86605975113 2.67088307229 1776585373.72
 -0.121077850545 -0.0729925203262  -0.051642595453 0.150514821799  -3.53646260099 -0.177961546782   7.67305619376 6.22593561201 2.97165572105 2.56033808928 1776585373.74
 -0.0164778960287  -0.0214631588363 -0.00843122376203 0.0283420849425 -3.22451972991 0.019384610646  7.56098571907 5.04298682692 2.52248492957 2.10188923807 1776585373.75
0.0689727034379 0.0220701230497 0.0275694326197 0.0774880491814 -3.37943584076 0.163715592438  7.65998132197 2.84037374754 1.44407788764 1.21857111891 1776585373.77
 0.125287383904 0.0506119003574 0.0523886158593 0.144924325408 -3.99497303626 0.248665659087  7.94661780208  1.76678821349 0.847741721931 0.818316659108 1776585373.8
 0.148149323199 0.0600607115429 0.0642413701321 0.172285996738 -4.98361794498 0.274775952193  8.36084325874   0.411313993551 -0.0261233801804   0.333378010637 1776585373.82
 0.139227211077 0.0497265538567 0.0636871175497 0.160975139088 -6.18929247466 0.248546581122  8.81738004841  -1.26288191592  -1.11394408355 -0.322411412122 1776585373.84
 0.105236128976  0.022208479906 0.0532857111953 0.120030106386 -7.41287170236 0.181434241197  9.22228667533   -2.0764243852  -1.67331295375 -0.669837334774 1776585373.85
 0.0560356590606 -0.0173144145614   0.036850210858 0.0692655908676  -8.44634559717 0.0888027459611   9.49165307362  -2.10091567611  -1.72276365637 -0.709875587743 1776585373.88
0.00227367734624 -0.0622213578331  0.0184958661307 0.0649520133883   -9.10969509075 -0.0114406952347    9.56884634153  -2.37395057621  -2.04143616122 -0.810459588845 1776585373.9
-0.0468399624208   -0.10578045758 0.00172878300533 0.115699939396 -9.28371077156 -0.10085167738  9.43679664952   -2.5189830115  -2.31079240203 -0.856069190177 1776585373.92
-0.0851216110814  -0.142393541428 -0.0112051733158 0.166274367305  -8.93236776071 -0.163192878281     9.122580701  -1.86521284691  -1.85028536677 -0.628529927841 1776585373.94
 -0.110056934168  -0.168491497743 -0.0195737502451 0.202200507588   -8.1100917006 -0.187565451376   8.69296582264 -0.979348861566  -1.06225340357  -0.33546968759 1776585373.95
 -0.122460958253  -0.182893765788 -0.0239955278278 0.221410481269  -6.95209401287 -0.171140574655   8.24140570238 -0.313288028169 -0.369847191277 -0.130603821278 1776585373.98
 -0.125376459887  -0.186576719805 -0.0259601691924 0.226283140007   -5.6493604767 -0.120535543661   7.86886243858 -0.00322256736799   0.0209082207143  -0.0710286690761 1776585374
 -0.122606699324  -0.181948188507 -0.0272078095746 0.221083266943   -4.41307346906 -0.0511154034724     7.6623258646   0.231058633179   0.422387889424 -0.0916766197846 1776585374.02
 -0.117322330919  -0.171853329084 -0.0291557880227 0.210114625918  -3.43548123295 0.0159214318699   7.67561568598  0.346657473041   0.70325115698 -0.159747450264 1776585374.04
  -0.11109749706  -0.158599896785 -0.0325115051798 0.196350653379  -2.85498053417 0.0581226000784   7.91676212138  0.363307181966  0.754735624742 -0.210513655675 1776585374.05
 -0.103563393557  -0.143270463946 -0.0371282266256 0.180638610316  -2.73229322433 0.0569328942356   8.34498247204    0.3781021495  0.679819347859 -0.196588411173 1776585374.08
-0.0926854192451  -0.125495385876 -0.0420845825315 0.161588337772   -3.04230263032 0.00212037174167    8.87825342623  0.625790016159  0.882691533188 -0.196369799996 1776585374.1
-0.0755273770579   -0.10372500341  -0.045925789403 0.136280736533  -3.68288073356 -0.105629417904   9.41014569036   1.23985347971   1.41680735765 -0.140413708757 1776585374.12
-0.0492871893926  -0.075903291028 -0.0469994426394 0.101977861497  -4.49856604403 -0.254554838041    9.8324510128   1.87506247194   1.88159442741 0.0620942821581 1776585374.14
-0.0123668500138 -0.0403444507634 -0.0438341750455 0.0608444622672  -5.31395739249 -0.424053238907   10.0586906879  2.22316885611  2.09876738491 0.303667355753 1776585374.15
 0.0347466368671 0.00342826909987 -0.0355210838346 0.0498079230583 -5.96977199982  -0.5886780576  10.0432252559  2.07763667888  1.93615315612 0.446575759483 1776585374.18
 0.0889806886628  0.0541014929712 -0.0220501189031 0.106445959248  -6.35406316335 -0.722895591438   9.79154057647  2.38896795291   2.2806529888 0.673324158125 1776585374.2
   0.144701255418     0.10839758404 -0.00453067189649 0.180856342252  -6.42220665455 -0.805526840213   9.35923033867 2.98692678354 3.04098956538 1.04449598208 1776585374.22
 0.194332372178  0.161360021045 0.0147902250731 0.25302347327  -6.20173086313 -0.823005353036   8.83980273993 2.57745901651 2.99758471211 1.13366675184 1776585374.24
 0.229530627589  0.207054139791 0.0327805862824 0.310854134029 -5.78137194922 -0.77096726672  8.34407611785  1.32869918164  2.14677492591 0.855451521583 1776585374.25
 0.242733241993  0.239561148242 0.0459519795926 0.344122877681  -5.28717204458 -0.654126366134   7.97592056392 -0.0160089986958   0.984269595755   0.384925620977 1776585374.27
0.228765568183  0.25409172948  0.05117592583 0.345709802523  -4.85125794599 -0.484757598127   7.80993192697   -1.20016019767   0.179319080514 0.00985181392844 1776585374.3
 0.186123493785  0.248019359084 0.0464166748116 0.313544359094  -4.5805175676 -0.28033381154  7.87608335994  -2.80150931507 -0.817912872593  -0.50144368678 1776585374.32
 0.117581629063  0.221631093157 0.0312750516679 0.252831781633   -4.53236443177 -0.0609014485957    8.15464797652 -4.63424921197 -2.06497098752 -1.16426408435 1776585374.34
 0.0299250372359   0.178419027657 0.00717488079653 0.181053407033 -4.70311886703 0.153327093873  8.58219752355  -5.7197629635 -2.99779524698 -1.67646387431 1776585374.36
-0.0671775980568   0.124796602561  -0.022877921399 0.143563299555 -5.03157784671 0.343866867059  9.06689561593 -4.14655493661 -2.34799833725 -1.33491441742 1776585374.37
 -0.162915336874  0.0692226261415 -0.0549068713073 0.185331981793 -5.41674868947 0.495217303889  9.50924135289 -3.91324577182  -2.2586933494 -1.34496444041 1776585374.4
 -0.24728488249 0.0208401558545 -0.084779960562 0.26224371664 -5.74531908729 0.595495347474   9.8233296098 -4.14388023555 -2.24954745696 -1.49572416464 1776585374.42
 -0.312793581153 -0.0121403004169  -0.109005083364 0.331465412229  -5.9220486445 0.636563856767  9.95377631903 -2.96542375333  -1.2283057195 -1.11000566363 1776585374.44
 -0.355535507832 -0.0239982461098  -0.125299905506 0.377732020705 -5.89550810671 0.613877941766  9.88465023822   -1.67664880975 -0.0141112592946  -0.637255165482 1776585374.46
  -0.37543589997 -0.0126675199505  -0.132813969883 0.398437111278 -5.67270455165 0.526361405764  9.63877020513 -0.433770212486   0.94230350995 -0.144274820231 1776585374.48
 -0.37568067786 0.0197642435214 -0.132000321304 0.398686194725 -5.31889298114 0.376630718164  9.26810402911 0.301283181864  1.73619762296 0.185929020294 1776585374.5
-0.361549001829 0.0673581867358 -0.124244034615 0.388189884182 -4.94261602367 0.171720120762  8.83817331557  1.01363378087  2.80752987937 0.568728147931 1776585374.52
 -0.33898974618  0.121389592775 -0.111413827429 0.376911822833    -4.6697648111 -0.0758784544552    8.41077511401  1.37918805788  2.99003336311 0.821878853667 1776585374.54
 -0.313298674991   0.171963273913 -0.0954909410211 0.369926948387  -4.61321357501 -0.347435069124   8.02959505495  1.38529562259  2.41119213323 0.901070914049 1776585374.56
 -0.288172171897   0.209840702662 -0.0783593390143 0.364988365788  -4.84560502222 -0.618254427875   7.71232911703 1.03822797128 1.21355422648 0.72945641082 1776585374.58
 -0.265276561879   0.228094913537 -0.0617507228422 0.355263417249  -5.38188766522 -0.859662433703    7.4510172367 0.957917174167 0.293063608324 0.679285220222 1776585374.6
 -0.244329968696   0.223253714364 -0.0472696357917 0.334325848609 -6.17552173435 -1.04285339766  7.21995673825   1.12560938472 -0.874225120293   0.68429954026 1776585374.62
-0.223585069144  0.195714453009 -0.036404923759 0.29936557707 -7.12864685629 -1.14401125845  6.98845911792  1.26246437799 -2.12975312118 0.484511087235 1776585374.64
 -0.200542124439   0.149384463397 -0.0304646499257 0.251914581702 -8.11297484175 -1.14946695499  6.73443156029  1.41881023617 -2.92915190244 0.166613299866 1776585374.66
 -0.172708476236  0.0906790754039 -0.0304303988971 0.197425737068 -8.99572914078 -1.05939364781  6.45467349508   1.36411967765   -2.6764160202 -0.138355472398 1776585374.68
 -0.138241108268   0.027149266231 -0.0367835137795 0.145604648133 -9.66424143272 -0.88883151587  6.16890314841   1.65260682504  -2.69684310504 -0.410280827278 1776585374.7
-0.0963528576102 -0.0339235345463 -0.0493866599402 0.113462423497 -10.0439029366 -0.66558828518  5.91650924839   2.42592664152  -3.03996591979 -0.820511040292 1776585374.72
 -0.047424098009 -0.0866549236403 -0.0675001720199 0.11964277699  -10.1065287674 -0.425480299007   5.74720802298  2.89967037531 -2.61285226235 -1.13697283861 1776585374.74
0.00716838016125  -0.127205068411 -0.0899777686979 0.155976004448 -9.86894316421 -0.20609910253  5.70846757719  3.12149410522 -1.85985188654 -1.33129004059 1776585374.76
0.0654297547676  -0.15389562438 -0.115631357016 0.203311403364   -9.38386223432 -0.0405616237091    5.83325198582  2.64053145459 -0.88766055921 -1.20154941014 1776585374.78
 0.125215630206 -0.166888703994 -0.143694077744 0.253335314449  -8.72640424623 0.0475086269202   6.13123686106  2.58478399722 -0.29735214019 -1.27099784823 1776585374.8
 0.184662609185 -0.167612106871 -0.174260898814 0.304238325094   -7.9797094347 0.0470568414949   6.58543005244  3.11232285124 0.232343267679 -1.72182578009 1776585374.82
 0.242471352402 -0.158135249114 -0.208563287974 0.356788114766   -7.22246746725 -0.0393842390946    7.15457577518  3.16555389959  0.75302591978 -2.08661475994 1776585374.84
 0.297972017279 -0.140657923194 -0.248950223611 0.412974803438  -6.52004685907 -0.196417287719   7.78031064253  2.95300315697   1.1143703195 -2.44825782585 1776585374.86
 0.350954318453 -0.117197196863 -0.298503683052 0.47540358159  -5.91977996353 -0.397789551055   8.39711244576  2.29175595604  1.13510433564 -2.46968275416 1776585374.88
  0.401302284317 -0.0894785496623  -0.360302821087 0.546688263209  -5.45003571649 -0.609336960378   8.94277008155  2.16339057811  1.29079212457 -3.05846907752 1776585374.9
  0.448528334507 -0.0589794285322  -0.436447849903 0.628603981479  -5.12212904536 -0.792708685135   9.36735336576  2.52734125732  1.75243389018 -4.68019593176 1776585374.92
  0.491340576099 -0.0270468723113  -0.527038059425 0.721052155607  -4.93388519102 -0.909833154191   9.63929660242  2.31653476425  1.87901245827 -5.66644337252 1776585374.94
  0.527388088889 0.00498613901593   -0.62934559505 0.821120536762  -4.87374470748 -0.928012187826   9.74799927109  1.75882691353  1.78216881996 -5.97184001375 1776585374.96
 0.553302651904 0.0357375203258 -0.737421241978 0.922611013961  -4.92456349808 -0.825263240908   9.70307683643  0.91645083846  1.42920362216 -5.17623821171 1776585374.97
 0.565092478732 0.0637860748915 -0.842305085361 1.01630508692  -5.06661579691 -0.595167285582   9.53091793758 0.115358768113  1.08045143672 -4.06104150112 1776585375
 0.558855506081 0.0877456110164 -0.932901582427 1.09101976674   -5.2796394683 -0.250178535966   9.26946709642 -0.811590588184   1.03471517309  -3.76887779801 1776585375.02
 0.531686356067  0.106376295254 -0.997436990364 1.13529152519  -5.5440018353 0.177720392129  8.96218727806 -2.19303304067 0.890009450463  -2.6558427065 1776585375.04
0.482576009586 0.118702496526 -1.02527882466 1.13937112304 -5.84119028802 0.639854599406  8.65205056825  -3.07379429424  0.459632979208 -0.294352323547 1776585375.06
0.413069507341 0.124113401367 -1.00879596292 1.09713255767 -6.15386736688  1.07736474959  8.37625053261  -3.36390512699 0.0809185957476   1.74323173268 1776585375.08
 0.327471442958  0.122433530325 -0.944901051738 1.00750459695 -6.46571429073   1.4306490939  8.16218252014  -3.98179679309 -0.223911120811   3.81083355453 1776585375.1
 0.232475738376  0.113957947605 -0.835956204824 0.875130938283 -6.76125034222  1.65007186844  8.02509934891  -4.95153938489 -0.595124708053   6.60416213279 1776585375.12
 0.136231210701 0.0994483981176 -0.689832596868 0.710153461132 -7.02576849152   1.7056441411  7.96768117926  -5.08397723026 -0.928519944375   8.68619313752 1776585375.14
0.0470052307758  0.080084258247 -0.519071888202 0.527312625737 -7.2454692445 1.59332806432 7.98152258675 -4.52282134868 -1.15713487087  9.63848432356 1776585375.16
-0.0282693697008  0.0573619783393  -0.339269056283 0.345243459567 -7.40780886053   1.3362328751  8.05024023954 -2.98220649553 -1.06316655437  7.94156344097 1776585375.18
-0.0852247818318  0.0329438180732  -0.166945690537 0.190314009407 -7.50201980097 0.980138591104  8.15359897896 -2.05663666567 -1.06408450591  7.00804028216 1776585375.2
 -0.122763356898 0.00847167634438 -0.0172784588404 0.124262449022 -7.51972821954 0.584184240605  8.27183450627 -1.53202656659 -1.26004107252  7.01690127812 1776585375.22
 -0.143056236642 -0.0146206367042  0.0979306621455 0.173980643889 -7.45559276791 0.208785188766  8.38930207635 -0.814084323193  -1.26831038968   5.48206193196 1776585375.24
 -0.150828209306 -0.0352522265476   0.171710881239 0.231249853913  -7.30791179018 -0.096459455757   8.49673995126 -0.250491050238  -1.05632661689   2.89904670775 1776585375.26
-0.152099418969 -0.052755948065  0.202591519008 0.258767746987  -7.07917038825 -0.302135533039   8.59177379465  -0.04216528475 -0.716039070843  0.514855494554 1776585375.28
 -0.152687991846 -0.0668345334162   0.194419592096 0.256084859962  -6.77650117058 -0.403646207368   8.67771481038 -0.101048615526 -0.526671170218  -1.00732066774 1776585375.3
 -0.156832218123 -0.0774235682582   0.155411788941 0.23397345513 -6.41200047801 -0.42028239009  8.76110473877 -0.344508792788 -0.448724458039  -2.48278177132 1776585375.32
 -0.166255101993 -0.0845057635132  0.0966450955739 0.210052987372  -6.00278529463 -0.389215714035   8.84873193543 -0.638938068188  -0.29157910739  -3.46941816255 1776585375.34
 -0.179880611529 -0.0879416924875  0.0302595736005 0.202500413521  -5.57062688575 -0.355991206246   8.94492318772  -0.764646818378 -0.0785539078926   -3.52283768343 1776585375.36
 -0.194251288716 -0.0873818754911 -0.0323373564685 0.21544108233  -5.14099542447 -0.363731478575   9.04979621653 -0.570113650203  0.130417719126  -2.59642553186 1776585375.38
 -0.204531414388 -0.0823026387965 -0.0820057157851 0.23522704191  -4.74142088595 -0.443353288119   9.15887643223 -0.252169476085   0.33078528398  -1.75297342315 1776585375.4
 -0.205847538386 -0.0721704042223  -0.112949482076 0.245640716915  -4.39921252776 -0.606701959263   9.26411242203 0.254110722472 0.658285448302 -1.05953380376 1776585375.42
 -0.194647502424 -0.0566979128141  -0.123217431439 0.237244260052  -4.13874250559 -0.843791676369   9.35595994023    1.01410535824    1.01302904845 -0.0463076718438 1776585375.44
 -0.169762607896 -0.0361237720838  -0.114597248855 0.207982690131 -3.97863481151 -1.12449620924   9.4259336296  1.67368747883  1.22752968249 0.847775979923 1776585375.46
 -0.132929861642 -0.0114324513997 -0.0919554819686 0.162039685649 -3.92927000392 -1.40423506262  9.46891629861  1.8870670257 1.20247223677 1.22022744476 1776585375.48
-0.0886520516607  0.0155612982683  -0.062149018119 0.109379343208  -3.9910133503 -1.63255404702  9.48459455753  1.9888775799 1.19414917746  1.3168058388 1776585375.5
-0.0434150448757  0.0423134633274 -0.0326890723272 0.0688757631532  -4.1535173924 -1.76305644462   9.4776344329 2.17863306561 1.30056812094  1.3391929195 1776585375.52
-0.00441663995727   0.0658469075547  -0.0103700064509 0.0668046328994 -4.39635416725 -1.76291713448  9.45655103982 1.86241342257 1.16541737043 0.92939424512 1776585375.54
   0.0219334332986    0.0832057006106 -7.84291658286e-05 0.0860480694815 -4.69108900417 -1.62022138832  9.43156412646 0.989587122994 0.721728844931 0.176671292896 1776585375.56
  0.0314250988903   0.0919871191417 -0.00397116981014 0.0972879083849 -5.00469586547 -1.34763871782  9.41197309541 0.0261575472643  0.177807675549 -0.490821926766 1776585375.58
 0.0230566732164  0.0908409990142 -0.0211549764089 0.096079291778  -5.30393313147 -0.981491059917   9.40367506172 -0.714942278393 -0.271581016413 -0.981012966659 1776585375.6
-0.000604686911104    0.0798201483996   -0.0479210607875 0.0931023619668  -5.55999866843 -0.576079605708   9.40738406654 -1.45449214918 -0.77607836803 -1.46611770019 1776585375.62
-0.0338273948395  0.0604891715887 -0.0784937108135 0.104711485322  -5.75256604015 -0.194090058068   9.41793046769 -1.87676720084 -1.21222807549  -1.6019337451 1776585375.64
-0.0688341459789  0.0357498631665  -0.106159009981 0.131475958902 -5.87228847569 0.105190461031  9.42479158028 -1.71262280359 -1.37581386091  -1.2408662971 1776585375.66
-0.0974148307001 0.00940700950757  -0.124565447049 0.158413041341 -5.92111944137 0.277479641486  9.41378858884  -1.01166100423  -1.15792815609 -0.525817061187 1776585375.68
 -0.112684325229 -0.0144402271811  -0.128950411735 0.171856003677 -5.91031613972 0.302423579747  9.36971473901 -0.286344647158 -0.901552094404  0.163253694491 1776585375.7
 -0.110584637465 -0.0320579418711  -0.117056944162 0.164191966481 -5.85662697739 0.187781227482  9.27953536727  0.549698867262 -0.657920680815  0.988287235501 1776585375.72
-0.0907775166716 -0.0406599326579 -0.0895648125325 0.133849330595   -5.77770233223 -0.0322112045393    9.13570009398   1.48535807023 -0.186199472799   1.85000991174 1776585375.74
-0.0567111982029 -0.0388113343288 -0.0499577048519 0.084960296304  -5.68800781088 -0.304094081894   8.93901873996   2.0734938658 0.383969130409  2.34011419722 1776585375.76
 -0.0148394541868  -0.0265977392277 -0.00386224979008 0.0307012394869  -5.59636117061 -0.566578143185   8.70049522353  1.98627191339 0.790742650391  2.18644983532 1776585375.78
  0.0268288288016 -0.00555372145014   0.0420015465757 0.0501473807049  -5.50570501863 -0.763644136722   8.44153961849 1.65867561217 1.06120231429 1.86894570356 1776585375.8
0.0605176467655 0.0216149006289 0.0810478610384 0.103432805619  -5.41503581394 -0.856506770443   8.19214419834  1.3342922119 1.41977568637 1.64350054096 1776585375.82
 0.080405971933 0.0514559234272  0.107994634847 0.144137689498   -5.3227529556 -0.831832454366   7.98693913882 0.645914962407  1.62027575369  1.06930046493 1776585375.84
0.0839018004407 0.0802739802688  0.119759901868 0.166810845333  -5.23025706564 -0.704414798837   7.85950339777 -0.222121290595   1.43766985148  0.214421401707 1776585375.86
 0.07218834464 0.104644138651 0.115927396079 0.172048580399  -5.14452106409 -0.513732000623   7.83579966006 -0.817886226712   1.00124086298 -0.506741939609 1776585375.88
0.0499200572994  0.121873788063 0.0987056600082 0.164584445362  -5.07859873073 -0.315170829757   7.92799358652  -1.06389551687  0.569237749808 -0.963607371055 1776585375.9
0.0241275452655  0.130359089843 0.0723970495348 0.15105285011  -5.04956842745 -0.167897971386   8.13007497399 -1.15953606009 0.193909726414 -1.37661298129 1776585375.92
0.00256332610097   0.129793275094  0.0424832679987 0.136593165862  -5.07412773752 -0.122109807426   8.41653719633  -0.89191446073 -0.253146093355  -1.59972332654 1776585375.94
-0.00814704078333    0.121198810766   0.0145098748896 0.122335859313  -5.16280760231 -0.208508579466   8.74488059518 -0.184126111425 -0.634100061586  -1.36308197885 1776585375.96
-0.00412092430862    0.106773815423 -0.00700010622196 0.107082356923   -5.3143732422 -0.432295961457   9.06195307791  0.557557601155 -0.768746935948 -0.823245759251 1776585375.98
 0.0147973039934  0.0895637030964 -0.0193679423926 0.092820979904  -5.51222151003 -0.772869482729   9.31326534099   1.04531863059 -0.719578628669 -0.322226848579 1776585376
0.0449556457489 0.0729903833205 -0.022128305458 0.0885339937223 -5.72431607967 -1.18901795787   9.4536109408   1.51496760481 -0.682438402051 0.0584970455466 1776585376.03
 0.0797772630144  0.0602925693384 -0.0168588883308 0.101409209282 -5.90740125296  -1.6280848011  9.45679677221    1.8215000267 -0.521848046178  0.427740893183 1776585376.04
   0.111412995428   0.0539507799302 -0.00652219747371 0.123959998649 -6.01507417788 -2.03665312066   9.3222319979    1.4730438889 -0.142007526616  0.621523376147 1776585376.06
  0.132742241692   0.055186526215 0.00548869588825 0.143861673797 -6.00812066743 -2.37007204795  9.07662729488 0.694647010793 0.242175673829 0.571352842372 1776585376.08
  0.13917897535 0.0636308689434 0.0163155478898 0.153902149969 -5.86472998415 -2.59867964293  8.77007048695 -0.0652800759804    0.48687785704   0.415718480084 1776585376.1
 0.129784695831 0.0772447663388 0.0243230255358 0.152978530421 -5.58806916236   -2.709719362  8.46704686164 -0.756278563693  0.688030743791  0.309512833886 1776585376.13
 0.107405677367 0.0925368923233 0.0293190150945 0.144771062777  -5.2092333258 -2.70529191903  8.23420395416 -1.41765024341 0.759687413369 0.217341566861 1776585376.14
0.0778637234496  0.105068067178 0.0322830887056 0.134700616132 -4.78457701138 -2.59774661955   8.1274431569 -1.59142336348 0.476498897643  0.14665791748 1776585376.16
0.0485105859944  0.110171072366 0.0347465032468 0.125292703809 -4.38757266403 -2.40435457409  8.18101837242   -1.29740211564 -0.0328445842945   0.146395048549 1776585376.18
0.0265928336741  0.103770111024 0.0380683454948 0.113686470934 -4.09640764799 -2.14287305126  8.40075092299 -0.662351526271 -0.583018525842  0.175069667949 1776585376.2
0.0178308046002 0.0831659546722 0.0428556400547 0.0952424248627 -3.97940067075 -1.82892622668  8.76247515847 -0.0262943638368   -1.28885630983   0.244091182218 1776585376.23
0.0254480460083 0.0476566862741 0.0486954356374 0.0727324428586 -4.08091002612 -1.47532647141  9.21574672146 0.880920379769 -2.32991159896 0.314953698479 1776585376.25
   0.049698950539 -0.00112084872723   0.0542493944252 0.0735815111427 -4.41060235415 -1.09282972703  9.69194580583  1.74033525475 -2.98220168025 0.249975408403 1776585376.26
 0.0878192319842 -0.0592212587133  0.0576542053023 0.120595946777  -4.93861420777 -0.691517301019   10.1153133999  2.22454849046 -3.14817108834 0.075086638046 1776585376.28
 0.134299388242  -0.12084701032 0.0571049682514 0.189476391628  -5.59820147011 -0.282044743883   10.4151572814   2.01646798425  -2.58484881946 -0.132977238855 1776585376.3
 0.181431564333 -0.179220052966 0.0514808816612 0.260168255362 -6.29602433421 0.123697498244  10.5373825376   1.95333516697  -2.43273046184 -0.368930401835 1776585376.33
 0.220146298243 -0.227762810816 0.0408908870541 0.319393730785 -6.92853439031 0.512575070272  10.4535835329   1.65155018911  -2.27119944676 -0.675401423452 1776585376.35
 0.241174444413 -0.261378014063 0.0270490318068 0.356672439355 -7.40142392659 0.870621245266  10.1661909661  0.456031198896  -1.38774948087 -0.765990992198 1776585376.36
 0.236504171653 -0.277541489089 0.0134147325416 0.364888279374 -7.64818962663  1.18357118692  9.70866024622  -1.03389751789  -0.39955986185 -0.565773872033 1776585376.38
   0.20096333089   -0.27691799427 0.00504453232441 0.342191880703 -7.64384682238  1.43739087752   9.1404521159  -2.24309298227  0.310482025954 -0.115623999413 1776585376.4
 0.133603188104 -0.263298251694  0.008110528322 0.295366825975 -7.41075231438  1.61894819535  8.53751483724 -3.81877269953 0.801409490092  0.56465296906 1776585376.43
0.0384769517854 -0.242818523977 0.0290701613974 0.247560872693 -7.01512732955  1.71715103843  7.97990986823 -5.71391002501  1.11160461797  1.78764562812 1776585376.45
-0.0755347378119  -0.222611806997  0.0735411174107 0.246312421897 -6.55480737635  1.72480407544  7.53884781371 -6.38669222512 0.915986220835  3.15887052249 1776585376.46
-0.195989331255 -0.209191119219  0.145037645646 0.321261048029 -6.14053689944  1.64110448891  7.26551265011 -6.22399466142 0.417758650761  4.53811020811 1776585376.48
-0.309077883897 -0.206936236096  0.243824768497 0.444749662008 -5.87441568142  1.47424291247  7.18362161276  -4.65289371942 -0.176827539253   4.98759154539 1776585376.5
-0.402305916731   -0.2170319289  0.366195256252 0.585706303961 -5.8296751793 1.24319955016 7.28684655609  -3.61902262716 -0.691118847735   5.97059861585 1776585376.53
-0.467044451297 -0.237102853796  0.504435177946 0.727188511677 -6.03574472793 0.977714062482  7.54125646917  -2.6277845773 -1.19576574298  7.54395454382 1776585376.55
-0.500332594364 -0.261638683968  0.647614367442 0.859180932545 -6.47161294437 0.715676671534  7.89206555444 -1.05782489591 -1.26709427579   7.6714767048 1776585376.56
 -0.50547647457 -0.283137879898  0.783148954101 0.974164159516 -7.06895416808 0.497832053472  8.27333711256  0.235644021301 -0.835333115938   6.53646377873 1776585376.58
-0.491274103664 -0.293750074785   0.89888531427 1.06566137191 -7.72461459827 0.360550240286  8.61894871216   0.797963588607 -0.0889224479621    4.55051874484 1776585376.6
-0.470027504371 -0.287088196997  0.985302543161 1.12878987827 -8.32015863582 0.328216464141  8.87304911284 0.847281732606 0.787925165506  3.21667652829 1776585376.63
-0.454797774058  -0.25982910501   1.03736646967 1.16210213471 -8.74464723819 0.407208835788   8.9983962367 0.355342026758  1.95883812966  1.85246749732 1776585376.65
-0.456540312066  -0.21273947222     1.055613915 1.16961868878 -8.91603977522 0.583250790759  8.98133298052 -0.732997816166   2.96042499059  0.239890342576 1776585376.66
-0.481778317396 -0.150860329118   1.04619647113 1.16163515883 -8.79683342813 0.823132241233  8.83270382883  -1.96328980826   3.41238398696 -0.939238710471 1776585376.68
 -0.531327151371 -0.0827528488454    1.01983585809 1.15291879732 -8.40077541626  1.08061595932  8.58467331344 -2.61357234296  2.90919379922 -1.24167769709 1776585376.7
 -0.600312119175 -0.0189191559326   0.989882446223 1.15784274935 -7.78940529902  1.30517557688  8.28407092092 -3.38762407763  2.58606419855 -1.14327938973 1776585376.73
-0.679405831026 0.0302883160683  0.969861215496 1.18454229247 -7.05932174851  1.45144621651  7.98344755999  -4.25376979837   2.05716766876 -0.513226659677 1776585376.75
-0.756935645997 0.0568256235964  0.970985474053 1.23247454923 -6.32293029618  1.48714640994  7.73141350904 -3.75507408203 0.699249542962 0.800015257742 1776585376.76
-0.821342536112  0.056718999989   1.00010070671 1.29538489652 -5.68665870027  1.39774922873   7.5639950625  -2.79957024682 -0.677523776909   2.29802721499 1776585376.78
-0.863437756514 0.0310510561431   1.05840773063 1.3662781019 -5.2310339463 1.18713478414 7.49865185271 -1.33584919126 -1.66855745909  3.32589807741 1776585376.8
 -0.877994170065 -0.0140423606649    1.14114773633 1.43989204689 -4.99654994971 0.874535697243  7.53218629539 -0.0220459127741   -2.29963581284    4.15949744015 1776585376.83
-0.864390981284  -0.06838097196   1.23825675892 1.51166382733 -4.97800328165 0.488982640807  7.64304311728  1.36210524561 -2.77852774396  5.12589762491 1776585376.85
-0.826256757827  -0.11958034003   1.33584684593 1.57527346304  -5.12817561504 0.0629372463148   7.79754379854  2.59899566528 -2.40288252918  4.97084808338 1776585376.86
-0.770275615154 -0.155394648829   1.41826213315 1.62140047444  -5.36978002714 -0.373236036099   7.95865282087 3.15715371978 -1.2070522722 3.48852641023 1776585376.88
-0.704490837716 -0.166134243828   1.47039323356 1.63889114608  -5.61291191675 -0.794804248263   8.09520834411  3.02804696302 0.196783233173  1.39569297478 1776585376.9
-0.636527075119 -0.146702752546   1.47990975619 1.61765920435 -5.77423662792 -1.18381716883  8.18939181733   3.05889704233   1.57815830416 -0.723568586254 1776585376.93
 -0.572140774474 -0.0978516738461     1.4390864106 1.55173764312 -5.79400088003 -1.52825643178  8.24063213305  3.17277219731  3.12591700187 -3.48010488549 1776585376.95
 -0.514401597289 -0.0263808120568    1.34595451276 1.44114485772 -5.64762993703 -1.82009307033  8.26502969686  2.88724243357  4.08831905042 -6.23895323664 1776585376.96
-0.463629905025 0.0557991071163   1.20460861536 1.29195516384 -5.34992546327  -2.0533100919  8.29048977607 2.52918478489 4.19819975835 -8.4313930681 1776585376.98
-0.418013114167  0.133614657221   1.02462995265 1.11465437697 -4.95138318522 -2.22271030544   8.3487711093  1.98239041355  3.02274760534 -8.57505668296 1776585377
-0.374654250775  0.191469126492  0.819734236737 0.92140677928 -4.52760615422 -2.32384554567  8.46634282354  1.93909287937  1.83258453501 -9.30170857929 1776585377.03
-0.33071818834 0.216114744121 0.605881594005 0.723306718259 -4.16398139301 -2.35388445843  8.65618001546   2.4797839833 0.213380411679  -11.549504893 1776585377.05
-0.284355624936  0.199239141173  0.399171628064 0.529048528454 -3.93856957008 -2.31288860169  8.91241520602  2.64895311798  -2.1306114389 -10.8701400235 1776585377.06
-0.235187845862  0.139277581898  0.213867030898 0.347060044612 -3.90643055121 -2.20490471629  9.20917575351  2.67669783972 -4.20372581484 -9.04984846756 1776585377.08
-0.184286673149 0.0420819045028 0.0608410042096 0.198580191308 -4.08832178564 -2.03847851009   9.5040903245  2.38283242718 -5.14379765132 -6.27634398614 1776585377.1
 -0.133734490348 -0.0797288097638 -0.0533595480631 0.164586871847 -4.46588665963 -1.82650819943  9.74597786913  2.25885430786  -5.7603115278 -4.30990048368 1776585377.13
-0.0859560809712  -0.208671250176  -0.126774047063 0.258850917546 -4.98422293628  -1.5856047577  9.88530274834    2.397241578 -6.49034987906    -2.86335267 1776585377.15
-0.0430511396677  -0.325247108595  -0.161675045624 0.365756616691 -5.56131320015 -1.33518978202  9.88527405042  2.18626230529  -5.5609672316 -1.01519363272 1776585377.16
-0.00631966423456    -0.41123409126   -0.163753316663 0.442683368434 -6.10249545184  -1.0964363285  9.73116509769  1.77982638532  -3.3901524676 0.548729717572 1776585377.18
0.0239187795682 -0.452809121849 -0.141027871736 0.474865317171  -6.51722815348 -0.890947198915   9.43565287222     1.255107333 -0.728982631314   1.40608860594 1776585377.2
0.0482190857441 -0.442910905204 -0.102653908739 0.457201241423  -6.73504520217 -0.738919466685   9.03873124857 1.02411501275 1.64691689404 1.94741716597 1776585377.23
 0.0677073886336  -0.382391054407 -0.0577611605698 0.392611207986  -6.71784070123 -0.656579958342   8.60189090529 0.92106261823 4.23597473721 2.29073762201 1776585377.24
0.0836980686192 -0.279742764205 -0.014415563968 0.292351140411  -6.46636647782 -0.652925385319    8.1975150918 0.754716179379  5.93525966647  2.01278076781 1776585377.26
0.0973238030366 -0.149480836401 0.0212239611893 0.179629896223  -6.01988445684 -0.726203379737   7.89551038203 0.661067201116  6.99836010541  1.55134159813 1776585377.28
   0.109224067599 -0.00951285019923   0.0454868846544 0.118698980355  -5.44910323567 -0.860993882312   7.74983050578  0.51673911805  6.38166869692 0.851645956608 1776585377.3
0.119303828641 0.121969952705  0.05744959087 0.180029243131 -4.84367726839 -1.02701403066  7.78762972371 0.401427159374  5.53027469319  0.30881424192 1776585377.33
 0.126571948315  0.229480808966 0.0588324506115 0.268594782208 -4.29650036249 -1.18069912791  8.00329528837  0.255727606626   4.71981064578 -0.102193035951 1776585377.35
 0.129088389331  0.302557705105 0.0535395164924 0.333273846866 -3.88762782159  -1.2701216284  8.35866175066 -0.065665203406   2.81806783733 -0.312679164872 1776585377.36
 0.124065845411   0.33703195668 0.0468990959198 0.362191108421 -3.67078837503 -1.24297243455  8.78949373047 -0.549271313055   0.85401778757 -0.231638866287 1776585377.38
 0.108164161997   0.33509110328 0.0447153449361 0.354943651177 -3.66504297906 -1.05637664999  9.21707822376   -1.0964424865 -0.780532761541  0.127982427612 1776585377.4
0.0779796482631  0.304224228804 0.0522785147795 0.318380668449  -3.85324875464 -0.686563582831   9.56273693544 -1.77068488218 -1.82243866752 0.657681469612 1776585377.43
0.0306767722532  0.255338903023 0.0734963103559 0.2674709842  -4.18771393901 -0.136137972997   9.76245657267 -2.94901866891 -2.70025615511  1.50980259178 1776585377.45
-0.0353433328514   0.200460532597   0.110296231791 0.231514222141 -4.60197653409  0.56295533839  9.77876637178 -3.99772522222 -2.78513605763  2.36094373325 1776585377.46
-0.119874234481  0.150452995648   0.16240748762 0.251758074403 -5.02626581829  1.35178173467  9.60749568937   -4.920577972 -2.31955248648  3.11527369951 1776585377.48
-0.220568431863  0.113145720919  0.227564341905 0.336508420405 -5.40323098824  2.15189396925  9.27804425545 -5.12932261942 -1.40376454043  3.36287467935 1776585377.5
 -0.33292870044 0.0921454321187  0.302089765779 0.458901434761 -5.70026533853   2.8766129219  8.84711448817   -5.2671250511 -0.610387435028   3.52919980225 1776585377.53
-0.450658808595 0.0864814071774  0.381734767741 0.596903533625 -5.91541472229  3.44403238988  8.38721981666   -6.05863489725 -0.0270701244676    4.16600551391 1776585377.55
-0.566338243121 0.0911025527442  0.462585563645 0.736901678944 -6.07537170806  3.78944214474  7.97238005625 -5.78939048975 0.304025177863  4.18120766022 1776585377.56
-0.672327806765 0.0981221760484  0.541828324191 0.869040030193 -6.22605462867  3.87512263588  7.66397045625  -5.0702550339 0.194397848672  4.03692684269 1776585377.58
-0.761774308757 0.0985957361163  0.618191365349 0.985992789454 -6.41819499527  3.69604044886  7.49957194081  -3.74607995101 -0.323942590723   3.57682725769 1776585377.6
-0.829566913329 0.0845249105845  0.691963166396 1.08357683062 -6.69166347111  3.28068415594  7.48693342012 -2.58762170823 -1.11269460986  3.40272391925 1776585377.63
-0.873104925375 0.0507228277121   0.76459118527 1.1616732314 -7.06260258525  2.68700136752  7.60401373955 -1.67344464268 -2.33965069535   3.8663708413 1776585377.65
  -0.892762599022 -0.00382926989179    0.837972153027 1.22443335906 -7.51672541684  1.99406577273  7.80479623936 -0.489530071073  -3.27308586316   3.86644275353 1776585377.66
 -0.891973693001 -0.0754371371652   0.913621886688 1.27906715324 -8.01057120101   1.2906787851  8.02942654499 0.413274937458 -3.96806473773  4.01174890346 1776585377.68
-0.876901145106 -0.156123227909  0.991942705289 1.3331468078 -8.48047749966 0.662548604206  8.21643076032  0.85623428468 -3.76685222347  3.73377886937 1776585377.7
-0.855704163446 -0.234998556853   1.07178234052 1.39146373381 -8.85704962292 0.179929916137  8.31447804448 0.900257649686 -3.29222408787  3.61761089384 1776585377.73
-0.837466751059 -0.300334012474   1.15040655566 1.45429925445  -9.08149716597 -0.112409361152   8.29141363174 0.659448752799  -2.8430186627  4.04519628857 1776585377.75
-0.830904618605 -0.341914474898   1.22390792469 1.51830780855   -9.1197461681 -0.201330114728   8.13903061018 -0.144687116065  -1.37847509706   3.58900327665 1776585377.76
-0.843012550529 -0.353170413329   1.28797162028 1.57932593084  -8.97085131312 -0.106566616887   7.87306686539 -1.22080558767 0.242010501643   2.9892893609 1776585377.78
-0.877841977147 -0.332609689762   1.33883969428 1.63515365319 -8.66774476705 0.123205083935  7.52893142784 -2.23486486996  1.66427507267   2.0830594495 1776585377.8
-0.935603527082 -0.284219106115    1.3742732626 1.68664206649 -8.27032597314 0.418966451585  7.15442900885 -3.11736419467  2.68702884694  1.28639438448 1776585377.83
 -1.01226986486 -0.216738848381     1.394311968 1.73659778642 -7.85276679132 0.703367607089  6.80111722144 -4.30400245454  3.72842352354 0.718068326361 1776585377.85
 -1.09980768796 -0.141974146328   1.40166864822 1.78729085717   -7.488194061 0.904273853405  6.51589344536 -4.54089138219  3.74580184711 0.190970423216 1776585377.86
  -1.18709125564 -0.0725278921252    1.40166420618 1.83823515667 -7.23433669326 0.967571645839  6.33407954552    -4.22338643141     3.20119835355 0.000497794456806 1776585377.88
 -1.26144472798 -0.019458190283   1.40168769977 1.88582868538 -7.12325991041 0.866887513667  6.27481847865 -2.99541318997   1.9922260375 0.207981367116 1776585377.9
  -1.31063773791 0.00964191324814    1.41024244385 1.92526569517 -7.15714907809 0.608222521692  6.33916449818 -1.47674341978 0.725160891581 0.789767029726 1776585377.93
 -1.32503867586 0.0117698777253   1.43569794329 1.95373862298 -7.31058191251 0.228300518086  6.51091244875  0.292223067517 -0.552202053906   1.96627590399 1776585377.95
  -1.29954145136 -0.0113262884648    1.48490582021 1.9732920624 -7.53821709386 -0.21340259617  6.75995919396  2.32322539013 -1.69177539673  3.25005528911 1776585377.96
  -1.23485598556 -0.0539012609052    1.56185820774 1.99177702369  -7.78567114454 -0.647627413049   7.04775711913  4.01662926831 -2.39204179348  4.51194483734 1776585377.98
 -1.13781728507 -0.107638628724    1.6665732006 2.02081183725 -8.00080307044 -1.01072784921  7.33415214755  5.34005796485 -2.72811247605     5.79355925 1776585378
 -1.02053071066 -0.163395101652   1.79438493068 2.07074821504 -8.14278933194 -1.25912292992  7.58460665265  5.73131282709 -2.51947396837  6.44500306042 1776585378.02
-0.898409523365 -0.212881814996   1.93579315133 2.14470358408 -8.18718978995 -1.37936348693   7.7765755273  5.89196331268 -2.18792460486  7.14285083569 1776585378.05
-0.787421697103 -0.249957919393   2.07698392595 2.23525705886   -8.126441262 -1.39118009126  7.90375446946  5.12696082462 -1.51846747017  6.89205222371 1776585378.06
-0.701076176119 -0.271326628371   2.20106370463 2.32589926175  -7.9665064396 -1.34245516045   7.9771542349   3.63922347445 -0.693463183595   5.55016557095 1776585378.08
-0.647779872094 -0.276567020267   2.28995113032 2.39582642498 -7.72137141504  -1.2970541393  8.02249928597  1.87275285866 0.097669735702  3.27246625901 1776585378.1
-0.629149193537 -0.267575418302   2.32674960201 2.42511629054 -7.40745241531 -1.31832971926  8.07422935926 0.187314223221 0.668816372176 0.192716052914 1776585378.12
-0.639667976651 -0.247603023894   2.29829695929 2.39846853031 -7.03966709453 -1.45233614185  8.16722752104 -0.932116966593    1.1441093317  -3.11799058584 1776585378.15
 -0.6677916864 -0.22014442169  2.19748800365 2.30724138941 -6.63009153743 -1.71498013084  8.32807682307 -1.52019499995  1.54739928795 -7.09058939686 1776585378.16
-0.698277141046 -0.187945033139   2.02492839826 2.15017425323 -6.18907280756 -2.08640496766  8.56793234879 -1.23801523504  1.76856379199 -10.6428446434 1776585378.18
-0.715246382908 -0.152353125082   1.78953424974 1.93318951321 -5.72777503744 -2.51408825673  8.87884642391 -0.186637888995   1.97708314776  -13.6686751167 1776585378.2
-0.705337584736 -0.113152694297   1.50784737311 1.66850482207 -5.26071221731  -2.9239184386  9.23461758054  1.29797133148  1.97103879302 -13.8747674228 1776585378.22
 -0.660289605625 -0.0688983234715    1.20206942319 1.37320801062 -4.80697933789 -3.23650332945  9.59613159014  3.09144339274  2.32648432856 -14.8800940564 1776585378.24
 -0.578446495523 -0.0176600415185    0.89708045859 1.0675512046 -4.38951178215 -3.38470185451  9.92002011994  4.97815735921  2.82570456461 -14.9093328511 1776585378.26
-0.464916432173 0.0419995104434   0.61693651899 0.773641981957 -4.03248303883 -3.32818301528  10.1685897846  6.32791566275  3.25795362962 -13.1545354955 1776585378.28
-0.330417422057  0.110038755877  0.381475095828 0.516534073736 -3.75757460854 -3.06171535495  10.3186073674  7.27834843347  3.75196526929 -10.9067482292 1776585378.3
-0.189122766948   0.18417026015  0.203654289194 0.333408421023 -3.58013063396 -2.61558232839  10.3667679191  6.50596120705  3.54401286076 -6.95581486165 1776585378.32
-0.0560188463959   0.259512761357  0.0881032742239 0.279726958636 -3.50613982982 -2.04850500765  10.3304659204   5.9887664858    3.538738171 -4.22187743594 1776585378.34
0.0556421108629  0.328800847782 0.0311033444893 0.334923065855 -3.53069405279 -1.43518226681  10.2436347711   5.0104001068  3.22252565489 -1.72438536751 1776585378.36
 0.136287014217  0.383197608116 0.0219190563852 0.407302101815  -3.63820510188 -0.851593287245   10.1486219853  3.18981406404  2.15776120316 0.356943951354 1776585378.38
 0.181051124843  0.413634226612 0.0451367608851 0.453773192703  -3.80431811225 -0.361355285948    10.086021603  1.43452780548 0.784300779106  1.65012654406 1776585378.4
0.189826182609 0.412469129604 0.083504759062 0.461668503654    -3.99918107178 -0.00578210641786     10.0848612113 -0.344675727584 -0.910941797296   1.78935862615 1776585378.42
 0.16648950757 0.375149399428 0.120732323304 0.427822535536 -4.19152510241 0.200847676519  10.1554386087 -1.72143574579 -2.64562250531   1.4371774132 1776585378.44
0.117624697833 0.301504852543  0.14378371131 0.354139098781  -4.3528867336 0.270553461136  10.2864656919 -3.04670017004 -4.72089034066 0.623833974158 1776585378.46
0.051090845667 0.196338096085 0.144361036945 0.248996047103 -4.46127615234 0.236239772149  10.4471681899  -3.58933585658  -5.83864037824 -0.611117411602 1776585378.48
-0.0252477285009  0.0690995411806   0.119458367887 0.140294319358 -4.50367867279 0.143101243308  10.5938488236 -4.13621775254  -7.0137566771 -1.95001407442 1776585378.5
 -0.104422233719 -0.0673643886918  0.0710446131728 0.143140842598  -4.47697143615 0.0386711128573   10.6794093702 -3.80310643806 -6.54908396065 -2.79675109208 1776585378.52
-0.180803818663 -0.198773554579 0.0050646026513 0.268750064267   -4.38712490044 -0.0366345036311    10.6636728131 -3.47719438783 -5.83088272594 -3.36570903829 1776585378.54
-0.250114740634 -0.311675125199  -0.06997671973 0.40570372004   -4.24690387534 -0.0568431155816     10.522200949 -3.28444747731  -5.0356534259 -3.83021134417 1776585378.56
-0.309110378979 -0.395490772462 -0.144562159916 0.52236040774   -4.07263574416 -0.0144253963692    10.2517028165 -2.55161058901 -3.21346740373 -3.39357328312 1776585378.58
-0.355085769709 -0.443874365052 -0.209585358017 0.60583527307  -3.88089694582 0.0796053498154   9.87097819506 -1.97580631674 -1.54370966233 -2.92448994113 1776585378.6
-0.385383976596 -0.455083804747 -0.257458533976 0.649543667106 -3.68606781449 0.199332116574  9.41741489858 -1.07191476839  0.31967494309 -1.86879055841 1776585378.62
-0.397084966983 -0.431349030581 -0.282807320846 0.650936585169 -3.49950090186 0.310444298866  8.94006409444 -0.0405332413364    1.91273431697  -0.623801195959 1776585378.64
-0.387027831203 -0.377511495844 -0.282757237846 0.610128779172 -3.33050457802 0.378227685268  8.49098553433  1.15286529236  3.39273957759 0.666179722792 1776585378.66
-0.352255115963 -0.299420338806 -0.256902527004 0.528899909618 -3.18859757762 0.375406469453  8.11673588244 2.28622955981 4.15773860807 1.79881697486 1776585378.68
-0.290860526978 -0.202621571999 -0.207092316743 0.410539371129 -3.08583472913 0.288297743689  7.85158141921 3.63540855775 5.06115761683 2.91828254357 1776585378.7
-0.203084155913   -0.0917469154 -0.137157248913 0.261673043697  -3.0377614937 0.120127833134  7.71340063838 5.03028680179 5.87648587023 3.91424382896 1776585378.72
-0.0923692905674  0.0292600268237 -0.0526392750303 0.110268437394    -3.061908073 -0.109033788778   7.70252185451 5.92909910272 6.20280123802  4.4181436369 1776585378.74
0.0339792158946  0.156259898226 0.0394935389293 0.164716369932  -3.17362456872 -0.365582227335   7.80313024486 6.60079405549 6.53182593099 4.71806474296 1776585378.76
0.164871480232 0.283813028037 0.131229302138 0.353487722018  -3.38019972899 -0.608185310983   7.98652490322 6.21557505102 6.10905367148 4.29847595407 1776585378.78
0.286444569757  0.40439854739 0.214089814239 0.539836202227  -3.67518361033 -0.794964955846   8.21545048634 5.42764888029 5.56366394333 3.68413772944 1776585378.8
0.383984303566 0.508416745335 0.279957017811 0.695922024471   -4.0352486657 -0.890803842884   8.44889652646 4.01827461116 4.59686873373 2.74668228182 1776585378.82
0.444469920462 0.585178076935 0.322107675849 0.802334248778   -4.4215204663 -0.873641166069    8.6469917573 1.96709022005 3.04079383709 1.47295023629 1776585378.84
0.459231072342 0.624735716587 0.336301533543 0.845154787508  -4.78608539999 -0.738878684513   8.77574582871  -0.487218814087   0.925784036041 -0.0114335056793 1776585378.86
0.426091463046 0.620099721975 0.321676390785 0.81826236652  -5.08263965117 -0.501322532535   8.81130976729  -2.6735558364 -1.36460843316 -1.35444170144 1776585378.88
0.350415547671 0.569195233533 0.281174843324 0.725143821904  -5.27855219758 -0.194364378085   8.74319640085 -4.54440333786 -3.61073794625 -2.51481350585 1776585378.9
0.244683882751 0.475963036648 0.221287803093 0.579119423375  -5.3646518767 0.133657589703  8.57572776726 -6.03874279073 -5.90656400207 -3.51031886741 1776585378.92
 0.12655913542 0.350238693728 0.151047196767 0.401870144442 -5.35932390199 0.425730168122  8.32709406111 -5.98883643528 -7.05269184091 -3.68611781785 1776585378.94
0.0157824138508  0.206399568096 0.0803993697285 0.222067388308  -5.3050800225 0.624543757457  8.02590974787 -5.20323118242 -7.67518573793 -3.52437685279 1776585378.96
-0.069449769343 0.0611097471933 0.0182817626226 0.0942968425157 -5.25816609456 0.681997949981  7.70588193442 -3.03350462808 -6.35451289456 -2.52517912841 1776585378.98
 -0.115826995166 -0.0692926721268 -0.0291562016312 0.138084942384 -5.27412547652 0.568378071741  7.39982952778  -1.1072784235 -5.38232730046  -1.8079209207 1776585379
 -0.117239335702   -0.17118872646 -0.0597471729885 0.215917499483 -5.39366005767 0.279451023775   7.1344974583  1.11885331042 -4.61643779689 -1.29077806421 1776585379.02
-0.0755669339315  -0.235407449333 -0.0756026869934 0.258539735797   -5.6330819858 -0.160186604914   6.92729590622   3.14191529887  -2.32488167878 -0.606878254702 1776585379.04
0.000178428330579   -0.258072802699  -0.0824270611868 0.270916636154  -5.98213242669 -0.698632546108   6.78541167254   4.13276864931 -0.124607022128 -0.299038537704 1776585379.06
  0.096082274746  -0.240582841076 -0.0880228664703 0.273605431164 -6.40948790382 -1.26329377528  6.70699088296   4.24915380835   1.49844942508 -0.388837369987 1776585379.08
 0.196333477615 -0.188899401574 -0.100377085336 0.290353883404 -6.87373846629 -1.77176721457  6.68357380262   4.49229747412   3.02783737399 -0.892711065218 1776585379.1
 0.286273477855 -0.112392747634 -0.125817734798 0.332287129203 -7.33589899889 -2.14523585339  6.70283422837  3.79163969592  3.98150393635 -1.61022245921 1776585379.12
  0.354826812788 -0.0224696011487  -0.167685571478 0.393097190184  -7.7692169063 -2.32202358817  6.75091684561  2.68604288998  4.44062848264 -2.44963686833 1776585379.14
 0.395898223212 0.0688414271629 -0.225794104836 0.460931147803 -8.16325095974 -2.26877194448  6.81410539894  1.40708796809   4.5153727312 -3.37378716947 1776585379.16
  0.40864184606  0.150223890144 -0.296718349027 0.52687489423 -8.52142197176 -1.98698199876  6.87996146058 0.0220040003119   3.57156107429  -3.70991695036 1776585379.18
 0.396781640252  0.212232531857 -0.374739923981 0.585583749984 -8.85359942236 -1.51339772478  6.93826520217 -1.09234335106  2.58930490318 -4.13423603289 1776585379.2
 0.367311079985  0.248194876231 -0.453144569964 0.633922808673    -9.166904686 -0.913835030748   6.98200916842 -1.61593336254  1.01324155961 -3.59073601708 1776585379.22
  0.32891851394  0.254784868196 -0.525537337742 0.670292631047  -9.45825082266 -0.271426100917   7.00842516297 -1.90928922662 -0.39663735246  -3.3212081851 1776585379.24
0.290422009956 0.232221876047 -0.58689309018 0.694777261346 -9.71120535567  0.32843956713  7.01973193118 -1.82934915031 -1.86079369409 -2.85899700439 1776585379.26
 0.259413954603  0.184085600261 -0.634162488333 0.709468230208 -9.89803714899 0.813312747689   7.0231507779 -1.22831166207 -2.88346980506 -1.98532400574 1776585379.28
 0.241245955334  0.116780760397 -0.666376502057 0.718258309703 -9.98600804852  1.13572203664  7.02984647013 -0.548725752717    -3.801654377  -1.31160360333 1776585379.3
 0.238432668413 0.0387241003052 -0.684313461625 0.725695946711 -9.94573748593  1.27947579405  7.05278853951  0.221917456111  -3.77159916099 -0.563362386535 1776585379.32
  0.250508935507 -0.0406482623714   -0.68989161758 0.735090097886 -9.75912777324     1.25905173  7.10395128742   0.900810399448   -3.78075656068 -0.0299130476528 1776585379.34
 0.274331463128 -0.111945345476 -0.685505546394 0.746798075903 -9.42481736342  1.11256740664  7.19158045935  1.37619492537 -3.20053913409 0.415204268825 1776585379.36
 0.304775120959 -0.166852077686  -0.67351926259 0.757862578087  -8.9600757757 0.890304669902  7.31829546082  1.52777612109 -2.16665678738 0.732602112451 1776585379.38
 0.335736399613 -0.199028407304 -0.656060534417 0.763378452512 -8.39905270131 0.641692665843  7.48053985853   1.47953971967 -0.992611865371   1.00398945205 1776585379.4
 0.361320201617 -0.204787739191 -0.635148772234 0.758883567545 -7.78805503982 0.403862961191  7.66945000164 0.977107909336 0.367813284034  1.01685472269 1776585379.42
 0.377048248728 -0.183477364531  -0.61306820115 0.742752949793 -7.17894857546 0.194384391792  7.87276665782 0.489010964223  1.68103476989  1.05788220299 1776585379.44
 0.380892863408  -0.13750432958 -0.592807041498 0.717918520794   -6.62190875368 0.00971655763348    8.07713475833 -0.081602858927    2.9124879125  0.906961017312 1776585379.46
  0.373924470999 -0.0719866030733  -0.578349507899 0.692451972573   -6.1586763848 -0.170461206507   8.27010542231 -0.510291294337    3.5694677152   0.45210391352 1776585379.48
  0.360386334019 0.00593804425209  -0.574638826025 0.678323927407   -5.8172941505 -0.374284118576   8.44135661796 -0.690762600683   4.11990977691 -0.225636954099 1776585379.5
  0.34709142539 0.0880535132252  -0.58711449702 0.687698561422  -5.60905219915 -0.626446187202   8.58299295561 -0.42978994704  3.77944055762 -1.09014201325 1776585379.52
 0.342171283087  0.166115597792 -0.620840447146 0.728092329044 -5.52806437234 -0.93757174509  8.68914500546 0.147901949527  3.41219405329 -2.17370883048 1776585379.54
 0.353367493333  0.232846477636 -0.679353607813 0.800379529936 -5.55352605199 -1.29702073356  8.75534125848  1.16668148993   3.0901291444 -3.77926538655 1776585379.56
 0.386195992019   0.28272157579 -0.763450971148 0.901075035175 -5.65427919685 -1.67114866028  8.77818347039  2.14207230563  1.91535276853 -4.59202661837 1776585379.58
 0.442384217651  0.312441563627 -0.870181511461 1.02495823798 -5.79487765144 -2.00775479036  8.75569273562  3.37555452245 0.974471510472 -5.81904332941 1776585379.6
 0.518953351265   0.32104661647 -0.992308428674 1.16492897996 -5.94200300046  -2.2459651198     8.68836165     4.2250778746 -0.0699038428398   -6.32620553929 1776585379.62
0.608196934981 0.309698194989 -1.11845275332 1.31024923015 -6.06994966225 -2.32945949757  8.58056901053   4.21059021928 -0.933537686462  -5.66456861265 1776585379.64
0.698625307727 0.281211217198 -1.23402373986 1.44567342779 -6.16406578637 -2.22006877528  8.44173748249  4.48508631717 -1.86914702167 -5.44024399492 1776585379.66
 0.77674653832 0.239455625102 -1.32289719487 1.55265294556 -6.2215004112 -1.9085309652 8.28656127336  3.28433525558 -2.32236324595 -3.40658622743 1776585379.68
0.829379202846 0.188754748336 -1.36964461399 1.61227311141 -6.24925663842 -1.41966506754  8.13384238498   1.75267541103  -2.68165614881 -0.988043362449 1776585379.7
0.846070398808 0.133387635806 -1.36197743744 1.60891575951 -6.26020624126 -0.81033274234  8.00389801536 -0.194184444132  -2.62931820269   1.80776663619 1776585379.72
 0.821144832841 0.0772587990175  -1.29298646853 1.53364329827  -6.26820032137 -0.160132831217   7.91500461972 -2.12572026105  -2.5579374173  4.64779369767 1776585379.74
