-0.0673357275953  -0.102890811601  0.0599001763117 0.136779568814 -2.42642383701 0.459990489106  8.35390161268 0.548652338009 -0.52070021622 0.182015388411 1776585315.72
-0.0561971742312  -0.113194859083  0.0630419423007 0.1412284851  -2.3452010273 0.476257838111  8.31470550315   0.50987359784  -0.44879818862 0.0969571166873 1776585315.74
-0.0451881029142  -0.122385474359  0.0641117492185 0.145363287548 -2.18229329709 0.483248518388  8.29516583323   0.445211030999  -0.338223305407 -0.0240975493942 1776585315.76
-0.035925618553 -0.128594999893 0.0619447214768 0.147188561324 -2.24090636058  0.55431210622  8.06261795344  0.406015851718 -0.210818398471 -0.213356911744 1776585315.78
-0.029654040106 -0.130451332451 0.0559487682571 0.145007506365 -1.69718808161 0.484725175169  8.24838736051  0.235715512474 0.0353797644112 -0.415315595432 1776585315.8
-0.027003977842 -0.127255904543 0.0462253634878 0.13805819168 -1.03421894547 0.361132092344    8.567841053 0.0471794993259  0.302690565258 -0.593238434941 1776585315.82
-0.0278719113865  -0.119017689509  0.0335401529152 0.126755653594 -0.345890897416  0.178575709507   9.04772301348 -0.105844575524  0.497342332599 -0.644337628082 1776585315.84
-0.0314492035154  -0.106368684821  0.0191646836887 0.112563913459  0.131253559301 0.0116603721914   9.43667228123 -0.194304939469  0.652116359317 -0.658802494427 1776585315.86
-0.0363974071362 -0.0904048541126 0.00463395072838 0.097566809893  0.487377385346 -0.165081442702   9.75980185116 -0.242870410319  0.849471974165 -0.694441162125 1776585315.88
 -0.0411335527291  -0.0724963689873 -0.00852584770839 0.083787724373 0.707565476688 -0.35689552817   10.070244815   -0.2139245048    1.0001467042 -0.652358636553 1776585315.9
-0.0441630586787 -0.0540986310202 -0.0190472533345 0.0723867079629  0.726168587962 -0.512980518188   10.2953492983 -0.0937653851089    1.03539850304  -0.506853917293 1776585315.92
-0.0443861083797 -0.0365802230896 -0.0261077151621 0.0631652762946  0.434988666998 -0.449483876863    10.244064693  0.062798171046  0.726768324154 -0.228391320682 1776585315.94
-0.0413094225545 -0.0210732688285 -0.0294256722009 0.054921955859  0.267298595462 -0.461522959993   10.2250413101   0.209231409893   0.637332554753 -0.0710949466722 1776585315.96
 -0.0351180382436 -0.00834907547905  -0.0292569218344 0.046464514919  0.104597324397 -0.485441488244   10.1831590147    0.4008715718  0.608812035026 0.0852188522311 1776585315.98
-0.0265950423598 0.00127376792999 -0.0262976315024 0.0374230435092 -0.0570433698409  -0.317017168383    9.98013584653 0.445921442899 0.399834770179 0.189648434779 1776585316
   -0.0169124938 0.00797489771066 -0.0215141835942 0.0285042371545 -0.150519538235 -0.176704936287   9.79794447952 0.514962689964 0.298010801719 0.277328827215 1776585316.02
-0.00734525615657   0.0124136899693  -0.0159308209821 0.0214905454519  -0.152094407679 0.00292202096861     9.6269917623 0.454816403163 0.194175973022 0.281472527206 1776585316.04
0.00102521034053  0.0156330893041 -0.0104130648096 0.0188116042953 -0.0918905902312   0.130192751045    9.54105380284 0.321736868933 0.139774292487 0.225575016887 1776585316.06
 0.00755052610058   0.0188849639421 -0.00548714275101 0.0210656365454 -0.0434060317993   0.245998010614    9.42393963529 0.272488160672 0.190184049854 0.224937933211 1776585316.08
  0.0121471058126    0.023395654539 -0.00123198268579 0.0263898960261 -0.00294125910578    0.314319734935     9.33270964808 0.214039503547 0.310285637823 0.227130649488 1776585316.1
 0.0152941733007  0.0301106604644 0.00273012363596 0.0338824023 -0.016661227283  0.267598488703   9.32625867635 0.158698792273 0.443257702226 0.230698921627 1776585316.12
 0.0179026794395  0.0394714059942 0.00713483983403 0.0439249787903 -0.0979721392348   0.126006656208    9.39384539543 0.138681770455 0.506672148437 0.242959291929 1776585316.14
0.0210880985862 0.0512786954744 0.0128806140733 0.0569220759499  -0.232933348631 -0.0265801374803    9.42725623032  0.17396219486 0.548412539149 0.296584120811 1776585316.16
0.0259003372507 0.0646838714442 0.0207698615834 0.0727063810467 -0.492835009928 -0.214681442816   9.34500466624  0.29721320176 0.670703876137 0.455262266261 1776585316.18
0.0330716401199 0.0783212619182 0.0312366434966 0.0905741759311 -0.817067677781 -0.424117760349   9.24476683468 0.455244372056 0.695547182981 0.627640752239 1776585316.2
0.0428367185468 0.0905601985851 0.0441198769804 0.109465508579  -1.04395074121 -0.548830604242   9.19042190698 0.558619205631 0.551221115556 0.699968207245 1776585316.22
0.0548600724665 0.0998211385126 0.0585382646629 0.128064888532  -1.20967136956 -0.606626179964    9.1334526838 0.626192519553 0.352420261736 0.708539976463 1776585316.24
0.0682785366988  0.104878817751 0.0729074218195 0.144834447363 -1.25641810555  -0.5808080367  9.11261796683 0.625865537055 0.121864627282 0.616482150468 1776585316.26
0.0818394279036   0.10507439005 0.0851131279096 0.158058735749   -1.3534018332 -0.559653634211   9.04426257996  0.639515520577 -0.111418933977  0.493353496738 1776585316.28
0.0940936356493  0.100381208681 0.0928224495649 0.165969896274 -1.33482427034 -0.47348448593  9.03017999521  0.580574611938 -0.367307921868  0.234064888497 1776585316.3
  0.10359444853 0.0913107991999 0.0938838980613 0.166984005617  -1.10291895995 -0.305530633537   9.14105560771  0.408155553171 -0.591438931386 -0.165719331349 1776585316.32
 0.109059519617  0.078694853192 0.0867460008559 0.160036643937   -0.66819806472 -0.0949514674584    9.38912382517   0.14721468455 -0.698422987131 -0.577648502756 1776585316.34
  0.10947337815 0.0634196985368 0.0708158535738 0.144987460849 -0.215493526171 0.0797847461795   9.67147582868 -0.105236961742 -0.694226820146 -0.855999242216 1776585316.36
  0.10413466634  0.046206598367 0.0466871602809 0.123120954356 0.181417432423 0.255723302782   9.9438100485 -0.398056855388 -0.850808115185  -1.29449560901 1776585316.39
0.0926756283363 0.0275161293241  0.016188950205 0.0980203630336 0.682406469381 0.469720643815  10.3216131486 -0.801934008253  -1.06568369089  -1.77956106115 1776585316.4
 0.0750908518103 0.00761050548754 -0.0177635811426 0.0775377368407   1.1041340424 0.622048593106  10.6785358473  -1.1450922123 -1.14212445158 -1.89638946756 1776585316.42
 0.0518017478153 -0.0132518174599 -0.0515023638092 0.0742396472287  1.25756042558 0.654892690614  10.8552131629 -1.27990123996  -1.0515942675  -1.5786286347 1776585316.44
 0.0237547861604 -0.0345683053988 -0.0810814221585 0.0912877572455  1.21971680733 0.622350791881  10.8852623225  -1.26793709351 -0.901352087636  -1.09771616778 1776585316.46
-0.00748407196113  -0.0553969662185   -0.102829044937 0.117041222148  1.39788985955 0.723176624519  11.1188701288   -1.5028842833 -0.941154356994 -0.777210176832 1776585316.49
-0.0397028951552 -0.0743075414254  -0.113898290539 0.141671278614  1.44054772022 0.769314273941  11.2390968847   -1.5885426898 -0.865126671781 -0.250997139969 1776585316.5
-0.0701523489173  -0.089526359289  -0.112730924429 0.160139259361  1.45209354087 0.801915790899  11.3228246772  -1.58863998388 -0.706153795477  0.411659104995 1776585316.53
-0.0958292578059  -0.099255827012 -0.0993544489831 0.170018447176  1.12205534901 0.628673995087  11.0128634585  -1.12760016532 -0.323603304719  0.960397367015 1776585316.54
 -0.113923399684   -0.10208795436 -0.0754503322467 0.170567417924 0.749457973746 0.404088434639  10.6017209608 -0.571891281275 0.0400995418877   1.18984140401 1776585316.56
 -0.122355645282 -0.0973958651266 -0.0441652982621 0.162503637026 0.652197982511 0.297594316569  10.4253460349 -0.159819660455  0.414294211485   1.65148046142 1776585316.59
  -0.120287944959  -0.0855893943041 -0.00968294081504 0.147947603775 0.500799640546  0.12627578545  10.1238541311  0.38663978909 0.814019690181  1.88054438235 1776585316.6
-0.108468410541 -0.068158102121 0.0233796415421 0.130221083579  0.320427670275 -0.062792748315   9.76434464718 0.878890402018  1.08065233011  1.71093966002 1776585316.62
-0.0892962072721 -0.0474830576446  0.0506488059197 0.113109482085  0.152355290564 -0.185954623506   9.48939634971   1.048523614  1.0430008782 1.13176214837 1776585316.64
-0.0665475049796 -0.0264580004434  0.0686284976538 0.0991890462536 0.0488700429153 -0.222319287314   9.35741992378 0.948646444433 0.841332481056 0.522910268126 1776585316.66
 -0.0447813608023 -0.00800387502185   0.0751861564149 0.0878771324471 -0.00763212785528   -0.245946775013     9.22597759371  0.850454207012  0.713012123264 0.0266115310522 1776585316.69
-0.0285233591411  0.0054210551671  0.0698183097911 0.0756145901127 -0.0575555979191  -0.255494686518    9.08121426524  0.628209307555  0.543040714386 -0.577748686996 1776585316.71
-0.0213850310383   0.012220530246  0.0536691259616 0.059051130332 -0.0789094068533  -0.159029428108    9.24922213545 0.0736749423674   0.14822992549 -0.926518875076 1776585316.72
-0.0253030103338  0.0119002195672  0.0293199550121 0.0405156429001 -0.119516130109 -0.122909996564   9.31318010251 -0.492445985869 -0.187304953651   -1.4041627723 1776585316.75
 -0.0400662134584  0.00511502404283 0.000401515605177 0.0403933923635 -0.153290949808  -0.11292875035   9.50431548065  -1.04351148263 -0.505331705414  -1.60129338024 1776585316.76
 -0.0632446167686 -0.00647341311915  -0.0289023494194 0.0698364691947 -0.150909970402 -0.147499260363   9.75359165724 -1.14945479111  -0.5831175771 -1.24747241782 1776585316.79
 -0.090551410218 -0.0204960794485 -0.0543887127299 0.107600089394 -0.205601655532 -0.332898200716   9.96757779874  -1.43359897684 -0.747386746419  -1.16770765597 1776585316.81
 -0.116579930266  -0.034279031753 -0.0723454983825 0.141420660778  -0.23579525454 -0.599079913797   10.1652501329  -1.25347794952 -0.687000251621 -0.709499991755 1776585316.82
 -0.135778242963 -0.0452837875114 -0.0799882356191 0.163964845351 -0.224219549949 -0.820966884446   10.2452891947   -0.66739914883  -0.427785121196 -0.0853904559872 1776585316.84
 -0.143474771205  -0.051517910183 -0.0757865617036 0.170243084961 -0.202167100719  -1.00186770226   10.2449027287 -0.0218293318427  -0.146395027704   0.453175372149 1776585316.86
 -0.136757806167 -0.0518530761811 -0.0596525733749 0.157955273946 -0.189792138748  -1.22621002826    10.224972325 0.634366078945 0.118633921638 0.955235219922 1776585316.89
 -0.115040775281 -0.0462004183494 -0.0329703468214 0.12828056128 -0.195812119982  -1.62775147363   10.2125015243  1.51426006922 0.437532340218   1.6386800992 1776585316.91
-0.0802060608706 -0.0355129388653 0.00154577786992 0.0877301000595 -0.170573492366  -1.85857085458   10.0980560668  2.41676859548 0.754704856693  2.24467250696 1776585316.92
-0.0362998179219 -0.0216113107903  0.0401635322295 0.0582909500384 -0.0884697155748   -1.38448200235    9.87490091142  2.37862553708 0.745914018168  2.00575689498 1776585316.94
  0.0111664639951 -0.00685939667878   0.0785949261718 0.0796800079123 -0.0235630285917   -0.86108100215    9.70626082768  2.05800894093 0.620150980679  1.61112583307 1776585316.96
 0.0561792425256 0.00625590537586   0.112561372852 0.125957557539 0.0289604595386 -0.437653307984   9.54472758458  1.96658245317 0.537117273003  1.43214516918 1776585316.99
0.0932725980013  0.015565609058  0.138387945777 0.167610528487 0.0894440791644  0.165237388931   9.36165689206   1.7610515146 0.377239505141  1.15840842963 1776585317
0.118467411026 0.019598818781 0.153534131945 0.194913752323 0.136840944369 0.911171590082  9.26497493642   1.08809392343 0.0672451157558  0.551583694793 1776585317.02
 0.129921116698 0.0178305182069  0.156966052791 0.204537932111 0.137290245336  1.34319544733  9.34759995641  0.245569284752 -0.224109999477 -0.107405948727 1776585317.04
0.128162362153  0.01075106938 0.149293799426 0.197052823153 0.116783575695  1.46987349264  9.48149701733  -0.29561495271  -0.38029634871 -0.511690041226 1776585317.06
    0.115864989035 -0.000252105753713     0.132635820247 0.17611649569 0.121782547119  1.91056449646   9.5465866349 -0.747961885682 -0.578044850232 -0.944067475533 1776585317.09
 0.0972074728644 -0.0131716928429   0.110222952708 0.147552992436 0.10738290712 2.14699976382 9.67840937914   -1.0508967971 -0.688713425313   -1.2645590628 1776585317.1
 0.0769482955349 -0.0257564648464  0.0858068094477 0.118098451365 0.0667596878445   1.90802577554   9.84957088739 -1.00908617276 -0.60698948592 -1.26116017209 1776585317.12
 0.0594065341268 -0.0359098622787  0.0629791793909 0.0937284990949 0.0197188155082   1.43249939812   9.99043914512 -0.744799712928 -0.412554856835   -1.0459668034 1776585317.14
 0.0475572977232 -0.0420365448249  0.0445312725534 0.0775358104541 -0.0207805074526   0.766940194194    10.0387503971 -0.349822011921 -0.151845556104 -0.638763431608 1776585317.16
 0.0424288856481 -0.0432792683959  0.0319785544065 0.068526880508 -0.060381872874    0.3776464641   10.0992181895 -0.105028703109 0.0549371386772 -0.435152475926 1776585317.19
 0.0429273049646 -0.0396147444339  0.0253483944182 0.0636759184282  -0.111872937146 -0.0595049153496    10.1413774058  0.104078268742  0.322925114247 -0.244853956944 1776585317.21
 0.0461268455665 -0.0318055559335  0.0232787544426 0.0606727259859 -0.132815946358 -0.463107961455   10.0433643402   0.141128828054    0.51446803352 -0.0540874867958 1776585317.22
 0.0479706966166 -0.0212296715808  0.0234155194476 0.0574471343089 -0.127334883986 -0.665375628756   9.89102911527  -0.0498920037925    0.587135348359 -0.00645709890641 1776585317.24
   0.044242113668 -0.00962579493603   0.0230348295778 0.0507998417679 -0.0867438718632  -0.586378090241    9.74451923406  -0.347931119085   0.477005026862 -0.0776051360857 1776585317.26
 0.0316104921183 0.00119976734589  0.0197664181547 0.0373011251883 -0.0576786370139  -0.552993698055    9.61170366827 -0.796921660395  0.430469734221 -0.240385361471 1776585317.29
0.00853808892085 0.00966029403273  0.0122649818985 0.0177946628007 -0.0137745596854  -0.512222953071    9.44835896704  -1.53319414116  0.369403312236 -0.524939376505 1776585317.31
-0.0241448932717  0.0146333068339 0.00067673051651 0.0282412376533 0.0526046650487 -0.325182188257   9.39044318531  -2.01839835153  0.168333139121 -0.717717928931 1776585317.33
-0.0631305518102  0.0156374130993 -0.0132195159242 0.0663682971122  0.110510542617 -0.158707330631   9.44882917806   -2.09995574529 -0.0454032415755   -0.71690276776 1776585317.34
  -0.10303722597  0.0129275720116 -0.0262562807118 0.107112951274    0.13065018537 -0.0826115495129    9.61043133891  -1.61090197548 -0.176699601864 -0.462033179814 1776585317.36
 -0.137277753034 0.00750421745179 -0.0344861526762 0.14174198208  0.164338908221 -0.137891087592   9.75587283198  -1.27112672791 -0.268874688008 -0.176277340172 1776585317.39
 -0.159249443241  0.0010373001379 -0.0340516798077 0.162852626819  0.217172678482 -0.348207074337   9.96277634513 -0.717658111702 -0.321205165127  0.336086876488 1776585317.41
  -0.163631896809 -0.00429121405693  -0.0221442286881 0.165179233064  0.229308146162 -0.615056399724   10.1685301355  0.316379930449 -0.190794498052  0.978709791912 1776585317.43
  -0.147544460553 -0.00602144816343  0.00215725782765 0.147683037073  0.215928146616 -0.785427485786   10.2458783018   1.20479232533 0.0592739424966   1.37085897589 1776585317.44
   -0.1113271904 -0.0017179023792  0.0373700749434 0.117444527383 0.256733076012 -1.01073437175  10.2904300598  2.01374086394 0.378772579325  1.75584552803 1776585317.47
-0.058768642637 0.0106767507636 0.0795637532093 0.0994893822928 0.394529348572 -1.38120649214  10.3188523604  3.04300582665 0.907507453141  2.26917730382 1776585317.49
0.00329817284739  0.0324665117796   0.122846504349 0.127107104294 0.545287473282 -1.48612507171  10.1550932842 3.36927229417 1.43603726593 2.18111642635 1776585317.51
0.0659914319802  0.063851472427   0.16032785428 0.184761739773 0.751644326358 -1.47975374542  9.88655624601 3.24971444687 1.98570508101 1.74451413341 1776585317.53
0.119810664266 0.103660288954 0.185392826902 0.243865846408 0.969827596368 -1.32597752196   9.5420695048  2.56326827703  2.42452720246 0.928950207858 1776585317.54
0.156253003732 0.149227489448 0.193039414982 0.28973791695  0.871642136378 -0.812209415577   9.33974578053    1.07162765372    2.00881095639 -0.0951868797225 1776585317.56
0.169319901521  0.19646742947 0.180995189536 0.316271937625 0.912434753815 -0.58308290688  9.14041348972 0.00783681069435     1.9088015074  -0.895906291565 1776585317.59
0.156626391167 0.240172967991 0.150353663687 0.323760876493 1.14733069873 -0.5424684502  8.7732141935 -1.35055277491  2.13287522911 -2.06109736282 1776585317.61
0.119888551471 0.274532429241 0.105557319116 0.317621893291   1.00006259985 -0.455857648802   8.69779233192 -2.66152779645  1.55277749846 -2.79797846258 1776585317.62
0.0646751766453  0.293818763859  0.053688312988 0.305605594552  0.558352939384 -0.446973930399   8.92775610803 -3.24283327703 0.501736585089 -2.75644084944 1776585317.64
-0.000551474390609      0.29316711136   0.00318208769678 0.293184898979 0.0260599170155 -0.460613408045   9.36941707947  -2.68868954549 -0.504125810252  -1.88293397327 1776585317.66
-0.0659392535511    0.26932872723 -0.0377831432197 0.279845518781  -0.46118695318 -0.667225245934   9.69007663283 -2.54657239184 -1.50725971872 -1.38513471496 1776585317.69
 -0.122011866148   0.221277399329 -0.0628827945168 0.260393603571 -1.21986080191 -1.12676696727   10.130654411  -2.51745045016  -3.13385786581 -0.820541475827 1776585317.71
 -0.161351753041   0.150554110632 -0.0688820326293 0.231183180307 -1.99335841807 -1.52988933554  10.6788738841 -1.69326162019 -4.68339165075 0.194419319418 1776585317.73
-0.179862393174 0.0612686493285 -0.056240430479 0.198159819059 -2.56314242022 -1.75931468415  11.1586947696 -0.486437993632   -5.8010601712   1.21377502538 1776585317.74
 -0.177352941792 -0.0402695091682 -0.0289553748926 0.184157848233 -1.97636643077 -1.23460736233  10.9697303162 0.482924567278 -4.44738241173  1.34057022242 1776585317.76
 -0.157328467901   -0.14625233784 0.00631242200127 0.214899604018 -1.94311417231 -1.09273429444  11.0497308018  1.10374023383 -4.47477605249  1.51822661661 1776585317.79
-0.126040109099 -0.248301641985 0.0416269106672 0.281553927705 -2.26751155244 -1.10232133554  11.3847446337  1.91236883398 -5.54302391919  1.81826828688 1776585317.81
-0.0910122871555  -0.338470580246  0.0693654305076 0.357291383964   -1.7476881729 -0.656389638772   11.1743547304  1.98900835754 -4.82908022911  1.25432802491 1776585317.83
-0.0593790149513  -0.410147001045   0.083665385892 0.42278401895 -0.983224398504 -0.153656181472   10.7831916927  1.63352065324 -3.59645329627 0.361095016034 1776585317.84
-0.0363988556631  -0.458710661277  0.0814379059191 0.467303413195 -0.118249819849  0.214836054908   10.2139009378  0.822511326299   -1.6895261899 -0.492245037333 1776585317.86
-0.0244685479631  -0.481856832135  0.0627726594621 0.486544060996 0.419768857539 0.355891700386  9.84571885745  0.267267619218 -0.411130672697 -0.999499210375 1776585317.88
-0.0228322793725  -0.479579764886  0.0307030569702 0.4811036703  1.13543213763 0.535535385041   9.5072912993 -0.0941355874872   0.741450936765    -1.9174362841 1776585317.91
 -0.0280197430127   -0.453886146803 -0.00956119877145 0.45485069724   1.8649604174 0.510355793473  9.12203577857 -0.393131137482   2.32354777346  -2.68917727889 1776585317.92
 -0.034882834352  -0.408356609246 -0.0517276526816 0.41309524628  1.58223046739 0.154749572386  9.14531686189 -0.24973182811  2.66397518381 -2.00734039787 1776585317.94
  -0.03797614014  -0.347677839003 -0.0895905579527 0.361038135144   1.41463429497 -0.118815389043   9.16124726909 0.0447743350025   3.06185085745  -1.54844695127 1776585317.96
-0.0329653314898  -0.277229976492  -0.118041344684 0.303112078282  0.971350996308 -0.273023630305   9.31689094703  0.386796785516   2.77258320985 -0.844787225129 1776585317.98
-0.0177577437505  -0.202751126944   -0.13374874029 0.243540720352   0.88191197855 -0.436029489854     9.270130868  0.987748454545   3.64889420954 -0.431048700788 1776585318.01
0.0068785045851 -0.130040738107 -0.135429004159 0.187880074942  0.629461382342 -0.438923199625   9.18576781071  1.99500186779  5.00212967618 0.363098844603 1776585318.02
0.0373277141258 -0.064633660481 -0.123722952128 0.1444930351 -0.033252942515 0.0911141323809   9.46457319343  1.56719753506  3.05396522981 0.891962386737 1776585318.04
 0.0677653579781 -0.0113917936991  -0.100775565867 0.121973896311 -0.410746159859  0.655256129446   9.55715958546 1.22339777666 2.05417762825 1.22547609303 1776585318.06
 0.0912971133916  0.0259850529878 -0.0696618692843 0.11774192934 -0.681933112783   1.34483689281   9.57697940816 0.734136614168  1.24151355277  1.46233958275 1776585318.09
  0.101381792071  0.0454576505547 -0.0338144018873 0.116138191532 -1.01614474086  2.51896655797  9.51039749667 0.050939734743 0.543426617842  1.88683586174 1776585318.11
 0.0932699923891  0.0470317852963 0.00341465657661 0.10451287092 -1.20640725384  3.78978166044  9.43269181724  -1.04066719154 -0.361117700778   2.09262142437 1776585318.12
0.0651841351434 0.0328968484564 0.0389735105345 0.0827653830786 -1.04647034276  4.24580534999  9.43177601401 -1.98185537023 -1.06220921509  1.77956185446 1776585318.14
 0.0190058888136 0.00722867132898  0.0700984155755 0.0729881179711 -0.738520965672   4.04663878629   9.49164756527   -2.429001613 -1.32613205286  1.27758294983 1776585318.16
-0.0396815956377 -0.0243554012298   0.094129780893 0.105015381028 -0.469203183057   3.88093375297   9.56324356066 -2.68470949188 -1.39152572827 0.845499118327 1776585318.19
-0.102238940353 -0.055614366145  0.108282210311 0.158967907818 -0.223453528015   4.15273407049   9.64914247684 -3.08987313229 -1.46686020696 0.401353305098 1776585318.21
 -0.158224229937 -0.0806313276629   0.109527655186 0.208644734393 0.128561728405  3.63393713643   9.8332415521  -2.70122818866  -1.11388630823 -0.385882474656 1776585318.22
 -0.197064240872 -0.0947168027204  0.0947359938978 0.238286584364 0.402126235521  1.98774955371   10.024818274  -1.23852791082 -0.347059294504  -1.16020771161 1776585318.24
  -0.20986981716 -0.0951034125546  0.0611479553468 0.238388488978 0.569193252185 0.628565802572  10.1675030385 0.125369043656 0.281016285696 -1.83634653287 1776585318.27
 -0.191084206261 -0.0813124800451 0.00714327161415 0.207788160449  0.966855077983 -0.698431113213   10.4687359627  1.94425571978  1.10684732464 -3.54514357538 1776585318.29
 -0.139667989281 -0.0551381422546 -0.0668576133421 0.164369408415  1.33685992507 -2.57789507424  10.7546163206  4.44011163027  2.06138807538 -5.56339220722 1776585318.3
-0.0595906316319 -0.0202646260042  -0.157616173487 0.169719051936  1.21357776594 -3.47588927064  10.6623810139  5.33206214965  2.17661157264 -5.67809495289 1776585318.32
0.0404928154021 0.0184056540107 -0.258710245038 0.262506051524  1.02678880552 -3.76448801634  10.4895981091  5.44388857676  1.98572942692 -5.31917373433 1776585318.34
0.148366674141 0.055590516105 -0.36080935482 0.394063911063 0.858940647348 -3.79099645675  10.3004086155  5.20517712594  1.69126353347 -4.81849278376 1776585318.36
 0.250027583578 0.0864875854871 -0.452679008055 0.524320683672 0.646499213184  -3.3521699139  10.0667419159 4.29048389729 1.21423684498  -3.788629257 1776585318.38
 0.331828339413  0.107511445993 -0.522811648553 0.628490873219 0.419609946595 -2.57270341674  9.83009435881  2.89420886532 0.661379374743 -2.37280671134 1776585318.4
 0.382632637018  0.116790252438 -0.561394783385 0.689356076921 0.243471840803 -1.90275939932  9.59692525256   1.51292848001  0.162208033621 -0.934450001403 1776585318.42
 0.395598666721  0.114348556625 -0.562198958151 0.696879879219 0.0429748075281 -0.893695166686   9.37779415597 -0.333614984921  -0.36999099661  0.934361861504 1776585318.44
 0.369260211344  0.101959752233 -0.523942375339 0.6490489253 -0.133223059131  0.218762595392   9.25770128361  -2.11175863366 -0.760072021729   2.67668897289 1776585318.46
 0.307695154813 0.0827099976775 -0.450779803873 0.552014205968 -0.238486750998   1.06193957556    9.2583134955  -3.25762004832 -0.906248519611   3.75161771814 1776585318.48
 0.219743647866 0.0603652254621   -0.3517525618 0.419119429227 -0.324848832659   1.79200871731   9.25708707222 -4.34553309695 -1.00594362969  4.83051188174 1776585318.51
 0.117426610459 0.0386648999063 -0.239276532878 0.269327389092 -0.441216328292   2.72369878721   9.23777360859 -5.86782901053 -1.13129699662  6.40687583487 1776585318.53
0.0138766810494  0.020674791258 -0.126973671255 0.129392126741 -0.447801118523   2.94919882504   9.40216083453  -5.81544317009 -0.899413781337   6.28158107139 1776585318.54
-0.0788116530609 0.00831477980828 -0.0273087557789 0.0838223142346 -0.319822080413   2.14861483848   9.66146428373  -3.86326172037 -0.433239273569   4.14745559359 1776585318.56
 -0.151402566622 0.00213981579417  0.0504640458552 0.159605563548 -0.256643599077   1.65471184368    9.8320214959  -2.61245240701 -0.150693516904   2.80976462483 1776585318.59
 -0.198687993726 0.00139997924772   0.101621555239 0.223172174077 -0.244105243956   1.37643623611   9.99168655541  -1.69675704437 0.0547814665218    1.8806797351 1776585318.61
  -0.21983832836 0.00434933153063   0.126318011325 0.253582427005 -0.232049461567  0.989616642671   10.1487059442 -0.550085979507  0.209190760405  0.780531015588 1776585318.63
 -0.217948001211 0.00872431718997   0.128950070712 0.25338817194 -0.18913021929 0.473514479514  10.2163027732   0.59741255371  0.226852038326 -0.273491578556 1776585318.64
 -0.19894949067 0.0122813299105  0.116755237395 0.231005446606 -0.123873579388 0.0786558646016    10.155716846    1.1525972001  0.109836197453 -0.746381033535 1776585318.66
-0.170174743611 0.0132768468632 0.0980138048773 0.19683095278 -0.0664165477151 -0.0881006364703    10.0504752424    1.15550781288 -0.0286136552243  -0.701642301971 1776585318.68
-0.138877081726 0.0107937664524 0.0802783370869 0.160773009639 -0.0337682944893  -0.180376593313    10.0316084528   1.42024416981 -0.202012622703 -0.696191506522 1776585318.71
  -0.11099237253 0.00485886757907  0.0690031143507 0.130783581325 0.0319630486364 -0.225915781001   9.97836728221   1.58001955442 -0.470207043071 -0.438282908491 1776585318.73
 -0.0903332375366 -0.00365267338563   0.0668127206891 0.112416081913  0.100344843862 -0.133341882763   9.83861548662  0.946039020874 -0.524973541081  0.129440433365 1776585318.74
-0.0782997780397 -0.0132828228989  0.0734762317436 0.108194478863  0.143230002238 -0.055317336017   9.74074060645   0.41455157162 -0.476970938746  0.501863335661 1776585318.76
-0.0740809100394 -0.0223521270456  0.0864880707502 0.116050787149  0.137947604082 -0.016309130561   9.70069878435 0.0611476807481 -0.320045300596  0.569515265016 1776585318.78
-0.0752332560461 -0.0293329157434   0.102037103792 0.130123146717    0.16477215767 -0.0262192876838    9.64332142405 -0.104021131959 -0.255996181322  0.701239002261 1776585318.81
-0.0784725702591 -0.0331600102587    0.11609362659 0.143997432957   0.174137392655 -0.0920104368292    9.58112542697  -0.16503372395 -0.128321790471  0.730961351286 1776585318.83
-0.0804993153204 -0.0334275343379   0.125361341475 0.152685971049 0.0720927420606 -0.141861045006   9.65135065702 -0.00567806616018   0.0675382960699    0.294292433362 1776585318.84
-0.0787006078283 -0.0304475957803   0.127912744092 0.153240046536 -0.0121108963472  -0.216023162861    9.69691173016   0.225321645617   0.209412147755 -0.0490958889031 1776585318.87
-0.0716155493335 -0.0251710327915     0.1234256358 0.144900846688 -0.0913633240266  -0.259018093749    9.76451702689  0.481984557641  0.281894655815 -0.365928245698 1776585318.88
-0.0591083328871  -0.018988810403    0.11303806256 0.128965008915 -0.117447344461 -0.224288548732   9.83350319629  0.592581984646  0.236635815155 -0.494616282333 1776585318.91
-0.0422523721258 -0.0134454326988  0.0989167814574 0.108400056571 -0.152303228746 -0.261939880729   9.92268310585  0.940778186756  0.236534226825 -0.764531020354 1776585318.93
 -0.0229798202959 -0.00990523479248   0.0836779339086 0.0873394666822 -0.100406771202 -0.246922849986   10.0520330914    1.2550868534  0.137146842297 -0.944971784239 1776585318.94
-0.00358748696219 -0.00922041281782   0.0698054690239 0.070503117526 0.0701564763797 -0.111043868623   10.0743063185   0.929992394236 -0.0392135734668  -0.619368202174 1776585318.96
 0.0137916842618 -0.0114557228442  0.0591883780688 0.0618442255921   0.255633396882 -0.0283283436243    10.1020408742  0.686638307071 -0.143034810721 -0.372722513744 1776585318.98
  0.027643942536 -0.0157262857946  0.0528523558776 0.0616836700078   0.49003126066 0.0165475790761   10.1518110921  0.504461910112 -0.187057355369 -0.177173149798 1776585319.01
 0.0373689387244 -0.0201983033606  0.0509077599429 0.0663024061587   0.97391636279 0.0278200377623   10.3165556612    0.428920353564   -0.179010059782 -0.00453864055744 1776585319.03
  0.043358837921 -0.0222849028874  0.0526860679853 0.0717804115501    1.55643073059 -0.0323074010664    10.4806683535  0.302218330061 0.0369178365531   0.19422398634 1776585319.04
 0.0468505857516 -0.0190400615851  0.0570012463384 0.0762013347295    1.5517947478 -0.136400500987   10.4030348784 0.157957047811 0.369761582871 0.247949255547 1776585319.06
  0.0495829640706 -0.00771484875585   0.0624562394757 0.0801172332697   1.54957484987 -0.252964959538   10.3605812696 0.140349578287 0.707331283256 0.232251140336 1776585319.08
0.0533275136811 0.0136022434358 0.0677192970506 0.0872625230837   1.83473620017 -0.444270352497   10.4361138744 0.227739204535  1.23312716298 0.215093136099 1776585319.11
0.0593880714336 0.0453763361812  0.071716881695 0.103582170444   2.29439838547 -0.737848358619   10.5780287319 0.410788638539  2.00833878989 0.166107725818 1776585319.13
0.0681736945428 0.0861849736018  0.073722543267 0.132327305149   2.39773843627 -0.957045904124    10.606935898  0.565578427816   2.52213022917 0.0473749775146 1776585319.14
0.0789421283104  0.132575344358 0.0733548030854 0.17084791099   1.87488954197 -0.886234122394    10.432263704   0.514298954978    2.21616857434 -0.0761765013646 1776585319.16
0.0897853147577  0.179311730126 0.0705214914257 0.21257323458   1.32698224365 -0.717407429929   10.2507195397 0.355747954276  1.64236782105 -0.15022016677 1776585319.19
0.0978863270569  0.220034293996 0.0653553173236 0.249535851255  1.41469952852 -0.85300343063   10.281664722  0.246345179313   1.65899167782 -0.297112475086 1776585319.21
 0.100023286836  0.248258524716 0.0581736580618 0.27389984939   1.46790765402 -0.975500688064    10.308482763 -0.156503512998   1.29714126362 -0.534966467983 1776585319.23
0.0932390991665  0.258551710907 0.0494699800373 0.279266531742  0.750865962328 -0.565642403402    10.087165353  -0.717808458699 -0.0177279857992  -0.535459503813 1776585319.24
0.0755485454998  0.247654062813  0.039916374112 0.261979836013  0.146619406126 -0.197046968617   9.91518066353  -1.23583668365  -1.14458197492 -0.506150137577 1776585319.26
0.0465296851734      0.21529134  0.030339639733 0.222341778396 -0.341995069003  0.111914503001   9.78274969404  -1.47654434634  -1.80914159195 -0.397548501801 1776585319.28
0.00765495871301   0.164467186654  0.0216365345826 0.166060812678 -0.695913641799  0.317017806141   9.69725628972  -1.57747226196  -2.13717792539 -0.294305237841 1776585319.31
-0.0377378601923   0.101124681019  0.0146180447616 0.108922148508 -1.50999925842 0.692807151546  9.53919557397 -2.42267319617 -3.43726582583 -0.30973000529 1776585319.34
-0.0848603055971  0.0332074043258 0.00980879266947 0.0916526899862 -2.91204773812  1.24883953319  9.25691112174  -3.46687540357  -5.05158093031 -0.281946033537 1776585319.35
 -0.128211459876 -0.0307043170437 0.00726021686141 0.132036526301 -2.68487270679  1.02488479654  9.25948285437    -2.2898537576   -3.42429110094 -0.0990871230229 1776585319.36
 -0.162500048109 -0.0828965514312 0.00644914636359 0.182536832895 -2.12443613044 0.688009939225  9.32160591544   -1.15497500327   -1.81809950348 -0.0196514058678 1776585319.38
 -0.183564182356  -0.117837594363 0.00631841395463 0.218223348989 -2.24874269827 0.582851079774  9.20704981318  -0.555658326076   -1.04707147281 -0.0203210399712 1776585319.41
-0.189100427965 -0.133021776964 0.0054763410317 0.231265551508 -2.76297105501 0.527188436373  8.91766419311   0.115110804432  -0.289429269197 -0.0969710340137 1776585319.43
 -0.179056222179  -0.129172200407 0.00252084202518 0.220800685469  -3.0332117133 0.368322572922  8.60312508863  0.981386369307  0.680828759595 -0.265713781362 1776585319.45
  -0.155614273828   -0.109791031665 -0.00359015195966 0.190480345559 -2.63702978147 0.141598436832  8.49726892616   1.58033628961   1.37528719576 -0.442103088982 1776585319.46
 -0.122784277056 -0.0802015565532 -0.0132213774793 0.147251734075   -1.74247695986 -0.0167979701796    8.70900589536    1.5220791294   1.38132291317 -0.485351970221 1776585319.48
-0.0856944315424 -0.0463371163145 -0.0258857951725 0.100800487784   -1.43380651359 -0.0935112594623    8.63157197653   1.66901404268   1.52217250514 -0.617806286393 1776585319.51
-0.0497258365556 -0.0135708712782 -0.0402648670249 0.0654070858925  -1.15748491358 -0.124040018627   8.49474233574   1.77794650825   1.62851512786 -0.768167625204 1776585319.53
-0.0196485484565  0.0141577969122 -0.0544211357631 0.0595665064243  -0.633355018704 -0.0718777972102    8.59095135239   1.47915958318   1.40663585576 -0.753255183417 1776585319.55
0.00109939669595  0.0347623824708 -0.0661473822251 0.0747335806942 -0.00338761304686   0.0476576227276     8.97565804255  0.830121700038   0.91836592252 -0.514848978952 1776585319.56
 0.0108897597334  0.0479424113509 -0.0733612704322 0.088311594214 0.459924707396 0.158735465644  9.45896406642 0.198803270767  0.44132334782 -0.18355357127 1776585319.58
 0.0100894499602  0.0547194002218 -0.0744478310869 0.0929434737605 0.853452387829 0.272511619355  9.84121807969 -0.212867437875  0.188659927019  0.104656394551 1776585319.61
0.000952149073127   0.0567499063846  -0.0684754386087 0.0889401155563  1.48114901627 0.456885161348  10.3357069537 -0.605735510958 0.0240088054528  0.509041856201 1776585319.63
-0.0127489074176  0.0556246165567 -0.0552551642846 0.0794340341889   2.0298108139 0.586999694709  10.9360321942 -0.816430586495  -0.13205219127  0.995357611317 1776585319.65
-0.0262900131239  0.0523436687049 -0.0352629476265 0.0683703146026  2.03605397742 0.515244685326  11.2585815769  -0.59857470487 -0.232577784939   1.24818508822 1776585319.66
-0.0346996226031  0.0470956081069 -0.0094821719623 0.0592618907636  1.66551572591 0.318612493438  11.2326180908 -0.157925800471 -0.283231179178   1.22384998651 1776585319.68
-0.033519395512 0.0393781716652 0.0207613341042 0.0557245302625   1.5811418663 0.143134435734  11.3905756841  0.329930896231 -0.406801498486   1.37980834954 1776585319.71
-0.0195409709603  0.0284051420918  0.0539130248604 0.0639946551903   1.64490352696 -0.117377344745   11.7179972874   1.06915589345 -0.653078183099   1.71366301926 1776585319.73
0.0085733361273 0.0136664444334 0.0882283499357 0.0896912232506   1.60345731341 -0.529076684849    11.959804918    2.0555244539 -0.975256849391   2.00870430056 1776585319.75
  0.0498835747246 -0.00453378187303    0.121756237923 0.131656779843   1.22981094185 -0.901941449593   11.6879131608  2.65063387084 -1.10041811159  1.83670485747 1776585319.76
  0.101070214395 -0.0247338949084   0.152322251204 0.184469569325  0.745670135461 -0.971377168886   11.0350601955   2.39181496449 -0.890236604748   1.24995469755 1776585319.78
  0.156701109145 -0.0442914055109   0.177578732937 0.240938109482  0.58936934042 -1.11081596951  10.7003115245   2.34766488654 -0.754922973807  0.924541025074 1776585319.81
  0.209879449717 -0.0597229565833   0.195172745982 0.292760338384  0.68665384187 -1.41324368708  10.5035874367   2.52591286189 -0.603615474969  0.666405695445 1776585319.83
0.253214218629 -0.06735506986 0.203041561372 0.331481555439 0.897878646781 -1.47993564226  10.1605206592    2.0817156849 -0.131384539346   0.13721899624 1776585319.84
  0.279980139856 -0.0641472624328   0.199793524125 0.349887413711  1.09187237719 -1.11123343466  9.76679124469  0.916380579297  0.539048130452 -0.513171996354 1776585319.86
  0.285275601039 -0.0484954075773    0.18508722669 0.343498551071   1.21444471093 -0.561224998916   9.49683887788 -0.330520385928   1.10025378798  -1.01295022336 1776585319.88
  0.266963119518 -0.0208155148482   0.159900088743 0.311882399666    1.25217150671 -0.0334313982653    9.36513085315 -1.32096194252  1.44772905151 -1.30804595908 1776585319.9
 0.226198490238 0.0162510827132  0.126587754775 0.259719684149  1.52695568371 0.520114879746  9.19570514732  -2.5591613409  2.02860831463 -1.83108406033 1776585319.92
 0.167421155312 0.0580898878773 0.0886776530651 0.198161561542 1.75983504613 1.27755688775 9.02732116953 -4.09479459155  2.63212443549  -2.4291844108 1776585319.94
0.0977773099515 0.0987999185852 0.0504035354704 0.147859198705 1.23669241078 1.63538861636 9.14104305648 -4.18672634419  2.19467769205 -2.15082784042 1776585319.96
0.0260580118352  0.132192303933 0.0160558097433 0.135689403515 0.452262566155  1.50742684629   9.3555958111 -3.23506655468  1.28278287002 -1.44932670508 1776585319.97
-0.0386671975655   0.152903496979 -0.0107243162024 0.158081126369 -0.218381174122   1.26159764057   9.50169060667  -2.25478251239  0.496139970488 -0.858566876682 1776585320
-0.0884770678726   0.157394482304  -0.027556390154 0.1826487592 -0.987765912459   1.23665482374   9.51795827348  -1.72089806336 -0.179903122785 -0.499552075228 1776585320.02
 -0.117827694457   0.144628038429 -0.0337034753635 0.189569405054 -2.16135864421  1.17486470409  9.44227282231 -0.974042829813  -1.11576230569 -0.070200292876 1776585320.04
 -0.124365181083   0.116284787004 -0.0301428842804 0.172908771979 -3.04693251264 0.712192681808  9.34814401821 0.241299648336 -1.90322998677 0.401847624867 1776585320.06
 -0.109187445923  0.0764788296946 -0.0193144641263 0.134699510998 -3.03235714547 0.145876989493  9.29011462081  1.11749512616 -1.99142633925 0.596486099078 1776585320.08
 -0.0765297851636   0.0310399701348 -0.00460975394114 0.0827135877262  -2.89044751332 -0.243998492984   9.18870780483  1.58576318022 -1.87144183867 0.615648595629 1776585320.1
-0.0329568583211 -0.0134848627432   0.010280909752 0.0370633665353  -3.29641359627 -0.634301290146   8.88517495738  2.19731799823 -1.99414052379 0.648124500657 1776585320.13
 0.0137732294267 -0.0509130748774  0.0220261705297 0.0571576349276  -3.5332136431 -1.03366416514   8.4855541069  2.61414930433 -1.84945800671 0.526623029224 1776585320.15
 0.0559638973628 -0.0763945073033  0.0281940861883 0.0988078187703 -2.79879543491 -1.12186936715  8.36196683853  2.14784460814 -1.05965148317 0.162946484254 1776585320.16
 0.0871444079608 -0.0871111675424  0.0275924836337 0.126268953043  -1.57411736589 -0.860028570311   8.60576841131   1.12867582324 -0.149429139486 -0.187772623007 1776585320.18
 0.102967658511 -0.082617491296 0.0203742859054 0.133578067411 -0.717756394849 -0.597376929808   8.83805242372  0.303440938857  0.464477814629 -0.409609085366 1776585320.2
  0.101721611972 -0.0647978043949 0.00791499639441 0.120866409579 -0.163529197929 -0.447239462945   8.85980408064 -0.446990387062   1.08676968694  -0.67106522066 1776585320.23
  0.0844005717652  -0.0374752519238 -0.00750042130204 0.0926504578551  0.404620452608 -0.213551239947   8.94423341991  -1.38588337506   1.72751801196 -0.908081439452 1776585320.25
  0.0543492470977 -0.00574765987158  -0.0231251084655 0.0593434654838   0.71673045401 0.0966588640474   9.27323655259  -1.94742039091   1.78889715944 -0.825610522824 1776585320.26
 0.0165536299452  0.0248488369398 -0.0362641897053 0.0469742356681 0.618810856195 0.287896496566  9.60279986101   -1.8632593838   1.31938613473 -0.519622246787 1776585320.28
-0.0232969260593   0.049234102286 -0.0447789261256 0.0705116714926 0.358148374884 0.370771205325  9.78694461024  -1.60118974506  0.812802232616 -0.235606677607 1776585320.3
-0.0598176615154  0.0636167321242 -0.0475018249081 0.0994065621825 0.0260176263965  0.478056140168   9.87309771968   -1.55698340504   0.401814874216 0.00690901893165 1776585320.33
-0.0888350885632  0.0661477112799 -0.0444881045253 0.119358217613 -0.552968510926  0.571948167928   9.87011356577  -1.40866556454 -0.184867631152  0.305475589054 1776585320.35
 -0.108035267528  0.0572888464799 -0.0370456158758 0.127773270352 -1.19238462845 0.508587528015  9.72757519338 -0.861470272009 -0.798662503233  0.514747883679 1776585320.36
 -0.117238954105  0.0398147046841 -0.0275161553462 0.126835806749 -1.42316146154 0.319214717312  9.53818739837 -0.256942774614 -0.977493131165   0.45810519559 1776585320.38
 -0.118255200596  0.0184089270513 -0.0188244207323 0.121150897145 -1.41406705169 0.175107131819  9.37666456083 0.0600663886316 -0.849602971625  0.283397855344 1776585320.4
  -0.114344576951 -0.00112452084398  -0.0138602606499 0.115187037684 -1.63805614979 0.111970722842  9.10076010633  0.200150400309 -0.708689564217 0.0908587578902 1776585320.43
 -0.109400690473 -0.0129429908614 -0.0148048944646 0.111154023717  -1.96827253699 0.0831897362987   8.65453742245  0.207322221727 -0.318373612793 -0.245608987785 1776585320.45
 -0.107017597255 -0.0123761704616 -0.0225403338798 0.110063628728  -1.87847005787 0.0846179040962   8.32154712395 -0.00732050180974    0.491527720906   -0.664213136558 1776585320.46
  -0.10963740794 0.00295116505359 -0.0362830465692 0.115522855156 -1.27799118149 0.113609362202  8.41959755072  -0.28910273722   1.18096388862 -0.819384231126 1776585320.48
 -0.117959694281  0.0323215089129 -0.0535527754965 0.133518048131 -0.741605561577  0.152077838635   8.67264262629 -0.442935855333    1.4419444707 -0.718659765021 1776585320.5
 -0.130743345209  0.0716599615474 -0.0705272553765 0.164933520414 -0.550128557185  0.245752160164    8.6157447649 -0.608742584594    1.8336876161 -0.656106476412 1776585320.53
 -0.145051710511   0.113929557885 -0.0827527160903 0.202158242232 -0.500211761526  0.405372328743   8.42021604003 -0.726324549488   2.18073846751 -0.432287732673 1776585320.54
 -0.156898831305   0.150189972279 -0.0860942574687 0.233637523115 -0.47784298539 0.489025094074  8.53532985422 -0.479724168526   1.60465959279  0.140533060145 1776585320.56
 -0.162166808648   0.171178927855 -0.0777389242621 0.248281371662 -0.563920542367  0.496120152496   8.75877402199 -0.0184860124011   0.499818053388   0.766550124773 1776585320.58
 -0.157599816454   0.169142952783 -0.0570268609006 0.238115735487 -0.646259053218  0.399135049729   9.07976935135  0.449347557442 -0.692679615645   1.13561066523 1776585320.6
 -0.141653340321   0.139556943668 -0.0258963960746 0.200530378446 -0.876043405279  0.348332664658    9.2300609576 0.960781289807 -1.95716736468  1.53882522096 1776585320.63
-0.114996584026 0.0823576905986 0.0112081570475 0.141889486301 -1.22027722693  0.27724301409  9.37249488145 1.61110937522 -3.6157033371 1.94810887374 1776585320.64
-0.0805324192378 0.00238741208409  0.0480093303555 0.0937873450202 -1.41578140765 0.107446630423   9.6490906927 2.09252088534 -5.0349100579 1.92588482086 1776585320.66
-0.0429036383225 -0.0911084382076  0.0775600442828 0.127110307069  -1.25654564102 -0.130156195973   10.0301097546  2.08838705806 -5.38944744814  1.30729138241 1776585320.68
-0.00757661410416   -0.185887781581    0.093678304878 0.208296176699 -0.647399088525 -0.289990868507   10.2980426524  1.34455723217 -3.77995971019 0.314466122161 1776585320.7
0.0202952677773 -0.268779803227 0.0923410550502 0.284923412454 -0.190389585195 -0.503709261563   10.6809939311  0.981710113024  -3.13298894775 -0.462425460217 1776585320.73
0.0369580563979 -0.328013882376 0.0727006606333 0.338000578432  0.544612930275 -0.868045041786   11.3610262528 0.566805940196 -2.38990998136 -1.51558349089 1776585320.74
0.0408240747453 -0.355338530295 0.0374490387147 0.359631070254  1.50878805457 -1.12722908776  11.8925897645  -0.12357598248 -0.569014354527  -2.34545368605 1776585320.76
  0.0327271084713    -0.34749558145 -0.00760209893738 0.349116076204  2.30726042708 -1.20393397728  12.1094723959 -0.69746122142  1.34403435262 -2.54797982342 1776585320.78
 0.0156103676272  -0.306750755831 -0.0546621999283 0.31197382243  2.45195327642 -1.00486735199  11.7979627862 -0.860361884007   2.36412491787  -1.94157053467 1776585320.8
-0.00625364969584   -0.240383233247  -0.0955696075907 0.258760037208  2.75842553818 -0.92672967015  11.7229206832 -0.922280577864   3.09872065264  -1.44581213593 1776585320.82
-0.0282893368215  -0.159254512188  -0.123481523439 0.203494404987  3.90523523808 -1.07840392921    12.17449863 -1.11303340266  4.53965833544 -1.06627504728 1776585320.85
-0.0466158331501 -0.0757605704253  -0.134236182168 0.161034320983    4.3761534621 -0.955721223897   12.1275259909 -0.946451043677   4.89543526622 -0.111299861319 1776585320.86
 -0.0587723740642 -0.00158366747169   -0.127066239035 0.14000903206   3.41701731545 -0.524358251848   11.3658016901 -0.458953409786   3.42976357653  0.783572371373 1776585320.88
-0.0640221906073  0.0543173188198  -0.104518262007 0.134064458776   2.40335661519 -0.167448545963   10.7045326308 -0.0977179014415     1.9528601061    1.22040880469 1776585320.9
-0.0632102018945  0.0871048614453 -0.0716417561308 0.129287771009    1.7764061615 0.0994277405184   10.2747993605 0.124495305495 0.914451873979  1.50973969075 1776585320.92
-0.0582641509401  0.0966116860104 -0.0346912031319 0.118033930432  1.33376224954 0.391796150308  9.89982680728      0.3017869264 -0.00324449120801     1.85511260617 1776585320.94
  -0.051504898095   0.0869790185014 0.000311846686247 0.101085119754 0.589010528526 0.639966096904  9.47471055966  0.372598623261 -0.871025169766   1.77781078697 1776585320.96
-0.0449565750082  0.0655025168893  0.0288043402313 0.08450658774 -0.189402304333  0.710379615357   9.16996184785 0.31115459516 -1.2259830715 1.28166805898 1776585320.98
-0.0398235738841  0.0409533259419  0.0484280576008 0.0748890426271 -0.689072101902  0.592203932312   9.07933439677  0.196271156069 -0.985799382495  0.684003978127 1776585321
-0.0362419998618  0.0217323421471  0.0591745901814 0.0727145746898 -1.07887508257 0.492579327109  8.97049377938  0.145187882928 -0.598060281465  0.325417647406 1776585321.02
-0.0333367005233  0.0142324920143  0.0629674463262 0.0726553420442 -1.56249918964  0.38315506598   8.7658181785       0.1755149332 -0.000175359564354    0.0963490658306 1776585321.04
-0.0295402340631  0.0217256463138  0.0628535299864 0.0727680930628 -1.79827802583 0.147193362871  8.70345864896   0.281671849066   0.816120181286 -0.0251164870809 1776585321.06
-0.0230728763647  0.0439710479289  0.0620522281114 0.0794750885076 -1.86628606538 -0.12323758647  8.70549180865   0.476288052036    1.55706658338 0.00731635001758 1776585321.08
-0.0124532475771  0.0775859089305  0.0631160063877 0.100788327212  -1.45157954154 -0.297723046819   8.95765451547 0.580813781081  1.62260316768  0.11869261823 1776585321.1
0.00308885239671   0.117058335702  0.0673985270203 0.135110163981 -1.34461853018  -0.4438428915  9.00992320366 0.774533844054  1.69747631124  0.25518065059 1776585321.13
0.0233948768184  0.156151025782 0.0749266558201 0.174769753866  -1.62170229277 -0.695689717876   8.82106882071  1.22584925353  2.00038325922 0.477531434307 1776585321.14
0.0474009386031  0.189368332361 0.0846603673504 0.212778269759  -1.38939574223 -0.680101287608   8.93873887231 1.25837519549 1.43485758784 0.50596543966 1776585321.16
0.0733872137651   0.21315460012 0.0950274928626 0.24464421329 -1.44305309837  -0.7315534599  8.87862628884 1.43976804015 1.03008121073 0.55115348522 1776585321.18
0.0993822718798  0.226558347158  0.104559192858 0.268585452774  -1.12309677871 -0.549275159819   9.05909081385  1.15028685075 0.413750960667 0.398731704543 1776585321.2
0.123612217174 0.231220218619 0.112437325207 0.285280426656 -0.989483953749 -0.449668437227   9.11079053183  0.989805389718 0.0900452545563  0.309786055245 1776585321.23
0.144871553708 0.230696629293 0.118796279582 0.297188926246 -1.32566845331 -0.56786341712  8.78013433112    1.26835430859 -0.0628150732957   0.397487527961 1776585321.24
0.162709716286 0.229283920334 0.124690027915 0.307560028221  -1.06240873959 -0.470756232394    8.8445475953    0.989824371728 -0.00207979757366    0.393722698155 1776585321.26
0.177372207606 0.230628339622 0.131724073148 0.319376834656 -0.750428049242 -0.412966567548   8.93996344711 0.728237961485 0.195322036711 0.455363752801 1776585321.28
0.189500124767 0.236469424834 0.141441943622 0.334415773527 -0.414394675815 -0.358110916901   9.12131085393 0.471878662214 0.322277762968 0.484838952873 1776585321.3
0.199662864465 0.245852132522 0.154626949662 0.352445774657 -0.234462992425 -0.404325210797    9.1528366953 0.366159370809 0.370646311881 0.583868511526 1776585321.32
0.207858360185 0.255052623279 0.170715523495 0.370676042526 -0.141483929479 -0.640590502815     8.948660139 0.354828108945 0.327746311687 0.865386201056 1776585321.35
0.213145016942  0.25830527712 0.187508416549 0.383812220639 -0.0371547316018  -0.612920336638    9.12137493951  0.125697945081 -0.128653476023  0.674997082355 1776585321.36
0.213555414896 0.249221613941 0.201308667282 0.385022736484 -0.0478519347145  -0.834648355589    9.01377661733 -0.194149532936  -1.02470546462  0.574230506366 1776585321.39
0.206379437782 0.222597099861 0.207518776029 0.367703662765  -0.17633728423 -0.817882904613    9.1452661054  -0.751726305971   -2.21892075426 0.00922164821551 1776585321.4
0.188803474768 0.176159658783 0.201612306629 0.32760723382 -0.283867427066 -0.418591444591    9.5324168729 -0.971228518916  -2.26117598128 -0.555673809653 1776585321.42
0.158777406768 0.111771926287 0.180283988947 0.264963290054 -0.663113600094 -0.259805699059   9.71889465331 -1.92571145064 -3.70983158706 -1.56094678884 1776585321.45
 0.115887017176 0.0356880541182  0.142507548076 0.187114508297 -1.11157415974 0.123531376887  10.0265778537  -2.8360056546 -4.51414085064 -2.63854993878 1776585321.46
 0.061970737156  -0.04231766137 0.0902174434999 0.117347108354 -1.47543323934 0.581947352494  10.3114507199 -3.33983147018 -4.26902803215   -3.324866789 1776585321.48
0.00125724333166  -0.110833625861  0.0283913923695 0.114419161171 -1.45155437956 0.834273420527  10.3784916961  -2.8857381626 -2.76542802263 -2.97370905649 1776585321.5
-0.0600883782422  -0.159287975071 -0.0355626087553 0.173919439234 -1.43093481372 0.999736455822  10.3538898909 -2.42141467669 -1.44931329808 -2.53003937007 1776585321.52
   -0.1149657009  -0.180397695262 -0.0930453146271 0.233276384174 -1.71635197137  1.35344218873  10.3439662766  -2.32075555363 -0.303874697582  -2.41054355649 1776585321.54
-0.156686561413 -0.171936331617 -0.135898091157 0.269408744916 -2.06811490661  1.77610644046  10.1765180115 -1.95469380456  1.28726254185 -1.94387459255 1776585321.56
-0.180358844856 -0.137333075876 -0.158076508141 0.276365462881 -1.94197306132  1.79567947165  9.72560938448 -0.854809833828   2.72617791103 -0.660522864933 1776585321.58
 -0.183966347403 -0.0849350512848  -0.156977542614 0.256319193192 -1.17084386364  1.18745220646  9.33619300896 0.267676838979  2.58961066037 0.558567046355 1776585321.6
 -0.168864763977 -0.0261348321683  -0.134091561099 0.217207008919 -0.717301704563  0.866682440501   9.03775508636 0.914523942008   2.3074401757  1.28029037496 1776585321.62
   -0.1395495211  0.0271332771417 -0.0947960812119 0.170870069295 -0.399644774324  0.783762776504   8.58718577062 1.59761329408  2.1986915121 2.09640784952 1776585321.64
 -0.102728596006  0.0648840844236 -0.0473068665894 0.130388068762  0.10948740448 0.703679007489  8.12985506865 2.19337452306 1.60341924205 2.79355341392 1776585321.66
 -0.0659078901917   0.0809674065953 -0.00100369542992 0.104405834726 0.661430056134 0.441612552112  8.41452550527  1.77787753921 0.241360320356  2.20037631101 1776585321.68
-0.035822681093 0.0739670683193 0.0354987187191 0.0895240230728  1.05105710267 0.265318383898  8.94532729787  1.11090963872 -0.77257156084  1.29948502569 1776585321.7
-0.0170910027123  0.0470181656843  0.0560997917207 0.0751664613317  1.48894227907 0.185349181682  9.50622595825 0.545207268541 -1.50178981885 0.511184127645 1776585321.72
-0.0114088108643 0.00671832850285  0.0583890646029 0.0598713601684  2.09608739138 0.139179917907   10.257524978 -0.0091561073528   -2.09664639042  -0.296760551891 1776585321.74
-0.0174645072689 -0.0385102090136  0.0439940557256 0.0610206698718   3.04022044636 0.0856942345034   11.4159376285 -0.601169050092  -2.59278800084  -1.20362422556 1776585321.76
-0.0315598440489 -0.0801912637953   0.018043887639 0.088046830872    3.51342078875 -0.0227341810737    12.5123128602 -0.953859870599  -2.22096854042  -1.71075797501 1776585321.78
-0.0487399286127  -0.111331939997 -0.0120987500785 0.122134193649   2.93281213444 -0.124335146193   12.5829715098 -0.764889640969  -1.11117556259  -1.32913681782 1776585321.8
-0.0641112533517   -0.12747956345 -0.0385201893974 0.14780086906   2.67428828718 -0.211913946871   12.6459799523 -0.518449527978 -0.325511739618 -0.869407913381 1776585321.82
-0.0739987289391  -0.127190833855 -0.0544562018673 0.156903785879  3.15716998891 -0.36044626922  13.3331956554 -0.301855726922  0.373960081639 -0.411546992254 1776585321.84
-0.0766644180436  -0.111927821097 -0.0556350449772 0.146630584664   3.87406322389 -0.555214924578   14.1269233162 0.0469016513352   1.26619573881  0.408562744985 1776585321.86
-0.0724538039059 -0.0854827609359 -0.0409982788641 0.119321896513  3.06687304074 -0.49890459905  13.0561646972 0.341306597441  1.51423654044  1.10492670133 1776585321.88
-0.0634014595876 -0.0530855470854 -0.0126982923728 0.0836604268241   2.48416133647 -0.418161937819   12.1702136122 0.467718312334  1.52365008215  1.53404631191 1776585321.9
-0.0524663727172  -0.020371238959  0.0245575146361 0.0614066703863 2.05935591105 -0.3208563918 11.4283280611 0.480303337462  1.40439071481  1.78867055725 1776585321.92
-0.0426420415224 0.00761428925041  0.0646106850645 0.0777872851467    1.6255458538 -0.190642015525   10.6984139313 0.38617211268 1.12866080773 1.81620094399 1776585321.94
-0.0361856194592  0.0272123319911   0.101127309464 0.110800012578    1.35943309299 -0.0414641453466     10.024479761 0.251678497908  0.85960393034  1.90039042254 1776585321.96
-0.0341451775995   0.036635193636   0.128769359544 0.138165040887 0.692491832987 0.150194783404  9.27012496044 -0.00234203832483     0.27185694355     1.31630788153 1776585321.98
-0.0362619836949  0.0360764686257   0.144046694794 0.152859063621 0.006342496362 0.244050121613   8.9385212428 -0.175499243546 -0.227736112373   0.42086111398 1776585321.99
-0.0412183221848  0.0274567469512   0.145731321598 0.153916994291 -0.385986759118  0.253447490327   8.92122455729 -0.216126190694 -0.441868235906 -0.183688096965 1776585322.02
-0.0471188323817  0.0138797299457   0.134819336149 0.143488970544 -0.795049714807  0.304225146589    8.7451775784 -0.247021868886 -0.650630441965 -0.720987163434 1776585322.04
 -0.0520513365636 -0.00107630951413    0.114112808048 0.125428198747 -1.36345770056 0.358741449141   8.5178802532 -0.225489928948 -0.845657764865  -1.42954378064 1776585322.06
-0.0545750513934 -0.0140834235894   0.087548969951 0.104123009916  -1.4998420715 0.267405734197  8.75803386565 -0.0596922413375  -0.653921328389   -1.65657549701 1776585322.08
-0.0540219770498 -0.0226644391536  0.0594237116163 0.0834459604101 -1.20854553318 0.123781765766  9.18826959272  0.100626389607 -0.287453452925  -1.34968685673 1776585322.1
-0.0505562853423  -0.025563594769  0.0336458562589 0.0658899006565 -0.879875195449 0.0188286741432   9.49809325051    0.18865660343 -0.0035968830593    -0.9680659395 1776585322.12
-0.0449999962461 -0.0228364501478  0.0131286328116 0.0521427283234  -0.729836706274 -0.0630727893791    9.66564514766 0.273533954911 0.224241688771  -0.7764274418 1776585322.14
 -0.0384868385317  -0.0156691261418 -0.00061332635021 0.0415588068095 -0.599250778417 -0.173574849027   9.81149020209  0.383953318454  0.499074408802 -0.615030074427 1776585322.16
 -0.0320404512791 -0.00599123243011  -0.0076304270078 0.0334769891197 -0.261417317731 -0.279457330402   9.94991178701  0.411022571607   0.65767297068 -0.295858389505 1776585322.18
 -0.0261839058461  0.00401666935061 -0.00946910727805 0.0281317356499 0.0983179035067  -0.29978647363    9.9903380871  0.322536613799   0.52217680708 -0.035888342357 1776585322.19
 -0.0206755123786   0.0124082523223 -0.00889499295373 0.0257014092505 0.266677472044 -0.27460269702  9.96266205123    0.251734985552    0.296395884832 0.000243338982823 1776585322.21
 -0.0144351440428   0.0178498067778 -0.00945775036736 0.0248281700404 0.399193441752 -0.33489094199  9.96465760604  0.325245001278  0.160909825695 -0.131672482907 1776585322.24
-0.0056823703097  0.0198258724777 -0.0149648302611 0.025481379409  0.601925280697 -0.528638608643   10.0061639562  0.631372057596 0.0227907746602 -0.554797966852 1776585322.26
0.00773955235602  0.0186502516228 -0.0289430543646 0.0352906921471  0.612255159742 -0.645248742508   10.0066584917  0.981576502077 -0.132078329942   -1.1451400007 1776585322.27
 0.0279228379423  0.0153040448118 -0.0541697909746 0.062835220383  0.477918205532 -0.661297159247   9.98492102581   1.25503505655 -0.193149714298  -1.63403380342 1776585322.29
 0.0564370085521  0.0111557201336 -0.0923462948954 0.108799927421   0.29964774874 -0.583177737791   9.95257294131   1.33823784175 -0.155391507297  -1.81955831266 1776585322.31
0.0939636303298 0.0076356185037 -0.143963300779 0.172083986663  0.215457262258 -0.628249892957   9.95994470723  1.69724693404 -0.10583997242 -2.35326645412 1776585322.34
  0.140120109063 0.00593725906446  -0.208374569427 0.251174953355  0.194665387341 -0.909739445904   10.0309510583    2.83245671311 -0.0236974877343   -3.98527211574 1776585322.36
  0.193529355754 0.00680261104905  -0.284052470502 0.343781461185 0.126941542185 -1.02152272518  10.0690137806  3.58989199895 0.143764876089 -5.14654244572 1776585322.38
  0.25213305464 0.0104230561987 -0.368958614588 0.447001316129 0.0575344469468 -0.838262849066   10.0321173211  3.23096426511 0.259658524991 -4.75647035687 1776585322.39
 0.313679545222 0.0164585584427 -0.460931806727 0.557784789761 0.0249384780212 -0.647839833396   9.98212260984  2.61405255098 0.289113571539 -3.98080644833 1776585322.41
 0.376259766072 0.0241514400646 -0.557984811896 0.673425388539 0.0130619103363 -0.682529976043   9.97348273661  2.69021299733 0.344957599605 -4.24837223317 1776585322.44
 0.438733954372 0.0324938942482 -0.658417165691 0.791868991664 -0.00704303595645   -0.973473352779     9.98245417435  3.46022503528 0.451171657032 -5.62749838864 1776585322.46
 0.500901336933 0.0404031992673 -0.760694240338 0.911696383198 -0.0618413430227   -1.22769739585    9.91759550746  3.69854385394 0.426649697403 -6.07656902366 1776585322.48
 0.563319289246  0.046865576057 -0.863106204565 1.0317351037 -0.143697745453  -1.33602034997   9.79664265558  3.33355771816 0.281335091792 -5.36567002188 1776585322.49
 0.626769387678 0.0510258140841 -0.963290530455 1.15037913102 -0.219870701544  -1.27833972589    9.6780225516  2.67411491796  0.11173089211 -4.06167804148 1776585322.51
 0.691474959331 0.0522202252725  -1.05776016935 1.26480083301 -0.363135610175   -1.5095189783   9.52293438048    2.72242526627 -0.0222090471231   -3.74871100711 1776585322.54
 0.756269289109 0.0499693775865  -1.14160863231 1.37029575118 -0.689450307254  -2.18451275115   9.20740891094   3.48241066041 -0.227440265773  -4.15138711249 1776585322.56
 0.817965977078 0.0439589506843  -1.20855030645 1.45999814117 -0.963723420397  -2.37428960682   8.92965957815     3.372061131 -0.467539454238  -3.22194083401 1776585322.58
 0.871171541507 0.0340380719874  -1.25139556811 1.52515222616 -1.03072708436 -1.93278294359  8.85002043658   2.37561785242 -0.620662594184  -1.42465175376 1776585322.6
 0.908699052666 0.0202536960639  -1.26296269232 1.55602665231 -0.903194941356  -1.17847791866   8.96409138546   1.07389439755 -0.649747491616  0.294091240179 1776585322.62
  0.922603104647 0.00291999444083   -1.23731078266 1.54341925217 -0.981745575487  -0.64959501884   8.89447192716 -0.0681577012618  -0.850984828598    2.08237626346 1776585322.64
  0.905691279886 -0.0172999325905   -1.17106823981 1.48053260836 -1.07576968731 0.214027262451  8.82084613355 -1.92131020396 -1.17013535809  4.78346433814 1776585322.66
  0.853217409377 -0.0393379684919   -1.06456199997 1.36485152131 -0.821904923906   1.35578953228   9.07633205465 -3.89844164801 -1.22564832384  6.85830057354 1776585322.68
  0.764370465083 -0.0617304090287  -0.922450788858 1.19957838808 -0.468081545884   2.50982875046   9.42397634334 -5.81771458209 -1.20154419714  8.61168472698 1776585322.7
  0.643172078302 -0.0827190496928  -0.753641939514 0.994227809148 -0.0355795651031    2.75461862394    9.82447359734  -5.78568544409 -0.842448227469   7.66066342095 1776585322.72
 0.498496519075 -0.100444064776 -0.570414572502 0.764173131038 0.305372752929  3.30881382508   10.141416343  -6.53436062234 -0.663756439337   7.98761318421 1776585322.74
 0.343113365594 -0.113198834059 -0.386849675025 0.529333003646 0.824520003448  4.81109639688  10.6275407747  -9.05007364285 -0.568162404928   10.4363056255 1776585322.76
 0.191882223879  -0.11969326895 -0.216835074689 0.313309297801 1.15376501581 4.77947229564 10.9101877701  -8.56737481569 -0.183165504957   9.50816020898 1776585322.78
 0.0594402431218  -0.119263600903 -0.0720263419178 0.151475222174 1.31128610591 4.17729447181 11.0265369514 -7.04836557953 0.232407913622  7.73013599693 1776585322.8
-0.042143859042 -0.111976655354 0.0398277540758 0.126099667699 1.06136617164 2.62504877419 10.7708094837 -4.01657508861 0.503862485853  4.58184320848 1776585322.81
 -0.105260916574 -0.0986025317289   0.115853847879 0.184998469965 0.680895109434  1.23292083538  10.4097317076 -1.50830938413 0.554805751396  2.08262171343 1776585322.84
 -0.127817102487 -0.0804632213697    0.15812242156 0.21866467909 0.837792566643 0.869009398676  10.5179135705 -0.221081614206    1.0875897737   1.57203504133 1776585322.87
 -0.113271407982 -0.0591956883819   0.172813687064 0.214939786512  0.804905177598 -0.108555348901   10.4294658653  2.28504512788  1.72909902431 0.414674706659 1776585322.87
-0.0697019494307 -0.0364873483236   0.168668770843 0.186115132646  0.254081732966 -0.659273702641   9.94727361671    2.4082110914   1.03893456484 -0.406757122724 1776585322.89
-0.00814976107917  -0.0138447999693     0.15505819263 0.155888229811  0.080853870937 -0.892008148259   9.76352928992   2.58767179395  0.882900604978 -0.573360180285 1776585322.92
0.0593853813416 0.0075565998696  0.140066405034 0.152323089313 0.011027122295 -1.08439130667  9.62829192358   2.82755407274  0.886333741294 -0.567236605167 1776585322.94
 0.121894142103 0.0269191593662  0.128970040019 0.179488423701 0.0234213541286  -1.23319746174   9.49574278056   2.95023505572  0.957956247478 -0.441161528187 1776585322.96
 0.170912220954 0.0437699288928  0.123389309797 0.215294486039  0.13573208863 -1.09927887313  9.42599931972   2.32285412838  0.902514849923 -0.225546635411 1776585322.98
 0.201468005272 0.0578365520246  0.121243503564 0.242145433685  0.308824143074 -0.776117603072   9.43415828032   1.21770053754  0.738084906963 -0.173694657702 1776585323
 0.212362135206 0.0688939681462  0.117476830952 0.252279331549  0.375567912583 -0.363163419875   9.55057269188  0.098702099963  0.422924323646 -0.357199913753 1776585323.01
 0.205853341297 0.0766270871132  0.105373105155 0.243620195987  0.417071468555 -0.182530270379   9.61405222601 -0.499383816971   0.22871788757 -0.771335138385 1776585323.04
 0.186915766151 0.0805484102384 0.0781730370967 0.218028836984  0.666907150118 -0.217204427579   9.55710829113  -1.28976501077 0.0997291462581  -2.21078349636 1776585323.06
 0.162267117658 0.0799973265257 0.0306620507487 0.183494825759   0.66350662138 -0.359309144596   9.56158089794  -1.62281226953 -0.215491502935  -4.01757717444 1776585323.07
  0.139349610335  0.0742321513599 -0.0395859332233 0.162775220181   0.31423881096 -0.488201291966   9.64840798798 -0.991872152276 -0.467760973943  -4.36346387469 1776585323.09
 0.125394566282 0.0626084518569 -0.131548417131 0.192220190268 -0.0044349288224  -0.629405733682    9.71305130097 -0.278195774794 -0.643814412091  -4.40428581986 1776585323.11
 0.126639956346 0.0448188419146  -0.24080016402 0.275737422426 -0.297158421841 -0.810956728885   9.76347339758  0.446214894627 -0.828613470274  -4.57114344801 1776585323.14
 0.147719226292 0.0211519379077 -0.360248141326 0.38993217054 -0.840446760832  -1.43307150367   9.81748175634  1.78487503856 -1.44022256702 -6.65054529226 1776585323.16
   0.191212939904 -0.00728534808737   -0.481402751051 0.518038679446 -1.33077951384 -1.82213923181  9.89912946026  3.26828981696 -1.77656762733 -7.02563193418 1776585323.18
  0.257354843776 -0.0384434773501  -0.595924760738 0.650258207966 -1.47583187556 -1.79476003817  9.94585893982  4.06288771775 -1.65170117085 -5.74022007922 1776585323.2
  0.343903094948 -0.0693590565884  -0.697129877856 0.780429422847 -1.36768505402 -1.57475369789  9.93669425022  4.22372860737 -1.29557370603 -4.14230780533 1776585323.21
  0.446210506843 -0.0963724908002  -0.781139853829 0.904749105908 -1.11785415162 -1.29214533266  9.87816124996   3.9380420254 -0.85126053634  -2.7707774697 1776585323.24
 0.557538126727 -0.115539130483 -0.847441918453 1.02095830404 -1.41477378326 -1.76452496649  9.77000778842   5.88700763451 -0.706851746333  -3.09864252559 1776585323.27
 0.669642325643 -0.123199901449 -0.898743801079 1.12753690848 -1.28523068109 -1.93567643187   9.4898416859    6.77894049116 -0.0344662403264   -2.90878994653 1776585323.28
 0.773624224871 -0.116637779365 -0.940162760402 1.22311276215 -0.613827111887   -1.4098581408   9.24837088436  4.90346272326 0.730071289742 -2.02942303055 1776585323.3
   0.86096989725 -0.0947133451422  -0.977929593265 1.30636368256 -0.107706890898   -1.0677167134   9.01301947969  3.39371917798  1.30973098568 -1.74663596958 1776585323.32
  0.924647537575 -0.0583536663208    -1.0178895069 1.37640011166   0.31105533767 -0.882352899668   8.71779771135  2.20685354924  1.86902894894 -1.91904290626 1776585323.34
  0.960084850337 -0.0107708847757    -1.0641182974 1.43325736791  0.810953098196 -0.859228506638   8.16193553241  1.12267536637  2.75346285227 -2.72649190681 1776585323.36
 0.965844114085 0.0426846627067  -1.11793813698 1.47799273045   1.09169154681 -0.627633392995   7.98187862809 -0.439715592771   2.86700933127  -3.07173925496 1776585323.38
 0.943851043769 0.0950758845424  -1.17752346591 1.51210308161   1.26716649237 -0.413872114173   7.84475451672 -1.92237749042  2.76861379323 -3.46311298826 1776585323.4
0.899109816872  0.13879559652 -1.23815823558 1.53645647408   1.00166901591 -0.122605920449   8.27267962902 -2.62132475872  1.79002844686 -2.88686938376 1776585323.42
0.838931906328 0.166722192393 -1.29307108916 1.55036636784 0.718830949365 0.131876136334  8.63389378063 -3.16411705096  0.86038920475 -2.39845821918 1776585323.44
0.771797660702 0.173414418465 -1.33466316332 1.55147347677 0.312471463076 0.427236284005   9.1044050398  -3.51630521444 -0.280821788633  -1.66174001022 1776585323.46
0.706037107503 0.156108848889 -1.35587468296 1.53663740868 -0.213348407738  0.640285697187   9.76894773194  -2.90037490883  -1.36753484153 -0.394371824805 1776585323.48
0.648548267835 0.115301986713 -1.35142171679 1.50341280441 -0.787421852107  0.962127329898   10.4315551818  -2.6012305704 -2.57734834184 0.946193779728 1776585323.5
 0.603764184295 0.0547749063907  -1.31867305813 1.4513545793 -1.15733694747  1.07207051597   10.911498287 -1.71535974928 -3.05010903976  2.12181759191 1776585323.52
  0.573038238855 -0.0189636226316   -1.25801943897 1.38251414134 -1.45219466474  1.19315430253  11.2805954765 -1.07731531103 -3.33798916667  3.19552792023 1776585323.54
  0.554550573279 -0.0977101634331   -1.17269586237 1.30088016357 -1.8326973292 1.44459826323 11.7143306431 -0.714839009891   -3.7572565635   4.63582111793 1776585323.56
 0.543757528336 -0.172865606521  -1.06813033905 1.2109736532 -2.02468245673  1.62427160425  11.9318329905 -0.5390910409 -3.7048535759  5.9081785081 1776585323.58
 0.534320572432 -0.236738982859 -0.950984783614 1.11620601987 -1.94183435741  1.69025926571  11.8412778932  -0.6867513747 -3.11845024148  6.75884014636 1776585323.6
  0.51936914256 -0.283610150054 -0.828105772726 1.01781049036 -1.31106560801  1.35921279194  11.1721011503 -0.98883282275 -1.75724972641  5.85554848681 1776585323.62
 0.492882662847 -0.310378078979 -0.705602871541 0.914955345125 -0.748895165843   1.10288263347   10.5901330731  -1.43547021345 -0.694630903673   5.03178471976 1776585323.64
 0.450934963029 -0.316725776922 -0.588221966261 0.806016526035 -0.37536842479  1.32224550048  10.2508594011 -2.77649945139 0.153349437791   6.2679194095 1776585323.67
 0.392546689383 -0.304836401269 -0.479095426984 0.690326417748 0.274335396121  1.32364471178  9.71455268697 -3.99915432054   1.1588079363  6.36180673939 1776585323.68
  0.31995069867 -0.278771351335 -0.379853769146 0.569535601907 0.528510327665 0.709115132809  9.50846170057 -2.74949485914  1.08974530099   3.3504711443 1776585323.7
 0.238190196508 -0.243658158935 -0.291000157922 0.448090348076  1.10715751828 0.884797177476  9.25355375838 -3.92939461799   1.7518676574  3.96783627462 1776585323.73
 0.154118655948 -0.204837369018 -0.212399375129 0.332902992496 2.22983073142 1.35204956059 8.97202891393 -6.15867867251  2.88971370756  5.55860159489 1776585323.74
0.0750175974688 -0.167095941418 -0.143726445899 0.232821787681  1.65058930672 0.867536829536   9.4629453785 -3.65356975204  1.75893761194  3.17318889668 1776585323.76
0.00715109351222  -0.134082794493 -0.0847554901226 0.15878547485  1.65168578116 0.816388575148  9.78880752078 -2.88292206524  1.41561548353   2.5926272025 1776585323.78
-0.0453992541598   -0.10796705906  -0.035434928436 0.122366712277  1.65546582081 0.807034000281  10.1554524161 -2.16604845108  1.09462093883  2.17807860634 1776585323.8
-0.0813411169556 -0.0893629146335 0.00422820290233 0.12091313212    1.574403466 0.774198069324  10.5045567661 -1.40907322434 0.757175418605  1.73560829385 1776585323.82
 -0.102084976597 -0.0775065869747  0.0343870001239 0.132706741535  1.49361422032 0.742197187718  10.8018278291 -0.775679284464  0.489665245182   1.34192873322 1776585323.84
 -0.111009901233 -0.0706338176751  0.0555553362919 0.142824121778  1.30124511734 0.641187013654    10.91479615 -0.26630299239 0.287737711262 0.894508149085 1776585323.86
 -0.112293914898 -0.0664759315741  0.0686786857785 0.147464350547  1.05936229893 0.493554060571  10.8293566994 0.0346801801824  0.197114250618  0.488132954687 1776585323.88
 -0.109627515825 -0.0627766536625  0.0750127863387 0.146921811129  0.86977345114 0.343737581419  10.6518342007 0.180139267572 0.220336113171 0.180016152608 1776585323.9
 -0.105147362373 -0.0577346747269  0.0758203540413 0.141908373843 0.650313524306 0.155758347998  10.3483158292    0.26105982521   0.302474233702 -0.0738316689546 1776585323.92
-0.0988576179362 -0.0502982242129  0.0719668962445 0.132219416645   0.454839477358 -0.0478324343176     10.027266073   0.39156201546  0.415041756345 -0.291831057722 1776585323.94
 -0.088672609099 -0.0402720244594  0.0635417251557 0.116285073824  0.298074144359 -0.308313560376   9.71273894058  0.733239340119  0.581847605738 -0.588950570904 1776585323.96
-0.0710542324087 -0.0282353964084  0.0496347341747 0.0911567243276 0.0736781441797 -0.516210650607   9.47601986119   1.06883033326  0.572648901365 -0.806869393377 1776585323.98
-0.0420715185002 -0.0153044851751  0.0283621531205 0.052996713719 -0.129599342042 -0.858745146669   9.24570890299  1.82081995749 0.639414155191 -1.31874824283 1776585324.01
  0.0013886590902 -0.00279575308894 -0.00283280138623 0.00421537342319 -0.393542859782  -1.32606310397   9.03031262372  2.95013688543 0.673902732934 -2.15633506515 1776585324.02
 0.0605617488814 0.00814013521521 -0.0466552856968 0.0768810959362 -0.545142010139  -1.41984029932   9.09388432249  3.27069457918 0.483819185055 -2.52481814869 1776585324.04
 0.134158785227 0.0168443364003 -0.105324922236 0.171393262897 -0.782856869333  -1.76349121253   9.04818534984  4.10641346842 0.396609735423 -3.47092932742 1776585324.06
 0.218296710465 0.0233746511406 -0.179980122158 0.283888486008 -0.922387087453  -1.88013904864   9.09072974151  4.30776303701 0.292516591638 -4.10986671669 1776585324.08
  0.30703710144 0.0285835558959 -0.270261301451 0.410036550066 -1.05525227251 -1.98703249212  9.09065574905  4.35550728806 0.264868187784 -4.82951102529 1776585324.1
 0.393427542333 0.0340247506569 -0.374170196341 0.544009421382  -1.1464287955 -2.01277918713  9.05589012701  4.09866808234 0.327943127309 -5.45455981524 1776585324.12
 0.470827316602 0.0416887584408 -0.488235411042 0.679551419125 -1.08665144002 -1.78332463853  9.04984327946  3.26995616028 0.454514709871 -5.42891478294 1776585324.14
 0.534233624141 0.0535964000259 -0.607942204768 0.811093005515  -1.1665303303 -1.78317020524  8.86827970301  2.85119265447 0.764314658121 -6.19547069907 1776585324.16
 0.581318319176 0.0713079049144 -0.728325735307 0.934598406923 -1.05320091838 -1.48055804534  8.76516107784  2.01259803407   1.0697720431 -6.05158443701 1776585324.18
 0.612938065865 0.0954307902021 -0.844594813288 1.04792199468 -0.83689183739 -1.04658003119  8.73759905792  1.22824669327  1.28185139056 -5.33322027044 1776585324.2
 0.632981178644  0.125225500307 -0.952653153289 1.15060620062 -0.671811025101 -0.682356978648   8.64770969401 0.828568484847  1.50790634262 -4.90416134837 1776585324.22
0.647542812492 0.158407741266 -1.04941464892 1.24325211115 -0.510758896658 -0.303923755457   8.56836667802 0.749720546745  1.61846426762  -4.4190399527 1776585324.24
 0.66355447561 0.191225810552 -1.13285979343 1.32674155897 -0.377916223115  0.085399308695   8.49739300254  1.01691485408  1.55329606551 -3.91720443111 1776585324.26
0.687112819699 0.218849317332 -1.20184020052 1.40158443138 -0.272033349042  0.451047979292   8.55442029782  1.47056311424   1.1309226581 -3.09936752668 1776585324.28
0.721836304127  0.23604689969  -1.2556949203 1.46749293752 -0.243858121095  0.764459972346   8.64857221595  2.00301123133 0.478143889459 -2.28795081902 1776585324.3
 0.76760711818 0.238064315408 -1.29378526466 1.52308096213 -0.293683958761   1.02244654545   8.78183609354  2.41714420157 -0.35680983922 -1.46199474105 1776585324.32
0.820013423902 0.221554358327 -1.31507674482 1.56554629246 -0.431499093917   1.30135139389   8.90548749768   2.67625470126  -1.36800711526 -0.625917740505 1776585324.34
0.870688415934 0.185372787687 -1.31789373721 1.59037897704 -0.569196240305   1.41993162607   9.16612299263  2.22886217771   -2.277950532 0.380909336298 1776585324.36
0.908562558934 0.131055021369 -1.29994382516 1.59138785049 -0.643651867275    1.3816080986   9.49839627669   1.1717273662 -2.80695502139  1.35695302233 1776585324.38
 0.921840358172 0.0628347252862  -1.25865573985 1.56139428721 -0.774084757386   1.54043032438   9.84353097317 -0.205264506367  -3.58957552341   2.69755278297 1776585324.4
   0.90033373231 -0.0128470840534   -1.19180192303 1.49370602892 -0.776552855657   1.59504509665   10.3137073117 -2.21227076662 -3.97232762997  4.21528083617 1776585324.42
  0.837679419829 -0.0882836756738   -1.09829472261 1.38410697401 -0.561312451947   1.43501745599   10.7947572659 -4.20348240943 -3.58862542528  5.34534392529 1776585324.44
 0.732969287841 -0.155730589254 -0.978973503776 1.23283620747 -0.230066173183    1.2977986958    11.331682309 -6.22377543655 -3.04301876358  6.59999435803 1776585324.46
 0.591433723304 -0.208681701377 -0.837163802267 1.04603304603 0.223770897911  1.03815469123  11.7137813885 -7.32488709151 -2.06743823635   7.1164177904 1776585324.48
 0.424013832956 -0.242932796302 -0.678811048284 0.836414080065 0.782327502216 0.875888463485  12.2308942056 -8.59970519208 -1.20772698423  8.09057421208 1776585324.5
 0.245889643589 -0.257209284589  -0.51207707452 0.623571377752  1.43023220303 0.699353378207  12.6832764825  -9.22922324955 -0.271594853093   8.77057151455 1776585324.52
0.0742419422971 -0.253225780088 -0.346421279627 0.435480039354  1.91705288595 0.480925178956  12.7202100063 -8.22582619393 0.566120090275  8.23922009035 1776585324.54
-0.0743334258277   -0.23517080375  -0.191332594303 0.312152089172 2.32089722264 0.32934116071 12.6400071347 -6.74297235053  1.15135113729  7.54265909914 1776585324.56
 -0.186293798347  -0.208739742521 -0.0549871504828 0.285133733761  2.32387519804 0.217703518684   12.134252456 -4.28634870745  1.32442502918  5.95151803619 1776585324.58
-0.253082877172 -0.179939588683 0.0568578018219 0.315692901284  2.36769251665 0.196985123697  11.7298734655 -2.14287303224  1.36664919665  4.89894874435 1776585324.6
-0.272229347014 -0.153933066259  0.141475188583 0.343248357969  2.20426546114 0.232143181818   11.165978267 0.147812986681  1.20482940879  3.74546253173 1776585324.62
-0.247467307061 -0.134166858101  0.199151844548 0.344822086102  1.63072970435 0.279049887386  10.3961257785  2.12859842879 0.807327862272  2.29939823981 1776585324.64
-0.187896979425 -0.121947761222  0.232574427862 0.322904623441 0.943467941011 0.319842920124  9.69758511079  3.32358095112 0.415697401387  1.09862315723 1776585324.66
-0.106348969429   -0.1165164602  0.245799083147 0.292067420422 0.320872200347 0.367792221296  9.10510167574   4.0913501797 0.153304237548 0.251954477491 1776585324.68
 -0.01722863934 -0.115552762359   0.24308456524 0.269702378114 -0.320560399787  0.416624190976   8.51649812603   4.63052262796 0.0150495838288 -0.481782155202 1776585324.7
0.0658091999845 -0.115956931825  0.227886907663 0.264025194868 -0.858455303439  0.355118860663   8.26069035353   3.91161872969 0.0221748339753  -1.07052187592 1776585324.72
 0.131977514755 -0.114706917729  0.202250204067 0.267359096387 -1.11853375077 0.226410435883  8.33702481419  2.60180816627  0.15171082561 -1.45900577037 1776585324.74
 0.174914078726 -0.109595051865  0.166704592332 0.265323258375 -1.34956045363 0.095012752284  8.38089756138  1.55120562377 0.379111873114 -2.06074038932 1776585324.76
  0.193410642864 -0.0996927713698   0.120637730262 0.248796678835   -1.53811557505 -0.0842714456624    8.49398727108 0.474636395387 0.703830789036 -3.02521913625 1776585324.78
  0.191187359546 -0.0854636616233  0.0629825831768 0.218685732712  -1.33588630057 -0.275739655705   8.95380400574 -0.509600149319  0.900074754887  -3.68634354764 1776585324.8
   0.175765345983  -0.0685269911291 -0.00700474862503 0.188781545351  -1.04986371644 -0.444669502155   9.43674489781 -1.00016971987 0.994405360747 -4.40747488163 1776585324.81
  0.156674943725 -0.0511501540029 -0.0891042105065 0.187357776929 -0.57526793193 -0.44994735978   9.8672982832 -0.742023947929  0.754364962005  -4.00513039616 1776585324.83
  0.143382257973 -0.0356053219236  -0.181794916075 0.2342554212 -0.360521523653 -0.528064222266   10.1495732697 -0.317235601212    0.6585301654  -4.60977771092 1776585324.86
  0.143380150349 -0.0235522978739  -0.282291992535 0.317492279117 -0.208490623926 -0.608401766674   10.3611230126 0.463754653596 0.531182835369 -5.44656159634 1776585324.87
   0.16084819931 -0.0155998984321  -0.386923478317 0.419315249097 -0.0922006688869  -0.496118996506    10.2836577815   1.1686020979 0.274612731076 -4.63859151418 1776585324.9
  0.196144255358 -0.0111531288107  -0.491731227832 0.529524845138 -0.100815687034 -0.522897218326   10.2121315478  2.10529764164 0.173127472393 -5.08743454198 1776585324.92
   0.246183371022 -0.00858242864895   -0.593135223217 0.642253301487 -0.160171615452 -0.452218040394   9.95581720613  2.48508436881 0.124528058503 -4.46967771522 1776585324.94
   0.305544031387 -0.00567108486868   -0.688497883766 0.753271964346  -0.27849243047 -0.435469115179   9.65370389834  2.79592204126 0.191801389662 -4.20842810256 1776585324.96
    0.367975813438 -0.000227417543176    -0.776457479624 0.859239471078 -0.467300750567 -0.471254662257   9.25738288402   3.1201878182 0.381565922728 -4.29547422271 1776585324.98
   0.42790991002 0.00929296605121   -0.85695552415 0.95789666493 -0.571823183829 -0.418700853257   8.96911393183  2.62134804969 0.543036591827 -3.56391004734 1776585325
 0.481608077503  0.023312561212 -0.930948665048 1.04840604385 -0.832647261088 -0.466124258591   8.47480070926    2.685269531 0.851183007491 -3.84509927651 1776585325.02
 0.527708395068 0.0409273229251 -0.999859273001 1.13131329074 -0.916554368198 -0.379931507715   8.30392974478  2.14577008491 0.921613540116 -3.36148287905 1776585325.04
 0.567096544362 0.0600300684299  -1.06487168864 1.20795439194  -1.02524909758 -0.265931607277    8.1559043137  1.84422681957 0.911458805431 -3.12829153177 1776585325.06
 0.602200260909 0.0777428958976  -1.12621698054 1.27947403231   -1.21666503931 -0.0953768455867     7.9504559938  1.83693283442 0.828269335924 -3.14183534238 1776585325.08
 0.635930985193 0.0910673799353  -1.18260407108 1.34582832284  -1.1653457245 0.152695827504  8.17525233469  1.62885594638 0.473389792002 -2.49556323284 1776585325.1
 0.670556766773 0.0976091536626  -1.23094569098 1.4051338792 -1.22736932364 0.447347431525  8.27271941264  1.70555727516 0.123833993086 -2.01940883269 1776585325.12
   0.7067800832 0.0962114620723  -1.26649060857 1.45354504334 -1.22355458787 0.756525256842  8.47389888595    1.7358354123 -0.245182599632   -1.2531644481 1776585325.14
 0.743225638663 0.0873448493419  -1.28340806505 1.48564791728  -1.314237448 1.18171604468 8.58683682832   1.87464706911 -0.620726476436 -0.250028322864 1776585325.16
 0.776438689172 0.0731463519772   -1.2757812237 1.49526758729 -1.14323703905  1.41856988299  8.93022960273  1.54555514239 -0.80449128054  1.18376419899 1776585325.18
 0.801379845288 0.0570744624286  -1.23886687339 1.47656976831 -0.776222188308   1.36712104538   9.35047724628  0.839844704559 -0.700539299456   2.46808720778 1776585325.2
  0.81230150359 0.0432321181282  -1.17038965187 1.42531213634 -0.481956055585   1.46713436586   9.66419044928 0.0619404064124 -0.547483968962   4.24305788785 1776585325.22
 0.803821824616 0.0354900942894  -1.07158576805 1.34003176485 -0.0225621838889    1.24763571569    9.99860981449 -0.975553827477 -0.160536434571      5.38793158 1776585325.24
 0.771983627939 0.0365974375763 -0.947716182362 1.22289167818 0.478693482774 0.962132413741  10.2954755628 -2.11897179561  0.28632595454  6.29885351477 1776585325.26
 0.715097701205 0.0474789368869 -0.807844524417 1.07992210244  1.15673260871 0.699441531175  10.6650395635 -3.76932076115 0.828713012969  7.76750952108 1776585325.28
 0.634215683124 0.0668867379229 -0.663815211643 0.920518334222  1.57848045797 0.234408724289   10.804364997 -4.5116244915 1.09153565491 6.92541663576 1776585325.3
 0.533146338301 0.0914999764135 -0.528546236643 0.756292528058   2.14889296774 -0.154697488466   11.0328213303 -5.67284748647  1.30093470309  6.55663864806 1776585325.32
 0.418009839449  0.116468484254 -0.413925963967 0.599693119309   2.30538288434 -0.452892097613   11.0422026173 -5.75080763904  1.08818330749  4.85399836022 1776585325.34
 0.296406833919  0.136296462935 -0.328725057046 0.463134861711    2.5405121117 -0.692767903238   11.1336948547 -6.07007890305 0.738855045698  3.44025343559 1776585325.36
 0.176350218356  0.145883494048 -0.276963931844 0.359291543029   2.84620494079 -0.919587893966   11.3196299427  -6.5856504844 0.148276253953   2.0398036747 1776585325.38
0.0651532636862  0.141503148773 -0.257097830021 0.300611681548   2.33302286567 -0.843736138831   11.1418746915  -5.29111642269 -0.620296435299  0.375477388919 1776585325.4
-0.0315248733388     0.1215135562  -0.262212338717 0.290714073542   2.02376969267 -0.811771574932   11.1491811312  -4.57459060839  -1.42993603374 -0.628526458466 1776585325.42
-0.110311125136 0.0866560873207  -0.28120578204 0.314252308904   1.22836247616 -0.564900268266   10.8498746233  -2.84412620873  -1.67237638149 -0.789149449326 1776585325.44
-0.170334482677 0.0398920334046 -0.300727340771 0.347911114805  0.992620534256 -0.573240462602    11.036507783   -2.4767930391  -2.43137622525 -0.633844312943 1776585325.47
 -0.213020905751 -0.0141703098566  -0.307490582303 0.374338299101  0.731112191921 -0.639291913308   11.4015407345 -2.19064742091 -3.38429005287 0.313984869665 1776585325.48
 -0.241544166098 -0.0701184689573  -0.290520877168 0.384268869329  0.230515920276 -0.449173540036   11.0534262579 -1.10265265093 -2.54268545048  1.51322696803 1776585325.5
 -0.26006663789 -0.122656421523 -0.242927303429 0.376421211723 0.0174953995608 -0.473431170917   11.1640250497 -0.783970065063  -2.43024675074   3.18801765782 1776585325.52
-0.272927611315 -0.167404729189  -0.16289996156 0.359235607713 -0.0757269047765  -0.463776929764    11.0904658093 -0.561361329948  -1.85301340931   4.44945052517 1776585325.54
 -0.283928520289  -0.201422780547 -0.0537937462922 0.352250348895 -0.0552398437481  -0.477481660124       11.0298388 -0.527247947436  -1.28836329475   5.51465010575 1776585325.56
-0.295832070972 -0.223373207117 0.0766648987407 0.378536273787 0.0551448864046 -0.598960756403    11.198381594 -0.737518140358 -0.897984972109   7.64226751311 1776585325.58
-0.310144035909 -0.233342183982  0.217855142597 0.445082869802  0.213528339638 -0.538786137009    10.931945358 -0.812660536942 -0.234297643801   7.29421099587 1776585325.6
-0.327189503962 -0.232413848727  0.358120343075 0.537884140598 0.374518256892 -0.48243728782  10.6985107729 -0.921619595685  0.284227775402   6.82608709909 1776585325.62
-0.346436604445 -0.222149544343  0.486660444736 0.637343807863  0.480654941068 -0.383989627668   10.4086601781 -0.952672247109   0.67736353663   5.67611114295 1776585325.64
-0.366969432173 -0.204129753183  0.595132909011 0.728367146205  0.553864575406 -0.292247626408   10.1467633574 -0.98677861837  1.00880233868  4.56189998852 1776585325.66
-0.387979937602 -0.179679013603  0.678716218464 0.802164998686  0.673469777094 -0.231879023297   9.90906775239 -1.17121216698  1.50795883715  3.92576002638 1776585325.68
 -0.40914676852 -0.149825598167  0.736506185107 0.855739533244  0.582296107142 -0.117231558591   9.66567966317 -1.07226918616  1.60780607965  2.31690939019 1776585325.7
-0.430801638942 -0.115470331078  0.771243359243 0.89092074207   0.530125598349 -0.0408168624172    9.48736015902 -1.12075256483  1.80910027419  1.30332826074 1776585325.72
 -0.453844293075 -0.0776755924772   0.788485139933 0.913081023743  0.450916204822 0.0173940750807   9.40345508389 -1.15975895515  1.84839469815 0.576470015876 1776585325.74
 -0.479439134091 -0.0379531127238   0.795419122212 0.929512722906  0.416660219538 0.0608164774668   9.38062341835 -1.30826058438  1.89367084433 0.264507604289 1776585325.76
 -0.508589189951 0.00156612459937   0.799553608779 0.94760297076 0.498837774659 0.119483347506  9.35612801685 -1.80209614475  2.20237765481 0.350014833437 1776585325.78
-0.541718225062 0.0381594069745  0.807515372301 0.973137118914 0.477336590007 0.151641201804    9.532475966 -1.81445644928  1.74668446087 0.639118816155 1776585325.8
-0.578390085882 0.0687598785883  0.824140071568 1.00919268225 0.518831672615 0.202029964658  9.71405340479 -1.92331660225  1.32975292482  1.13184788901 1776585325.82
-0.617257268927 0.0903859953584    0.8519691597 1.05594867928 0.513317430668 0.240433710548  9.90018950949 -1.77422993581 0.726847293354  1.52738375436 1776585325.84
-0.65626907386 0.100664498434 0.891183862591 1.11131953798 0.569790513844 0.323521016685  10.0790354171 -1.80159203279 0.188694989533  2.08940630065 1776585325.86
-0.693099912958 0.0983295956081   0.93992808459 1.1719731238 0.709556749354 0.497645867387  10.3178205206  -2.04638402089 -0.503603326899   3.05736392037 1776585325.88
-0.725697646262 0.0835785264529  0.994912395525 1.23429053251 0.551873014853 0.489851585825  10.3205364356  -1.46429645567 -0.984352000617   2.75211187987 1776585325.9
-0.752814370293 0.0581874199467   1.05216004882 1.295050586 0.446037024767 0.514744800346  10.3056969601  -1.1144085915 -1.33334274231  2.58332452617 1776585325.92
-0.774376554914 0.0253362712787   1.10775558391 1.351822255 0.362569522392 0.556851575554  10.2679449186 -0.897691775257  -1.59870440163   2.46208573461 1776585325.94
 -0.791580115572 -0.0108507168811    1.15848227553 1.4031386247 0.300618855629 0.614674594048  10.2058580423  -0.8119604425 -1.79405232573  2.37767298394 1776585325.96
 -0.806654966832 -0.0459839026381    1.20227682406 1.44854282522 0.272050629372 0.691601991592  10.1172377249 -0.900029031854  -1.91290388577   2.34192403032 1776585325.98
 -0.822322655759 -0.0761903031625    1.23847602136 1.48857057876 0.216889009733 0.568707139694  9.94662194527 -0.896731497856  -1.37819579944   1.70988671465 1776585326
  -0.84105369368 -0.0988516573254    1.26786828169 1.52467470154 0.180727053268 0.384332079233  9.83299420014 -0.829687675147 -0.730457970689   1.06949248856 1776585326.02
-0.864297773899 -0.113145244804   1.29258321724 1.55903298935 0.327188271585 0.497975380373  9.78639759068  -1.47941834778 -0.622949745005   1.39639649122 1776585326.05
-0.891889581917 -0.120257504875   1.31585136644 1.59417493154 0.458989541478 0.525235871914  9.80213907999  -1.94918505297 -0.340482099531   1.66289123717 1776585326.05
-0.921810830603 -0.123191579947   1.34164882949 1.63246223676 0.345215944157 0.358480240159   9.8746619281  -1.37775908089 -0.139016079111   1.37412240525 1776585326.08
-0.950413491697 -0.126162575351   1.37422079893 1.67561499302 0.319186747261 0.401265143806   9.9866947748  -1.23049323178 -0.251122449629   1.81924768024 1776585326.09
-0.973094388106 -0.133657669685   1.41747004542 1.72452845453 0.182120588227 0.422385101298  10.0705895808 -0.733897961154 -0.487294276591   2.10434042006 1776585326.12
-0.985286690981  -0.14931771587   1.47421437667 1.7794363355 0.0179172586368  0.591415040375   10.1975102379 -0.247814358307 -0.977815204034   3.03546439841 1776585326.14
-0.983535632565 -0.174856281625   1.54536427256 1.84012711372 -0.242262285285  0.789320235241   10.2709575806 0.489848337992  -1.5533120648  4.01490797978 1776585326.16
-0.966384867434 -0.209255513521   1.62913800569 1.90572249384  -0.495518786 0.89346453087 10.2055925019  1.22586750187 -1.85242636843  4.40792372847 1776585326.18
-0.934831243888 -0.248454197963   1.72049350162 1.9737621012 -0.674569375959  0.940387990609   10.0453890204   1.8050292453 -1.85932286667  4.42479999384 1776585326.2
-0.892203284237 -0.285668410588   1.81098473739 2.03894552656 -0.727341523556  0.908028283068   9.80854362135  2.15052998755 -1.50423364845  3.97112566926 1776585326.22
-0.843458289261 -0.312366942125   1.88922097238 2.0924031339 -0.650848857914  0.818305477622   9.51214666695   2.33882135806 -0.812788148203   3.12179927198 1776585326.24
-0.794040129666 -0.319782109931    1.9420104198 2.12230176835 -0.408271041338  0.642841032662   9.15534738541  2.38010201759 0.292584984372  1.67781685127 1776585326.26
-0.748558458201 -0.300700944037   1.95611917025 2.11593077187 0.033749744979 0.338629669443  8.78841816703   2.20959742759   1.79524427549 -0.565407486168 1776585326.28
-0.709610545799 -0.251185122432   1.92040597811 2.06266822665  0.570141797171 -0.060535055675   8.57276747976  1.78700073604  3.22033097817 -3.20298024848 1776585326.3
-0.677051655515 -0.171839457192   1.82795197255 1.95686896782   1.12239892455 -0.468119271925   8.39183454715  1.55932697372  4.62314987905 -6.13454688275 1776585326.32
 -0.647927536133 -0.0683050700248    1.67773890377 1.7998009623   1.62580586776 -0.875820741713   8.27584205863  1.58424288124  5.84417747837 -9.31910602797 1776585326.34
-0.617130142099 0.0492074310886   1.47547133748 1.60008957602  1.78416353934 -1.12955109017  8.39578742043  1.77126236874  6.02541993812 -11.3649291294 1776585326.36
-0.578658629407  0.167331535283   1.23328966253 1.37253380425  1.70081206379 -1.29113117647  8.55502060872 2.31526744791 5.72794412003 -13.056792211 1776585326.38
-0.527206130009  0.271678367118  0.968351029766 1.1355435507  1.23559247406 -1.26953248664  8.80830699446  2.99602326871  4.58233982567 -13.4175532876 1776585326.4
-0.459692839771  0.349286622694  0.700506810507 0.907760124315  0.46093393595 -1.05514584698  9.10783277908  3.51155914823  2.77518950872 -12.0780567504 1776585326.42
-0.376359009464  0.390893031798  0.449510251164 0.704629641879 -0.441048967967  -0.86468336043   9.29323008659  4.26957722697  1.03439482314 -11.1951439132 1776585326.44
-0.281125676404  0.392548271225    0.2322906416 0.535802886657  -1.33852271519 -0.547958626466   9.46972490961   4.31150019671 -0.765253976672  -8.58328162349 1776585326.46
-0.181106613628  0.356237421094 0.0608041802702 0.404229951916   -2.540382387 -0.33761459382  9.50337389858  4.93706511895 -2.60188919971  -7.3507605527 1776585326.49
-0.0853676939749   0.289381598724 -0.0591720027958 0.307458417952   -3.9512312105 -0.111898656819   9.46251500505  5.28782344239  -4.5449111603 -5.61700424814 1776585326.5
-0.00322219893795    0.203344861351   -0.128154003353 0.240380872324  -3.80829218155 0.0687687117067   9.48117201626  3.56852971986 -4.44748368538 -2.31953948645 1776585326.52
0.0575316081949  0.111285193497 -0.152056355734 0.197016282455 -3.98735793681 0.144559445204   9.4195344513   2.42263787404  -4.51594712671 -0.315552565342 1776585326.54
 0.092015109379 0.0258166168464 -0.140558819309 0.169970761441 -3.44048805249 0.127754823144  9.40918846052 0.981549363183 -3.65258175665   1.1111324529 1776585326.56
 0.0990024563259 -0.0430378278378    -0.1051105709 0.150671739548  -2.84758940363 0.0709654927788   9.41057442379 -0.263981445722  -2.72008789746   1.97670968875 1776585326.58
 0.0808507749075 -0.0892216616805 -0.0569595797575 0.133198147293   -2.21592907181 0.00127418409441    9.43140835785 -1.45092159802 -1.75530830304  2.56646177967 1776585326.6
  0.0427046211024   -0.111146302993 -0.00552817955881 0.119196250368   -1.18931429402 -0.0455749096617    9.54916835118  -2.25878425304 -0.556957189273   2.51066101557 1776585326.62
-0.00877348526984   -0.111320662934    0.042658670978 0.119536715069  -0.262564642927 -0.0333952305272    9.68886020509 -3.04844381917 0.441358812159  2.50382004612 1776585326.64
-0.0668010048377 -0.0952918946928  0.0844135735637 0.143765680339  0.538331576807 0.0633137618943   9.87122394781 -2.77973357641 0.977966532026  1.83280122503 1776585326.66
 -0.125663612882 -0.0701963502662    0.11972949924 0.187227199364 1.00588371649 0.21512311207  10.022876469 -2.51797986205  1.14285569844  1.46550713377 1776585326.68
 -0.181452035396 -0.0432543126693    0.15114242462 0.240082921579  1.46984045273 0.486644066859  10.2220874055 -2.67016535057  1.24490852823  1.57944975611 1776585326.7
 -0.232254948491 -0.0205003781775   0.182780148517 0.296262061857  1.65091907883 0.806167911224  10.4133086061 -2.57859737356 0.997773552934  1.82233786157 1776585326.72
  -0.277869463578 -0.00594613851685      0.2192822326 0.354021881931  1.4919046808 1.05240935987 10.5421322953 -2.2772707634 0.50407179746 2.14732237834 1776585326.74
 -0.319206289695 -0.0012537784509   0.264769766877 0.414725519824 0.973376314061 0.983191985032  10.4818666495   -1.64028477209 0.00119810758308    2.11312538767 1776585326.76
 -0.357616565875 -0.0058878891143   0.322017824202 0.48126890044 0.906539284603  1.30031567905  10.7325334625  -1.8919947493 -0.41234426087  3.20215858329 1776585326.79
 -0.394346056713 -0.0176298554483   0.391942133499 0.55627175037 0.770156325251   1.5248062225  10.9936111503  -2.16993950453 -0.818860714324   4.52464336208 1776585326.8
 -0.430244774847 -0.0332952831705    0.47345833346 0.640610595985 0.43758801931 1.09192868664 10.7824593691  -1.68965343736 -0.753861898717   4.06434110469 1776585326.82
 -0.465755126636 -0.0494899847785   0.563711569597 0.73290369782 0.390294638021 0.999931671079  10.8753261075  -1.86681320015 -0.789592623499   4.87800219859 1776585326.84
 -0.501103315836 -0.0632658133083   0.658612433884 0.829986406119 0.353155067762 0.695322988417  10.7277205746  -1.75516946942 -0.572451049647   4.70640752933 1776585326.86
 -0.536556058773 -0.0725818107386   0.753561066128 0.927908833798 0.365959463821  0.43461938327   10.534196883  -1.69654696007 -0.314690546198   4.40432017755 1776585326.88
   -0.5725937942 -0.0765264999935   0.844205266721 1.02293816564 0.424467040482 0.270209075604  10.3504095495   -1.87958482305 -0.0697787279568    4.44703514699 1776585326.9
 -0.609891748487 -0.0753043647193     0.9270708677 1.112249561 0.400610489643 0.151712745171  10.0471754446 -1.91507564519 0.162725060854  3.89928850069 1776585326.92
 -0.649075294116 -0.0700278236831   0.999929367692 1.19417811649 0.326918946713  0.14073024793  9.73159797437 -2.07911718376 0.334131300577  3.48436356266 1776585326.94
 -0.690300759309 -0.0623819726703    1.06182721025 1.26802353024 0.147211379794 0.196554733834   9.4634537158 -1.96061060857 0.369769168649  2.64329753076 1776585326.96
 -0.73278131597 -0.054240953013   1.11278192491 1.33348946393 -0.053131947495  0.313466720886    9.2594617121 -1.91681061646 0.343452874017  2.08308915228 1776585326.99
 -0.774410838962 -0.0473111835467    1.15323362934 1.38992744394 -0.301814845453    0.5101417087   9.04017556005 -2.03823318334 0.294215917699  1.82559873107 1776585327.01
-0.811629078776 -0.042859396142   1.18340405828 1.43562664175 -0.518701727042  0.634469787376   8.99940841469 -1.70829708881 0.150731099334   1.2968952041 1776585327.03
 -0.839623225041 -0.0415571875303    1.20274119527 1.46740605923 -0.678380550106  0.688656717715   9.05242167894   -1.12738781442 -0.0160249351387   0.716036188045 1776585327.04
 -0.852886761859 -0.0434458418059    1.20960799072 1.48069404704 -0.581502353791  0.484803969851   9.32927621991  -0.147608130554  -0.147504795222 -0.0326552877653 1776585327.06
 -0.846073310244 -0.0480027572525     1.2013142455 1.47013612548 -0.465281716259  0.254040937766   9.53840201982  0.834729938703 -0.238717450086 -0.773481378658 1776585327.09
 -0.815007814913 -0.0542785257768    1.17450842289 1.43061313155   -0.32937068434 -0.0880728405949    9.71627213196   2.31886955758 -0.342791543124  -1.97902472078 1776585327.11
 -0.757664661319 -0.0610719430942    1.12586243702 1.3584372449 -0.0366166436971  -0.599679640905    9.90158891339   3.81727224307 -0.349757979217  -3.31290618581 1776585327.13
 -0.674903873081 -0.0671155644933     1.0529160433 1.25245037073 0.27688469044 -1.1389214882 9.99852364036   5.05386574746 -0.275290948092   -4.6230315953 1776585327.14
 -0.570780371681 -0.0712517847934   0.954909740835 1.1147733683 0.458942041636 -1.42080346812   9.9598225094   5.19326935889 -0.127599168926  -5.12073629142 1776585327.16
 -0.452309043156 -0.0725847426434   0.833430138549 0.951029868735  0.55929051239 -1.71096347589    9.848930109   5.47804337625 0.0148516886377  -5.93244463602 1776585327.19
 -0.328672060804 -0.0705953976488   0.692718653335 0.769979328554 0.639640020012 -2.25023498743  9.64193614609   6.4853859623 0.197429951745 -7.86489709284 1776585327.21
 -0.209975126744 -0.0652075450948    0.53954919981 0.582627597016 0.471987983186 -2.38659271453  9.35982417047  6.25311791151 0.387161916131 -8.69816577547 1776585327.22
 -0.105767695403 -0.0567942695645    0.38265587349 0.40104602225  0.11569460188 -2.11205260944  9.12005957744   5.0089449341 0.513022530012 -8.27199690131 1776585327.24
-0.0236090668125 -0.0461196954912   0.231775908119 0.237496286145 -0.266883768935  -1.49397539332   9.05527855456  3.12914768594 0.512601001653 -6.49903417732 1776585327.26
 0.0320338897762 -0.0342203172677  0.0964510338175 0.107238062891 -0.668581518967  -1.13847377023   8.94254293629  1.95687178442 0.556619617719 -5.75769422992 1776585327.29
 0.0603357678516 -0.0222421261214 -0.0152145661806 0.0660802548475  -1.14510150284 -0.798859166125   8.84363550496 0.840887526803 0.603858636385 -5.10440027199 1776585327.3
 0.0640051476504 -0.0112610990987 -0.0976225993227 0.117275927526  -1.41688492817 -0.344744041297    8.9700440715 -0.310897187216  0.531251880839  -3.51607554796 1776585327.32
 0.0485608529491 -0.0021215012142  -0.148382353058 0.156140897607  -1.61100734765 0.0262924138771   9.15544584382 -1.20706093574 0.449001626023 -1.99753083916 1776585327.34
 0.0211647848593 0.00467462707969  -0.168517898228 0.169906098418 -1.19871408623 0.230387811784  9.53038514656   -1.3323899973  0.250025898568 -0.309340418139 1776585327.36
-0.0107271575373 0.00900402368939  -0.162147225199 0.162750935454 -0.976521024109  0.332731871311   9.78220722307 -1.41311423617 0.146531247857 0.750637656088 1776585327.39
-0.0406108518414  0.0110803803452  -0.135703057114 0.142082144641 -0.713560068469   0.38142934908   10.0409912508  -1.40700395948 0.0621680217218   1.72981576127 1776585327.4
-0.0638358623084  0.0113506148909 -0.0968536814566 0.11655251772 -0.226470776258  0.291230386744   10.2303763521  -0.983098166976 -0.0188741908494    2.16453630433 1776585327.42
-0.0780211902991  0.0103621510864 -0.0533348476417 0.0950751612346 0.250228524474 0.165980213499  10.3405242013  -0.511279403848 -0.0724400095658    2.27025507744 1776585327.44
-0.0829662486137 0.00864014903503 -0.0119082361366 0.0842606472338  0.555289647977 0.0306162236097   10.2712904895 -0.0487452684014 -0.0858086726258    1.73016140259 1776585327.46
-0.0801544140703 0.00660693327314   0.022381658861 0.0834824551363   0.834091426203 -0.0573499899363    10.2378279659   0.267128721585 -0.0996579624454    1.42764169019 1776585327.49
-0.0720262287626 0.00455874557904  0.0465595629762 0.0858856955235  0.999261067765 -0.112061084708   10.1472067967   0.49906405594 -0.103183319513  0.983443593914 1776585327.5
-0.0612263363985 0.00269348396153  0.0596808722782 0.0855437060252 0.911615260291 -0.11200436468  9.99208139656   0.564069551087 -0.0869186848261   0.407887796853 1776585327.52
-0.0500016758495 0.00116493506507  0.0624858726788 0.0800375471007   0.742441356871 -0.0845645769864    9.85051121668   0.559924406615 -0.0671659157349  -0.073343571462 1776585327.54
  -0.039861709011 0.000130683080074   0.0568823550908 0.0694591624195   0.348422770387 -0.0310215444386    9.75020301848   0.359588851685 -0.0272410758954   -0.33249013014 1776585327.56
  -0.0315269728172 -0.000234637766762    0.0454034286966 0.0552763639118    0.147361110635 -0.00603887609303     9.66687628979   0.338046556117 0.00219488444537  -0.598802103233 1776585327.59
 -0.0251142274761 0.000226436215976   0.0307592581366 0.0397102966017  -0.131966835811 0.00692951953853    9.55703355991   0.35877906939 0.0588082429341 -0.967391024642 1776585327.61
-0.0204540432025 0.00158034975711  0.0155470250221 0.0257405395383    -0.33018871664 -0.00869718069868     9.59393511175  0.210933893402 0.0956335520917 -0.785028139052 1776585327.62
-0.0174194701829  0.0037150978083 0.00212184524432 0.0179371714721  -0.439711295345 -0.0418510866436    9.63065810253  0.113605556672  0.124245042974 -0.607820093121 1776585327.64
 -0.0161616949649  0.00627468872137 -0.00741818532444 0.0188574010987  -0.354393208461 -0.0593722568922    9.71188861777 0.00458280690067  0.0990148332561  -0.267435090827 1776585327.66
-0.0171911200252 0.00864876690617 -0.0112037969843 0.0222679330784 -0.359733302706 -0.083794612589   9.74988771807   -0.117399438899   0.0860431520983 -0.00389859211142 1776585327.69
 -0.0212961346415   0.0100377678142 -0.00758868942742 0.0247360130293  -0.326448130191 -0.0818401241244    9.80001253645 -0.334462667466 0.0260225388852  0.440467210128 1776585327.71
-0.0293420638631 0.00959415914055 0.00479826498947 0.0312414460016  -0.189513065811 -0.0108203566424    9.85216702237  -0.540891963437 -0.0892098519104   0.901113851358 1776585327.73
-0.0420268893942  0.0066186237217   0.026948281945 0.0503614486677 -0.0912648346646   0.120887240412    9.90145114907 -0.895757281757 -0.260489635807   1.61088182782 1776585327.74
 -0.0596807059672 0.000771566242321   0.0593576509322 0.0841766755307 -0.00422282341289    0.237487709842     9.90181354055 -0.932055418959 -0.333537344976   1.74123274464 1776585327.76
 -0.0821810332007 -0.00775059321817    0.101962823577 0.131187694945 0.0249618294418  0.403201322684   9.90634775398  -1.14613048601 -0.438960135421   2.20260568159 1776585327.79
 -0.109020588504 -0.0181252712334   0.154177836706 0.189696651279 0.0202930136932  0.649994275404   9.90761393251  -1.50923713018 -0.557743114732   2.97684157566 1776585327.81
 -0.139517092484 -0.0289393061459   0.215053312571 0.25797369979 -0.0157498111191    0.83569363155    9.88256433373  -1.69876636462 -0.536564387415   3.42871902252 1776585327.83
 -0.173107716708 -0.0383675313828   0.283528617453 0.334405182321 -0.0561978920066   0.924307805152    9.84422787164  -1.73312011223 -0.384148468187    3.5505748596 1776585327.84
 -0.209635603495 -0.0444811710208   0.358702342219 0.417843309318 -0.0769050831603   0.934850528962    9.80626796266  -1.69353876076 -0.161167239688   3.46820269907 1776585327.87
  -0.24952220587 -0.0456395894991   0.440018060566 0.507897821393 -0.0881718723636    1.15269097424    9.76696032518  -2.10312581636 0.0898080638173   4.21545904835 1776585327.89
 -0.293732977586 -0.0408900295491    0.52726526594 0.604946044953 -0.0577061142043    1.38486473125    9.72455299704  -2.6278391699 0.429451938015  5.04280950706 1776585327.91
 -0.343486021403 -0.0302836487147   0.620334126981 0.70972824051 0.0253473776881   1.41081828393   9.70492800693 -2.83168654097 0.691207809417  5.11552832266 1776585327.92
 -0.399718414818 -0.0150192416498   0.718731199086 0.822541746846 0.136231692232  1.46330183097  9.70300697489 -3.10742691402 0.860564250863  5.24225661129 1776585327.94
-0.462401312025 0.0026485008809  0.820945271087 0.94221713317 0.226687336017  1.30504516924  9.73691612362 -2.89559187231  0.77365917292  4.56307986101 1776585327.96
-0.529864938335  0.019753977845  0.923825358288 1.06517621318 0.331849851133  1.30415353924  9.78146080802 -2.96460869919 0.665845604449  4.38855182574 1776585327.99
-0.598337216918 0.0331794524984   1.02217309713 1.18488233243 0.526755805967  1.55500251295  9.86035483199  -3.5379165385 0.551393358763  4.95506383154 1776585328.01
-0.661895407301 0.0403312647735   1.10874193117 1.29191362368 0.639828849177  1.44197557302  9.97877880373 -3.18678508634 0.183905293726  4.24226460958 1776585328.03
-0.712967308767 0.0397946085695   1.17476926181 1.37476863971 0.680729527533   1.0941726468  10.1021970141  -2.21897028373 -0.231918978033   2.78542638769 1776585328.04
-0.743400415255 0.0318126476979   1.21105344095 1.42137491845 0.579278435725 0.514221320648  10.1497514762 -0.747400582742 -0.483327895836  0.785473712245 1776585328.06
-0.745965129743 0.0184556268403    1.2094480158 1.42111543791   0.541287293354 0.00646488194076    10.1969358827 0.596018708039  -0.6182235321 -1.01265637722 1776585328.09
  -0.71600913076 0.00340089413871    1.16451470223 1.36703150407  0.625507984786 -0.670887888355    10.295363343   2.51319223747 -0.732462884259  -3.63017306983 1776585328.11
  -0.652879497306 -0.00867392170828     1.07499075024 1.25774877779 0.574796512072 -1.37234602511  10.2194255837   4.30650140119 -0.454612520579  -6.09541598763 1776585328.12
 -0.560717308583 -0.0129923680777   0.944714876927 1.09866232322 0.480829730321 -1.89140600088  10.0240747017    5.5397780081 0.0803839896123   -7.9150839601 1776585328.14
  -0.448326727723 -0.00570579416215    0.782731323394 0.902051958315 0.327267220731 -1.88091507664  9.76345122165  5.31369307617 0.643066264066 -7.81572802207 1776585328.16
-0.328017477923 0.0151691024111   0.60244471545 0.686123314473 0.227357591142 -1.84297667319  9.51247689613  5.11334256303  1.19410001368 -7.90313996107 1776585328.19
-0.213573776116 0.0491151960748  0.419899103578 0.473646827832 0.160710102678 -2.02458427351  9.14563636221  5.61378995246  2.07648034529 -9.37064733933 1776585328.21
-0.117747161534  0.092945824176  0.251457414981 0.292803947771 0.0312623844622  -1.63874657944   8.85710797376  4.67686834107  2.62941872769 -8.81399507663 1776585328.23
-0.0498316903538   0.141173914734   0.111311854056 0.186557230946 -0.114081227354 -0.892030209698   8.79502174847  2.84991703657  2.57782207227 -6.64519298179 1776585328.24
-0.0139012384795   0.186877089237 0.00931836664681 0.187624952685 -0.209232236845 -0.130262844401   9.03997824173 0.932341260991  1.82823521984 -3.61742976683 1776585328.26
-0.00815189895082    0.222904141408  -0.0504033079824 0.228677071804 -0.291264527451   0.36886767402   9.27702304986 -0.242678084341   1.17535394978   -1.6519162397 1776585328.29
-0.0255273608563   0.243185465386 -0.0698209607097 0.254294678045 -0.443387313467  0.858599538117   9.51648799658  -1.20793339415  0.535287351376 -0.148900367866 1776585328.31
-0.0554828099978   0.243878508153 -0.0562377274136 0.256354736506 -0.558043302689   1.14577431024   9.96492986767 -1.77525646895 -0.55584478083  1.43353004747 1776585328.33
-0.0864543688768   0.224108808006 -0.0206220431292 0.241089992299 -0.55640615033 0.991561776598  10.4457809012 -1.54116283017 -1.68032465708  2.35311645598 1776585328.34
-0.108428608797  0.186151881563 0.0246022902606 0.216828408889 -0.38354377459 0.425804837265  10.5764034623 -0.626474657827  -1.95531115284    1.9413698856 1776585328.36
-0.114997675969  0.135021330964 0.0678302448159 0.189884616031  -0.305995274463 -0.0284123523008    10.6764612953 0.0823071914087  -2.24022063729   1.55856754373 1776585328.39
-0.104438706594  0.077555523165   0.10015500893 0.164174688738 -0.315095633382 -0.626627391333   10.8992174041 0.923617590513 -2.97187540879  1.27113250181 1776585328.41
-0.0796233079315  0.0211991002565   0.116514364094 0.142705536185 -0.302255488523  -1.31772543746   10.8292071356  1.71808928616 -3.12811408373  0.47145667475 1776585328.43
-0.0468655866532 -0.0272674850342   0.115953507821 0.128004355115 -0.299639688634  -1.78680747421   10.4479666311   2.00688568322  -2.57163598988 -0.473186403798 1776585328.44
-0.0140717078088 -0.0627991341618   0.101058513178 0.119810547523  -0.2700380735 -1.52775284181  9.91358764254  1.37648703927 -1.31323410222 -0.92682890132 1776585328.46
 0.0113043332455 -0.0827643552227  0.0767860028527 0.113462842727 -0.301520360641   -1.2689107873   9.56346990208 0.774420372149 -0.49507115292 -1.05878312848 1776585328.49
 0.0239934460721 -0.0871334108617  0.0490160512778 0.102812888422 -0.465500127614  -1.27907331931   9.18923828566 0.257291472907 0.110538695323 -1.29520634013 1776585328.51
 0.0219548392911 -0.0781886379263  0.0231713113124 0.08445346492 -0.685323667917  -1.12087788451   8.81738181606 -0.506643126492  0.792505794881  -1.33205417814 1776585328.53
0.00656082251194 -0.0598647981656 0.00318260790285 0.0603072752204 -0.749831036495 -0.626065536493   8.77562012798   -1.1353043806   1.17294582176 -0.914696260477 1776585328.54
-0.0180201905229 -0.0368882210547 -0.0090359195484 0.0420370784088 -0.689453808687 -0.159269340229   8.96086130067  -1.36600038711   1.19451597844 -0.435533315618 1776585328.56
-0.0460026060039 -0.0139000562547   -0.01357662915 0.0499377230369 -0.485737104475  0.145902103116   9.30442304235  -1.11605571325   0.88181022868 -0.063894485994 1776585328.58
 -0.071385020888 0.00527602998491 -0.0120910702598 0.0725937440804 -0.362625876564  0.350925889476   9.52568049751 -0.953335764877  0.706049132559  0.143145741551 1776585328.61
 -0.0892307718962    0.018115116316 -0.00708581228301 0.0913263205655 -0.201859382514  0.592245533424   9.77971073614 -0.736287600566   0.53527961505  0.319400807117 1776585328.63
 -0.0965619847533     0.02357963243 -0.00116932911796 0.0994061532081 0.115254624156 0.586222694174  10.0804311266 -0.100523561664  0.112634581522  0.306221046754 1776585328.64
-0.0927279425998  0.0220336240986 0.00356748387776 0.0953765111069 0.391620482687 0.468070139007  10.2692863324  0.467494660699 -0.233111139445  0.191352084474 1776585328.66
-0.0792455389304  0.0149449746333 0.00591853365879 0.0808593640083 0.521733362991  0.28371845635  10.2929441274  0.767837633507 -0.402706614353 0.0474944551111 1776585328.68
-0.0592236138312 0.00446166068368  0.0056398879503 0.0596586220707 0.551290098022 0.137847480116  10.2456579887   0.861373468091  -0.443720527669 -0.0533222613951 1776585328.71
 -0.036552934379 -0.0070473268723 0.00327570066723 0.0373699350096  0.761711106011 0.0496357184558   10.3417333047    1.2279617647 -0.608079715768 -0.161690050157 1776585328.73
  -0.0150626458552   -0.0174066007124 -0.000174942227879 0.0230196362548  0.652384894585 -0.057731210755   10.2214420969   1.09660296057 -0.506718072972 -0.195650509686 1776585328.74
 0.00218226736687  -0.0249460810163 -0.00363524361878 0.0253038385448  0.469359201124 -0.134008469589   10.0812011717  0.876590817359 -0.348046547929 -0.188084350505 1776585328.77
  0.0133258449395  -0.0286781267499 -0.00626607476909 0.0322378161519  0.147886615507 -0.141152648564   9.88429997049   0.425279911123 -0.0919297514583    -0.1088142113 1776585328.77
  0.0178636569883  -0.0283358161359 -0.00764756115157 0.03435860749 -0.0907704617699  -0.106617781414       9.74801001  0.0676775895213  0.0933125921605 -0.0326731534205 1776585328.8
 0.0165071387966 -0.0242918183968 -0.0078019288532 0.0303882899503  -0.34307200816 -0.121821987336   9.59147034082 -0.199175535631  0.310537682974 0.0161270951757 1776585328.82
  0.0108458162791  -0.0173941912703 -0.00707933180209 0.0216865525031   -0.5054461864 -0.109331360037   9.46526731814 -0.414474527631  0.473340641578 0.0560531462507 1776585328.84
 0.00291011838419 -0.00876366904985 -0.00596308056955 0.0109922251662  -0.475172119043 -0.0925081679585    9.43227540137 -0.449037058058  0.496136419743 0.0616948956518 1776585328.85
-0.00526267559548 0.000403915462146 -0.00486612532509 0.00717900256326  -0.286023473161 -0.0778552927164     9.5098614731 -0.312275276007  0.372475713295  0.041487562714 1776585328.87
 -0.0119789125423  0.00899566971542 -0.00398498735573 0.0155015013321 -0.155989772178  -0.10154093284    9.5210144927 -0.231350783578   0.33436837513 0.0343834319709 1776585328.9
-0.0161097808587  0.0160811001495 -0.0032540248596 0.0229938143664 0.0107403430221 -0.174250915315   9.49423281467 -0.14483507177 0.333323645345 0.043923706389 1776585328.92
  -0.017174157462   0.0209520139485 -0.00240944070336 0.0271982348238 0.185651937549 -0.18904719715  9.62041888563 0.0194975800945  0.170116090599 0.0511416248869 1776585328.94
  -0.015303204816   0.0231184638885 -0.00113839772953 0.0277479260413  0.368504850614 -0.257694588699   9.71118125424  0.172316796108 0.0380268072627 0.0895992852127 1776585328.96
 -0.0111234990499   0.0222872710241 0.000736710345368 0.0249198198819   0.38158752801 -0.241957023256   9.84181872715  0.246292893144 -0.120980455352  0.107543441326 1776585328.97
-0.00559900513922   0.0183517063879  0.00309892725061 0.0194354659322  0.272863637074 -0.180044113641   9.92416345752  0.226116128245 -0.218421276499 0.0947792000966 1776585329
0.000134262515391   0.0114126170544  0.00545553179488 0.0126502443304  0.260562428529 -0.206568547491   10.0745292339  0.303130586296 -0.476061913495  0.111484156413 1776585329.02
0.00491866146126  0.0018338731052 0.00696707266845 0.00872332635546 0.0871457475431 -0.139278395766   10.1883120587  0.254860973854 -0.710749198219 0.0382042110638 1776585329.04
 0.00770018031687 -0.00968700416213  0.00658967923303 0.0140197966798   -0.104514198185 -0.00079417750988     10.1047505865  0.0688455163898  -0.607599993254 -0.0931044598867 1776585329.05
0.00762730802447 -0.0220714401212 0.00330398626114 0.0235847540148 -0.181106350799 0.0938944685757   10.0124509944 -0.0697514715889  -0.472288342338  -0.199284112146 1776585329.08
 0.00412681565227  -0.0338823141043 -0.00361963661847 0.0343240962844 -0.231907250381  0.201468960075    9.9725378444 -0.216826879221 -0.434633577341 -0.359499121689 1776585329.1
-0.00304001835443   -0.043454297456   -0.014382448547 0.0458734400846 -0.238173501841  0.364065974615   9.93841133763 -0.442693544785 -0.378128071172 -0.616644810658 1776585329.12
-0.0137398620788 -0.0491431925794 -0.0285068170085 0.0584506270522 -0.102336250544  0.498916260155   9.88461788641 -0.656974943542 -0.167180375936 -0.819151885493 1776585329.14
-0.0274511182714 -0.0496661886418 -0.0448195279523 0.0723124074722 0.138952562044 0.549455825742  9.85135230631 -0.777311825438  0.123144136297 -0.870627071705 1776585329.16
-0.0432742732852 -0.0444642600841 -0.0615867948266 0.0874223452568 0.344683168093  0.45179126033  9.85641845476 -0.690462925777  0.332808821817 -0.678603737743 1776585329.18
-0.0599746023393  -0.033989601225 -0.0767843982284 0.103189581492 0.585927003567 0.419072285309  9.91541252137 -0.702844293058  0.528343322572 -0.575922212483 1776585329.21
-0.0760615772261 -0.0198173314921 -0.0884532527512 0.118330334572   1.0279016943 0.439259349657  10.0804489264 -0.833728314556  0.821183340338 -0.509260149678 1776585329.23
 -0.0899065393983 -0.00450804515008  -0.0950675037445 0.130924934851  1.33010039006 0.314616086772  10.3021361053 -0.725002489464  0.870366885423 -0.224559106114 1776585329.24
-0.0998967697342 0.00879686303571 -0.0958358612269 0.138712875032  1.28344644933 0.107368212463  10.4526330238 -0.399035884004  0.583156431186  0.113842472006 1776585329.26
 -0.104620040051   0.016994463458 -0.0908698329252 0.13961193038    1.01622525417 -0.0524167827122    10.4760258682 -0.0670862097106   0.189055549695   0.309972946547 1776585329.28
  -0.10306830674   0.017734566845 -0.0811817217976 0.132393589987  0.996869053475 -0.168980184204   10.6324028489   0.20750031069 -0.147022630337  0.474416881572 1776585329.31
-0.0948414679895  0.0100659370351  -0.068512663203 0.117431734033   1.24832036187 -0.315354524232    11.033583674  0.621545926163 -0.625445054748  0.714705110089 1776585329.33
 -0.0803221748585 -0.00515425777969    -0.05502633085 0.0974993088902   1.44294596304 -0.392927354154   11.3539549625  1.07385754512 -1.11252557603 0.806665925733 1776585329.35
 -0.060782885766 -0.0252190446454 -0.0429283593226 0.07857100896    1.3914802582 -0.296902789561   11.2729602569  1.20491309173 -1.17214556864 0.601753209304 1776585329.36
-0.0383813685317 -0.0459544869569 -0.0340804095373 0.0688942569165   1.17786463645 -0.113781339582   10.9074337143  0.974224866404 -0.810817481702  0.288429257576 1776585329.38
-0.0160063987443 -0.0624851417226 -0.0296718213775 0.0710001036669   1.33793562258 0.0488075952301   10.8302817821  0.889516512372 -0.521515086885 0.0877063013896 1776585329.41
0.00304431947539  -0.070241974575 -0.0299958379446 0.076439212236  2.00711396937 0.312699124899   11.000617546   0.886984883128 -0.0987843335223  -0.131774290614 1776585329.43
 0.0155370146963 -0.0659981610908 -0.0343580465982 0.0760107325257  2.63116790314 0.663444443513  10.9853933486  0.527139212487  0.718116357118 -0.370907404574 1776585329.44
 0.0188647647575 -0.0486899437929 -0.0411274710309 0.0664684801189  2.27823930876 0.749936893581   10.551973567 -0.108996854984   1.27828846414 -0.375562198443 1776585329.46
 0.0115987037458 -0.0198106132307 -0.0479279860146 0.0531420941305  1.61359092919 0.639163117443  10.1682004462 -0.510820586911   1.33901195213 -0.221624392617 1776585329.48
-0.00609822907376   0.0167454516427  -0.0519579044307 0.0549292488696  1.34894748695 0.631572663446  9.97003534831  -0.887432710831    1.51955099899 -0.0502502117929 1776585329.51
-0.0323148178141  0.0553825081644 -0.0504145562436 0.0815665197381   1.1689084392 0.686301274243  9.77182977532 -1.47872836412  1.88230898875 0.282342210906 1776585329.53
 -0.063570196837  0.0899029051322 -0.0409844472109 0.11748798743 0.461840747166 0.518039259272  9.50633324217 -1.83878389657  1.73241064115 0.819254292595 1776585329.54
-0.0953322224726   0.114754369432  -0.022337695569 0.150850159392 -0.527764572637  0.147665401912   9.30544610161 -1.59301616693 0.974442330077  1.24920533659 1776585329.56
 -0.122793136068   0.126129366669 0.00545677119752 0.17611515481 -1.25208037428 -0.18610561184  9.22828666744 -1.01429237426 0.172721314175  1.37741022767 1776585329.58
-0.141744947497  0.122657876413 0.0406908391666 0.191813266432  -2.01106327322 -0.482788146569   9.07091614295 -0.574777874307 -0.445360361539    1.6135867893 1776585329.61
-0.149359680374  0.105544569818   0.08003762555 0.199634645899  -3.36832029307 -0.934001974349   8.66803175678 -0.0811636915767   -1.22436196976    2.15094948251 1776585329.63
-0.144695364752 0.0781505528693   0.11888095525 0.202921016693 -4.19065901445 -1.23069629757  8.37903531725 0.604634354258 -1.77706047926  2.11608310562 1776585329.64
-0.128814846499  0.045161940094  0.151939884434 0.204251301081 -4.20233399738 -1.25233007655  8.27195558097  1.12037299145 -1.85559569763  1.53922059268 1776585329.66
-0.104501090442 0.0115795778028   0.17410172119 0.203386267596  -3.33006083852 -0.975308620267   8.43840615021  1.20332333424 -1.43452066281 0.664875323044 1776585329.68
-0.0756501139494 -0.0182174569516   0.181315130241 0.197306847151  -2.73717131233 -0.761344007384   8.48713942198    1.19662167717    -1.0874219187 -0.0564760255471 1776585329.71
-0.0464931104502 -0.0411347847281   0.171363963532 0.182261591761 -2.87165183991 -0.72153197408  8.11290019724   1.43154097183 -0.977449722898 -0.965093893243 1776585329.73
-0.0208257955771 -0.0556512544157    0.14435452911 0.156105752469   -2.3337941058 -0.479293236956   8.03599272162   1.27757670545 -0.583879846713  -1.94260345595 1776585329.74
-0.00140346513427  -0.0617417158683    0.102803461102 0.119927314684  -1.51645640272 -0.183755748302   8.20146928597  0.885213310945 -0.138325207827  -2.63854572878 1776585329.76
  0.010394390048 -0.0605297832535  0.0512968599422 0.0800204089287 -0.685185742429 0.0561748353499   8.58616726926 0.411793988769  0.20410512684 -2.75426255839 1776585329.78
  0.0145974106043  -0.0538109037116 -0.00421755948106 0.0559149851345 -0.0971760239539   0.182456710974    9.00193563573 0.0456265835618  0.383273992282  -2.45777403263 1776585329.8
 0.0124116590114 -0.0435842513124  -0.057367670427 0.0731073583991 0.321883841197 0.287664259204  9.21593712362 -0.234580640082  0.590216229072  -2.61860431499 1776585329.82
0.00580714666496 -0.0316941747565  -0.102342549989 0.107295112676 0.694260859422  0.33062180821   9.5470678889 -0.482013737904  0.751024242687  -2.42556495006 1776585329.84
-0.00296454502723  -0.0196266312583   -0.134743020232 0.136197190437 0.784151158462 0.238125897103  9.94598612317 -0.518560961863  0.683862379899  -1.46553661718 1776585329.86
 -0.0118164664231 -0.00845269135307   -0.152149712901 0.152841787499  0.62261265094 0.102286968334  10.1709203635 -0.373937192414   0.47927564572 -0.452253818815 1776585329.87
-0.0191557256174 0.00112561989447  -0.154325247947 0.155513636052  0.466908243702 0.0114733274137   10.2579132454 -0.230618695862  0.322991300898  0.171626217101 1776585329.9
-0.0240533269938 0.00868555279422  -0.143043052745 0.145311101797   0.431929812246 -0.0496070416081    10.3775262844 -0.141090317386  0.256000532745  0.650580351145 1776585329.93
-0.0262514419864  0.0140004025466  -0.121606251119 0.125192770515  0.574179301885 -0.131076540971   10.7109116941 -0.0598975326375   0.250623801112    1.47465914576 1776585329.95
-0.0260383707177  0.0169913908074 -0.0941718763643 0.0991718024903  0.571195116536 -0.158054255635   10.7330285555 0.0728331533845  0.122577288889   1.86586624428 1776585329.96
-0.0240426249947  0.0177178139989 -0.0650199731245 0.0715511401352   0.375660138712 -0.0916983956237    10.3429291233   0.113945327067 -0.0136324244046    1.27377595116 1776585329.98
-0.0210047646961  0.0163891699412 -0.0379020278061 0.04632891908  0.336418699411 -0.052864438126   10.1671532719   0.133338965224 -0.0896011923503    1.02020883877 1776585330
-0.0175799687587  0.0133750346506 -0.0155726191354 0.0270268999369   0.387316436857 -0.0212580742881    10.0630272457 0.168600136365 -0.17854979509 0.951225366197 1776585330.03
 -0.0142089512182  0.00919231274922 0.000439282607855 0.016928847498  0.406185836959 0.0179481698761   9.90197074988   0.19345865485 -0.265060191126  0.754947039661 1776585330.04
 -0.011073974653 0.00446108845145 0.00981616997769 0.0154561126361  0.279536946254 0.0435365816339   9.71825439361  0.172013777351 -0.265036741914  0.362496175951 1776585330.06
 -0.00813505755974 -0.000166268933857    0.0132392063013 0.0155397358519 0.0981966625691  0.044790118733   9.61531971198  0.138466402045 -0.202339309866 0.0529391845499 1776585330.08
-0.00522354943237  -0.0040880684855   0.0120529345349 0.0137575798568 -0.0622221592161  0.0376119341013    9.57291607175  0.122866897859 -0.137017949197 -0.109892745312 1776585330.1
-0.00215960101372  -0.0068299417027  0.00789472918187 0.0106601467652 -0.247689109685 0.0381868778191   9.50643293535   0.147888599358 -0.0932035960676  -0.225054187599 1776585330.13
 0.00114161663823 -0.00809957694471  0.00236654028158 0.00851510118181 -0.524293562903 0.0498148591499   9.42025766666  0.203326389572  -0.02950261649 -0.333523812201 1776585330.15
 0.00460334732833 -0.00781124408896 -0.00319878562212 0.00961449792235  -0.66167158381 0.0631951764691   9.46365116225  0.205472564299 0.0607077719017 -0.307352635822 1776585330.16
 0.00797604802849  -0.0060803141622 -0.00785662751363 0.0127402573895 -0.554395713211 0.0722838584326   9.59279350454  0.149437237395  0.109882852125 -0.187227905251 1776585330.18
  0.0108821066819 -0.00319440294817  -0.0110653587858 0.0158450819212 -0.447471630725 0.0929352990626   9.67654019155  0.106196508661  0.140322931946 -0.102839473558 1776585330.2
 0.0129029911423 0.00042991025078 -0.0126278223717 0.0180591777524 -0.357335700092  0.137116398024   9.73429287143  0.0687147459721   0.183646677253 -0.0375828268707 1776585330.23
 0.0136853471608 0.00429752316195 -0.0125985624687 0.0190913909529 -0.160136767816  0.183444848105   9.80684965078 0.00385406294316   0.212107626721  0.0408425672474 1776585330.24
 0.0130385213789 0.00788879124825 -0.0111915710995 0.0189073353697 0.123604502452  0.17328339543  9.87792265199 -0.072002508376  0.172010509129  0.104190181247 1776585330.26
  0.0109985126834   0.0107162407432 -0.00871061776378 0.017654460024 0.344234063181 0.128330387195  9.92303383574 -0.124510910318  0.107681828564   0.13615781225 1776585330.28
0.00784171054427  0.0123831933207  -0.005508644261 0.0156582586092  0.476593119835 0.0667809926311    9.9486864799 -0.151600654437 0.0419456358686  0.146950148003 1776585330.3
  0.0040440023953   0.0126404498258 -0.00196944425155 0.0134169161073   0.627699266031 -0.0049469126001    9.99129566167  -0.186893922409 -0.0232278088819   0.171342032353 1776585330.33
0.000194096778294   0.0114327220123  0.00150259328181 0.0115326750037  0.739233876446 -0.117593336202    10.041528171 -0.211310307806 -0.109659742256   0.19083189288 1776585330.34
-0.00311896837251  0.00892321739949  0.00449935173125 0.0104688078819    0.5932299899 -0.227254073985   10.0358376611 -0.166364104455 -0.176307067626  0.152339248202 1776585330.36
-0.00541804375883  0.00548516472859  0.00664161815156 0.0101761152678  0.301111719352 -0.279541494042   9.98739241284 -0.087366448494 -0.192129280697 0.0826873314476 1776585330.38
-0.00642432189786  0.00165434924445  0.00762767922096 0.0101089204947 0.0147382725778   -0.2501147893   9.91600385531 -0.0140440693239   -0.15326855225  0.0133372432862 1776585330.4
-0.00609969427838  -0.0019539603471  0.00728896178151 0.00970325693672 -0.227568980153 -0.269985612677   9.87747351797  0.0402026014381   -0.14415297193 -0.0447942804254 1776585330.43
-0.00463823463414 -0.00474995739198  0.00563759671651 0.00870963905595 -0.441589092429 -0.232308511183   9.81986644084  0.0850342800142 -0.0996503802294  -0.101458259707 1776585330.44
-0.00241248668912 -0.00627494287547  0.00288958702204 0.00731742531725 -0.775533576031 -0.207215516377    9.7375774898   0.148466244156 -0.0479975556578  -0.193426400651 1776585330.47
 0.000109933832201  -0.00628498969196 -0.000548463565088 0.00630983305308  -0.909051609071 -0.0761112044092    9.63926839219  0.169510955961 0.0515000023664 -0.244346151973 1776585330.48
 0.00245904411088 -0.00479489784649 -0.00413261280244 0.00679090803004 -0.475021723622 0.0523451251653   9.66595541438 0.0854572272122 0.0870290696414 -0.138880260991 1776585330.5
 0.00424477364059 -0.00207409643718 -0.00726817178028 0.0086686965755 -0.342053219242  0.144116145534   9.63676724844 0.0586267236839  0.131892010754 -0.112380489231 1776585330.52
0.00521418858904 0.00140332580153 -0.0094138986206 0.0108525837102 -0.179956057258  0.262611407564   9.59344075586  0.0274565156711   0.189403229519 -0.0775529811037 1776585330.55
0.00527656367942 0.00504349881351 -0.0101825398794 0.0125284924448 0.0901519621841  0.320367410787   9.61758536227  -0.0202011160055    0.192431661287 -5.5411761173e-05 1776585330.56
 0.00449689384677  0.00823612745716 -0.00941586616363 0.0132933963069 0.327944908235 0.303814076011  9.69261933789 -0.0603176211771   0.147633470566  0.0808626592821 1776585330.58
0.00306438758765  0.0104580232519 -0.0072168652044 0.0130707254965 0.411828518524 0.210739880576  9.79036319186 -0.0734421761951  0.0705591506479   0.123910241453 1776585330.6
0.00124565840133  0.0113597333124 -0.0039304436185 0.0120848497227 0.445874494478 0.135712415811  9.87310247678 -0.0796244173367  0.0077599059991   0.152391978857 1776585330.63
-0.000667209649511    0.0108216911412 -7.50171847924e-05 0.010842499502  0.548558409518 0.0783316193295   9.99073346718  -0.101068165017 -0.0661254569919   0.212959905977 1776585330.65
-0.00240489334588  0.00897130167802  0.00376160418627 0.010020849857   0.494446888579 -0.0198412346763    10.1032001211 -0.0987315516194  -0.148936694159   0.227236284758 1776585330.66
-0.00375862027273  0.00615829356508  0.00704004029339 0.0100803756538   0.242820429743 -0.0928255318914    10.0909724039 -0.0595783856675  -0.164766877712   0.152139525133 1776585330.68
-0.00460305427605  0.00289218239483  0.00937483382208 0.0108369892897  0.033750847547 -0.107826958596     10.01309345 -0.0237704706467  -0.133142283048  0.0740614798425 1776585330.7
 -0.00490231415588 -0.000247722410502    0.0106034388786 0.0116844754494  -0.10642906201 -0.119568446092   9.96389841264 -0.00201832157937   -0.116664361161   0.0297096170327 1776585330.73
-0.00470003881096 -0.00271378194875   0.0108024424944 0.0120891579994 -0.258778526828 -0.132459721661   9.90161369832   0.0206440488268  -0.0983916325571 -0.00913524392537 1776585330.75
-0.00409738257602  -0.0040841080393   0.0102472468163 0.0117675209694 -0.408291760004 -0.120148163847   9.77520691216  0.0478365707807 -0.0459850627139 -0.0479028823054 1776585330.76
-0.00322512775698 -0.00413160676787  0.00932548690424 0.0106974917403  -0.363319734242 -0.0508656027219    9.64261060545  0.0549001691645  0.0358617446087 -0.0531647765394 1776585330.78
 -0.0022169328273 -0.00285576558308   0.0084262380252 0.00916906077434  -0.213459818368 0.00660207142359    9.60614165648  0.0433423305026  0.0779035513692 -0.0317769604988 1776585330.8
 -0.00118974624622 -0.000473209855647   0.00783322201868 0.00793717776617 -0.131724452601 0.0449774492234   9.55341232354  0.0427825734929   0.118372835685 -0.0167754518396 1776585330.82
-0.000234878462416   0.00262827561635   0.00764905575618 0.0080914185758 -0.0448135820067  0.0888534898309    9.48121020222   0.0475360809853    0.172804292324 -0.00171007692103 1776585330.84
0.000580158754265  0.00596079090232  0.00776955093703 0.00980986922056 0.0696881565293   0.11644176002   9.48953439021   0.043612395647   0.193887663772 0.00805391475676 1776585330.86
0.00120230265015 0.00901755288941 0.00791446044214 0.012058211968 0.140772772875 0.102253599241   9.6098475201   0.0280840876736    0.151093694724 -0.00174895216479 1776585330.88
0.00158181220989  0.0113497329681 0.00770717241152 0.0138101077076  0.129953570057 0.0601448709969   9.75488191111 0.00989470210698  0.0770518169031 -0.0241268999834 1776585330.9
0.00166589033965  0.0126275932306 0.00678406422633 0.0144310369984  0.114791551054 0.0314335545875   9.85826879176 -0.00374728201086   0.0277405370387  -0.0584164570529 1776585330.92
0.00140219961429  0.0126793766529 0.00490718793031 0.0136679643491   0.0973732184297 -0.00210555139388     9.98923470894 -0.0243189290838 -0.0299105091342  -0.126167879371 1776585330.95
0.000753973404834   0.0115060019091  0.00205299134759 0.011712016449  0.0369397289683 -0.0524748307101    10.1165080313 -0.0517898861993  -0.105111999429  -0.199103213287 1776585330.96
-0.000276182272533   0.00927295719773  -0.00154525387467 0.00940488284753 -0.0300557676819 -0.0845328808057    10.1225420693 -0.0646127968171  -0.142101173578  -0.203144142038 1776585330.98
-0.00162101407773  0.00628275628081 -0.00541402475856 0.00845058443012 -0.0545632060441 -0.0851626706884    10.0459155279 -0.0599513629653  -0.133122975444  -0.154741961993 1776585331
-0.00313159851789  0.00293245903534 -0.00891544014334 0.00989400314436  -0.061075839431 -0.0916132888615    10.0070718422 -0.0623678620295  -0.139654702396  -0.125619650516 1776585331.03
 -0.00457793459941 -0.000338407921822   -0.0113697736082 0.0122614745043 -0.0541694428412  -0.105793359079    9.98160001649 -0.0699647199383  -0.166172549943   -0.09043876231 1776585331.05
-0.00567299869811 -0.00310359669024  -0.0122005399341 0.0138082729307 -0.00462005873278  -0.0797737720248     9.88795958276 -0.0482904871699  -0.146083651773 0.00935884236942 1776585331.06
-0.00612005563606 -0.00500348143241  -0.0110709058903 0.0136034872244  0.0540980105084 -0.0164615185478    9.77534144502 -8.00454392498e-05   -0.0738309952947     0.115995239006 1776585331.08
-0.00567591161419 -0.00579036430074 -0.00797938254775 0.0113760642241 0.0791873335619 0.0367457736057   9.71426041967   0.0408533309999 -0.00767184121511    0.167012400905 1776585331.1
-0.00421665631545 -0.00536092051997 -0.00328962385928 0.00757240281811 0.0925840582932 0.0834345776652   9.66964757271 0.0814099094617 0.0422784905336  0.215667466249 1776585331.12
-0.00178924867554 -0.00377190925828  0.00231698989247 0.00477463636703 0.102774792229 0.154977395804  9.60141617423 0.149881522383 0.110720773568 0.301974044781 1776585331.15
0.00136668682436 -0.0012363822733 0.00795942595372 0.00817000217346 0.0604304217332  0.208563210748   9.57130198901 0.206485194648 0.176768077185 0.324227504909 1776585331.16
  0.004837145998 0.00190082213105  0.0127218976884 0.0137425538738 -0.0239650392849   0.179973557737    9.62886697238 0.186362141348 0.178508497103 0.218039022819 1776585331.18
0.00809376587306  0.0052072052611  0.0158299394153 0.0185259551584 -0.0849212974121   0.110912268248    9.70857773867  0.124090083764  0.136419775354 0.0879883764981 1776585331.2
0.0105871832246 0.0082221877305 0.0167990682812 0.0214918941656 -0.136049965432 0.0584276884309   9.75762304514   0.0786013206798    0.111084639004 -0.00638806916488 1776585331.22
0.0118562174632 0.0105245532782 0.0155241582811 0.0221886368345   -0.211310505756 -0.00452502694358     9.80116428047 0.0278246775609 0.0954320678825 -0.120313796833 1776585331.25
0.0116295445524 0.0117972407305 0.0122919019811 0.0206279434181 -0.24097564771 -0.10250359231  9.85705105438 -0.0612554635942  0.0422811253452  -0.243971093525 1776585331.26
0.00989584879802   0.011877683079 0.00771631129263 0.0172785600883 -0.163078029141 -0.168748570332   9.88753728294  -0.131735945215 -0.0283841766913  -0.270937973069 1776585331.28
0.00692363943164  0.0107832939127 0.00261338642645 0.0130784555358 -0.055578961822 -0.172200042989   9.88231646269  -0.144342276171 -0.0685975986767  -0.213563884928 1776585331.3
 0.00322224028522  0.00870610001528 -0.00215773114514 0.00953072996294 0.0297784758135 -0.183643231564   9.87780201099 -0.156794240036 -0.100816503926 -0.177636564592 1776585331.32
-0.000551285098108   0.00597702196018    -0.005855163909 0.00838520430122  0.134998442947 -0.209026091302   9.87466719783 -0.175954510307 -0.144417075428 -0.147687630927 1776585331.35
-0.00372141820772   0.0030069971587 -0.00798589929497 0.0093094346197  0.256470233243 -0.198670894463   9.85601281826  -0.159158038323  -0.176951099571 -0.0777108648587 1776585331.36
-0.00573216022978 0.000216951272269 -0.00838478975417 0.0101592041015  0.301149625376 -0.110103724826    9.8192431957 -0.0774889001297  -0.153583619706  0.0231318802751 1776585331.38
-0.00626262604884 -0.00202969710346 -0.00722730141273 0.00977619767956     0.213217427034 -0.000713514747906      9.79216751785 0.00970894230347 -0.0817549291357   0.075413645055 1776585331.4
-0.00529314599488 -0.00347980338361 -0.00497477220023 0.00805448847264 0.161758459418 0.079243004289  9.77562762714   0.065718546268 -0.0414369153568   0.103324194283 1776585331.42
-0.00310576348833 -0.00402016485026 -0.00226401024077 0.00556176542467 0.122192320532 0.190352811519  9.75532555009    0.130718771611 -0.00517729285538    0.134212875408 1776585331.44
-0.000218577249357  -0.00368078850752  0.000235439419696 0.00369478169469 0.0373974861412  0.301226313933   9.74542802402  0.172150625014 0.0414845090011  0.124763627875 1776585331.46
 0.00273047492544 -0.00261375993602  0.00196571751994 0.00426043186658 -0.055012351245  0.342502409019   9.75546332625  0.154379826544 0.0759183906063 0.0682072987485 1776585331.48
 0.00512241564725 -0.00105428222088  0.00259516935506 0.00583828374146 -0.0934936470798   0.270627391792    9.78080556746  0.084539681411 0.0752056812642 0.0025199311772 1776585331.5
 0.00648546587686 0.000726643622749  0.00207764506225 0.00684878730865 -0.10772642739 0.222932299615  9.79909990682  0.0306101178454  0.0738093029666 -0.0408920733764 1776585331.52
 0.00658309991489  0.00246782403803 0.000643840433231 0.00705987892783 -0.124168059666  0.199863948316   9.81877672287 -0.0265832730655  0.0823291402741  -0.085461976997 1776585331.54
 0.00544357724028  0.00395340187406 -0.00127189968619 0.00684687142865 -0.107948766844  0.116985130411   9.84593497081 -0.0964608978177  0.0760370919554  -0.112445627614 1776585331.56
 0.00332848201489  0.00503333696753 -0.00315010675874 0.00680708793417 -0.0571690223817 -0.0147831737496    9.86821618821  -0.137960109719  0.0482317637594 -0.0935431899445 1776585331.58
0.000653675741091  0.00562798301213  -0.0045196693978 0.00724768212773 -0.010418938067 -0.111095325399   9.87107471539  -0.122161194476  0.0154117579968 -0.0431612129513 1776585331.6
-0.00211271447227  0.00571979393802 -0.00507255554699 0.00793160922588 0.00955249183512  -0.183227737638    9.87828007166   -0.108797674211 -0.00606639624979 -0.00443209581424 1776585331.62
-0.00454727508889  0.00533798574115 -0.00473154076886 0.00845927186902 0.0136321781979 -0.288597927843   9.90085363194  -0.106644718364 -0.0296880048935  0.0357482276423 1776585331.64
-0.00634028373709  0.00454291336722 -0.00365543793657 0.00861391236529 -0.00499611194756   -0.370673668084     9.91754070096 -0.0813318941328 -0.0562895122618  0.0746291286607 1776585331.66
-0.00732492445411  0.00341558457651 -0.00218280445745 0.0083717006371 -0.0405932505344  -0.361119438963    9.91017733903 -0.0331186179784 -0.0730613041757  0.0858610882936 1776585331.68
 -0.00746828811872   0.00205448008501 -0.000731050093138 0.00778014460551 -0.0620369641717  -0.245490081902    9.87475113359  0.0114447181363 -0.0665184248899  0.0586864439942 1776585331.7
-0.00683669825926 0.000577940426187 0.000320731138573 0.00686857530261 -0.072817452455 -0.156048727997   9.84534888039   0.039902112211 -0.0609891022812   0.030505915319 1776585331.72
 -0.00555329679349 -0.000872522906334  0.000732996794792 0.0056690110072 -0.0875727166389 -0.0931325013491    9.81593760726  0.0751851805957 -0.0663517132038 0.00349969952847 1776585331.74
-0.00376443928559 -0.00213336045377  0.00046373782149 0.00435169883237 -0.0819176307037 0.00142964482919    9.76573959328   0.116282291017 -0.0638082984188 -0.0315063364795 1776585331.76
 -0.00162446561985   -0.0030284146571 -0.000331508177075 0.00345254711147 -0.0351442565887   0.105047126136    9.71137133759   0.132273419964 -0.0371527511504 -0.0538859682827 1776585331.78
0.000701152273883 -0.00338764882095 -0.00135546913032 0.00371551821534 0.0202365642037  0.152958257686    9.6874078224    0.113941415425 -0.00109740485267  -0.0473466985512 1776585331.8
 0.00302275212959 -0.00307317344205 -0.00226259194555 0.00486834137607 0.0585830007477  0.162854553969   9.68054802325 0.0920553891583 0.0287602699473 -0.029319076755 1776585331.82
  0.0051163960646 -0.00200822275514 -0.00276169719339 0.00615121440954 0.100093096955 0.188333577656  9.65528221783  0.0858774177271  0.0665017175927 -0.0100886933299 1776585331.84
  0.00672874726987 -0.000203326528371  -0.00269796424064 0.00725233704006 0.147167503414 0.211601076983  9.62870708545 0.0726333859439  0.123680997084 0.0195643936381 1776585331.86
 0.00760332910254  0.00222655652463 -0.00209182153947 0.00819413721828 0.144028983482 0.159922137468  9.66944241107 0.0236150989102  0.155813451902 0.0465426044698 1776585331.88
 0.00752641132164  0.00505969565236 -0.00112586146849 0.00913865151558 0.0984030747271 0.0745825733574   9.74917222025 -0.0306060791642   0.144364221367  0.0502910580112 1776585331.9
  0.00638269185011   0.00798411683068 -8.61043568364e-05 0.0102221470729 0.0535367185813 0.0087838630941   9.81945084414 -0.0703030713717    0.11800596629  0.0391553300035 1776585331.92
 0.00420551080546   0.0106339339711 0.000723715699092 0.0114582126551  0.0245449981696 -0.0415884476005    9.88767886965 -0.117760882858  0.105940606151 0.0262929510605 1776585331.94
0.00120526656016  0.0126418568222 0.00106988043595 0.0127441694724 -0.00139421034633  -0.0963233707563     9.97956553584  -0.183173789952  0.0871581967743 0.00371408813614 1776585331.96
 -0.0022365510374   0.0136992114537 0.000854336927539 0.0139068489091 -0.018598292333 -0.123493121087   10.0429893311 -0.208544968023 0.0296466952341 -0.028405868992 1776585331.98
-0.00561267515201   0.0136110935387 0.000141209939089 0.01472358414 -0.0136657150762 -0.0941871454921    10.0133021581  -0.154860529217 -0.0344730153107 -0.0433348724519 1776585331.99
 -0.00837019330004    0.0123338206423 -0.000862050110916 0.0149307199395 0.00021314229413  -0.052708311012    9.95556705011 -0.0892150189668 -0.0735242766132 -0.0406506647415 1776585332.02
 -0.0100119713196  0.00998552609421 -0.00186332153641 0.0142626178604  0.0171631120972 -0.0208362770682    9.92684329401 -0.0413486725163  -0.124466610159 -0.0385747996203 1776585332.04
 -0.0101994091924  0.00682756645056 -0.00256855317897 0.0125395804134 0.0401884899305 0.0276128375157   9.88191165092 0.0347923063625  -0.19977900337 -0.026676836709 1776585332.06
-0.00883406254056  0.00322192038549 -0.00276647753385 0.00980177687393 0.0472000749243 0.0804723969286   9.79535033613    0.12750596573   -0.22545228411 0.00548565910973 1776585332.08
 -0.00609780856727 -0.000424762678832  -0.00239209098204 0.00656397683747  0.027924313481 0.0966815820587   9.73243458856  0.166495304763 -0.180656786523 0.0316503954209 1776585332.09
-0.00243815287719 -0.00371800196437 -0.00155062901362 0.0047087767411 0.000973172617691   0.0856845087817     9.71301412046  0.158858390423 -0.123256700949 0.0396661281728 1776585332.12
  0.00150373788113  -0.00632272963444 -0.000494023684935 0.00651783683799 -0.0291050208696  0.0786426329141    9.69845475775   0.159006603322 -0.0912902208271  0.0425948916455 1776585332.14
 0.00501152855083 -0.00799507630246 0.000445001146324 0.00944641146246 -0.0794356641226  0.0713368518911    9.67699338048   0.165431382394 -0.0634602102985  0.0400949728167 1776585332.16
 0.00743572303274 -0.00859826538685 0.000943688918083 0.0114066074473 -0.131066661851 0.0302020618063   9.69624345741     0.10657981393 -0.00357760932527   0.0107535924825 1776585332.18
 0.00832834977612 -0.00810641343196 0.000779658737463 0.0116483138896  -0.125715682164 -0.0227202542731    9.75877015826 0.00269914937841  0.0522565463921 -0.0274366769627 1776585332.19
  0.00753886373677  -0.00660142259327 -0.000104729595101 0.010021188302 -0.103046254831 -0.053227632559   9.80008550749 -0.0645244934029  0.0804237441286 -0.0494726333826 1776585332.22
 0.00524730546228 -0.00426617995661 -0.00158265931783 0.0069454529408 -0.0978363140633 -0.0825141156025     9.8217761599  -0.122153060633   0.113763938922 -0.0711293221256 1776585332.24
 0.00192500647521 -0.00137310894062 -0.00337366006197 0.0041197888667 -0.103139376082 -0.121901705577   9.83417170434  -0.193588923347   0.165618703633 -0.0974873760793 1776585332.26
-0.00176929974922  0.00173664829898 -0.00511607651562 0.00568512161969 -0.0896282649391  -0.133313339583    9.82577810179    -0.2169055639   0.186268426572 -0.0948382859501 1776585332.28
-0.00513384256285  0.00468870284551  -0.0064600223088 0.00949063549315 -0.0603250021002 -0.0957049932143    9.79963032345  -0.154245896871   0.143226422038 -0.0541398788183 1776585332.29
-0.00757417377105  0.00712681655236  -0.0071535710777 0.012622725603 -0.0415458539677 -0.0514493692726    9.77623270454 -0.0777597328872   0.088491112082 -0.0138017493725 1776585332.32
-0.00872367543098  0.00877395739687 -0.00709718979506 0.0142637633328 -0.0392636289495 -0.0197210256885    9.75214222498 -0.0202198771087  0.0512306775565  0.0173961782295 1776585332.34
-0.00850646237344  0.00948893658515 -0.00635147625777 0.0142387172976 -0.0480412217047  0.0141937438129     9.7154588733 0.0441513582518 0.0145895903499 0.0553848449857 1776585332.36
-0.00713005744881   0.0093005603023 -0.00509810554479 0.012780016483 -0.0454827923931  0.0538646251104    9.69221269824   0.115459144256 -0.0358547616385  0.0919638507039 1776585332.38
-0.00501298906315  0.00840407099361 -0.00356890533178 0.0104161199052 -0.0116788937625  0.0609507565436    9.72901551816   0.120332437652 -0.0589512500264  0.0844060521376 1776585332.39
-0.00266809601296  0.00711463097729 -0.00196830482821 0.00784926328862 0.0264362130979 0.0486995142672   9.77378706544  0.0926368829607 -0.0545984011503  0.0657618675029 1776585332.41
 -0.00057210794914   0.00578670088385 -0.000416374438232 0.0058298012228 0.0709646966329 0.0370243655854   9.81201960311  0.0699439574735 -0.0463252580157  0.0587602626847 1776585332.44
0.000945930153863   0.0047209904013   0.0010678563297 0.00493182028931  0.178873633668 0.0324749782674   9.87314512054  0.0650798851133 -0.0472233646388  0.0820692826555 1776585332.47
0.00177067568633 0.00408672667992 0.00253800343206 0.00512621583272   0.33990215084 0.0131553946651    9.9770515042     0.0398973816 -0.0315150881646   0.112544444976 1776585332.48
0.00200636830955 0.00388334640991  0.0040591910709 0.00596514251992     0.29406571565 -0.00766713806412     9.97968099031  0.00416101181774 -0.00362893990456   0.0844464954161 1776585332.49
0.00192349795802 0.00395344591448 0.00563948591553 0.00715076082559   0.234223609567 -0.0106085714023     9.9630394338 -0.00302417058436  0.00334113067154    0.065580695495 1776585332.51
0.00186232468491 0.00404248709292  0.0071828512025 0.00845004772328     0.20602276979 -0.00414161383303     9.96469110515  0.00415051829051 -0.00141775738649   0.0600162415188 1776585332.54
0.00212029287869  0.0038862235984 0.00848512847437 0.00957056847709  0.182251358537 0.0176546132763   9.98029663982  0.0270854827444 -0.0203063090542  0.0572239652702 1776585332.56
0.00285430863763 0.00329878490711 0.00927863276174 0.0102529062021 0.0653023460471 0.0534462283283   9.92438685244    0.05362440322 -0.0465005156123  0.0232998079322 1776585332.58
0.00402456274983 0.00223493191857 0.00931253390146 0.0103882295736 -0.0670546900162    0.08839627671    9.83886506121  0.0675124583547 -0.0661701319899 -0.0222226242105 1776585332.6
 0.00539509765799 0.000808513497453  0.00844229823959 0.0100515258733 -0.151130848069  0.101382549758   9.76120707035  0.0560951215094 -0.0649709732862 -0.0571690112478 1776585332.61
 0.00659069511634 -0.00073723594464  0.00669727528045 0.00942519363922 -0.207845064284  0.115155474353   9.69894034737  0.0375060992231 -0.0605782291712  -0.086303020437 1776585332.64
 0.00719425841594 -0.00209741313763  0.00430235804643 0.00864099420118 -0.296839525874  0.153092487119   9.60571408372 0.00715737238022 -0.0603043430369  -0.135249759843 1776585332.66
 0.00685808055994 -0.00299008834037  0.00164460858782 0.0076601980821 -0.314166674923  0.156967446797   9.53978502405 -0.0558317659136 -0.0353122507822  -0.158918582766 1776585332.68
  0.00539926545926  -0.00323270306445 -0.000806879178695 0.00634456386299 -0.197455945759  0.093179714857   9.58753846166  -0.108030602804 0.00543246715033  -0.114697673623 1776585332.69
 0.00285474732664 -0.00278877523355 -0.00260578895401 0.00476623390897 -0.0727157643872  0.0216278194868    9.67740645359  -0.124275383024  0.0306554255346 -0.0550937798699 1776585332.72
-0.000517076240344  -0.00177329921474  -0.00342971259351 0.00389549565747  0.0112847338613 -0.0431867748893    9.74116832414   -0.15507605851   0.051487212846 -0.0118506755329 1776585332.74
 -0.00428677510033 -0.000417699460959  -0.00315153319013 0.00533695372371  0.101988985349 -0.144470676909    9.8289830535 -0.204509360134 0.0762085508322 0.0431208160522 1776585332.76
-0.00794207103356 0.000993557484425 -0.00186415180716 0.00821819388534  0.167672794556 -0.256657955415   9.95343368568 -0.207239611086 0.0807818517419  0.101917533396 1776585332.78
  -0.010991039052  0.00219561781821 0.000145529768073 0.0112091416245  0.145274546166 -0.285675890652   10.0244242014 -0.136433141207 0.0536677957576   0.11549796873 1776585332.79
-0.0130554708645 0.00300498150741  0.0024646152985 0.0136216578258 0.0856546489815 -0.258701337044    10.031451159 -0.0631590621039  0.0248793048303   0.096587822946 1776585332.82
-0.0139337910682 0.00335481211294 0.00464581842416 0.0150661516876 0.0358974444656 -0.260228493413   10.0495359656 -0.0122241755018 0.00630134235763  0.0827586388021 1776585332.84
-0.0136219943942 0.00329701418589 0.00630002457886 0.0153661753052 -0.0204153655807  -0.287027596813    10.0867403306  0.0443723820127 -0.0102898275745  0.0682031192378 1776585332.86
-0.0122922694581 0.00297414797997 0.00716893954188 0.0145375079981 -0.0785580054882  -0.241971358697    10.0523745163    0.10463484458 -0.0224211673069  0.0267130080516 1776585332.88
 -0.010239146085 0.00257213703604  0.0071636570952 0.0127582908126 -0.087339490036 -0.107371331926   9.92479346554   0.121328390292 -0.0191008633637 -0.0217796270019 1776585332.89
-0.00780951904551  0.00226842359906  0.00636424221016 0.0103265634292 -0.0589772057647  0.0106811866445    9.80961436633    0.105734839388 -0.00825424571951  -0.0469766810352 1776585332.91
-0.00533442861908  0.00218924769339   0.0049845518041 0.00762198732896 -0.0292812944122   0.107355685501    9.71766962123   0.101312204681 0.00249965464627 -0.0653141845296 1776585332.94
-0.00307727282112  0.00238518131151   0.0033134468582 0.00511249723584 0.00778147827734   0.230178989501    9.60560413752   0.105309061031   0.016293575466 -0.0851432389096 1776585332.96
 -0.001206733146 0.00282789091205 0.00164727618537 0.00348807837168 0.0493663755637  0.364735167331   9.48876850233   0.099662071999  0.0315846538008 -0.0936676452948 1776585332.98
0.000204731543081   0.0034253058999 0.000228846924882 0.00343904149839 0.0599154151645  0.395944912022   9.47066898229  0.0689561432722  0.0355255653001 -0.0710760917164 1776585332.99
  0.00116238151855   0.00404843680868 -0.000794673192785 0.00428631273613 0.0288484564456   0.28940915219   9.57308013901  0.0322572776393  0.0241901374601 -0.0344085136834 1776585333.01
 0.00172017535552  0.00456175623975 -0.00138766175076 0.00506894746265 -0.007843605605  0.260767439002   9.61148796208  0.0171655175063  0.0174395512501 -0.0178423588255 1776585333.04
  0.0019515083725  0.00485016144106 -0.00161491554679 0.00547178244776 -0.0716894257421   0.245896418852    9.64560288717  0.00568868709239  0.00757275897407 -0.00605865015466 1776585333.06
 0.00192779331614  0.00483813649217 -0.00160878211981 0.00545088357017 -0.138939220593  0.145225920007   9.74317375854 -0.00715657382294  -0.0103338644995  0.00267205624718 1776585333.08
 0.00170873997038  0.00449961160613 -0.00152427289549 0.00504873298485   -0.16506108948 0.00957253283188     9.8515708505 -0.0162984578994 -0.0273009437972 0.00320718352724 1776585333.09
 0.00134342675753  0.00385928569092 -0.00149379143711 0.00435089581059  -0.123238964082 -0.0913619096374    9.91245891827  -0.0180435881929  -0.0328261110084 -0.00147809525557 1776585333.11
0.000877577626402   0.0029875050851 -0.00159236007993 0.00349727604687 -0.0784638624997  -0.169187857671    9.95473455096  -0.0203546451573  -0.0387064287729 -0.00678365424218 1776585333.14
0.000361053885995  0.00199120372308 -0.00182118981944 0.00272249601172 -0.0127530940169  -0.291252705641     10.021819601 -0.0270890468889 -0.0523528506449  -0.013729146041 1776585333.16
-0.000149270845697   0.00100299655236  -0.00211278269551 0.00234353036845  0.110541124489 -0.384602031723   10.0501449018 -0.0293921027382 -0.0561177329189 -0.0164557355643 1776585333.18
-0.000593125135157  0.000169409483214  -0.00235540534642 0.00243483702635  0.215008237135 -0.353051624567   9.99373300737  -0.0219244293657  -0.0390604366977 -0.00907330270268 1776585333.19
-0.000915530045111  -0.00036216641054  -0.00242989478764 0.00262178344862  0.231590550172 -0.238628936188   9.90405158068 -0.0108501018621 -0.0140927424826 0.00239515784398 1776585333.21
 -0.00107702685149 -0.000459110171429  -0.00224858413807 0.00253513305653  0.234453984141 -0.158935917111   9.84124935611 -0.00304497242029  0.00707040491962   0.0134200231177 1776585333.24
-0.00106172313845 -2.2707057979e-05 -0.00178558199217 0.0020775164702   0.255105700111 -0.0950374673649    9.77802640785 0.00504320640344   0.037274997764  0.0297981530161 1776585333.26
-0.000880932004117  0.000990252478571  -0.00108994342415 0.00171598887964 0.187042176233 0.019395401217  9.70430144453 0.0141967938123   0.07454233167 0.0437308319692 1776585333.28
-0.000572260342521   0.00254728857319 -0.000277874296553 0.00262552377621 0.0410722544244  0.136661927311   9.66054939165 0.0190216323019 0.0981626285605 0.0439588455422 1776585333.3
-0.000195450045149    0.0045277360055  0.000494200096131 0.00455881868368 -0.0906212139684   0.195149246356    9.66721230905   0.01700949102 0.0952733424534 0.0307095299717 1776585333.31
 0.0001735562398 0.00672474682704 0.00106864904511 0.00681133998841 -0.182948215174  0.232841750036   9.68044408054 0.0135039583763 0.0908089589843 0.0174388214115 1776585333.34
0.000449740608371  0.00886639656412  0.00132739020747 0.00897648146046 -0.291910429824  0.305860412179   9.68030882233 0.00929513853947  0.0976231312472 0.00384783826564 1776585333.36
0.000547834632032   0.0106556434407  0.00122358624304 0.0107396472574 -0.375415937813   0.36595011679   9.70251027573 -0.0017106556821  0.0902794207296 -0.0162312448111 1776585333.38
0.000393724162101   0.0118226503407 0.000795888361496 0.0118559486368 -0.295049195392  0.295442413184    9.7714202481 -0.0176988262944   0.044204434378 -0.0308546987019 1776585333.39
-6.15279958374e-05    0.0121775822318  0.000161272846071 0.0121788055095 -0.127099483906  0.158079235144   9.83361875662   -0.02708812051 -0.0038351630824 -0.0290303395631 1776585333.41
-0.000826877280245    0.0116498363727 -0.000512230240875 0.0116903718233 0.00246357156474  0.0675775772524     9.8800470385 -0.0373652943532 -0.0389725700047  -0.025103231965 1776585333.44
-0.00185960022691   0.0103021655621  -0.0010467311343 0.0105208542591   0.158505965196 -0.0232140151553    9.94703377044 -0.0573033736579 -0.0855145468134 -0.0201953673644 1776585333.46
-0.00306162884712  0.00831488844064 -0.00129982137174 0.00895547187904  0.333404660488 -0.141843024547   10.0122779162  -0.0722024231952    -0.12958072654 -0.00463841666634 1776585333.48
-0.00428789779923  0.00594413227526 -0.00120272944339 0.00742733694916 0.417713363348 -0.23009500423  10.0348844999 -0.0678854157062  -0.142747654056  0.0152726893916 1776585333.5
 -0.00536767202959   0.00346580191705 -0.000781013600096 0.0064368989575  0.359335333282 -0.238634885011   10.0030214984 -0.0456742986574  -0.119215331765  0.0259878838271 1776585333.51
-0.00613571070024  0.00112112164326  -0.0001513559485 0.00623913200367  0.257551078232 -0.212300669218     9.963755929 -0.0231024672099 -0.0922340795698  0.0270576167927 1776585333.54
  -0.0064665129579 -0.000921200592052   0.00050594923743 0.00655136512464  0.181881965017 -0.212217054888   9.95279314522 -0.00386918035686  -0.0854296012489   0.0264257628783 1776585333.56
-0.00630319052558 -0.00257675061291 0.000992499272258 0.00688149034209 0.0664252765574 -0.201820437526   9.93568689694  0.0223455818366 -0.0819586003338  0.0179619538638 1776585333.58
-0.00567330229818 -0.00383052002333  0.00114355238325 0.00694024168664 -0.0923026913985  -0.128935676464    9.87503446396   0.0470709652247  -0.0619509671114 -0.00350949842746 1776585333.6
-0.00468693517791  -0.0047039341412 0.000871995144631 0.00669736763953 -0.180305947609  -0.03382203869   9.80103833859  0.0506755984108 -0.0326127669411 -0.0223565875937 1776585333.61
-0.00351653165211 -0.00521853043923 0.000192048436959 0.00629570785596 -0.216857320137 0.0280490950005   9.74357853941  0.0482954198962 -0.0138706282498 -0.0344150547808 1776585333.64
 -0.00236239430695    -0.005371551119 -0.000784460096597 0.00592029103412 -0.266734377801  0.085246323287   9.66793057136  0.0501498567987 0.00203228081308 -0.0493332331113 1776585333.66
-0.00141141860173 -0.00513322250148 -0.00187878564851 0.00564552134281 -0.294523647499  0.145347282668   9.56692380339  0.0453472602169  0.0262518136196 -0.0611851790494 1776585333.68
-0.000798513745159  -0.00446621084408  -0.00289453933242 0.00538173033995 -0.223473348456  0.157410683738   9.52290611824  0.0235322831245  0.0502160389858 -0.0507225611447 1776585333.7
-0.000579763609662  -0.00335853624247   -0.0036713729195 0.00500947808151  -0.1231916616 0.125238652018  9.54889487509 0.00178029739464  0.0620483354432 -0.0292984606277 1776585333.72
-0.00072361466823 -0.00185576886754 -0.00412715791799 0.00458267702962 -0.0605648325083  0.0941941619007    9.57324054628 -0.0119697472062  0.0724189418705  -0.013344612118 1776585333.74
 -0.00112189906456 -7.85274571803e-05  -0.00427577894716 0.004421211336 -0.0261244378348   0.066504556789    9.58472527514  -0.0216092289487   0.0879744334236 -0.00211589997224 1776585333.76
-0.00161748359241  0.00178330647133 -0.00421468243061 0.00485386270235 -0.00992551687497   0.0268985426997     9.61444047165 -0.0261266405035   0.101706936275 0.00541344211555 1776585333.78
-0.00204116125894  0.00350001688003 -0.00408530774297 0.00575379846712 -0.0100620206057 -0.0270358825475    9.70212715247 -0.0185541992595  0.0901300502762 0.00578657765161 1776585333.8
-0.00224829833888  0.00484759202846 -0.00401794753177 0.00668564852973 -0.0152797415763 -0.0683223862634     9.8086120896 -0.00273884569856   0.0561263232834 0.000188676533523 1776585333.81
-0.00214641699104  0.00565699025393 -0.00407805677345 0.0072965191482 -0.0108160818684 -0.0823766785695    9.88306726591   0.0112108394722   0.0208916135373 -0.00443858717329 1776585333.83
-0.00170815626214  0.00585415710778 -0.00423180017854 0.00742274113852 0.00678693180164   -0.10426711601    9.95441746951   0.0257416357496 -0.00384831120464 -0.00581303506408 1776585333.86
-0.000968751934073   0.00548093222568   -0.0043439997903 0.00706041305806 0.0611554618106 -0.143474456591   10.0686564961   0.0497668767494  -0.0340878703658 0.000568114585685 1776585333.88
-1.15420111155e-05   0.00469205953551  -0.00421243245114 0.00630556445199  0.118641826717 -0.109386780818   10.0638598694 0.0519448550694 -0.045030018182  0.018320906982 1776585333.9
 0.00105252927278    0.003728721552 -0.00363109559746 0.00530999411679   0.186382590235 -0.0726392417811    10.0540822092  0.0534583222226 -0.0459263730081  0.0441214687218 1776585333.92
 0.00210547843403  0.00287331426654 -0.00246516378519 0.00433197493048   0.206073707026 -0.0185343172206    9.98590252815  0.0424580016184 -0.0285416138519  0.0623220637034 1776585333.94
  0.00303897230304   0.00239337161212 -0.000715291170595 0.00393385584269  0.237555567986 0.0345130996247   9.93901471885   0.0370472926363 -0.00867109189182   0.0873469606631 1776585333.97
0.00376581703451 0.00248470426155 0.00144944157738 0.0047387777001  0.31956053575 0.131291483809  9.89664464307 0.0385616527063 0.0269857846571  0.143408145344 1776585333.98
0.00422693264905 0.00322471673944 0.00370265199336 0.00647884167527 0.211286966158 0.187001912813   9.7897560377 0.0188439048903 0.0617110962657  0.124757194199 1776585334
0.00439525398496 0.00454602034591 0.00561666638143 0.00845762968083 0.0658039811483  0.199098221202   9.71266285483 0.00129912685454  0.0772383636706  0.0781743540372 1776585334.01
0.00427760731359 0.00623753119607 0.00675197635483 0.0101387328817 -0.0606413579687    0.17247377286     9.6792903079 -0.0100121015757    0.07144403321  0.0238105809316 1776585334.04
0.00391466497419 0.00797539199045 0.00675959361297 0.0111634934082 -0.187847947505  0.170543706616   9.63493611017 -0.0202167688905    0.07064062834 -0.0287697289204 1776585334.06
 0.0033782576662 0.00938000290027 0.00547214545306 0.0113728384816 -0.365079750951  0.163572311946   9.57476086654 -0.0331440895157  0.0609499980073  -0.109489730401 1776585334.08
0.00276508146511  0.0100894072979 0.00296200585835 0.0108726856773 -0.462111726791 0.0848564095009   9.58096629241 -0.0370196658249  0.0141250602071  -0.183859418443 1776585334.1
   0.0021862649282   0.00983481438534 -0.000447926668461 0.0100848384534  -0.402761410725 -0.0235270331211    9.65425912346 -0.0282258014297 -0.0442591478412  -0.200471112937 1776585334.11
 0.00175313129073  0.00850263030285 -0.00422527554445 0.00965510977752  -0.228760877649 -0.0912781138783    9.74783797873 -0.0126600919503 -0.0741454981134  -0.147019384793 1776585334.13
 0.00156045680267  0.00616968656691 -0.00771532456534 0.0100013144594  -0.12634066482 -0.161036377951   9.80533747432 -0.00175865821699   -0.113338081076   -0.126679554692 1776585334.16
0.00166935746863 0.00310376192169 -0.0102596660677 0.0108480800258 0.0119458238782 -0.281195566036   9.88340163451  0.015318228568 -0.185430830868 -0.103919071722 1776585334.18
   0.0020925714477 -0.000271688838067   -0.0113251975814 0.0115201028792  0.198512591538 -0.308484242456   9.95351307884  0.0330682556733  -0.194006045079 -0.0106390942757 1776585334.2
  0.0027852868444 -0.00344321312651  -0.0106186955234 0.0115052263801  0.294556742331 -0.241168559324   9.97158797322 0.0396178677665  -0.14349435798 0.0807358704309 1776585334.21
 0.00364455551922 -0.00589291407034 -0.00816246339168 0.0107067749483   0.28887473682 -0.145393190857    9.9510663433  0.0359719792556 -0.0777188456032    0.13083501007 1776585334.24
 0.00451935534722 -0.00718973486441 -0.00431165113149 0.00952403253117   0.289526547546 -0.0753950373945    9.94410565219  0.0343608263933 -0.0254978442855   0.183165360553 1776585334.26
 0.00523131424346 -0.00707038653291 0.000295983751283 0.00880026254266 0.279744034172 0.015629780132  9.93870355765 0.0302442868744 0.0473096079164  0.255713808891 1776585334.28
 0.00560330442097 -0.00549416816471  0.00485307963049 0.00922687846219 0.144363300534 0.138174895407  9.88194545816 0.00802083856432   0.136536682063   0.255140121225 1776585334.3
 0.00549043892493 -0.00265937339948  0.00853865091282 0.010494081469 -0.0393944524502   0.200504106557    9.80265653187 -0.0209752333724   0.171605893337   0.153538415939 1776585334.31
0.00480656336909 0.00102425561344  0.0106852130255 0.0117612043764 -0.148475974013  0.200743296486   9.75256728205 -0.0410112298283   0.161119631668  0.0500679187152 1776585334.34
0.00353993601703 0.00500351092277  0.0109198918913 0.0125223922426 -0.235779842978  0.218754797499   9.71003073334 -0.0667346475263   0.167342147039 -0.0314690172179 1776585334.36
0.00175452575861 0.00867746943133 0.00924601123646 0.0128009984046 -0.339450071264  0.257325741364   9.65446254227 -0.113569320973  0.186248095341 -0.139747899832 1776585334.38
-0.00042249037406   0.0115016951326  0.00604409654757 0.0129999458505 -0.327412164973  0.217987550094   9.64420034565 -0.149237785657  0.143539843481  -0.23661060923 1776585334.4
-0.0028222660927  0.0130795180351 0.00198968869396 0.0135276693864 -0.167370583156    0.1008826017   9.70818883655 -0.138751386388 0.0493776310206  -0.23356132927 1776585334.41
-0.00525752978266   0.0132223467103 -0.00209476433695 0.0143826322198  -0.00438478371309 -0.000905607272815      9.78902696595 -0.0948886549219 -0.0223374315869  -0.149024897716 1776585334.43
-0.00754049662739   0.0119688146337 -0.00542040499334 0.0151490066808   0.117197812949 -0.0744919072259    9.85281017066 -0.0902759076205 -0.0780303115164  -0.113171439433 1776585334.46
-0.00949170967299  0.00956251780831 -0.00740280549252 0.0153732178971  0.281862796554 -0.179716892394   9.95234813974 -0.0957518994121  -0.156884033555 -0.0665148702135 1776585334.48
 -0.0109411092049  0.00639710461016 -0.00778266940408 0.0148728195404  0.361503287366 -0.245477401121   10.0305999035 -0.0655883764923  -0.194212827767  0.0215698010164 1776585334.5
 -0.0117271979777  0.00294304453715 -0.00666762891879 0.0138074602644  0.324565552867 -0.250836156801   10.0514957006 -0.0206747118645   -0.18271042673  0.0895642998413 1776585334.51
  -0.0117021387916 -0.000328408250436  -0.00448583593259 0.0125367710472  0.182699274795 -0.180665150818   9.98897960282 0.0198392109373 -0.120748599898 0.0974056526347 1776585334.53
 -0.0107489318324 -0.00301103638568  -0.0018645824353 0.0113173558445 0.0864475385572 -0.154462880675   9.95960609151 0.0598858496916 -0.092875044996  0.103995879373 1776585334.56
 -0.0088118779361  -0.0048108211808 0.000533299987356 0.0100537357271 -0.0412750557074  -0.136233926377    9.92397508349   0.129643115672 -0.0689419309902   0.108702258509 1776585334.58
-0.00593495863201 -0.00557102274864  0.00217180435296 0.00842477077297 -0.216921530685 -0.062855101587   9.81835573523   0.203060144668 -0.0144999010773  0.0694294156008 1776585334.6
-0.00229680182616 -0.00527604274981  0.00276090564404 0.00638236051173  -0.30231956788 0.0350529913102   9.69905576494   0.209922598972  0.0417609322663 0.00359524761309 1776585334.61
 0.00177220587925 -0.00403779870941  0.00230380140782 0.00497514150782 -0.283738903953 0.0943507552709   9.63694693188    0.17315339327  0.0685403048211 -0.0362634174834 1776585334.64
 0.00580374568483 -0.00206955637877  0.00106441254802 0.00625295943145 -0.283477870039  0.148194827734   9.57187773621   0.159945406393  0.0938940515236 -0.0606792404774 1776585334.66
  0.00924321997205  0.000347971397917 -0.000530512318164 0.00926496858414 -0.299940800855  0.225854540648   9.47195563788   0.153608174039   0.133276404199 -0.0827373641776 1776585334.68
  0.0115362772958  0.00290421018572 -0.00202327831559 0.0120670537328 -0.239830304593  0.271372043846   9.42604212625  0.0935972842311   0.154743955603 -0.0788562130987 1776585334.7
   0.012236375388  0.00529654135496 -0.00305226178194 0.0136783966512 -0.0957206470113   0.213495691686    9.52563729153 -0.0119492208616   0.122496196089 -0.0397681299877 1776585334.71
  0.0111108942135  0.00726498065509 -0.00343899319009 0.01371344553 0.0179496422038  0.117032190619   9.66803562418  -0.0880229578329   0.0728351594046 -0.00353727324951 1776585334.73
 0.00821972185232  0.00862014701136 -0.00321367422995 0.0123368741537 0.0915820926021 0.0474030103158   9.76915646766 -0.150888649966 0.0420193083735 0.0181573167364 1776585334.76
  0.0039432314984  0.00926102363122 -0.00257646627235 0.010390082377   0.176264780482 -0.0302259627079     9.8814311122 -0.242379070299 0.0146287153365 0.0366634258023 1776585334.78
-0.00105410178579  0.00917986582667 -0.00181087099104 0.00941596096618  0.243420017529 -0.134062815313   10.0205760296  -0.307082597822 -0.0251305597805  0.0434850217806 1776585334.8
-0.00592450471047  0.00845348280522 -0.00117912651096 0.0103899695347 0.212966558177 -0.18540880238  10.0747591648  -0.242892496289 -0.0544287368481  0.0271715534031 1776585334.81
  -0.0097873477994   0.00722287021599 -0.000833912607937 0.0121925157921  0.136049220884 -0.163678040906   10.0315446001  -0.124799879692 -0.0581951486588 0.00844751528009 1776585334.83
  -0.0119020273295   0.00566611779909 -0.000774517037091 0.013204659106 0.0995764824133 -0.159674464147   10.0184497467   -0.0425817485906   -0.0678128393825 -0.000558563166287 1776585334.86
  -0.0118290119154   0.00397145275765 -0.000860693996933 0.0125075478835 0.0770538835694 -0.168832255529   10.0267541606   0.0642374959614  -0.0912592418799 -0.00282533744947 1776585334.88
 -0.00954454119688   0.00231694619795 -0.000878205603361 0.0098609204147 0.0305784346679 -0.112825616705   9.96058627203   0.189708430224 -0.0929743945919 0.00681774526581 1776585334.9
 -0.00548102462755  0.000860361309208 -0.000632559905958 0.0055840831463 -0.0103605844428  -0.023533915856    9.86167358479    0.24305127362 -0.0691353368717  0.0225329861877 1776585334.92
-0.000477369185859 -0.000262188575216  -3.7599180515e-05 0.000545928463223 -0.0270491117124  0.0417873967158    9.79457983556   0.211900194278 -0.0386477310394  0.0315576787256 1776585334.94
  0.00436055615576 -0.000934609990427  0.000833118054223 0.00453674239009 -0.0322137599193  0.0870234659623    9.76003674145   0.174498447018 -0.0167611335399  0.0374041203359 1776585334.96
 0.00787157246233 -0.00106413110407  0.00175201455773 0.00813410001456 -0.0349565888566   0.147927108672    9.73194960404   0.129311218988 0.00926293640292  0.0428838348815 1776585334.98
 0.00908876767255 -0.00059591453212  0.00240114783197 0.00941946510404 -0.0176784459787   0.171687809345    9.74233759545 -0.0122196744261  0.0476044940303  0.0225977995862 1776585335
 0.00748046925331 0.000459499536944  0.00247528030333 0.00789275444026 0.0120721148424  0.119870841081   9.79225497306  -0.160055452114   0.069501236936 -0.0163547844773 1776585335.02
0.00313089298639 0.00199118671766 0.00179236034521 0.00412066390815 0.0341035904841 0.0548455118052    9.8343552747  -0.229658182075  0.0709959612894 -0.0451936233347 1776585335.04
-0.00318685648938  0.00375717018228 0.000376094908551 0.00494103526022 0.0548457803355 0.0026653428141   9.86424641913  -0.275490375354  0.0705579130751 -0.0690235534711 1776585335.06
 -0.0100776963274   0.0053741379204 -0.00151702485421 0.0115214012196  0.0894426234346 -0.0626327514933    9.89465344933 -0.333120623939 0.0686275851811 -0.101217141922 1776585335.08
 -0.0157388912605  0.00634306782279 -0.00343778208837 0.0173137388568   0.11120230147 -0.138508635256   9.88728301234 -0.253138949619 0.0229600252532 -0.102430786085 1776585335.1
 -0.0182982616583  0.00611975366969 -0.00484341524248 0.0198931253428 0.0890476950288 -0.164799908128   9.82203204735   -0.01334817533 -0.0585643493824  -0.049627755994 1776585335.12
 -0.0162211760997  0.00422707090717 -0.00523088966524 0.0175600936558 0.0470588444032 -0.142612702506   9.74772680357  0.209520104624 -0.125143558321 0.0125387791659 1776585335.14
-0.00870639316014  0.00039065880804 -0.00426938765165 0.00970471880496 0.0112283972307 -0.132609163873   9.66268965008  0.434808804815 -0.205384209243 0.0716177653054 1776585335.16
 0.00402001852199 -0.00533396305873 -0.00189694354946 0.00694334974338 -0.0381085313538  -0.132904508083    9.52095111425  0.780321264667 -0.342807019842  0.157501354862 1776585335.18
  0.020594834939 -0.0124818171031 0.00164482144877 0.0241381114  -0.100374979582 -0.0966666019957    9.38961503204   1.04092113825 -0.446371591601  0.232850579984 1776585335.2
    0.0386441451 -0.0201816070545 0.00584835785608 0.0439871629391  -0.132335618585 -0.0326395120632    9.38277466082  0.957280557296 -0.409415898959  0.232642809889 1776585335.22
 0.0551502952721 -0.0272607183859  0.0100426514555 0.0623342336423 -0.116439556445 0.0161453082916   9.49416211162  0.615609480336 -0.266190862076  0.166878241821 1776585335.24
 0.0670059218196 -0.0324453002499  0.0135366141047 0.0756685601067 -0.0954180803918  0.0428604805601    9.59229256161  0.323153569557 -0.144135800556  0.112163605981 1776585335.26
 0.0716481926593 -0.0346192558474  0.0157689185817 0.081120990995 -0.0895002319334  0.0778206346296    9.66593033391  0.0169659817087 -0.0172455016271  0.0782511165874 1776585335.29
 0.0676327398785 -0.0330824453347   0.016427647105 0.0770616849167 -0.0329420551417  0.0923221760336    9.88344881521 -0.574753601342  0.237584257792 -0.008929433618 1776585335.3
 0.0550064861065 -0.0277401210485  0.0155103712431 0.0635279422433 0.0426201488986 0.0420910847362   10.0690511109  -0.825087037203    0.35592887718 -0.0797362798963 1776585335.32
 0.0353772043975 -0.0191679417624  0.0133104772922 0.042380719533  0.0834274432348 0.00133566277202    10.1804441356 -0.926323551923  0.410458379559 -0.110571949254 1776585335.34
  0.0116484543479 -0.00852797058606   0.0103348771326 0.0177545052412   0.116998462974 -0.0371376204924    10.3199434306  -1.08893529521  0.495916270569 -0.139436626216 1776585335.36
-0.0125275430568 0.00264854614513 0.00717634205556 0.0146783519858   0.136988159247 -0.0801845358294    10.4800403804  -1.24080620788  0.585625098311 -0.163951721642 1776585335.38
-0.0334548659816  0.0127595086629 0.00437523011212 0.0360718138953  0.0977458840622 -0.0966633762269    10.4734171805  -1.04617660414   0.52328388098 -0.143231000437 1776585335.4
-0.0480949695105  0.0204389085729 0.00230684100407 0.0523086665026  0.0130766186421 -0.0654393511894    10.2729700005  -0.572113379333   0.325666609284 -0.0879928552178 1776585335.42
-0.0546088413334  0.0248010788735 0.00112168150157 0.0599873089449  -0.0614379197548 -0.00542306481074     9.99646254089 -0.0961966797922   0.108841892902 -0.0330230276834 1776585335.44
 -0.0526313210703   0.0255715710692 0.000749572463567 0.0585194246676 -0.124262900761 0.0611752720564   9.78644735018    0.236174581732  -0.0356248102436 -0.00335750850466 1776585335.46
 -0.0432381466158   0.0230859119039 0.000960033266868 0.0490246704739 -0.210755115038  0.175863551544    9.5167229369  0.636473384603 -0.196340065945 0.0187482012032 1776585335.48
-0.0286384385055  0.0181702181471  0.0014563159043 0.033947574929 -0.242231131558  0.297657045622   9.23729647589  0.934865790344 -0.330135523232  0.030006572455 1776585335.5
-0.0116816920214   0.011942166185 0.00197290704083 0.0168217009802 -0.175368183527  0.336860954065   9.14264071411  0.905141814832 -0.341738804742 0.0242035079501 1776585335.52
0.00470263551011 0.00558220310214 0.00234785680626 0.00766734659431 -0.0676482179495   0.290346720474     9.2332623279  0.660475966126 -0.262859441291   0.01285492968 1776585335.54
  0.0180159989136 0.000122934529109  0.00255091706422 0.0181961124316 0.0300344809249  0.249212634695   9.31326432626   0.468742768438  -0.199204383428 0.00675898490506 1776585335.56
 0.0265614076841 -0.0037072484406 0.00266304697263 0.0269507678617 0.155498514671 0.214133777656  9.36884080487   0.305710309467  -0.149844063783 0.00703291229046 1776585335.58
  0.0296243497717 -0.00556690455228  0.00281796894599 0.0302743038676  0.279118916348 0.0891616292719   9.58005159555  0.0265425448967 -0.0532432934809  0.0137394532181 1776585335.6
 0.0274589856709 -0.0055077543213 0.00312766823663 0.0281800205879   0.309707406146 -0.0822137987368    9.87288377684 -0.236587703501 0.0459290897389 0.0222317178889 1776585335.62
  0.0211122659083 -0.00391444223981  0.00361783404591 0.0217747411698  0.240459390565 -0.201521924929   10.0772637565 -0.349733323311 0.0938889433381 0.0243786742905 1776585335.64
  0.0121429604077 -0.00139603452723  0.00419529424317 0.0129228825596  0.159658265004 -0.285496650879   10.2088416208 -0.394555967284  0.110394020719 0.0218380309975 1776585335.66
0.00230128744274 0.00134873895285  0.0046589911057 0.00536853972511 0.0744995741979 -0.423632301768   10.4014034966 -0.485321981838  0.129981740691  0.014293619812 1776585335.68
-0.00677061266318  0.00366950802481  0.00475233355496 0.00904937341459 -0.0802549626541  -0.511018339242     10.507315415  -0.482435337117   0.112089292215 -0.0125155669152 1776585335.7
-0.0137725137459 0.00508333478325 0.00424199691212 0.0152812618982 -0.223660844372  -0.42196403371    10.361024503  -0.311476887931  0.0472235718724 -0.0490850894574 1776585335.72
-0.0178893979416 0.00535524708307 0.00300014393448 0.0189132253638 -0.289174622528 -0.265122350928   10.1277204317  -0.122981426274 -0.0135244352151 -0.0770987303073 1776585335.74
-0.0188389578112  0.0045261710179 0.00106577415686 0.0194043404951 -0.298930792137 -0.115269441492   9.91346056811  0.0231989083909 -0.0543254786188 -0.0952432673959 1776585335.76
 -0.0168338190254  0.00288337086893 -0.00133354208576 0.0171309551701 -0.299062381485 0.0261816306134    9.7151718443   0.150646426423 -0.0863622213728  -0.115449364325 1776585335.78
 -0.0124794025186 0.000880380440265 -0.00380793332725 0.0130771140993 -0.25290149296 0.199992886815  9.48743901555  0.283987446618 -0.107419569815 -0.126460807064 1776585335.8
 -0.00663342325163 -0.000974976177772  -0.00587582132125 0.00891505237123 -0.101990868625  0.343836428947   9.33148058198   0.347199210552 -0.0885680520028 -0.0924800044165 1776585335.82
-0.000253561710712  -0.00223834469374  -0.00706440908396 0.00741487398508 0.0648325956059  0.346089798386   9.37548081942   0.282138633935 -0.0376257850315 -0.0260451549411 1776585335.84
  0.0057432508458 -0.00262551964465 -0.00701835323908 0.00944116337486 0.187845605212 0.333186852248  9.43414924319    0.22600601605 0.00356066997752  0.0306774294046 1776585335.86
  0.0105923781469 -0.00206746954137 -0.00559221130744 0.012155070235 0.339635277842 0.356606225281  9.46080550396  0.197866012112 0.0472102060282  0.101614348179 1776585335.88
   0.0137539791218 -0.000714185159731   -0.0029044333015 0.0140754301862 0.474406359634 0.316118031506  9.57018968053 0.127847623708 0.093334926829 0.183731544091 1776585335.9
  0.0149446737361   0.0011099159944 0.000662531375636 0.0150004711398  0.46020613811 0.160176398863  9.77521630345 0.0110796475606  0.108045367862  0.216808689408 1776585335.92
 0.0141334361504 0.00298616487625 0.00452085532979 0.0151363579173   0.302811383267 -0.0156331661842    9.94457170513 -0.0820738056315  0.0809967675651   0.175069242264 1776585335.94
 0.0115110125209 0.00449851796309 0.00798677401922 0.0147149119044    0.1527183061 -0.139152884792   10.0401992634 -0.136686781793 0.0478187652495  0.120534680966 1776585335.96
0.00744327584706 0.00532666335629  0.0104204480132 0.0138694424777 0.0269990153256 -0.279333608991   10.1542368937  -0.20922864565 0.0188272157305 0.0777637339442 1776585335.99
 0.0024175091646 0.00531678712936  0.0113665443821 0.0127793155971 -0.147285383078 -0.463113212629   10.2850951269  -0.304292314946 -0.0236021261901 0.00704453427135 1776585336
-0.00301204228824  0.00451570716099   0.0106624943722 0.0119646477653 -0.297509371882 -0.517814641882   10.2618778731  -0.314503423428 -0.0634276349299 -0.0847262471292 1776585336.02
-0.00827558203751  0.00316025262285  0.00848585876696 0.0122671208404 -0.314246669758 -0.405165329458   10.1069129344  -0.234417053157 -0.0690627750858  -0.127393953341 1776585336.04
-0.0128341538367 0.00162196597792 0.00532466760807 0.013989223119 -0.287469480222 -0.292749920305   9.97961847603  -0.165063110472 -0.0590714856303  -0.137398789476 1776585336.06
-0.0162200360337 0.00031715401205 0.00187288292392 0.0163308862604 -0.291103466546 -0.221595823228   9.88741470055  -0.124586098115 -0.0480529787491  -0.153496488732 1776585336.09
  -0.0180707571366 -0.000397796988374  -0.00112709732863 0.0181102416969  -0.258644881282 -0.0950830386759    9.76366208488 -0.0562184516149 -0.0184796012714  -0.143112991294 1776585336.1
  -0.0181567781407 -0.000319473658648  -0.00305740149921 0.0184151665699 -0.137723652115 0.0947650001301   9.63811578171 0.0491086435955 0.0278228766983  -0.07191744785 1776585336.12
 -0.0164029990765 0.000547084064546 -0.00356945562913 0.0167957939129 -0.0100483826341   0.222997442633    9.59088860605   0.126131015589  0.0553969094803 0.00947324327336 1776585336.14
-0.0129036547481 0.00198770510869 -0.0026628584472 0.0133246423054 0.0652400268546  0.294737685667   9.57327142057  0.177082214771 0.0645332344056 0.0604289924369 1776585336.16
  -0.0079286628937   0.00363534633878 -0.000677603402407 0.00874863330216 0.129673973898  0.40221332054  9.51521904823  0.259551108177 0.0727877439902  0.105387820603 1776585336.19
-0.00191746824604  0.00506863871038  0.00179795954091 0.00570967961988 0.189514667739 0.510191641962  9.44410254268  0.359727871195 0.0660381030736  0.137162286878 1776585336.2
0.00454503044345 0.00592524131848 0.00407854823591 0.0085088390587 0.190807233146 0.468074222913   9.4587242356  0.369006277274 0.0270197885794    0.1091564982 1776585336.22
 0.0107753748672 0.00599804820424 0.00555265530564 0.0135246910032 0.139977755748 0.302213398101  9.55239249831   0.276170521038 -0.0152863589812  0.0419631947419 1776585336.24
 0.0160626925041  0.0052877253511 0.00582861878727 0.0178869485054 0.0974089019784  0.159405202866   9.63309119827   0.182701699752 -0.0406629442069 -0.0148936486377 1776585336.26
 0.0197592126295 0.00399856328324 0.00482030238702 0.0207280077955 0.0844520147932 0.0595318999636   9.67359141713   0.121532835796 -0.0641636818374 -0.0703072586647 1776585336.29
 0.0213777315673 0.00248163205812 0.00275384624715 0.0216967641317  0.0772936501467 -0.0675995037109    9.73312125157  0.0270557605957 -0.0840980004816  -0.139125945619 1776585336.31
  0.0206775581794  0.00114405013003 9.79922316252e-05 0.0207094148985 0.0446463060682 -0.188453732954   9.84624063708  -0.111346666781 -0.0648320147009  -0.161718115168 1776585336.32
  0.0177187428334 0.000351172132891 -0.00256041037652 0.017906224358 0.000373637832785   -0.216984748315     9.93781975046   -0.19522135137 -0.0199093166185  -0.118990347877 1776585336.34
  0.0128686184829 0.000347668731269 -0.00466167388334 0.0136913629197 -0.0398563308993  -0.202212829344    9.99273043605  -0.230072631374  0.0181251325451 -0.0680240375381 1776585336.36
 0.00675438787737  0.00121494452365 -0.00580216794089 0.00898682361058 -0.0971271043089  -0.209737940723    10.0712016381  -0.289084404357  0.0574036450791 -0.0262784605556 1776585336.39
0.000168091226059  0.00286961923423 -0.00581618204608 0.00648775329393 -0.191670344969 -0.217534279485   10.1739376956 -0.359556323507  0.108897053316 0.0282900429479 1776585336.41
-0.00605797111115  0.00509536060498  -0.0047940861402 0.00925445706663 -0.278753731951 -0.173735752225   10.2056268571 -0.347774106584  0.144730183603 0.0851524287321 1776585336.42
  -0.011179932135  0.00759222932359 -0.00303762052523 0.0138513525368  -0.274224718115 -0.0884747721425    10.1058701819 -0.225474986378   0.12941499658  0.100387578165 1776585336.44
 -0.0146488915828   0.0100262576474 -0.00096917538529 0.0177779404866 -0.215802254809  -0.02452937831   9.98382363837 -0.104458710423 0.0935840161812 0.0839788360007 1776585336.46
 -0.0161748583402   0.0120671577707 0.000978014809805 0.0202039315965 -0.183340659356  0.015946977098   9.90884470674 -0.0238611096468  0.0741210530355  0.0750923769628 1776585336.49
-0.0157385780355   0.013411209502 0.00246013478043 0.0208234397261 -0.129384466352 0.0625347566981   9.82405595465 0.0729596984743 0.0481214755711 0.0644066272631 1776585336.51
-0.0135547617466  0.0137952750307 0.00329095727294 0.0196181441261 0.0119113781989  0.099006326802   9.71932015754   0.168594800189 -0.0117169436054  0.0295653820627 1776585336.52
-0.0100019065643  0.0130125242754 0.00346613783406 0.0167743266459 0.149217471581  0.10289240974  9.66651344242   0.200021482546 -0.0712955575494 -0.0036828077848 1776585336.54
-0.00554098640001   0.0109388489402  0.00314340715054 0.0126586711362  0.235209967874 0.0961716547951   9.65744291035   0.198430265666  -0.115386938342 -0.0186295293256 1776585336.56
-0.000645703504221   0.00757190450915   0.00258773524412 0.00802789166623 0.336903103218 0.105165517016  9.64203833965   0.222486484495  -0.178880407041 -0.0238204145472 1776585336.59
0.00423954047265  0.0030752493511 0.00209625947716 0.00564137977681 0.462926118088 0.123481317133  9.62684178075   0.262749991702  -0.274118855392 -0.0187558292299 1776585336.61
 0.00870943515784 -0.00218801930842  0.00191993928328 0.00918301998877 0.471328899152 0.114737259874  9.66234380656   0.241702405304  -0.318327101856 0.00302356605733 1776585336.62
  0.0123839293019 -0.00765108036473  0.00219814136613 0.0147218395986 0.334518602945 0.077154593171  9.72965619191  0.155960367091 -0.262357583748 0.0252192780412 1776585336.64
 0.0148896139843 -0.0125843579058  0.0029192934851 0.0197126594593  0.192102602174 0.0418773207852   9.77779593179  0.072263580927 -0.177531793489 0.0357235002097 1776585336.66
 0.0158587045038 -0.0161876497633 0.00391589643808 0.02299723371  0.103121369604 0.0175054115415   9.80223952962 0.00162731817075  -0.113815702361  0.0437633338819 1776585336.69
 0.0149631219979 -0.0177255566841 0.00489613845484 0.0237078584325 0.00875834556887   -0.01537781953    9.81827354543 -0.106629627115  -0.01368291201 0.0438664781671 1776585336.71
 0.0119888939609 -0.0166842310473 0.00550790200243 0.021270499019    -0.0960464553 -0.0595077514505    9.82397677465 -0.238918187435  0.143181994282 0.0157499096435 1776585336.72
0.00694000593811 -0.0129173594927 0.00542503646113 0.0156349889444  -0.151983999896 -0.0926969525366    9.81943760465  -0.311600495819   0.261476765746 -0.0280637270552 1776585336.74
 0.00014596167952 -0.00674634047452  0.00444129003121 0.00807833347612 -0.156587287355 -0.107396236273   9.81494271604  -0.304696238412   0.290735653071 -0.0598926990776 1776585336.76
-0.00766154285956  0.00101517491485  0.00255487904546 0.00813985417766 -0.193158764961 -0.150658702534   9.81783553362  -0.339091108009   0.347703587518 -0.0966850947414 1776585336.79
 -0.0153371064193  0.00912997770843 2.66006729065e-05 0.0178489224849  -0.28685019933 -0.244923013484   9.83511108783 -0.387242387864  0.425216293615 -0.145398861677 1776585336.81
 -0.0213993419287   0.0161001350992 -0.00260328650978 0.0269058225269 -0.359604609958 -0.317611258899   9.86715813134 -0.269194767375  0.342377211607 -0.138934115842 1776585336.82
 -0.0242035237149   0.0204067913709 -0.00454944610417 0.0319835137865  -0.36710140996 -0.319839992458   9.89713706642 -0.0211766337821   0.125395418509   -0.06056167072 1776585336.84
  -0.022191903565    0.020793213286 -0.00486988172668 0.0307986046864 -0.325054360093 -0.272697572765   9.91337118554   0.212179913798 -0.0817661418827  0.0412409356601 1776585336.86
 -0.0141817088053   0.0165447616191 -0.00260152833718 0.021945795756 -0.354930916981 -0.286805542009   9.95819133738  0.506246697155 -0.293546436035  0.178293795693 1776585336.89
0.000366306082703   0.0077128671176  0.00307483938403 0.00831126564114 -0.413777115316 -0.331029270776   10.0556986733   1.03895556179 -0.626518545611  0.448865321151 1776585336.91
  0.0211622658645 -0.00476861926132   0.0126683110327 0.0251210535329  -0.29099843648 -0.254676623825   10.1341996822   1.48170367036 -0.851695908887  0.735531778051 1776585336.92
 0.0470397682182 -0.0191154370497  0.0262439893827 0.0571566855787 -0.0123789722154  -0.077168470653    10.1302778529   1.42222508083 -0.728371501473  0.794713605031 1776585336.94
 0.0760777408257 -0.0328927660582   0.043354083395 0.0935378707001   0.25130502521 0.0762236256175   10.1261362333  1.23108665278 -0.50746579786 0.770136397409 1776585336.96
 0.105885495603  -0.04337221372 0.0630563749197 0.130648358276 0.609177169593 0.248700750758  10.2228378727   1.27708835701 -0.333090867301  0.896682263857 1776585336.99
  0.134002318786 -0.0480006854163   0.084024677104 0.165290149746  1.22292698834 0.517407314878   10.444028632    1.42387623531 -0.0416003596986    1.13163707595 1776585337.01
  0.158326104957 -0.0449043329856   0.104733970457 0.195071164449  1.84364662097 0.764939703898  10.6628423318  1.28358584563 0.433231617735  1.17117145155 1776585337.02
  0.177466636898 -0.0333307535896   0.123682459797 0.218866848124  1.96718587841 0.777092733262  10.6916126157 0.824162532711 0.783002982109 0.881421580403 1776585337.04
  0.190927289394 -0.0139312862607   0.139600136254 0.236929332533  1.87056216458 0.683961048205  10.6591579384 0.451681039594  0.93150148766 0.583931138474 1776585337.06
 0.199056481091 0.0111939667813  0.151593709538 0.250458460285  2.10915352749 0.687875878684  10.8006134956 0.260289294982  1.15728734393 0.430617569451 1776585337.09
 0.202770338626 0.0387247824049  0.159193047578 0.260687255914 2.64882961682 0.72746040913 11.1032325484 0.110820501156  1.45822165376 0.292080262286 1776585337.11
 0.203115615282 0.0646057210188  0.162292027689 0.267896537139  2.87807118635 0.600811362743  11.2572180025 -0.0610604419947    1.42313707047  0.0562169319808 1776585337.12
 0.200797111247 0.0847148365219  0.161009752235 0.270961664681  2.24817979284 0.284931869996  10.9466924355 -0.192657063249      0.81825817 -0.178622658099 1776585337.14
 0.195818006209 0.0956003191115  0.155526024365 0.267717120903  1.56804030221 0.046980614792  10.5742606992 -0.279902208438  0.217384292364 -0.313624845271 1776585337.16
  0.18736324616 0.0951481634754  0.145957374182 0.255854869218   1.43047467171 -0.103376359389   10.4407402115 -0.478267448859 -0.275043077024  -0.50837352942 1776585337.19
 0.173995813232 0.0830507652622  0.132330163367 0.233844488431   1.55601052499 -0.244768743892   10.3850479477 -0.908089662822 -0.934115389237 -0.855190946092 1776585337.21
 0.154146763959 0.0609797014059  0.114675843292 0.201569585646   1.56058043398 -0.300127276439   10.2768911887  -1.4357236153 -1.53980743441 -1.18913250526 1776585337.22
 0.126786042654 0.0324184883125 0.0932288543396 0.16067755997   1.29051998498 -0.201784282128   10.1655670516 -1.64351403045 -1.55746841122 -1.21856931844 1776585337.24
 0.0920899935112 0.00217189211182  0.0686643854836 0.114891609154    1.02184045204 -0.0652890514313    10.1527718847 -1.57783717343    -1.19656178  -1.0732992115 1776585337.26
  0.051896875035 -0.0243741371989  0.0422866621355 0.0712428662896   1.05622104238 0.0479222755675    10.322018215   -1.7675028372 -0.951134199554  -1.12913930688 1776585337.29
0.00977559004913 -0.0421233942102  0.0160792204048 0.0461354942471  1.33343803463 0.181834630633  10.7618825903  -2.21756276617 -0.620831858253  -1.35680165271 1776585337.31
  -0.029378787442  -0.0471281811142 -0.00744133422869 0.0560317058619  1.38261773621 0.262139537786  11.2364580583 -2.12380684686 0.146665937725 -1.26446831334 1776585337.32
-0.0601864690713 -0.0372919515481 -0.0255746649402 0.075280569846  1.00629791025 0.190299074778  11.3364721149  -1.29979160431   0.91972584716 -0.763319013083 1776585337.34
-0.0778998938906 -0.0127948960048 -0.0359359659567 0.0867380912932  0.511520624619 0.0388662806171   11.1214529669 -0.412527128775     1.302821562 -0.243532860529 1776585337.36
-0.0795416770388  0.0238346520569 -0.0370008932623 0.0909067386228  0.102108336939 -0.137785166304   11.0246921461 0.275546248179  1.69695182263 0.154789034568 1776585337.39
-0.0647770516473  0.0680221400103  -0.028564165052 0.0981783554396 -0.505106788476  -0.44551001102   10.9987533805  1.15916294079  2.40980588452 0.670239925229 1776585337.41
-0.0362768590339   0.113778705091 -0.0119847308538 0.120021823045  -1.39999646858 -0.817363761663   10.4652045909 2.01829854903 2.67323407472 1.18723295296 1776585337.43
0.00056219180818   0.154563891777 0.00987063587907 0.154879766766   -1.9961182716 -0.941748452673   9.54259917237 2.06810963113  1.9482491019 1.24402050658 1776585337.44
0.0385207614065  0.184241312418 0.0330079389113 0.19109744711  -2.07810903166 -0.809339610745   8.85150387835  1.48611908758 0.930306229916 0.923336198863 1776585337.46
0.0699093892982  0.197975035871 0.0529565354327 0.216531365361   -2.4517272722 -0.764329889167   8.15212942292   1.0348912044 0.181363765336 0.679892462854 1776585337.49
0.0880799200974  0.192926511006 0.0655668188361 0.221985852489  -3.53534458574 -0.816991876536   6.88904172256 0.505518012172 -0.78651756098 0.397804107865 1776585337.51
0.0887594814956  0.168646845416 0.0677901198534 0.202275812627  -4.30790690154 -0.622135845305   5.81320980958 -0.531021795163  -2.03520150704 -0.225556399606 1776585337.53
0.0709071552487  0.127109933949 0.0582725287602 0.156781528192  -3.86919537042 -0.194339023906   5.99532356854  -1.43557654785  -2.66476604368 -0.834905746392 1776585337.54
0.0369031230602 0.0723893081119 0.0376313855737 0.0895442549844 -2.76646531003  0.14482675038  7.04259300158 -1.63064733679 -2.42042832568 -1.03208833773 1776585337.56
-0.0079651241941  0.0100369807926 0.00835176542503 0.0152949721338 -2.53282452763 0.415341874218  7.35802514874 -1.93107389849 -2.60488550551 -1.30755535539 1776585337.59
-0.0565938583246 -0.0537316714159 -0.0256766415388 0.0821538023096 -2.99308512516 0.854284808624  7.16208229808 -2.59827532989  -3.4161958634 -1.89595298913 1776585337.61
 -0.101478291677  -0.112913536518 -0.0598844862807 0.163197616734 -2.8476462896 1.18988366314 7.68884752654 -2.49891735606 -3.41753362357 -2.01635429739 1776585337.63
 -0.136135174485  -0.162512828897 -0.0898578255512 0.230255584299 -2.05824354827  1.16022600771  8.69375490353 -1.54807544248 -2.43776691331 -1.47670692702 1776585337.64
-0.156229832645 -0.199131230671 -0.112111902073 0.276821397697 -1.16683215188 0.850684278822  9.49927432282 -0.507800430685  -1.24039429273 -0.734495182713 1776585337.66
-0.160188569415 -0.221267591572 -0.124649254695 0.300261821661 -0.803798514248  0.749504516193   9.90113568859  0.145702158845 -0.625823290615 -0.312963237903 1776585337.69
-0.149207178008 -0.229295099677 -0.127196323273 0.30169177874 -0.54726530233 0.682157586517  10.2050451761   0.781142165245 -0.0903719530902  0.0832185657288 1776585337.71
-0.126708046942  -0.22514102248 -0.121082425014 0.285314498073 -0.276654880737  0.609227094223   10.5063357816  1.54216913752 0.522623383242 0.547730094152 1776585337.73
-0.0974173616607  -0.211744126585  -0.108802205342 0.257222933238 0.139999353182 0.360960999333  10.6686304187  2.04899567557  1.11063273337 0.939971355793 1776585337.74
-0.0663032059267  -0.192399326397 -0.0933718636979 0.22390158741  0.390073387969 0.0139974967678   10.3710548336  1.35059608744  0.94030918397 0.703968731485 1776585337.76
-0.0376215906225  -0.170113239902 -0.0776349648346 0.190738266312  0.552456602386 -0.159123848351   10.2454074313 0.940789872404 0.819173709487  0.53672832598 1776585337.79
-0.0142638460861   -0.14708710877 -0.0636829827781 0.16091487553  1.15602580052 -0.44087985909  10.4545484494  1.04830784678  1.19407625066 0.656173745173 1776585337.82
0.00249589747447  -0.124417369248 -0.0525239800296 0.135072868308    2.2194229097 -0.872894442723   10.8527894992   1.0326347297  1.71395379441 0.746785936236 1776585337.83
 0.0128619009387  -0.102064144015 -0.0440660496987 0.111912174161   2.03071310782 -0.741935910941   10.7118181169 0.437058826792  1.27065907152 0.424051282564 1776585337.84
 0.0180866378228 -0.0790904831609 -0.0373972441407 0.0893363580166   2.0037349529 -0.63312647743  10.6978290239 0.163916650368   1.1159711436 0.298028069434 1776585337.86
 0.0199030841473 -0.0541266266245 -0.0312639930834 0.0655992510006   2.1081194957 -0.53815485594  10.7523619672 0.0406105396586   1.13824575304  0.274256051837 1776585337.89
 0.0199818913559 -0.0259696848872 -0.0245979867166 0.0409726917081    2.7210448079 -0.515061944542   11.0228355562 -0.00901044386925     1.50424030893    0.359731895715 1776585337.91
 0.0195440974756  0.0058040748849 -0.0169318516446 0.0265018231735   3.44022239213 -0.418028815488   11.3076822574 -0.0233086512681    1.98151579118   0.478588625016 1776585337.93
  0.0192017360984    0.040352898278 -0.00857932361743 0.0455045916624   3.42586683722 -0.183899009384   11.2366514565 -0.0149364025924    2.02413606896   0.477559565205 1776585337.94
 0.0190309869714  0.0753392573056 -0.0005262393972 0.0777075227013   2.68809615545 0.0374384644142   10.8667109598 -0.00886474982445     1.55386021453    0.338143248936 1776585337.96
  0.018821236789   0.107048828826 0.00593470952115 0.108852705453  2.25657867464 0.186105629226  10.6521693918 -0.0131742617315     1.1610512792   0.214025376532 1776585337.98
 0.0184006816154   0.130888240224 0.00971352537283 0.132531766335  2.30905093574 0.357929519997  10.6647701673  -0.0216835122 0.848336465248 0.108111109099 1776585338.01
0.0179225219022  0.142209766006 0.0104155824662 0.143712625391  2.09149733402 0.497551836981  10.6647321931  -0.010322308765   0.169501189185 -0.0279426458981 1776585338.03
 0.0180084770783   0.137328576097 0.00865182176093 0.138774266632  1.72132401786 0.593348804957  10.7398940093 0.0499961853306 -0.784424936181 -0.123880282809 1776585338.05
  0.019686458303   0.114534140567 0.00604491020917 0.11637081651  1.02880902778 0.523170929692  10.7287727043   0.151572763322   -1.54924180435 -0.0932356033668 1776585338.06
 0.0241192282271  0.0748699197509 0.00489296985441 0.0788110601868 0.497458662796  0.41186865581  10.7377762041  0.259009879735  -1.90739975414 0.0312617222365 1776585338.09
  0.032187318039  0.0224753480163 0.00755372680406 0.039977787578 0.260676663965 0.442175474992  11.1464755706 0.488023161809 -2.70682027843 0.264773937957 1776585338.11
 0.0440449309142 -0.0356479825043  0.0157035361961 0.0587991126202 0.0962892208808  0.478235599713   11.6668406339  0.77056579248 -3.27119601857 0.640800833919 1776585338.13
 0.0587947128758 -0.0904780232648  0.0296803783712 0.111910749333 0.0936620370209  0.469033134582   11.8680466321 0.883583015842 -2.81290320062 0.943097083268 1776585338.14
0.0744140523617 -0.132328653577 0.0481181812776 0.15925979755 0.248271918222 0.420288841782   11.535234581 0.700710054438 -1.48776718607 0.919476975826 1776585338.16
0.0880095647463  -0.15250781388 0.0680163255678 0.188760529044 0.502777343926 0.450947605975   11.228398075  0.472286239497 -0.271860702531  0.798637047216 1776585338.19
0.0963872829767 -0.144977037993 0.0852749615278 0.193857341694 0.978920622593  0.64770462054  11.1041854721 0.217517526905  1.10605680156 0.680405032221 1776585338.21
0.0968253872125  -0.10768016004 0.0955926319675 0.173516926441  1.57826453305 0.926175759538  10.7280314479 -0.242689467923   2.89326821044  0.291011798975 1776585338.23
 0.0878540162748 -0.0432460914832  0.0955073021205 0.13678522348 1.76750293198  1.0263603746 10.0148008666 -0.716190642636   3.94536142736 -0.325813122118 1776585338.24
0.0698132625499 0.0411246251254 0.0833041376094 0.116209748999 1.69626728242 1.05831893042 9.36609430916  -1.04951113875   4.35567362617 -0.880835871681 1776585338.26
0.0449955784132  0.134624690979 0.0595369840565 0.153925507855  1.32375065123 0.977246494818   8.8898465991 -1.15029984381  4.01575599915 -1.23261412326 1776585338.28
0.0172812253199  0.224516672677 0.0270129615634 0.226795231764 0.906729725011  0.96963617137  8.38884927548 -1.24578086062  3.79700311245 -1.60831163929 1776585338.31
-0.00868079448883    0.298224374854 -0.00975958167393 0.298510273499 0.176698318512 0.995833742776  7.64145502749 -1.34094370432  3.53777023843 -2.12173987216 1776585338.33
-0.0285527705666   0.345439084284   -0.04550896181 0.349591886724 -1.04073661758 0.626307750341  7.46387704921 -0.89526431938  1.79718915035 -1.91143842572 1776585338.34
-0.0393649609757   0.359820989288 -0.0752719601016 0.369711526007 -1.92551144313 0.114116003335  7.89412819704 -0.276504738706 -0.129621269308  -1.17683705006 1776585338.36
-0.0402578168332   0.339951934366 -0.0953270306924 0.35535229319 -2.52189042967 -0.28961136151   8.2483074716  0.133241198296  -1.40907393078 -0.570039706643 1776585338.39
-0.0327019226318   0.289356945507  -0.103778131402 0.309138736192    -3.831546042 -0.808650438983   8.09257668114  0.469517417474  -2.90102495231 -0.125254384749 1776585338.41
-0.020135740947  0.215622906164 -0.100695049303 0.238826670789 -5.68253386658 -1.59241901942  7.74602470085 0.758924876056 -4.76274417885 0.472819523382 1776585338.43
-0.00712543864776    0.128847975445  -0.0878436675984 0.156105997929 -6.32088764962 -2.13982330561  7.74276557735 0.672833521756  -5.4124411179  1.00225606858 1776585338.45
0.00172174279931  0.0397958405724 -0.0681360357875 0.0789252348616 -5.13450026072 -2.01520806911  8.14029911314 0.248829324077  -4.2760772715  1.07406644287 1776585338.46
 0.0028068422353 -0.0418360896094 -0.0449711900991 0.0614861341773 -3.81973682583 -1.69831442011  8.46493674714 -0.148107313176  -2.96323426138  0.928153785551 1776585338.49
-0.00570038877641   -0.108701313997   -0.021623278442 0.110977638592 -3.88186766319 -1.92090422365  8.22724661552 -0.611502301259  -2.65998282903   1.02542840691 1776585338.51
  -0.0235446056905    -0.156462639433 -0.000782438542736 0.158226161571 -4.02451112446 -2.17390640498  7.80764128599 -1.26825636439 -2.22384731476  1.10515179177 1776585338.53
-0.0485413058781  -0.183821503521  0.0157080668801 0.190770403623 -3.04609176979 -1.74386739029  7.86601263868 -1.61443729882 -1.07255879863 0.834939039023 1776585338.55
-0.0771224102105  -0.192057298756  0.0269264112537 0.208707699391  -1.66139142738 -0.947168323469   8.34855548627   -1.42126537792 -0.0117268617506   0.429345191856 1776585338.56
-0.105111293951 -0.184288262537 0.0327971008913 0.214676961158 -0.679003755986  -0.30466394354   8.83475586714 -1.03167526867 0.549629268982 0.140231996154 1776585338.59
 -0.12854107821 -0.164663790583 0.0339155702188 0.21162995681 -0.143816290979  0.162449226397   8.96451758383  -0.909707986235     1.0814659386 -0.0342478193802 1776585338.61
-0.144348228841 -0.137643175036 0.0313199461565 0.201898474067 0.460788762581 0.772121214196  9.13619680697 -0.656678114586    1.6864266299 -0.225885900103 1776585338.63
-0.150823147557 -0.107440815915 0.0262509242092 0.187030109301 0.944323702376  1.21379351531   9.5338159151 -0.103295726696   1.81405136723 -0.344301419551 1776585338.65
 -0.147764202926 -0.0776527702173  0.0199339501965 0.168111792446 0.864289640933  1.00667658652  9.88249499715  0.307609418375   1.19841079991 -0.272828186216 1776585338.66
 -0.136346310987 -0.0510407310765  0.0134109757959 0.146203033554 0.918457942962  0.98132508458  10.0929905795   0.59907809964  0.996120718007 -0.258131633636 1776585338.69
 -0.118767582214 -0.0294384645006 0.00743984453817 0.12258757304 1.22092660146 1.16085690629 10.4024699434    1.0875832879   1.05125373877 -0.308548724937 1776585338.71
-0.0977697221398 -0.0137527516587 0.00246674979166 0.098763057871  1.10739056194 0.870515813387   10.537589741   1.2373234889 0.737087778763 -0.25474625667 1776585338.73
 -0.0761367059815 -0.00404276309302 -0.00133721031947 0.0762556887227 0.894319719404 0.479061652277  10.5815584812   1.23423032111  0.418819202481 -0.192201745476 1776585338.74
 -0.0562635697428 0.000331794270519 -0.00399683711122 0.0564063300928 0.487605409188 0.044353177887  10.3885373491  0.872744315419  0.109439701486 -0.103492635175 1776585338.76
 -0.0398588507854 0.000506378703813 -0.00563914705672 0.040258966515  0.208005912199 -0.223402697156   10.2253284379   0.591395128889 -0.0510899842231 -0.0502003052634 1776585338.79
 -0.0278085842277 -0.00212640108825 -0.00641222555348 0.0286173998625 0.0132416756417 -0.478450331705   10.1532676602   0.466157338652  -0.157939980177 -0.0188750633104 1776585338.81
 -0.0201955276628 -0.00615580293891 -0.00643532988612 0.0220718535276 -0.194852075083  -0.72101818019   10.0427750761  0.318795274032 -0.230804766319  0.017550251826 1776585338.83
 -0.0164413997776  -0.0103561352293 -0.00578644165421 0.0202744191175 -0.346469446373 -0.812617648355   9.87487957114  0.138848413072 -0.227981532281 0.0569221346782 1776585338.85
 -0.0155259046933  -0.0138230695371 -0.00452097665955 0.0212736973263 -0.342175896891 -0.669889213724   9.72616608934 0.00542021513483  -0.148114997293  0.0804343950942 1776585338.86
-0.0162338712416 -0.0160271441811 -0.0027067793449 0.0229724744099 -0.236753690932 -0.452409109851   9.65703019742 -0.0389018406324 -0.0619508484447  0.0848828476577 1776585338.88
  -0.0173879564971    -0.016788371107 -0.000458025986103 0.0241743712095 -0.153386421966 -0.366706656106   9.59279027701  -0.0401356944852 -0.00371704422286    0.105896709437 1776585338.91
 -0.018035205577 -0.0161939692347 0.00204598203529 0.0243248704471 -0.0200553151943  -0.308805646218    9.52339202281 -0.00502857700903   0.0641032951618    0.140183623905 1776585338.93
-0.0175681077373 -0.0144918390862 0.00456412116366 0.0232267735935  0.179049193388 -0.187104820786   9.54254627139 0.0681979892639  0.126634155702  0.143834574745 1776585338.95
-0.0157725589992 -0.0119925500708 0.00681807006653 0.0209542586129    0.32336612802 -0.0628162104675    9.65159276158 0.130262339837 0.150116025109 0.108506343822 1776585338.96
-0.0128053052197 -0.0090031231365 0.00853145576065 0.0178274452847  0.338472125726 0.0122988295805   9.77855323499  0.142243414687  0.132231164878 0.0567131505308 1776585338.98
-0.00911181728419 -0.00580064559586  0.00947374061803 0.0143674794187  0.377834265161 0.0553143624397   9.88537005173  0.163584621523  0.138774989226 0.0211005786885 1776585339.01
-0.00530244791701 -0.00263816699541  0.00949924007578 0.0111942592888 0.436033884749 0.103210103334  10.0340961539   0.192412987445   0.163545178864 -0.0243729663626 1776585339.03
-0.00201020993563 0.000235504351532  0.00857417952642 0.00880982183907 0.370179300551 0.135854496633  10.1725068512  0.164075985593  0.153891417437 -0.080207343699 1776585339.05
0.000243301806816  0.00256334547859  0.00678824094596 0.00726017568329 0.203625565271 0.136835553549  10.2169451084 0.0868100851651  0.105960551904 -0.116093811887 1776585339.06
0.00114827668018 0.00409075900721 0.00435023768459 0.00608090589482  0.04004454147 0.105585198163  10.1427892174 0.00879599770766  0.0436536116533  -0.111657195406 1776585339.08
0.000654420932805  0.00460368646839  0.00156945734559 0.00490768705361 -0.0640221481576  0.0929732051017    10.1187653422  -0.0469436650631 -0.00225533028491   -0.118489873518 1776585339.11
-0.00104085868635  0.00398558564072 -0.00117532944667 0.00428365253174 -0.168940620003  0.082158849835   10.1208703808  -0.113523942015 -0.0627943982795  -0.136073619213 1776585339.13
-0.00355624337177  0.00227460833149 -0.00347758666155 0.0054693984102 -0.210004092932 0.0288841189259   10.0174764597 -0.151130732336 -0.120399725305 -0.106124765896 1776585339.15
 -0.00642211365039 -0.000301441950897  -0.00495407394461 0.0081164807421  -0.183238914125 -0.0439376787178    9.88115271659  -0.155625368188  -0.155088358273 -0.0505026924447 1776585339.16
-0.00918113240378 -0.00333087113242 -0.00530294485428 0.0111134656541 -0.0917272820755 -0.0979629579369    9.76035018125 -0.110847254964 -0.131166824916 0.0129633125396 1776585339.18
-0.0114680202872 -0.0062723210005  -0.004363967633 0.0137804830664 -0.0198989537838  -0.148567832405     9.6731712103 -0.0814164622114  -0.109814524085  0.0658714788284 1776585339.21
 -0.0130510263295 -0.00855058405253 -0.00217193634724 0.015753065841 0.0586170137123 -0.242517830655   9.54234074148 -0.0652190951813 -0.0938836827187    0.14834739421 1776585339.23
 -0.0138305095124 -0.00967315304562  0.00100975181889 0.0169077639548   0.12902506144 -0.279916916584    9.4531585908 -0.0232213680914 -0.0242973948263   0.211702913692 1776585339.25
 -0.0138037338873 -0.00933817041036   0.0046902942717 0.0173130978221  0.130707612248 -0.212286124646   9.47227702196 0.0228370332722 0.0607354198653  0.201396707147 1776585339.26
 -0.0130152091998 -0.00750485008746   0.0081997749856 0.0171159211018   0.073104527032 -0.0917761163171    9.56807516313 0.0490240012263  0.105636528666  0.130639506544 1776585339.28
-0.0115153064924 -0.0044070852265  0.0107885118417 0.0163834267345  0.0144567057513 0.00937358121879    9.60675699619 0.0781788634138  0.149075145637 0.0760180778231 1776585339.31
 -0.00934520686076 -0.000506716457806    0.0117683421307 0.0150360742664 -0.0794999379401    0.15915154584    9.61618097167    0.134547992118    0.217207453478 -0.00315378530942 1776585339.33
-0.00655500283453  0.00360057738543   0.0106722430475 0.0130318452774 -0.199671850009  0.333376345197   9.67508251947  0.184153141857  0.235835479373 -0.132008945449 1776585339.35
-0.00324769460729  0.00730205460515  0.00739738134055 0.0108898472173 -0.271836717606  0.426090530159    9.7578288147  0.197379225402  0.184640215576 -0.238818529014 1776585339.36
0.000370416426031   0.0100790246618  0.00229284832016 0.0103431668208 -0.238647257551   0.36254565728   9.82117145904  0.155785387144 0.0926690523706 -0.242940739406 1776585339.38
 0.00395858443884   0.0115887150074 -0.00384050683323 0.0128342588029 -0.223869625998  0.334432448881   9.86057594109  0.139426636889 0.0338994978102 -0.253457829668 1776585339.41
 0.00705273653781   0.0117037306797 -0.00985466086794 0.0168473364457 -0.232497667513  0.345255535099   9.91415196448   0.140251414506 -0.0293115677954  -0.287907167426 1776585339.43
0.00913022293212  0.0105078786191 -0.0144568118081 0.0200692773044 -0.145720506609  0.220434393531   9.95341584258 0.0797366119583 -0.102978304594 -0.197868589444 1776585339.44
 0.0097217803432 0.00825671181071 -0.0164779662726 0.0208376984201 -0.00612893371104   0.0244698568074     9.96154076577 -0.0164196978097  -0.145882245116  -0.019631829564 1776585339.46
0.00854588612831 0.00531628704226 -0.0151554605088 0.0181929398632  0.106439879793 -0.128969076464     9.939985894 -0.0929966473038  -0.139992131642   0.138835802488 1776585339.48
0.00562816242827 0.00209440043012 -0.0103665553264 0.0119803253218   0.18710184014 -0.229346599613   9.93054021134 -0.147487577693  -0.13024297336  0.254793029981 1776585339.51
 0.00136670841201 -0.00102348385013 -0.00275302993318 0.00323953467151  0.320778261788 -0.379547582707    9.9609159639 -0.234891403946  -0.14997191769  0.429730384609 1776585339.53
-0.00348562431365 -0.00372451014788   0.0063069840882 0.00811169532135  0.435452808724 -0.483973676233   9.98172525195 -0.282910216668 -0.145299514219  0.537001434631 1776585339.54
-0.00793168889265 -0.00579903641694   0.0148965719482 0.0178451216825   0.41487576238 -0.419386894565   9.95624664885  -0.211802401932 -0.0975674969993   0.416058906609 1776585339.56
-0.0109196830759 -0.0071490346073  0.0209102479421 0.0246492726727  0.303858183487 -0.265784077368   9.90605070816 -0.0834298628002 -0.0452352384077   0.174143345747 1776585339.58
  -0.011577114712 -0.00777556736761   0.0225056776994 0.0264763018877  0.222604629772 -0.152379274568   9.86684205698  0.0307856429198 -0.0125183104799 -0.0485564538478 1776585339.61
-0.00943983331915 -0.00775078324601   0.0185761645967 0.0222319361537   0.184798555251 -0.0693652323652    9.82837045578  0.179590492018 0.0152920529753 -0.345044543001 1776585339.63
-0.00462270508334 -0.00718340238572  0.00914427384556 0.0125135293297 0.0878122192467 0.0466025098331   9.75753228059  0.340749052937 0.0460871152861 -0.678359074576 1776585339.64
 0.00211424819441 -0.00618806639574 -0.00442556050151 0.00789606211337 -0.042797540629  0.140120043982   9.68353933475   0.39307430032 0.0647776043818 -0.800480958078 1776585339.66
  0.0094330404493 -0.00486705272189  -0.0194797207563 0.0221840026834 -0.136048322539  0.166587876862   9.64939862966  0.301761231053 0.0643406512004 -0.625760832371 1776585339.68
  0.0156228761491 -0.00330779606943  -0.0324383381656 0.0361560722003 -0.21692741746 0.188232744774  9.61441025132   0.19758381331 0.0681766477565 -0.415978160593 1776585339.71
 0.0189214166121 -0.0015930715764 -0.0394558372058 0.0437872238588 -0.364884490543  0.257474339502    9.5331087892 0.0587860453521 0.0899324373178 -0.125148959448 1776585339.73
  0.0179058490975 0.000184755952878  -0.0372985339353 0.0413743181259 -0.503066026378  0.312828487167   9.48364331539 -0.209092165445  0.104324391663  0.450809532435 1776585339.75
 0.0118886223177 0.00191586901395 -0.0242929031914 0.0271137426439 -0.525340518021  0.305930142634   9.52327566538 -0.482040743589 0.0953030382546   1.04571106794 1776585339.76
 0.00124240041717  0.00347924362463 -0.00114982047735 0.0038692094963 -0.395961199831  0.224217992195   9.63736058548 -0.554156513774 0.0649369056263   1.20450508851 1776585339.78
-0.0124206230976 0.00476446347444  0.0285452554748 0.0314929134957 -0.295386574852  0.161645103977   9.72353744774 -0.575012602327 0.0464740437256   1.24340276631 1776585339.81
-0.0262766896846  0.0057034094803  0.0583572453164 0.0642538822283 -0.210172450979 0.0920576528215   9.81238272753 -0.610742504842 0.0388760658839   1.29284217732 1776585339.83
-0.0365609682335 0.00630108756811  0.0796464251485 0.0878633094167 -0.00376605116087  -0.0854729565891     9.94932215976 -0.375435879905 0.0278759759024  0.717550943007 1776585339.85
 -0.039077552414 0.00665386882656  0.0828228641196 0.0918202368435 0.279764058566 -0.34579129732   10.083062043  0.192841445914 0.0186869969205 -0.595825949181 1776585339.86
-0.0298995010213 0.00694660656788  0.0590643609255 0.0665645118338  0.479808009114 -0.552499531213   10.1423341922  0.795543988467 0.0186602167087  -1.94798697485 1776585339.88
-0.0061616027588 0.00742594273151 0.00222412649783 0.00990235894559  0.601297156561 -0.716984639426   10.1711214743  1.31439294711 0.029308014343 -3.09375777517 1776585339.9
 0.0331908615458 0.00835338013213 -0.0894348380086 0.0957601300094 0.823944847524 -1.05585287781   10.276805233   2.18950836897 0.0593317572387  -5.04422122772 1776585339.93
 0.0868533932233 0.00994648261132  -0.212065174187 0.229377598151  1.07694675501 -1.52862043448  10.4220938107  3.44790370004  0.11610117169 -7.80274863049 1776585339.95
 0.150958572202 0.0123189691926 -0.355948036456 0.386832330836 0.988504354812 -1.62641651166  10.4121928325  3.93822783814 0.163047218268 -8.74725661865 1776585339.96
 0.219316235805 0.0154305985372 -0.506280370494 0.551957904379 0.576681302736 -1.21663985364  10.2295197563  3.16771656914 0.160271871276 -6.87668471867 1776585339.98
 0.284119150664 0.0190562812673 -0.645021662539 0.705081398687  0.218950964318 -0.855053235679   10.0783085696  2.44028223419 0.152375978275 -5.12581621815 1776585340
 0.337040556177 0.0227815345199 -0.753560468744 0.825813971108 -0.146296814475 -0.621900180967    9.9617467925  2.08331851421 0.168047799146 -4.11519605917 1776585340.03
 0.370556694962 0.0260286376226 -0.815762449045 0.896358258415 -0.677903282195 -0.191964927585   9.75469348069  1.23174329609 0.155601940736 -1.96286724555 1776585340.05
 0.379258625312 0.0281147995861 -0.820837851409 0.904655915327 -1.14852349295 0.418624630054   9.4826508299 -0.290594522701 0.0695158368055     1.512845741 1776585340.06
 0.360893152827  0.028340344023 -0.765453694336 0.846738685209 -1.19170735851 0.810857661557  9.32636249649   -1.53632134482 -0.0496086634277    4.09520000683 1776585340.08
 0.316904762747 0.0261013589789 -0.654628132809 0.727769126755 -1.05578147897 0.973882350506  9.26208272738   -2.2112547978 -0.149171332691   5.38350970119 1776585340.1
 0.252338639278 0.0210172524137 -0.501167426929 0.561502719126 -1.10750390961  1.31679546641  9.07920263122  -3.29225435871 -0.302795486808   7.68281533332 1776585340.13
 0.175093767175 0.0130587065103 -0.323697538601 0.368250531046 -1.06430267144  1.71841656139  8.86190502314  -4.61325655766 -0.537206775663   10.4600168547 1776585340.15
 0.0946556721218 0.00265530845846  -0.143639838004 0.172044035031 -0.591501199199   1.64117265536   8.92355013778  -4.69185009395 -0.677130433461    10.382735585 1776585340.16
 0.0205547107959 -0.0092444566636  0.0182865674155 0.0290233468565 0.00966724990342    1.12977098427    9.24311377739  -3.44679118717 -0.614330651174   7.44448824049 1776585340.18
-0.0391439286512 -0.0211921460017   0.145344756783 0.152008067308 0.408453931286 0.609477306694  9.57299804675  -2.02450996512 -0.449726291668   4.24729015021 1776585340.2
-0.0790252321132 -0.0313652262427   0.227198806903 0.242586196198 0.753405650189 0.298816852715   9.8193050151  -1.1887201555 -0.34165647302  2.37788822167 1776585340.23
-0.0969729282014  -0.037813090749   0.261024545894 0.281011373783    1.39527908846 -0.0135552099024    10.1784056992 -0.443577285047 -0.217650019786  0.700639622213 1776585340.25
-0.0941969292907 -0.0388095213006   0.251162820699 0.271038748029   1.82929927581 -0.470320693812   10.6196705358 0.782485570879 0.159766102463 -1.88002132352 1776585340.26
-0.0746910557755 -0.0332636293333   0.207489507234 0.223018202085   1.30925687535 -0.606609557083    10.608624892  1.31028990569 0.464640495735 -2.84079931079 1776585340.28
-0.0442826883222 -0.0211094859366   0.142945287521 0.151128826191   0.87690254314 -0.597592216906   10.5106778808  1.34657958805 0.613172311366 -2.82290332645 1776585340.3
-0.00949615722092 -0.00357677904197   0.0708181232102 0.071541435024  0.705923214055 -0.671100076705   10.5471834242  1.48980067614 0.831560220005 -3.08758453675 1776585340.33
 0.0235455704584  0.0167501302506 0.00237246706312 0.0289929189905 0.609936535252 -0.78685634534  10.6590486707  1.67623413032  1.11912409147 -3.53672416951 1776585340.35
  0.050001844979  0.0361465784841 -0.0547180525615 0.0824671141336  0.425185191183 -0.666521763401   10.5968703108  1.35924595749  1.05080666709 -3.11464352189 1776585340.36
 0.0668723649712  0.0502452341255 -0.0969086962248 0.128014812241   0.27053045365 -0.303757216159   10.3695006202 0.642953478706 0.515907211197  -1.9288803371 1776585340.38
0.0732045902729 0.0547645096613 -0.124327006625 0.154321962571  0.233242552865 0.0436480780118   10.1688514616  0.0647318693572 -0.0808613058424  -0.887331850765 1776585340.4
0.0699853347771 0.0463565961786 -0.139580679695 0.162879241272 0.383892227797 0.359728659446  10.1921214486 -0.289562934604 -0.676421562554 -0.472667489703 1776585340.43
0.0597875588594 0.0234222062483 -0.146228271599 0.159705539525 0.724605969214 0.790957698666  10.3781259509 -0.604918784795  -1.52000441686 -0.197815974865 1776585340.44
 0.0462531515694 -0.0132762408306  -0.147341399109 0.155000324168 1.29215595449 1.34436967061 10.7724196171 -0.819281524063  -2.60951981869 0.0534160823066 1776585340.46
 0.0334847462388 -0.0603557245419  -0.144513362667 0.160150409631 1.67581346195 1.55092961165 11.1036819067 -0.633950850355  -3.00281013925  0.298695024402 1776585340.48
0.0254075954466 -0.112014569281 -0.137519716732 0.179177236634 1.37816581926 1.07678676263 10.9406085198 -0.169729066144  -2.04580889665  0.404786596358 1776585340.5
0.0251573346167 -0.160729179541 -0.124653331126 0.20495173481 1.66340414339 1.01954961826 11.2530465222 0.195529777063 -1.84635671882 0.725404854453 1776585340.53
0.0345546396634 -0.198388659207 -0.103584679428 0.226455004441  2.34282457081 0.982798604057  11.9141766932 0.787059719537 -1.56927523697  1.43690801176 1776585340.54
 0.0537376913823   -0.21771398644 -0.0724751512548 0.235668765254   2.6911521572 0.545087090551  12.2303328164   1.40041604008 -0.462123520866   2.18670528814 1776585340.56
 0.0810261176782  -0.213723789929 -0.0310209385007 0.230662933201   2.46582029046 -0.074952549352   11.9324106674  1.61198754514 0.889926328687  2.48147555958 1776585340.58
 0.113073673015 -0.184956504875 0.0188659938239 0.217601677263   1.89593020093 -0.502259037402   11.2814528021 1.35699294683 1.67916181849 2.19393408025 1776585340.6
 0.145325580054 -0.134158746926 0.0729359628059 0.210802628696    1.9007560031 -0.915459816355   11.0376609437 1.30656923576 2.55660638931 2.32637435369 1776585340.62
  0.172734764145 -0.0682157133409   0.125093837339 0.223917731391 2.21821001504 -1.4652397062 10.8684167937 1.23001775036 3.71805411787 2.59244756085 1776585340.64
  0.190624137771 0.00276812994611   0.168409491891 0.254375669833  2.20962013934 -1.73538710916  10.4310466832 0.677128792477   4.0208168194  2.11875160291 1776585340.66
0.195530911287 0.067148685373 0.196423507313 0.285172715106  1.76102938395 -1.48721623426   9.9295293539 -0.129843608818   3.02494004803   0.98103982664 1776585340.68
0.185853860935 0.113900295574 0.204451555129 0.298856777321   1.08540851084 -0.896322636373   9.63729096665 -0.688504227675   1.39599472497 -0.120387867178 1776585340.7
0.162156635116 0.134817570489 0.190587874407 0.284243363151  0.812034614948 -0.566907766561   9.47458837851 -1.23904209808 0.260550913547 -1.01727549845 1776585340.73
0.127055619281   0.1262646338  0.15617715777 0.237649306224  0.655602190696 -0.220090303245   9.31265975086  -2.1714200376 -1.25566249299 -2.38180614257 1776585340.75
0.0847201108336 0.0900385146427  0.105648624514 0.162622455893 0.261151994707  0.32450636741  9.37291608641 -2.65958422608 -2.84966977236 -3.37757449871 1776585340.76
0.0401060735601 0.0331006385666 0.0457544212302 0.0692648285354 -0.11659565813 0.685999150394   9.6278507177 -2.31528993899 -3.31022184834 -3.24134025074 1776585340.78
-0.00189659003173  -0.0337993213049  -0.0156123001646 0.0372791508869 -0.288862899449  0.737683933946   9.87291218228 -1.61781166509 -2.74932032404 -2.43781710305 1776585340.8
-0.0372169419517 -0.0983026283589 -0.0707606056682 0.126710578978 -0.417381798207  0.852488969716   10.1082026782 -1.36052191467 -2.55828737017 -2.17395878129 1776585340.83
-0.063114341265 -0.148911469166 -0.113431281564 0.19754670678 -0.538645176074  0.990053127347   10.4572523519 -1.16351055277 -2.22902699789 -1.94810910159 1776585340.84
-0.0783826456057  -0.177166945157  -0.139685878216 0.238839088429 -0.448924207646  0.771881982119   10.7007762659 -0.591300732944 -0.884304640957   -1.0239668149 1776585340.86
-0.0832612348722  -0.179041639019  -0.148320043454 0.246955819986 -0.246523121102  0.384870160241   10.7817354163 -0.0205485024121   0.605959280233  -0.030068412173 1776585340.88
-0.0791250081102  -0.155275254957  -0.140772169631 0.224026729327  -0.0362720266983 -0.00142749372842      10.586767363 0.320593130769  1.44117155308 0.584393164498 1776585340.9
-0.0680512864076  -0.110667918726   -0.12059459003 0.177260883901 0.0937022059997 -0.284980810547   10.5577762605 0.56398518423 2.16328845277 1.01451440006 1776585340.93
-0.0523594367838 -0.0526100555845 -0.0926254127736 0.118696232714  0.227963877148 -0.683966988077   10.6697179697 0.938068296521  3.36368063441  1.62280767657 1776585340.95
-0.0342027603426  0.0107045144436  -0.062038461289 0.0716462568711  0.273689111912 -0.984001970238   10.5279139836 1.13079778641 3.79670203279 1.80419410509 1776585340.96
-0.0152741684032  0.0719053224427 -0.0334556625299 0.0807648250868 0.193039919553 -1.00198226655  10.1832890849 1.05433624045 3.22585839357 1.45393691934 1776585340.98
 0.0033295429253   0.125538749369 -0.0102811572189 0.126003038229 0.0580419962202 -0.731783803672   9.82522225526 0.762564916184  2.02614228506 0.820442377485 1776585341
 0.0210619433853    0.16845071944 0.00563830220882 0.169855941288 -0.0443305317905  -0.636310995214    9.53069287836 0.719761641962  1.54835635246 0.508278121082 1776585341.03
0.0377122301562   0.19950303016 0.0139990581255 0.20351816866 -0.181797087445 -0.641375011576   9.04044714843 0.887584049951  1.39704432035 0.279691850405 1776585341.05
0.0530820634734  0.218849920404 0.0157283513012 0.225744045676 -0.292319545797 -0.427615750191   8.56949161473   0.873500663771   0.832597746025 -0.0452915135279 1776585341.06
0.0666606180808  0.227095868422  0.012498067505 0.237007116241 -0.315315156808 -0.129502225116   8.35081902591  0.684683767752  0.162978538965 -0.267470728831 1776585341.08
 0.0774252637236   0.224644448327 0.00621871514558 0.23769407238 -0.241554569332 0.0957359967079   8.57222706717  0.362799262512 -0.329894319536 -0.291897876213 1776585341.1
  0.0838720934659    0.211445428779 -0.00134979171233 0.227476414935 -0.235184823625  0.258784029052   8.54319330619  0.143672549829 -0.781356431454 -0.313185889694 1776585341.13
  0.0843119004053     0.18719179736 -0.00879318127239 0.205491083956 -0.327659431732   0.51097215694   8.20300438007 -0.181246110751  -1.66166118708 -0.381912603152 1776585341.15
 0.0773728128236   0.151860137031 -0.0150447459293 0.171097626411 -0.419315455393  0.657724280967   8.30784553805 -0.653984997204  -2.43035440315 -0.314880454593 1776585341.16
 0.0625644992942   0.106373594689 -0.0192641119166 0.124903019287 -0.508679933624   0.62640569153   8.74335590349  -1.00306364921  -2.70159684271 -0.154712941637 1776585341.18
 0.0407148568269  0.0531276007069 -0.0206988838408 0.0700620105018 -0.540488754409  0.449040392243   9.25571547727  -1.01066778753  -2.29873637679 0.0132570168142 1776585341.2
  0.0141087322833 -0.00383772862437  -0.0186285134282 0.0236813428712 -0.745149177691  0.382322039621   9.49840679668 -1.14157317784 -2.35224126054  0.17293952046 1776585341.23
-0.0137625973897 -0.0591246123486 -0.0124459702379 0.0619679840518  -1.3212546856 0.391083453323   9.6429915268 -1.49914865897 -2.91333927601 0.474714409191 1776585341.25
-0.0388169587675  -0.106689766363 -0.0018692761052 0.113547156405 -1.73256535362 0.275490327931  9.77441042352 -1.30066924123 -2.44495570654 0.755129908313 1776585341.26
-0.0572233225752  -0.140820669028  0.0127860352439 0.152540001866 -1.87787648572 0.152753616902  9.76898600537 -0.759928971878  -1.39723101037  0.893167731816 1776585341.28
-0.066256124616 -0.157140341142 0.0303808136147 0.17322226964  -1.61567147116 0.0800122105736   9.66897991432  -0.16642229378 -0.271547382725   0.77902108005 1776585341.3
-0.0649346949392  -0.153403135806  0.0488828915675 0.173604647893  -1.66981154253 0.0954650780907   9.48420391605 0.257501471705 0.585187670357 0.755385643646 1776585341.33
-0.0542740878511  -0.129910437817  0.0655303546792 0.155295285988 -2.08700896562 0.219084108439  9.10530650116 0.772472625286  1.77243312654  0.78631349517 1776585341.34
-0.0370766804096 -0.0894831130439  0.0772400553765 0.123886778571 -1.90666309063 0.389691916482  8.81548601648  1.05188736509  2.64328894548 0.445935588294 1776585341.36
-0.0173159929369 -0.0370383994451  0.0811983152848 0.0909112372039 -1.46282406517 0.576756403885  8.66545702518     1.0448833745    3.05638783494 -0.0479802361033 1776585341.38
0.000729213285148   0.0211028876502   0.0755040379895 0.0784010419058 -0.752803078449   0.62424564158   8.85497296825  0.682469469578   2.55908763109 -0.478189409494 1776585341.4
0.0133701273986 0.0780267785552 0.0596973127975 0.0991499250307 -0.236422575519  0.707717228659   9.00366137734  0.366455689859   2.22050473484 -0.848811648165 1776585341.42
0.0182098223693  0.127025039532 0.0350141642659 0.133014848788 0.337970993427 0.981378391512   9.0593685814 0.0300095230487   2.26329524156  -1.48865885095 1776585341.45
 0.0144875755662   0.162303863412 0.00426493879693 0.163004980375  1.0426640034 1.05410132063 9.43966879984 -0.452070619993   1.56224648666  -1.89333102703 1776585341.46
0.00300393288956   0.179572907865 -0.0286700945035 0.181872007661  1.48673055077 0.841218260998  9.97797221354 -0.802329345331  0.395715859886  -1.77963118844 1776585341.48
-0.0143161409747   0.176510108672 -0.0596240272462 0.186857686437  1.55883612864 0.509675134275  10.4077168993 -0.913472906361 -0.635471532592  -1.35197269529 1776585341.5
-0.0350636088946   0.153090634607 -0.0850114229769 0.178586508756  1.46150142106 0.209184836399  10.6998824114 -0.916673730545  -1.39169864125 -0.922328633178 1776585341.52
-0.0569785935702   0.111739759821   -0.10254966183 0.162014712887    1.52088390291 -0.0661402851695    11.1167336751  -1.06568184905  -2.35805916176 -0.654984874264 1776585341.54
-0.0783804108521  0.0572425334083   -0.11163461273 0.147927290233   1.31900261211 -0.401187274411   11.4484636635   -1.1598488041  -3.24088147749 -0.301048502672 1776585341.56
-0.0982768923222   -0.00365708415  -0.113268982278 0.150005280492  0.752130539429 -0.697228151711   11.4817124673  -1.11784481725  -3.55824246286 0.0609599426396 1776585341.58
 -0.116153577973 -0.0629942697088  -0.109574711333 0.171658233289 0.00768379049546   -0.81354054018    11.1328112307 -0.915228319646  -2.99587775658  0.281086917533 1776585341.6
  -0.1315611635  -0.11260870368 -0.103046644325 0.201513450649 -0.544751372115 -0.712162394217   10.5790998676 -0.609705826807  -1.82246903605   0.30535584702 1776585341.62
 -0.143695340369   -0.14531923194 -0.0957811115097 0.225699028215  -0.99471270045 -0.699386610619   10.2187389459 -0.430808035224 -0.954340785209  0.310519200588 1776585341.64
 -0.151168698266  -0.156043989456 -0.0889138623822 0.234749604695  -1.57547084571 -0.800527566857   9.86701230348  -0.22746697579 0.0722519194314  0.361143000028 1776585341.66
 -0.152106398717  -0.142647568908 -0.0824271077696 0.224229600056  -1.81801599254 -0.792784285379   9.43667791453 0.195692816063  1.47600498124 0.402462567363 1776585341.68
 -0.144579311301  -0.106343810474 -0.0753621048436 0.194657725582  -1.32807026556 -0.601126067681   9.21639892238 0.618184910331  2.26598263046 0.400155979249 1776585341.7
 -0.127261558632 -0.0515777689997 -0.0663448463822 0.152503800615 -0.756862261163 -0.478718188729   9.15420406134  0.94237912525  2.56240653027 0.447581687009 1776585341.72
 -0.100107587888  0.0145784716865 -0.0542403201435 0.114787078187 -0.246938092469 -0.498763576414   9.04384925444  1.41554617851  3.05958423779 0.626193621573 1776585341.74
-0.0648173447331  0.0833901575058 -0.0387214674765 0.112492482374  0.465193743609 -0.592508002245   8.91723547684  2.03795423264  3.55090873206 0.912307297049 1776585341.76
-0.0249045586473   0.145611391333 -0.0205750536534 0.149151758824    1.2328568793 -0.598946174392   8.98813739041 2.23477474804 3.07022900537 1.04167352843 1776585341.78
   0.014712811585    0.192652083319 -0.00165085952332 0.193220126719  1.58019412015 -0.47484711945   9.2333855421  1.79286133577  1.75763590741 0.881357213638 1776585341.8
0.0485504087046  0.217623144623 0.0155348585086 0.223513550126   1.62657856261 -0.334438951953   9.45017900069  1.21649683902 0.502378289452 0.642754180959 1776585341.82
 0.071653150776   0.21616680961 0.0284344147711 0.229501153672   1.83374262491 -0.236300830745   9.58212124341  0.776650998381 -0.739509226564  0.474358804138 1776585341.84
0.0806983557976  0.187012608437 0.0351700122267 0.206695113882   1.79300534574 -0.064512636068   9.76177377211 0.0895162482198  -2.36047716267  0.187683098812 1776585341.86
0.0748368298273  0.132215551116 0.0351094348021 0.155930033885  1.20727908725 0.170032923453  9.98753879584 -0.719039101284  -3.79155869747 -0.175513056808 1776585341.88
0.0560498224575 0.0570386462434 0.0291534556519 0.0851170590378 0.301923397236 0.332484685321  10.1520821987  -1.14818382585  -4.06861080365 -0.386611987288 1776585341.9
 0.0289043193744 -0.0305471564409  0.0196432187245 0.0464159938705 -0.424722777236  0.405358390728   10.2536310667  -1.21302099142  -3.82889501185 -0.414843768194 1776585341.92
-0.000272033563392     -0.12074102542    0.0098918178496 0.121145851279 -1.17533190297 0.510506645238  10.4328934021  -1.27823410127  -4.11982640378 -0.386793389466 1776585341.94
-0.0246346917885  -0.203106652078 0.00344232440021 0.204624118215 -2.01128860339 0.572065902749  10.6249900008  -1.05805681599  -4.10478240275 -0.185768158046 1776585341.96
-0.0382165388133  -0.267948561988  0.0032297173445 0.270679453939 -2.66998323911 0.513745417995   10.719646821 -0.392161309759  -3.27353342852  0.232082819129 1776585341.98
-0.0371611589866   -0.30767027958  0.0108555437789 0.310096429365 -2.59166915001 0.293754359518  10.5485527875 0.525954241353 -1.48377942618 0.681390666328 1776585341.99
-0.0205163389638  -0.317882929488  0.0261608965638 0.31961675415  -1.88903369863 0.0535944457826   10.2060898981  1.12821628588 0.232044188576 0.877333873197 1776585342.01
0.00958863842178  -0.298055085276  0.0472095490746 0.301923032195   -1.15618377967 -0.0979948845268    9.89111177075  1.31861128272  1.26851758832 0.851803272736 1776585342.04
0.0484127323601 -0.251572455381 0.0706880512377 0.265761723257 -0.979757142499 -0.287233542866   9.53468538544 2.12671761068 2.99996140408 1.20708632329 1776585342.06
0.0895994480369 -0.185191327742 0.0926222326941 0.225616415512 -0.410751938901 -0.507876411293   8.88143279254 2.85403466007 5.25044361772 1.40937050689 1776585342.07
 0.126460908055 -0.107990616069  0.109229558277 0.198960877628 0.313972198065  -0.3414854546  8.87091596913 1.55285953499 3.78538012076 0.61166028573 1776585342.09
  0.153254669806 -0.0300200417117   0.117695570146 0.19555164012  0.681350297811 -0.238096146911    8.8186512328 0.831631450463  3.08039252107  0.15617441283 1776585342.11
 0.166176263552 0.0391164756315  0.116687816766 0.206786594864  0.979957614479 -0.144158929825   8.73886503981 0.226891622413   2.5965197667 -0.23929305474 1776585342.14
 0.163874959767 0.0915172478403  0.106494796843 0.215804427308    1.33070771509 -0.0299108397491    8.63471082489 -0.479030384708   2.11528434867 -0.712996857167 1776585342.16
0.147426564144 0.121910692797 0.088780449764 0.210899921986  1.45820702312 0.121364269773  8.81200869911 -1.24857996637  1.03882017353 -1.14657764729 1776585342.18
 0.119830430309  0.128162354255 0.0660484703588 0.187476189189  1.15083456111 0.223431737815  9.32013224077  -1.59179467904 -0.270375479616  -1.22268630341 1776585342.2
0.0852034404498  0.111341737433 0.0409857422568 0.146069982637 0.743796147069 0.253513853592  9.80736402756 -1.56071091241 -1.14505907196 -1.08850515346 1776585342.22
0.0478955792374 0.0753853452944  0.015878092564 0.0907141147733 0.47780920385 0.29561944285 10.2433675163 -1.66384050721 -1.92317135488 -1.10363511068 1776585342.24
 0.0117399319939  0.0264280005218 -0.0077430312853 0.0299369295067 0.195065076367 0.356602526465  10.7875141977 -1.85862936436 -2.81569172241 -1.22500782306 1776585342.26
 -0.020417171622 -0.0281036293328  -0.029146297894 0.0453451382139 -0.167090313548  0.345285991459    11.159247296  -1.6441469408 -3.00085293975 -1.13413919475 1776585342.28
 -0.046858643094 -0.0805245485204 -0.0481645648568 0.104879743778 -0.433713695135  0.282788968464   11.1926676331 -1.18278478803 -2.44019503824 -0.90778726039 1776585342.3
-0.0668625025694  -0.123924667339 -0.0647930868662 0.155003424254 -0.560454778743  0.218029994269   11.0175875511 -0.747433064807  -1.61594362702 -0.682164053694 1776585342.32
-0.0804097895321  -0.153061828203 -0.0787858835246 0.190002297218 -0.679249085251  0.191374840949   10.9131852706 -0.478959121781 -0.935829615187  -0.56106896408 1776585342.34
 -0.087873398206  -0.164977478496 -0.0894059628156 0.20720214456 -0.817701053323  0.179659799518    10.822763125 -0.249577201981 -0.163935031803 -0.442284946774 1776585342.36
-0.0897988412373  -0.159229036096 -0.0954245676701 0.206212429156 -0.787020466332   0.12903165278   10.5057728137 0.0291923771859  0.761532118857 -0.166615434189 1776585342.38
-0.0868276783213  -0.137698121477 -0.0953744069581 0.18866927647 -0.598529450952 0.0482183697919   10.0893258617 0.267180322776  1.46731557417  0.19801353704 1776585342.4
-0.0797466076235  -0.104023627316 -0.0879746240802 0.157860606072  -0.323231029748 -0.0359781986465    9.72711710602 0.386597377741  1.68023280706 0.511100409666 1776585342.42
-0.0695943721235  -0.062798579693 -0.0725911436336 0.118560163532 -0.106860250445 -0.119634918896   9.43409744319 0.499608811609  1.93642019801   0.8714183142 1776585342.44
-0.0577399223797 -0.0187285148057 -0.0495905361485 0.0783828883031  0.148336133414 -0.225494873604   9.09158933362 0.624993661954  2.28697924358  1.37215524705 1776585342.46
-0.0458606393036  0.0240479879379 -0.0204844295926 0.0556876630586  0.432129373983 -0.297393265582   8.83258199013 0.60724779726 2.24250217797 1.70865675022 1776585342.48
-0.0357887961559   0.062334683098  0.0121749246181 0.0729018479647  0.619090268621 -0.285133879097   8.78198760684 0.423405637542  1.77986563055  1.67148311463 1776585342.5
-0.0292414059529  0.0939100767348   0.045123501575 0.108214105961   0.67096018482 -0.207906560707   8.89378989595 0.180747478717  1.19659366352  1.36506397539 1776585342.52
-0.0274875549803   0.117290982685  0.0748686084261 0.141838107805  0.812485679194 -0.139642016263   8.85917101651 -0.0421259823106   0.883180810247    1.25167654449 1776585342.54
-0.0310289086174   0.131385477069  0.0982350264738 0.166958249814   0.963067769856 -0.0250371754535    8.83852663883 -0.328757080737  0.495986005524   1.05160902284 1776585342.56
-0.0393715677533   0.135220038424   0.112882497075 0.180491100292 0.885243025608 0.127086472232  9.06592749139  -0.557520335404 -0.0979293132751   0.545027482503 1776585342.58
-0.0509542301481   0.127885563379   0.117713863643 0.181128696193  0.66427658774 0.245112039752  9.40443062894  -0.633051802159  -0.700974444896 0.00597494886404 1776585342.6
-0.0632732011213   0.108753903859   0.113108088467 0.169187320037 0.338418563379 0.262943649224  9.76170111841  -0.48226703962  -1.08298118142 -0.363669100102 1776585342.62
-0.0732124488648  0.0779024004798   0.100929332034 0.147022368142 0.0919160798667  0.280225792981   10.0653568685 -0.322453963139   -1.6300535389 -0.651019349473 1776585342.64
-0.0775488655498  0.0365882616841  0.0842861950126 0.120235976774 -0.236013718663    0.2728544763   10.4687598745 -0.00975202559209    -2.51635892691   -0.943801876729 1776585342.66
-0.0735625198137 -0.0124279774499  0.0670494354485 0.100307156967 -0.586494191437  0.130757132639   10.7454689148 0.506276403485 -2.86941999781 -0.87955043438 1776585342.68
-0.0596454338972 -0.0648829197884   0.053182689144 0.102935754185  -0.766755216817 -0.0543800348653    10.7385413513  0.920845677353   -2.5100698589 -0.513247397096 1776585342.7
-0.0357802860255  -0.115415968344  0.0459909306141 0.129291300232 -0.830160538808 -0.199587392363    10.601820166   1.17361920067  -1.96266365692 -0.120816192724 1776585342.72
-0.00376377529928   -0.158334782502   0.0474300487381 0.165329001926  -1.07658776984 -0.384549028187   10.5814149486  1.67420735917 -1.78304498335 0.283693303887 1776585342.75
0.0329139215675 -0.188575879846 0.0576311175976 0.199913817452  -1.30411047417 -0.572352584161   10.4055596917   2.1219045488 -1.28182158226 0.791097783481 1776585342.76
0.0695534889788  -0.20262501778 0.0747645135678 0.226901560481  -1.16988621502 -0.569831626279   9.97427387428   1.88359160075 -0.292814580471    1.0417834727 1776585342.78
 0.101027722775 -0.199164541485 0.0953037385272 0.242808397571 -0.991680485479 -0.488806371203    9.5324139536  1.44809136452 0.635683413912   1.0868154776 1776585342.8
 0.122711921795 -0.179289519151  0.114660758353 0.245662445104 -0.612186455346 -0.263529092854   9.25504391666 0.660957171346  1.15269969369 0.713977653066 1776585342.82
 0.131366357623 -0.146254403563  0.128076069694 0.234629388835  -0.398834687751 -0.0862387981382    8.98520973759 0.0669789869901   1.62898562898  0.370202773844 1776585342.84
 0.125773249663 -0.104835435466  0.131581170549 0.210054715023 -0.202542985752  0.139809873203   8.60561675548 -0.650516184963   2.28812464638 -0.140033409522 1776585342.86
  0.106980903149 -0.0604810428274   0.122826733226 0.173750616042 0.0858602804276  0.386967183931   8.51608305087  -1.31640873657   2.38514198914 -0.827956339216 1776585342.88
 0.0780953390558 -0.0184499661319   0.101594110124 0.129462915325 0.364556141504 0.578040737192   8.6365444407 -1.73809383126  2.12394755121 -1.45348843796 1776585342.9
0.0436619354909 0.0168946223311 0.0698759743318 0.0841097180077 0.488258289005 0.554212999131  9.07846504454 -1.51250708229  1.33059909853 -1.52913217301 1776585342.92
0.00877135252396  0.0425364815123  0.0315081320753 0.0536567914753 0.675870260183 0.602166061247  9.34435027009 -1.48454215384 0.907525202201 -1.77572341362 1776585342.94
 -0.0219154562852   0.0569831678653 -0.00856390673194 0.0616498916679 0.937384989866 0.661445240318  9.65988046333 -1.43542962263 0.471690503208 -2.04774688673 1776585342.96
-0.0450119466634  0.0602099857078 -0.0452177357296 0.087726628488 1.00365561793 0.55015196574 10.0621662901  -0.989110728997 -0.0945621383117   -1.75020073779 1776585342.98
-0.0589402765616  0.0534434770367 -0.0740781771413 0.108709418946  1.01736223672 0.416524573202   10.445659613 -0.528383617506 -0.592713486293  -1.30510073405 1776585343
-0.0640469914778  0.0388574543274 -0.0922340514081 0.118823562955 0.741806086871 0.210372439198  10.5831620634 -0.0775755336233   -0.79242363157  -0.568231049918 1776585343.02
-0.0622890994578   0.019235702021  -0.098607884659 0.118209386516  0.549453559035 0.0861511877571   10.7363079507   0.173083062729  -0.955606449588 -0.0393372043877 1776585343.04
 -0.0565801169493 -0.00236780102225  -0.0939310745878 0.109681187489   0.330362520786 -0.0152580247049    10.9542276711 0.333530584912 -1.14189820688 0.493445758001 1776585343.06
-0.0499657433528 -0.0229553859202 -0.0803759501095 0.0973848992788 -0.0373882512219  -0.098617780446    10.8899513316 0.313385542954 -1.00127559124 0.879599779497 1776585343.08
  -0.04483782746  -0.039884744976 -0.0609732197097 0.0855509039982 -0.423583175617 -0.164373388586   10.7668637935  0.206684559575 -0.767484320292   1.12819052488 1776585343.1
-0.0423815512687 -0.0511178597818 -0.0389775328026 0.0769966203153 -0.641012757391 -0.185215201525    10.424254626 0.0555123932883 -0.351027204806  0.988159439537 1776585343.12
-0.0423859960312 -0.0553886618875 -0.0173289048642 0.0718663166514 -0.824964715654 -0.235212765462   10.1947813798 -0.0233337779508 -0.0249852971401   0.889034299847 1776585343.14
-0.0434490860297 -0.0522609525664 0.00169633582168 0.0679846144005  -1.12741302974 -0.378681825506    10.013961372 -0.0298561046492    0.35627050956   0.908008643798 1776585343.16
-0.0435023369497 -0.0420674549665  0.0166221820359 0.0627568404486  -1.12193079907 -0.508519668993   9.75870489827 0.0817458671022  0.734673329009  0.693960971124 1776585343.18
 -0.040499548744 -0.0257526231116  0.0267356904913 0.0549382215916 -0.895863680568 -0.629072470434    9.5311385708 0.287142843507  1.03015476488 0.422179861129 1776585343.2
 -0.0330790678323 -0.00467289476854   0.0319472873207 0.0462243425191 -0.428833240497 -0.602377268683   9.43208586698 0.438514818169  1.02087082703 0.132510111127 1776585343.22
-0.0210280373203  0.0195774253774  0.0326195786421 0.0434682740483 -0.0375811538969  -0.632174454003    9.33774973144   0.601678610181    1.08693197456 -0.0551995189585 1776585343.24
-0.00543885991946   0.0452591208549   0.0294115046705 0.0542494776451  0.462793981898 -0.779972201402   9.13400905543  0.880910250687   1.37994717148 -0.256568211662 1776585343.26
0.0114685581477 0.0704833887986 0.0231548308112 0.0750705142678  0.963002457591 -0.704070349063   9.06951056068  0.895071422928   1.32931826551 -0.406723903982 1776585343.28
0.0268044232172 0.0931453387762 0.0147600325549 0.0980427957616   1.33299629603 -0.515227786681   9.06767274125  0.718014399563   1.10845969222 -0.494246412384 1776585343.3
 0.0376330991165   0.110875808571 0.00514442529099 0.117201365977   1.29838363099 -0.219319369626   9.21227825178  0.339407037851  0.640457683813 -0.448426049896 1776585343.32
  0.0416227473487    0.121107368118 -0.00481800153209 0.128150929954   1.23275142341 0.0244631134446   9.30470119544 -0.00104266810261    0.222816303906   -0.414983853779 1776585343.34
0.0375841974499  0.121326007036  -0.01431852942 0.127818590846  1.41279885664 0.326813789984  9.27388787718 -0.432133786401 -0.316341099336 -0.485454504326 1776585343.36
 0.0257920749221   0.109518613718 -0.0226020107391 0.114762401373   1.1305922587 0.615523340277  9.41578536643 -0.850086365893  -1.05203074102 -0.420144978044 1776585343.38
0.00802567100831  0.0847456315308 -0.0289274761589 0.0899056857802 0.617359711381 0.783296498691  9.64690434021  -1.07143138564  -1.72164616849 -0.276301746446 1776585343.4
-0.0126823985896  0.0476953081904 -0.0325238446217 0.0591057199122 0.0637609324408  0.757433623229   9.89787046538   -0.98355645396   -2.02899000437 -0.0884559464228 1776585343.41
-0.0325514167946 0.00103868697535 -0.0325767681647 0.0460642966953 -0.379043480077  0.689822837015   10.1276695578 -0.794735627834  -2.22855628526 0.0961677539046 1776585343.44
-0.0477280027035 -0.0505777509041 -0.0282831173738 0.0750733365248 -0.860357958894  0.668118463643   10.4320950599 -0.579424057944  -2.63196112156  0.350428922362 1776585343.46
-0.0550127635232  -0.100989163814 -0.0189924072446 0.116558684324 -1.17311922533 0.480507882522  10.6527167398 -0.123934010115  -2.41012872897  0.619618598135 1776585343.48
 -0.0525005936697   -0.143389712597 -0.00442214393166 0.152762814098 -1.36788200508 0.255159302447  10.8195763558 0.404468207698 -1.89937510621 0.918742058713 1776585343.5
-0.0400026225318  -0.171476503974  0.0151028506115 0.176727183311   -1.13317839421 0.00589749167267    10.6765289655  0.762795928597 -0.851473467075  0.980945361848 1776585343.51
-0.0191520596991  -0.180615123453  0.0384636247208 0.185655796132  -0.88507012665 -0.162296491751   10.5090907706  0.991069893586 0.0575463086014   1.02796128905 1776585343.54
0.00684318378621  -0.168756410018  0.0636924362309 0.18050562739 -0.757689276733 -0.344557872247   10.4190825373 1.39260397073 1.15084536373 1.30645812183 1776585343.56
0.0337623916176 -0.136886718069 0.0881048121208 0.166253813762 -0.325528326925 -0.406398026786   10.0586415428 1.34458483886 2.13467573948 1.20126520457 1776585343.58
 0.0571370779852 -0.0889093429628   0.108625491668 0.15155531791  0.156050538587 -0.365463183143   9.63543512848 1.04499205856  2.8159435719 0.90828453775 1776585343.6
0.0730583707484 -0.030995712555   0.12226002885 0.145759302919  0.541847078409 -0.211828107245   9.29362197516 0.508740514744  2.77222152482 0.421473977714 1776585343.62
0.0788546237723 0.0294335964186  0.126617729643 0.152040908141   0.821380972044 -0.0425244101145    9.05241960073 0.00960804447861    2.53185727463 -0.0413189351311 1776585343.64
0.0734980684206 0.0848709190569  0.120369130068 0.164601842142  1.29500359274 0.172142358809  8.65792032502 -0.576229527403   2.70211032793 -0.627843920849 1776585343.66
0.0576646799634  0.128799497142  0.103529746867 0.175022667863  1.41384315697 0.390682960658  8.62175905039 -1.08566380976  1.94242761461 -1.16226533961 1776585343.68
  0.03345436907  0.156515554082 0.0775000545714 0.177827365549  1.35764596637 0.562136107341   8.7725834031 -1.44064485302 0.985469617882 -1.57113122916 1776585343.7
0.00385839946598   0.165605552827  0.0448499636876 0.171614701049  1.07633214722 0.621077058239  9.12051632495 -1.51854506651 -0.01103060121 -1.69841078227 1776585343.72
-0.0278818607068   0.156070012158 0.00889878860031 0.158790539044 0.682178122144 0.570562486711  9.53199327624  -1.36890080421 -0.774035057153  -1.56403119245 1776585343.74
-0.0588603895264   0.130141667297 -0.0268090944667 0.145327652455  0.39153200129 0.613062726708  9.92229418223 -1.49871858745 -1.63041471321 -1.72470344473 1776585343.76
-0.0868943624602   0.091871935262 -0.0590119358737 0.139547451756 -0.0606390442875   0.535020595924    10.3928649107 -1.41808057423 -2.28923305868 -1.59700365214 1776585343.78
 -0.110634159996  0.0465623354279 -0.0851153021862 0.147148167181 -0.523270335245  0.351331813149   10.7668687412 -1.13955312946 -2.46005231836 -1.18981738322 1776585343.8
  -0.129400634456 0.000109953951167   -0.103393106009 0.165634147016 -0.872737747996  0.146459560711   10.9800374093 -0.818983115669   -2.2437084276 -0.709240273947 1776585343.82
   -0.1428400843 -0.0416698910946  -0.113005667859 0.18684204686  -0.971294024083 -0.0365825059905     10.924761359 -0.459864906976  -1.60475650296 -0.228290970616 1776585343.84
 -0.150546198906 -0.0736801560242  -0.113890409367 0.202642415951  -1.21254238475 -0.213200957682   11.0731096366 -0.22150253583 -1.24465012591 0.157978926239 1776585343.86
 -0.151809705886 -0.0920713034111  -0.106608399396 0.207095781065  -1.24324224507 -0.391691601689    11.027651013  0.130611342148 -0.553988483003  0.573826358223 1776585343.88
 -0.145613658162 -0.0946015455397 -0.0922198419765 0.196614569948  -1.02361804256 -0.534792348894   10.7821776597 0.556764876962 0.300546462874 0.915967291218 1776585343.9
 -0.130906651369 -0.0807876550373 -0.0722195307424 0.169937803916 -0.640501632125 -0.635926502144   10.4251885773 1.00048647432 1.11029777078 1.13503486168 1776585343.92
 -0.107085316912 -0.0518444143841 -0.0485100951644 0.128484776272 -0.167820804064 -0.622395193188   10.0039500789 1.25573542328 1.56673391173 1.08856259841 1776585343.94
-0.0745355824365  -0.010455590098  -0.023352997128 0.0788050435462  0.252893344949 -0.717450722305   9.63850570081 1.71419103191  2.1747562407 1.17256455986 1776585343.96
 -0.0350475118651   0.0395483552518 0.000766196447961 0.0528487232396  0.726302365243 -0.812555342551   9.20779078395 2.18984640491 2.75695764215 1.18625694384 1776585343.98
0.00805803786958  0.0935275532794  0.0213886136923 0.0962798420876   1.14380794215 -0.813173155305   8.78540823011 2.39938352643  3.0063837954 1.00389197342 1776585344
0.0501804913233  0.146337488743 0.0364252344339 0.158932501473   1.19721828608 -0.600321235019   8.66152520182  1.91395114224  2.43108391087 0.567545611956 1776585344.02
0.0860607244539  0.192605879876 0.0445188188029 0.215604727415   1.09425735298 -0.372080693983   8.68377277367  1.29499863613  1.72762105465 0.190587751837 1776585344.04
 0.110670204943  0.227035104882 0.0453276364955 0.256607536408   1.18239686295 -0.202993623751   8.49999546379 0.847672084254   1.2961793638 -0.12099060895 1776585344.06
 0.120196151463  0.244802521579 0.0396465737717 0.275585268492   1.09792036212 0.0566980481036   8.49451769992 0.0632634985063  0.424189283473 -0.450510079079 1776585344.08
 0.112917646013  0.242104464615 0.0293232282998 0.26874675493 0.761006139149 0.333844522457  8.81049311606 -0.874686189918 -0.804531037162 -0.651705055875 1776585344.1
0.0897745434889  0.216820911605 0.0169802553215 0.23528515771  0.29740624082 0.491389367401  9.34455158999  -1.51835776168  -1.89438609703 -0.616337926602 1776585344.11
 0.0544759692322   0.169189435776 0.00560034637878 0.177831550299 -0.0955295646103   0.470888990118    9.84986967773  -1.60583336978  -2.39754273875 -0.396255877994 1776585344.14
  0.0130730345771    0.102303957852 -0.00194662982691 0.103154221402 -0.465980256534  0.499063268184   10.3220186975  -1.88435872762  -3.39975918641 -0.207188788532 1776585344.16
 -0.0269777772662   0.0222306222202 -0.00335564634756 0.0351178215857 -0.944777806276  0.452839704383   10.9180647111  -1.9780113926 -4.57642917088 0.130321088154 1776585344.18
-0.0581231405044 -0.0624191846521 0.00274412324142 0.0853345433403 -1.25355543496 0.216671644338  11.2690868644 -1.31388309154 -4.55971010986 0.554161622786 1776585344.2
-0.0741576097682  -0.141502635805  0.0165435765822 0.16061144714   -1.38186738982 -0.0556229564718    11.3332380904 -0.354539249478   -3.7719319887  0.906139619676 1776585344.22
-0.071509281477 -0.204833919873 0.0369567321632 0.220082512072  -1.17755103439 -0.238510662542   10.9756791975 0.518621493592 -2.20471254088 0.972152459942 1776585344.24
-0.0500737522233   -0.24388555556  0.0616886036326 0.256501517911  -1.19203631424 -0.389814943045   10.7836514749  1.33239018609 -1.11197921607   1.1579549417 1776585344.26
-0.0133794749221  -0.253347589065  0.0874762402344 0.268358163356  -1.22616733168 -0.511901354352   10.4831714224  2.28642730079 0.325889375959  1.35983022611 1776585344.28
0.0319928992221 -0.232188420113  0.110496940181 0.259122715764 -0.860259845168 -0.404778640634   9.86440024866 2.51740293234 1.91909487795 1.09067175407 1776585344.3
0.0776425931733 -0.183958623787  0.126911801937 0.236591954663 -0.377393343038 -0.167453061782   9.26758229747  2.18477428335  3.05231950283 0.605024637664 1776585344.32
 0.114978613885 -0.116250166331  0.133477987847 0.211070026443 0.0989932748413  0.105406130994   8.95172373029    1.2731846117   3.10589931474 0.0261720518794 1776585344.34
   0.13689329382 -0.0394181472162   0.128129781166 0.191600639468 0.537198765017 0.388241841744  8.59888756094  0.551527746176   3.46030496662 -0.527145608602 1776585344.36
 0.139112318396 0.0351655659918  0.110411194852 0.181051059399  1.11897328902 0.773611541671  8.18802242877 -0.447793295617   3.82645947502  -1.30391453133 1776585344.38
  0.12093233875 0.0969705579217 0.0816536024161 0.175200543512  1.43179952533 0.967566875083  8.30786293427 -1.50304678344  2.86513949431 -1.82839463935 1776585344.4
0.0852043675831   0.13792603934 0.0448343882142 0.168206714937 1.53198659907 1.01622782658 8.65774409912 -2.27876773795  1.54659110449 -2.12014163356 1776585344.42
 0.0375976381054   0.153529506237 0.00411986985776 0.158119780559 0.99519878523 0.65300547142 9.34364421121 -1.87916554043 0.101194178105 -1.51785591865 1776585344.43
-0.0146597246394   0.143303779895  -0.035828704089 0.14844048267 0.950542686025  0.63279321069  9.70270596154  -2.30181649617 -0.970289523848  -1.68959151065 1776585344.47
-0.0642577681922   0.110594183702 -0.0706445738242 0.146119095442 0.858530931771 0.636743762802  10.3228692678 -3.12289249421 -2.81215087436  -2.1097275594 1776585344.48
   -0.1051612013  0.0618076005691 -0.0969686440106 0.155826748886 0.0998766809751  0.207598178742   10.6440899649 -1.84436521159 -2.80330345201 -1.12540312001 1776585344.5
   -0.1335558454 0.00526605355037  -0.112929188504 0.174979703899  -0.491665871771 -0.0614755728967      10.96705089  -1.16392181506  -3.02608290489 -0.576422530056 1776585344.52
 -0.148212364608 -0.0501212142669  -0.118289372048 0.19614131814 -0.821225956363 -0.229384349425   10.8675340285  -0.364795704302   -2.21657342966 -0.0289001260106 1776585344.53
 -0.150248692349 -0.0961631041314  -0.114251642071 0.211838263458  -1.13470321073 -0.357962523343   10.8756877119 0.127750343565 -1.68516276009 0.337413183806 1776585344.56
-0.142423141103 -0.126487223058 -0.102998921315 0.216545945496 -1.53426575426 -0.51864351347  10.9678103961  0.58760084415 -1.09591835536 0.723020521424 1776585344.58
 -0.128196485052   -0.13729207628 -0.0871172385422 0.207057639898  -1.46446802481 -0.551133489585   10.7457094229    0.83862927234 -0.0312006599762   0.900992861947 1776585344.6
-0.110834861954 -0.127662444564 -0.069061620324 0.182624132519  -1.22731473349 -0.574485852675   10.5002126781 0.973690906795  1.04090960656 0.998654652776 1776585344.62
-0.0927798266211 -0.0994304307256 -0.0507925584197 0.145170213105 -0.623767455293 -0.463515693432   10.1300129895 0.796694994741  1.59700416054 0.796547213819 1776585344.64
-0.0754061582344 -0.0566443164029 -0.0336394883626 0.100131326056 -0.159886646478  -0.46070417123   9.88800613863 0.761521512267  2.14389997714 0.734420969593 1776585344.66
 -0.0591594728002 -0.00477955793087  -0.0183686643425 0.0621296646196  0.384872206445 -0.536775171254    9.6287055213 0.840893274523  2.85486175427 0.755738828794 1776585344.68
 -0.0439559417342   0.0501302565068 -0.00537412995948 0.0668883301032  0.895224415933 -0.515172340965    9.3812262687 0.782439735201  2.83985888277 0.622893228284 1776585344.7
 -0.029666020591   0.102266695565 0.00511080740892 0.106605206965   1.30630072868 -0.476120114128    9.1550100407 0.736602377226  2.58790777159 0.489467382752 1776585344.72
-0.0165035983178    0.14657867301  0.0128677697382 0.148065038536   1.30283978765 -0.326371313095   9.10941572299 0.552046675719  1.73248409441 0.283036790368 1776585344.74
-0.00519240898109    0.179072054083   0.0176585371272 0.180015514881 1.39782236652 -0.2153559838 8.99129576404  0.45418680815  1.16322496413 0.148739500801 1776585344.76
0.00313828666643   0.196883812979  0.0193001982344 0.197852425581    1.55408074169 -0.0676023417697    8.81351918437   0.339816320675   0.522025307613 0.00419119561502 1776585344.78
0.00729133034042   0.198249555171  0.0178125079353 0.19918166347  1.32699357765 0.144383508143  8.88536056324 0.0907861092712 -0.392840465446 -0.156054213801 1776585344.8
0.00646574385743   0.182485576926   0.013580559844 0.183104405286 1.01824030582 0.36034485989 9.05915488753 -0.184385960121  -1.34823396867 -0.289289151209 1776585344.82
0.00070161461256   0.150065416952 0.00747368784093 0.150253045353 0.479906202645 0.418545327058  9.46496898769 -0.337549587389  -1.75745355436 -0.280266520171 1776585344.83
  -0.008840787041    0.102792049997 0.000871588151971 0.103175213709 0.129492416007 0.477570564683  9.78212454684 -0.437911069765  -2.25738258122 -0.253375823584 1776585344.86
 -0.0198776698502   0.0439815074833 -0.00443350864147 0.0484680385208 -0.258326022514  0.616206861148   10.2040351384 -0.559578003218  -3.39612115324 -0.200523008934 1776585344.88
 -0.0293175361436  -0.0214828864316 -0.00646619017317 0.0369167164076 -0.676970318167  0.545993013306   10.6409897625 -0.397423235921  -3.73430320984 0.0291685622253 1776585344.9
 -0.0338564974631   -0.087367583628 -0.00340754370986 0.0937601644815 -1.01120233048 0.364696235075   10.949858608 -0.0396992041392   -3.51165284829   0.349940856184 1776585344.92
-0.0307326335262  -0.146657455095 0.00600762134033 0.149963313555 -1.00114415013 0.112942607788  10.8371099437  0.34050741361 -2.32417116986 0.564541461473 1776585344.93
-0.0184613847406  -0.192448635365  0.0221166566116 0.19459302783   -1.09371863356 -0.0638170501729    10.7868929101 0.720700821049 -1.56266405173 0.822002389104 1776585344.96
0.0026414375405 -0.219020992908 0.0440727453831 0.223426899482  -1.40019146526 -0.261654745615   10.8085094429    1.3252948655 -0.826518035298   1.29561997954 1776585344.98
0.0303055522651 -0.222862058076 0.0697916454543 0.235492669108  -1.27573128537 -0.366221388735   10.3987886968  1.55622456257 0.419561715659  1.39848088858 1776585345
0.0605930582213 -0.203397102897 0.0961502128217 0.232995200803   -1.0571151008 -0.389415817705   9.88941436338 1.59324991699 1.62994827936 1.35689981513 1776585345.02
 0.088587150717 -0.163238021632  0.119427480562 0.220810457388 -0.582240639169 -0.258149274116   9.41490144913  1.10552452614  2.16638973707 0.901863040378 1776585345.04
 0.109337515637 -0.107877293261  0.135914888799 0.205097683371 -0.215033040939 -0.123697951951   9.02316363437  0.66336829466  2.59456982722 0.507367111953 1776585345.06
  0.118847458287 -0.0448837354619   0.142571614796 0.190960554555  0.191666565973 0.0505355583031   8.46310000259  0.150170947642   3.39329204556 0.0451899418648 1776585345.08
 0.114874497907 0.0172374388983   0.13758109595 0.180060649593 0.613641852923 0.262774629572  8.28210164403 -0.579171623266    3.1050601948 -0.590017080167 1776585345.1
0.0973620798492 0.0703038715905  0.120683905277 0.170254556315 0.948452904993 0.449536255932  8.29587083775 -1.25604249397  2.44335725242  -1.1993303325 1776585345.12
0.0684114811324  0.107621123806 0.0932159525535 0.157960915578 0.955668154948 0.484225603668  8.72555094712  -1.4837674454  1.23553746939 -1.42225117598 1776585345.14
 0.031815018305  0.124885100473 0.0578543927056 0.141264342512 0.940141303136 0.509856951481  9.07561846669 -1.66049449807 0.285616940047 -1.63725610749 1776585345.16
-0.00772463093685     0.12071708009   0.0181453548303 0.122317362833  1.00852097433 0.601025678085    9.399606965  -2.06767657578 -0.751455851635  -2.13742342905 1776585345.18
-0.0454949027977  0.0967883501003 -0.0220633461702 0.109199643497  0.74718979501 0.526269070231  9.93971586991 -1.92882733779 -1.74436320303 -2.13418921291 1776585345.2
 -0.077581840715  0.0575406910909 -0.0591495386172 0.113263149606 0.356043704411 0.376243518889  10.4634659394 -1.51535748986 -2.36425892183 -1.84372758512 1776585345.22
 -0.101412382651 0.00954596570248 -0.0900978533981 0.135989779039 -0.0349558749418   0.181521158205    10.7579035651 -0.889173291026  -2.24778158293  -1.24114513803 1776585345.24
 -0.115937538353 -0.0394204205632  -0.112688019945 0.166415360457 -0.319760499367 0.0384758375533   11.0126164194  -0.45066986493  -2.04589937486 -0.795947078523 1776585345.26
-0.121464663603 -0.081485079981 -0.125513033517 0.192735581423  -0.59908923635 -0.102707441779   11.4140220898 -0.0867915754069   -1.85121616142  -0.400112310377 1776585345.28
-0.119238172694  -0.10982112024 -0.127904063964 0.206489394054 -0.684935613588 -0.233493703779   11.4819348067 0.280276437313 -1.01512160688 0.150359406936 1776585345.3
-0.110922649779 -0.119666762735 -0.119857577919 0.202459396724  -0.59221599107 -0.336669231489   11.3451378717  0.547648799883 0.0199820676987  0.671639084482 1776585345.32
-0.0981458210708  -0.109051523378  -0.102036303938 0.178707146657 -0.336392706995 -0.383532147982   10.9614356349 0.660474232985 0.933358107451  1.01222679648 1776585345.34
-0.0822139441535 -0.0790966665656 -0.0758593117118 0.1370038337 -0.0635864502502  -0.464726908289    10.6507755969 0.788680060577  1.73944933805  1.35052264914 1776585345.36
-0.0640381628019 -0.0338264142824 -0.0436309158682 0.0845503957279  0.292583773958 -0.633029513176   10.3307790843 1.03260754432 2.70744181955 1.82844341503 1776585345.38
  -0.044235500624   0.0204807835691 -0.00861068916747 0.0495013735062 0.662468744888  -0.7248788502  9.80837223005 1.13505012905 3.06915479132  1.9153326632 1776585345.4
-0.023317875713 0.0762804973194  0.025082257163 0.0836155321903   0.92384775566 -0.747253227448   9.28942626903 1.13835801166 2.83276103488 1.65017378255 1776585345.42
-0.00186961372028    0.125906697385   0.0528032729841 0.136543683632  0.881635546178 -0.601188128706   9.02701125459 0.912438350451  1.84681682854 0.959379630616 1776585345.44
0.0193643498088  0.162671268087 0.0699603113732 0.178132997145  0.977003111411 -0.592239610558    8.6982965568 0.927133135098  1.25098204095 0.447195357665 1776585345.46
0.0395147953941   0.18174673871  0.072764716422 0.199719803832   1.14097064904 -0.620559485772   8.25343440823   1.05780654288  0.497595216723 -0.301619409807 1776585345.48
0.0577374479243  0.180722082956 0.0590187348779 0.198688940879  0.923860688756 -0.436066317719    8.3349318772  0.894691487959 -0.579212822895  -1.16074511254 1776585345.5
0.0734254966488  0.159793346659 0.0287700196199 0.178193521833  0.663316571298 -0.239233217976   8.56166189542 0.751295664796  -1.5486328356 -1.94790130525 1776585345.52
 0.0864141197763   0.121611352353 -0.0153319224572 0.149972627382   0.306776057966 -0.0314163503789    9.06420285097 0.543348480174 -2.04114859502 -2.22295393359 1776585345.54
 0.0971032284395  0.0708453312661 -0.0681006056661 0.138151331617 0.00779667942509   0.122006878042    9.53516334311   0.4450039163 -2.40148073503 -2.37796856101 1776585345.56
 0.106441239711 0.0135342300204 -0.122350894261 0.1627349201 -0.315464045301  0.256894645514   10.0606921152 0.469092037615 -2.88231021506 -2.56086492901 1776585345.58
  0.115745769051 -0.0437027337853  -0.169873871064 0.210152668467 -0.65637412763 0.321820299928  10.6583079124 0.541633802944 -2.93524154137 -2.18307670329 1776585345.6
  0.126380932656 -0.0945236768843  -0.202718624087 0.256907972204 -0.927956261079   0.27653967085   11.1433362443 0.653376402753 -2.49069204952 -1.23695182606 1776585345.62
 0.139355965429 -0.133705568533 -0.214571958414 0.288683891991 -0.939706101827  0.115395162355   11.1801976993  0.673516015468  -1.49360086523 0.0174263016308 1776585345.64
 0.154943553348 -0.157864642799 -0.201979605515 0.299540500124  -0.952835735799 -0.0568059237886    11.1362411831  0.739622796477 -0.720799985654   1.10525958356 1776585345.66
 0.172426029201 -0.165934025533 -0.165153518248 0.290758526901 -1.04428342448 -0.27289679894  11.0991286698   0.881432842784 -0.0356162607437    2.35497851033 1776585345.68
 0.190055829959 -0.159283432681 -0.108167969672 0.270541568139 -0.997518450171 -0.495754347205   10.7610733612 0.885355789338 0.661155523875  3.41567911475 1776585345.7
 0.205266042142 -0.141410149119 -0.038457620756 0.252210164198 -0.774250874648 -0.619384612387   10.1631555356 0.66209339942 1.11214048568 3.76687584648 1776585345.72
 0.215101793991 -0.117212887003 0.0343270877452 0.247358023138  -0.44829507644 -0.576998928753   9.54886390633 0.269009721593  1.15480021407  3.23145604729 1776585345.74
   0.21678483977 -0.0919624567141  0.0999109409233 0.255802572926 -0.169831248419 -0.482100991663   9.03449191778 -0.152263410918   1.05155444398   2.56646983778 1776585345.76
  0.208290660205 -0.0701741535475    0.14913188108 0.265611989393  0.114404209331 -0.352211275849   8.47370634635 -0.69667024342 0.929869824311  1.88269095477 1776585345.78
  0.188817898834 -0.0546340151733   0.175489175002 0.26350241949   0.443772961101 -0.0899443766897    8.05645210341 -1.32433524763 0.655280872894 0.728252164573 1776585345.8
  0.159059208182 -0.0458144388052   0.176204264425 0.241757600319  0.73664720906 0.249883305087  7.98768862196  -1.82313597518  0.345260900304 -0.617360388299 1776585345.82
  0.121227228009 -0.0418338641264    0.15260124818 0.199332019367 0.896463397169 0.537353559008  8.31888877377 -1.98210071592 0.168618289472 -1.64174544531 1776585345.84
0.0788348415805  -0.03898971221  0.109755578233 0.140646424976 0.955478011088 0.719046652565  8.81257490896 -1.90163282083 0.203194798101 -2.17327382224 1776585345.86
 0.0362652218077 -0.0327554355742  0.0555027431799 0.0739502493093  1.09444837159 0.924827737585  9.27278658345 -1.92735922683 0.477363363306 -2.64675683931 1776585345.88
-0.00180831340126   -0.019016223535  -0.0009880854387 0.0191275473526 1.24647737447 1.12037775939 9.88327784959 -1.87053837601  1.04169253254 -2.95289700853 1776585345.9
-0.0310773065009  0.0047472480174 -0.0508065167312 0.059746443287 1.09397673982 1.02095489569 10.5603032959 -1.29213581803  1.60370790534 -2.38737186091 1776585345.92
-0.0482423494914  0.0386144293077 -0.0867803911722 0.1065327871 0.693483634756  0.68175990781  10.9360052263 -0.494367768429   1.81525315185  -1.29873511883 1776585345.94
-0.0515537752877  0.0799341369643  -0.104599483873 0.141380019893 0.285481812818 0.352956260578  11.0777534589 0.154042711276  1.84899081596  -0.3615064457 1776585345.96
-0.0411559067387   0.123673744734  -0.103410809522 0.166381487317 -0.153538170023 0.0561958044612   11.1406679282 0.722241109048    1.859387495 0.419017296377 1776585345.99
-0.0191558433059    0.16334161521 -0.0858034146692 0.185498397732 -0.860870802466  -0.30767571995   11.2326747659 1.47768280226 1.95763758081 1.31866720415 1776585346.01
 0.0106272380513   0.192276174253 -0.0572001243476 0.200885339433  -1.67409487046 -0.657007541692   10.7094189362 1.89817534736 1.26787987038 1.85727726752 1776585346.02
  0.043220086038   0.205005408453 -0.0247714368952 0.210971129347  -1.93388405724 -0.687095662248   9.83727331072  1.52619596504 0.148346470044  1.48907881669 1776585346.04
 0.0732815198182   0.198366179564 0.00393040272189 0.211505958326  -2.18891676258 -0.640161011269   9.12116033466   1.14098021574 -0.710808072781   1.01942951999 1776585346.06
0.0959788433818  0.172137747724 0.0223668341565 0.198352256953  -2.83061201961 -0.610074439081     8.258273076  0.82330209571 -1.65346456385 0.530896015643 1776585346.09
 0.107786251853  0.129069196109 0.0261803457908 0.170182678256  -3.80866309247 -0.489954963079   7.05975031279  0.323609118767  -2.85975906728 -0.246954449165 1776585346.1
 0.107046800141  0.074329349067 0.0139205914327 0.131063543439   -4.0117262771 -0.134645250337   6.39429254814 -0.403038732084  -3.39466181644  -1.15519721518 1776585346.12
 0.0941882839953  0.0145380143818 -0.0127944061393 0.0961586373271 -3.45610473608 0.238117593478  6.55244332786 -0.916826998906  -3.04102683585   -1.6433312727 1776585346.14
  0.071557630964 -0.0433848063593 -0.0496906041579 0.0973236462202 -2.63745647804 0.470809322619  7.17886779964 -1.07307916064 -2.25714127485 -1.63095642695 1776585346.16
  0.042918312969 -0.0933045120674 -0.0907188424918 0.137031463333 -2.48543360087 0.735317806919  7.28426771921 -1.29483515339 -1.92147638732 -1.75008575111 1776585346.19
0.0127216100871 -0.130694781334 -0.129212759175 0.184225140425 -2.63595781189  1.11591476413   7.1854633697 -1.58682230079 -1.64646962868 -1.88301308433 1776585346.2
-0.0146983806839  -0.153086969219  -0.159090069673 0.221272033497 -2.14211276471  1.21720483123  7.82059658701  -1.37577450846 -0.833737836903  -1.32158501666 1776585346.22
-0.0358501408429  -0.160129915003   -0.17587134884 0.240535971572 -1.34518637773  1.01227314365  8.74168317198   -0.844635543119 -0.00585354093522   -0.454734188217 1776585346.24
-0.0486001659822  -0.153321917286  -0.177342084927 0.239415541559 -0.689710435711  0.731773820283   9.45853107838 -0.356066321172  0.529477761059  0.260509175483 1776585346.26
-0.0523975354498  -0.135523607338  -0.163764761193 0.218931603191 -0.251089315157  0.554330830317   9.96844807038 0.00943097689152   0.984978610181   0.910548669688 1776585346.29
-0.0481889476304  -0.110373950676  -0.137639482801 0.182891254267  0.23351164235 0.352468995323  10.5184669478 0.402592401106  1.51165731946  1.70447233675 1776585346.31
-0.0380676669553    -0.0817176971   -0.10309579583 0.136951350503   0.72092568299 0.0202671907988   10.9080573627 0.679529874725  1.65977184241  2.10412752634 1776585346.32
-0.0247492963282 -0.0531219082356 -0.0650598695312 0.0875628427288  0.953884252861 -0.248127104702   10.9378802334 0.679079783216   1.3593596523  1.87433288355 1776585346.34
 -0.010994358938 -0.0275232364747 -0.0283705680474 0.0410279612683   1.03405819238 -0.394392821389   10.8402655695 0.560809348105  1.00799134169  1.48770078193 1776585346.36
0.000902328500276 -0.00701601536014  0.00298810870592 0.00767902740551   1.19023040084 -0.522247650179   10.8384585693 0.464654648162 0.789447543422  1.24434861317 1776585346.39
0.00946092824556 0.00723026546688  0.0264088435859 0.0289691719166   1.45916951606 -0.670910470829   10.9156568899 0.362808603332 0.601305710262  1.03715382758 1776585346.41
0.0141533112484  0.014945678822 0.0408684327946 0.0457593524193   1.45546094936 -0.662111123726   10.7749631504 0.169998092897 0.273012627584 0.591630365874 1776585346.42
0.0153262885093 0.0166498853581 0.0468215739858 0.0520035921107    1.0946807205 -0.469099627717   10.4291517542 -0.00495503287951  -0.0367999265016    0.124791855942 1776585346.44
0.0139557338866 0.0134783157249 0.0458443928479 0.0497808784443  0.746846571414 -0.284552047876   10.1391181844 -0.0875284225278  -0.210926607703  -0.145633884207 1776585346.46
 0.0113068881802 0.00696390619923  0.0401339076803 0.0422737773988  0.528674650999 -0.161342734083   9.92659795305 -0.123226658841 -0.337022540796 -0.318119939257 1776585346.49
 0.00858724267964 -0.00120440442542   0.0319851832197 0.0331397536571   0.296987086203 -0.0445844433724    9.67727851612 -0.127073557701 -0.448964952449  -0.45974891759 1776585346.51
 0.00666943335335 -0.00942073529112   0.0233557134155 0.0260522732948 -0.0370139394464   0.067871672344    9.40190673672 -0.077416058447 -0.442953285704  -0.47882382991 1776585346.52
0.00593684849917 -0.0163692272567   0.015592306629 0.023373442132 -0.310118173289  0.109522049589   9.26697158099 -0.0100436985601  -0.296496002477   -0.35346195187 1776585346.54
0.00627143813908 -0.0211697926059 0.00934930288576 0.0239770832204 -0.455425805268 0.0923458317564   9.23964726999 0.0263437167715 -0.151135817361 -0.233208007452 1776585346.56
0.00716953705513 -0.0234412510745  0.0046799192678 0.0249558842335 -0.626732844906 0.0576153984768   9.15447791511 0.0380506858922 -0.047888190071 -0.184328678223 1776585346.59
0.00794425874875 -0.0232750989738 0.00124566941229 0.0246250517074  -0.847943437539 -0.0129609631834    9.04288570367 0.0219344777029 0.0643450706062 -0.170207898073 1776585346.61
 0.00795695597081  -0.0211313476242 -0.00143032052712 0.022625048454 -0.868320498736 -0.115180497174   9.14004878098 -0.0329638797845   0.163605590596  -0.145871944857 1776585346.62
 0.00681780727417   -0.017684320219 -0.00373910994191 0.0193183493289 -0.640886743771 -0.179825536855   9.41981709664  -0.08739445101  0.189356318372 -0.111828916661 1776585346.64
 0.00450677144055  -0.0136558817015 -0.00584513627163 0.0155228770496 -0.387511041264 -0.202045041764    9.6787147053  -0.118355386054   0.174628923125 -0.0853271398586 1776585346.66
 0.00138827357875  -0.0096732473484 -0.00765347832379 0.0124126849733  -0.18148333115 -0.227375418528   9.90090604325  -0.145660082565   0.170555016896 -0.0691723990026 1776585346.69
 -0.0018792344242 -0.00617843613794 -0.00887778144064 0.0109781418482  0.078463330818 -0.239087731595   10.1611919894  -0.156527073585   0.166445451016 -0.0403652277645 1776585346.71
-0.00451118264725 -0.00339997059317 -0.00917483107635 0.0107744185082  0.394126445058 -0.189926853673    10.404816341  -0.11399192913  0.139649574487 0.0169124324953 1776585346.72
-0.00579607088484 -0.00137998637715 -0.00829665931435 0.0102143700678   0.582814413806 -0.0764537574718    10.4514282617 -0.0198913167393  0.0877262257708  0.0773262797737 1776585346.74
 -0.00527372270598 -3.69573634005e-05  -0.00621050313903 0.00814762948754 0.608199741418 0.024914517937  10.3541477714 0.0638534990876 0.0463690141677  0.111468745589 1776585346.76
-0.00284800074226 0.000760837667924 -0.00315022747588 0.00431438469943 0.655972803434 0.110023783287  10.2928297918   0.14201328056 0.0256982765166  0.145514386296 1776585346.79
 0.00119181484589  0.00113302597324 0.000414431692566 0.00169585497927 0.751156357347  0.21948806334  10.2389096434  0.249647010605 0.0106782550442  0.193056344288 1776585346.81
0.00624202733071 0.00114964920581 0.00387924820257 0.00743862656079 0.610678334936 0.282460441241  10.0127953064    0.303176623567 -0.00911630616236    0.182825289315 1776585346.82
  0.0115250225061 0.000822313743641  0.00664568942545 0.0133291984605 0.282179069614 0.246293254734  9.73529994838  0.253994526263 -0.026111119706  0.111026988349 1776585346.84
  0.0162598530512 0.000119797695111  0.00825827571907 0.0182372226664 -0.0076975520705    0.18261512831    9.53382451221  0.181353147954  -0.03986415435 0.0405548264321 1776585346.86
  0.0198187117749 -0.00100076411782  0.00850035328197 0.0215879334618 -0.270504555974  0.132887424906   9.34039070523   0.125511969875 -0.0602946946972 -0.0187982962344 1776585346.89
  0.0218327012905 -0.00255734284791  0.00742361387624 0.0232016570759 -0.605046877167 0.0787991793681   9.08728360783  0.0656135322431 -0.0956148213783 -0.0869874443996 1776585346.91
 0.0222270732406 -0.0045103305669 0.00530745690926 0.0232928093091   -0.864351183664 -0.00276740979438     8.96377086402 -0.0189104043891   -0.12240045049   -0.14214601649 1776585346.92
  0.0211863676124 -0.00674083526536  0.00256524301425 0.0223803821327  -0.820244897511 -0.0635484489855    9.12171340567 -0.0783979410702  -0.112525311582  -0.140904421709 1776585346.94
   0.0190677007237  -0.00904500803445 -0.000370875345216 0.0211075088477  -0.718209175297 -0.0928154555421    9.29656157364  -0.108623216459 -0.0977920524153  -0.126846741094 1776585346.96
  0.0162914257715  -0.0111476869926 -0.00315091454946 0.0199902411554 -0.666059178361 -0.116851076976   9.43182312069  -0.140135417396 -0.0887765256431  -0.124924731736 1776585346.99
 0.0132404744942  -0.012736586569 -0.0055655983283 0.0191965279937 -0.523129522528 -0.124246717141   9.63958438202  -0.161028332026 -0.0625088607158  -0.116160104908 1776585347.01
  0.0101932556745  -0.0135149080923 -0.00754991731691 0.0185352759214 -0.289117197192 -0.117188619432   9.91295226527  -0.174232194079 -0.0155107331046  -0.104807647248 1776585347.02
 0.00730251172789    -0.01326520389 -0.00913752090134 0.0176857739441  0.0229417954405 -0.0829414964904    10.1598126668  -0.150875941895  0.0433859904677 -0.0767750280039 1776585347.04
  0.004617941156 -0.0119116667835 -0.0103869828087 0.016465193529   0.240658189419 -0.0488078047515    10.2624193428 -0.113102050694 0.0810510871949 -0.047547927349 1776585347.06
 0.00213794636566 -0.00956417782607  -0.0113086961995 0.0149643216312   0.431661891179 -0.0373732866227    10.3819799701  -0.10528079492  0.119347396997 -0.031756656104 1776585347.09
-0.000131148656966  -0.00652804949874    -0.011819487304 0.0135030704048   0.671441653328 -0.0390512721978    10.5414597538  -0.112297789682   0.165609763341 -0.0113989066521 1776585347.11
-0.00213023840109 -0.00326972562788  -0.0117419428365 0.012373449111   0.840437213189 -0.0445275564536    10.5859332961 -0.105358849638  0.181034818487 0.0283514796614 1776585347.12
 -0.00373263288604 -0.000339731707321   -0.0108503479558 0.0114794606431    0.76025350884 -0.0417773480093    10.3928746803 -0.0689602116114   0.130965263802  0.0730889295061 1776585347.14
-0.00476457746322  0.00173325945806 -0.00894988321971 0.0102861944566   0.585517488215 -0.0324621259225    10.1547105521 -0.0290039671106  0.0634803518633   0.107188749642 1776585347.16
-0.00505454120856  0.00255350028141 -0.00596502658952 0.00822497980118   0.493756252951 -0.0225872734699    9.98493495667 0.00603143234581  0.0047829118583   0.155219203325 1776585347.19
 -0.0044949068482  0.00194710763018 -0.00200989689095 0.00529481833586    0.410849624734 -0.00400884874957     9.80214691203   0.051152754337 -0.0665013791952   0.223119891325 1776585347.21
-0.00309502293215 6.01931720992e-06  0.00258206946716 0.00403066817239 0.237143364989 0.027867643266   9.5919007398    0.100279311 -0.14005954084 0.267104876895 1776585347.22
-0.00100678341261  -0.0029247344468  0.00728110014088 0.00791088513921 0.00537862283163  0.0554695590957    9.46440327718  0.120359537621 -0.165985737979  0.232522126875 1776585347.24
0.00148763418556 -0.0063138431434  0.0114352870917 0.0131469943934 -0.171846777445 0.0655990635149   9.44654345798  0.111083121426 -0.146254912777  0.156772274698 1776585347.26
0.00402443525376 -0.0095489671634  0.0143816891836 0.0177260214593 -0.331090762777   0.07193142976   9.42988322333  0.104020695022 -0.125942351128 0.0906930672342 1776585347.29
0.00623072336624 -0.0120565062058  0.0155706690546 0.0206549507471 -0.562931594954 0.0771265503757    9.3837425993   0.100646127936  -0.102885648772 0.00784584150294 1776585347.31
0.00780136699046 -0.0134099410535  0.0146761188689 0.0213559432251  -0.76272848011 0.0556881983137   9.41828394963  0.0702067568171 -0.0406351050445  -0.117668763795 1776585347.32
0.00855978171866 -0.0134045464101  0.0116670929665 0.0197249280308  -0.720434430589 0.00937175799003    9.56987632408 0.0181828267089 0.0351510022445 -0.208160304295 1776585347.34
0.00848716188545 -0.0120841638089 0.00682501429044 0.0162677519004 -0.580591206183 -0.027213517427   9.70165011913 -0.018565950329 0.0809588329877 -0.240647116942 1776585347.36
 0.00771388820643 -0.00971593632724 0.000702836822818 0.0124256778316  -0.519960294966 -0.0571260826504    9.78150108793 -0.0452241285404   0.120716880359  -0.287810645424 1776585347.39
 0.00647749724928 -0.00671976092759 -0.00596468215454 0.0110765784764  -0.459945664152 -0.0847778355713    9.85112859665  -0.07022806422  0.162696415812 -0.346279807942 1776585347.41
0.00506056821514 -0.0035690254394 -0.0123801257677 0.0138425000369 -0.284785942806 -0.088229927667   9.90876919061 -0.0799647095267   0.175385922396  -0.344230648736 1776585347.42
  0.00372652168899 -0.000686069453106   -0.0178070324536 0.0182057150367 -0.0290144523384 -0.0516783510659    9.92159693252 -0.0608842495198   0.132745465611  -0.236735539966 1776585347.44
0.00267041769835   0.001642201532  -0.021673721035 0.021899272592     0.15106229892 -0.00727646996833     9.90403648135 -0.0341167403708  0.0787287841736  -0.114987048137 1776585347.46
0.00199598314258 0.00330737172105 -0.0236396388801 0.0239531873201  0.361318096577 0.0372620951821   9.92247882116 -0.0219529647173  0.0631072857301 -0.0449490894218 1776585347.49
0.00172133744757 0.00437048353575 -0.0236169798891 0.0240795736679 0.635088125379 0.102164441549  9.95195299732 -0.00550302157854   0.0494034636137   0.0549641499626 1776585347.51
0.00180692593609 0.00500463579463 -0.0217513365174 0.0223926773984 0.719847610602 0.139534852479  9.94755484507 0.0132917130078 0.0292457894761   0.14788232548 1776585347.53
0.00219262666905 0.00540746239209  -0.018373461164 0.0192777679303  0.72929949486 0.156612057275  9.94224243134 0.0283557165305 0.0196176845225  0.216813144482 1776585347.54
0.00282881379452 0.00571162105464 -0.0139377896562 0.0153260165424  0.54797457891 0.124996050375  9.90892765283 0.0341971234027 0.0117803152869  0.215067219943 1776585347.56
0.00368911119066 0.00592297532805 -0.0089620038913 0.011358199323  0.411462089789 0.0972767127921   9.88270436484  0.0421268776916 0.00429000081058   0.217302760049 1776585347.59
 0.00475987074357  0.00590827070756 -0.00397683295035 0.00856616790428  0.295648221115 0.0715367483473   9.85179359078  0.0596123754638 -0.0124331012402   0.243247973916 1776585347.61
0.00601075538527  0.0054387598092 0.00051145261999 0.00812224552363 0.0822484684806 0.0210350200764   9.78777082426  0.0761264379137 -0.0477517394216   0.235081646813 1776585347.62
0.00735903535859 0.00427789583634 0.00404949686072 0.00942625158907  -0.166533745929 -0.0387350094821     9.7138921599  0.0707094892384 -0.0846593768587    0.15442611371 1776585347.64
0.00864438337428 0.00228555778739 0.00626316911067 0.0109167955752  -0.325311561666 -0.0771484229824    9.66584836431 0.0512798797647 -0.107837873198 0.0641057030043 1776585347.66
  0.00962936878049 -0.000496450920943   0.00688767278338 0.0118495250115 -0.454572860492 -0.109092465691   9.62190568613   0.030426026816  -0.133498207971 -0.0100900997088 1776585347.69
 0.0100335202683 -0.0038094636592 0.00580249345772 0.0122005111644 -0.640705289244 -0.157301842071   9.55785313674 -0.000834856339377    -0.176056710588    -0.100216280456 1776585347.71
 0.00959752870416 -0.00721097033884  0.00306558523635 0.0123898532395 -0.736906321155 -0.189304267898   9.54331923767 -0.0552520435633  -0.187840034346  -0.202733573564 1776585347.72
0.00816216090652 -0.0101715126283 -0.0010639923113 0.0130848240129  -0.62502400308 -0.174790115584    9.6225307602 -0.108443401101  -0.14044872647 -0.258278689554 1776585347.74
 0.00573785429736  -0.0122097655585 -0.00612696717139 0.0148169184937 -0.386508187641 -0.126999357137   9.74671886132  -0.130525974808 -0.0662647647938  -0.242188289707 1776585347.76
0.00253946340954 -0.0130260151722 -0.0114967930802 0.0175585362945  -0.191972498363 -0.0910146592903    9.85867420687   -0.145791049861 -0.00825390963165   -0.222227284568 1776585347.78
-0.00103207454359  -0.0125930427275  -0.0164462762406 0.0207395734089 -0.0018579985773 -0.0649628502152    9.99869266772 -0.177144913336 0.0467900137388 -0.221166394659 1776585347.81
-0.00446472904469  -0.0111759690434  -0.0202415657267 0.0235490354912   0.245331433338 -0.0169041051397     10.146388704 -0.175570997939 0.0936550815778 -0.163811980327 1776585347.82
-0.00725292375163 -0.00927464648384  -0.0222504787572 0.025173553092  0.429420168515 0.0409566469983   10.2000502135  -0.120813948909  0.0971520780909 -0.0478294787116 1776585347.84
-0.00902859597492 -0.00750595278776  -0.0220483717963 0.0249797031887   0.48761976234 0.0834987612681   10.1553822748 -0.0547254982857  0.0637256938082  0.0621832415324 1776585347.86
-0.00966955655078 -0.00646057248489  -0.0195045181767 0.0227082705204 0.532815950866 0.124267571229  10.1036717099 -0.00719686241942   0.0207239388028    0.160397545342 1776585347.89
-0.00935227001937  -0.0065739075855   -0.014834600128 0.0187282293989 0.596796195625  0.17923314783  10.0359849442  0.0292472903303 -0.0405893509031   0.279519521221 1776585347.91
-0.00852953182944 -0.00804269728791  -0.0086091784481 0.0145449594859 0.557790997355 0.216436315189  9.88724799151 0.0431497744277 -0.120104630675  0.372766234936 1776585347.92
-0.00783335167306  -0.0108017194206 -0.00171282879462 0.0134525954134 0.375427571839 0.199360675227  9.69952646849 0.0165706105608 -0.178243740771  0.365499664433 1776585347.94
-0.00792404514942  -0.0145556866818  0.00474610363717 0.0172390256698 0.149761635621 0.135811326999  9.57404337763 -0.0342853893204  -0.185284780349   0.259815142083 1776585347.96
-0.00932210763847  -0.0188472404869  0.00956898396435 0.0231016367149 -0.0173098038179  0.0762158595488    9.49199316566 -0.0938066186705  -0.185421928112   0.148750055114 1776585347.99
-0.0122653843935 -0.0231369521046   0.011630206923 0.0286534451695 -0.177297240571 0.0105984694772   9.38867513435 -0.186584388457 -0.205013294061 0.0122752534113 1776585348.01
-0.0166286212976 -0.0268754171514    0.01004967427 0.0331631579656  -0.317251687186 -0.0894350363726    9.36856898741 -0.283211387297  -0.18820278147 -0.213451349704 1776585348.02
-0.0219270948908 -0.0295574594391 0.00434834878247 0.0370587241547 -0.314122998172 -0.171875715731   9.53020220144 -0.289845336421 -0.104468176686 -0.416646031107 1776585348.04
 -0.0274047790967  -0.0307594387846 -0.00544080569778 0.0415543903616 -0.207259388833 -0.204594563986   9.74062706441  -0.230478080994 -0.0137289109971  -0.518493542421 1776585348.06
-0.0321861429443 -0.0301685611848 -0.0187308531279 0.0479263470389 -0.0810568519276  -0.234385228922    9.93721709977 -0.175098463622 0.0683876101237 -0.630394957975 1776585348.09
-0.0354550509252 -0.0276152715555 -0.0344236457866 0.056609639183  0.104218581667 -0.287640264842    10.199828989 -0.114701563726  0.182521721982  -0.83608174986 1776585348.11
-0.0366185694328 -0.0231153520658  -0.051039661955 0.06693494021   0.35779843508 -0.279711640833   10.4550366051 0.00100938540305    0.29823865076  -0.906038893727 1776585348.12
-0.0354188473233 -0.0169183530907 -0.0669205208476 0.0775827398816 0.573961903804 -0.20610122724  10.5875168494   0.12544669169  0.366180283696 -0.794330160972 1776585348.14
 -0.0319702599551 -0.00954688517097  -0.0804728209005 0.0871155292801   0.654185620582 -0.0988300258915     10.541517559  0.203838351561  0.354090756602 -0.550228716459 1776585348.16
 -0.0267171260071 -0.00180245826025  -0.0904094124824 0.0942916515036    0.692594529818 -0.00443229771951     10.4677494242  0.254682011494  0.324403821966 -0.338282948804 1776585348.19
-0.0203248976794 0.00528651436222 -0.0959408449961 0.0982124963452  0.801834451125 0.0986668851594   10.4561875106  0.332284295661  0.312227647953 -0.163017120183 1776585348.21
-0.0135315292271   0.010587257183 -0.0968782045471 0.0983899324837 0.787359490694 0.212322348229  10.3321608277  0.371052870076  0.215997322894 0.0643801379324 1776585348.23
-0.00699379456967   0.0130468170445  -0.0936278100456 0.0947908192358 0.606435619938 0.294071579401  10.1089229367  0.347155558683 0.0369687803792  0.274946831404 1776585348.24
-0.00116420183878   0.0119042604648  -0.0870832944749 0.0879008928268  0.29822952651 0.281338655321  9.87235223148 0.250560309667 -0.14353234719 0.353341084308 1776585348.26
0.00377318559513 0.00687900085189 -0.0784441744123 0.0788355635578 0.0708078732245  0.261308946162   9.72693797518  0.193705138365 -0.291321532542  0.386561085571 1776585348.29
0.00789475948373 -0.0017199031376 -0.0690050857473 0.0694765223158 -0.136252973329  0.270335550624    9.6062108452   0.19314064386 -0.499341653422  0.464171762729 1776585348.31
  0.011463484922 -0.0130033331014 -0.0599622033309 0.0624176576507 -0.343501500598  0.220867740888   9.53795281688  0.196671236779 -0.679919828366  0.475607177609 1776585348.33
 0.0148137654396 -0.0256398693666 -0.0522729547636 0.0600775527743 -0.445622407298 0.0976096041614   9.57387650231  0.191331080689 -0.709402929742  0.378182700197 1776585348.34
  0.018230795339 -0.0380946555306 -0.0465860194022 0.0628794233627 -0.405591522471 -0.045715747259   9.68335407469  0.177430006227 -0.586011125301  0.227523427292 1776585348.36
  0.021860111183 -0.0489123534644 -0.0432372298176 0.0688457756486 -0.290008331173 -0.162962494697   9.79904347054  0.161396869412 -0.409488101362  0.093181450004 1776585348.38
  0.025671906193 -0.0569738715076 -0.0422899416558 0.0754553375673 -0.194103229826 -0.303520750211   9.90765744501    0.177944595567   -0.297549555846 -0.00824108347446 1776585348.41
 0.0294862281339 -0.0616643435113 -0.0435904154042 0.0810682010739 -0.0573124878248  -0.489562194952    10.0340865807  0.204984727473 -0.165189123603 -0.125697882142 1776585348.43
 0.0330455922031 -0.0629160348324 -0.0468115307833 0.0850985194781  0.116649537777 -0.576596483373   10.0988759614  0.184808525073 0.0150268111434 -0.219953446889 1776585348.44
 0.0361071283385 -0.0611259970419 -0.0514704080665 0.0876887400853  0.230381081727 -0.534829893417    10.071924978  0.135544342037  0.146851530781 -0.250290439213 1776585348.46
 0.0385215551313 -0.0569832638555  -0.056923211919 0.0892818829581  0.273142712359 -0.438740708795   9.99788247085 0.0907032737457  0.214773441262 -0.237096226972 1776585348.48
 0.0402721266593 -0.0512638279574 -0.0623576158422 0.0902125074257  0.321157650586 -0.386344180645   9.92102046606 0.0697817354229  0.292643963762 -0.234809902664 1776585348.51
 0.0414608269709 -0.0446568269092  -0.066813624222 0.0904283846167  0.343060847953 -0.287424661443   9.78744816495 0.0548858076323  0.377834224105 -0.191909497877 1776585348.53
 0.0422466817156 -0.0376709792802 -0.0692616933394 0.0894486833898   0.263905806032 -0.0851264386892    9.60905363547  0.0362905602762   0.392497209497 -0.0542806509617 1776585348.54
 0.0427567490706 -0.0306409008946 -0.0687519656152 0.0865669519775  0.13530888518 0.116676369055  9.47017588332 0.0187688789044  0.345208850069  0.115585763323 1776585348.56
 0.0429998794236  -0.023817700351 -0.0646232206606 0.0811937998187 0.0223166111543  0.246442694748   9.40419951359 0.00120742949941    0.27520346186   0.251692514787 1776585348.58
 0.0428144110214 -0.0174982963001   -0.05673214879 0.0731970004225 -0.0736388119426   0.413690363282    9.24255200382 -0.027045634114  0.280545530845  0.455726508979 1776585348.61
  0.041873407881 -0.0121327623836 -0.0456418596976 0.0631170782536 -0.202525003646  0.625734640777   9.01645749286 -0.0941671392059   0.281601246183   0.740023664314 1776585348.63
  0.0397565132882 -0.00835383444599  -0.0327012957266 0.0521511422788 -0.268696962626  0.596349046199   9.07838683117 -0.16716078742 0.151053641995  0.74092727456 1776585348.64
  0.0360791597197 -0.00689683175124  -0.0199593024153 0.0418048538712 -0.287241668569  0.465750844069   9.24565038397   -0.230826721204 -0.00155771781817    0.578363302915 1776585348.66
  0.0306519011517 -0.00841527627768 -0.00988862690062 0.0332887497666 -0.270677808203  0.295350620942   9.45755272531 -0.263843816445 -0.134360951277  0.318281787692 1776585348.68
  0.0236293894493  -0.0132368059043 -0.00494081461671 0.0275313044619 -0.30709450342 0.183377437116  9.61042086108 -0.336030684074 -0.283996383512 0.0644418562214 1776585348.71
  0.0156037207171  -0.0211332482499 -0.00700278127425 0.0271869311873 -0.378771735242 0.0584745377489   9.81253659499 -0.426686200595  -0.47791274099 -0.317513681804 1776585348.73
0.00760285821992 -0.0311874297064 -0.0168667754988 0.0362622026431  -0.408368934668 -0.0925944203818    10.0904725526 -0.428815275486 -0.606338835511 -0.786663294377 1776585348.75
0.000971996800263  -0.0418223023681  -0.0338447358333 0.0538099981116 -0.33131012122 -0.19057472923   10.304471578 -0.279222725673 -0.529321110486  -1.03512388444 1776585348.76
-0.00285791500936  -0.0510178646715  -0.0556465567404 0.0755481930354 -0.192967718067 -0.199157085723   10.3622389791 -0.0774020258144  -0.315124484998  -0.948640092798 1776585348.78
-0.00267945684779  -0.0566883532011  -0.0785969925227 0.09694450016 -0.0781878753856  -0.221580417139    10.5069660376  0.111511389738 -0.135886985361 -0.944152530417 1776585348.81
0.00216723118822 -0.0571414720393 -0.0981938203816 0.11363041441  0.126648839333 -0.259779328676   10.7606957984  0.396299876986  0.144405409627 -0.873409261989 1776585348.83
 0.0115353771254 -0.0515086924394  -0.109925207268 0.121941631592  0.433113211699 -0.233108761472   10.7982869388  0.646057923367  0.498179895278 -0.349251827323 1776585348.84
 0.0243551092455 -0.0400322402395    -0.1101883439 0.119738142362  0.694778706229 -0.173492389347   10.6176369335 0.706561965532 0.711956854128  0.33324262347 1776585348.86
 0.0387131309518 -0.0241234253851 -0.0971071015295 0.107286696882  0.851900528142 -0.126632117836   10.3783552336 0.609400888007 0.742905644953 0.858437791544 1776585348.88
  0.0521388116691 -0.00616181147181  -0.0710505930057 0.0883437058842   1.09595974579 -0.120681099916   10.2335025026 0.51566070365  0.7744116754 1.37848725782 1776585348.91
  0.062053999961  0.0109295490742 -0.0347112464879 0.0719376437401   1.56938777167 -0.152630072051   10.1300448414  0.38770255338 0.832594276246  2.14578495001 1776585348.93
 0.0662954921232  0.0242397709113 0.00730120425626 0.0709645429301   1.75677502292 -0.165412132382   9.93680323077 0.0446867972246  0.596216263452   2.44265091964 1776585348.94
0.0635905539596   0.03143042496 0.0492792220813 0.0863717077231    1.5323138885 -0.140013382254   9.75730061687 -0.32897282249  0.18358097331  2.06951655897 1776585348.96
0.0538681385362 0.0311747683068  0.085479741431 0.105737546423    1.07728628782 -0.0858775167837    9.66291767511 -0.550555776117  -0.17533943074   1.34920054882 1776585348.98
 0.038323398071 0.0233834133362  0.111199307331 0.119919776559   0.775562683508 -0.0313692344064    9.60095798654 -0.754783522911 -0.479049388467  0.830867392293 1776585349.01
 0.0192119774204 0.00917904067737   0.123629321197 0.125449447682  0.487605002619 0.0578867364637   9.51962022786  -1.07009850015 -0.900487654295  0.305644352539 1776585349.03
-0.00058336953028 -0.00935662310772    0.122311960784 0.122670707452 -0.0678106450573   0.190156813592    9.50813724869  -1.12939658692  -1.17300111023 -0.439235782426 1776585349.04
-0.0181168020016 -0.0295909540373   0.109111714338 0.114495455287 -0.555231265679  0.264956182106   9.59650770751 -0.767108751209 -0.996581746171 -0.873700480643 1776585349.06
-0.0309483591753 -0.0488049990456  0.0877276779095 0.105051769804 -0.802872287333  0.288109665479   9.67279924616 -0.399705856543 -0.718751127537 -0.948895863608 1776585349.08
-0.0375952847152 -0.0646171643967  0.0628700809626 0.0976802459442 -1.15187745025 0.365062596593  9.69069217867 -0.152354898557 -0.591160089309  -1.08104722151 1776585349.11
-0.0377750275737 -0.0752935067228  0.0392884680503 0.0929497099756 -1.63890131863 0.482658890169   9.6714237624  0.146970536297 -0.432634319973  -1.18855533226 1776585349.13
-0.0324001441908 -0.0799099988964  0.0208568167555 0.0887151851284 -1.71947518494 0.480936591513  9.64483543827   0.432829252395 -0.0922793059743  -0.881518150407 1776585349.14
-0.0233418270816 -0.0783706687146 0.00989320852969 0.0823691579494 -1.27692754185 0.343658947893  9.63127186908  0.495282289881  0.219762657033 -0.358619822548 1776585349.16
-0.0130273192369 -0.0713140454914 0.00682950508052 0.07281515138 -0.78911784132 0.207547105612  9.61973192281   0.416343433702   0.395767460052 0.00803405275853 1776585349.18
-0.00396648499279   -0.059952869116   0.0102670886199 0.0609548408837 -0.434591310906  0.117495386662   9.57647238323 0.330509072337 0.570955566301 0.236845293467 1776585349.21
0.00169100960845 -0.0458880814734  0.0173767705158 0.0490971250519 -0.000469451884312    0.0215383217413      9.51674602457 0.173922059102 0.782806101569 0.384875460869 1776585349.23
0.00248342436168 -0.0309224607634  0.0245402167566 0.0395548759913   0.565631206166 -0.0893765885095    9.52150182349 -0.116402328725  0.867667292214  0.320645068844 1776585349.25
-0.00220055384121  -0.0168802226287   0.0280965786493 0.0328512113171  0.919013370363 -0.144350157624    9.6447709966 -0.381685910418  0.665853851469 0.0134261931757 1776585349.26
-0.0121319752409 -0.0054257896774  0.0250543284203 0.0283609483174     1.014072367 -0.136946394912   9.79097581975  -0.52159552358  0.409799862504 -0.311475861332 1776585349.28
-0.0263911818045 0.00212553099658  0.0136509088911 0.0297885829238   1.16056504761 -0.113415263254   9.94848000429 -0.684782152495  0.226893703816 -0.682794399208 1776585349.31
 -0.0435945692315  0.00499893365419 -0.00631693743859 0.0443326009023    1.44257263206 -0.0579543906269     10.205989485 -0.958764003248 0.0268462872598  -1.26296167978 1776585349.33
-0.0621266683491 0.00312615798496 -0.0334227713485 0.0706157024217   1.51550071556 0.0740007236256   10.5365910702  -1.13883856453 -0.240616737685  -1.81329227744 1776585349.35
 -0.0803179575912 -0.00276007818393  -0.0647889971213 0.103228903371  1.04503491458 0.200873622382   10.634314767 -0.903928804697 -0.375112359899  -1.65617933157 1776585349.36
-0.0965396359368 -0.0111545347155 -0.0964742477045 0.136936501422 0.587608341401 0.262508107599  10.5973194599 -0.604778562348 -0.359959879491  -1.23903305234 1776585349.38
 -0.109226123249 -0.0199660118501  -0.124014265612 0.166458780797 0.335056163999 0.343779871797  10.7049373706 -0.440313190593 -0.340152842125  -1.00880321454 1776585349.41
 -0.116870573962 -0.0268606877449  -0.143054536627 0.186667694189 0.0968424328015  0.460518780164   10.9767012925 -0.246427194846 -0.272062066164  -0.72552559975 1776585349.43
 -0.118054851005 -0.0297131581276  -0.150007614294 0.193189295661 -0.201799743161  0.407449453451   10.9655581548    0.158435708959 -0.00633273466359   0.0118171944169 1776585349.45
 -0.111565175555 -0.0270727465075  -0.142658824544 0.18311543414 -0.396551215345  0.193755843869   10.6818755781 0.584764590845 0.304928196075 0.800961364046 1776585349.46
-0.0966090417224 -0.0185301418501  -0.120632948103 0.155656613311  -0.426442358058 -0.0562288932023    10.2852536625  0.83194453585 0.480010213614   1.2334003035 1776585349.48
 -0.0730989595067 -0.00487874704391  -0.0856306928548 0.112693724814 -0.473257263815 -0.299377536721   10.0078053239  1.14959848956 0.641638556874  1.66646711987 1776585349.51
-0.0419223788026   0.011992750964 -0.0413587262954 0.0600987201272 -0.634066851372 -0.705221079302   9.68455660999  1.84197717549 0.930498946936  2.50580017266 1776585349.53
-0.00509391037842   0.0294748961186  0.00688243169136 0.0306934079263 -0.713367903343  -1.11781888926   9.22691685832 2.36931100754 1.01996089154 2.93066695038 1776585349.55
0.0343018813905 0.0448064103511 0.0529251897688 0.07736478002 -0.579838668687  -1.13245067409   8.96624285587  2.08256755129 0.704786861083  2.25126148385 1776585349.56
0.0724212425139 0.0557077360855 0.0906765338386 0.128726151251 -0.423993508883 -0.938642729137    8.9205752072  1.53731264458 0.349452648651  1.34845672356 1776585349.58
 0.105199698234 0.0609224749441  0.115113345279 0.16742044894  -0.36758363685 -0.846918686405   8.80239268386  1.23194289023 0.104804241451 0.706583662267 1776585349.61
 0.129021596417 0.0605228595817   0.12313979627 0.18834276811 -0.355324858704 -0.780947156562   8.58270886715   0.956555165672   -0.13313630118 -0.0260345660958 1776585349.63
 0.141375114582 0.0558874688105  0.114128758815 0.190093939361 -0.280602135784 -0.516828160572   8.52378438491  0.384056935122 -0.348770516418  -1.03267341922 1776585349.65
 0.141336257716 0.0493396458751  0.090027457375 0.174686237242 -0.0948708697545 -0.0566789519985    8.94520829078 -0.319939608973 -0.340496161513  -1.62844928759 1776585349.66
 0.129757815858 0.0435237429332 0.0549982813746 0.147499891286 0.0670132398484  0.251407262029   9.42042936113 -0.688906679464 -0.185323166963  -1.61088151691 1776585349.68
 0.109107485399 0.0406697660043 0.0146664031339 0.117360881975 0.216145911046 0.476274814042  9.73594760606  -0.973891951436 -0.0330921654402    -1.6629850505 1776585349.71
0.0829851339273 0.0419344400067 -0.024869172821 0.0962471062859 0.471008029487 0.796730765566  10.0916456141 -1.43142921082 0.168710284011 -1.93928217077 1776585349.73
 0.0554286852256  0.0469964257889 -0.0580569556867 0.0930140488656 0.760459577259  1.01321156698  10.5098915315 -1.66146796947 0.380378555828 -1.75768446893 1776585349.75
0.0301690177599 0.0540262277278 -0.080743898547 0.101727970921 0.723135069512 0.750280935309  10.5589779346  -1.12960155554  0.324857888278 -0.811768975336 1776585349.76
 0.0100025492147   0.060060358416 -0.0907016769179 0.109243269081 0.659688469283 0.515705631954  10.5076460361 -0.702545172542  0.159851432317 -0.145939081883 1776585349.79
-0.00358588132725    0.061706543781  -0.0877557736184 0.107338864786 0.716744829175 0.395164809394  10.5486852163  -0.464185020262 -0.0915885343682   0.388860657927 1776585349.81
-0.0104866242206  0.0560176313063 -0.0735373284046 0.0930359230276 0.802695341354 0.267369639412  10.5944946191 -0.226192937795 -0.565917886719   1.02148640089 1776585349.83
-0.0117344386821  0.0413194600681 -0.0509569212489 0.0666453498353  0.755348199415 0.0802104663027   10.4995983179 0.0445629762509  -1.20619260654   1.57684118798 1776585349.85
-0.00907383376929   0.0177774251911  -0.0235463636844 0.0308674998737   0.489346215852 -0.0869873545368    10.2293520175 0.204259670848 -1.50828802956  1.57442380716 1776585349.86
-0.00445150699294  -0.0124589419107  0.00517956908095 0.014208064045  0.215530889949 -0.149001471358   9.99648871953 0.199331579247 -1.32869737563  1.16925868486 1776585349.88
0.000433270254075  -0.0455946918283   0.0322213374958 0.0558325911637 0.0673164836093 -0.201977892084   9.90544718458 0.184629163668  -1.3412417015  1.04419265915 1776585349.91
0.00442620551891 -0.0769512355346   0.055388550429 0.094915622867 -0.0867214941179  -0.314450171317    9.87365615916  0.18195746324 -1.55597009048  1.13601390751 1776585349.93
0.00702677634363  -0.101977640261  0.0733865333807 0.125834804329 -0.271309620399  -0.39452138942   9.86238137134 0.121830596138 -1.25865749666 0.947668165827 1776585349.95
0.00832824905066  -0.117264067444  0.0857408802536 0.145505050746 -0.382139790174 -0.385574695593   9.86175737554 0.0511310879159 -0.542850868591  0.540642964279 1776585349.96
 0.008846650263 -0.121298960775 0.0926292694633 0.152878653406 -0.381640970311 -0.305353337523   9.84567156299 0.0204079669096  0.051985841338  0.186535952291 1776585349.98
0.00930703061715  -0.114770787077  0.0946872859587 0.149079296039 -0.483105572314 -0.314181997576   9.81581370534   0.033210103617   0.436312573003 0.00424370997712 1776585350.01
0.0104425833392 -0.100331676998 0.0928332036996 0.137089374735 -0.788154947162 -0.404280136961   9.72463604001 0.0977191463746  0.910198091694 -0.181526319231 1776585350.03
 0.0128378516146 -0.0818832041087  0.0881283160606 0.120980451482 -1.04099299381 -0.39201675687  9.54928965493  0.196908769336   1.13416069185 -0.344535363043 1776585350.05
 0.0168244250669 -0.0635733647419  0.0816667626926 0.104852725821  -1.10419302689 -0.264421017346   9.36724674963  0.277914056173  0.959923154552 -0.395697730989 1776585350.06
 0.0224243302407 -0.0487712308228  0.0744789602391 0.0918074019947  -0.847486111762 -0.0827326734193    9.33554103971  0.263820128608  0.512157175272 -0.300132251188 1776585350.08
 0.0293335870344 -0.0392891788002  0.0674358434615 0.0833768066218 -0.755550070675 0.0476426427395   9.24612401391  0.284435079374  0.268818577207 -0.261114168542 1776585350.11
  0.036941403262 -0.0350511969811  0.0611521460502 0.0795791345223 -0.864378969302   0.24661324382   8.92628364139 0.405633566044 0.134998411917 -0.31095006826 1776585350.13
 0.0443831069896 -0.0342805664364  0.0558992014054 0.0791816780513 -0.665853924089  0.500424779924     8.711144743  0.448857100409 0.0299675844837 -0.315143459476 1776585350.15
0.0506235965417 -0.034137716315 0.0515458510413 0.0799068642958 -0.117293799251    0.5981162392     8.890610999 0.307651153697 0.080395884561   -0.252393107 1776585350.16
   0.05456339227 -0.0316202382355   0.047547424397 0.0789794961295 0.35382661923 0.50600466742 9.26515300053  0.103978089803  0.221733819827 -0.196152810441 1776585350.18
 0.0551548682774 -0.0244747556609  0.0429976877934 0.0740936860666 0.653224543263 0.406342930437   9.5433050195 -0.0569852840196    0.36910387393  -0.201893204477 1776585350.21
   0.05151562062 -0.0118792762968  0.0367494719864 0.0643855578875  1.34901612331 0.498007368274  9.72479632917 -0.317281349526  0.778437695166 -0.402954893275 1776585350.23
 0.0430302888518 0.00527243772774  0.0275991822847 0.0513918205656  2.33818373958 0.548068497324  10.1024500576 -0.828435476975   1.36670134253 -0.834165385088 1776585350.24
0.0294390400639 0.0245412937089 0.0145201978513 0.0409849767895  2.01245895712 0.292091836928  10.3506426268 -0.993512496148   1.15193447573 -0.949102506917 1776585350.26
  0.0109156788467   0.0425079295639 -0.00307990527849 0.0439950217299  1.47231565974 0.115815701662  10.4278330432  -1.03227322766  0.775766307767 -0.990587514171 1776585350.28
-0.0118631708676  0.0555804244531 -0.0251141289531 0.0621340315648    0.8834429516 0.0224347857919   10.3844100649 -0.963486061895   0.36367788983 -0.943028735246 1776585350.3
-0.0376651702762  0.0608452791053 -0.0506292560345 0.087659195798   0.525092475065 -0.0106903324002    10.4683438075   -1.1514423045 0.0258118306474  -1.14694263876 1776585350.33
-0.0646859445675  0.0567645502089 -0.0777304790882 0.115967723804    0.021616264677 -0.00507351487573     10.6257018594  -1.49291197689 -0.487296398664  -1.49580484963 1776585350.35
-0.0906002625354  0.0435669129188   -0.10366692265 0.144406766893 -0.669763532119 0.0480031208643   10.6106936127 -1.48294766964 -1.03474527467 -1.46291953195 1776585350.36
 -0.11271278349 0.0232532229718 -0.125108685451 0.169991373652  -1.04174161324 0.0981490174364   10.3900317363 -0.986261767993  -1.16239075083 -0.915937123794 1776585350.38
   -0.128227160664 -0.000779486573179    -0.138610863466 0.188827391556  -1.0427201362 0.106523050393  10.1862268238 -0.450644838581 -0.980335546454 -0.331220160817 1776585350.4
 -0.134624525791 -0.0244137156535  -0.141213631491 0.196624215639 -1.19778922913 0.105929093449  10.1456796204 -0.0422926401386  -0.964947405662   0.169511832519 1776585350.43
-0.130105920904 -0.043645214824 -0.131080662228 0.189775118078  -1.31101574206 0.0424546318727   10.1441889955  0.568964045581 -0.855592774938  0.915847189058 1776585350.44
 -0.114018640901 -0.0554002891807  -0.108044854131 0.166562699961  -1.11092698242 -0.141723207671   10.1144735172   1.35525849181 -0.458189113023    1.8039794679 1776585350.46
-0.0871660168115  -0.058162442857 -0.0739235178133 0.128239895242 -0.538728834156 -0.360255155045   10.0101474649   1.74815490112 0.0881242597647   2.12634643868 1776585350.48
-0.0519040385947 -0.0522691002081 -0.0324925313243 0.0805099537378 -0.0499713985519  -0.427890063741    9.88828425528  1.45484105238 0.355121055433  1.64149282897 1776585350.5
-0.0119606257729 -0.0398050987361  0.0109305010417 0.0429764855158 0.240625338297 -0.64765111742  9.81394881138  1.68657142842 0.594242589342  1.74606974304 1776585350.53
 0.0280297926131 -0.0241054031167   0.050261179408 0.062393316059 0.604106552729 -1.07519745703  9.68106812376  2.20559566691 0.904756975389  2.01652412352 1776585350.55
  0.0632150770244 -0.00896728811368   0.0796618739167 0.102091000462 0.745529725612  -1.1896310644  9.52366116721  1.90031284363 0.817487521512  1.37505407296 1776585350.56
  0.089314291017 0.00225831529693  0.0946062457597 0.130124879653  0.583398009991 -0.912621981945   9.45549472133  1.05022006119 0.430747401969 0.343202013748 1776585350.58
  0.103347151559 0.00749286864783  0.0927766574797 0.139083733733  0.344166598128 -0.522656720568   9.48129000367   0.29726242453 0.0846373112191 -0.401046522943 1776585350.6
   0.10414671011 0.00648143926852  0.0745953408719 0.128269291576  0.249394775065 -0.281966771021   9.43749286826 -0.237341588712 -0.144105485689  -1.08759298868 1776585350.63
  0.0925408566753 0.000931665526503   0.0432579422278 0.102156388545  0.227770156137 0.0932374909829   9.37515259489 -0.975438320985 -0.363483870354  -2.08052843262 1776585350.65
  0.0711616562414 -0.00580999401432  0.00424097714809 0.0715242842442 0.269207391828 0.617882988446  9.50836010056  -1.52932371085 -0.327995488057  -2.48170649092 1776585350.66
  0.0439261805889 -0.00949476956801  -0.0356314101972 0.0573520477657 0.398569184584  0.90003814578  9.75535659771   -1.46986535282 -0.0044307505838   -1.93735323738 1776585350.68
  0.0153059149492 -0.00597836512251  -0.0693795766061 0.0712989307916  0.54292425456 0.890735826297  9.94862255811 -1.08494380855 0.343241066034 -1.10629745342 1776585350.7
 -0.010454949559 0.00770965792118 -0.0910828587627 0.0920045213885 0.932282238436  1.07081467043  10.1649447894 -0.982550270026  0.833567911742  -0.59627286293 1776585350.73
-0.0300092331145  0.0324657272502 -0.0968796383275 0.106490571604 1.74000975258 1.39330689857 10.5427690486 -0.902620436018   1.72089316039  0.161163456529 1776585350.75
 -0.041338299014  0.0665903820066 -0.0855686169521 0.116039312943 2.31601625069 1.25493617272 10.8261922903 -0.438650085387   2.31790107296   1.20644902926 1776585350.76
-0.0438847983402   0.105786555392 -0.0587167318223 0.128702468597   2.2208344756 0.729482176628  10.8280549834 0.0807405853843   2.12088962811   1.79522637844 1776585350.78
-0.0384020687767   0.143719129915 -0.0202830118245 0.150137629388  1.58943149503 0.198363881788  10.5996361904 0.345346591281  1.34422621727  1.65557101298 1776585350.8
-0.026601347183  0.173060617904 0.0241391047853 0.176749273043   1.43658758132 -0.165994901489     10.64218269 0.579487230666 0.902521710166  1.85397323032 1776585350.83
-0.0107155291024   0.186839498774  0.0682954773641 0.199218706688   1.42375194976 -0.720967644665   10.9181354118 0.975393621019 0.197139046472   2.3911837687 1776585350.85
0.0069019487614  0.179832046048  0.106272651421 0.209000186896 0.711019959656 -1.18969645092  10.8856478692  1.07508422203 -1.14768455988   2.0112972796 1776585350.86
0.0240601813984  0.149715387767  0.133354837824 0.201933410891 -0.139212935727   -1.3048654048   10.6423279944 0.879175372167 -2.25773467824  1.10934391877 1776585350.88
0.0388698356883 0.0977380643576  0.146609746932 0.180438386288 -0.62566311435 -1.03490141079  10.3145599853 0.525285374409 -2.47144279416 0.240734586315 1776585350.9
0.0497686197477 0.0287584036147  0.145136833997 0.156104650388 -1.03183135559 -1.00221980304  10.1923439362  0.348421517724  -3.08234241295 -0.348577362714 1776585350.93
 0.0554986548142 -0.0493702853325   0.129973489924 0.149701816432 -1.66291960435 -1.14047469001  10.1312727346 0.154074872641 -4.49709823261 -1.19645038521 1776585350.95
  0.05510354391 -0.126956007244     0.103709105 0.172944519389  -1.66797889157 -0.827680210672   9.92297054112 -0.232029965718  -4.46515108445  -1.85534706664 1776585350.96
0.0479856663388 -0.193949148388 0.0698984858776 0.211671194692  -1.07847952372 -0.316911697587   9.71024306816 -0.583000773794   -3.1671004031  -1.97228529125 1776585350.98
0.0340223794648 -0.241477578078  0.032391754446 0.24600440804 -0.316380813615 0.0954801572521   9.60174152439 -0.72071931142 -1.45519466102 -1.58074135049 1776585351
   0.013702258618   -0.263170315472 -0.00529472646104 0.263579970721 0.286086255713 0.399921238161  9.51139793233 -0.954751517228  -0.30400901042  -1.51858487362 1776585351.03
-0.0117766495314  -0.256060762532 -0.0404541236754 0.259504026375  1.17649003748 0.852814895356  9.36702632002 -1.50656804919  1.17355538873 -1.83824155467 1776585351.05
-0.0405008062429  -0.220948326968  -0.071430687775 0.235713431209 2.02682570342 1.16220453745  9.3780986479 -1.79263550093  2.89209175199 -1.76047009235 1776585351.06
-0.0699595682344  -0.162193192019 -0.0975930614065 0.201805298145 2.21601700438 1.09708632962  9.5818382591 -1.57235613969  3.70860205724 -1.31877312732 1776585351.08
-0.0972897138129 -0.0870044613729  -0.119060918193 0.176665126592  1.74248957649 0.767614471934  9.83419713881  -1.04632101979   3.32578528001 -0.814727620778 1776585351.1
  -0.119619294007 -0.00434719460512    -0.13626107004 0.181369106543  1.53803152055 0.604310322949  10.0871265896 -0.777655924077   3.41749952637  -0.63531214381 1776585351.13
 -0.13446412712 0.0763628273447 -0.149430848496 0.215038278835  1.51361971047 0.509172835537   10.547946114 -0.570026806223   4.19652180103 -0.610094559101 1776585351.15
-0.140120832229  0.146584570648 -0.158203681837 0.257195040628 0.895683354543 0.196435972855  11.0074138809 -0.0470487743122    3.78317975829  -0.366733596228 1776585351.16
 -0.13599924854  0.199801543151 -0.161396741489 0.290629249065 0.0783090527242 -0.140538040772   11.1831506375  0.487039372659   2.41648575532 0.0318485025371 1776585351.18
-0.122841361078  0.232318082639 -0.157073741812 0.306159846942 -0.417160309669 -0.297854885497   10.9366744537 0.698631454698 0.920534710351 0.389288750426 1776585351.2
-0.102782013788  0.243569423005 -0.142887560829 0.300511332933 -0.710975766767 -0.408650204399   10.8909645822  0.902020228226 0.0738258732012  0.836203189888 1776585351.23
-0.079219564224  0.235888309939 -0.116634864128 0.274813983727  -1.06694848159 -0.583653441626   11.0451857433   1.28921006174 -0.829729899207   1.83753662743 1776585351.25
-0.0564838544842   0.213772132251 -0.0768978776677 0.234098769613 -0.953963768012 -0.535484056564   10.7370521765  1.21764451779 -1.61980798578  2.83817312911 1776585351.26
-0.0393148399031   0.182803858622 -0.0236220721046 0.188469917107 -0.423014302887   -0.2793068655   10.1455015866 0.681578706311 -1.83260676982  3.32286542573 1776585351.28
-0.0321961260309    0.14846807393  0.0415108290594 0.157488121575  0.140305068521 0.0177806224139   9.63058076209 0.0147521318525  -1.43633111172   2.94275290482 1776585351.3
-0.0386198657807    0.11513818401   0.115011254778 0.167259929976 0.585898655167 0.269148821126  9.24983240415 -0.566570318258  -1.26601805001   3.02122152056 1776585351.33
-0.0603880481476  0.0854723942874   0.191843522213 0.21853188225  1.32056619967 0.716847477656  8.61635430749 -1.61090114375  -1.5099415864  4.16055153265 1776585351.35
-0.0970739791153  0.0603475489902    0.26598349275 0.289503717603 1.90009296214 1.18519800619 8.13228774103 -2.74005841681 -1.48147289057  4.47148557004 1776585351.36
-0.145769240079 0.0393091736657  0.331176598228 0.363966786536 1.77085780824 1.29411416307 8.26285826954 -3.02543340517 -1.13241197752  3.36349647961 1776585351.38
 -0.20121809338 0.0213666736617  0.381764709783 0.432075860796 1.15679005716 1.03911313238 8.80520963577  -2.41234497239 -0.729452894703   1.79399616629 1776585351.4
-0.256388578408 0.0058597302911  0.413441229179 0.486521417373 0.753568382096 0.925593702015  9.16023084893  -2.07389232621 -0.573455130851  0.852956955628 1776585351.42
  -0.303449520048 -0.00690149408061    0.423810772328 0.521291485235 0.432833587269  1.02937899069   9.4432299582   -2.09626447414   -0.56812318677 -0.0206118671959 1776585351.45
    -0.335027284 -0.0154526911974   0.412668001098 0.531767755529 -0.19026448499 0.853148505224  9.97028849568  -1.30354328218 -0.329473814081  -1.29645761683 1776585351.46
 -0.345527545035 -0.0175368197896   0.381961470704 0.515355595224 -0.783535747014  0.411862913151   10.4252718745 0.0815491322334  0.133204399838  -2.27021910716 1776585351.48
-0.332253958981 -0.010922672488  0.335462330397 0.472278491092  -0.979503035422 0.00148442627952    10.5004649959  1.13324924582 0.529259398773 -2.37712620526 1776585351.5
 -0.296062936443 0.00556454921719   0.278203521821 0.406302136466  -1.08744111589 -0.249086698099   10.4384599499  1.86076598163  0.86108444731 -2.45036100671 1776585351.52
-0.241372732051 0.0311333473629  0.215784833652 0.325258628679  -1.43904665355 -0.522328262043   10.3660856261  3.01385490978  1.42453399966 -3.11318683963 1776585351.54
-0.175483705456    0.0625577421  0.153650188539 0.241487851486 -1.70826634014 -0.75065574856  10.0024991735  4.02000542869  1.89625686298 -3.57924866937 1776585351.56
-0.107329548908  0.094362193811 0.0964382572818 0.172407056576   -1.5491033401 -0.716737272413   9.41449118112  3.81275976685  1.68137663175 -3.12398980588 1776585351.58
-0.0459183562753    0.11969434753  0.0474906466887 0.1367135465  -1.05831370249 -0.449559419597    9.0548863428  2.49252578504 0.858070489443 -2.01772702425 1776585351.6
0.00120572281478   0.131726266146 0.00857776165367 0.132010760756 -0.792367711501 -0.249424417292   8.83621135953  1.54632475881 0.114767715483 -1.39253557354 1776585351.62
 0.0291662329745   0.125267101071 -0.0201264311334 0.130182905894 -0.756705212244 -0.093873277395   8.49909532475  0.872824128906 -0.831520941918  -1.20012298067 1776585351.64
 0.0364058292097  0.0981918751321 -0.0398219734219 0.112039360537 -0.636290136454  0.100965084812   8.45943939795 -0.126612143712  -2.07201571534 -0.923712940414 1776585351.66
0.0247083535392 0.0523136230224 -0.052649385097 0.0782251598876 -0.414149301698  0.248870887236    8.8758051404  -1.12026047922  -3.10831253573 -0.631941268317 1776585351.68
 -0.0013461357015 -0.00655600088327  -0.0611179354148 0.0614832925133 -0.118611979382   0.23758026783   9.63763680286  -1.46272822697   -2.9659862531 -0.361825261162 1776585351.7
-0.0353313465595 -0.0694293787534 -0.0675010026209 0.103078261717 0.104463458793 0.152440541301  10.2529019824   -1.4223261653  -2.46423176235 -0.252399726341 1776585351.72
-0.0701245588137  -0.125717118025 -0.0733230509467 0.161550355349  0.377957526383 0.0393583457985   10.9844841372   -1.5354909836  -2.30869416587 -0.278446444629 1776585351.74
-0.0990580238532   -0.16524590236 -0.0790572194336 0.208251636923    0.7606691726 -0.186965309808   11.8086122427  -1.34138475127  -1.56505017691 -0.309383265809 1776585351.76
 -0.116909396984  -0.180302962382 -0.0841137252927 0.230764130942   1.07921531335 -0.463400211861    12.166124689  -0.633122124892 -0.0595321821347  -0.237113851059 1776585351.78
 -0.120610994139  -0.167272518241 -0.0871291341325 0.223871823328   1.1063858017 -0.60236096978  11.7178288981   0.178711531382      1.290107038 -0.0578586384273 1776585351.8
 -0.109596091617  -0.127508681827 -0.0864814398309 0.189073548319   1.03321324759 -0.641211964944   11.0934657506 0.704750557553  2.02142213205 0.126220000993 1776585351.82
-0.0857386195527 -0.0672487736263 -0.0808835326105 0.135704289853   1.26920858716 -0.851006768006   10.7372476847  1.34526952007  3.10625610182 0.393936011248 1776585351.85
-0.0528907084733 0.00342526097608 -0.0698763713903 0.0877032880469  1.51920149602 -1.06357397256  10.0807385664  2.03510455084  4.07930640352 0.783459626502 1776585351.86
-0.0160852518686  0.0723693254555 -0.0540688898896 0.0917578304476   1.34509405977 -0.957493495987   9.22107327056  2.0850670135 3.57694437423 1.00366371886 1776585351.88
 0.0194609435002   0.127544933302 -0.0350493238109 0.13369702103  0.994582995585 -0.702248077674   8.64618139069 1.71099149835 2.26885866127 1.02157843542 1776585351.9
 0.0493540017454   0.159144985938 -0.0149971993602 0.167295726264  0.552161444641 -0.376017431603   8.61111339816  1.05247935961 0.691028485573 0.797541709885 1776585351.92
 0.0708327174339   0.161274202022 0.00387888133501 0.176186514289  0.329061997641 -0.206730524775   8.44964775918  0.768258466127 -0.595956060393  0.791961410541 1776585351.95
0.0832047456609  0.132886172173 0.0198979356513 0.158043324119  0.0517190305549 -0.0168349801854    8.45699248369  0.47177172916 -2.31867363588 0.789338007374 1776585351.96
 0.087809194838 0.0778378531391 0.0322828276043 0.121701959876 -0.285471533995  0.171215266124   9.02120346873 0.125261398073 -3.74567470125  0.62079014232 1776585351.98
 0.0875116455093 0.00409752658003  0.0412427474685 0.0968299645904 -0.560541364334  0.275086104982   9.82189357193 -0.0563272797998   -4.46936226421   0.444314423312 1776585352
 0.0858489085295 -0.0777036479882  0.0477457344552 0.125249938783 -0.570518403157  0.222593640431   10.4252096835 -0.0320299881911   -3.46332281381    0.25561056254 1776585352.02
0.0860302475589 -0.156082342596 0.0530648237429 0.185953695 -0.657896568384  0.188387626172   10.9443727397 0.0924183089724  -3.14603469078  0.231383393506 1776585352.04
0.0900449553188 -0.220542322598 0.0582511803589 0.245235009834 -0.81762407904  0.14825376182  11.6048019981 0.332785350579   -2.949816751 0.293201954612 1776585352.06
0.0981071634352 -0.263132393599  0.063705242062 0.287961855016 -0.721585068931 0.0580721381167   11.6765412912 0.517735775232 -1.64596017911 0.299530817336 1776585352.08
 0.108586304569  -0.27948807059 0.0689780911909 0.307672787562   -0.505962800367 -0.00259678641534     11.3314419875  0.547379873651 -0.164114128702  0.246279212215 1776585352.1
 0.118443448924  -0.26922957023 0.0728550201424 0.303020240313   -0.201962114489 -0.00558415525701     10.5978965756 0.334786753079 0.947538620926 0.101782287366 1776585352.12
 0.124054821879 -0.235707910758 0.0736808491688 0.276363321661 0.0309159647574 0.0415315528041   10.0388793585  0.0815263989343    1.82537294946 -0.0660440619488 1776585352.14
 0.122196443135 -0.185200173588  0.069814741344 0.232605187218 0.345591803154 0.174493610206  9.34968754404 -0.375882675174   3.14761448155 -0.389443593606 1776585352.16
 0.110922106895 -0.125735500232 0.0600743382687 0.178106866615 0.632108194752 0.342906889494  8.65571026691 -0.961045966314   3.57630837829 -0.771547621535 1776585352.18
0.0901034088142 -0.065773432775 0.0440497881927 0.11993811979 0.760988364292 0.473233460084  8.32036491085 -1.38899496188  3.16980835585  -1.0638301928 1776585352.2
 0.0615017775284 -0.0129539731023  0.0222233453122 0.0666644668107 0.648261443638 0.475294768901  8.51970362002 -1.38903951464   2.0853529984 -1.08361279177 1776585352.21
  0.0283751119971   0.0268987248536 -0.00410548121491 0.0393133991866 0.559352955319 0.511419002179  8.68659709291 -1.45620613339  1.38193907507 -1.20548410362 1776585352.24
-0.00525491419516   0.0503981023351  -0.0330395249901 0.0604912642764 0.469896666019 0.624447768389  8.81393645409 -1.70370408184 0.797751946046  -1.5549795502 1776585352.26
-0.0354689471764  0.0567934248733 -0.0623762850914 0.0915114214973 0.163395010954 0.620629327111   9.2780550809   -1.58931568097 -0.0774930920828   -1.67455837428 1776585352.28
-0.0592259664574  0.0477665397244 -0.0899053060407 0.117780819637 -0.242171416812  0.461956833722   9.87519666639  -1.07316663701 -0.813991207795  -1.39691667297 1776585352.29
-0.0748697814426  0.0269081008551  -0.113663457481 0.138740446992 -0.486995830717  0.244651036692   10.2329295446 -0.479392196593  -1.01450323026 -0.878143364024 1776585352.31
 -0.0822738704327 -0.00100808197331    -0.13212410742 0.155649560702 -0.740578080959  0.129701600875   10.4994624731 -0.162511067914  -1.20834576116  -0.64150338839 1776585352.34
-0.0826339075922 -0.0308218066676  -0.144311912979 0.169127983131  -1.18172330004 0.0229577821724   10.8939953181  0.119416510111  -1.58618477166 -0.495384132092 1776585352.36
-0.0780031462912 -0.0577352262429   -0.14984066077 0.17852190566  -1.26727571612 -0.121678561809   10.9494223934    0.3585526235   -1.4168982456 -0.137185991636 1776585352.38
-0.0707148203755 -0.0779226578666  -0.148872280669 0.182306013015  -1.00122246161 -0.243437597796   10.7381767467 0.444850068024 -0.91568421458 0.230056130337 1776585352.4
-0.0628406281297 -0.0889459184103   -0.14199929914 0.178952848264 -0.439719112449 -0.279304416361   10.3300161861 0.348520260224 -0.28115839968 0.439491217185 1776585352.41
-0.0558013283482 -0.0899536759468  -0.130066060453 0.16769803858  0.037194717426 -0.318123732921    10.067633532 0.268035719854 0.154152279067  0.59398027473 1776585352.44
-0.0501895433757 -0.0816700465654  -0.113963876093 0.148918608053  0.643410590648 -0.460999523636   9.90101856842 0.265058341314 0.629939355224 0.944242902364 1776585352.46
-0.0458042849183 -0.0661946383662 -0.0944526281177 0.12410101379   1.29080951035 -0.544184716552   9.73293986995 0.241162238701  1.01260886863  1.21132693901 1776585352.48
-0.0418479701125 -0.0466448655499 -0.0720652253676 0.0955007475991   1.53968355135 -0.496671584627   9.65631173525 0.224899749474  1.03421051501  1.23832322536 1776585352.49
-0.0372106700901 -0.0266765560289 -0.0471352217778 0.0657115038799     1.320153788 -0.363681378019   9.66793399346 0.229998228262 0.762053716343  1.08153912125 1776585352.51
-0.0307659736854 -0.0099268585217 -0.0199534644726 0.0379898460299   1.18940472142 -0.296045069128    9.6681538634 0.323148509886 0.564678473491  1.16339313022 1776585352.54
 -0.0216227737512 0.000562156947584  0.00898402668048 0.0234216374433   1.11584829951 -0.256605390201   9.61009660456 0.589548427754 0.351342423306  1.61171484447 1776585352.56
-0.00930594223419  0.00286228499785   0.0387142371519 0.0399197369046  0.480129750809 -0.093339996672   9.53187849559  0.833572637495 -0.121099747644   1.76103750678 1776585352.58
 0.00613691949771 -0.00347071516928   0.0676302187327 0.0679967214691 -0.32525703834 0.100449364724  9.45346648916 0.896911200066 -0.54047707351  1.47065082594 1776585352.6
 0.0240948424715 -0.0172649676994  0.0934809650185 0.0980679935768 -0.799599848246  0.216321748866    9.4135958099  0.776755523494 -0.675728647898  0.957886576498 1776585352.62
 0.0434149636239 -0.0359002783867   0.113601102732 0.126802600907 -1.24217357876 0.344639734228  9.26071111622 0.827066804832 -0.82965834333  0.68662955775 1776585352.64
 0.0624924909581 -0.0557829317199    0.12535863227 0.150770798174 -1.90696722415 0.574641553168  8.90938597828  1.03805392677 -1.07075136217 0.378445491262 1776585352.66
 0.0794402983848 -0.0730603673504   0.126734934376 0.166464175954  -1.8455411877 0.646413953318  8.78065961665  0.884506832254 -0.849095315205 -0.250923234287 1776585352.68
 0.0923391642041 -0.0844346837511   0.116891514198 0.171228978732 -1.30160033209 0.596472328944  8.84865705445  0.557838048202 -0.411372586268 -0.837400793937 1776585352.7
 0.0995444203955 -0.0878859689616  0.0965555520492 0.16418285478 -0.509513616184  0.415912887519   9.15220466557  0.16645283083 0.028650629696 -1.06122458181 1776585352.71
 0.0999944473248 -0.0831170210787  0.0680850469975 0.146775005752 0.0657016462331  0.313445708944   9.36065001851 -0.127280916057  0.340187158039  -1.28172279473 1776585352.74
 0.0934467590363 -0.0715885839902  0.0351519119688 0.122853079111 0.747693851724 0.262138600164  9.55862175133 -0.53186145385 0.739347606358 -1.80722158828 1776585352.76
 0.0805716255917 -0.0561171009809 0.00208789212338 0.0982103618083   1.32185583821 0.0975565970474   9.97288662101 -0.914131340508  0.940447486117  -1.85655893229 1776585352.78
 0.0628645910055 -0.0401260120708 -0.0269590722087 0.0793022396994    1.42793262847 -0.0958571124239     10.388403574 -1.07245719543 0.825106181806 -1.43060440985 1776585352.8
 0.0423886265884 -0.0267406105703 -0.0488463241679 0.0699844218554  0.984105002661 -0.210347105157   10.5368473259 -0.878313011494  0.469485797942 -0.742831037593 1776585352.81
 0.0214059445551 -0.0179650677882 -0.0620226189818 0.0680276663446  0.678732069116 -0.325894941955   10.7369602281 -0.836856079461  0.260535386735 -0.370451552314 1776585352.84
0.00199000302636 -0.0141634527152 -0.0667296056272 0.0682451739834  0.342725745195 -0.518839784159   11.1000994923  -0.913705076303   0.101783489588 -0.0705293591597 1776585352.86
-0.0142908882504 -0.0139885678164 -0.0647780756462 0.0677946059872 -0.218132189711  -0.71313445453   11.3671635607   -0.88359745958 -0.0192304150023   0.240022081508 1776585352.88
-0.0265541935283 -0.0147846821446 -0.0589758062044 0.0663464975528 -0.778731208978 -0.768514220997   11.2455948653  -0.66092954743 0.0202568500193  0.403192417865 1776585352.89
-0.0346267868606 -0.0133652922346 -0.0523723961573 0.064191224354 -0.721350199701 -0.467408400601   10.5032091554 -0.264188303029   0.16681734256  0.244482738644 1776585352.91
 -0.0389321624045 -0.00696881804105  -0.0475210987286 0.0618266327626 -0.703528135246 -0.361695410748   10.1430812845 -0.114694513574  0.389255305654  0.130431161864 1776585352.94
-0.0402889873268 0.00585133377879 -0.0459333140906 0.0613784159958  -0.73410614785 -0.323205159457   9.75352958528  -0.0202713385577     0.86057249945 -0.00848427910758 1776585352.96
-0.0396765267158  0.0246314363761 -0.0478326417753 0.0668498021641 -0.382467435384 -0.139760093509   9.17647106962 0.0694048932024   1.25132144883 -0.192105354178 1776585352.98
-0.0380145615423  0.0468576322779 -0.0522286824822 0.0798033825459 0.148500855395 0.090223107161  8.73573177577  0.106632744416   1.26434015683 -0.272529739264 1776585352.99
-0.0359903112808  0.0683387443584 -0.0572537941321 0.0961430363006 0.483177753481  0.22310603491  8.73981060356 0.0889593475186  0.813788234086  -0.18451923257 1776585353.01
-0.0339507247718  0.0840330684895 -0.0606578814714 0.109057722775 0.700512409753 0.315875295172  8.71173434957 0.0834498936543  0.421781689338 -0.062550268631 1776585353.04
-0.0318695700864  0.0891662506158 -0.0603425154878 0.112283164017  1.05254734165 0.485476304412  8.43683619509 0.119791962217 -0.09537803371 0.153232198518 1776585353.06
-0.0293941905148  0.0804051683372 -0.0548293788833 0.101662531545  1.11415419856 0.545710307214    8.525727179  0.176103632466 -0.965638047582  0.500334170225 1776585353.08
-0.0259719115386  0.0568273181036 -0.0435864721598 0.0761817880281 0.790007904485 0.437666322072  8.99866572959 0.243560556403 -1.74902793374 0.806993686996 1776585353.1
-0.0210455003019  0.0204525528231 -0.0271675095068 0.0399911686844 0.261839749682 0.207863124128  9.60968860019 0.264264156328 -1.82413885117 0.824152155865 1776585353.11
 -0.0142885524963  -0.0238195219271 -0.00714995471363 0.028681949196 -0.111249158668 0.0362859058067   10.0181344018  0.28848379498  -1.6941783776 0.782662870088 1776585353.14
-0.00582897990125  -0.0689094851618   0.0141152444528 0.0705814017849  -0.54119906892 -0.135185370379   10.5294168915 0.449586418139 -2.08471807535  1.03129017149 1776585353.17
0.00360806337735  -0.106805566643  0.0339024510282 0.112115223645 -1.06096605964  -0.3682326499  11.1774988304 0.611762308188 -2.02113174085   1.1710512712 1776585353.18
0.0127045868066 -0.130140423131 0.0495926783558 0.139847667142  -1.03470164412 -0.411745480255   11.1970034292  0.470823167361 -0.787405816763  0.736883863857 1776585353.2
0.0197388181223 -0.133782680335 0.0591486447319 0.147600774633  -0.70375193024 -0.308151573869   10.8676489766 0.233903988518 0.320987598635 0.271662866886 1776585353.21
0.0229417453845 -0.116091919855 0.0614824108297 0.133355706209 -0.398404600908 -0.193187690062   10.6070478027  0.0249314621453    1.12488581417 -0.0523661552961 1776585353.24
 0.0209413143629 -0.0795270993843  0.0566229162162 0.0998461457672 -0.0798514001588 -0.0608842101114     10.457192907 -0.244650438962   2.14484753802 -0.396914884879 1776585353.26
0.0131694445231 -0.030418272457 0.0456280690681 0.0563970411919 0.40667851148 0.16757708324 10.1380368569 -0.613597990794   2.99273705453 -0.776523739245 1776585353.28
0.000102438736207    0.022111556867    0.030250793318 0.037470547596 0.85069040632 0.40233431341 9.72270474616 -0.908009291412   2.98343806617  -1.00701253391 1776585353.3
-0.0167515579089   0.067892899552  0.0124446812316 0.0710276748381 0.849403044029 0.436558027534  9.48577575824 -0.827683823244     1.777704199 -0.855077614461 1776585353.31
 -0.0351270253724   0.0977776077374 -0.00614465779837 0.104077496635 0.724813057388 0.413177518373  9.40398031793 -0.720492760738  0.760493493781 -0.746156302521 1776585353.34
-0.0524635240644   0.105587543262 -0.0245393248187 0.120429768379 0.645053384081 0.449511154001  9.28869923119 -0.759041640353 -0.200528236751 -0.882100517942 1776585353.36
-0.0664251798633  0.0895090709405 -0.0425169947288 0.119297414646 0.264760210123 0.383442308224   9.2655688062 -0.666372899423  -1.54356737939  -1.04460546927 1776585353.38
-0.0753357435601  0.0526069794686 -0.0603937924903 0.109956258203 -0.415243773641  0.160366504822   9.41824930143 -0.352622554464  -2.56198500145  -1.05967463175 1776585353.4
-0.0784254159404 0.00232115725153 -0.0785791966071 0.11104334188 -0.949843098437 -0.074379618055   9.62972275252 -0.0124966769459   -2.49678765675  -0.884146609006 1776585353.41
-0.0758541273806 -0.0509641002709 -0.0970697263428 0.133318115533   -1.2926552212 -0.226524320435   9.74593774698  0.204439940961  -2.03442696974 -0.755427519672 1776585353.44
-0.0685470617165  -0.095980525655   -0.11508077548 0.164786364303  -1.87984676122 -0.401190130618   9.77097719987  0.425860956901  -1.70702607565 -0.805322548837 1776585353.46
-0.0579250966397   -0.12283103827  -0.130974343567 0.188671830054  -2.44452681465 -0.573120963244   9.70256209263  0.650862989629 -0.823018659123 -0.779469152345 1776585353.48
-0.0456213995895  -0.124970110259  -0.142536394727 0.19497554816  -2.40777633517 -0.610960473487   9.53542218932  0.729443704108   0.65975583322 -0.489373641074 1776585353.5
-0.0332491125325  -0.100512490089  -0.147529118283 0.181584979801  -1.69211616049 -0.484559972719   9.36564779527   0.607093492012    1.87841210273 -0.0468194043383 1776585353.51
-0.0222411649273 -0.0526291671715  -0.144339492066 0.155236553764 -0.812502345241 -0.307294254611   9.27926119096 0.403870442538  2.30921837497  0.31106885703 1776585353.54
-0.0137435069742  0.0110151138796   -0.13250552213 0.133670977077 -0.170896460427 -0.230240752854   9.05438810088 0.314406909562  3.03174958405 0.719725477373 1776585353.56
-0.00852407747066   0.0796413807275   -0.112938982034 0.138458019211  0.736765802548 -0.149560333994   8.71808254601 0.20114252837 3.81041478979 1.30886770512 1776585353.58
-0.00686760704541     0.14127116164  -0.0877629038812 0.166454295335    1.62928421327 -0.0237328150594     8.6679123036 0.00209072158066    3.21569285184    1.62441038843 1776585353.6
-0.00845569379789    0.184820802858     -0.0598074941 0.194440644612   1.88886233087 0.0628842466864   8.96087745842 -0.14162188904   1.5926588297  1.46425320448 1776585353.61
-0.0122689391196   0.202013743725 -0.0319175973988 0.2048873167   1.56659870501 0.0809665002497   9.35692930008 -0.162897343385 0.0798077315026   1.07369627136 1776585353.63
 -0.0165760854151     0.18879919821 -0.00628400488762 0.189629619443      1.55019908 0.0874833553063   9.61167944108 -0.150217873898   -1.2344030518   1.05698635732 1776585353.66
-0.0190786090127   0.146055840183  0.0159976605404 0.148162839188   1.40975261726 0.0633250212132   9.99746300647 -0.0190634164998    -3.0926696961     1.1681492859 1776585353.68
-0.0172499697054  0.0794745384261  0.0350096138326 0.0885405939306   0.590477699819 -0.0246508472467    10.4499677321 0.297551467379   -4.288404242  1.03917694302 1776585353.7
-0.00885029150994 -0.00135785114835   0.0517193184049 0.0524886589257 -0.354635058361 -0.127485465202    10.744599051 0.665626522307 -4.41526006442 0.872403267835 1776585353.71
0.00747386699394 -0.0845245889514  0.0674139054392 0.108373887407 -0.932277704973 -0.180105241198   10.6983400134 0.844344599804 -3.25990506593  0.65312329363 1776585353.73
0.0316531679841 -0.157736458678 0.0830498354406 0.181052447115   -1.5172388653 -0.256283750637   10.7827412381  1.19833013251 -2.77084591349 0.689652648846 1776585353.76
0.0618902255502 -0.210349134828 0.0987311399815 0.240468285941  -2.29055510646 -0.359757320172   10.8982909196    1.768869335 -2.16969158067 0.853688875551 1776585353.78
 0.094717603406 -0.235091168755  0.113485891908 0.277701871949   -2.3470214618 -0.333247081531   10.5912632605   1.83946816505 -0.545434058453  0.772010945756 1776585353.8
0.125464812579 -0.22920009712  0.12541291572 0.289831853227  -1.77351116526 -0.194502938998    10.080826405  1.42212603259  1.05501256013 0.488426869979 1776585353.81
 0.149066751236 -0.194771933835  0.132152018223 0.278605740168  -0.936638031939 -0.0176355746295    9.62599244309 0.750406498938  1.91772017334 0.129038193716 1776585353.84
 0.161042845543 -0.138277761507  0.131530833297 0.249711628756 -0.348188831938  0.168403045285   9.19236052411  0.211516841858   2.83658537807 -0.225269129683 1776585353.86
   0.15841855733 -0.0693578240651    0.12219218145 0.211749560266 0.392667047307 0.448349206928  8.62889923199 -0.574910763128   3.86937877132 -0.764994388862 1776585353.88
   0.140368803916 0.000866785645236    0.104021301638 0.174712860501  1.14508588183 0.691360338512   8.2982139598 -1.45998827937  3.82648360342 -1.28309876361 1776585353.9
 0.108433072988 0.0616491428717  0.078262847178 0.147252916381  1.46772161456 0.750544298925  8.40516764355 -1.94305951995  2.71227887763 -1.48679649977 1776585353.91
0.0662608633839  0.104312614096 0.0473151506127 0.132326667582  1.30600345041 0.627766389308  8.81299207922 -1.87841825656  1.29878405071 -1.34327289391 1776585353.94
0.0189593983601  0.123513416794  0.014279460397 0.125773311571   1.3016327597 0.611457363887  9.03513450188 -2.12742076559 0.307085971658 -1.46830836823 1776585353.96
-0.0277984040448   0.117889750316 -0.0176029002539 0.122395288285  1.21114718979 0.565935145458  9.37083503119  -2.44327963543 -0.933062019343  -1.66558428327 1776585353.98
-0.0687086045536   0.090033956382  -0.045483837132 0.122048208023 0.648687177785  0.30489680857  9.96153437576 -2.04199570493 -2.04824973495 -1.41288333546 1776585354
-0.0996282109221  0.0458399499452 -0.0673028760578 0.128673068465  -0.0163892675602 -0.00423772901899     10.4981879854  -1.31122122558  -2.56648381169 -0.969269663823 1776585354.02
 -0.118091856726 -0.0066250320457 -0.0819884995779 0.143915571561 -0.490375856184  -0.22608229992    10.731456172 -0.511697231587  -2.23718777729 -0.475212470696 1776585354.04
  -0.12349568047 -0.0585108415983 -0.0894685601241 0.163338069445 -0.897139101838 -0.415969253131   11.0100015435 0.0250064344695  -2.11056007879 -0.189842947539 1776585354.06
 -0.116966583153  -0.101598887024 -0.0905313109148 0.179442006439  -1.38598719268 -0.642003180771    11.385141864  0.618160907182  -1.95058977757 0.0789879526241 1776585354.08
 -0.100992510829  -0.129518975813 -0.0865931287004 0.185669120419  -1.46739118193 -0.675707331613    11.298168786  1.07879921096 -1.04904693724 0.314971810605 1776585354.1
-0.0789176184438  -0.138598496857 -0.0794223379156 0.178172505151  -1.18108439734 -0.537107339107   10.8784283207   1.24075292249 0.0338328805051  0.419204880989 1776585354.12
-0.0544043433982  -0.128248608544 -0.0708526965567 0.156293450865 -0.642990576285 -0.284548102014   10.2864401262   1.0385385746 0.816620273424 0.366139125433 1776585354.14
 -0.030940811972  -0.100873530469 -0.0625080061881 0.122637897211  -0.228547317923 -0.0894151482759    9.82741410739 0.942654417829  1.46753179825 0.335578339039 1776585354.16
 -0.011439588088 -0.0613607401698 -0.0555575460206 0.0835622254948 0.282359509675 0.149781854961  9.24698440086 0.909896939795  2.33331500802 0.330354014728 1776585354.18
0.00205498772351  -0.016259997591 -0.0505283034087 0.0531198639077 0.839181954618 0.399660829927   8.6917704327 0.581201251257  2.57530821406 0.242804658726 1776585354.2
0.00855067845177  0.0272163189982 -0.0472063426559 0.055156875444  1.12928684135 0.517813694989  8.46587855408 0.162899713016  2.08574532991 0.155974540374 1776585354.22
0.00818565507604  0.0622362168157 -0.0446582622356 0.0770370820998  1.06665456101 0.471949441247  8.61915386265 -0.137917964856   1.21780408527  0.126258923573 1776585354.24
0.00219803369776  0.0833096404287 -0.0413907254568 0.0930511670767  1.05268171293 0.442508853188  8.70349644417 -0.337991030175  0.544449418451  0.197739783549 1776585354.26
-0.00722478075467   0.0870599608712  -0.0356424719527 0.0943505169607  1.08364838955 0.412477666869  8.77604216252  -0.53046740439 -0.289289582928  0.426429523887 1776585354.28
-0.017229274636 0.0727149877153 -0.025773596535 0.0790480589342 0.751063208339 0.213868986288  9.26483487912 -0.505258498194  -1.29483210915  0.721067348843 1776585354.3
-0.0247105894384  0.0422488659187 -0.0106880263472 0.0500980419678   0.258244929913 -0.0446551462424    9.91051276863 -0.259929167029  -1.96514079986  0.963063241138 1776585354.32
 -0.0268292243311 0.000136550142559  0.00979516542365 0.0285617084543 -0.146464219005 -0.229645659263   10.3835029516 0.0685217895935  -1.94825577612  0.987994592021 1776585354.34
-0.0215620012611 -0.0472738266366  0.0347104973949 0.0624864242268 -0.434440941139 -0.386130506263   10.7914650516 0.403235382196 -2.00804110163  1.12752100996 1776585354.36
-0.00818502551546  -0.0927082724642   0.0619278075642 0.111789408155  -0.75896919122 -0.595678837854   11.3418463459 0.904788504035 -2.17831710154  1.42867992658 1776585354.38
0.0124289610939 -0.129108525315 0.0883829361859 0.156955515328 -0.895270875964 -0.676496594694   11.5595472718   1.3276623147 -1.67689544332  1.40352797693 1776585354.4
0.0377995973072 -0.150788857881  0.110540096944 0.190749055699 -0.765763894347 -0.578139910467   11.2938515788   1.43030588784 -0.699337497156   1.01264379792 1776585354.42
0.0641624513276 -0.154403233172  0.125009785362 0.20876931051 -0.435315268094 -0.338608986749   10.6389394103  1.08899096078 0.248621824259 0.412141248752 1776585354.44
0.0870966233987 -0.139534111975  0.129197127741 0.209159001787 -0.187097095336  -0.16252019867   10.1152743559   0.805593849172   0.962728733332 -0.0670186435256 1776585354.46
 0.102342988289 -0.108775402194  0.121833485296 0.192742246313 0.0708958576225 0.0168576013986   9.49249572041 0.518068091725  1.91550503864  -0.6875705033 1776585354.48
  0.106639121813 -0.0672776754607   0.103260680998 0.162975323766 0.389713500876 0.251698438693  8.66963766502 -0.120079252466   2.63463429114  -1.40730017649 1776585354.5
 0.0983803738742 -0.0218324906869  0.0753925902089 0.125854671235 0.552781725892 0.390145610975  8.20038543374 -0.79131573161  2.41663261608 -1.70750776193 1776585354.52
0.0779519493393 0.0203312951352 0.0413592582033 0.090556370327 0.505075056957 0.379849721719  8.26760179978 -1.10622761358   1.6277474639 -1.53688809391 1776585354.54
 0.0476555752467  0.0528060026115 0.00492034912633 0.071300333796 0.472668412641 0.388687079085  8.23670468126 -1.44454886792  1.09901359999 -1.55000447631 1776585354.56
0.0112540338424 0.0710751071654 -0.030207768622 0.0780437916904 0.442524322454 0.438505604399  8.07570169158 -2.02716397032 0.555470608632 -1.79463626605 1776585354.58
-0.0267510296144  0.0731944283597 -0.0609513778146 0.0989348896287  0.20000360628 0.355201499569  8.54528977599  -2.05490651341 -0.311788412584  -1.54614791906 1776585354.6
-0.0619338441717  0.0599704013516 -0.0852756194238 0.121260798943 -0.118994678972  0.230533599709   9.28606930069 -1.71076326889 -1.03219745086 -1.10708156611 1776585354.62
-0.0906675120753  0.0346301036143  -0.102313476703 0.141024428158 -0.384245309397  0.111218552402    10.011266983  -1.09394323415  -1.30095607999 -0.606043639022 1776585354.64
 -0.110610007318 0.00208298231659  -0.112242173195 0.157598280377 -0.639353759021 0.0518393476013   10.6039589479 -0.659927451683  -1.45637442594 -0.298664027305 1776585354.66
 -0.120881785606 -0.0320488853518  -0.115987580716 0.170565694159 -0.905643761029 0.0278721360047   11.1615462413  -0.261164788078   -1.48585554031 -0.0605191380568 1776585354.68
 -0.121948121165 -0.0624234138185  -0.114869529212 0.178782089678  -1.19975609933 0.0357573337017    11.725575633 0.147089390094 -1.38731036741 0.149790107762 1776585354.71
 -0.115288515499 -0.0848032111564  -0.110291612219 0.180685544952  -1.53487805512 0.0781593605912   12.3357798814 0.622220885799 -1.11993104959 0.371581253229 1776585354.72
 -0.102970869546 -0.0965804371666  -0.103536590861 0.175073146043 -0.881411080224 0.0770179427209    11.298849346  0.588814465231 -0.255065579073  0.306913568996 1776585354.74
-0.0872442230278 -0.0969515772739 -0.0956738091581 0.161754877968 -0.67439331733 0.100790133541  11.0227427751 0.714310223607  0.21394764919 0.348946195726 1776585354.77
-0.0702289147334 -0.0867736836992 -0.0875418868863 0.141863859411 -0.442937125423  0.150336293072   10.8481064868  1.04123859062 0.893527375033 0.494662304761 1776585354.78
-0.0537336158731 -0.0681948205454 -0.0797538900172 0.117891975965 0.177675398255 0.116330413685  10.0188294495 0.856608345538  1.17524979503 0.409936222658 1776585354.8
-0.0391826868856 -0.0441788699729 -0.0726844862575 0.0936487589142  0.762784358943 0.0779470241756   9.32404800068 0.691448227081  1.32752014628 0.352686535788 1776585354.82
-0.0276080320616  -0.018035983651 -0.0664280309158 0.0741632215584   1.13407791504 0.0324420758521    8.8818005493 0.442992691614  1.16015813555 0.270787030554 1776585354.84
-0.0196531314168 0.00696728455668 -0.0607467039113 0.0642257788171     1.4965222542 0.00320704732541    8.53031776913 0.269630795024  1.02721415921 0.254567607753 1776585354.86
-0.0155518962735  0.0278943537415 -0.0550454229091 0.0636392570007    2.01098423255 -0.0140540866796    8.10058146266 0.119858157011 0.926000310581 0.322930361495 1776585354.88
-0.0150742758512  0.0423426130415 -0.0484100259587 0.0660580145398    2.16136250238 -0.0125367085315    8.01982441512 -0.0531491693868   0.575944484504   0.425805397491 1776585354.9
-0.0174635563949  0.0486098252315 -0.0397301281032 0.0651642078912   1.85392933103 0.0077937769096   8.33059969437 -0.170768565175 0.0947623631492  0.552168531638 1776585354.92
 -0.021415624872  0.0458615347947 -0.0279057055424 0.0577982505289   1.15730966197 0.0304344509915   8.93043104266  -0.17546471742 -0.326209795923  0.629740113205 1776585354.94
-0.0251582184578  0.0343045325313 -0.0121141068892 0.0442322110445  0.559365067616 0.0483401731386   9.41942876109 -0.115038560601 -0.668290085447  0.783697399658 1776585354.96
-0.0266721824065  0.0153247715948 0.00790446497318 0.0317605809971 -0.0882575872365  0.0650153489857    9.91874467639 0.0290371138078    -1.128411259   1.15264811782 1776585354.98
 -0.0240570065416 -0.00848966295951   0.0315992542572 0.0406119047882 -0.862639308597 0.0500747038517   10.4649863535 0.290268605748 -1.32720036889  1.34641842431 1776585355
-0.0159878331159 -0.0335274709112  0.0574640950945 0.0684238579625   -1.41879591325 0.00948540320065    10.8169749957  0.56205692234 -1.20881401108  1.32075757754 1776585355.02
-0.0021579400341 -0.0555879147054  0.0830590920089 0.099967423353   -1.65973381773 -0.0382443913268    10.9314866579 0.766688634945 -0.87568212687  1.13005260947 1776585355.04
0.0164284618958 -0.070552110207  0.105243750482 0.127764398916   -1.70267807197 -0.0815328905742    10.9066073786  0.910307182513 -0.450661281015   0.86372283003 1776585355.06
 0.0374349479359 -0.0751889702111   0.120625840798 0.146987584634 -1.76965708676 -0.12706869233  10.8853245247  1.09385859736 0.070036154251 0.557334236629 1776585355.08
0.0575043869603 -0.067922154351  0.126172433033 0.154400959935  -1.38250912906 -0.134326236202   10.5719049917   0.999938910568   0.728952383424 -0.0213257152543 1776585355.1
 0.0728713206134 -0.0493559637642   0.119870088636 0.148711393904  -0.696264455055 -0.0901673368579    10.0879507932  0.626649380284   1.26015592439 -0.688833905382 1776585355.12
 0.0801478879505 -0.0223873739468   0.101281941301 0.131083599618  0.00835010660709 -0.00837243238952     9.64526892877 0.0928346394869   1.26538046269  -1.05604136758 1776585355.14
 0.0770927550757 0.00818420359792  0.0718491187991 0.105700378173  0.513956466329 0.0768796369153    9.2978518012 -0.384536178349   1.33382966739  -1.50471216865 1776585355.16
0.0631657127462 0.0365182125223 0.0348297136078 0.0808492180702  1.04758320902 0.204175872329  8.89429255015 -1.04016243039  1.35632634172 -2.14326068995 1776585355.18
 0.0397245158313  0.0569107541349 -0.0051483537929 0.0695943721935  1.12633200175 0.280185910998  8.83679931407 -1.40889531586 0.753284721225 -2.05139400624 1776585355.2
0.00981799942364   0.065041280848 -0.0428461634602 0.0785019429714  1.00481581284 0.335776199858  8.88899514652  -1.67241261032 0.0563925869721  -1.83650495763 1776585355.22
 -0.022361594934  0.0590042544945 -0.0733261763693 0.0967381575045 0.528008469609 0.280473844273  9.22410545969  -1.40730346055 -0.570909280188  -1.13357787013 1776585355.24
 -0.052219319125  0.0398742277778 -0.0928170001707 0.113718102567   0.0851246805 0.219434297861  9.51218779971   -1.1603051998  -1.03385985206 -0.567951420313 1776585355.26
-0.0755090717691  0.0116485738097 -0.0993410429405 0.125323389691 -0.436697156793   0.14590398888   9.80735943182   -0.962657346139    -1.55531299985 -0.00422373210673 1776585355.28
-0.0889376513083 -0.0194495800201 -0.0929781046376 0.130127321978  -0.916068022769 -0.0213030112166    10.1356464372 -0.400884982543   -1.5431172614  0.630059927811 1776585355.3
-0.0905314200207 -0.0461766027455 -0.0757308303679 0.126741371779  -1.21822503398 -0.226015019342   10.3661870988 0.243028388931 -1.11942777396  1.11013952125 1776585355.32
-0.0797592143193 -0.0617269342516  -0.051051539228 0.113039844031  -1.22141704279 -0.413800050441   10.4124169624   0.80573118687 -0.364321086355   1.28128023698 1776585355.34
-0.0574704047193 -0.0611255400671 -0.0231569369769 0.0870369048005  -1.05152120887 -0.569401300939   10.3187397185  1.21466216924 0.437920177254  1.23131639175 1776585355.36
-0.0257312269304 -0.0422483117891 0.00371722542942 0.0496067903947 -0.943204592201 -0.820323084437   10.1848082305 1.75320184029  1.3772953296 1.23344672436 1776585355.38
  0.0123771267698 -0.00625411756856   0.0259835595364 0.0294525486133 -0.672790000355  -1.02009644978   9.88032918987 2.10671312721 2.27217998919 1.00303746149 1776585355.4
0.0529815036867 0.0426467264069 0.0411935274875 0.0795153426264 -0.320942692125  -1.05333987585   9.48193162485 2.04921595961 2.69392614611 0.57654136183 1776585355.42
0.0916888370292 0.0980100957555 0.0482976944754 0.142637614245 -0.0454365174754   -0.84123471582    9.19750711646  1.49215262231  2.30668707373 0.135999656854 1776585355.44
 0.123953583808  0.152360958962 0.0476621543547 0.202113912713 0.0841021215584 -0.828079644294   8.76965175812    1.2532800859   2.33790733095 -0.173054980479 1776585355.47
0.145566412972 0.198514987829 0.040858189964 0.249533910853  0.111194287234 -0.804604491985   8.13849733668  0.847802008807   2.26959664122 -0.503614369373 1776585355.48
 0.153236612605  0.230752686173 0.0302673452743 0.278647400506 -0.0411843799995  -0.464112244164    8.02759017398 -0.010412584263   1.25637471427 -0.594331905415 1776585355.5
 0.145175884957  0.245635809288 0.0185675410962 0.285933107492 -0.322032928042 -0.157643608789   7.84956572834 -0.871018640698  0.318612265012 -0.606837775084 1776585355.52
  0.121543716995     0.2423457162 0.00818693808236 0.271240386477 -0.587085529784  0.131839495245   8.15522678437  -1.41009951512 -0.538092317112 -0.413075940921 1776585355.54
  0.0846092049911    0.222523635421 0.000825078208282 0.238067567393 -0.881181780571  0.334095291016   8.35185189941 -1.81781447868 -1.15317210013 -0.24195796628 1776585355.56
  0.0385318718855    0.189685257785 -0.00286225173065 0.193580460421 -1.41204139405 0.561544041004  8.29688924753  -2.46345646756  -1.90615382353 -0.107097680696 1776585355.58
 -0.0112442569806    0.148354903218 -0.00334210866878 0.148817943523 -1.87623072248  0.68821431715  8.44445684006  -2.69996030882  -2.39958845714 0.0233475060677 1776585355.6
  -0.058880450553    0.103110101942 -0.00201989312939 0.118754707477 -2.12272436601 0.667274522654  8.73331251327  -2.41478119747  -2.48992754475 0.0692358416942 1776585355.62
  -0.0991252132309    0.0577391514242 -0.000822413724466 0.114718324036 -2.03127115338 0.513322624704  9.07715282999   -1.69811240701    -2.1673457559 0.00931934911075 1776585355.64
  -0.128159953654   0.0146868406799 -0.00163968280118 0.129009168548 -1.64548820966 0.311904480402  9.37393545693  -0.878117807562   -1.61706847253 -0.0964140380218 1776585355.66
  -0.144110729194  -0.0251024205816 -0.00576165446091 0.146394092948  -1.9884077182 0.260736356993  9.39738589264 -0.461395508731  -1.86460962431 -0.287687658537 1776585355.69
 -0.147118370443 -0.0619286567334 -0.0134605662564 0.160187890586  -2.3961237603 0.200098516736  9.37630007666  0.162692920613  -2.27185931049 -0.573359948114 1776585355.7
 -0.138979679506  -0.096752883078 -0.0238444227334 0.171011777942   -1.8230520291 0.0969521710168    9.4812164648  0.674661794975  -1.87675675018 -0.591153596959 1776585355.72
-0.122484866069 -0.130453502751 -0.035044987999 0.182342562173   -1.3424667993 0.0643158175919   9.54010583396  0.92855660825 -1.60791756445 -0.50565740783 1776585355.74
 -0.100646841276  -0.163131220529 -0.0447190613304 0.196828291199 -0.909642063553 0.0722106100868   9.59307509914  0.985733381381  -1.34113174028 -0.333382001289 1776585355.76
-0.0760278505155  -0.193660227099 -0.0507570792316 0.214151345329  -0.7135205574 0.123800031617  9.60461613043   1.21213690623  -1.36059496164 -0.176108686079 1776585355.79
-0.0503199290163  -0.219621987293 -0.0520309469325 0.231242582578 -0.450996036449  0.193024669925   9.65431871548   1.42599487911  -1.21173109207 0.0486630087204 1776585355.8
-0.0242473171843  -0.237660442752 -0.0489900346356 0.243865622697 -0.10550909052 0.223865990707  9.76531917482   1.44635001643 -0.676002583829  0.222728834123 1776585355.82
0.00223939353277  -0.244187436488 -0.0439371407994 0.248118905696 0.177546832808 0.190371236907  9.88609435947   1.31543190109 0.0339208250632   0.19814578236 1776585355.84
   0.02958676749  -0.236272232107 -0.0408809133526 0.241601311155 0.361275271768  0.12307368419  9.98401749201    1.25043328854   0.707824373724 -0.0227198501373 1776585355.86
 0.0582284498546  -0.212494087399 -0.0449544385478 0.224867052049  0.539258075872 0.0277322145229   10.0894447045   1.42619392052    1.5243173209 -0.500797046012 1776585355.88
 0.0882829408146  -0.173537710256 -0.0614916239932 0.204182355607  0.656975495346 -0.137087649149   10.1660750261  1.62523551874  2.39237350928 -1.32690186123 1776585355.9
   0.11945361698  -0.122369630825 -0.0949409096012 0.195594656046  0.647076611589 -0.357756869799   10.1674801623  1.73019683486  3.01615961196 -2.37645184219 1776585355.92
  0.151155815691 -0.0639347899015  -0.147848480227 0.220895701819 0.457340086315 -0.53898517661   10.060147686  1.56734927203  2.91699221592 -3.09666916093 1776585355.94
   0.182824645629 -0.00442987062987   -0.220145363782 0.286196533868  0.223477849435 -0.685028515861   9.92372097819  1.40006304425  2.51920779589 -3.57118417206 1776585355.96
 0.214302961548 0.0496892235211 -0.308919861064 0.379244326026 -0.0224818896222  -0.971123886506    9.77978908826 1.54969386907 2.37695124133 -4.6132594176 1776585355.99
 0.246183466008 0.0927511467015 -0.408757244253 0.486098301663 -0.361109589945  -1.29082335482   9.59276852365    1.776628482  1.92207041851 -5.50935453617 1776585356
 0.279986009842  0.120749349711 -0.512604088652 0.596435682086 -0.698143293191  -1.47739788473   9.42324416044  1.94440864815  1.05854639727 -5.52292995736 1776585356.02
 0.318087530037  0.131896101132 -0.612994717511 0.703092299741 -0.910859503998  -1.49107749854   9.33325658552  2.06194246232 0.148918656129 -4.71734345019 1776585356.04
 0.363378998918  0.126772200537 -0.703391842431 0.801795218047 -1.02333507423 -1.47120472005  9.29808900648   2.28583802943 -0.541036985129  -3.78017754474 1776585356.06
 0.418689267784  0.108084588597 -0.779363648774 0.891285968856 -1.2002073994 -1.6555208455 9.22650811311  2.98495939881 -1.13503823946 -3.30760349567 1776585356.08
 0.486076562096 0.0801161468063  -0.83935177845 0.97324222534 -1.31829506924 -1.88604132725  9.16804499325  3.95733145056 -1.61286885996 -2.83176030628 1776585356.1
  0.56613210942 0.0479920815966 -0.884869793914 1.0515718508 -1.22767802206 -1.97483604666  9.17833273262  4.74271821969 -1.74958462814  -2.2342884169 1776585356.12
 0.657456748542 0.0168941450167 -0.920088762543 1.13097220094 -0.921817595636   -1.8370591559    9.2602926359   4.9155652294 -1.46328476679 -1.70512320091 1776585356.14
   0.756454062953 -0.00866370515331   -0.950889135224 1.21510820779 -0.548811054015  -1.56187726701   9.36306013636   4.51310964008 -0.954337807043  -1.43174880793 1776585356.16
  0.857532048925 -0.0254135848277  -0.983561089977 1.30514347217 -0.276439855245  -1.50715337118   9.37668002058   4.55139340842 -0.531715559202  -1.67295750374 1776585356.18
  0.953726498305 -0.0317100151216   -1.02340064354 1.39926717814 -0.0157452254608   -1.55619581637    9.32671487529    4.7449272847 -0.059468044787  -2.36819555064 1776585356.2
   1.03766783818 -0.0276712217819   -1.07346695134 1.49326874156 0.216743642553 -1.37814445512  9.30524887517  4.07282443461 0.454819572592 -3.01592422851 1776585356.22
   1.10272921509 -0.0150706158421   -1.13373707245 1.58164426933   0.30357956005 -0.992092276771   9.33565860113  2.66860843754 0.769165011424 -3.19215025673 1776585356.24
   1.14413785192 0.00301631116204   -1.20082481956 1.65862616933  0.258404923941 -0.627102115477   9.36213091837  1.31778362271 0.873598811647 -3.10675405651 1776585356.26
  1.15981992188 0.0227765487085  -1.26833184344 1.71882712553  0.129427266203 -0.338228196173   9.34099030714 0.159605907625 0.896424302985 -3.04722776269 1776585356.28
  1.15078780634 0.0403656852341  -1.32778707305 1.75754387573  -0.104249467571 -0.0372584876109     9.3196185813 -1.00248422196 0.770620996733 -2.62352692146 1776585356.3
  1.12096249169 0.0526466962145  -1.37002273489 1.77095761568 -0.408470648558  0.265267090914   9.33029149154 -2.03107387505 0.476919613549 -1.61070550854 1776585356.32
  1.07643671429 0.0578241807234  -1.38674982915 1.75645515867 -0.615166698178  0.462896498671   9.43331501162   -2.41199720367  0.0795211306888 -0.0505774716323 1776585356.34
  1.02430212516 0.0558334916334  -1.37204961823 1.71313524781 -0.692355578062  0.561421390726   9.54439769363 -2.39239213533 -0.21491791809  1.43866912229 1776585356.36
 0.971260085364 0.0483757538596  -1.32350168259 1.64235899571 -0.738343081476  0.690742547318   9.62558781816  -2.49539531248 -0.422621481857   3.16344531403 1776585356.38
 0.922289262659 0.0385565387977  -1.24272657661 1.54805472607 -0.602614734686  0.787210253962   9.72942822264  -2.41505619023 -0.479736887176   4.96297557284 1776585356.4
 0.879642005043 0.0301763542596  -1.13522519589 1.43645985491 -0.240228188294  0.830049334162   9.84597427849  -2.16896646489 -0.318769962522   6.32997628585 1776585356.42
 0.842384620501 0.0268130654899  -1.00953049074 1.31509794353 0.254960546027 0.800833186838  9.94177901671  -1.85450500955 0.0184491251828   6.58550800668 1776585356.44
 0.806593775435 0.0309030581108 -0.875824601944 1.19105719885 0.683189293858 0.747109782187  9.99271081135 -1.68494002216 0.358980021609   5.8655891832 1776585356.46
 0.766191000744 0.0430462767064 -0.744286347925 1.0690480809  1.18978627058 0.898255163438  10.0584619208 -2.18650743598 0.729787113728  5.97568520453 1776585356.49
 0.714265624689 0.0617192783257 -0.623493438878 0.950120371455 1.70066105695 1.15612054388 10.1275561951 -3.19050611628   1.0614160784   5.9078920488 1776585356.5
  0.64463194365 0.0834864868086 -0.519194227524 0.831915249378 1.86959595145 1.33745232548 10.1608333987 -4.17121478847  1.08734979707  4.91906229383 1776585356.52
 0.553313553735   0.10367616872 -0.433684641323 0.710624376747 1.85531588395 1.55215875414 10.2106829186 -5.33981999357 0.882666576474  3.99368540129 1776585356.54
 0.439659590958  0.117368199121 -0.365894098756 0.583912957204 1.43847954499 1.53431794537  10.227794332  -5.6714296359 0.386246471539  2.79736071759 1776585356.56
 0.306871693603   0.12045982029 -0.312130320285 0.45398914247 1.13925505497 1.70421800931  10.337467129 -6.61321720939 -0.16213085479  2.34708532539 1776585356.59
 0.161839457098  0.110557109397 -0.267293442126 0.331452362362 0.772444724123  1.88640191875  10.5127891328  -7.52416586765 -0.847979079903   2.20804777282 1776585356.6
0.0143187413065 0.0874888853487 -0.226277495386 0.243024353368 0.306230848995  1.81359174515  10.6523817868 -7.27006361238 -1.45326895052  2.08379761778 1776585356.62
 -0.12438858324 0.0533407842073 -0.185252714507 0.229426082067 -0.0918413960931    1.77047473238    10.8546877865 -6.92534966323 -2.03081381534  2.25283317645 1776585356.64
 -0.24300853389 0.0120293329877 -0.142568303654 0.281999243974 -0.34644234536  1.35572823562  10.8372377747 -4.93206209068  -2.0159709597  2.04778987142 1776585356.66
 -0.331844724303 -0.0314565172269 -0.0991170218449 0.347756549246 -0.45767689022  1.01621552368  10.8098290822 -3.11508722359 -1.85489689519  1.86490644375 1776585356.69
  -0.38404922243 -0.0719541693965  -0.058131602525 0.395032265714 -0.573579868347  0.872397294798   10.9499997844 -1.66677487743 -1.89708017813  1.92554714194 1776585356.71
 -0.396429357804  -0.104965081391 -0.0245054122423 0.410821639242 -0.572811791586  0.607266488032   10.9286443374  0.40601993843 -1.56543942522  1.53704130432 1776585356.72
 -0.369701901131  -0.127271310951 -0.0038179510119 0.391014141741 -0.437420507243  0.264814601646    10.653483958   2.36377941196 -0.864851094962  0.622174987803 1776585356.74
  -0.308206586997   -0.137243710923 -0.00128412472584 0.33738521816   -0.279392711689 -0.00549392191132     10.2911064794   3.49880394158 -0.175799147197 -0.395497775393 1776585356.76
 -0.219174144617  -0.134834653072 -0.0208333064963 0.258169936277 -0.201806355571 -0.200237757293   10.0052072237  4.64758232209 0.376739038652 -1.49439424441 1776585356.79
 -0.111695917548  -0.121314301703 -0.0644706146119 0.177058176719 -0.170427946129 -0.378841628838   9.69141916435   5.7955726402 0.932647454527 -2.88108455121 1776585356.8
0.00444081307551 -0.0988496117254  -0.131996368375 0.164966687011 -0.166560217242 -0.489877404507   9.37734997787  6.05859855004  1.34141851358 -4.09695341272 1776585356.82
  0.119899399369 -0.0700373862239  -0.221080301848 0.261070108024 -0.208574564693 -0.565417693327   9.09445775327  5.97567096446  1.64893844454 -5.25728782084 1776585356.84
  0.226798305228 -0.0374918463092  -0.327622490081 0.400224444282 -0.241281685259 -0.508001642454   9.01948498879 4.61055289923 1.53567985881 -5.2026774455 1776585356.86
  0.319482077829 -0.0035605219134  -0.446295004387 0.548872213098 -0.334024301111 -0.524268908688   8.88363486522  3.97867881196  1.59162954245 -5.76062382974 1776585356.89
 0.394995812177 0.0297938366219 -0.571151212158 0.695070551446 -0.482208299246 -0.575479466051   8.73011288297 3.46202750988 1.66988794587 -6.4693183892 1776585356.9
 0.453222706882 0.0609484583564 -0.696209457245 0.832966472895 -0.627189198834 -0.598460972052   8.69851943703  2.66160178305  1.53573060869 -6.40866945399 1776585356.92
  0.49666556546 0.0884567639949 -0.815954114835 0.959313504818 -0.794129458257 -0.647123075155   8.70241532478  2.01764675357  1.31324666968 -6.04116885504 1776585356.94
 0.529880510824  0.110843518309 -0.925735630177 1.0724020227 -0.884617376326 -0.657406529903   8.83135275675  1.47100576513  0.90235183535 -4.89482289284 1776585356.96
 0.55861062077 0.126455414765 -1.02207844284 1.17161475788  -1.06862783538 -0.762479151259   8.85355538666  1.39928689961 0.537825298569 -4.21363997901 1776585356.98
0.588718362054 0.133458240789 -1.10291267821 1.25730536768  -1.3225321477 -0.93591655963  8.82659303988   1.67117070974 0.0900945395251  -3.66256457108 1776585357
0.625069705093 0.130038292663 -1.16773123956 1.33087127162 -1.56832420838  -1.1198890791  8.81612711148   2.16694309673 -0.493795289208  -3.03771826107 1776585357.02
0.670563357433 0.114807694208 -1.21764667257 1.39481161531 -1.66609149589  -1.2104306979  8.89520589188  2.63079738952 -1.11832662944  -2.2936522254 1776585357.04
 0.725506946741 0.0873433886883    -1.255297125 1.45250131475 -1.47435647276 -1.09479872283  9.10858470312  2.67492577178 -1.51153641886 -1.53024684417 1776585357.06
 0.787504115474 0.0487272756438  -1.28454506199 1.5075122207 -1.45156904017 -1.10660468309   9.2278715719  3.01618297855  -2.0380051354 -1.30363264428 1776585357.09
   0.85192935584 0.00192101186028    -1.3099384981 1.5626023763 -1.44265824655 -1.13709041445  9.36291766733  3.44881633981 -2.66441944968 -1.41370243977 1776585357.1
  0.912942633781 -0.0481815750993   -1.33596349715 1.61882185014  -1.00179399937 -0.827222804186   9.63411368235   2.8346499347  -2.4359611136 -1.41209091001 1776585357.12
  0.964859057679 -0.0951253143478   -1.36619482925 1.67525823027 -0.603117239759 -0.537492252751   9.85860671282  2.21900364804 -2.04473413214  -1.6295930637 1776585357.14
  1.00357500901 -0.131696134108  -1.40252214844 1.72961702331 -0.225811428972  -0.24553746286   10.0375651362  1.60433735791 -1.42798444066  -2.0033101159 1776585357.16
  1.02769755242 -0.151056439006   -1.4446602415 1.77933232432   0.12070293358 0.0619980302779   10.1024374434  0.872194969908 -0.401269677464  -2.15334239087 1776585357.18
  1.03905584076 -0.148019757157   -1.4901199697 1.82263666506 0.366654692326 0.333410982517  10.0521527401 0.378004645484 0.793058611314 -2.31555211449 1776585357.2
  1.04239901082 -0.120212590056  -1.53471731753 1.85914066421 0.433387061568 0.507818927623   9.8288123346 0.129192743795  1.95580320966 -2.06153646912 1776585357.22
   1.04428441024 -0.0688662949299   -1.57355257081 1.88979898115 0.353358880647 0.614228563794  9.46987154153 0.223654275123  3.01608446701 -1.68069129613 1776585357.24
    1.05138479253 0.000964957866136    -1.60224263133 1.9164008878 0.129198667142 0.661090954357  8.97271218245 0.632792318042  3.89201267718 -1.15765450275 1776585357.26
  1.06862825133 0.0808614047197  -1.61808812608 1.94080243458 -0.203218366281  0.582650409241   8.52129540403  1.14441273793  3.93581390474 -0.45997116843 1776585357.28
 1.09766821232 0.160140857529 -1.62084521934 1.96409262094 -0.577765933828  0.518431174013   8.02563758834  1.72247350339  3.74073247139 0.133288632066 1776585357.3
 1.13612674213 0.227449317866 -1.61286495052 1.98591301798 -0.871837951137  0.423469289215   7.78475227469  1.97985843914  2.77571711864 0.550662490319 1776585357.32
 1.17786838102 0.272579694964 -1.59853896565 2.00424560317  -1.0822066476 0.383318846631   7.6907739819  1.93895075702  1.50708539596 0.735971542322 1776585357.34
 1.21429213684 0.288204818961 -1.58319555025 2.01595524792 -1.18490300385  0.41887843592  7.78735015844   1.51162107587 -0.035406497091  0.692259236727 1776585357.36
1.23635277636 0.27120982284 -1.5717555584 2.01805314375 -1.04678269078 0.500833662264  8.28767593431 0.568829289479 -1.63740027662 0.395637297712 1776585357.38
 1.23681880221 0.223360816059     -1.5675276 2.00916738486 -0.813475192099    0.6803114619    8.9480427267 -0.628945559819  -3.12661063973 0.0073633752925 1776585357.4
 1.21220115794 0.151147432786 -1.57147280351 1.9904280861 -0.423278166496  0.851023250462   9.81245134437  -1.80889669619  -3.93198671887 -0.361818181742 1776585357.42
  1.16386310042 0.0647774922645  -1.58212030694 1.96516617762 -0.0356516491248    1.00486666581    10.6202742594  -2.64735661848  -4.05030827826 -0.571417151816 1776585357.44
  1.09802529449 -0.023535283436  -1.59611702645 1.93747335957 0.310669780272  1.28218030982  11.4534470779  -3.43290553252  -4.10523415401 -0.668136573464 1776585357.46
    1.024654711 -0.101694619879  -1.60921403714 1.91045253535 0.611894410642  1.58233222332  12.2337146413  -3.80488136021  -3.63905138879 -0.567702328508 1776585357.48
 0.955497729745 -0.159851000883  -1.61738266465 1.88532621525 0.705387626892  1.63460789462  12.4506612339  -3.11671546609  -2.29203960363 -0.216278175085 1776585357.5
  0.90171685126 -0.192103400011  -1.61774506162 1.86201398506 0.652244816258  1.63754845487  12.3725395169  -2.04034538256 -0.914192026937  0.201814591176 1776585357.52
 0.871669643439 -0.197410802664  -1.60909106308 1.84063930241 0.523631000267  1.72770353822  12.2275091267 -0.827202576633  0.321436549674  0.659852832103 1776585357.54
 0.869316093063 -0.179513028298   -1.5918992378 1.82265701115 0.261488390232  1.61634583606  11.6458837908 0.537829255716   1.2650073127  1.01033576472 1776585357.56
 0.893579275633 -0.145878007359  -1.56793286136 1.81057387936 -0.0103671822501    1.54105203811    11.0354995444 1.72482394769 1.82806271164 1.29917019207 1776585357.58
0.938760515796 -0.10591203273 -1.53959237823 1.80633146344 -0.257141346012   1.42908022644   10.3846111026 2.58815294821 1.94917941917 1.48475494303 1776585357.6
  0.995877955035 -0.0688352341961   -1.50924681268 1.80951295447 -0.386470807261   1.16229271277   9.78621668251 2.72981570681 1.51320735483 1.43402654705 1776585357.62
   1.05460526313 -0.0416962971256   -1.47873682575 1.81675354466 -0.44287197264  1.01676509388  9.34072782988 2.73346832792  1.0203572943 1.49997620516 1776585357.64
   1.10537103906 -0.0279633258511   -1.44916306523 1.82282765813 -0.347174719838  0.776034499094    9.0783163935   2.1677175246 0.368226555451  1.44659491168 1776585357.66
     1.141159351 -0.0269934987779    -1.4209762081 1.82267569725 -0.139783234719  0.519567352171    8.9896668219   1.34195058017 -0.164326525435   1.38240220885 1776585357.68
   1.15863052177 -0.0344851351263   -1.39429813382 1.81319640318 0.145472069823 0.274104020915  9.00716996817  0.451081298585 -0.441065625676   1.35533683083 1776585357.7
   1.15834296926 -0.0437955771692   -1.36934562446 1.79409696679  0.406101468351 0.0352351349739   9.20100345384 -0.342304274337 -0.313288820753   1.11637267351 1776585357.72
   1.14406854637 -0.0478127633304    -1.3468064937 1.76778579885  0.674670051742 -0.124274909722   9.29083153306 -0.903939529546 0.0699252947777   1.01111829693 1776585357.74
   1.12140913401 -0.0409385173406   -1.32803259922 1.73865033651  0.908512109409 -0.216864755623   9.32786551024 -1.25104515278 0.706777795862 0.830401776957 1776585357.76
   1.09608993823 -0.0207072549186   -1.31495990417 1.71200510883  0.987052775764 -0.197077253709   9.33391441431  -1.2608859593  1.34503953827 0.470555905914 1776585357.78
  1.07238033835 0.0113625398585  -1.30973531453 1.69278920469   0.983674276942 -0.0812503250258    9.28041696399  -1.12802344773   1.80896410146 0.0216972379183 1776585357.8
  1.05205153389 0.0499152952641  -1.31411283691 1.68410109993 0.848038058569 0.104437263564  9.26095775702 -0.903201318014   1.78356593703 -0.449240707085 1776585357.82
  1.03412799123 0.0869000551068   -1.3287615395 1.68599512178 0.801522202206 0.341950473695  9.21578237374 -0.906353882318   1.57421000686 -0.955541330073 1776585357.84
 1.01546679301 0.113457876484 -1.35268301643 1.69522766624 0.766532655407 0.613506510597  9.26153368888 -1.11021916469 0.927250502508 -1.42684982732 1776585357.86
0.991969190438 0.122110912983 -1.38294388434 1.70629649741 0.704967081974 0.811800284942  9.48105419277  -1.44129751467 -0.123318041148  -1.61778197464 1776585357.88
0.960059208688 0.108717179512  -1.4148751664 1.71330232177 0.670788681944 0.914545340937  9.81851771588 -1.87173697325 -1.22517304258 -1.51415541935 1776585357.9
  0.91800345307 0.0736955486492  -1.44277901272 1.71165786689 0.659694428549  0.91969551833  10.2169072216 -2.30414667667 -2.13560864269 -1.13945371799 1776585357.92
 0.866708478597 0.0221946382169  -1.46103925723 1.69891491842 0.655239771042 0.847924541392  10.6252697534  -2.66470913162  -2.72254116966 -0.556980103658 1776585357.94
  0.809793862602 -0.0368625087022   -1.46539708694 1.67466819605 0.638441629106  0.72401914641  11.0193574377 -2.92031944698 -2.94802467568 0.178878187986 1776585357.96
  0.752948209003 -0.0926448812146   -1.45407110486 1.64007221104 0.540086004944 0.515765017659  11.2738639595 -2.80748627912  -2.5677396065  0.97037840912 1776585357.98
  0.70276771211 -0.134749108396  -1.42840461206 1.59761682363 0.343482810712 0.257696421981  11.2649083942 -2.21117766432 -1.58614482616  1.54695568796 1776585358
 0.665397402702 -0.155447730882  -1.39281993541 1.55140744907 0.117678369322 0.031956932394  11.1271022524 -1.44240689482 -0.41611935435   1.8672690983 1776585358.02
 0.645314970135 -0.151323625602  -1.35402911504 1.50755600053 -0.105165131878 -0.136867407232   10.7852405473 -0.486125002584  0.734022148072    1.7039685866 1776585358.04
 0.644521968133 -0.123926967204  -1.31964722356 1.47385048606 -0.297828261998 -0.259517242869   10.5251243406 0.42456451886 1.80223987103 1.43972636325 1776585358.06
  0.662273139693 -0.0793376541909   -1.29652284049 1.45803691684 -0.404205507433 -0.309189484135   10.2234485155 1.33354125985 2.54981832751 0.79939068194 1776585358.08
  0.695331485434 -0.0267758386059   -1.28918948228 1.46499567965 -0.324282939216 -0.243122956601   9.96331633889    1.82011984583    2.44882488562 -0.0548466222353 1776585358.1
 0.738628446164 0.0233922704699  -1.29882369484 1.49434339095 -0.148040221336 -0.148204199859   9.87333834043   2.19393486267   2.13961829546 -0.816051767981 1776585358.12
 0.786157676292 0.0618017135233  -1.32297301655 1.54016912913   0.153542519635 -0.0105650438033    9.93185678103  2.31458320462  1.45245829102 -1.42141647287 1776585358.14
 0.831934044142 0.0819438442956  -1.35612390928 1.59307912696 0.539657656302 0.149175330899  10.1202690771  2.13183213866 0.492623280125 -1.71088817226 1776585358.16
 0.870884491997 0.0813803666031  -1.39096997759 1.6431250838 0.878074694491 0.282899559855  10.3447655594   1.60150801159 -0.469419673978  -1.51402223592 1776585358.18
 0.899576625673 0.0621170570804  -1.42007137117 1.6821710179  1.18930331272 0.397391874142   10.578545064  1.08024294259 -1.20863993593 -1.09696729671 1776585358.2
 0.916714997165 0.0301024765601  -1.43751003203 1.70520017514  1.49545043547 0.509630868616  10.7984417567  0.598368273232  -1.71591141459 -0.505803817045 1776585358.22
   0.923340995213 -0.00603086248379    -1.44015951648 1.71074673685  1.64621288881 0.580515869203  10.8632796407 0.156582113533 -1.75660739657 0.242261807314 1776585358.24
  0.922673384595 -0.0367413486678   -1.42829129258 1.70079161504  1.50643963792 0.571488256189  10.6598486273 -0.0951879329377   -1.19121748567   0.871560329062 1776585358.26
  0.919544556477 -0.0535409203796    -1.4053985411 1.68034933297  1.20612921855 0.526049197327  10.2936545095 -0.0740842847056  -0.321614141479    1.16861275808 1776585358.28
   0.91944021264 -0.0507771705242   -1.37729092171 1.65676760854  1.03854126614 0.573164862002  9.90091166482 0.190303774352 0.659240068694  1.35369263281 1776585358.31
  0.927239640126 -0.0268840267327    -1.3506609087 1.63853013137 0.789721158378 0.622159274322  9.40964545625 0.691947169967  1.72705482042  1.20137220373 1776585358.32
 0.945860813344 0.0151669185417  -1.33141895826 1.63326640694 0.504190072014 0.651439066987  8.95449479579  1.27209220548  2.53078398281 0.731677686104 1776585358.34
 0.975102507275 0.0683375122629  -1.32313130689 1.64504448892 0.256906616434 0.648982454458  8.65984454307  1.71213782028  2.83036984707 0.145773289799 1776585358.36
 1.01100264987  0.12285421316 -1.32587271093 1.67187259123 0.0706870036507  0.514235485867   8.74593229566    1.5777270957   2.22213364196 -0.280603419533 1776585358.38
  1.0459690673 0.168148796204  -1.3357351337 1.70485003881 -0.0223390287506   0.437615894516    8.76920518214   1.4017002706   1.7206841208 -0.45904318794 1776585358.41
 1.06978424128 0.195012686026 -1.34512310966 1.72968911968 -0.0866975002715    0.25147731563    8.93349509884 0.688081950152 0.795190084947 -0.21927632935 1776585358.42
 1.07137211721  0.19750613279 -1.34383051759 1.72995009929 -0.117021482806 -0.122018971492   9.38315574534 -0.749672641672 -0.541968609526   0.63483611288 1776585358.44
 1.04100115041 0.174204227943  -1.3207490769 1.69068288934 -0.149094612468 -0.617762174127   9.83670806386 -2.62617531977 -1.83192651651  2.06813699387 1776585358.46
0.972449998358 0.128501580344 -1.26592844763 1.60148259122 -0.163305641688  -1.04587732658    10.192413566 -4.07806371267  -2.4578517106  3.42513754503 1776585358.48
 0.864631358591 0.0679060371709  -1.17261730694 1.45850264473 -0.210743326592  -1.62037256329   10.4638541663 -5.9167376736 -2.9804203225 5.36952414704 1776585358.51
  0.722272235149 0.00248029448677   -1.03888854579 1.26529551651 -0.29275235178 -2.43979601085  10.6994175523 -8.32976335147 -3.37110351143    8.193507304 1776585358.52
  0.55546145358 -0.057216815476 -0.868504720787 1.0325268231 -0.325989769631  -2.85420623848   10.6692504831 -9.03324385338 -2.74852742192   9.6618188766 1776585358.54
 0.378140065521 -0.102228127022 -0.670810062967 0.776805406575 -0.345960778804  -3.20027847683   10.5554378183 -9.26115959719 -1.84527449512  10.8314399908 1776585358.56
 0.205854833826 -0.126875498278 -0.459620381574 0.51935007445 -0.286175176993  -2.87520850746   10.2987654855  -7.45515694265 -0.629685818578   9.62689443246 1776585358.58
0.0532545788487 -0.129668969004 -0.251283243225 0.287738353399 -0.252903099019  -2.89165213711   10.1523836968 -6.51106957263 0.322791982012  9.44237030143 1776585358.61
-0.0681537743569  -0.113291281317 -0.0622523738487 0.146134217182 -0.213160135559   -2.9879142001   10.0589885382 -5.53784370007  1.24237576339  9.31907255293 1776585358.62
   -0.1515594895 -0.0837203925729  0.0933774706148 0.196719940546 -0.120703016527  -2.37747080497   9.97824504644 -3.24889814453  1.64729548877  6.84373546582 1776585358.64
-0.195462001335  -0.04874192992  0.205919723059 0.288069613189 -0.0481614445169   -1.91754246628    9.98315096559 -1.38384951116   1.8049480145  4.75904367054 1776585358.66
  -0.20331382157 -0.0162174754143   0.271360065164 0.339463991487 0.00829129072211   -1.14627651536    9.99736108702 0.309378671733  1.32885046073   2.0247887835 1776585358.68
 -0.182366141446 0.00750771182005   0.291628120683 0.344035951691 0.0320215680705 -0.612360307548   10.0353290739    1.4499733211  0.827272358251 0.0594079144275 1776585358.7
-0.142034591245 0.0187449702015  0.273870781201 0.309079931108 0.0276661793006  -0.15012394641   10.0659603549  2.37390258971 0.248967048822 -1.65034379545 1776585358.72
-0.0921598534069  0.0169682488344   0.228916454071 0.247354205529 -0.0129717592249   0.268447165751    9.99368934385  2.52378627601 -0.35375938603 -2.62611776645 1776585358.74
-0.0415062439081 0.00465390125067   0.169266329754 0.174343102728 -0.0843157192584   0.600423143039    9.85355456043  2.52357998724 -0.80430615216  -3.2238624709 1776585358.76
0.00326053598684 -0.0134437874867    0.10701732114 0.107907708441 -0.159983472391  0.719836320934   9.63850211252   1.88411729348 -0.853918628153  -2.77602162812 1776585358.78
 0.0380149028371 -0.0313866301817  0.0521014249889 0.0717273440032 -0.257523949178  0.802958661085   9.37363897379   1.35327139077 -0.698433428413   -2.2446562197 1776585358.8
 0.0610704614096 -0.0432799199024  0.0111286401664 0.0756742978527 -0.412827111724  0.926924048574   8.98706068327  0.909490632104 -0.341505217052  -1.70862200304 1776585358.82
  0.072682545857 -0.0444040055523 -0.0130272256718 0.086163662817 -0.526933249707  0.874339399622    8.6928732238   0.33764206631  0.285022015772 -0.814583551884 1776585358.84
 0.0743554802936 -0.0320653135494  -0.020922336146 0.0836341194282 -0.670021313084  0.842434099035   8.37821116694  -0.118112011077     1.0005696797 -0.0691751833858 1776585358.86
 0.0681549371637 -0.0060489903529 -0.0156789302597 0.0701962577219 -0.713561754195  0.698518575106   8.32381866132 -0.430251668078   1.50155630719  0.452212161061 1776585358.88
  0.0561789213047   0.0313699472939 -0.00181802666649 0.0643696358009 -0.796715218359  0.623748291971   8.22789744684 -0.662845129972   1.94610695307   0.75124878867 1776585358.9
 0.040267046455 0.0758295896659  0.015928368589 0.087322818467 -0.930340246649  0.594440468797   8.07398332207 -0.907367607697   2.39210813763  0.938228016097 1776585358.92
0.0219482875849  0.121612729583 0.0335768224467 0.128057746076 -0.869153134157  0.454530672127   8.30179016846 -0.959705002856   2.20800831052  0.827986374205 1776585358.94
0.00256119885298   0.162580022989  0.0484591232994 0.169667646432 -0.780158191336   0.32089987733   8.56497942891 -0.999069685444   1.85615151563  0.668507500464 1776585358.96
-0.0165588412304   0.193154351308  0.0593430976219 0.202742205491 -0.531952955391  0.140591252163   9.04847704998 -0.861300013472   1.10019279877  0.417893153924 1776585358.98
-0.0339370808364   0.209201576285  0.0661676812626 0.222025194561  -0.269327977241 -0.0255025197417    9.50653376028 -0.724705807887  0.358176702117  0.235451779513 1776585359
-0.0479478702567   0.208667982877  0.0695411706345 0.225116191673 0.0500840829605 -0.211086699533   10.0128129776 -0.588243213194 -0.442600236258  0.102891169179 1776585359.02
-0.0569721318368   0.191869767288   0.070196802681 0.21210238686 0.449272908046 -0.38471466705  10.5711878859  -0.306263051801   -1.23181521764 -0.0247307996804 1776585359.04
-0.0597041163774   0.161383392755  0.0685918515243 0.185240446623  0.885546296081 -0.536131766103   11.1302901562 0.0388960278255  -1.90413718637 -0.146734410951 1776585359.06
-0.0555357446207   0.121552090521  0.0647780634464 0.148510360395   1.09610596848 -0.533426948143   11.3302879907  0.347661179244  -1.96715928641 -0.235380025456 1776585359.08
-0.0449133409626  0.0776932572223  0.0585779261812 0.107167270423   1.32024187841 -0.532286219679   11.5455381355   0.59795785393  -1.98854077365 -0.340157083868 1776585359.1
-0.0295546909684   0.035150709236  0.0499983605157 0.0678887926855   1.67673169616 -0.561078681999   11.9198372347  0.857498282834   -2.0943595608 -0.497640217463 1776585359.12
 -0.0124362608039 -0.00162898131618   0.0397301902075 0.0416629592905    1.6788333505 -0.463726769922   11.8469376774  0.838472533356  -1.69974552835 -0.535176348105 1776585359.14
0.00249286895267 -0.0298158752418  0.0295431930511 0.0420476047796  1.55847714237 -0.35940837679  11.6475790902  0.613863710856   -1.2373116439 -0.456666861341 1776585359.16
0.0108516949437 -0.048568486453 0.0224057622112 0.0545772419581   1.15145846185 -0.242441437446   11.1457816643   0.14250049172 -0.687384099108 -0.172296866748 1776585359.18
0.00853973155894 -0.0589843163809  0.0222319517485 0.0636108188327  0.797841957952 -0.206374424824   10.7466829392 -0.424401031865 -0.348385901857  0.251009698307 1776585359.2
-0.00751319670018  -0.0636440137432   0.0332675781938 0.0722062349723  0.468783666861 -0.276219161568   10.4257831231  -1.24800836238 -0.181372577908  0.977311307815 1776585359.22
-0.0387195801622 -0.0658524940753  0.0592405657423 0.0966705823576 0.0111779489313 -0.396685940979   9.99448259655  -2.00952870293 -0.133266382617   1.80723169902 1776585359.24
-0.0844791793646 -0.0687481847258   0.102485481583 0.14955373143 -0.414916048442 -0.605618718971   9.63593495635  -2.75347507967 -0.229628823684   2.76841427011 1776585359.26
 -0.142199149087 -0.0744822768044   0.163281571012 0.228973970117 -0.685171398838 -0.766046656239   9.41905048016  -2.93636043115 -0.355189103333   3.26719445773 1776585359.28
 -0.207714769035 -0.0836550531501   0.239605785785 0.3279550667 -0.867055764462 -0.956313633789   9.30449179735 -3.05392222773 -0.47130295462  3.74476432202 1776585359.3
 -0.276044300395 -0.0951382105739   0.327404462795 0.438686012029 -1.12836345427  -1.3282590722  9.17508670196  -3.54348873423 -0.596713935046   4.78427824273 1776585359.32
 -0.34232716741 -0.106323417569  0.421354118305 0.55320145669 -1.13480699061 -1.47225337991  9.20405226495  -3.30754966871 -0.485589222775   4.92214882755 1776585359.34
-0.402740925144 -0.113738842976  0.515948764598 0.664334181627 -1.06739712266 -1.55365795706  9.26387703114  -2.98165558704 -0.199919125367   4.89551204867 1776585359.36
-0.455186096888 -0.113890575415   0.60665461091 0.766938891247 -0.831585285888  -1.38267361148   9.38195321699 -2.33130056755 0.231218506073  4.21061005904 1776585359.38
 -0.49957348594 -0.104134984787  0.690840050691 0.858881679016 -0.628414303785  -1.23279546048   9.44566320064 -1.93008223041 0.714157215052  3.78233112439 1776585359.4
  -0.53763614189 -0.0833829143468   0.768229784498 0.941372579408 -0.479357027996  -1.19805167954   9.42542756124 -1.91742707585  1.36200746836  3.95223022517 1776585359.42
 -0.572296488803 -0.0524775975167   0.840737824431 1.01838954176 -0.214516656983 -0.862120684337   9.46425272452 -1.61046226393  1.61354472126  3.34396272578 1776585359.44
 -0.606722038912 -0.0141647855209   0.911679693071 1.09520415284 -0.00825715646782   -0.749033538431     9.39644748229 -1.86436769272  2.09630118814  3.77644247049 1776585359.47
 -0.64327689923 0.0273330102812   0.98451495464 1.17635962122  0.226889255696 -0.574167568038   9.36163738538 -2.07706295359  2.22268482315  4.09792535208 1776585359.48
-0.682605109055 0.0670384096197   1.06139261169 1.26372392532  0.385051935518 -0.344910722738   9.44530099954 -1.85831720317  1.69432701976   3.6643369264 1776585359.5
-0.723060451009  0.100075934515   1.14183675869 1.35522056949  0.613867306462 -0.249358884607   9.49109080628 -1.96782274139  1.39827627298  4.04810603796 1776585359.52
-0.760631085349  0.122481346137   1.22190372842 1.44451031484  0.796339895615 -0.140720704853   9.63787610224  -1.6747532278 0.800864794341  3.84243669304 1776585359.54
-0.78941005141 0.131804226299  1.29406464213 1.52155968708    0.99056439774 -0.0236828973678    9.85605870419 -1.09745538772  0.12885115175  3.29921324462 1776585359.56
-0.802553249842  0.127403386011   1.34793177647 1.57392611504  1.06809953874 0.128472677345  10.1196771725 -0.103839377772 -0.534648619257   1.94221604259 1776585359.58
-0.793564885178  0.110411800946   1.37177682582 1.58861815822  1.03286390304 0.301298959656  10.3485974361   1.01510175422 -0.994819227963  0.151152302495 1776585359.6
-0.757674434717 0.0834212846813   1.35461439347 1.55435189541  1.16262085701 0.603092337367  10.6786019707  2.53935417553 -1.52626412972 -2.10404534452 1776585359.62
-0.693033364133 0.0499879120862   1.28847892241 1.46388932938 1.15060805459 0.96570783613  10.935240301  4.14735267421 -1.84120070552 -4.89007201228 1776585359.64
-0.601473750505 0.0140766128955   1.17044086058 1.31601695722 0.992372517705  1.32165637628  11.0399954955  5.43566345369 -1.87327615486 -7.56768418931 1776585359.66
 -0.488637942884 -0.0204522599462    1.00391384385 1.11670423122 0.737448752679  1.63793870452  10.9927855833  6.26486199751  -1.6927529418 -9.77686356633 1776585359.68
 -0.363402350802 -0.0502497940334   0.798909676832 0.879114885612 0.377807963837  1.71479235639  10.7152396269  5.98474955722 -1.24234077856 -10.2800865839 1776585359.7
 -0.236661720236 -0.0727585985209   0.571090822411 0.622452657578 0.0455789829933   1.94696699509   10.4648925574   6.08901428047 -0.902666440261  -11.4723974853 1776585359.72
  -0.11968377284 -0.0863798753669   0.339716074694 0.370395329014 -0.345994654014   2.08550850207   10.0900377822   5.70550589236 -0.473765866865  -11.8809380888 1776585359.74
-0.0223521157542 -0.0905541415385   0.124820291677 0.155819686955 -0.714879888333   1.93050886321   9.62456770324    4.4381442066 0.0160242043683  -10.4480001782 1776585359.76
 0.0483450552023  -0.085773196504 -0.0558468325958 0.113195204457 -0.985496656087   1.59294254511   9.19931895084  2.83549309568 0.432734022665 -7.98519693442 1776585359.78
 0.0892699248768 -0.0735191310376  -0.189525025552 0.222022335423 -1.01183236886  1.04955430931  8.98431408342  1.14838589983 0.642731224332 -4.64522891986 1776585359.8
  0.101350695299 -0.0561068796671  -0.270255013963 0.294036932978 -1.14757854544 0.740609908977  8.72008305494 -0.00506257787772    0.858051933634    -2.54130692175 1776585359.82
 0.0890509450255 -0.0364044259623  -0.299448275193 0.31452284902 -1.22954712797 0.402488974678  8.50759529702  -1.10113349852   1.01194921492 -0.389223786315 1776585359.84
 0.0592609884286 -0.0174261512356  -0.285132696909 0.291746791487  -0.975542742784 0.00670175609859    8.66359679041 -1.73420915959 0.866977194369  1.48910382825 1776585359.86
  0.0199034365397 -0.00183575091353   -0.240073764898 0.240904398797 -0.660526724665  -0.29920697976   8.90949142289 -2.03017305264 0.653885075726  2.66571616389 1776585359.88
 -0.021416326346 0.00855867405409  -0.179199450591 0.180677483456 -0.252292846031 -0.473266543158    9.2930679639 -1.84338230516 0.353855337865  2.89879978698 1776585359.9
-0.0584372701131  0.0132025171352  -0.116879556556 0.131339452327  0.129984816196 -0.571165958382   9.64250717083 -1.56285107665 0.105434987485   2.7394859428 1776585359.92
-0.0867923481966  0.0129691518972 -0.0646033156609 0.108971092501  0.511887524568 -0.600762243661   9.96764441228   -1.18458754166 -0.0823230536315    2.26879591002 1776585359.94
 -0.104074476255  0.0100309540073 -0.0294723342119 0.108631188569  0.787834361004 -0.480802992836    10.195556907 -0.602312059043 -0.147050541367   1.34730069849 1776585359.96
 -0.109540832858 0.00741525847181 -0.0137176513052 0.110645171963 0.860752654773 -0.24416727388  10.2346900346  0.0108813014283 -0.0437650604807   0.363955172627 1776585359.98
 -0.103648195717 0.00831643542504 -0.0152142045591 0.105088456045  0.717488238359 0.0392847022894   10.0849716301  0.512555465675  0.184478502191 -0.351553309899 1776585360
-0.0876105724956  0.0153083780564   -0.02875925389 0.093472207292 0.499080454132 0.342108068071  9.82977398656  0.968882542232  0.509664423246 -0.777489062515 1776585360.02
-0.0631066110887  0.0296426565577 -0.0477471868886 0.0845039958031 0.147314601041 0.706438193176  9.43988453397   1.46029105168  0.935123571955 -0.976505501352 1776585360.04
-0.0321674027074  0.0508124064577   -0.06583443849 0.0891673468163 -0.349442993032   1.01564470827   8.99974361017   1.78277295538   1.26740835101 -0.824716529457 1776585360.06
0.00281720364524  0.0765091927994 -0.0782437565903 0.10946998979 -0.804502452629    1.1354095938   8.70301032647   1.80012642007   1.31864275585 -0.420605895293 1776585360.08
 0.0390908059913   0.103011029648 -0.0824841706046 0.137633577816 -1.11552704008  1.10274293294  8.58476747309     1.63652383388     1.14214869885 -0.00419038433656 1776585360.1
 0.0736379654604   0.125935812372 -0.0784250959664 0.16562872478 -1.38897563866  1.05084159904  8.50811884838  1.49783903462 0.888530395093 0.341198800697 1776585360.12
 0.103470361094  0.141201509538 -0.067818891838 0.187732213567 -1.6830216102 0.97391004187 8.44416660863   1.3695208472 0.523459497257 0.651567661233 1776585360.14
  0.126069441357   0.145976218526 -0.0534801276622 0.200156649837 -1.74523636074 0.701291205897   8.5983846658     1.0270615368 -0.0510179537204   0.830468370004 1776585360.16
  0.139878939156   0.139392960504 -0.0383793973249 0.201170308933 -1.33379002644 0.237698176363  9.05249736821 0.472603096984 -0.58696621114 0.725621291886 1776585360.18
  0.144690389005   0.122849270863 -0.0248900566813 0.191433453043  -0.86027421105 -0.163874108592   9.46229204851 0.0427381230102 -0.894577792589  0.542932913473 1776585360.2
  0.141770417464  0.0998012711411 -0.0143505968863 0.173968631139 -0.504624237307 -0.556671625131   9.76248690376 -0.268668973537  -1.16168405515  0.435052635675 1776585360.22
   0.133641809973   0.0750768841772 -0.00699921738787 0.153445954507 -0.0859527086785  -0.948098437089    10.0387826753 -0.485187437741  -1.22247956689  0.322403484362 1776585360.24
   0.123531977294   0.0538476484678 -0.00223128751686 0.134776471625 0.322798793942 -1.18726622124  10.2208881685 -0.512726260977 -0.931838739257  0.214090160551 1776585360.26
   0.114608868952   0.0404860447468 0.000948035774351 0.121553327529 0.596727696751 -1.23447161267  10.2761699354 -0.372749514126 -0.423272338721  0.147441700399 1776585360.28
   0.10919949087  0.0375725231658 0.00343795171572 0.115533730206 0.646501831014 -1.03718771454   10.202748253 -0.14484073727 0.108668271232 0.106819396914 1776585360.3
  0.108204015793  0.0452913525171 0.00567158637642 0.117437568685  0.671234683768 -0.930200726546   10.1560240616  0.038882900917  0.553219669137 0.0934643995478 1776585360.32
   0.11087210387  0.0613701922913 0.00745847914731 0.126943108634  0.653379212695 -0.823471579388   10.1259858019 0.179750309242 0.958557337073  0.06323846872 1776585360.34
  0.115011533172  0.0815939088701 0.00806655847209 0.141245488752  0.494645050672 -0.578489067444   10.0843390547   0.185513105743    1.08980447329 -0.0264815796803 1776585360.36
   0.11758215821   0.100788686239 0.00650063394302 0.155003811065  0.273023541662 -0.283120120653   10.0622083754 0.0135091069954   0.85384872404 -0.162586712425 1776585360.38
  0.115525202763   0.114060608925 0.00188436966451 0.1623559233   0.093316960617 -0.0441383701635    10.0571406142 -0.242532955337  0.380920354405 -0.280205116422 1776585360.4
   0.106617329101    0.118009960701 -0.00616734024085 0.159159171194 0.0211566115271  0.103488706136   10.1343275537  -0.578623271632 -0.0551156052892  -0.436915364561 1776585360.42
 0.0901349459057   0.111642110665 -0.0172876786698 0.144523815273 0.0334261277353  0.229110988841   10.2874455583  -1.05819745771 -0.570048049785  -0.64664149289 1776585360.44
 0.0671643605413  0.0967567554303 -0.0302761928023 0.121612371488  0.13903641927 0.286368921189  10.3857427798  -1.38696735782 -0.947964753889 -0.724274127339 1776585360.46
 0.0404815420081  0.0777049912804 -0.0432166780615 0.0976959680637  0.29371978491 0.275938279488  10.3780399341  -1.41297243847 -0.963183362824 -0.624706438935 1776585360.48
 0.0140277808694    0.06053505138 -0.0537690526489 0.082172879373 0.394951065391 0.221079029488  10.2331617764  -1.07823573859  -0.58007527724 -0.364529652467 1776585360.5
-0.00790007284622   0.0516763802397  -0.0595735215768 0.0792582102921 0.520869300656 0.225827566554  10.1022912816  -0.806492783367 -0.0933814539319  -0.111392980714 1776585360.52
-0.0215635848752  0.0564140306477 -0.0586849408004 0.0842107672649 0.664373909558 0.304809263235  9.89378693492 -0.444595713938  0.686561700571  0.256168245985 1776585360.54
-0.0245985516889  0.0774628097346 -0.0499521511909 0.0953980767404 0.620105010398 0.415904488977  9.54552779142  0.13951707868  1.60198030098 0.707618991189 1776585360.56
-0.0165525771288    0.11395204516 -0.0332695272904 0.119857906923 0.384716618686 0.546139979558  9.18171264849 0.681481540344  2.22795329509    1.073849839 1776585360.58
0.000976275948248    0.161074056896 -0.00965241757425 0.161365963216 0.0435453647067  0.621395823983   8.97557834031 0.926697396921  2.17304734241  1.17329356508 1776585360.6
0.0246365122221   0.21053787938 0.0188800672239 0.212813564715 -0.319799426792  0.818242593388   8.70346197419 1.13620774569 2.10316522489 1.37319965055 1776585360.62
0.0500003305119  0.251819510034 0.0495971473497 0.261482266531 -0.802327233104   1.10668702825   8.41135193508 1.25429521407 1.66461784285 1.58849020794 1776585360.64
0.0724819841251  0.274035232583 0.0794735086717 0.294389173205 -1.26018841901  1.28610677388  8.37863655755  1.04974268969 0.446663869811    1.536480553 1776585360.66
0.0883008979691  0.268116341481  0.105656672836 0.301407952228 -1.58545444485  1.32826019399  8.60875285024 0.628212383917 -1.24499921676  1.27952911607 1776585360.68
0.0952745255658  0.228864686812  0.125896853944 0.278040101288 -1.29875628263 0.925896123829  9.23944991539 0.101468616667 -2.28775678192 0.680129078609 1776585360.7
0.0932537510191   0.15644710298   0.13885491178 0.229025423557 -1.37604381858 0.827728794986  9.66215855571 -0.245728058716  -3.77560148192  0.402564037537 1776585360.73
0.0840863900265 0.0569594459422  0.144225819055 0.176397240205 -1.64444210769 0.772431096522  10.3128250021 -0.657258039195  -6.36663029418  0.112698605331 1776585360.74
 0.0711004012579 -0.0581447000814   0.142653498442 0.169664651075 -1.1907634043 0.30951217999 10.9118239866 -0.718307829034  -6.40547601026 -0.243366118232 1776585360.76
0.0582163380832 -0.173735515757  0.135460922078 0.227865822065 -0.717391521144  -0.15113150899   11.3493601278 -0.590151983776  -5.72543004931 -0.488811144588 1776585360.78
0.0488998286584 -0.273526210213  0.124265205932 0.304384004707 -0.230477000676 -0.524514704226   11.3780335413 -0.296670312284  -3.86273942212 -0.568012367224 1776585360.8
0.0452198099678 -0.342954340234  0.110577445724 0.36316646624  0.121732214938 -0.875172297485   11.3785152269 -0.0364597816005   -2.19295705881   -0.64179240524 1776585360.82
0.0472651684311 -0.371846593025 0.0954906913036 0.386810492382 0.468314969101 -1.39838175618  11.4599407727  0.207158323916 -0.351887864108 -0.817401902347 1776585360.84
0.0530873044874 -0.356318398168 0.0795340154366 0.368926445761 0.713948696975 -1.76267812139   11.119730963  0.331434633571   2.00895991713 -0.910149254873 1776585360.86
0.0591976888867 -0.299518740478  0.062722919015 0.311688958478 0.774141745438 -1.86494323479  10.5220075913  0.225754240212   3.89946939334 -0.933088112956 1776585360.88
0.0614957444002 -0.211078804639 0.0447802259893 0.224368573973 0.631083096145 -1.61909735049  9.90590284026 -0.0646335490464    4.45110296131  -0.854580074628 1776585360.9
0.0563788903307 -0.105397223323 0.0254529699576 0.122208868904 0.504083673187 -1.48731209019  9.44473019689 -0.440042252042   4.71895176941 -0.889633303276 1776585360.92
  0.0417312638725 0.000872729390001  0.00482238099183 0.0420180365964  0.40041360682 -1.52606059898  8.96300212265 -1.01605300825  5.15151670822 -1.09683115792 1776585360.94
 0.0175185274612  0.0916297102951 -0.0164968657864 0.0947367362428 0.187303063761 -1.29370119497  8.63268936515 -1.56813349181  4.29232998284 -1.18276833229 1776585360.96
-0.0141742139288   0.153898450622 -0.0373444556266 0.158997640895 -0.0638476046035  -0.869579846587    8.57494148009 -1.86247825647  2.44231884495 -1.10103127693 1776585360.98
-0.0496670378102   0.179731985638 -0.0562145958944 0.194757495613 -0.257641898635 -0.373395461678   8.84836913459  -1.66456649753  0.313472099984 -0.810156337486 1776585361
-0.0846186898206   0.167164593982 -0.0716302823985 0.200587191776  -0.407198463809 -0.0289215002437    9.11374597648  -1.43111771713  -1.30353871383 -0.576939478537 1776585361.02
 -0.115100954371   0.120131267672 -0.0825935647572 0.185745654347 -0.628866821723  0.257187032396   9.31124128093  -1.35164655124   -3.0024483994 -0.435043970707 1776585361.04
 -0.138510803436  0.0474526100213 -0.0889761181685 0.1713293392 -0.834009232017  0.488713429263   9.61839714894  -1.08609015147  -4.43134038541 -0.254188383483 1776585361.06
 -0.154071519122 -0.0388719579704 -0.0917142301495 0.183468150187 -0.907151260317  0.549705897279   9.95896776187  -0.67210672567  -4.79205599555 -0.103445376992 1776585361.08
 -0.162800396531   -0.12572984118 -0.0927145811518 0.225627914124 -0.779853166921  0.411393777178   10.1733747771  -0.303090998325   -3.80585291629 -0.0643132234459 1776585361.1
 -0.166979557204  -0.200955604954 -0.0944532014221 0.277825007775 -0.672609950817  0.255585733442   10.3004814841 -0.142127666442  -2.82388867419  -0.14465304272 1776585361.12
-0.169309060104 -0.255048374359 -0.099338893036 0.321843823563 -0.64180039495 0.109802915092   10.465567133 -0.127452301532    -2.062303191 -0.368551043902 1776585361.14
-0.172006022252 -0.282288737302 -0.108988120905 0.34806811603  -0.466251007754 -0.0664021248106    10.5173770589 -0.188596325412 -0.722199772971 -0.671972248198 1776585361.16
-0.176117730335 -0.281121099183 -0.123598312898 0.354009986153 -0.155468222861 -0.170475952593   10.3786073853 -0.242389553845  0.747153324372  -0.85569843528 1776585361.18
-0.181243434668 -0.253814888964  -0.14159859947 0.342522034097  0.148380787685 -0.156879061964   10.1522799167 -0.225280394486   1.77033792792 -0.845899191463 1776585361.2
-0.185733079204 -0.205560077413 -0.159702723369 0.319775987198   0.419047354436 -0.0628143769739    9.92121852859  -0.13756350142   2.51564828463 -0.723644286339 1776585361.22
-0.187289164894 -0.143255542073 -0.173401789196 0.292690215275 0.732374272234 0.113506420565  9.63639104023 0.0500780640535   3.36626070362 -0.464984155956 1776585361.24
 -0.183780176261 -0.0742854253495  -0.177835791085 0.266306301459 0.935878898756 0.348772888982  9.29234597329 0.354256931126  3.67466842894 0.120259467276 1776585361.26
  -0.174012503136 -0.00553818069913   -0.168894765818 0.242562290173 0.944711352156 0.538282057612  8.99261665584 0.657943026262  3.38393393167 0.862145870641 1776585361.28
-0.158218730531 0.0571822551286  -0.14434095338 0.22166932087  0.76725548404 0.600835007338  8.82443294379 0.836289441807  2.67517968303  1.49436279753 1776585361.3
-0.138100123747  0.109340786927 -0.104723055586 0.204924303673 0.559952279056 0.606052488736    8.669653685 0.965042648714  2.08513553292  2.08707298747 1776585361.32
 -0.116388291261   0.147563893075 -0.0538753351301 0.195509305705 0.321287163185  0.58272449334  8.44379379643 1.11681897541 1.59514025801 2.81052499004 1776585361.34
-0.0960309992386   0.169427654718 0.00114578112118 0.194753679843 -0.0365087691395   0.366478160577    8.55140085356 0.991401389867 0.687267074692  2.79072547927 1776585361.36
-0.0792219430087   0.173328641542  0.0507453322404 0.197215676297 -0.357803526781 0.0961755692712    8.8603724571  0.776327002871 -0.286319922711   2.18314730856 1776585361.38
-0.0665521458302    0.15855545396  0.0840447131951 0.191396274548 -0.519120086128 -0.130997076918   9.37478845704 0.531659346136 -1.11977554069 0.933209087086 1776585361.4
-0.0565442718194   0.125565159715  0.0905509126023 0.164813020672 -0.571208102136 -0.251962319233   9.89328688457   0.46999893807  -1.85659300844 -0.498071920102 1776585361.42
-0.0457424732857  0.0763529436459  0.0619920813242 0.108467340765 -0.592071678133 -0.285693055774   10.5522613925 0.719515300398 -2.93694950476 -2.55798226108 1776585361.44
 -0.0293904562198   0.0147275093781 -0.00598487834754 0.03341432654  -0.371601160104 -0.0886831637389    11.1772769039  1.15752193487 -3.48731192581  -4.6806359623 1776585361.46
-0.00257422926372  -0.0537017254354   -0.112566023634 0.124746188911 -0.0406538417537   0.289214457537    11.6287010754  1.78714245975 -3.60184361357 -6.46293294341 1776585361.48
0.0384261305218 -0.121951432201 -0.251233403539 0.281898815848 0.273381272313 0.685007437329  11.5958864223  2.20488846009 -2.91353520494 -6.73000782955 1776585361.5
0.0949037950174 -0.182508991922 -0.410099381215 0.458800354091 0.553293157004  1.17850341501    11.60913691     2.88769961 -2.43131618003  -7.3479122359 1776585361.53
 0.164931115578 -0.228463070723 -0.573132372662 0.638653555664 0.889730877912   1.9553477686  11.6803258436  4.06590587509 -1.97840543073 -8.55343423533 1776585361.54
 0.243233654172 -0.254683953149 -0.722140469816 0.803438475964 0.92160529467 2.24665895046 11.0848970885   4.11152530454 -0.794505684387  -6.97414618519 1776585361.56
 0.321811589242 -0.258778444912 -0.839239784364 0.935335446875 0.832678560206  2.38775273282  10.4123605301  3.84904134084 0.340781340123 -4.87158670097 1776585361.58
 0.391214621078 -0.241582209689 -0.909434407849 1.01905926519 0.581493234819  2.12797060542  9.71360081005 2.91860392779 1.25371276971 -2.0276509973 1776585361.6
 0.442222761364 -0.207054734591 -0.922893421266 1.04410962107 0.300848886952  1.67232824945  9.17003488474  1.73802765641  1.82067124297 0.748653427921 1776585361.62
 0.467586988279 -0.161578320103 -0.876537097905 1.00651002436 0.0643451961643   1.28692641472   8.65479981789 0.543853203209  2.41357837165   3.7961822594 1776585361.64
 0.463462099855 -0.112796196241 -0.774639444813 0.909717741582 -0.139346729163  0.553869618832   8.42719072385 -0.992090506752   2.47873635612   6.59101577798 1776585361.66
  0.430223083112 -0.0682246698926    -0.6283076402 0.764537113264 -0.202100380572 -0.287730324051   8.56033354345 -2.36921567757  2.05404398135  8.35276323533 1776585361.68
  0.372483242653 -0.0339200619009   -0.45388989853 0.588141459723 -0.0923442787167  -0.994933164225    8.99735927581 -3.16467715759  1.31360319158  8.58199942341 1776585361.7
  0.298300921946 -0.0134660441886  -0.270559960207 0.402948466242 0.143139448929 -1.53517636842  9.51906839845 -3.56062919263 0.608463657886  8.20054739909 1776585361.72
   0.217736134757 -0.00747586167005   -0.097489126498 0.238681885932 0.543000601555  -2.1975065639  10.1113124788   -4.11635748397 -0.0059269749267    8.36284706306 1776585361.74
  0.141059415436 -0.0136924498081  0.0488939929633 0.149919526456 0.965537145174 -2.39712900535   10.698037827  -3.68458010976 -0.527916044821   6.66394703465 1776585361.76
  0.076988172615 -0.0276418250302   0.157068227939 0.177092285099  1.35188064567 -2.35949050039  11.1383598811  -2.89404220692 -0.790767317827   4.55530277004 1776585361.78
 0.0313111303077 -0.0436800418548   0.221640840281 0.228063576702  1.49985594842 -1.95142223912  11.2409222925  -1.75059934721 -0.705821624103   2.13533159823 1776585361.8
0.00616206997054 -0.0561980991297    0.24345990585 0.24993783869    1.434430337 -1.42577381066  11.0732368854 -0.714536910199 -0.389661454411  0.161135529193 1776585361.82
4.68695961233e-05  -0.0607295142138    0.228691257303 0.236617343533  1.43145286295 -1.08493608545  10.9053122161 0.0606618055779 0.0368429521762  -1.42715113503 1776585361.84
0.00855581033351 -0.0547442607403    0.18714392179 0.195174238663   1.11186984962 -0.612978318815   10.4428667206 0.669337014885 0.596570604938 -2.58329569736 1776585361.86
 0.0255514851547 -0.0379976114591   0.130256594092 0.138070551439  0.592279216697 -0.177509363603   9.84814081382 0.954320357555  1.12261490607 -3.12825186292 1776585361.88
 0.0445440947485 -0.0124094365815  0.0691747127366 0.0832064383051 -0.017282192908  0.134984384759   9.28263491105 0.866565321021  1.42151736326 -2.94641392037 1776585361.9
0.0599615932957 0.0184488733095 0.0132585800139 0.0641213189269 -0.530624683777  0.273696508834    8.9131923565 0.534288180901  1.41917665638 -2.26929127041 1776585361.92
0.0680813882632 0.0501103396451    -0.030795634 0.0899693983566 -1.03029489697  0.33111453849  8.56116292926 0.181848474161  1.43961706413  -1.7510421985 1776585361.94
0.0674880743445 0.0780328241824 -0.059214867913 0.118954455194 -1.47184845915 0.299950327351  8.33712888568 -0.237263488789   1.26367650081  -1.05172300246 1776585361.96
 0.0590293730835  0.0983217982471 -0.0709206976228 0.134838378248 -1.62629032879 0.178966067376   8.4323652947 -0.574921976094  0.784113006304 -0.202518626752 1776585361.98
 0.0453369519698   0.108243850862 -0.0670176917237 0.135142670786  -1.57745192868 0.0445602404239   8.70313158571 -0.73649299083 0.207448564787 0.526562715682 1776585362
 0.0300467693902   0.106485351213 -0.0501993076051 0.121498596115   -1.30716549857 -0.0607709678484    9.11024284215 -0.671810603482 -0.355958360164   1.01098073521 1776585362.02
 0.0168907021135  0.0931716260424 -0.0242100753441 0.0977362546113   -1.0811782244 -0.127347130798   9.47586677781  -0.51929742254 -0.900653805998   1.39041209343 1776585362.04
0.00883858531689  0.0697025156459 0.00658532935872 0.0705686037876 -0.797782871667 -0.152859824209   9.86487065777 -0.246561024849  -1.42858531701   1.61316793363 1776585362.06
0.00745046245027  0.0384744662611   0.037554317142 0.0542781786798 -0.433939441616 -0.125261001157   10.2204357646 0.0972480228902  -1.75664447841   1.50561349919 1776585362.08
 0.0125560702083 0.00255154317344  0.0641401800307 0.0654073999331  -0.102541197081 -0.0656407866605    10.4547428444 0.372289104585 -1.83178818797   1.1195972105 1776585362.1
0.0223165381285   -0.0346716492  0.082261553146 0.0920169237601    0.127507380972 -0.00193268919901     10.5309180027 0.482950194787 -1.65638853651 0.564248298264 1776585362.12
 0.0336491240934 -0.0697919262619  0.0887839629473 0.117837891191  0.286008968148 0.0539943847248   10.6176914459    0.509371097428    -1.60741235406 -0.00616517756493 1776585362.14
 0.0429213766467 -0.0996939328649  0.0820121623015 0.136040874698 0.360099729654 0.100143660542  10.5902434197  0.346730435085  -1.37556063705 -0.705755366854 1776585362.16
0.0467622560924 -0.121814784312 0.0620927286394 0.144502793128 0.318889991267 0.123380469974  10.4126234103 -0.00296619933946   -0.926926144286    -1.35852151425 1776585362.18
0.0428104146036 -0.134369154247 0.0311914636416 0.144432366925 0.179790736931 0.120962004067  10.1273878382 -0.416503564726 -0.370657241644  -1.73270341953 1776585362.2
  0.0302341019997   -0.136523614018 -0.00666632059912 0.139990135148 0.00417731775348   0.103826287026    9.82576980497 -0.741549476595  0.132156897827  -1.74298257777 1776585362.22
0.00991197817508  -0.128506085849 -0.0461350038979 0.136895945872 -0.191291790344  0.106021108593    9.5164982855 -1.13183474235  0.61256665295 -1.83961913882 1776585362.24
  -0.01575407831  -0.111634092047 -0.0814128657369 0.139062634083 -0.413635003649  0.108941559893   9.17238347554   -1.418125059  1.07226530589 -1.62846347618 1776585362.26
-0.0433365501963  -0.088244086951  -0.107281433166 0.145514196444 -0.584234225814   0.10657929265   8.90585009165 -1.41800131485  1.33336492737 -1.02918049988 1776585362.28
-0.0690648996851 -0.0615052390438  -0.120105677385 0.151585713503 -0.674193195001  0.102754362777   8.75719013668  -1.19039472604   1.36913205494 -0.290820170249 1776585362.3
-0.0895357870421 -0.0351080517388  -0.118568168255 0.152668408591 -0.652388114301 0.0922199556943   8.77681203878 -0.786550130153   1.15178181552  0.382181555298 1776585362.32
-0.102302204019 -0.012834313617 -0.103955804443 0.146414718627 -0.633149695801  0.087538127555   8.78780772597 -0.406101223853  0.901415170068  0.940040474516 1776585362.34
 -0.106235465198 0.00195990654529 -0.0799118617589 0.132950069384 -0.580984444014 0.0802640917564   8.84729763074 0.0182275918321  0.523120222241   1.38649497905 1776585362.36
  -0.10161504667 0.00688666262619 -0.0516866827748 0.114212770775  -0.47022952784 0.0650485132614    9.0006891673   0.479955294644 -0.0281306109434    1.61846075598 1776585362.38
-0.0899626813021 0.00100614406397 -0.0250382882826 0.0933874308087 -0.275005702941 0.0377167113338   9.30468908146  0.826742578939 -0.643591368102    1.3812982874 1776585362.4
 -0.0736840533699  -0.0148566788299 -0.00502036342347 0.0753343525609 -0.082372109437 0.0112538569052   9.63106009975  0.862245122445 -0.980240269294  0.755695758858 1776585362.41
-0.0556059164875 -0.0380522205671 0.00507294201906 0.0675701426611    0.0152096480897 -0.000464517430173      9.81918534471 0.719404933315 -1.01223811321 0.191952935574 1776585362.44
-0.0384981996907 -0.0643649049908 0.00436799018884 0.0751267709421  0.0438445053592 0.00220616392669    9.91821204087 0.813142059998 -1.32794787333 -0.27695997894 1776585362.46
 -0.0246552501566  -0.0885979659594 -0.00546899931801 0.0921270366721 -0.0377503329304  0.0287145548488    9.90670805052  0.725209098713  -1.29960536963 -0.792654486835 1776585362.47
-0.0155860887643  -0.105424376586 -0.0206749768132 0.10855726603 -0.188909959372 0.0585196178087     9.747249001  0.305242104773 -0.518657153106 -0.733891377167 1776585362.49
-0.0118384125401  -0.110375906833 -0.0362844289792 0.116788478058 -0.386128072737 0.0987765991961   9.55454905181 0.0563951162331 0.0995361712477 -0.571085003001 1776585362.52
-0.0129607327553  -0.100790679508 -0.0472606378504 0.112072786881 -0.64808066689 0.152028648204  9.31785339611 -0.123817762028  0.728339136065 -0.286464090742 1776585362.54
-0.0175939565892 -0.0765197951447 -0.0496004239199 0.0928710310618 -1.07205426369  0.23896013953  8.97407017225 -0.268897202497    1.5199516938  0.152933498189 1776585362.56
-0.0236771187827 -0.0402158987276 -0.0411657644642 0.0622297728442 -1.49803660723 0.323071295536  8.67256811765 -0.309925667932   2.20686489006  0.764878755703 1776585362.58
-0.0287484768752 0.00290737637368  -0.022071708232 0.0363605289332 -1.65498542373 0.350385027111  8.63617504596 -0.177407959192   2.29922078112   1.24463185049 1776585362.6
 -0.030318353156  0.0458550089859 0.00542680029522 0.0552388862001 -1.49772803318 0.316784967424  8.86446041011 0.0564198238312   1.78674197271   1.36161492414 1776585362.62
-0.0262806045991  0.0810616611566  0.0374869981568 0.0930963915432 -1.44655429574 0.313561456657  9.05719609564 0.339559071737  1.26661182215  1.45040953683 1776585362.64
-0.0153152854877   0.101818947101  0.0695116510297 0.124231741464 -1.50256057871  0.34703835828  9.26491976483 0.762732901586 0.592437858566   1.5634808093 1776585362.66
0.00278006770097   0.103633969799  0.0970567418406 0.142013167028 -1.22268739467   0.3195875196  9.65601492193   1.11386928249 -0.437815825561   1.24270646157 1776585362.68
0.0269016558613 0.0852252180882  0.116611671317 0.14691942953 -0.847612139518  0.276885815765   10.0464996392  1.34888233113 -1.42256128056 0.755236019417 1776585362.7
0.0546577824778 0.0489225789958  0.126102951358 0.145886415619 -0.425733225698  0.213012053769   10.3267956904  1.33612161208 -2.03467163075 0.202410677487 1776585362.72
  0.0826314731146 0.000358782932131    0.125054248672 0.149888806071 -0.0808745692326   0.153221159169    10.4734112828   1.17540496185  -2.28312134374 -0.262925854002 1776585362.74
  0.106876281416 -0.0525072884404    0.11442221674 0.165142358444 0.194621627459 0.102191014981  10.5454067762  0.955069361033   -2.3607786292 -0.673154946108 1776585362.76
 0.123574883909 -0.100846776741 0.0961963870224 0.186264782469  0.476974440427 0.0455315122199    10.581143462  0.64441290742 -2.37047108829 -1.17077862258 1776585362.78
 0.129737146666 -0.136600917701  0.072888268522 0.202000588192   0.63720086332 -0.040935538718   10.3312834035 0.00629741878078   -1.57238586392   -1.45510621148 1776585362.8
 0.123787638358 -0.153968873205 0.0470365120159 0.203081822892   0.50928469028 -0.101323815591   9.89866590392 -0.549960372135 -0.319384097261  -1.20139375587 1776585362.82
 0.105905553267  -0.15044088205 0.0208279220831 0.185154658443  0.432457940904 -0.162393147722   9.54152642161 -1.04720879482 0.613302978941 -1.17061474606 1776585362.84
  0.0780331241137   -0.127172517001 -0.00410983944513 0.149261208355  0.333338179628 -0.240610256714   9.11217765229 -1.63892828948  1.62441679176 -1.25010852213 1776585362.86
 0.0435479530198 -0.0886354122282 -0.0267359451031 0.102310660606  0.119544960862 -0.284261467922   8.75443288849 -1.97569709982  2.36847053004 -1.17307881856 1776585362.88
0.00667672008004 -0.0416302847946  -0.046478017314 0.0627524126751 -0.136173984853  -0.26710673631   8.64912759896  -1.87516827546   2.47609733409 -0.948386360532 1776585362.9
-0.0282124952124 0.00612187269737 -0.0630295573724 0.0693263825249 -0.347967554253 -0.208659869843   8.77527372312   -1.4949204818   2.08351574777 -0.693233004349 1776585362.92
-0.0572822777559  0.0475112988717 -0.0761374465377 0.106468275231 -0.533804363788 -0.144077402112     8.964535167   -1.1140063193   1.60299204212 -0.504392079147 1776585362.94
-0.0777301258258  0.0773749405145 -0.0854498078024 0.139034253096   -0.81343009178 -0.0731829335363    9.13774908745 -0.811664035235   1.20957005627 -0.378217839154 1776585362.96
-0.0880518682754  0.0933652159117 -0.0904754084686 0.157022274173 -0.979234817891 0.0481777335358     9.528684346 -0.285237840861  0.519279514259 -0.144213248774 1776585362.98
-0.0880633656118  0.0961867493566 -0.0906741850288 0.158835937197 -0.953438559364   0.17536018447   9.94733868556  0.239074531626 -0.107573450359   0.12364333147 1776585363
-0.0787396382951  0.0891751053939 -0.0856593574642 0.14659350457 -0.82189232182 0.277390425582  10.2245264792  0.601969669494 -0.434764784123  0.350998682007 1776585363.02
-0.0619590934046  0.0773332774193 -0.0754532102791 0.124549395797 -0.701493729776  0.376871362146   10.3708394212  0.866264057382 -0.520125668056  0.561204543445 1776585363.04
-0.0402312708132  0.0660537601278 -0.0607119172382 0.0983239099762 -0.630422855087  0.525671283448     10.44253632  1.17767436342 -0.45338517844 0.844181033574 1776585363.06
-0.0164486757358  0.0598125183059 -0.0428304135033 0.075382627975 -0.442010229693  0.603668037523   10.2526580086   1.27714324047 -0.135396480131   1.01049750482 1776585363.08
0.00634271246181   0.061116214204 -0.0238617876696 0.0659151465961 -0.205352335235  0.574220076778   9.84259577998  1.12297148194 0.272618402409 0.986977245642 1776585363.1
  0.0251908946811   0.0699211571686 -0.00623348367866 0.0745815373494 -0.000981237093945     0.417242592181      9.39544068569 0.727615094613 0.525284809643 0.736048867742 1776585363.12
  0.037540808407  0.0836389546077 0.00769792482973 0.0920002449475 0.126330599818 0.271380723854  8.96687716738 0.371278688316 0.629096614817 0.506677439078 1776585363.14
0.0415989131905 0.0977229923532  0.016158248086 0.107430637131 0.227217427499 0.113015683433  8.40228538152 -0.0218041560438   0.608635499257   0.282470083193 1776585363.16
0.0367141248126  0.106714783875 0.0184075062143 0.114345128201  0.247347634781 -0.114207863763   8.06976812837  -0.497848516369   0.217156997765 -0.0319700925667 1776585363.18
0.0236802769333  0.105538938621 0.0150075758615 0.10919913193  0.179813852393 -0.311492779966    8.1577918496 -0.840581481173 -0.420152046652 -0.279332215199 1776585363.2
0.00484087986763  0.0907834204116 0.00781576190935 0.0912477379102 0.0740033181702 -0.407328506268   8.58257549358 -0.928512789066   -1.0231816673 -0.357830276243 1776585363.22
  -0.0161062909967    0.0616958301687 -0.000325372441244 0.0637643625946 -0.0218557943096  -0.448545835003    9.05958608858 -0.885357649496  -1.57203700875 -0.313330708656 1776585363.24
 -0.0346467133382   0.0206694298209 -0.00615901491596 0.0408111937953 -0.119433187296 -0.500214093636   9.59987889691 -0.793114009089  -2.32929306106 -0.168463380498 1776585363.26
 -0.0462791230028  -0.0269186280538 -0.00673430888755 0.053960362104 -0.183629713227 -0.406821645104   10.3524479607 -0.352142610366  -2.58260233018  0.165690456914 1776585363.28
  -0.0474910950359   -0.0735308433797 -0.000115464917694 0.087534006923 -0.186316978631 -0.224452571738   11.0062880478 0.254742941847 -2.22257617567 0.551714908257 1776585363.3
-0.0366614822523  -0.110830429665  0.0140952997596 0.117584547863  -0.131451435678 -0.0350462651179    11.2820331421 0.760127419466 -1.33791996045 0.802849432149 1776585363.32
-0.0146526721939  -0.131330602032  0.0345686004853 0.136592151941 -0.0713109113942  0.0933996897399    11.3778889314   1.13492857775 -0.420382877229  0.973082862801 1776585363.34
0.0150944369474 -0.130001065292 0.0584706014387 0.143342004439 -0.0191957079438   0.197564076339    11.6338628876   1.6797531281 0.703710993176  1.29356118915 1776585363.36
0.0470379377028 -0.105486113557 0.0820759260335 0.141691020784 0.0260009248637  0.178363832173   11.2020648435 1.64636073021 1.92148191924 1.19616374365 1776585363.38
 0.0745149590888 -0.0606508573876   0.101642594617 0.139865015892 0.0242613026285 0.0429530252116   10.4637000086  1.21493544927  2.85035817148 0.891212511389 1776585363.4
   0.091019236835 -0.00230165593874    0.114338285385 0.146161016003 -0.028359730587 -0.160772175737   9.60979445264 0.401278698842  2.85001571194 0.409796257783 1776585363.41
0.0914887553691 0.0599027285111  0.118976677428 0.161598202385 -0.105477511277 -0.368372179233   8.94692265112 -0.376296134129   2.49620267632 0.0429341856929 1776585363.44
0.0733123508276  0.115158961464  0.116358584461 0.179375604158 -0.253104953949 -0.760896536494   8.01451792276   -1.4676077804   2.51403837213 -0.264995621532 1776585363.46
0.0368395487388  0.153517796726    0.1091090543 0.19191053122 -0.363578812285  -1.05572839217   7.53491922763  -2.44338496024   1.46083941772 -0.425503163183 1776585363.48
-0.014692648943  0.167774973559  0.101032957764 0.196397490412 -0.379277465207  -1.19245551852   7.62664663332  -2.99006588029 0.0358906507767 -0.344374221901 1776585363.5
-0.0757595679824    0.15486935744    0.09614070017 0.197400770627 -0.260583697273  -1.08946636212   8.30214975451   -2.83429908906   -1.16439229873 -0.0782764363163 1776585363.52
-0.139504944463  0.116499342046 0.0975859462117 0.206292857668 -0.0795929589538   -1.00068244396    9.04261517164 -2.62926213076 -2.05186090772 0.227381595329 1776585363.54
-0.198827573853 0.0588277998928  0.106783762032 0.233229256309 0.237402606903 -1.09298950706  9.94561554955 -2.83075449178  -3.2843179493 0.665137842515 1776585363.56
  -0.247383698656 -0.00866450730086    0.122934044051 0.276381162952  0.724919663551 -0.923202388975   11.2303202157 -2.28053383141 -3.74188461409  1.01518071559 1776585363.58
 -0.280352652185 -0.0749380018115   0.143074689279 0.323548575047   1.25042129472 -0.603875156952   12.4158234721 -1.32048787525 -3.35542781637  1.10403735492 1776585363.6
-0.294897352804 -0.129399153769   0.16265939862 0.360786182726   1.48584104534 -0.204962941823   12.7762235072 -0.232643869587  -2.07151488332  0.780418640961 1776585363.62
-0.290325661542 -0.163739986372  0.176529782777 0.37717706332  1.70843186214 0.104437266875  12.9472379632  0.580541236199 -0.946614208759  0.375615654029 1776585363.64
-0.268002967947  -0.17325238116  0.180060319222 0.366420109935  2.36356579433 0.484046273147  13.6753026782   1.57935871253  0.169221430678 -0.168280283808 1776585363.66
-0.231077267534 -0.157391778128  0.170216880914 0.327326537179  2.47945705661 0.829171499194  13.2631847897 2.30559692115 1.47522437188 -0.9275855412 1776585363.68
-0.184066413164 -0.119546006828  0.146291045035 0.263766491543 2.42096043932 1.16499324056 12.4326140166  2.87994867524  2.66153163393 -1.75211412196 1776585363.7
 -0.132340089793 -0.0661428873876   0.110146781412 0.184448080428 1.90834825912 1.32104598427 11.0163457695  2.91312651725  3.24387359583 -2.28299328529 1776585363.71
 -0.0815205403234 -0.00535740317471   0.0659266881344 0.104979181135 0.902651809838  1.00060914739  9.60230700472  1.94551683082  2.45292789421 -1.85083454844 1776585363.73
-0.0368325271518  0.0542740428589  0.0192872762291 0.0683688950399 0.399876393462  1.12019561737  8.36508145053  1.86996176328  2.61141456305 -2.11875482021 1776585363.76
-0.00245239248392    0.105061813301  -0.0236612503198 0.107721184591 -0.34809914939  1.20250529728   6.7867371217  1.62868204689  2.52734313712 -2.23632238035 1776585363.78
 0.0190698543155   0.141021791089 -0.0574715650863 0.15347242651 -1.03030598211 0.830041737295  6.29689035116 0.783149700239  1.40586597754 -1.44159022138 1776585363.8
  0.027223730362   0.158334707924 -0.0782878542629 0.178717652606 -1.54822618116 0.480365135561  6.13261730274  0.116454801933  0.363651585043 -0.678129632304 1776585363.81
 0.0236937244247   0.155460677819 -0.0843968896325 0.17847198633 -1.59611028327 0.119115372028  6.87743495423 -0.311720878134  -0.52469265961 0.0409743762172 1776585363.84
0.0121852171191  0.133021685719 -0.076311106016 0.153839634974  -1.89622069354 -0.151162373893   7.09413358683 -0.580621264426  -1.39288035741  0.629847232397 1776585363.86
-0.00210661083943   0.0935670090784  -0.0564091620781 0.109275873657  -2.21174086784 -0.444116338506   7.49741573534 -0.681994594108  -2.44982088157    1.2833359244 1776585363.88
 -0.013350328476  0.0412944002507 -0.0282598702813 0.0517887925212  -2.01763703448 -0.627712632497   8.60956381518 -0.387552866035  -3.08613290004   1.67226749674 1776585363.9
-0.0161498101971 -0.0182607784514 0.00418640537665 0.0247345585978  -1.46893575819 -0.639282279097   9.90110771896 0.174266754339 -3.12542334064  1.71027245275 1776585363.92
-0.00666493648395  -0.0786061525106   0.0373512774281 0.0872838273471  -0.74899456672 -0.485410555642   10.8803565956 0.710931359756 -2.49930143386  1.40522465613 1776585363.94
0.0164304871098 -0.132797832778 0.0685845170245 0.150363098108 -0.218530788489 -0.402089144396   11.8994208225  1.37631136329 -2.26471606862  1.40159029135 1776585363.96
0.0513708980564 -0.174103937783 0.0964530653025 0.205558614816  0.440517691047 -0.272806513112   12.9052284689  2.04442170012 -1.70293765262  1.38823939849 1776585363.98
0.0932740171558 -0.196806026717  0.120764170529 0.249031402261    1.0821792479 -0.105582359544   13.2980943036   2.22676286628 -0.612923478417   1.22636778219 1776585364
 0.134745814985 -0.197053145744  0.142370982074 0.277949408058   1.40434864121 0.0070568103809   12.8190262736  1.71783162383 0.539595791405 0.979209737612 1776585364.02
 0.167060473149 -0.173628632283  0.162824413925 0.290805593838   1.61201554019 0.0298833285345   12.2602200944   1.0242165565  1.49540867955 0.906055841643 1776585364.04
 0.181722788635 -0.128464355912   0.18392836672 0.288714230223    2.14589043345 -0.0318981761442    12.0120904133 0.135810602633  2.87161807406  1.19350244437 1776585364.06
  0.172115182046 -0.0667504272968   0.207245153596 0.277542445626   2.13025135583 -0.194271479911   10.9580057467 -1.2898393414 3.63343878288 1.36806051608 1776585364.08
  0.134890929613 0.00345958793353   0.233600302724 0.269771445994   1.77056367986 -0.406565100741   9.72174275567 -2.69672276383  3.69809740966  1.47506214366 1776585364.1
0.0708147394032 0.0721659305725   0.26265479751 0.281443051979   1.28148652622 -0.646711513793   8.56744174792 -3.96385651219  3.31116645426  1.55982684148 1776585364.12
-0.0151359300166   0.128782970179   0.292637738079 0.320079670604  0.567907434476 -0.740100127018   7.95058210719 -4.13301276569   2.0436503393  1.28703871099 1776585364.14
-0.114438022426  0.163767842067  0.320343338366 0.377539165527 0.00751683937491  -0.936041223229    7.30820873933 -4.70813178216 0.970790342456  1.14282558693 1776585364.16
-0.21632494149 0.170267014888 0.341473233932 0.438624333754 -0.626590973795   -1.1734513583   6.76436886223  -5.21078860436 -0.488355900678  0.828164213553 1776585364.18
-0.309461939412  0.145490170899  0.351338997775 0.490278668851 -1.14401323291 -1.19607533832  7.02541372998 -4.51645658561 -2.12507953133 0.117835488794 1776585364.2
-0.383669388878 0.0915282396818  0.345839292673 0.524580246462 -1.47976388116 -1.13347040625  7.71634973125  -3.37002264957  -3.59606376939 -0.796637676848 1776585364.22
-0.431379782468 0.0153948024569  0.322518910388 0.538835748835  -1.22935396696 -0.763862608723   9.01394502167 -1.45160124332 -3.65214869819 -1.43985174123 1776585364.24
 -0.448591823121 -0.0718130255543    0.28144235142 0.534417001584  -1.04247037907 -0.546292026375   10.0625970147 -0.0861311482923   -3.87324630614   -2.18263575695 1776585364.26
-0.435204023984 -0.156578166861  0.225609413187 0.514605550055 -0.755073808774 -0.315439418848   11.3265919094  1.42019081524 -4.04550776914  -3.1835492138 1776585364.28
-0.394738528607 -0.225217708228  0.160722930079 0.482051223751 -0.125736341758 0.0495301950449   12.3620308282  2.69898383324 -2.91480437499  -3.4877173224 1776585364.3
-0.333572833527 -0.266336156119 0.0942781843433 0.437143179481 0.569853313003  0.42803338876  13.0070710101  3.56134995289  -1.2614963387 -3.34242004535 1776585364.32
-0.259861963313 -0.272993494249  0.034137747087 0.37844295958   1.0467619233 0.680224330014  12.7407618367  3.43871263255 0.505341503823 -2.44118461055 1776585364.34
 -0.182350131552  -0.244112982567 -0.0130766813507 0.304981504898  1.48941387783 0.960913560363  12.5490750967  3.46998225688  2.03231674216 -1.78551029431 1776585364.36
 -0.109247189135  -0.184780672246 -0.0433624272256 0.218995765403 1.92797203458 1.30237753552 12.2291528332   3.4950720505  3.59200105692 -1.11372097406 1776585364.38
-0.0472988030779  -0.105316268906 -0.0561114156631 0.128363484826 2.01285877289 1.48218032052  11.369115597   2.93205013114   4.48840336146 -0.290324016142 1776585364.4
-0.00112921069778   -0.019272895725  -0.0540679896523 0.0574113850335 1.72505956899  1.4488946906 10.2724774864  1.99787193483  4.41803980705 0.365973663491 1776585364.42
 0.0271058151156  0.0592200856407 -0.0424818480085 0.077758929819 1.06170449593 1.09489450653 9.33494923757  0.88566689171  3.13166987267 0.600809625761 1776585364.44
  0.037747565306   0.118193265986 -0.0276951609283 0.127128080099 0.498188168266 0.762268725452  8.76601031334 0.127240330475  1.84825926925 0.547916305437 1776585364.46
 0.0333589783579   0.150051875228 -0.0155547715995 0.154500283547 0.0384961465254  0.594601867301   8.00956986649 -0.498364159121  0.881430883492  0.448923670443 1776585364.49
0.0181831399929  0.152795852012 -0.010071635117 0.154203232152 -0.601532043282  0.235290928013   7.33898604268  -1.14002274496 -0.635271976145 0.0919130845552 1776585364.5
-0.00259751618985    0.130015298372  -0.0126558186283 0.13065563381 -0.941406562537 -0.226681636899   7.78269947345  -1.14185490957  -1.71943087434 -0.327176793153 1776585364.52
-0.0237025289921  0.0897234670345 -0.0220731764186 0.0953904373327  -1.00863989743 -0.502869439041   8.36527814348 -0.870458414061  -2.00952126878 -0.513614165903 1776585364.54
-0.0405701205789  0.0423525738609  -0.035061561643 0.0683299956189   -1.0872564679 -0.729705380396   8.71479642735 -0.602063160988  -2.08943362171  -0.57893035121 1776585364.56
 -0.0500152607296 -0.00159370686653  -0.0473749055613 0.0689089826101    -1.18038994 -0.94958471045  8.97376547599 -0.256114305388  -1.93946652427 -0.506900121995 1776585364.58
-0.0506129328258 -0.0336982274911 -0.0549382442259 0.0819478503922 -1.11828129914 -1.00235236507  9.25674874693  0.193301075354  -1.26315999569 -0.197463563164 1776585364.6
-0.0427370856082 -0.0491542268383  -0.054809806739 0.0851276184156 -0.998624557406 -0.917581789458   9.44093626598  0.606056039732 -0.371156876909  0.249318450037 1776585364.62
-0.0282536289594 -0.0473913661596 -0.0457401063997 0.0716684482133 -0.747941417991 -0.621085512297   9.54747939988 0.767715607327 0.407143294759 0.621612733411 1776585364.64
-0.00993966477673  -0.0317607417384  -0.0282540167859 0.0436558256844 -0.663776372264 -0.401274514018   9.51937131062 0.883017794674 0.917396370222 0.975655887415 1776585364.66
 0.00923759125526 -0.00844049841092 -0.00431565272568 0.0132363123291  -0.67289008709 -0.176231806725   9.41889795553 0.970155670369  1.23767033723  1.35990989703 1776585364.68
0.0268164853313 0.0151306985624 0.0232686963573 0.0385939652624   -0.613480352 0.089137545668  9.38137332409 0.848957630162  1.06699862443   1.4759417716 1776585364.7
0.0413521362368 0.0319221464399  0.051516578154 0.0733687973827 -0.55334840382  0.33222827603   9.4163506298 0.703387153022 0.588633708751   1.4867598499 1776585364.72
0.0526301302896 0.0367330003714 0.0778313802772 0.100880957997 -0.362747616147  0.439850012911   9.62027440493   0.46317860737 -0.110397015691   1.12011861707 1776585364.74
0.0615449947968 0.0271092485906   0.10034956924 0.120800388204 -0.211355415371  0.556656198063   9.86666321161 0.395590864245 -0.76756686881 0.932347911658 1776585364.76
 0.0696913670995 0.00362900000174   0.118042138279 0.137127687572 -0.00480539756002    0.710928626689     10.2558677105 0.460488064985 -1.53658671665 0.808144972683 1776585364.78
0.0787882214466 -0.030429078756   0.13061099834 0.15554017346 0.269782354033 0.704445532654  10.6549924534 0.529628233789 -1.90854616154 0.524954545354 1776585364.8
 0.0900950976179 -0.0698970302922   0.138265816691 0.179220974006 0.535231273736 0.642837089892  10.9935295538 0.627036776135 -1.95099110121 0.270526691439 1776585364.82
 0.103973270144 -0.108790999081    0.1414767532 0.206546832659 0.717077034649 0.519540416375  11.1439177888  0.668215216732  -1.61410993034 0.0567032099283 1776585364.84
 0.119697403369 -0.141402997947  0.140777800428 0.232681467451 0.929992524896 0.446035255203  11.3274615438  0.736425726117  -1.26880134132 -0.112405938877 1776585364.86
 0.135550370317 -0.163195762024  0.136656913987 0.252352673408  1.15410303722 0.374502126894  11.4601475287  0.758596008889 -0.771296221456 -0.289648257068 1776585364.88
 0.149158420616 -0.171357243707  0.129528950979 0.26151345769  1.20069185987 0.250478476183  11.2636320277   0.584039672552 -0.0461286424234  -0.440232584916 1776585364.9
 0.157967708432 -0.164966329029  0.119759358617 0.257895309374  1.13360855031 0.118835939734  10.8713810979  0.274525057434  0.688571189168 -0.566351694487 1776585364.92
 0.159740417817 -0.144815191538  0.107698040163 0.241013088108   0.935399291071 -0.0103885141829    10.3277026299 -0.122847627308   1.27516541981 -0.639655799454 1776585364.94
 0.152961693628 -0.113003608144 0.0936935202147 0.212003704924  0.717925276296 -0.127837029265    9.7782661598 -0.540885950914   1.72789719315 -0.707212211334 1776585364.96
  0.137088172419 -0.0724510430983  0.0780800688841 0.173605350782  0.534306149364 -0.268246706429   9.18516932328  -1.06203436106   2.27829835695 -0.856622741639 1776585364.98
  0.112618707367 -0.0264589889852  0.0611534059176 0.130854080573  0.247126214079 -0.389684083888   8.66608821647  -1.47215193422   2.46886457417 -0.916647624375 1776585365
0.0810107601642 0.0215932829722 0.0431630025612 0.0942977089966 -0.0552753648198  -0.479065049429    8.33587967919  -1.71041013486   2.38160198457 -0.924105326519 1776585365.02
0.0444902694689 0.0684041199248 0.0243447767671 0.0851538364136  -0.34798561263 -0.545094076742   8.16909678162  -1.82282283246   2.16230317386 -0.925031215296 1776585365.04
0.00580586326926   0.110804249803 0.00499863686854 0.111068790366 -0.641777258879 -0.584708708228   8.14365404446  -1.82545466402   1.84619052627 -0.924488407756 1776585365.06
-0.0320344335853   0.145798088994 -0.0144106096444 0.149969841501 -1.05490724435 -0.65564750661   8.0671421391 -1.91637947643  1.59745045572 -1.01833896898 1776585365.08
-0.0660243737019    0.17068030577  -0.033171010823 0.185987366935  -1.35441155468 -0.583887447224   8.36753386619  -1.6101243389 0.983232374435 -0.94164144194 1776585365.1
-0.0934135755234   0.183279641201 -0.0503066844525 0.211774137872   -1.4853354146 -0.417617670752    8.8465299211  -1.09819824325  0.278278807912 -0.752860062602 1776585365.12
 -0.111954482161   0.182318801741 -0.0646579891921 0.223505273116  -1.61869182172 -0.245416893548   9.27275855841  -0.62156337963 -0.359796150382 -0.575717224974 1776585365.14
 -0.120136640794    0.16781081481 -0.0750586719164 0.2196066626    -1.7599173246 -0.0565723230044    9.67811709816 -0.131998588626 -0.994487838416 -0.386455243215 1776585365.16
 -0.117390547885   0.141363051325 -0.0805732813422 0.200639245111 -1.87714426569 0.163060128102  10.0991976605  0.430251516107  -1.66519219466 -0.153412521429 1776585365.18
 -0.104230592952   0.106250016712 -0.0807302077833 0.169323504001 -1.57268165035 0.349156037007   10.430425202 0.926935285486 -1.96027516246 0.129300074911 1776585365.2
 -0.082299728184  0.0671532727488 -0.0756783920365 0.130422491623 -1.09189396917 0.459175632916  10.6125374786  1.26860726016 -1.94817268777 0.368692932102 1776585365.22
-0.0542818195307  0.0295447674014 -0.0662136900981 0.0905740689644 -0.488914953623  0.463709154939   10.6099031205  1.36897019106 -1.59607904933 0.514073694299 1776585365.24
 -0.0236625050177 -0.00121172454472  -0.0536590273101 0.058657255578 0.102123784747 0.430606298842  10.5454183541  1.40199363647 -1.17935599203 0.621872601757 1776585365.26
0.00565625098677 -0.0208750924159 -0.0396273755191 0.0451452273129 0.788538108178 0.374672579382  10.4397680458   1.41198189013 -0.686590122041   0.73684486609 1776585365.28
 0.0298535875387 -0.0272344524397 -0.0257315741826 0.0479068470945  1.37296221302 0.216843116687  10.1518354145    1.05340737651 0.00503884193831   0.691484428317 1776585365.3
 0.0457370787958  -0.020683370808 -0.0133172613866 0.0519329534649   1.73406503297 0.0478123269736   9.83185380698 0.543495229741 0.582620098733 0.570061704485 1776585365.32
  0.0512576358728  -0.0042895799343 -0.00328127911375 0.0515413671132    1.76980758229 -0.0831900989818     9.5693580196 0.00385020682854   0.873667143932   0.404517934287 1776585365.34
 0.0459018555207  0.0167068310795 0.00399483205209 0.0490107868544   1.66387161058 -0.158356375683   9.39605637268 -0.460767941752  0.908798939856  0.268731945279 1776585365.36
 0.0308793051741  0.0359037661232 0.00860389768344 0.0481314758262   1.59481153211 -0.200817262319   9.26039615603 -0.942621029305  0.776508800359  0.179150538372 1776585365.38
0.00904588711663  0.0470679018829  0.0109995204439 0.0491752469376    1.1652653776 -0.161044613904   9.30805268799 -1.22555295194 0.254040242398 0.085939302948 1776585365.4
-0.0154574978388   0.045508747002  0.0118531677745 0.0495023017588   0.550108166019 -0.0566408475701    9.53533097956   -1.1801886758  -0.45017144112 0.0230804624358 1776585365.42
-0.0378231160695  0.0291901784809  0.0119161181792 0.0492407199522 -0.0131182443339  0.0663648284099    9.84851698026  -0.925109695684   -1.12712009864 0.00120082965655 1776585365.44
  -0.0533707918967 -0.000683435327971    0.0119023807577 0.054686151622 -0.456355267834  0.179932793556   10.1974571817 -0.482641457635  -1.61801034563 0.0111926878816 1776585365.46
-0.0583907362268 -0.0397608444225  0.0123930911976 0.0717216253004 -0.818376506302  0.293558917188    10.614416844 0.0638100401632  -2.06380868493 0.0474803443977 1776585365.48
-0.0508776036628 -0.0813206440965  0.0137575345186 0.0969063850671 -0.911903898308   0.33110921597   10.9061261903 0.685355587842 -1.94700749812  0.09253230449 1776585365.5
-0.0309989248636  -0.117577474296  0.0160913574328 0.122655320262 -0.825397615513  0.314565523088   11.1114357672  1.25628422413 -1.51465078392  0.13713113505 1776585365.52
-0.0011783007448  -0.141241071878  0.0191825185225 0.142542617468 -0.565347429313   0.23424375814   11.1842122707   1.69154998348 -0.762582362458  0.166684686164 1776585365.54
0.0342545206014 -0.146994947671 0.0225214069049 0.152604392438 -0.145451949576 0.0788586674474   10.9265602043  1.65542107745 0.201873362271 0.144243978351 1776585365.56
0.0698019100337 -0.132585259771 0.0253673304271 0.151969270597   0.282622887668 -0.0962742507582    10.7397345498  1.66664872311  1.21282171166 0.110569999817 1776585365.58
 0.0997887246101 -0.0993056509551  0.0268691238682 0.143322544243  0.727654117086 -0.307271810068   10.3568436081   1.32663057918   2.16064864007 0.0227708293277 1776585365.6
  0.119402721228 -0.0518017116332  0.0262186990175 0.132769903755   1.02479394033 -0.484965536527   9.85200030076  0.670012649181   2.65274728602 -0.105736781386 1776585365.62
 0.125562374033 0.0027386591655 0.0228017040398 0.127645320063   1.13572346802 -0.600210689378   9.37838686292 -0.0489718441204    2.66219276186  -0.245165232431 1776585365.64
 0.117422809545  0.055829655907 0.0163067686653 0.131038076086    1.0516952214 -0.630813312715   9.02549555771 -0.66895929006  2.21195918828 -0.36797918374 1776585365.66
 0.0964126000522  0.0991243605846 0.00676708101407 0.138444290946  0.990958014887 -0.700604396082   8.64337347796  -1.30175039376   1.76441168892 -0.549155258583 1776585365.68
 0.0658059712116   0.125791880106 -0.0054682646574 0.142070140656  0.731342404926 -0.667631144908   8.42292760612  -1.77702004266  0.868713590109 -0.710571763592 1776585365.7
0.0299482245058  0.131616119208 -0.019809832816 0.136426274825   0.30377919111 -0.498575943617   8.51552755766   -1.8744450817 -0.262130081644  -0.77704548521 1776585365.72
 -0.006663743537   0.115657418217 -0.0355103636282 0.121169425977 -0.132903985216 -0.279651655095   8.79948292409  -1.74003733165  -1.27043413566 -0.791273871755 1776585365.74
-0.0402132596411  0.0803898938581  -0.051715440931 0.1037021124   -0.49749533225 -0.0423180314336    9.23413334966   -1.4134093784  -1.94043130232 -0.735023127345 1776585365.76
 -0.068108559945   0.031301500572 -0.0674638526919 0.100846077246 -0.865052209293  0.198309364915   9.68619757734 -1.21362747633 -2.58949044714 -0.74270973996 1776585365.78
 -0.089130128868 -0.0239829619296 -0.0816513446014 0.123232724591 -1.17739774428   0.4663441452  10.2591427262 -0.954026800422  -2.94311156339 -0.694469189046 1776585365.8
 -0.103190955407 -0.0769254420154 -0.0930015448361 0.158792897351 -1.24674274614  0.67144463433  10.7962256562 -0.591040613113  -2.59965104765 -0.502380995147 1776585365.82
-0.110835557878  -0.11945278247 -0.100100829771 0.191242422728 -1.03444901436 0.732850521226  11.0650382936 -0.233530599172  -1.68206102758 -0.210195399357 1776585365.84
-0.112677768524 -0.145256524432 -0.101540402179 0.210014739207 -0.717090278457  0.705157788876     11.09521918 0.0407257555119 -0.689553894996 0.0865234861224 1776585365.86
 -0.108985476434  -0.150777698367 -0.0961702582151 0.209428906704 -0.446234360435  0.742880905027   11.1658885211 0.311067220231  0.22694060818 0.429712520012 1776585365.88
-0.0995599006614  -0.135686319933 -0.0834191997844 0.187834273042 -0.0725732177028   0.743219027124    11.0790513804 0.667718704262  1.28051581642 0.868799078405 1776585365.9
-0.0839481582574  -0.102762446254  -0.063593068422 0.147144459584 0.365653379718 0.602623032529  10.6596369196  1.0231143441 2.13226916328 1.23283906632 1776585365.92
-0.0619079236713 -0.0572159613308 -0.0380490723637 0.0924877783928 0.682310397203 0.372392976018  10.0827201402 1.23905505811 2.40766064083 1.34885063973 1776585365.94
  -0.033951744992 -0.00561228685351 -0.00916635543951 0.0356123689716 0.827195939129 0.161188151223  9.59344067328  1.3187478778 2.24868696895 1.27095225028 1776585365.96
-0.00176492818181   0.0453379631207   0.0199141492212 0.0495501686236    1.02415766502 0.00323233640464    9.13754477574 1.56670618526 2.27882254999 1.31081525037 1776585365.99
0.0316763091323 0.0898457454548 0.0457426345213 0.105678924812   1.18141216993 -0.158809371546   8.66351503747 1.77600777764 2.17109352099 1.25161734822 1776585366
0.0623729297529  0.123743750283 0.0651144330711 0.153110376834   1.02281210457 -0.263704184329   8.48740925694  1.48677854798  1.50362068365 0.818437690609 1776585366.02
0.0859312854569  0.144715318804 0.0756087619196 0.184508520659  0.711682301137 -0.288956914485   8.56046218488 0.924800630928 0.727231419369 0.279412511821 1776585366.04
0.0984205625305  0.152090369298    0.0760056017 0.196455946848  0.344574526428 -0.246430846863   8.81291153106  0.257955480165 0.0376377714716 -0.207167222501 1776585366.06
0.0972603314894  0.146368317396 0.0665102655488 0.187901228954 0.0215844855536 -0.214783364343   8.95537195814 -0.399549549541  -0.56673190414 -0.659826899366 1776585366.08
0.0819230484763  0.128689848476 0.0487611621602 0.160156529394 -0.363416243729 -0.167148326733   9.13540369428 -1.15202751822 -1.23023284098  -1.0954197903 1776585366.1
0.0542730986086  0.100462898648 0.0256353169183 0.117027914238 -0.733466590523 -0.104926386239    9.3957525217 -1.73517652263 -1.78839095989 -1.30851424315 1776585366.12
  0.0184414548145   0.0632613997023 0.000889047478685 0.0659005489612  -0.966305241275 -0.0626857633803    9.64669328708 -1.90227619906 -2.09326351028 -1.20644750512 1776585366.14
-0.0197660709281  0.0189902439418 -0.0213212561666 0.0347264004675  -0.976970714235 -0.0543555040897    9.82797853066  -1.58035865221  -2.03515521666 -0.828352002939 1776585366.16
-0.0538300336326 -0.0298084212041 -0.0369923740119 0.0717958928533   -1.08395017628 -0.0924960942116    9.96224278231  -1.33492150909  -2.27518697966 -0.496342977497 1776585366.18
-0.0776714944551 -0.0797014504862 -0.0428513237631 0.119253587823  -1.17123599419 -0.177632678205   10.1188208832  -0.878015045405   -2.57277993712 0.00263353011403 1776585366.2
-0.0867774942867  -0.126351830333 -0.0368935509561 0.157658658644 -0.983192505963 -0.273436574074   10.2671705765 -0.0390706751865   -2.37095382857   0.669576773486 1776585366.22
-0.0790747510267  -0.164856276327 -0.0188029037364 0.183804127492 -0.539327717114 -0.317975691396   10.3453363663 0.782870891513 -1.59705867824  1.16485156502 1776585366.24
-0.0553721627721  -0.190418789243 0.00983516250272 0.198550049429 -0.0921332661938  -0.323212644042    10.3911057574   1.30319492295 -0.748881062487   1.40359654006 1776585366.26
-0.019274743482 -0.199220355252 0.0456042560885 0.205280329931  0.353311772885 -0.370606677692   10.5547354952   1.86942784487 0.0274266990588    1.7512400393 1776585366.29
0.0234233679854 -0.189262766391 0.0836491311772 0.208245590725  0.901447566873 -0.405948742934   10.7504795371 2.30662849694 1.03809821447  1.9737894491 1776585366.3
0.0657530573566 -0.160953591294  0.118362819679 0.210331358063  1.34215938202 -0.36035264509  10.7955696398 2.15454190704  2.0050022912 1.68809912767 1776585366.32
 0.100794274348 -0.117261918312  0.144269794489 0.211479589628  1.45504108742 -0.24735593071  10.6351624241  1.44365870488  2.46598179999 0.975215718422 1776585366.34
  0.122871194501 -0.0633873963397   0.156947081293 0.209159457781   1.35226501229 -0.130998899249   10.3971404375  0.62531954142  2.51191684633 0.215188270037 1776585366.36
   0.128489568874 -0.00600955487883    0.153800445816 0.200500027911   1.31401595224 -0.030695634201   10.1869973762 -0.144547208214   2.66510941187 -0.537645010126 1776585366.38
 0.116845143174 0.0477187696492  0.134533113795 0.184469583312   1.13346571516 0.0925249421959   9.88305600833 -1.01942830998  2.56361209623  -1.3866251996 1776585366.4
0.0898233702503 0.0912264484135  0.101206727495 0.163197133625 0.732707402753 0.230865492246  9.49716442387 -1.82122265561  1.99922280579 -2.13679800034 1776585366.42
 0.051514710021  0.119434378649 0.0578824426138 0.14236823141 0.179882505222  0.32201567021  9.19350193007 -2.09438029633 0.969212930351 -2.31858508062 1776585366.44
 0.0073649956942   0.129385574994 0.00992112986325 0.129974224352 -0.259636684182  0.352112882577     9.064393718  -1.91827284527 0.0238905131779  -2.05771838463 1776585366.46
-0.0368516199476   0.120534908731 -0.0369075254596 0.131334959363 -0.672548208188  0.433604297067   8.86967876949 -1.97344518772  -0.8207290634 -2.06475969614 1776585366.49
-0.0760213707408  0.0947063171913 -0.0773236589427 0.143970425982 -1.07176918078 0.487005021144  8.76715895258 -1.84356556239 -1.71572113982   -1.864028501 1776585366.5
-0.106442714155 0.0557696983634 -0.107271056686 0.161081936463 -1.31202319848 0.445093484857  8.88812501826 -1.39924650378 -2.38680053549 -1.31167110802 1776585366.52
 -0.126203107113 0.00910753604663   -0.12436464391 0.17741684281 -1.24341187047 0.283851507275   9.2507097951 -0.742661161903  -2.45456732106 -0.536720473554 1776585366.54
 -0.135134377261 -0.0390590368147   -0.12800649271 0.190190878989 -0.924067881922 0.0800247425699   9.66977524235 -0.172259513322  -1.92265894675  0.108384932793 1776585366.56
 -0.134403445597 -0.0824197987819  -0.119205026781 0.197654111593 -0.827067228664 -0.104053143538   10.0263428347 0.212295122356 -1.75045882918 0.638320032983 1776585366.59
 -0.12588380948 -0.115333695732 -0.100192275097 0.197957285417 -0.695994644601 -0.343213486675   10.4659142492 0.622228285719 -1.38836513317  1.22939032017 1776585366.61
 -0.111502683459  -0.133517796743 -0.0739580074106 0.189022848687 -0.411832309013 -0.545440176656   10.8261309176  0.959079415353 -0.557066742461   1.63236639988 1776585366.62
-0.0927533787027   -0.13457700432 -0.0438038247261 0.16921268987 -0.0877256407794  -0.581820779674    10.8990030112  1.10092729887 0.408998923604  1.63746743453 1776585366.64
-0.0705025447141  -0.118286080143  -0.012976331259 0.138313378744  0.132292591077 -0.436778378976   10.6701714953 1.03301085257 1.04138560188 1.28865480014 1776585366.66
-0.0451250306588 -0.0865625272493     0.0156113297 0.0988587534351   0.29313333114 -0.317640810343   10.5437258923 1.20726426072 1.69272089228 1.18389135432 1776585366.69
 -0.016895434283 -0.0431228546969  0.0395929335111 0.0609314096409  0.446456322528 -0.115140289132   10.3469349483 1.54319714895 2.46536895943 1.09775061173 1776585366.71
 0.0135133144908 0.00711646643082  0.0573236146808 0.059323271682 0.498805184646 0.206809742241  9.94622135068  1.72625031591  2.86001958315 0.797847839275 1776585366.72
0.0446054928569 0.0587707434568 0.0680177693415 0.100349724592 0.412857276795 0.499454129547   9.4908199156  1.59779583065  2.63611594562 0.383786635299 1776585366.74
0.0738716391595  0.106698364855 0.0718215360626 0.148323609642 0.241955351208 0.615493260852  9.18029125087  1.18295415844  1.94753137779 0.038973896428 1776585366.76
0.0979253880198  0.146552816963 0.0697744596213 0.189566835164  0.10126566804 0.732384652768  8.83734398824  0.895052909335   1.56555847627 -0.187550372722 1776585366.79
 0.112974123148   0.17509345593 0.0636279584877 0.217874706911 -0.0735942568518   0.764355744216     8.4754757536 0.442075684357   1.0966866032 -0.35748889948 1776585366.81
 0.115541259331  0.190253682572 0.0555292100603 0.229411724874 -0.293243677047  0.667058429549   8.08523462473 -0.280092211192    0.4612109602 -0.462667962412 1776585366.83
 0.103289538331   0.19104047796 0.0476305585422 0.222337273202 -0.462414476458  0.311905118665    8.0540378052  -1.13818489949 -0.368286364527 -0.395042822213 1776585366.84
0.0757592344076  0.177381277271 0.0417216086713 0.197343030671 -0.423387538722 -0.084185578027   8.58371763108  -1.44422621558 -0.865325685227 -0.182438296516 1776585366.86
0.0348383839733  0.150027137107 0.0389836361551 0.158875985455 -0.478720347051 -0.430916011324   8.68157128786   -2.06068956877   -1.51404396645 -0.0406359021708 1776585366.89
-0.0151767188005   0.110568190344  0.0399283912191 0.118532417232 -0.548973261746 -0.915381955091   8.74838304467 -2.98505270729 -2.56850099216  0.16065148926 1776585366.91
-0.0679996902574  0.0615396892812  0.0445182418716 0.101945892959 -0.420363662351  -1.23724164916    9.2127107944 -3.17477094562 -3.26879776978 0.391751390252 1776585366.92
  -0.11622612324 0.00652601737227  0.0523973993307 0.12765809055 -0.128149426564  -1.08156804126   9.85770860857 -2.21602447246 -2.92034856135 0.487698162589 1776585366.94
 -0.152535371897 -0.0498641599662   0.063122682897 0.172446940318  0.125219244793 -0.798674221923   10.3341079956 -1.18285546951 -2.34874040695 0.515759401329 1776585366.96
-0.171011712884 -0.102259148213 0.0762855104689 0.213357489778   0.40079563971 -0.626666363757   10.8627096337 -0.359638383096  -2.16861323605  0.645662561279 1776585366.98
-0.168322472645 -0.145060104703  0.091465430456 0.240293182888  0.752723796906 -0.377489285043   11.4911944498 0.683730870979  -1.8287766853 0.818449920733 1776585367
-0.144491105014 -0.173193884979  0.108031611647 0.250089244745    1.07999508735 -0.0205505196617    11.9800757101  1.79452095758 -1.04161630391 0.918942733543 1776585367.02
-0.103065515941  -0.18293801845  0.124882374362 0.24430396353  1.18151050164 0.297783286497  11.9735691534   2.37880095312 0.0143383249048  0.816388831781 1776585367.04
-0.0506004999969  -0.172627955325   0.140254249377 0.228105405521  1.06483634325 0.439910919204  11.5742399765  2.27249671048 0.842436081759  0.56719322058 1776585367.06
0.00447527797321  -0.143071626284   0.151723517393 0.208589415097  1.09653200744 0.550452922298  11.4089225022  2.27782121931  1.64417905354 0.355107617687 1776585367.09
 0.0533896538782 -0.0975656847101   0.156466099321 0.191966554928  1.23856796764 0.660053539895  11.2978143302     2.28705441935     2.76013480788 0.000869928660035 1776585367.11
 0.0886332167116 -0.0415055008323   0.151755528613 0.180577667968  1.09406555203 0.552750348383  10.7067038947   1.52525945162   3.40577029146 -0.613391525424 1776585367.12
  0.10529199107 0.0183276722376  0.135593287322 0.172649490355 0.670370147069   0.2613217806  9.88350648489 0.345783047121   3.0470960655 -1.16581192761 1776585367.14
 0.101815878809 0.0746622469651  0.107310016206 0.165699619425   0.235342707579 -0.0108335885741    9.27773115274 -0.528490972001   2.14389792469  -1.41671569733 1776585367.16
0.0800652433155  0.120663520952 0.0679684244014 0.159968231819 -0.111056802547 -0.239821063393   8.67573194153  -1.2719663464  1.69345934937 -1.93293910726 1776585367.19
 0.044652201499  0.150768320101 0.0204414385104 0.158564680346 -0.609386561006 -0.524791957647   7.86961897974 -2.14204545588  1.11294352047 -2.70417407056 1776585367.21
0.00176368211681   0.161346698304 -0.0308815093832 0.164284920945  -1.13840543078 -0.706302019594   7.43004047958  -2.49708380623 0.0109411388153  -2.90755047435 1776585367.23
 -0.042224418418   0.151148975791 -0.0807158221387 0.176476509306  -1.54142931123 -0.730648736916   7.45872783821 -2.31801436665 -1.10236264347 -2.56914881829 1776585367.24
-0.0819910383924   0.121516024072  -0.123710244321 0.191814751864  -1.50355084775 -0.539501348858   8.13307928704 -1.56709549121 -1.63188781951 -1.62726531389 1776585367.26
-0.114071323571 0.0763315252604 -0.155321343833 0.207276357697  -1.68586570039 -0.438320998013   8.51775688438 -1.19801413106  -2.1722916089 -1.06333084199 1776585367.29
-0.137044852256 0.0216900413942 -0.172574791685 0.221435787873  -2.15146466874 -0.364749152395   8.87267204208  -1.00292898888   -3.0071905625 -0.521745587619 1776585367.31
  -0.15111387971 -0.0347371809657  -0.174591691419 0.233504464829  -2.17883134536 -0.166316587684   9.63434678957 -0.599293460304  -3.15403215637  0.289600079698 1776585367.33
 -0.157245036183 -0.0846218640231  -0.162813338804 0.241650666391  -1.65811477865 0.0775887087627   10.4479837642 -0.142545510864  -2.40814729187  0.950107541291 1776585367.34
-0.156167081475 -0.120105384221    -0.140910623 0.242217390642 -0.786083653338  0.244163960215   10.8283884119 0.211196970872  -1.0973266498  1.05487269903 1776585367.36
-0.147552381927 -0.134982471838 -0.114401108681 0.230390075271 -0.156820392495  0.420502878355   11.1495450663  0.566078617225 -0.120261600359   1.08659119516 1776585367.39
 -0.129652390841  -0.125738345848 -0.0900155202565 0.201798582637 0.649604453986 0.765514085886  11.6480694374 1.29511485432 1.15296474044 1.06617009968 1776585367.41
-0.0995260624282 -0.0922274584032 -0.0748646724509 0.154971159792 1.58265912556 1.09833486755  11.633302925  2.22127444507  2.57537427961 0.426107667014 1776585367.42
-0.0538331951107 -0.0378325911051 -0.0754711037935 0.100125947453 2.08689464473 1.25778598492 11.0429660671   2.92824710482   3.29359982919 -0.585299399234 1776585367.44
0.00999249496145  0.0309555548463 -0.0967552928632 0.102076848641 1.93208148212 1.18632069096   10.28400042  3.05993482291  2.99695930284 -1.37252276145 1776585367.46
0.0924844127885  0.105473701853 -0.141101340666 0.198966471369 2.05118834443 1.42639635407 9.72250151748  3.92856607512  3.14928894682 -2.40527445517 1776585367.49
  0.19112897546  0.176161491311 -0.207656558392 0.33269265475 2.32190380098 2.01651669874 8.99595590851   5.7328358054   3.5509052171 -4.17164894902 1776585367.51
 0.299887588806  0.233938748605 -0.292023723694 0.479518257441 1.74719140747 2.16262438526 8.41839728411  6.14815794235  2.68337923424 -5.03575399496 1776585367.53
  0.40944165737  0.271444618827 -0.386469297165 0.625046533892 0.885221040924  2.10763971376  8.11751659134  5.79400884156  1.39108973664 -5.24765682094 1776585367.54
 0.508201230187  0.283952992016 -0.480694216091 0.754960079356 -0.0493640415947    1.48864952095    8.46122184872    3.77983421542 -0.0342147173402   -3.82584670961 1776585367.56
 0.583957490149  0.269864917297 -0.563109537597 0.854941971845 -0.766678430851     1.193575626    8.6423837493   2.5474230839 -1.15101709669 -3.06777437093 1776585367.59
 0.625913528279  0.230766354723 -0.622451105047 0.912395875445 -1.76876779794 0.995405002806  8.75091728804  1.19967439847 -2.77045866978 -2.42293446519 1776585367.61
  0.62672332608  0.171103969262 -0.649481988275 0.918632434026 -2.26014603658 0.311202334486  9.34750071305  -1.15804524668  -3.69163705904 -0.444513999272 1776585367.63
 0.584128353509 0.0975628377267 -0.638490284173 0.870858360276  -2.45167791103 -0.418128650128    9.9673015248 -3.45071043622 -4.22336082165   1.6901454831 1776585367.64
 0.501820611111 0.0182342218093 -0.588305090522 0.773472230991  -1.83271623818 -0.882417469278   10.3760646432   -4.247984953 -3.39908685136  2.96211059641 1776585367.66
  0.389284145453 -0.0583445849682  -0.502625844982 0.638419122943 -1.47002534584 -1.31973949415  10.6983353034 -5.17665141967 -3.05608738858  4.26400016654 1776585367.69
 0.260559732974 -0.124196524876 -0.389578859768 0.484858576511 -1.27484601272 -2.16668707693  11.2583665278 -7.39021615024 -3.29074279157  6.95595732466 1776585367.71
 0.132104234383 -0.172862607349 -0.260558163902 0.339445969983 -0.413342922905  -2.25113205004   11.2858511879 -6.73759119775 -2.12973742968  7.31480084981 1776585367.72
0.0201251578652 -0.200197353506 -0.128546246968 0.238763774345 0.459144470939 -2.07008725195  11.1501874078  -5.29809759147 -0.873443825047   6.93905110718 1776585367.74
 -0.0620934741322   -0.204878021639 -0.00621256135006 0.214170957879  1.05581009554 -1.41909358825  10.7466015149  -2.8435270361 0.262549861652  5.04605200655 1776585367.76
-0.106337540769 -0.188520740761 0.0958712971929 0.236725680692   1.56889378488 -0.958930139468    10.514621802 -1.04840535719  1.06935180064  3.81728576601 1776585367.79
-0.110652070533 -0.155349256699  0.170591226983 0.255887942259  2.52707800715 -0.63329026677  10.4826755372 0.743547312949  2.12387320129  3.28292595603 1776585367.81
-0.0793539060243  -0.111444517485   0.215010016881 0.254845502684    2.78034685462 -0.0597933733227    10.3186882087 2.40309403297 2.48184937725 1.61855763096 1776585367.82
-0.0219073243138 -0.0636961253115    0.23036353894 0.240009348383  2.81380857272 0.400910138368  10.2556897398  3.44055457539  2.48620555575 0.170931407572 1776585367.84
 0.0490570853811 -0.0186524651416   0.221389648719 0.227525577995  2.26385747846 0.606941041966  10.2154722889   3.24915754435   1.88018729665 -0.805216728906 1776585367.86
 0.120136570169 0.0185002970925  0.195161761705 0.229919920225  1.88109564762 0.698519384575  10.2677315342  2.87228002059  1.39364367142 -1.35932409203 1776585367.89
 0.179467910567 0.0446234758887  0.159671927861 0.244325827678  1.83889414269 0.865169334395  10.4756656914  2.75380502046  1.12926566102 -2.03575757348 1776585367.91
 0.218523141559 0.0588461370306  0.122429231135 0.257301667069  1.13643952681 0.696556468761   10.479107707  1.46784197774 0.483844498336 -1.92552877424 1776585367.92
 0.233104652376 0.0623037458542 0.0893107505159 0.257285728063 0.384874723643 0.448532743972  10.3535494037   0.128489950377 -0.0352495277662   -1.52917301145 1776585367.94
 0.223446578406 0.0574954568928 0.0638348684688 0.239392964386 -0.293636347755  0.184629851204   10.0825999156 -0.913284598476 -0.342695134935 -0.977547249677 1776585367.96
 0.193516177288 0.0474488169142 0.0469366592344 0.204702103259  -0.868923847484 -0.0122419882843    9.75563822942  -1.64086502075 -0.502740725926 -0.592360177256 1776585367.99
 0.149752275986   0.03491643508 0.0372308702773 0.158212007456  -1.68357896555 -0.202705336053   9.25829202765  -2.53629130593 -0.692238859797 -0.412184165066 1776585368.01
0.0995550279355 0.0218036716817 0.0316666081154 0.10672102771  -2.14984717471 -0.332521310133   8.76413916878  -2.64629454056 -0.687823860623 -0.286315805819 1776585368.02
 0.0498464399023 0.00894894853591  0.0264215595502 0.0571213625529  -2.49806032312 -0.421996585676   8.31775591183  -2.48607616081 -0.678184690811  -0.36679191055 1776585368.04
 0.00596347477388 -0.00372746833085    0.017858252146 0.0191930774303  -2.30051926187 -0.414413599959   8.26637825392  -1.81302136888  -0.59227798072 -0.530354753881 1776585368.06
-0.0289554863792 -0.0167940716932 0.00336999659799 0.03364250158  -2.09236989067 -0.413834243817    8.3321703837  -1.27543597094 -0.574501175794 -0.762622934192 1776585368.09
-0.0540494357374 -0.0307593918747 -0.0180253382077 0.0647487027634  -2.41171098678 -0.556006808244   8.13312090135  -1.11588888771 -0.776260121411  -1.31572118244 1776585368.11
-0.0703497287016 -0.0455896802209 -0.0454370863063 0.0953521477631  -2.09378658127 -0.611134879415   8.51594145372 -0.739102616191 -0.842803911817   -1.6523537466 1776585368.13
-0.0800862006108 -0.0604492979927 -0.0762336912095 0.12601385968  -1.45223133681 -0.603378205953   9.20508289321 -0.427098335518  -0.77427806879  -1.67990308671 1776585368.14
-0.0858812752517 -0.0737465117234  -0.106527216661 0.155441916225 -0.668469965808 -0.498423214854   9.92128338039 -0.231024880525 -0.535162494363   -1.2945542365 1776585368.16
-0.0900245627962 -0.0834712282928  -0.131923575528 0.180210148547 -0.0900823547251  -0.420693686333    10.4590868335 -0.173717981965 -0.299918585949 -0.898739810196 1776585368.19
-0.0939752258069 -0.0877204606365  -0.148401727886 0.196339744115  0.475315511211 -0.424036484382   11.1201986753  -0.213444114469 -0.0465981689757  -0.556491821982 1776585368.21
-0.0981672167068 -0.0852488962495  -0.153153115268 0.200898117124 0.966820937813 -0.30359992636  11.4491406971 -0.219952182223   0.32021271561 0.0863194630929 1776585368.23
 -0.102112656934 -0.0758737542623  -0.145208221558 0.193052451162  1.28318260723 -0.14152476463  11.4656819724 -0.179521129147  0.673933743221  0.750626025859 1776585368.25
  -0.10473099052 -0.0606080716475  -0.125708215186 0.174483449328   1.27190574419 0.0329974779343   11.0618423405 -0.0671239028631   0.861972322287    1.18949917472 1776585368.26
 -0.104790920989 -0.0414807975229 -0.0977468442025 0.149185251404  1.04444385469 0.163396315415  10.4912130607 0.0744284028671  0.868259472401   1.31653340968 1776585368.29
 -0.101344193542 -0.0210987117194 -0.0658005562499 0.122660158175  0.98053974131 0.316545846775    9.991389388 0.273594326124  1.00363239161  1.60195255643 1776585368.31
 -0.0940508715785 -0.00208282597729  -0.0348615868477 0.100325644011 0.701587776082 0.431915331059  9.32498323391 0.494119186023 0.947989131643  1.54565694784 1776585368.32
 -0.0833339474936   0.0134547280065 -0.00946260637112 0.0849418473424 0.275905577829 0.431801270634  8.81205623313 0.597002209039 0.663099283506   1.0589893915 1776585368.34
-0.0703441717484  0.0242485601275 0.00719042443032 0.0747529087776 -0.0849957328053   0.424333226817    8.39298510644  0.67426959897 0.418574247977 0.589813464226 1776585368.36
-0.0567538321675  0.0299551779761  0.0137881970523 0.0656385902593 -0.368883025658  0.345471793364   8.30287719077  0.602718337911  0.156467542456 0.0903965608068 1776585368.38
-0.044425856572 0.0309770348149 0.0110776905154 0.0552806353549 -0.628829198841  0.294814640488   8.19273739571     0.5301179567 -0.0446054765927  -0.297315425198 1776585368.41
-0.0350217087771  0.0281265817006 0.00159978610604 0.0449464570285 -0.896060432364  0.245853945133   8.14168994989  0.402820866318 -0.237041151426 -0.598212220417 1776585368.42
-0.0296200453542  0.0222645106328 -0.0109097931138 0.0386274398102 -0.970260570365   0.16222773171   8.47788949102    0.1704008278 -0.363561659859 -0.616945201004 1776585368.44
-0.0284193381029  0.0140399785291 -0.0223044457881 0.0387591031529 -1.01810134978 0.108753252439  8.81618158146 -0.024614017042 -0.467971076129 -0.454216892406 1776585368.46
-0.0305907145019   0.003809778728  -0.028822120186 0.0422021425962 -0.909002685786 0.0740816533608   9.23424397956 -0.131479337256 -0.496120077672 -0.120935153112 1776585368.48
 -0.0343294608045 -0.00826109626291  -0.0277405972682 0.0449032106579 -0.944510482792 0.0833935133723    9.5000589524  -0.15539954244 -0.613644632418  0.262390237189 1776585368.51
-0.0371229502503 -0.0219848365055 -0.0177925195805 0.0466692642376 -0.962437127138  0.124996337214   9.77337194618 -0.0497565992714  -0.758245450306    0.75218840035 1776585368.53
 -0.0362106672587  -0.0369289766226 0.000698277057337 0.0517247458047 -0.841628820849  0.185574881375   10.0535248828  0.219291963545 -0.835127823275   1.20523264299 1776585368.55
-0.0291652261513 -0.0522901732703  0.0259432776325 0.0652527876141 -0.582163410334  0.242084121964   10.2811545208  0.575940594188 -0.795066780821   1.44010868847 1776585368.56
 -0.014483461916 -0.0669226589266  0.0550259933287 0.0878423183249 -0.236570325239  0.248435660333   10.3682430346  0.807061249748 -0.592127752511   1.27090099194 1776585368.58
0.00794266159692 -0.0795156288099  0.0843780635461 0.116213074592 0.0465778316535  0.318479920619   10.6054367249   1.24511833965 -0.534621643092   1.34788212375 1776585368.61
 0.0365941570452 -0.0888540687411   0.110319219145 0.146302795511 0.396031257695 0.356892140053    10.82342693   1.59205410159 -0.383115577308   1.19038192256 1776585368.62
 0.0684071053075 -0.0940659322422   0.129587444734 0.174128795717 0.723123664538 0.338017097921  10.9637657653   1.69012515239 -0.159668768195  0.795906781837 1776585368.65
 0.0991766396615 -0.0947663338155   0.139790304329 0.19585196722 0.96843184554 0.26867449662    11.0311827   1.53080380243 0.0826702189156  0.277820676162 1776585368.66
  0.124217903919 -0.0910519007042   0.139716367711 0.207945184321 0.835626839469 0.118138533256  10.7279895465  0.854497590794  0.243821590937 -0.220768280706 1776585368.68
 0.139159705666 -0.083357600931  0.129460266147 0.207542462704   0.872897292531 0.00387109971352    10.6826024757  0.387161224275  0.441467523698 -0.689439955798 1776585368.71
 0.140715185825 -0.072240579389  0.110338721927 0.192857715398 0.826281661285 -0.15629851324  10.5612950505 -0.333898703767  0.707435573787  -1.26032357754 1776585368.72
 0.127276750684 -0.058181027973 0.0846072368731 0.16353222255  0.446585113587 -0.293101441715   10.1305312679  -1.1315430498 0.838769208276 -1.50834003258 1776585368.74
 0.0992180294825 -0.0414803383386  0.0550232638367 0.120798987605 -0.0132560330833  -0.387688154397    9.62642242302  -1.8324775612 0.960924786669 -1.61402414124 1776585368.76
  0.058845621131 -0.0222967312373  0.0243339230547 0.0674691867551 -0.430236581828 -0.357936514147   9.19828747691 -1.99382702716 0.909184913296 -1.34639875061 1776585368.78
   0.0100152355329 -0.000803873741597  -0.00521392258357 0.0113197236927  -0.73970817894 -0.294879639299   8.87803757127 -1.99406300084 0.883169567736 -1.11315007542 1776585368.81
-0.0425047699039  0.0225913094126 -0.0322431235966 0.0579365320401   -1.4205010783 -0.307493361311   8.09909583482 -2.77219347955  1.27829708668 -1.36747645045 1776585368.83
-0.0937897388144  0.0470620480527 -0.0564191717505 0.119140565782  -2.12594834336 -0.206714963753   7.32157064396 -3.22806075018  1.62106540867 -1.53613527261 1776585368.84
 -0.139482724503  0.0712916343972 -0.0783919628703 0.175166285034    -1.81791631395 -0.00212103576451     7.73688032723 -2.21159957228  1.24585120149 -1.15468048998 1776585368.86
 -0.176349083924  0.0935698610348 -0.0995235683413 0.223067834862  -1.4486223472 0.129649045277  8.20080297196  -1.42832046032  0.922834007614 -0.975267350196 1776585368.88
-0.202570138253  0.112052242732 -0.121468496847 0.261428693412 -1.18574879024 0.234255899493  8.51581653695 -0.94856876074 0.722976276771 -1.05818178612 1776585368.91
-0.217748372832  0.125123402533 -0.145706802804 0.290345814704 -0.844947497215  0.346872930136   8.84550976661 -0.53920290948 0.529084735875 -1.38666199676 1776585368.92
-0.222662539836  0.131767609245 -0.173139897742 0.3113177375 -0.117879265272  0.382456456536   9.45097630068 -0.0302407866043    0.18235752212   -1.57846506807 1776585368.94
-0.218862139443  0.131839620668 -0.203841589852 0.326854272441 0.756396332025 0.402965655834  10.0007431495  0.393698035278 -0.153057579422  -1.74065686825 1776585368.96
-0.208214944266  0.126150832405 -0.237017042675 0.339771355547  1.40164104752 0.378557916928   10.259757218  0.592871591258 -0.348927024904  -1.51500921054 1776585368.98
-0.192514483463  0.116333043274 -0.271169729831 0.352318358416  2.17793573271 0.505259101647  10.3041716637  0.790428634091 -0.489013610819  -1.52259874777 1776585369.01
-0.173221884309  0.104501714616 -0.304424000082 0.365513886723  3.46382242797 0.911111457113   10.097705701   1.11897833444 -0.640123648124  -1.73357060343 1776585369.02
-0.151370332564 0.0927960871401 -0.334912063625 0.379064877996 4.14564515165   1.401976039 9.44160015277    1.2375112626 -0.585884640869  -1.53841228141 1776585369.04
-0.127615198809 0.0829097846169 -0.361119956884 0.391876631878 4.54478381842 2.05070099073  8.5460300769   1.30108782746 -0.453179139796  -1.25329038029 1776585369.06
-0.102380512462 0.0757325468746 -0.382102167913 0.40276451521 3.97079257943 2.38251875592 7.93071092924   1.12623229615 -0.255715031815 -0.794741486374 1776585369.08
-0.076038894506 0.0711992020479 -0.397515493474 0.410937717181 4.10546006558 3.20835053025 7.11063255205   1.18024891469 -0.162506652472 -0.561754600453 1776585369.11
-0.0490666181008  0.0683918389994   -0.40747759936 0.416080485765 5.02667746798 4.96547352053 5.76257704414    1.4775844632 -0.145865661908 -0.405475169803 1776585369.13
-0.0221328121203   0.065877647454  -0.412308270776 0.418124187242 4.90604712786 5.89917592319 5.48889181863   1.46183696431 -0.170816611951 -0.131612182401 1776585369.14
0.00389481711846  0.0622032604171   -0.41224582608 0.4169304934 4.65918180742 6.50879111673 5.88138594328   1.36749883092 -0.257837139866  0.138253004845 1776585369.16
0.0280214793094 0.0564212305549 -0.407237713245 0.412081440554 3.75668249276 5.76105703924 7.33052250242   1.03255900343 -0.311839323843  0.349811531407 1776585369.18
0.0492468194362 0.0485066700133 -0.396881422369 0.402856065714  3.6943174182  5.8217297214 8.59343521087  0.883105827367 -0.385533661794  0.609506421225 1776585369.21
0.0666942474129 0.0395380287499 -0.380546347663 0.388364392131 4.42688684352 6.67135112572 10.2760931031  0.831650832557 -0.462651797945   1.07129643114 1776585369.22
0.0797007997324  0.031564958195   -0.3576519295 0.367781819479 4.43959480574 5.95077112304 12.3172767239  0.565315117121 -0.331066942521    1.4047235765 1776585369.24
0.0878298934643 0.0271603061231 -0.328027426068 0.340666647424 4.57494725271 5.09071982773 14.2363488572   0.294067599007 -0.0749514138736    1.73354770959 1776585369.26
0.0907956133826 0.0287371323054 -0.292247278132 0.307372961983 4.07252802514 3.52413043556 14.9373792342 0.0111679048301  0.239651598306   1.71879763888 1776585369.28
0.0883249786771 0.0377843188045 -0.251831281158 0.269532838028 4.21838730095 2.65243579667  15.798456321 -0.241844910694  0.571843010073   1.86350973992 1776585369.31
  0.08002068705 0.0542144776407 -0.209222251432 0.230470107468 5.05928428411 2.11588889842 17.1737196093 -0.604231080982   1.00332856276   2.21340284137 1776585369.32
0.0653040600761 0.0760106628316 -0.167501679047 0.195189788693  5.1580538487 1.21558181505 16.9558134076 -0.976813670332   1.20606453654   2.12269208941 1776585369.34
0.0435036852556 0.0993017467715 -0.129867965971 0.169171794718  5.12927426409 0.376767677632  16.1169639172 -1.41186713211  1.18287404542  1.88997653897 1776585369.36
 0.0141089038862    0.11890239119 -0.0989699865755 0.155344449667   3.90301680148 -0.331497898277   13.7168095745 -1.52184010806 0.686685510536  1.22974268692 1776585369.38
-0.0228573768903   0.129245220858 -0.0762440468494 0.151789134897   3.27173704936 -0.888463368469   12.0700211424 -1.83370132135 0.151011805909 0.854570195921 1776585369.41
-0.0664509399119   0.125536779983 -0.0614262270239 0.154752679815  2.92280248433 -1.66649173166  10.4604343915  -2.53659281593 -0.673364419581  0.659969335224 1776585369.42
-0.114535800331  0.104908248838 -0.052391204646 0.163917749362  1.47939160423 -2.05756646703  8.51264637016 -2.56648208518  -1.5356683922 0.422686793788 1776585369.44
 -0.163744400517  0.0673207132969 -0.0454024795148 0.182772241562 -0.0835698512455   -2.43502250852    6.84711850279 -2.51680950766 -2.35024966534 0.439701533573 1776585369.46
 -0.209718189241  0.0160249316852 -0.0357622773293 0.213348207899  -1.6872880368 -2.51935401233  5.87201802938 -2.06400025235  -2.7044633876 0.656150200024 1776585369.48
 -0.247590670839 -0.0425432113877 -0.0187475665706 0.251917717467 -3.07150139499 -2.48852017728  5.49099490373 -1.43215852082 -2.63009440121  1.02777698403 1776585369.5
 -0.272596113038  -0.099447533781 0.00936155634032 0.290320670217 -4.92792796132 -2.88449861347  4.78771071593 -0.832378588814  -2.56547476489   1.74090556799 1776585369.52
-0.280648629487 -0.144431174185 0.0503925879817 0.319630146001 -6.32895887676 -3.14888279721  4.90132676967 0.0994544447113  -1.76014315575   2.44391996235 1776585369.54
-0.268755159157 -0.167424673512  0.103746316029 0.333202123288 -7.26165899984  -3.5736736119  5.54587249946   1.20016346908 -0.415473707844   3.06220112569 1776585369.56
-0.235195947332 -0.160166026039  0.166364501847 0.329617106675 -6.77159201407 -3.86181375379   6.9894418537 2.13339137925 1.18860196019 3.09508075324 1776585369.58
 -0.17950000444 -0.117696877251  0.233235876256 0.316972838712 -5.97008170438  -4.5849878537  8.40566215931 2.96155246275 2.68933469169 2.94168336388 1776585369.6
 -0.102321976562 -0.0395054658392     0.2983470192 0.317870119049  -5.7975738151 -6.81865513356  9.77701895165 4.37901928052 4.71692669639 3.08368776337 1776585369.63
-0.00535629479178   0.0698846473845    0.355867176122 0.362703737057 -4.81105854178 -9.73454892342  11.4871264861 5.74142326343 6.54714237504 2.80185011486 1776585369.64
0.108611440843   0.2010291633 0.401283833412 0.461776877439 -3.01514642729 -12.0818625055  12.9619987835 6.32584328401 7.10594770424 2.00485860973 1776585369.66
0.235506032818 0.340450171548 0.432204020016 0.598472827887 -1.24413114753 -12.8398538096  13.6135197197 5.90054483539 6.12927505571 1.06955714856 1776585369.68
0.369716244534 0.472255499992 0.448612769486 0.748978488136 -0.184818084192  -14.8702245238   14.3002778601  5.97830532951  5.34131870869 0.452401993001 1776585369.71
0.503980047876 0.580318361677 0.452520509855 0.891930547406 0.428505105006 -19.8660474765  15.6015779962    6.95273543789    4.77439331325 -0.0404812243699 1776585369.73
0.629594437802 0.650711982233 0.447099668988 1.00980857292 0.333409284896 -22.3419135184  15.8776591353  6.70244031225  2.69347960551 -0.48771061219 1776585369.74
 0.73707351488 0.673990587061 0.435559201407 1.08961116721 -0.649184510407  -21.1455228923   14.9768900497    5.2229417247 -0.106873395275 -0.751840077116 1776585369.76
0.817244345229 0.646872233719 0.420087550472 1.1237462154 -2.07136031881 -16.6663649154  13.2828816589   3.04974858746  -2.45476087782 -0.835146816033 1776585369.78
 0.86261530724 0.572941247557 0.401180686207 1.11054616492 -3.73586557856  -12.615757139  11.7870139679   1.16050016743  -4.16343380808 -0.958517224812 1776585369.8
0.868731236417 0.462156824397 0.377561859015 1.05396197695 -6.41338401945  -9.9760229549  10.4760676413 -0.696846751466  -6.19267614274  -1.38358588638 1776585369.82
0.835188051343 0.329203133117 0.346724001029 0.962357166986   -8.810839466 -5.41532217877  8.89401259464 -2.73308711484 -7.21671126125 -1.90613895223 1776585369.84
0.766033515497 0.190983690162 0.305937312147 0.846687519535  -10.3347930773 -0.383722433773   7.48413072224 -4.41578721653 -7.07044641967 -2.48531844995 1776585369.86
0.669414316457 0.063770436108   0.2534222857 0.718613282989 -10.2077982665  3.77846971511  6.66890041374 -5.18664777847 -5.70281012698 -2.88627066124 1776585369.88
  0.556501454986 -0.0394004823604   0.189336712941 0.58914739945 -8.83374128147  6.20135784995  6.48979663404 -5.08911162729 -3.86538477792 -3.04075618574 1776585369.9
0.439885809309 -0.11056568827 0.116278461978 0.46823602742 -8.31496030076  8.54032751003  6.08541663383 -5.39702111859 -2.59776762591 -3.60648980303 1776585369.92
 0.331742240388 -0.147584645157  0.039144264593 0.36519366779 -7.07637021939  10.2000062268   5.9008355802 -5.33866205316 -1.16558276533 -4.10036793254 1776585369.94
  0.242093424744  -0.153749428366 -0.0356362954827 0.288994910998 -4.31098060985   9.6519930422  6.44349717283 -4.22889916792 0.305108509303  -3.8499164904 1776585369.96
 0.177467169153  -0.13645393829 -0.101305085751 0.245717304643 -1.06911020974  6.80674785068  7.60753559553 -2.38583264409  1.13397612196 -2.72619840495 1776585369.98
 0.140153399896 -0.105297767544 -0.152119207153 0.232100944713 1.26681774692 4.60216206299 8.41637993066  -1.0766304377  1.44943232243 -1.81644382085 1776585370
  0.128154446466 -0.0700658336376  -0.184503356279 0.235317384973 3.44350411811 3.16437876226 8.92664948589 -0.105954757398   1.61604481938  -1.11159797827 1776585370.03
  0.135805654158 -0.0389850115254  -0.197732499952 0.243024995344 5.33614626815 1.74520038498 9.42597222567  0.730536471536   1.43261201662 -0.258720111954 1776585370.05
  0.154937623088 -0.0175429245609   -0.19398864103 0.248887553122  6.12335976028 0.701379893475  9.85846816049  1.14104568355 0.871565156734 0.560857440025 1776585370.06
    0.17636860204 -0.00800180678759   -0.177794620657 0.250561050109  5.31477597749 0.475587866023  10.1105004481    0.927376591 0.201915967763 0.990261253507 1776585370.08
  0.191467952223 -0.0095892444362  -0.154981219589 0.246517968438 3.96172829713 1.01470749303 10.2150847455  0.384109257111 -0.251213495611   1.03735713596 1776585370.1
  0.193529275506 -0.0192251571461  -0.131449090711 0.234738259757 2.98695907315 2.28291272734 10.3358950541 -0.293034859584 -0.528896429764  0.988948976681 1776585370.13
  0.178737230015 -0.0325668298795  -0.112016929547 0.213437082783 2.13346794339 4.68053358342 10.5854192824 -1.28795950556 -0.71081649804 0.874036967871 1776585370.15
  0.146596165548 -0.0451272361467 -0.0995992748246 0.182884987741 0.873328112417  7.18150457346  10.8482118572   -2.2917298202 -0.600234793996  0.498244409388 1776585370.16
  0.099792477479 -0.0532435199753 -0.0948535705611 0.147616431433 -0.159809978869   7.93273365573   10.9541896421  -2.57715460994 -0.240241713575 0.0822033729693 1776585370.18
 0.0435629214334 -0.0547319696096 -0.0963128285395 0.119035614681 -0.601675338051    7.9287703151   11.0455966036  -2.47473226106 0.0880870436118 -0.130311966969 1776585370.2
-0.0152824924172 -0.0491474753036    -0.1009130728 0.113280524209 -0.814922759881   9.37560897048   11.4597381565  -2.69251248526  0.406769633196 -0.201118759385 1776585370.23
-0.0694951482439 -0.0376517927175  -0.104757765689 0.131230417954 -0.775769053497   10.9701158691   12.0496845973   -2.75136574262   0.752231170314 -0.0857529233514 1776585370.24
 -0.112492993165 -0.0225698496496  -0.103942871598 0.154816640515 -0.34143567769  10.1804937999  12.2838529826 -2.02914278969 0.898081675171 0.275282974074 1776585370.26
  -0.139282634998 -0.00676443312497   -0.095290069771 0.1688952556 0.198694014052  7.32751731774  12.0148417359 -0.88920818198 0.760398617661 0.695295269505 1776585370.28
 -0.147095821441 0.00702045700855 -0.0768860098876 0.16612623519 0.541611753555  4.14916737803  11.4893269794 0.0745204045288  0.486964835164  0.973084399181 1776585370.3
 -0.135690386436  0.0167096574899 -0.0483826347513 0.145024042731 0.879023692012  2.33320702154  11.4002135837 0.887137519245 0.317095911793  1.46775587652 1776585370.33
 -0.107309508814  0.0212415634386 -0.0110601453559 0.109949358864 1.27476262806 0.28586222813  11.464875246  1.95746519059 0.111589202523  2.27741030068 1776585370.35
-0.0663258163402  0.0206639229847  0.0323194830686 0.0766202363096  1.25274535263 -2.14280798911  11.1430874354  2.61225209906 -0.15454698503  2.61833801438 1776585370.36
-0.0186220682627  0.0159946056307  0.0778339154728 0.0816132785365 0.846150550881 -3.54021169487  10.6903206211  2.50428824936 -0.30812769987  2.32088948793 1776585370.38
 0.0292177374773 0.00890824131241    0.12086601111 0.124666056279 0.345026474073 -3.57003436337  10.3444433296   1.86704323395 -0.305998765535   1.64606907996 1776585370.4
 0.0708123466737 0.00133676586072   0.156683308156 0.171947185029 -0.0386870166806   -3.92782423232     10.302784535   1.57457304995 -0.303976702206   1.32338214711 1776585370.43
   0.100870634913 -0.00492459512956    0.181088155302 0.207345259448 -0.55351411042 -4.61231812242  10.5018725134   1.29594539371 -0.283387890684  0.987386115972 1776585370.45
   0.115941594388 -0.00853176901736    0.191067467268 0.223656033766 -1.02726178312 -3.82884809698  10.7316568835  0.437919972286 -0.120330358424  0.132597534752 1776585370.46
   0.114911039756 -0.00878257616275    0.185339441351 0.218248457548 -1.13493157623 -2.07868471242  10.8454609914 -0.471710862786 0.0803591340194 -0.741501992783 1776585370.48
  0.0991534361997 -0.00567179278989    0.164677460733 0.192307668118 -0.873755549499 -0.524850102529    10.751326648 -0.921373009962   0.19366670344  -1.15518965942 1776585370.5
  0.0722928282676 0.000175498836333    0.131906014627 0.150417686837 -0.720683912061  0.366911269382   10.8352491177 -1.29660455957 0.290260728592 -1.59259030921 1776585370.52
 0.0395896873789 0.00766227811303  0.0915166435411 0.100006749261 -0.573292091474   1.21025086727   11.1191090086 -1.88128884139 0.439886619591  -2.3921060394 1776585370.54
0.00704007104136  0.0154330255722  0.0489354939843 0.0517921176441 -0.100774751115   1.45743235902   10.9651767748 -1.84265907992 0.449154354099 -2.54842774497 1776585370.56
 -0.019665037296  0.0221058167354 0.00956638696495 0.0310949607646 0.370411672817 0.840124961697  10.4061364449 -1.16659596147 0.298795532592 -1.92196441455 1776585370.58
-0.0361342016663   0.026491078432 -0.0221940302975 0.0500003274729   0.562167264509 -0.0416577920237    9.83126527372 -0.411943703054  0.114573435199   -1.0781423844 1776585370.6
-0.0400347367908  0.0277712181672 -0.0437453549553 0.0654803542183  0.751127193446 -0.954339768098   9.31666245992  0.0963234182934 -0.0179420517106   -0.67023951453 1776585370.63
-0.0314646457721  0.0256212856567  -0.054685826488 0.0680956227003  1.05529346287 -2.59216765052  8.41917604384   0.75497833657 -0.208787853948 -0.360630283417 1776585370.64
-0.0128587466097  0.0202557486577  -0.056726502316 0.0615917103437 0.966760908167 -4.02734077134  7.58784052042   1.28817894453 -0.396155594397  0.046316904508 1776585370.66
 0.0115535427577  0.0123918379008 -0.0531390931411 0.0557745929315  0.54839563764 -4.35089710996  7.30703752739   1.32835887234 -0.459763042547  0.237461496195 1776585370.68
 0.0366248940631 0.00312878871799 -0.0478806553118 0.0603633111837 0.0960657619668  -3.53614038568   7.64074655011  0.948917011959 -0.386419955455   0.17666436015 1776585370.7
   0.057315674153 -0.00624351224303  -0.0446193410868 0.0729037279415 -0.25920660894 -3.32595136413  7.55380135281  0.697980831323 -0.372005771624 0.0418456256764 1776585370.73
 0.0696555993357 -0.0144757248314 -0.0459003852719 0.0846657811416 -0.745251991895  -3.36476415529   7.10497597453  0.384661544236 -0.390240122109 -0.218185334877 1776585370.75
 0.0714523828266 -0.0205852394098 -0.0526378772836 0.0911040131832 -1.19604417985 -2.29482717044  7.20439509648  -0.21921218926 -0.297816725996 -0.564822337727 1776585370.76
  0.062624331822 -0.0240282459644 -0.0640171559117 0.092721948811  -1.2262103042 -0.39626692843  8.08680657204 -0.738146542079 -0.117523798416 -0.704838354579 1776585370.78
 0.0451212567377 -0.0247775423986 -0.0777808353939 0.0932722508117 -0.907872486279   0.97403776452    9.0510867936 -0.843832523106 0.0155916442519 -0.562667215522 1776585370.8
 0.0224824222614 -0.0232865367315 -0.0907837664176 0.0963816079377 -0.793098105703   2.10180154894   9.58250950906  -0.97411526137 0.0938674697001 -0.463539809549 1776585370.83
-0.000857878029303   -0.0203469116398   -0.0996603400257 0.101719792283 -0.794412845208   3.88694288691   10.1415521438   -1.2151505716  0.181812424827 -0.302537495294 1776585370.85
-0.0203764882539 -0.0168739302378  -0.101454400775 0.104847156527 -0.520657462093   4.77764310012   10.7073687917 -0.966849805675  0.205644546133  0.171170801397 1776585370.86
-0.0322390316833 -0.0136722833135  -0.094104629937 0.100409002935 -0.147069820476    3.6958069701   10.8027184363 -0.330609070708  0.137393757573  0.602924708671 1776585370.88
-0.0339310294622 -0.0112409651628 -0.0767352731607 0.0846520891958 0.0622578063722   2.66813429151    10.782775778  0.157393665453 0.0831888830788  0.920849383779 1776585370.9
-0.0246583028362 -0.0096655631961 -0.0497527211902 0.056363004502 0.208818044579  2.07531958068  10.9247887961  0.645988699385 0.0594177157442      1.40623255 1776585370.93
-0.00547000476647 -0.00862313442242  -0.0147793606631 0.0179641003399 0.341784249943  1.34009402073  11.1921003938   1.26790902405 0.0603905584352   2.09508566993 1776585370.95
  0.0209048198297 -0.00749538980853   0.0255355239155 0.0338416214465  0.38319131732 0.230146329758  11.3537265207   1.70249775557 0.0932516071327   2.51267713155 1776585370.96
  0.0504798234126 -0.00555857155918   0.0677956990217 0.0847075385983  0.302646696855 -0.609885872101   11.2994362151  1.59334151648 0.146157272046   2.2818968687 1776585370.98
  0.0786317220389 -0.00220009908567    0.108208846633 0.133779455211  0.179188905256 -0.733784666504    11.073060796    1.061020048 0.178106786095  1.58468607006 1776585371
   0.10082832991 0.00289311669469   0.142993690845 0.174991193659 0.133625300052 -0.58989979388  11.2365244174 0.729409193667 0.248312227674  1.27322944248 1776585371.03
   0.11335510029 0.00962075466918   0.168820678668 0.203573965005   0.154131614454 -0.0946104388811    11.9208700527 0.364303624743 0.405019400051  1.11951903745 1776585371.05
 0.113926067627 0.0174547008024  0.183243542141 0.216476352523 0.201391917102  1.01295318342  12.2331395932 -0.337202548513  0.475459388533  0.485448069743 1776585371.06
 0.102077320638 0.0255225509062  0.185056547545 0.212878147734 0.282701701477  2.09129169715  12.0323719715 -0.958884637586  0.423573453726 -0.241907875354 1776585371.08
0.0792710958672 0.0327630345704  0.174500769278 0.194442386204 0.339124460987  2.41155856216  11.3402478752   -1.1470039543  0.270464835778 -0.683185157496 1776585371.1
0.0486834254724 0.0381128920584  0.153253765575 0.165255514642 0.475299415409  2.81794689632  10.9068345089  -1.3476792959 0.165306959572 -1.05041163537 1776585371.13
0.0147015652401 0.0406831627652  0.124173820969 0.131492941131 0.808935123008  3.68747714918  10.4750327811  -1.78676106368 0.0478323120106  -1.67804102365 1776585371.15
-0.0177900037066   0.039892412482   0.090825081957 0.100782361145 1.08619220435 3.45084540497 9.51447717997  -1.75813946745 -0.153471164525  -2.00850778271 1776585371.16
-0.0442144734087  0.0355402755097  0.0568678282748 0.0803242225907 1.15768475628 2.05173057037 8.44231530343  -1.24441837863 -0.347190997727  -1.88059197002 1776585371.18
-0.0610560720028  0.0278212395731  0.0254404637215 0.0717571076212 0.878637452966 0.199924834524  7.99439047867 -0.483163844988 -0.397018480396  -1.26607417896 1776585371.2
 -0.0664235392023   0.0172909597882 -0.00132842343534 0.0686500441324 0.752731292505 -1.31316039209  7.45023416569 0.0154541813277 -0.481646371905  -1.00446455187 1776585371.23
 -0.060317479051   0.004802186799 -0.0225653427747 0.0645790521118 0.739206454182 -3.71203031327  6.18722621618 0.602761861595 -0.71287410426 -1.02721470254 1776585371.25
 -0.0445520837141 -0.00857596251302  -0.0386013202041 0.059569264036 0.391763211446 -5.70515153779  5.83740945514   1.10171790546  -0.76763234083 -0.815009543646 1776585371.26
-0.0223529933986 -0.0216499266189 -0.0506500439246 0.0594457953605 -0.0749339751702    -6.6870814976    6.22967533017   1.30577692954 -0.686783010091 -0.605377078664 1776585371.28
0.00227751597517 -0.0332063359776 -0.0603122002278 0.0688869314485 -0.449561331937  -5.84344491307   7.38470499885   1.07747024274 -0.463206828369 -0.416079067088 1776585371.3
 0.0252883420573 -0.0421310415679 -0.0690473616648 0.0847470534029 -0.74953827801 -5.20548658505  8.21952934676  0.854036103359 -0.298715271151 -0.363590021703 1776585371.32
 0.0432481195521 -0.0475365790535 -0.0777546743634 0.10087574326 -1.27959318276 -5.62430318853   8.7747117155  0.746444594341  -0.17654027825 -0.458024363492 1776585371.35
 0.0538295029681 -0.0488812605755 -0.0865604459025 0.113047352114 -1.67926255041 -4.66224218935  9.76646074667  0.375298708836 0.0434383972089 -0.501258668948 1776585371.36
 0.0560411735599 -0.0460558658284 -0.0948414084042 0.119401208785 -1.72830879162 -2.54585804292  10.7855571214 -0.104254986605  0.272410018887 -0.428237924309 1776585371.38
0.0502065692054 -0.039414821733 -0.101442013537 0.119852867609  -1.29353794359 -0.276174575456   11.2383125774 -0.412859291081  0.368200346038 -0.229113279189 1776585371.4
0.0377438948403 -0.029737801777 -0.104995350966 0.115468446671 -1.03191571664  1.26725876365  11.5660557552  -0.609699054128   0.441955046022 -0.0581291825822 1776585371.42
 0.0208314965215 -0.0181215927014  -0.104242655841 0.107837260101 -1.02104715101  3.28701466296  12.3859534303 -0.94843518343 0.635480317219 0.178779269041 1776585371.45
 0.00204266954392 -0.00581689882777  -0.0982656987198 0.0984589069396 -0.737054860422   5.02120421772   12.7821768885 -1.08715678071 0.711120376537 0.521241549707 1776585371.46
 -0.015988669429 0.00596285467504 -0.0865890839725 0.0882545333067 -0.259743855054   4.72698872377   12.1361530886 -0.789632950096  0.529302877569  0.698900206507 1776585371.48
-0.0308421989725  0.0162263245865 -0.0691594647483 0.0774439565836 0.059454070227  4.59054530044  11.7790395821 -0.553036514894  0.414401808388  0.909267140908 1776585371.5
-0.0405240952568  0.0243477615642  -0.046249511643 0.0661364734226 0.347226986261  4.68100123462  11.6132488518 -0.311018345844   0.33837331937   1.23547054083 1776585371.52
-0.0436319570046   0.030140979259 -0.0183542004156 0.0561168689045 0.607803125046  4.37769338173   11.362672395 0.0272122019365  0.248504641629   1.57229833537 1776585371.54
-0.0394837808343  0.0338480204322  0.0138589881658 0.053821268929 0.819222744563  3.78701527346  11.0847202331 0.437640037891 0.167487613757   1.9259477692 1776585371.56
-0.028210280941 0.0360429523428 0.0495128593604 0.0674272764273 0.873178831325  2.73396978239  10.7324589303 0.814729511345 0.102823382042  2.08855614257 1776585371.58
-0.0107941330078  0.0374688130733  0.0874047961446 0.0957080124629 0.651885814968   1.3809167347  10.3380991961  0.889927346835 0.0635723887438   1.73417011061 1776585371.6
0.0109702061658 0.0388418293145  0.125862496105 0.132175644706 0.474541573596 0.636923095391    10.17976053 0.941623965694 0.066319583135  1.56008658087 1776585371.62
0.0346205520671  0.040667417922  0.162648039032 0.171192307382 0.363642639277 0.209677129731  10.2322742032  1.21066094447 0.111636735915  1.80697206948 1776585371.65
0.0572840118704 0.0431124899981  0.194988169748 0.207751127919 0.0843211930142 -0.209270477715   10.3203184193  1.21358521282 0.155280961569  1.67434346747 1776585371.66
0.0760304948104 0.0459659133715  0.219779970427 0.237058509095 -0.255451837298 -0.478041666502   10.4061845637 0.915477282362 0.164931084859  1.15141542508 1776585371.68
0.0882778964566 0.0486963041541  0.233969843552 0.254766961619  -0.47655352439 -0.545254553029   10.3833797765 0.408968298981 0.117099061848 0.386548222177 1776585371.7
 0.092182596716 0.0505907118822   0.23504659694 0.257495541707  -0.56632533457 -0.567276829314   10.3126817868 -0.029272597135 0.0491257846205  -0.27233864665 1776585371.72
0.0869425165072  0.050937362147  0.221546088785 0.243385056023 -0.656764953053 -0.728895395163   10.2632724112  -0.446132008991 -0.0321245425547  -0.965020614263 1776585371.74
0.0729523396099 0.0492060024233  0.193449952559 0.212523313248 -0.684060661229  -1.04861400805   10.1216337647 -0.937782877227 -0.153482762319  -1.84462171071 1776585371.76
0.0517786546484 0.0451822489081  0.152378667848 0.167157779085 -0.567028599621  -1.53614970804   9.79602038575  -1.45882382238 -0.316012719821  -2.85365509211 1776585371.78
0.0259582442994 0.0390260672956  0.101523198056 0.111820499548 -0.197121741579  -1.58236445315   9.40058333233  -1.38451790783 -0.363232169851  -2.79030293404 1776585371.79
-0.00134482065969   0.0312451556448   0.0453157052231 0.0550597987077 0.086960219541 -1.43621892965  9.16153159783  -1.06380508769 -0.331508550692  -2.27251248666 1776585371.82
-0.0267662930314   0.022595768965  -0.011107556227 0.0367475308436 0.333815298671 -1.76920156759  8.75015027861  -1.02573314621 -0.387188803263  -2.41369679157 1776585371.84
-0.0471888833667  0.0139401598553 -0.0625619308631 0.0795934291478 0.611967009274  -2.3046831138  8.17334785105 -0.924967911523 -0.457138517955  -2.58722710474 1776585371.86
 -0.060150054067 0.00609681494354    -0.1044852511 0.12071606295 0.68492193836 -2.3393220177 7.97247807988  -0.47682226503 -0.399572749985  -1.99349256635 1776585371.88
  -0.0641627075691 -0.000283751467004     -0.13352588295 0.148142144494 0.557215360149 -2.08328459003  8.10962502673 0.0321372178259 -0.283214430687  -1.13054315615 1776585371.9
 -0.0589140178366 -0.00479595428099    -0.14796730697 0.159336708284 0.302805805485 -1.62917546871  8.53098903545   0.40833554582 -0.152073892381 -0.312156537373 1776585371.92
  -0.045319203004 -0.00730152181457   -0.147931004418 0.154889394246 0.0838640417119  -1.60941366085   8.72451194469   0.769948737557 -0.0714342447459   0.290618650439 1776585371.94
  -0.025417801041 -0.00790366370621   -0.135324094707 0.137917160347 -0.202037113207  -1.79220407812   8.94612613047   1.17816211966 0.0112403622874  0.938147337995 1776585371.96
-0.00211322498356 -0.00688931127255   -0.113526933374 0.11375540836 -0.470672857652  -1.72353121439   9.40971491734   1.28703117064 0.0895130868425   1.33753215624 1776585371.98
  0.0212249520979 -0.00465965772753   -0.086851156676 0.089528400062 -0.619058918387  -1.55553377473   9.86450445255  1.13772743242 0.137028397103  1.40853972924 1776585372
  0.0412526403302 -0.00166630720008  -0.0598387278812 0.0726995891896 -0.571729042538  -1.19239027038   10.1616731127 0.744316812499 0.138088211717  1.10387372242 1776585372.02
 0.0551691239028 0.00163778162095 -0.0365095834971 0.0661760096106 -0.564238896943  -1.05244156086   10.4055833214 0.460828269221 0.150314570083 0.928661574046 1776585372.04
 0.0611765798369 0.00483255279038 -0.0196879857082 0.0644479966194 -0.512365266132 -0.818652563906   10.6130222949 0.0965665840584  0.157635630252  0.691827494429 1776585372.06
 0.0587946209002 0.00755605562573 -0.0105356036961 0.0602071454951 -0.313322902886 -0.241760579674   10.5747536971 -0.324241106652  0.124587366364  0.299896657021 1776585372.08
  0.0489602088724  0.00952660747305 -0.00838883597665 0.0505789568083 -0.0926819210829   0.496668199538    10.3876193272  -0.654005126866  0.0789524699258 -0.0107042876053 1776585372.1
 0.0338779583842  0.0105640321188 -0.0109434217862 0.0371358764442 0.0954785697566   1.15812772369   10.0505279142 -0.729209153871 0.0243717791963 -0.143769127407 1776585372.12
 0.0166321932288  0.0106070810998 -0.0147625499861 0.0246388494689 0.245934869493  1.99886686291  9.72351934632  -0.783738529559 -0.0198750622031  -0.119642894062 1776585372.14
0.00062081554724 0.00972065418386 -0.0160203456163 0.0187490800673 0.385919014539  3.07849295938  9.30329399259  -0.740399267736 -0.0673403143249  0.0913002992072 1776585372.16
 -0.011088400941 0.00808585558535 -0.0113442611625 0.0178052227534 0.42706310538  3.6802700314 8.93438847394  -0.450923422202 -0.0996549992944   0.462815372575 1776585372.18
-0.0163556400824 0.00596882274089 0.00140382055114 0.0174672413264 0.420807718143  4.10778321466  8.63143206149 -0.0898510405496   -0.11983738214   0.920279331421 1776585372.2
-0.0143989811485  0.0036704224084  0.0225636214988 0.0270170256303 0.301980192542   3.4746716822  8.69820212599  0.238156654126 -0.103164334635   1.12390524981 1776585372.22
-0.00596205366903  0.00146654489888    0.050453075031 0.0508252852228 0.219440573476  3.14486804504  8.74360937005   0.479878934546 -0.0930652086983    1.33371629911 1776585372.24
  0.00682491246391 -0.000445628424918    0.0815506926193 0.0818369933559 0.153824452153  3.08609508493  8.75705318955   0.719792780676 -0.0924448623326    1.62602080877 1776585372.26
  0.0208717091114 -0.00197978517374    0.111070877585 0.113032241586 0.0500391542874   2.20288595035   9.11985835656    0.69445146039 -0.0727206597144    1.39995023352 1776585372.28
  0.0327604799767 -0.00316151526104    0.133834409865 0.137821963021 -0.0361421830641    1.13155209084    9.58874710573   0.473214874818 -0.0539531932691   0.870770103683 1776585372.3
  0.0394538059497 -0.00409840721082     0.14526408505 0.150582383269 -0.0873795859544   0.126657523101    10.0228195953   0.139990132106 -0.0401101507619   0.192088350376 1776585372.32
  0.0389281436683 -0.00492868210913    0.142297408838 0.147608417235 -0.126886140468 -0.718949798873    10.414534764  -0.209305315562 -0.0393453950219  -0.501993606221 1776585372.34
 0.0305957028508 -0.0057635611255   0.124018990978 0.127867219384 -0.162551578843  -1.59723894135   10.8003737052   -0.62196382425 -0.0452745893965   -1.33420761651 1776585372.36
  0.0154232036787 -0.00663967632668   0.0918757143003 0.0933975770115 -0.172737871903   -2.1838018689   10.9612574151  -0.929236757702 -0.0461262200934   -1.98744121273 1776585372.38
-0.00427717262094  -0.0074946096618    0.049433273889 0.0501807926103 -0.178931185368  -2.49644611337   10.9342627316    -1.0818387455 -0.0406701847091    -2.3924202924 1776585372.4
 -0.0253367725738 -0.00817198950165  0.00173751698624 0.0266786885388 -0.152618523883   -2.0534904396   10.5657875803  -0.852235473832 -0.0203899991688   -2.01843182741 1776585372.42
 -0.0443902933611 -0.00845432857009  -0.0455705156558 0.0641766757739 -0.18430521893 -2.12232737273  10.3859909405  -0.777223375228 0.00133818506657   -2.08035887376 1776585372.45
 -0.0585613122133 -0.00811478511973  -0.0871931148872 0.105346648307 -0.249044485404   -2.2421893532   10.1542515041 -0.621951023705 0.0425057257675  -2.11037965368 1776585372.46
 -0.0660253246465 -0.00697573512504   -0.118981649477 0.136252109296 -0.244799121087  -1.61589024892   9.81705488857 -0.207140712796   0.08402274826  -1.36691793994 1776585372.48
 -0.0663320817466 -0.00496271808538   -0.138472287092 0.153620141688 -0.242857132729  -1.09986336447    9.5870216005   0.15084270199  0.130109269652 -0.703080607844 1776585372.5
 -0.0604246253013 -0.00214485572732   -0.145086612117 0.157180980925  -0.18159110326 -0.480009856812   9.52490471138   0.370181984797    0.14388247107 -0.0355079433459 1776585372.52
-0.0503603369563  0.0012451856001  -0.140004300622 0.148791526029   -0.12716138681 -0.0445366629842    9.54438175922 0.495430337968 0.159541820297 0.442623499602 1776585372.54
-0.0388036232584 0.00481768523598   -0.12577014549 0.13170824107 -0.0642174096407   0.379214567596    9.61968218359 0.587906488007   0.1825809798  0.91785018743 1776585372.56
-0.0284062703228 0.00806326820051  -0.105729216768 0.109775223827 0.0287898776612  0.713914842166   9.79076668543 0.471196995441 0.150098043911  1.13498436229 1776585372.58
-0.0212110722435  0.0104217266885 -0.0833945138799 0.0866785262805 0.108218785289 0.911815971131  9.94704813651   0.26688039968 0.0866753004027   1.14800806789 1776585372.6
-0.0182050387674  0.0113763433106 -0.0618477772094 0.065467489408 0.131008283594  0.82837263698  9.99450769957  0.0453714562174 0.00300301249545   0.868468227093 1776585372.62
-0.0191144116871  0.0105604989117 -0.0432617249405 0.0484609297912 0.142236123944 0.828548812009  9.98077619321 -0.0965973841651 -0.0794632423049   0.750444803349 1776585372.65
-0.0224829978057 0.00785719526566 -0.0286132113155 0.0372281690331 0.132363930094  0.84893376252  9.86183121934 -0.193976446683 -0.199262625042  0.720154678905 1776585372.66
-0.0260180205048 0.00346875535828 -0.0176314678839 0.0316202200255 0.0436766508336  0.542946098011   9.59116196035 -0.129477905474 -0.276217789778  0.546197873509 1776585372.68
 -0.0271340787917 -0.00206504826567 -0.00899279395712 0.0286599546296 -0.0674996132808   0.164033496528    9.26809121449 0.0672615275998 -0.314712416526  0.467151562962 1776585372.7
  -0.0235849782247  -0.00791529497174 -0.000733256611477 0.024888566805  -0.14463937617 -0.190312937991   9.11479751614 0.297118147002 -0.25017946568 0.413014828498 1776585372.72
-0.0140520521481 -0.0130803782572 0.00919213027299 0.0212850117191 -0.206707779795 -0.466058741195   8.95863040858 0.562559432775 -0.19422890819 0.518097453971 1776585372.74
0.00143972524173 -0.0165553080066  0.0223136152335 0.0278217263439 -0.271005300686 -0.760325356952   8.76473733182  0.954237596146 -0.119632913724  0.806739801252 1776585372.76
 0.0213789018399 -0.0175223623907  0.0391464738179 0.0479221977794 -0.239034539496  -0.80238262758   8.90811332994   1.17355220208 0.0292223299158   1.03476181412 1776585372.78
  0.042948957033 -0.0155216970059  0.0589137493522 0.0745410346782 -0.118519658447 -0.542346556519   9.34021064775  1.13034012521 0.191271708466   1.1109613758 1776585372.8
 0.0625193301052 -0.0105607409939  0.0795815833635 0.101751777861    0.04375499871 -0.0556519655035    9.90068203872 0.753244971835 0.279287156586 0.886292771248 1776585372.82
  0.0763621271882 -0.00313280675892   0.0982287826818 0.124458357269 0.206019458964 0.465046834903  10.4290638465 0.411380032019 0.356860725406 0.697588987924 1776585372.84
 0.0814527192923 0.00586344704104   0.111687477605 0.138358296264 0.459364092517  1.28382307557  11.2093864262 -0.00482794673658    0.491353294157    0.509069383705 1776585372.86
0.0761811441061 0.0152863346386  0.117312039213 0.140710174786 0.700356749775   2.1250337891  11.9089601533 -0.602617317682  0.528083831129  0.058271343509 1776585372.88
0.0608070291614 0.0239556173467  0.113683855847 0.131131176607 0.793651268081  2.49135623211   12.111824507  -1.06610740039  0.429330571524 -0.448353384785 1776585372.9
0.0375361539145  0.030849002827  0.101059819079 0.112132559314 0.670227815025   2.0964468312  11.6568486736    -1.101816143   0.24569809936 -0.701916193802 1776585372.92
0.0101747076011 0.0352463079511 0.0814283414779 0.0893107031368 0.639265949491  1.90004120193  11.4363630602  -1.16349048002  0.127856509055 -0.922717317096 1776585372.94
-0.0165880301024  0.0367967345384  0.0581361143096 0.070774078605 0.715157185734  1.85019668883  11.3970728448    -1.3461749079 0.00735740963273   -1.28936875115 1776585372.96
-0.0381280933616   0.035510302987   0.035163831726 0.062858795592 0.565754135988 0.978360876672  10.7420865233   -1.0194072412 -0.151712348613  -1.24647653964 1776585372.98
-0.0508635395053  0.0316957132574     0.0162258584 0.0620886170784  0.294246301978 -0.202226034011   9.87713463211 -0.415836450987 -0.268664165953 -0.871339695649 1776585373
-0.0530393201265  0.0258764378157 0.00391899073086 0.0591448899048 0.0230083951091 -0.977343720171   9.27921334086  0.117305320951 -0.265839981059 -0.349951360324 1776585373.01
  -0.0451346778555     0.018712836947 -0.000864780892259 0.0488677527386 -0.17404501091 -1.70406864391  8.76895078617     0.4841096978   -0.31090007617 -0.0631368592304 1776585373.04
 -0.0297876953679   0.0109440124969 0.000886548774141 0.0317468765958 -0.485813965324  -2.95354024873   7.90208957542  0.964981046297 -0.437489790697  0.212112603375 1776585373.06
-0.0112397020393 0.00334600053873 0.00658567794243 0.0134498243669 -0.695514326913  -3.13752288121   7.65057715097    1.0134636739 -0.408346915134  0.338825392721 1776585373.08
0.00558721040566 -0.0033093189425  0.0127132344758 0.0142756731126 -0.850425458819  -2.83234890268   7.64514441919  0.792565523381 -0.336969424152  0.263740490884 1776585373.1
  0.0161798681291 -0.00831178231653   0.0157100350873 0.0240349549697 -0.703330154824  -1.55822578421   8.34576716287   0.260208638681  -0.170760668437 0.00373821136187 1776585373.11
 0.0174500403919 -0.0110942441021  0.0128836583559 0.0243633908664 -0.661003104464 -0.690689177222     8.708265511  -0.160006813689 -0.0624450998639  -0.260596308493 1776585373.14
0.00845027566844 -0.0113283736853 0.00312117580715 0.0144734566585 -0.780499386744  0.223418361801   8.80607194869 -0.723293725314  0.056185333314 -0.691314712863 1776585373.16
-0.00937093388309 -0.00901079539139  -0.0127514791833 0.0182101361002 -0.698674882973   1.39059047412   9.15534057592 -1.22767489248 0.204761895034 -1.05593889581 1776585373.18
  -0.032433837955 -0.00450937898758  -0.0320437738549 0.045815846453 -0.446062246883   2.13626968885   9.53385320189 -1.34519087991  0.30349031581 -1.10039541018 1776585373.2
-0.0557586953085 0.00145480958332 -0.0506976773946 0.0753750825315 -0.132947335942    1.8632941589   9.76537015045 -0.908701460899  0.271190897771 -0.700850845742 1776585373.21
-0.0740116077262 0.00789900065827 -0.0641113079815 0.0982363074465 0.0741858368017    1.6446664692   9.81422728185 -0.560023505931  0.255719932798 -0.363005210931 1776585373.24
-0.0826476222298  0.0137329273989 -0.0681269825673 0.10798383448 0.334507299812  1.52284159876  9.75654066332 -0.13282319656 0.272259023102 0.111787315802 1776585373.26
-0.0789135494759  0.0179469283292 -0.0599857115149 0.100735922656 0.573253975381 0.650215166636  9.60827293226 0.603982847108 0.181710883901 0.871670178576 1776585373.28
-0.0625003357857  0.0197943267342 -0.0390503475989 0.0763088264343  0.673965924318 -0.507841035662   9.46935996004   1.26359010883 0.0287053759399   1.54549021469 1776585373.3
 -0.0357039485196   0.0189285344933 -0.00713628273881 0.041036421497 0.534185378283 -1.18331929295  9.48837110477    1.33535907127 -0.0972153017386     1.5879334464 1776585373.31
-0.00305123688826   0.0154663806321   0.0316431568886 0.0353526286757   0.4396846835 -1.55685777844  9.54732778762   1.32706396425 -0.182260292442   1.59971526604 1776585373.34
 0.0295455947076 0.00996709695098  0.0715190746626 0.0780209153295 0.459314988542 -2.19425334263  9.63499010207   1.55156417236 -0.319056698538   1.95813865399 1776585373.36
 0.0559460994023 0.00333443296616   0.106100254269 0.119993118292 0.370002294186 -2.07785675731  9.92648802792   1.21098706052 -0.388455010195   1.69598107485 1776585373.38
  0.0710239479907 -0.00333814360255    0.129609292533 0.147831367111 0.257982653594 -1.22468969792  10.3226690179  0.466455679465 -0.362812543564  0.943964494128 1776585373.4
  0.0717443887019 -0.00895358876248    0.138071189179 0.155855950619   0.167957631858 0.00614442113703    10.5611977544 -0.319471625121 -0.224662272848 0.0140906777278 1776585373.41
 0.0578511544271 -0.0126016571951   0.130190294332 0.143021224197 0.162936464229 0.944529037761  10.6739228327  -0.816870782237 -0.0980980926936  -0.624362075189 1776585373.44
 0.0320073040311 -0.0137256191744   0.107698786118 0.113189613765 0.286754519552  2.13072094633   10.995019205   -1.44415090276 0.00900029452676   -1.36056440258 1776585373.46
-0.00066060726547  -0.0122369978735    0.075065154751 0.0760589112248 0.489137305535  3.23646948651  11.1669789288 -1.88296640108 0.148592601904 -1.98503264842 1776585373.48
 -0.0335442682965 -0.00855267573497   0.0385939889472 0.0518445964458 0.666241675391  3.50534991054  10.9692851793 -1.75255346318 0.257464330795 -2.07084924386 1776585373.5
 -0.0598762415386 -0.00353774049216  0.00509487764628 0.0601966584356 0.617871337892  2.37845470545   10.390046732 -0.959863853928  0.241229488603  -1.37618547602 1776585373.51
-0.0741261281753 0.00164620951847 -0.0195894356358 0.0766885837173 0.509118194841  1.17144498545  9.91045460112 -0.259360627515  0.181472888224 -0.720780070439 1776585373.54
-0.0731734156633 0.00576620288866 -0.0318588350047 0.0800161435177  0.509856861669 0.0480511709209   9.42054478384   0.40932492956  0.146417730695 -0.275840691148 1776585373.56
-0.0569951598883 0.00777404909055 -0.0311338537522 0.0654079577683 0.358808104124 -2.00044634398  8.68144504796   1.36308389698 0.0389399820632  0.365142691198 1776585373.58
-0.0287041580597  0.0070365811077 -0.0199464175571 0.0356553184947 -0.055540712543  -3.98167923853   8.18999304839    1.9092369433 -0.129904145429  0.841935659864 1776585373.6
 0.00608475227165  0.00348210297478 -0.00331686243807 0.0077556964721 -0.447133233157  -4.79280538519    8.1624071864  1.77683559596 -0.24198408778 0.832315412728 1776585373.61
  0.0404285461362 -0.00237847923816   0.0124371160443 0.0423651550413 -0.618194452478  -4.20118119802   8.53484933379   1.16635841358 -0.247752927442  0.465114642153 1776585373.63
   0.06751156868 -0.0095659218959  0.0211786197393 0.0713992486053 -1.02661412662 -5.26574341423  8.38303166612  0.952242097172 -0.331123457279  0.135773775647 1776585373.67
 0.0820596691069 -0.0168548833054  0.0183730169742 0.0857638859772 -1.64153722983 -6.62633212203   8.2256259159  0.434792474586 -0.421856031851 -0.596035148254 1776585373.68
 0.0814048455178 -0.0230458300792 0.00213302487787 0.0846310164948 -1.57695566095 -4.89750802903  8.83107775088 -0.467228294994 -0.301050388147   -1.2990886358 1776585373.7
 0.0659812295884 -0.0272147448756 -0.0263317200542 0.0760757811505 -1.33783516102 -2.84237425248  9.43772512369  -1.12072544487 -0.154725768869  -1.72653529781 1776585373.71
 0.0391690636349 -0.0288768423539 -0.0629333734852 0.0795531084785 -0.842088846877  -0.73364807393   9.92331147039  -1.19077578262 -0.016276215833  -1.50633150447 1776585373.73
0.00654867698634 -0.0280271035646  -0.101513906056 0.105515291912 -0.690877523738   0.73271638457   10.3214343784  -1.43756505894 0.0852371923344   -1.6091139516 1776585373.76
-0.0252537920221 -0.0250570337795  -0.135043999154 0.139651318149 -0.571748558736   2.71044367468   10.8715211394 -1.66490947151 0.219659756829 -1.63577091792 1776585373.78
-0.0498767076462  -0.020582622961  -0.156951757058 0.165967419626 -0.273186206122   3.92522750433   11.1045851286  -1.09389054977  0.288829617403 -0.802718027638 1776585373.8
-0.0624245971703  -0.015242496638  -0.162320654392 0.174577085775 -0.0531835522235    3.83633129213    10.9873166428 -0.261089154181  0.275856555855  0.204740846263 1776585373.81
 -0.0603371954471 -0.00953048199271   -0.148748853604 0.160803074256 0.0290599171646    3.1196620032   10.7612736222 0.380409928518 0.235279808017 0.929942953452 1776585373.84
 -0.0437813268526 -0.00371181688359   -0.116745666565 0.124740261453 0.0365132783823   3.10194952935   10.8256175864 1.03420106575 0.26972120029 1.82568581237 1776585373.86
-0.0155198860887 0.00215793999242 -0.0696323949636 0.0713736225617 -0.0208345933165    3.00350050712    10.9944083321  1.82940281621 0.341245455124  2.99036029346 1776585373.88
 0.0196892031365 0.00812758212747 -0.0129960981259 0.0249523721896 -0.120655876249   2.04048219551   10.9665358415  2.11105563815 0.355409924119  3.41744412352 1776585373.9
0.0560293447962  0.014203717593 0.0461937794918 0.0739925559465 -0.183427653215  0.937260754892   10.8294245737  1.78405164763 0.317197091998  2.98092812133 1776585373.91
0.0877092177161 0.0202212627398  0.100656875174 0.13503189571 -0.166636439352  0.177664876601   10.6214598752  1.10349354627 0.236780118587  1.99798851478 1776585373.94
 0.109989267432 0.0257820697491     0.143893767 0.182941986029 -0.150460224666 -0.213674185414   10.7025623492 0.713235914078  0.22259277119  1.55828433821 1776585373.96
 0.119965414232 0.0302880527439  0.171130507878 0.211174613714 -0.0841402867839  -0.559716672852    10.9339159084 0.200459808806 0.208842351854  1.03489675768 1776585373.98
 0.116976797527 0.0330617944348  0.179967692653 0.217175099424 0.0828778223805  -0.69380679516   10.8464704377  -0.523685728369  0.0972781191915 -0.0151344832639 1776585374
 0.102578784952 0.0335177351732   0.17062803543 0.201890495488  0.235974933724 -0.619731335246   10.4693505614  -0.973601305621 -0.0457003982279   -0.90321823954 1776585374.01
0.0801051912274 0.0313310581658  0.145761588841 0.169248094964  0.287642413835 -0.493316068597   10.0312922959 -0.999240686123 -0.143011066825  -1.24813605651 1776585374.04
0.0539197194248 0.0265536623843  0.109848750715 0.125216537097  0.366639510393 -0.601247573042   9.65235815025  -1.15159139034 -0.260858020872  -1.72853048498 1776585374.06
0.0285127490563 0.0196443588126 0.0683217001488 0.0765945977411   0.43191723962 -0.940571338829   9.05619541097  -1.32257724047 -0.432756412519  -2.37881695172 1776585374.08
0.00762593389371  0.0114060158535  0.0265837145339 0.0299156471402 0.289896048624 -1.21876595469  8.49210943991  -1.03710158662 -0.498658528522  -2.35112387631 1776585374.1
-0.0064214911567  0.0028472995424 -0.0108747135154 0.0129461213265 0.0245847343792  -1.29919436271   8.26959388497 -0.547620941794 -0.433914980394  -1.79036998168 1776585374.11
 -0.0130736557719 -0.00499558853824  -0.0410906951572 0.0434087734057 -0.205379979197  -1.11195712687   8.46574628196 -0.144807626119 -0.288683256934  -1.06588052356 1776585374.14
-0.0134852365353 -0.0112347282947 -0.0628685816851 0.0652727300438 -0.459881210136  -1.16871702601   8.39454661779 0.0646598815545 -0.223139263511 -0.772083479644 1776585374.16
 -0.010097620617 -0.0152657943705 -0.0766266027821 0.0787822484689 -0.863514614944  -1.30505089303   8.19556641185   0.21373346318 -0.158878764271 -0.596872584854 1776585374.18
-0.0059466586586 -0.0168385299624 -0.0839208324484 0.0857997958001  -1.09743084137 -0.932307095652    8.5276097885   0.189444433051 -0.0240219655603  -0.308616188748 1776585374.2
-0.00386262242144  -0.0160564056833  -0.0867837836978 0.0883411179935  -1.01673916109 -0.250146367733   9.17390588109 0.00552120218462  0.0966835195845 -0.0858051300661 1776585374.21
-0.00574553639417  -0.0133166143104  -0.0870464781831 0.0882464320481 -0.690126064783  0.332292053239   9.75523312698 -0.171965748029  0.143203625129 0.0204865764513 1776585374.23
 -0.0120807512057 -0.00921279963287  -0.0858047438276 0.0871393957409 -0.522390416339  0.859647011637   10.1624857689 -0.340465621779  0.188474490047  0.082639422261 1776585374.26
  -0.021804786784 -0.00442655659492  -0.0831485011502 0.0860739006524 -0.339684259103   1.53510961195   10.6194548874 -0.515834868325  0.241440998203  0.191390499789 1776585374.28
 -0.0325527704445 0.000369307091133  -0.0782089990759 0.0847140294627 -0.0429523405493    2.18327098633    11.0606400235 -0.576436364404  0.267228938587  0.404730032062 1776585374.3
-0.0412337096365  0.0045804574527 -0.0695069804992 0.0809470180982 0.291274477801   2.3634751588  11.2290866439 -0.379347125226  0.227830037824  0.702501246957 1776585374.32
   -0.0448064044 0.00772865082122 -0.0555168721002 0.0717598007701 0.372161000947  1.47679156436  10.7379500999 0.00326079355977   0.104983986555   0.735336281041 1776585374.33
-0.0410820626284 0.00946286020688 -0.0353093090104 0.0549911710722 0.457370834393  1.12769251421  10.5660591918  0.335404917576 0.0397400622115   1.00835711556 1776585374.36
 -0.0293693804018  0.00955768868531 -0.00910719777531 0.0322001703336 0.558871629097 0.800778668195  10.4188090387  0.837053076492 -0.042766575474   1.56797554394 1776585374.38
-0.0108070454122 0.00791605410208  0.0214021324987 0.0252489092552 0.416395548124 0.109347873688  9.98747124043  1.12525531621 -0.13608329401  1.70441149489 1776585374.4
 0.0117072419566 0.00459006756251  0.0531110973178 0.0545794548595  0.191265831099 -0.491432145298   9.54559850529   1.19915529158 -0.216555423396   1.61998795909 1776585374.42
   0.0339953411394 -0.000174807737864    0.0819275100387 0.0887007929957 -0.0494841256776  -0.724403583257    9.27420492328 0.854627041113 -0.22544501579  1.08588527283 1776585374.44
  0.0513978582287 -0.00588005704355    0.103541815755 0.115746371482 -0.244367205468 -0.830377686309   9.02431430415  0.55837187413 -0.25049148473 0.703936351391 1776585374.46
 0.0597321024562 -0.0117205890587   0.114373703512 0.12956326766 -0.496800158974 -0.830847254296   8.66330224079  0.132825233366 -0.295315539373  0.246920891999 1776585374.48
 0.0562057895101 -0.0165697188168   0.112479715961 0.126827965602  -0.60220019392 -0.245824487648   8.70753252713 -0.561565523027 -0.209108806037 -0.462733288061 1776585374.5
 0.0400859636482 -0.0190361746153  0.0981851697867 0.107747798083 -0.536695063235  0.674021623181   9.10935653138   -1.17863418549 -0.0284511555731    -1.0422308543 1776585374.52
  0.012969292335 -0.0176134084728  0.0742469784904 0.0774018637802 -0.294570295781   1.44159570607   9.76431909884 -1.32969993254 0.175594297067  -1.1399766833 1776585374.54
-0.0214178701257 -0.0109142501163  0.0454567799296 0.051421443561 -0.0700481017329     2.4579634564    10.5022855277 -1.54755770858 0.429613152898 -1.23476431755 1776585374.56
-0.0578597327153 0.00204923841909  0.0177339629859 0.0605511477279 0.292759972375  4.22013623316  11.7972271488 -1.86788951241 0.878023130241 -1.31103191889 1776585374.58
 -0.0906027073291   0.0216068850595 -0.00310258574711 0.0931951398714 0.794746487428  5.52884342751  13.2693552075  -1.63061616432   1.30365360928 -0.874548258439 1776585374.6
 -0.114416708017  0.0472657072579 -0.0125992357982 0.124434604909 1.27999455682  5.9340167173 14.4372216121 -0.974240006566   1.56416664618 -0.155053440541 1776585374.62
  -0.125537620361   0.0776957598571 -0.00866258987752 0.147889707853 1.41758741105 4.69486850842 14.3195906555 -0.172414640865   1.39301562313   0.45014436656 1776585374.64
 -0.122291095803   0.110886436645 0.00795940866673 0.165270282056 1.79532753694  4.1912493307 14.8952740442 0.438529497831  1.44476367366 0.919562146585 1776585374.66
-0.105276182138  0.144448373001 0.0338240654499 0.181913370568  2.6520559418 4.00702014186  16.463471477   1.207292102 1.73926087607 1.48413424552 1776585374.68
-0.0770948984672   0.175997421504  0.0635194708279 0.202369560261 3.14784486097 2.40535977668 16.7164879229 1.78020160067 1.65510273422 1.59511779736 1776585374.7
-0.0417211398978   0.203537256049  0.0907714240807 0.226732264012  3.34069691705 0.174814261821   16.121255295 2.03063314893 1.37648069225 1.27574561971 1776585374.72
-0.0036798072616   0.225762419982   0.109642514311 0.251005362894  2.75084583931 -1.82338290909  14.2199858864  1.66614130423 0.865521697401 0.553732529417 1776585374.74
0.0327651529309  0.242231154603  0.115526517319 0.270362467274  2.54922886096 -3.67351817788  13.2523253813    1.47242466626   0.599041209235 -0.0850685836212 1776585374.76
0.0642413018373  0.253395442071  0.105718406897 0.281979744806  2.74718275978 -6.62367099473   12.985067612   1.48235274465   0.48515303141 -0.956896787149 1776585374.78
0.0886122966661  0.260509132754 0.0794757509923 0.286414982786  2.23477123498 -8.80982431119  12.2245071203  1.13918592325 0.336841754941 -1.90200267659 1776585374.8
 0.105017888421  0.265452523101 0.0376371786778 0.287941584576   1.2762972193 -9.87994246762  11.5865811369 0.682043262188 0.272260964976 -2.65385439022 1776585374.82
 0.113668171016   0.27051104452 -0.018017539876 0.293975016034  0.10128697746 -8.68495932723   11.154609012 0.232476768681 0.281240549615 -2.72940691337 1776585374.84
  0.115499757804   0.278133044785 -0.0854258134659 0.313042735517 -1.01990772747 -8.94593697206  11.4691841878 -0.0411265673629   0.447113138132   -3.20782363593 1776585374.86
0.111813265857 0.290676901281 -0.16269794947 0.351377133749 -2.89870043452 -11.3181687811  12.8343743206 -0.323091838584  0.898686671236  -4.56990639583 1776585374.88
 0.103989386123  0.310149383097 -0.248231910305 0.4106403701 -4.84984041256 -11.6461711121  14.4137838757 -0.54276551353  1.38835816014 -5.22205599924 1776585374.9
0.0933363771249  0.337939556344 -0.340467806337 0.48870558641  -6.4924678203 -11.0273782035   15.965374682 -0.650577895767   1.82847126864   -5.3691626882 1776585374.92
0.0810700433589  0.374564974241 -0.437383249153 0.581528484683  -7.0659858918 -9.30314691415  16.6488983811 -0.60652268336  1.98155289983 -4.75068075218 1776585374.93
  0.06838297347  0.419464107246 -0.535919118707 0.683985138818 -7.20765438044 -7.89141327646   16.920491919 -0.509712845536   2.00096179333  -4.03392556481 1776585374.96
0.0565347509839  0.470882308717 -0.631558349934 0.789805214026 -9.54267478625 -9.16453805462  19.3107311618 -0.522046370544   2.58580745625   -4.4296638375 1776585374.98
0.0468948668498  0.525899300468 -0.718249835293 0.891432571015 -12.1708511158 -10.6224839098  21.8738908914 -0.449696420814   3.15522895582  -4.52022906798 1776585375
0.0408931186329   0.58062952712 -0.788783886876 0.980297360555 -11.2434181629 -9.05955435537  20.7210687716 -0.182066418484   2.71304333742  -3.04116581742 1776585375.02
 0.039868975475  0.630594872239 -0.835607560367 1.0476065211 -9.12064076055 -6.73578967473  18.2828309545 0.0857900657886     1.964946751  -1.36991645641 1776585375.04
0.0448487685317  0.671230243476 -0.851948658255 1.08553119167 -8.39801904258 -5.44843234213   17.011774862  0.362416057846   1.49603183739 0.0568801452077 1776585375.06
0.0563062989299  0.698447161556 -0.833027770303 1.08854678488 -8.14453003141 -4.07031138906  15.7780108303  0.75405586316 0.982035611199  1.93793155244 1776585375.08
0.0739722000943  0.709158795341 -0.777101130773 1.05463939375 -6.12868413483 -1.18021430207  12.7500241541   1.10858716663 0.0883184762214   4.02742991093 1776585375.1
0.0967490891317  0.701669141489 -0.686101567436 0.98612135724 -3.09151495941  2.44110036559  8.84695942115   1.34155356983 -0.915746761369   5.81169098129 1776585375.12
 0.122766154988  0.675851958273 -0.565722775133 0.889881821713 0.27607197127 5.14508295771 5.61377145472  1.19138026902 -1.54672576624  5.89083596495 1776585375.14
0.149574481414 0.633087851804 -0.42490392231 0.77699169673 3.09853642853 7.89128202428  2.5289826613  1.12492136161 -2.17368917348  6.33203994078 1776585375.16
 0.174451660024  0.575979890271 -0.274791610146 0.661586460478  7.13206408858  12.6981192794 -2.62803423511  1.19702078498 -3.31599021211  7.88234490312 1776585375.18
 0.194760025152  0.507914736479 -0.127358512196 0.558685096954  11.1517991568  16.4529638454 -7.06627590977 0.981646141872 -4.16007748876  8.14729438829 1776585375.2
 0.208293061097  0.432564819621 0.0060793119604 0.480140896517 13.3193574115 17.1232567667 -8.6085818028 0.520471255566 -4.27910247107  6.74629603771 1776585375.22
0.213549983739 0.353431357502 0.116195040103 0.428973900564  12.5386273649  14.2513957294 -6.42131231959 0.0363337906073  -3.60612759385   4.32012505401 1776585375.24
0.209895634156 0.273509493014 0.196626896194 0.396895145238  12.7617487631  12.7984696328 -5.88429035057 -0.340834514601  -3.38001294494   2.73886490439 1776585375.26
0.197586367672  0.19512218797 0.244474853092 0.369974316301  15.5843362202  13.6144647741 -8.61763504101 -0.818365524911  -3.89988405856   1.61671960517 1776585375.28
0.177667559142 0.119928052743 0.260294974975 0.3371972322  16.6834105598  12.4077674787 -9.40330228444  -1.27009231754  -4.04881101156 0.0881676696291 1776585375.3
  0.15177036632 0.0490695520952  0.247655322744 0.294576346503  15.4133954069  9.41525431469 -7.76200400411 -1.52449619793 -3.72891928185 -1.30880821004 1776585375.32
  0.121850835408 -0.0165997114239   0.212375284273 0.245410753389  11.6743829503  5.53095699249 -3.66089518979 -1.43043433105 -2.89906472583  -1.9903743907 1776585375.34
 0.0899206725188 -0.0762813722424   0.161594715877 0.200043563497   9.295705116 3.07890981252 -1.3913802583 -1.39250545766 -2.44551742088 -2.38245232878 1776585375.36
0.0578151669946 -0.129059121763  0.102815981293 0.174842719191  8.66907534342  1.55962796147 -1.61463718169 -1.61686019543 -2.50799370141 -3.04799316471 1776585375.38
 0.027031142813 -0.173832505502 0.0430397182235 0.181110021798   6.71614441075 0.0580233536754 -0.632161885757 -1.66274198929 -2.25715322842 -3.22440105638 1776585375.4
-0.00135021322893   -0.209375448555  -0.0119179435869 0.209718713787   3.74109777951 -0.864710422384   1.76809162022 -1.45600988588   -1.645385186 -2.73667798035 1776585375.42
-0.0266595827541  -0.234506492218 -0.0578759608756 0.24300957819  0.911810968974 -0.981721372596    4.7281112247 -1.09867042366 -0.90631254654 -1.87455012831 1776585375.44
-0.0485736387718  -0.248330882449 -0.0924904942848 0.269410684818  -1.16427631276 -0.728211342961   6.77964115423 -0.896606776629 -0.355272033752  -1.27408769577 1776585375.46
-0.0670137966749  -0.250496471352  -0.115219724908 0.283751504159  -3.42128812146 -0.250726890657   8.50467368199 -0.865475637911   0.17927773218 -0.894656564865 1776585375.48
-0.0820366839398  -0.241399227083  -0.127081800762 0.284874337969 -5.60090069075 0.562871384399  10.8875153796 -0.761635468511  0.804116324643 -0.428355192755 1776585375.5
-0.0937381094336  -0.222281587668  -0.130249878592 0.274155007705 -6.68564297528  1.32705625482  13.2669771888   -0.55627950049    1.27590925613 -0.0126362044564 1776585375.52
-0.102184505308 -0.195187220794 -0.127539469956 0.254570305972 -6.22827936007  1.59662051914  14.6297464201 -0.317648730643   1.38598433546  0.195523420945 1776585375.54
-0.107378368992 -0.162765574361 -0.121853842486 0.229937176753  -6.078743253  1.7015822889 16.0016996948 -0.157901390638   1.50074533244  0.265129626503 1776585375.56
-0.109258569709 -0.127953049598 -0.115661524836 0.204173960836 -6.60845018807  1.74907222496  18.2677166672 -0.00905294401598     1.76885003505    0.288214860689 1776585375.58
 -0.107732422662 -0.0935872114314  -0.110581981198 0.180535912222 -6.30523944156  1.24062896811  19.7795643079  0.17948381414  1.81336337949 0.234219310731 1776585375.6
-0.102733475097 -0.062028622519 -0.107146533276 0.160879136342 -5.10494016339  0.24371507137  19.7678184667 0.361872819349  1.58155342625 0.156304768121 1776585375.62
-0.0942965600532 -0.0348662094446  -0.104778590401 0.145210353644   -3.3501767354 -0.800538779524   17.9455230008 0.463579992371  1.13654371109 0.118706598337 1776585375.64
-0.0826397226665 -0.0127654352966  -0.102001227098 0.131895907557 -2.22297264259 -1.72771485208  16.6397007384 0.566519177782 0.856176759179 0.172665321711 1776585375.66
 -0.068240727775 0.00451180089029 -0.0968372199421 0.118552100111 -1.65463484623 -2.95911779963  16.3277269848 0.771504882378 0.770039717369 0.368225002762 1776585375.68
-0.0518934163416  0.0179224807146 -0.0873265840854 0.103150735638 -1.10666954084 -3.95038601168  15.2394724944 0.924030986285  0.67055178355 0.683152964567 1776585375.7
-0.0347264336706  0.0288324892868 -0.0720594909345 0.0850282768712 -0.725383442208  -4.10437099806   13.4614769497 0.920933955651 0.565796355186  1.00240736981 1776585375.72
-0.0181658315042  0.0386437761485 -0.0506151788871 0.06622110844 -0.58507357355  -3.2425940573  11.6547518186 0.734675770588 0.465993760804  1.14713924662 1776585375.74
-0.00382692122177   0.0484315840025  -0.0238122982947 0.0541044287014 -0.692472526692  -2.24380970144   10.5595350253  0.54662037606 0.440623785127  1.25251941506 1776585375.76
0.00666827503181  0.0586622359451  0.0062893968555 0.0593740711993  -1.0635675155 -1.26322473472  9.95661409146 0.392518536469 0.513416240316  1.50571666853 1776585375.78
0.0119342603414 0.0690472895788 0.0366482190834 0.0790762083693 -1.46943400135 0.294778892419  9.60715921148 0.122201857739 0.549749420482  1.58635707084 1776585375.8
0.0110923667267 0.0785648944677  0.063720513469 0.101763387714 -1.57044258626   1.9896737466  9.56429329325 -0.213981510927   0.44870800903   1.28194177354 1776585375.82
0.00401777336403  0.0856477476966  0.0840750986862 0.120084559405 -1.29690811982  3.09586432765   9.6879398269 -0.471437169614  0.239233496465  0.753455851317 1776585375.84
-0.00849502364846   0.0885046280909   0.0950252871301 0.130134698733 -0.865031997012    3.6930226286   9.76404937117   -0.635747875419 -0.00293579075319    0.245229532353 1776585375.86
-0.0247017302044  0.0855151252274  0.0951531859308 0.130296358009 -0.35775940588  4.43851740469  9.65004865763 -0.821541440089 -0.315476744482 -0.254855464411 1776585375.88
-0.0420476818934  0.0756202100016  0.0846167089599 0.121022358052 0.450637200142  4.64608922329  9.17118113438 -0.905897472043 -0.743012053872 -0.828664377511 1776585375.9
-0.0574823018849  0.0586286831706  0.0651673510385 0.104825193354  1.3438218644 3.50881072407 8.33185149824 -0.712626504422  -1.10865460304  -1.23285317084 1776585375.92
 -0.06791785298  0.035373202518 0.0398609747059 0.0863307333126 1.87549052208 1.53285026278 7.46227400423 -0.322813290243  -1.23811722825   -1.2796788452 1776585375.94
-0.0707665606135 0.00767827284485  0.0125066168524 0.0722722452954   2.04892817466 -0.364631912207   6.67570910612 0.0735924539614  -1.21903353957  -1.12681235556 1776585375.96
   -0.0644627675 -0.0218590931253 -0.0130416368912 0.0693062236658  2.37603719883 -2.39905454595  5.19427873141 0.510643787525 -1.35024215503 -1.07498454918 1776585375.99
-0.0488640378915 -0.0502362856072 -0.0336015980904 0.0777203061297  2.53695162981 -5.00706795676  3.21487298302   1.06974838984  -1.44253345009 -0.937020463923 1776585376
-0.0254330437725 -0.0744898636499 -0.0472287879832 0.0917939971702  1.91516152682 -6.82042380771  2.38318701481   1.43870245368  -1.16526789839 -0.553385755534 1776585376.02
0.00286615518523 -0.0921348263481 -0.0534992161882 0.106579581555 0.848453409122 -7.03716299323  3.02658168737   1.43611708945 -0.676237641815  -0.15546300379 1776585376.04
 0.0319704973824  -0.101519996212 -0.0534428543721 0.119098954728 -0.162702367793  -6.28750849853   4.29172206104   1.20295983047 -0.218668279235 0.0960079935737 1776585376.06
0.0573668403491 -0.102041699994 -0.049149526948 0.12696117087 -1.16949783424 -6.05038096609   4.9425419149  1.02120851748 0.174529317918 0.244884261254 1776585376.09
 0.0748742157824  -0.094187549821 -0.0431546074514 0.127827081929 -2.33627249036 -5.24372374015  6.01012787117 0.656391603005 0.617849699495 0.310733896353 1776585376.1
 0.0814069662188 -0.0794131586229 -0.0377690005273 0.119833389805 -3.02246380294 -2.84849561745  8.14636807338 0.0185810506869  0.927010912077  0.233099662364 1776585376.12
 0.0755618597514 -0.0598809073376  -0.034528099742 0.102408531795  -3.16120040086 -0.117001821868   10.2922173113  -0.59469745098   1.04521592293 0.0980424010193 1776585376.14
 0.0579056422334 -0.0381081925448 -0.0338945493642 0.077163062524 -2.67386072482  2.11570917995  11.8234149237  -0.964162323011   0.934777021755 -0.0160845819693 1776585376.16
  0.030902357772 -0.0165825173705 -0.0352731292906 0.0497406197002 -2.52492939689  4.35816051662  13.3227824774   -1.36457431784   0.934939904935 -0.0783977714731 1776585376.19
-0.00150434607615   0.0025966397946  -0.0373077827996 0.0374282814561 -2.38758105846  7.16540950475  15.1327829093  -1.80979283815  0.955765667882 -0.085257919208 1776585376.21
-0.0345686468834  0.0179932291859 -0.0383574168995 0.0546812497579 -1.61104598875  8.31146110571  15.6670556416   -1.73112928931   0.736228494267 0.00837144363668 1776585376.22
-0.0635456031026  0.0289820412345 -0.0370077619464 0.0790416145589 -0.765487816189   7.91956964142   15.2324536694 -1.31205629261 0.466666986489 0.154603804186 1776585376.24
-0.0844666541071  0.0357407548021 -0.0324777745537 0.097297600432 -0.112584372559   5.80078538577   13.8082032744 -0.672077934594  0.217599594348  0.262636014521 1776585376.26
-0.0947460900278  0.0390838656643 -0.0248151707075 0.105452182661 0.236686595562  4.71064067812  13.3150152271 -0.205875866489  0.100656447918  0.401477914112 1776585376.29
-0.0935146696656  0.0401644938365 -0.0148332663593 0.102850404952 0.446642684521   3.4075971366  13.0681292017  0.362538769303 0.0280387922503  0.580824405787 1776585376.31
 -0.0816316776644   0.0400981359021 -0.00380453291313 0.0910278296556  0.35412900626 0.830092603814  12.1056648562   0.895616052108 -0.0161992182175   0.609196354221 1776585376.32
-0.0613888545031  0.0395834266604 0.00701865269391 0.0733805192746 0.076758578581 -1.55211582115  11.1082465013    1.17384634656 -0.0384616296145   0.533571960253 1776585376.34
-0.0359775698978  0.0386022575118  0.0169475457946 0.0554232724514 -0.178500908655  -2.93180687389   10.2964270778     1.1456267717 -0.0722218907409   0.421146940763 1776585376.36
-0.00883368959461   0.0362702766262   0.0263385983073 0.0456868558689 -0.351240580509  -4.27743302958   9.68958016798   1.24520743794 -0.181526580454  0.468664114707 1776585376.39
0.0170052242467 0.0308784155631 0.0368889094228 0.0510239731673 -0.311187844216  -5.34560710205   8.80028868173   1.31785680663 -0.441172621063  0.691342514404 1776585376.41
0.0394019035431 0.0201226777778 0.0516428013709 0.0680030227063 0.197769890081 -4.69801384958   7.6531841291   1.09985804183 -0.800933486298   1.02854786759 1776585376.42
0.0573828748131 0.0014747914529 0.0746486427781 0.0941668158124  1.16378929952 -3.03785747491  6.15822772731 0.845171641608 -1.26612413624  1.56238925284 1776585376.44
 0.0711153054499 -0.0273861377336   0.110268382106 0.134039185694    2.2027939168 -0.586516146102   4.99689717241 0.546347656786 -1.57068314085  1.97497988405 1776585376.46
 0.0816087845002 -0.0681717558412   0.162222340058 0.193967702507 3.80422351469 1.88377094359 2.75603654554 0.437541453253 -2.16052247485  2.80111931734 1776585376.49
0.0902135340564 -0.121690692942  0.232534322119 0.277523543936 6.50801045276 5.34007024287 -1.3475081732 0.440343421618  -3.2044641428  4.24572997607 1776585376.51
 0.098035322281 -0.187710844481  0.320604730789 0.384231283155  8.80283158979  8.60546142361 -4.80021141758 0.418374087388 -3.94417338709  5.23309409098 1776585376.52
 0.105413556976 -0.264987153432  0.422658788529 0.50987318129  10.1010700927  10.6916580608 -6.88835360605 0.352962781498 -4.25888503685  5.49336670187 1776585376.54
 0.111603712668 -0.351428431217  0.531777545201 0.647104851263  9.90071237956  10.9149401606 -6.83028878551 0.21051077068 -4.0375474153 4.86131353057 1776585376.56
 0.114765349643 -0.444352352603  0.638619216966 0.786418847066    10.86605585  12.2690252727 -9.09090655707 0.0158924599231  -4.39807711352   4.66921753795 1776585376.59
  0.11228789903 -0.540770068425  0.732792050017 0.917619217182  12.3384019598  14.1941141686 -12.8209366119 -0.352079643913  -5.09276787926   4.37505933686 1776585376.61
 0.101401982784 -0.637651018621  0.804676880228 1.03169087678  11.9738592415  14.0844700633 -13.8906984755 -0.878702983694  -5.19905064116   3.11247967803 1776585376.62
0.0799441683804 -0.732139275876  0.847357729465 1.1226905678  10.1752321586  12.4107757332 -12.6430741646 -1.42581050871 -4.83203959587   1.4062177697 1776585376.64
  0.04708913455 -0.821716034011  0.858243389833 1.18912419172 6.92266939866 9.03950417106 -8.1069822511  -1.67775537738  -3.79642105463 -0.162621757334 1776585376.66
0.00385263646895  -0.904319021339   0.839982316575 1.23425201127  5.18093429588  7.77265219618 -7.38718939423 -2.14771077681 -3.58523255546   -1.323417741 1776585376.69
-0.0467908736278  -0.978432508715   0.800394600466 1.26497078086  3.58983142072  7.38342559738 -8.69363658309 -2.82725039103 -3.77058050782 -2.40727792624 1776585376.71
-0.100246538719  -1.04315154997  0.751346500177 1.28947124359  0.99375852953  5.68028541171 -6.32034490668 -2.75835735926 -3.16878034603 -2.47804402443 1776585376.72
-0.151053039026  -1.09820810612  0.706727898771 1.31466436319 -1.37354911951  4.58207934888 -4.48220501913 -2.46195164264 -2.64924695466 -1.87802685453 1776585376.74
-0.193904858682  -1.14393501567   0.67990202621 1.34478741054 -3.15569444109  3.62042691355 -1.68667502825  -1.73711248514  -1.95565145361 -0.603686361291 1776585376.76
-0.224721729539  -1.18114475122  0.681126342109 1.38185957064  -4.74902406692   3.51186732026 -0.422985183393 -1.10132128833 -1.54911418946 0.822399906606 1776585376.79
-0.241523968056  -1.21091586749  0.715461087419 1.42707239932  -7.00790984578   4.35773778204 -0.892403195974 -0.531531361272  -1.39959781339   2.64479774707 1776585376.81
-0.244911107155  -1.23430625931  0.781584799168 1.48133999827  -8.73832336139   5.19922277802 -0.550346867924 0.0965462668928  -1.13562586889   4.31592867219 1776585376.82
-0.238027814761  -1.25203938526  0.871750385089 1.54408827363 -9.23728751868  5.50083206604 0.944214150584  0.489990444788 -0.775800981537   4.96011249559 1776585376.84
-0.226013029123  -1.26422755195  0.972887699023 1.61116841682 -8.72894598416  5.17614371151  3.03179739561  0.520474962242 -0.411121618499   4.45757754365 1776585376.86
-0.215038486269  -1.27019858719   1.06864115192 1.67380999909 -9.33060330739  5.30839184159  4.25639658896   0.344050336573 -0.0982205214789    3.90779795664 1776585376.89
-0.211126917177  -1.26847728381    1.1419673704 1.71979611285 -10.6451293875  5.42610751965  5.68811347101 -0.102438281244  0.344344523086   2.83680077289 1776585376.91
-0.218981512514  -1.25694417219   1.17783450977 1.73642036593 -10.7131624452  4.31454772071  8.45886896392 -0.796209822684  0.939770898235  0.627977053135 1776585376.92
-0.241050770857  -1.23315799228   1.16556855305 1.71386526889 -10.014836151 2.32374729336  12.016438242 -1.52241464114  1.63082142752 -2.02991216671 1776585376.94
-0.277001487495  -1.19479276096   1.10047355307 1.64781722491  -7.73053994343 -0.215049129027   15.2307780972 -1.84123733708   2.0730395452  -4.0344214717 1776585376.96
-0.323691049773  -1.14011373189  0.984491562611 1.54073321967 -6.65812926463 -2.82292316837  19.1577849914 -2.19099120379  2.80746049599 -6.10054369913 1776585376.99
-0.375636481547  -1.06840528444  0.825836625988 1.40164144877 -6.65696027986 -7.02324554296  26.4971985773 -2.80658405142  4.38962061901 -9.52342142694 1776585377.01
 -0.42588974323 -0.980270490495   0.63770657088 1.24458104536 -4.94967062467 -10.7010487484  31.7882554565  -2.5378812264  5.28681979827 -10.8008814018 1776585377.02
-0.467161190339 -0.877744414481  0.436319766525 1.08584058387 -3.00428238823 -13.5684065398   35.583419484 -1.79498319535  5.77970234491  -10.674975169 1776585377.04
 -0.49299559439 -0.764195016187  0.238620219156 0.940201195406 -1.13675399209 -14.3263483573  35.8472048941 -0.743149843876   5.48947040738  -8.83792194527 1776585377.06
-0.498802125073 -0.644020386526 0.0600294210974 0.816804352116 0.206256675574 -15.7562317424  37.7781714695 0.239500848324  5.55947497098 -7.48951914534 1776585377.09
 -0.482569839989  -0.522184513699 -0.0874073825894 0.716373064363  1.48903305718 -19.2801469028  43.7222232042  1.41812274633  6.35393259031 -6.77410208653 1776585377.11
-0.445157084251 -0.403662509134 -0.196222714979 0.632148404105  2.50625207163 -20.2504763605  45.5226948248  2.53810878549  6.29496316045 -4.84660389768 1776585377.12
-0.390117123553 -0.292885262473 -0.263948947076 0.554655022266  2.99865924468 -18.9036030321  43.6123366937 3.24379333344 5.59133473726 -2.5660981157 1776585377.14
 -0.32310215836 -0.193276126022 -0.292777853715 0.476937666004  2.78939445415 -15.0433608256  37.4321655819     3.202420134   4.27885524562 -0.567360727806 1776585377.16
-0.250960904461 -0.106954218728 -0.288602730914 0.397129848743  2.75583580423 -13.3455437532  35.3942883839  3.33053636677  3.71005344498 0.774188397652 1776585377.19
 -0.180696712559 -0.0346434745219  -0.259675484679 0.318249634092  2.72523044483 -12.1896853172  34.8166148359 3.43955908234 3.40527326658 1.90707083723 1776585377.2
-0.118470392562 0.0242156165459 -0.215143085243 0.246795820723  2.17702388501 -9.14066021562   30.704638455 2.85124338057 2.69697848292 2.44565651328 1776585377.22
 -0.06880881638 0.0711907908202 -0.163703543486 0.191315530104  1.60996794775 -6.37866822417  27.3045949984 2.18437709325 2.18227427525 2.65682712858 1776585377.24
-0.0341243421771   0.108480470148  -0.112554170744 0.160002888988 0.893620907029 -3.28655072668  22.5037375213 1.27489186917  1.5824349049 2.28008389885 1776585377.26
-0.0145799899798   0.138501274025 -0.0667178485266 0.154422959194 0.356784707728 -1.04708015302  19.5396102774 0.598201353947  1.27317507691   1.9391504225 1776585377.29
-0.00827276365173    0.163501384528  -0.0287527900073 0.166216317773 -0.0962563120302   0.863308020702    18.2003069256 0.0761312134631    1.2216962624   1.77515108311 1776585377.31
-0.0116670839844   0.185245391258 0.00120236444998 0.185616328784 -0.470759171269    2.4287038414   16.1508580418 -0.312378661726   1.08203125649   1.41150918096 1776585377.32
-0.0201946496847   0.204796949509  0.0251172518739 0.207317367207 -0.701632879506   3.49974756481   14.5505257545 -0.453399314062  0.975513245892   1.19061055252 1776585377.34
-0.0289391134799   0.222407100668  0.0465581026324 0.229063414009 -0.710837905303   3.71866750289   12.9407634458 -0.312572428118  0.778111315828   1.06853114155 1776585377.36
-0.0333328440931   0.237502898016  0.0700302659667 0.249845838894 -0.637654846078   3.75956706468   11.8308839034 -0.0196680983239   0.602309741211    1.22636658114 1776585377.39
-0.0297998141137   0.248764929853   0.100225441298 0.269846545891 -0.567614037611   4.21453532325   10.9618970398 0.443770064972  0.43663591412  1.85294106072 1776585377.41
-0.0162799351976   0.254281660379    0.14123388602 0.291326637394 -0.345727841094   4.06728027299   9.62253649997  0.988627070116 0.0797775638017    2.5379571412 1776585377.42
0.0074310590498   0.25176928655  0.195802796273 0.319032489438 -0.085410942383   3.79311270564   7.94462676584   1.48415956411 -0.410090153758    3.2811119611 1776585377.44
0.0395882176446  0.238844654855  0.264744638481 0.358753006584 0.140504027302  3.24649308559  6.24675709318   1.66754126605 -0.925329085921   3.63072183396 1776585377.46
0.0766950029001  0.213334290574   0.34661052641 0.414164822291 0.28593607147 3.02878693114 4.28889771853  1.70340540201 -1.49366846092  3.95991206906 1776585377.49
0.114000195122  0.17359487712 0.437730404141 0.48449884681 0.399874966451  3.54529768503 0.761892654365  1.80541994888 -2.45356232117  4.82967441152 1776585377.51
0.146248995138 0.118810545698 0.532674237925 0.56501907764  0.35609798656  3.84785325577 -2.39397840307   1.4255517368 -3.24826857556  4.89377016547 1776585377.52
0.168582905668 0.049222468279 0.625107146439 0.649308857167 0.171996040801  4.21667062899 -5.57166071896 0.808991702771  -3.9581506752  4.57218384363 1776585377.54
 0.177432072609 -0.033758780693  0.708911846445 0.731558474556 -0.139886215797   4.26153629258  -7.34002245354 0.0628332731943  -4.21267295265   3.67499718307 1776585377.56
  0.17122028871 -0.127601555763  0.779362603141 0.808087007366 -0.558144781412   4.47107725175  -9.75319966572 -0.620866388773  -4.53523170898   2.90943331907 1776585377.59
 0.150719729889 -0.228883957244  0.834088182843 0.877956376832 -1.27060354798  5.27316078244 -15.3832720874 -1.3840805903 -5.4573687829 2.49490205756 1776585377.61
 0.118952099056 -0.333692724555  0.873579670288 0.942678034448 -2.02579174284  5.09031306583 -17.2227770208 -1.81852954649 -5.42874622046  1.73818768044 1776585377.62
0.0806251361924 -0.438133106559  0.901086027043 1.00519503569 -2.98821967462  4.74393762304 -19.0363458725 -2.02590241499 -5.34559708635   1.2584429165 1776585377.64
 0.041198151546 -0.538856246838  0.921878593153 1.068608199 -3.73131290937  3.70616383046 -17.1514858442 -1.76733541185 -4.61197978095 0.966389314658 1776585377.66
0.00576195318228  -0.633493582033     0.9420216523 1.13523218417 -4.75027558638  2.80517878568 -16.3153803713 -1.44338361063 -4.15588662159  1.02821984626 1776585377.69
-0.0220270352462  -0.720898432992   0.966918173321 1.20627960891 -7.02046139032  2.20374631917  -19.827888303 -1.23596661357 -4.45775123337  1.54090789953 1776585377.71
-0.0407183977551  -0.801133904549   0.999969770919 1.28195673238 -8.46156102851  1.06192910225 -17.7507041308 -0.765357324712  -4.02578358386   1.95037156785 1776585377.72
-0.0513628763451  -0.875205112632    1.04167513788 1.3615099071    -10.0574536697 -0.00177596221861    -15.5880156013 -0.430061253984  -3.73137447734   2.32583937862 1776585377.74
-0.0572533313078  -0.944597256506    1.08939331053 1.44302449943  -10.8174721629 -0.883576591978  -11.5194941795 -0.284751926415  -3.27118435912   2.32120921311 1776585377.76
-0.0631602155473   -1.01073104906    1.13784338085 1.52323800692 -11.7257475789 -1.55682552224 -8.45308176392 -0.393629086997  -3.01169791565     2.106772513 1776585377.79
-0.0742275195658   -1.07446857213    1.18024216909 1.59779974179 -14.5792148331 -2.38252869898 -8.45741677584 -0.828650536664  -3.27793534185   1.88708223356 1776585377.81
-0.0947744786589   -1.13578920781    1.20983840361 1.662139672 -15.5256132773 -2.80083838993 -6.25317180526 -1.37776618781  -3.0972592388  1.07210405649 1776585377.82
-0.127270629573  -1.19371105607    1.2215174841 1.71267301681  -16.435279713 -3.08436476809 -4.69612135344  -2.01028180282  -2.89199201322 0.0862490758591 1776585377.84
-0.171711790813  -1.24647124848   1.21313931996 1.74782222266 -15.7610643453 -2.94211606481 -2.46709539115  -2.38236803857   -2.3810012322 -0.853121222405 1776585377.86
-0.225531928428  -1.29191598069   1.18633030981 1.76841487098 -15.3719241302 -2.71714290497 -1.04451326382 -2.60896636439 -1.89330032617  -1.5460089849 1776585377.89
-0.284063380652  -1.32800365327   1.14656254468 1.7773270313  -17.554577901  -2.7359636005 -1.54177464867 -3.05235454423 -1.61662570241 -2.20787666228 1776585377.91
-0.341435854047  -1.35330244889   1.10249287588 1.77862207958  -17.1614610253  -2.08539727657 -0.204727890722 -2.77318538695 -1.01412701618 -2.10959656165 1776585377.92
-0.391712565258  -1.36736991666   1.06467247315 1.7767010716 -16.4659222152  -1.1925715631  1.54415758605  -2.20011017249 -0.437868436819  -1.45652332038 1776585377.94
-0.430020326157  -1.37093263161   1.04384792661 1.77594826929  -16.4145178191 -0.163046794639   3.38114509103  -1.53811719636 0.0383785847143 -0.386998902551 1776585377.96
-0.453445488965  -1.36582957744   1.04914012374 1.78095430747 -15.6729567083 0.954904503207  5.90888040924 -0.754364014443  0.387829875708   1.01867884305 1776585377.98
-0.461531535833  -1.35473224519    1.0864000659 1.79682384165 -16.4470424488  2.16292704014    8.535223289 -0.072362144677  0.635230450828   2.72633451844 1776585378.01
-0.456308417206  -1.34069738704   1.15700453437 1.82875540951 -16.7804692547   3.2033207858  11.7046500019 0.510440145107 0.729917902551  4.43965593534 1776585378.02
-0.441885030652   -1.3266381856   1.25727950038 1.88042096295 -16.6305177099  3.79115397877  14.9702984711 0.849264545594  0.67457035545  5.77607079175 1776585378.04
-0.423721011708  -1.31481322901   1.37864002129 1.95164587752 -16.2625314478  3.79243399352  18.0131403277 0.888924786906 0.526177772214  6.53912459144 1776585378.06
-0.407744018735  -1.30642922995    1.5084282296 2.03675434001 -13.8961511066  2.77088849525  19.4080307541 0.559627764842 0.308970567343  5.83497807338 1776585378.08
-0.399485575457  -1.30143284126   1.63133162811 2.12474917253  -13.65728156 1.64885653228 21.7350248434 0.105360817548 0.190524869085  5.37326264336 1776585378.11
-0.403376106997  -1.29853069773   1.73118596365 2.20134029568  -13.3518368788 -0.135535023616   24.0693525865 -0.591294098826  0.155688678677   4.19126670362 1776585378.12
-0.422282159478  -1.29543046436   1.79292052905 2.2518939437 -11.6257874035 -2.42233248291  25.0558694335   -1.406909362 0.242117841526  1.90986704375 1776585378.14
-0.457304729923  -1.28925001333   1.80439359338 2.26431655312 -9.47706714638 -4.85977664472  25.7810691664  -2.26071783008  0.486930837701 -0.926002546109 1776585378.16
-0.507804295542  -1.27701004726   1.75789018838 2.23132197985 -6.02244427498 -6.29107205682  24.3783175052 -2.69911562885 0.782549171657 -3.62034520641 1776585378.18
-0.571586681211  -1.25611647679   1.65110630547 2.15190426584 -3.37229830521 -8.02234991515  25.1623905318  -3.3468308624  1.27315648392 -6.58721244725 1776585378.2
-0.645177994359  -1.22475218825   1.48751209759 2.03198543486 -0.343282756295  -9.27223343995   26.3814295737 -3.88691722765  1.88532967012  -9.5562327285 1776585378.22
-0.724132954643  -1.18212467338   1.27606160927 1.88417634792  2.92201125752 -9.31925097128  27.1796022806  -4.0354026306  2.45449474904 -11.6650124445 1776585378.24
-0.803349693995  -1.12854577671   1.03029010179 1.7264078298   6.3455534369 -8.78680317069    28.84776118 -4.04461402354  3.08183829151 -13.4368812433 1776585378.26
-0.877392850919  -1.06534660404  0.766906714975 1.57890072869  8.53613115425 -6.42335797087  28.0315478799 -3.25996260656  3.17456341985 -12.4772178557 1776585378.28
-0.940843458172 -0.994653850052  0.504044909285 1.45896674561  11.5086240179 -4.57391495555  29.7754969138 -2.72319364686  3.57891707942 -12.4181159502 1776585378.3
-0.988691590285  -0.91907387764  0.259370039369 1.37458381723  14.8524662028 -2.38078487562  32.1154992932  -1.9781331607  3.99435912619 -11.8752383222 1776585378.32
 -1.01676685586 -0.841345001859  0.048257371989 1.32060782418  16.7604101978 0.111230351443  32.2195060023 -0.851568178142    3.9438179777  -9.59232943447 1776585378.34
 -1.02217138673  -0.76402085136 -0.117756825082 1.281572813 19.7642461248 2.39767536645 33.5014873725 0.351372453587  4.07564855759 -7.51137947638 1776585378.36
 -1.00365300133 -0.689234437256 -0.232080875275 1.23944543617  19.100191255 3.67212330027 30.1987229898  1.42795558439  3.44292871565 -4.16242656009 1776585378.38
-0.961844125366 -0.618566424939 -0.293608089462 1.18066686824 20.6769065431 4.66245524871 29.1512835523  2.48799329615  3.24782800967 -1.77739075389 1776585378.4
-0.899300102573 -0.553012097754 -0.306629258374 1.09935642848 24.2431245781 5.50541025156 29.2307900864   3.7370576603  3.31457731448 0.356074446423 1776585378.42
-0.820297064815 -0.493021485983 -0.280121197953 0.997208777402 24.0869620658 4.90712501095 25.8658401279 4.24350858669  2.8747852611  2.0134011195 1776585378.44
-0.730388528907  -0.43858214139 -0.226486436799 0.881542854295 26.2513747991 4.25940107542 23.8658358488 4.90807411309 2.75815110647 3.19783622064 1776585378.46
-0.635763811285 -0.389320811202 -0.159889288562 0.762450590118 24.4692971396 2.66821972639  19.873787384 4.59377624147 2.29746790093 3.22946290903 1776585378.48
 -0.542492165015  -0.344610245057 -0.0943937300507 0.649587674124 23.8332390269 1.17713449202 16.8911422904  4.2959544616 2.04410103001 2.81010574956 1776585378.5
 -0.455765713597  -0.303674117278 -0.0421474238039 0.549287502614   25.0699300773 -0.319700738328   14.6999072522 4.17838762521  2.0203415729 2.11265623271 1776585378.52
 -0.379263936353  -0.265685835496 -0.0118630589955 0.463217906357  22.9339679163 -1.71488158534  12.2530720896  3.42781951268  1.79430293568 0.834524875462 1776585378.54
-0.314748215363 -0.229858063041 -0.007815799949 0.389823363779  23.1260254414 -3.12707534453  10.5640763473   3.03871492758   1.81758943874 -0.456968780515 1776585378.56
 -0.261958045741  -0.195520007849 -0.0295037824781 0.328208111384  21.1880147834 -4.09969487478  9.26751898796  2.44810446022  1.72734164906 -1.63854136809 1776585378.58
 -0.218827881766  -0.162178276534 -0.0720162608335 0.281733521332  18.7302424714 -4.67372665353  8.56234849138 1.97191023346 1.62652145577 -2.4049727695 1776585378.6
-0.181985815201 -0.129555266335  -0.12703917405 0.256987073046  17.6201267874 -5.34656858819  8.25409613099  1.83573905442  1.66072361116 -2.88814948585 1776585378.62
 -0.147444079281 -0.0976000534163   -0.18432366746 0.255422671914  14.5134997558 -5.15389001921  8.53417057738  1.67907997555  1.49968902106 -2.52787719131 1776585378.64
-0.111357476882 -0.066472777653  -0.23337107491 0.26698534872   13.117308419 -5.29803605421   8.9944025142  1.86990187318  1.48876447027 -1.96765115612 1776585378.66
-0.0707167862705 -0.0365118918546  -0.265061886381 0.276752209962  11.9040895483 -5.33708209369  9.71943431371  2.21736479747  1.47683673673 -1.00377535072 1776585378.68
 -0.0238619726363 -0.00819793937828   -0.272979275853 0.274142818606  10.1275940732 -4.92292021639  10.6182658604  2.50048566184  1.36028792028 0.270597813022 1776585378.7
0.0292602172982 0.0178765464938 -0.254242564786 0.256544368443  8.79787778782 -4.52061021366  11.6232617713 2.84775096581 1.26323548032 1.62225932652 1776585378.72
0.0871182590346 0.0410318450883 -0.209757906411 0.230806374848  6.94679755364 -3.65970585034  12.4739919337 2.89550475545 1.05014156973 2.71672561236 1776585378.74
 0.146870354203  0.060531387089 -0.143894111515 0.214337269497  5.49463966332 -2.84094416832  13.3290831242  2.91568532907 0.857079858446   3.6184399588 1776585378.76
  0.204823744134   0.075631943906 -0.0636823932523 0.227438792449  4.1117844254  -1.919844989 14.1295270923 2.80006179477 0.63905609823 4.22587281746 1776585378.78
 0.256987454186 0.0856633339605 0.0222953848814 0.271804787634   2.69005022035 -0.871114130359   14.7745404126  2.47822808382 0.379194974605  4.41317443875 1776585378.8
0.299622982978 0.090137224998 0.105134020544 0.33007849602  1.26158494453 0.229191584622  15.1438731549   1.92795146485 0.0850976988162   4.09482994809 1776585378.82
 0.329712014222 0.0888733176242  0.176757108545 0.384514699757 -0.035189430711   1.14485545914   14.8118455193   1.12198646586 -0.196927133585   3.08854201011 1776585378.84
0.345288588422 0.082122157921 0.230839762209 0.423385467314 -1.03758070619  1.92270314135  14.7606997706 0.398424646606 -0.45628283693  2.17057848795 1776585378.86
 0.345616687663 0.0706590088967   0.26340421314 0.44025602759 -1.89975987673   2.5934080437  14.7881694285 -0.379442208233 -0.709437481164   1.13873919072 1776585378.88
0.331222652127 0.055823285001 0.273052864929 0.432877062775 -2.29794838607  2.70321699416   14.151256767   -1.09387094646  -0.815674340656 -0.0666089648174 1776585378.9
 0.303807453242 0.0394828268891  0.260858327966 0.402374116382 -2.50940867588  2.62606778516  13.6215685181  -1.72967301438 -0.847134215612  -1.14368204974 1776585378.92
 0.266064810536 0.0239112203688  0.229969661798 0.352488688063 -2.13620202494  1.97694850059  12.5596245093   -1.8989119366 -0.643163273392  -1.74808437223 1776585378.94
 0.221422651374 0.0115790163827  0.185017220288 0.288779216643 -1.97151051074  1.58824309304  12.0040746335  -2.13968552426 -0.441052522649  -2.28364963899 1776585378.96
   0.17371708554 0.00487562069359   0.131408519771 0.217875185723 -2.06889871223  1.47501483769  11.7888430491  -2.62937634144 -0.160707562991  -3.06833048118 1776585378.98
 0.126808950428 0.0057962240661 0.0746084902884 0.147243108311 -1.67458583992  1.21067752625  11.1475620205 -2.39623093102 0.288135196945 -2.99473747594 1776585379
0.0841665880688 0.0156436355336 0.0194909965916 0.0877988429763 -1.20450592298  1.20038078066   10.579088875 -1.88638416203 0.698379859361 -2.52264134298 1776585379.02
 0.0484604203866  0.0348025296176 -0.0301661600837 0.0668552587762 -0.779389736781   1.50763995846   10.1937169907 -1.36325133103  1.01800525658 -1.98177196643 1776585379.04
  0.021234379896  0.0626381385061 -0.0719941779346 0.0977629630359 -0.44134945221  2.46503488245  9.99054431755 -1.08028158613  1.48211842369  -1.7707824151 1776585379.06
0.00272434530553   0.097551242893  -0.105136092488 0.143447777923 0.0922796884333   3.61416965418   9.85142767097 -0.702316626118   1.78351578314  -1.39134348524 1776585379.08
-0.00812297295064    0.137190413372   -0.130153361568 0.189280452604 0.811384032271  5.00007053205  9.79913023179 -0.395443082202    1.9905054859  -1.06927107738 1776585379.1
-0.0134147667508   0.178789207424  -0.148775965109 0.232980309152 1.81341048415 6.69228784003 9.81555871687 -0.203170226947   2.15395098037 -0.873212716041 1776585379.12
-0.0158933560191   0.219569728883  -0.163549973886 0.274248169666 2.77239493952 7.44334262316 9.86716052119 -0.124473103986   1.95157681143 -0.713895102327 1776585379.14
-0.0184121153931   0.257141151872  -0.177437439806 0.312961056722 4.12865406579 8.60646444455 9.91498904135  -0.19869979659   1.85678281616 -0.789297852026 1776585379.16
-0.0234115185126   0.289824430531  -0.193414471027 0.34922121547 4.76912005867 7.88840021124 9.88583728555 -0.335469796661   1.42177124042 -0.873022582402 1776585379.18
-0.032500585693  0.316850198986  -0.21410110624 0.383783298699 5.94399624128 7.78438307657  9.7592446694 -0.566405318986   1.20624568442  -1.19274365185 1776585379.2
-0.0462212519092   0.338401203295  -0.241447502846 0.41826866384 7.09993515634  7.1873754438 9.46215110131 -0.829758806796   1.01721674399  -1.64226967884 1776585379.22
-0.0640265632311   0.355498480824  -0.276497740759 0.454895121222 7.21445662856 5.33906841345 9.03641039477 -0.954941951398  0.783212827841  -1.94340909385 1776585379.24
-0.0844528172466   0.369757509673  -0.319252830845 0.49575726349 7.72958627311 3.69661713978 8.37710719622 -1.08272078769 0.720890723806 -2.41013230891 1776585379.26
-0.105425886296  0.383062732206 -0.368652474665 0.541992916359  6.9602000406 1.50569721678 7.82466291406 -0.962380277134  0.657981359581  -2.47798569848 1776585379.28
-0.124623201238  0.397222083191 -0.422685579208 0.593278538742   6.92128105116 -0.367580281114   6.99365631211 -0.86299055449 0.767867564034 -2.75946969541 1776585379.3
  -0.1398174972  0.413663533514 -0.478621937915 0.647877620339   6.4542754996 -2.15248418944  6.28335450702 -0.622029649162    0.9129538614   -2.8061251749 1776585379.32
-0.149151104718  0.433221724404 -0.533336844037 0.703118271517  5.72123354697 -3.55837639758   5.8494874595 -0.28619494879  1.05429313329 -2.61398755619 1776585379.34
-0.151320349228  0.456038068625 -0.583684281569 0.756013166999  5.36969594698 -4.86729571081  5.39617091571 0.0908852339517   1.26508993998  -2.44731244101 1776585379.36
-0.145677650902  0.481570958794 -0.626868283262 0.803801225979  4.31689549576 -5.02773144104  5.91859051372 0.450447304772   1.2454173846 -1.82315501675 1776585379.38
-0.132275563169  0.508693967311 -0.660766765752 0.844321677865  4.06983303239 -5.56918765561  6.18748612477 0.844463739067  1.35624439082 -1.43175208312 1776585379.4
 -0.11187799329  0.535854634845 -0.684174154381 0.876214099744  3.82051824482 -5.70645042163  6.93636887908   1.21015317541   1.37351109334 -0.945046816427 1776585379.42
-0.0859505987199   0.561272313476  -0.696943392863 0.898968413322  3.27513592353 -5.01253662904  8.28745721994   1.37501477713   1.17722536027 -0.394323773769 1776585379.44
-0.0566217479828   0.583162528819  -0.700020421299 0.912859872926  3.0288264937 -4.4959445711  9.7671074297  1.52817885167 0.996436251348  0.04043061157 1776585379.46
-0.0265876673961   0.599979416832  -0.695372843961 0.918817499179  2.43703747709 -3.33076641154  11.3273597406  1.36125450014 0.648899548878 0.335078961324 1776585379.48
0.00106996915175   0.610663726588  -0.685819343798 0.918291622597  2.07850353044 -2.45593572377  12.9187907281  1.17267751823 0.351006235263 0.485545833613 1776585379.5
  0.02317370359  0.614874007391 -0.674769203163 0.913192500539  1.94130628566 -1.77849643318  15.0139837674  0.947904581865 0.0663736132541  0.528278555503 1776585379.52
0.0368391346631  0.613168333912 -0.665884760244 0.905944281664   1.45674134843 -0.797324012634   15.9092868038  0.402962633105 -0.187104857286    0.2907622561 1776585379.54
0.0399193631679  0.607098610894 -0.662686182658 0.899619506009   1.34990357994 -0.137596353918   17.4386066768  -0.137535247387  -0.355609418778 -0.0570472923157 1776585379.56
0.0314300037707  0.599182552599 -0.668128376169 0.897999500845  1.38467646853 0.338281661244  18.3258493113 -0.714882405659 -0.366106262263 -0.548001643732 1776585379.58
0.0118638816425  0.592730810826 -0.684192447002 0.905312029261  1.57688623015 0.486603403639  18.1420230266  -1.12764947419 -0.179406254496  -1.01745469883 1776585379.6
-0.0166884253993    0.59152702901   -0.71154463537 0.925461235123  2.49109235022 0.420838798469  19.5190202752 -1.66391043998 0.177025733427 -1.73299489767 1776585379.62
-0.0506658947806   0.599383440238  -0.749318418263 0.960887940018    3.33846980146 -0.0396457393523     18.954113542 -1.72641707694  0.70563563657 -2.09792535477 1776585379.64
-0.0854194591833   0.619619352368  -0.795065923685 1.01160983034   4.60497793921 -0.757554735851   18.7999554681 -1.64687574047   1.3942281614 -2.41658432074 1776585379.66
-0.115805043396  0.654529577361  -0.84490197769 1.07502517534  5.55521711154 -1.56467886147  17.8809321306 -1.21396344911  2.01158559374 -2.32912712994 1776585379.68
 -0.13689744578  0.704920418318 -0.893832303567 1.14655566534 6.65157785465 -2.4809938775 17.4298489641 -0.674231541663   2.68893572828  -2.13050643781 1776585379.7
-0.144705682496  0.769789627128 -0.936225201027 1.22066925562  8.13319316421 -3.65952484561  17.6773545927 0.00341058110259     3.5769737294   -1.83618868996 1776585379.72
-0.136762725394  0.846213432258 -0.966363066663 1.29175802401  8.35148556814 -4.37603491902   17.203033649 0.804943023857  3.98875990789 -1.06850119146 1776585379.74
