-0.0060285425594469   0.136930770880842  0.0692981475264622 0.153585847622794 1776585315.46604
  0.00980039251491356 -0.000766620612492345    0.0407838319979457 0.0419518337268651 1776585315.47933
 0.0153476260823012 -0.0185113860872762 -0.0321581914172103 0.0401543312291498 1776585315.49632
 0.0599992896608168 -0.0421827905653684 -0.0495617643362518 0.0885193259339818 1776585315.51856
 0.0113619444673391  0.0259380259585917 -0.0289682134748962 0.0405096576711608 1776585315.53774
0.0890609500630481  0.102064146652635 0.0153431685108373 0.136324450037458 1776585315.56206
0.0841905934342134  0.205055494231314 0.0536436065370261 0.228064570373289 1776585315.58164
 0.10813457934361 0.251799078000374 0.123309589939141 0.300501444094063 1776585315.59839
0.263109394032372 0.270160029596344 0.198290473984998 0.426065848071369 1776585315.61621
 0.112412943861102  0.262607708966152 0.0899691220396672 0.299489434999899 1776585315.63409
-0.0578684711248154   0.209028994968025 -0.0696252934415603 0.22779280536156 1776585315.65796
 -0.0909278003408599 -0.00251286789706792  -0.0204631794874269 0.0932358358928049 1776585315.68085
-0.123122599491285  -0.12350603492555 0.0724171387503454 0.188831028047059 1776585315.69878
-0.046396349375918 -0.231344179627855  0.119660577961285 0.264558886830752 1776585315.71856
-0.0732614247072438   -0.23645202640334    0.13892571594504 0.283861148611822 1776585315.73655
-0.0487480138727804  -0.197438035976636   0.137364943423749 0.24541245809588 1776585315.76199
-0.0357210466178877  -0.145197312786854  0.0854986774868252 0.172244816072928 1776585315.78209
-0.0430345870951689 -0.0798689974002938  -0.016993201611964 0.0923027699107923 1776585315.80025
 0.0219356357212414 -0.0590025397280333 0.00140101919333638 0.0629637567465066 1776585315.81994
-0.0119771877704502  -0.058074723783752  0.0227014576181615 0.0634939583538221 1776585315.83803
0.00774994938991692 -0.0984815830253027  0.0401412107661674 0.106630205441468 1776585315.86193
-0.0375797508257091  -0.109550634993276  0.0166618779481434 0.117009390547559 1776585315.8819
-0.0933799706329139  -0.101096126996134  -0.015372591517475 0.138479465549898 1776585315.90181
-0.0575706722318315 -0.0728612964205798 -0.0289708566590283 0.0972751836434685 1776585315.9182
-0.0856064183697106  -0.034119089274255 -0.0354497442693246 0.0987383182343866 1776585315.9365
-0.0539874056898991 -0.0530553163754893 -0.0018477308265477 0.075716052974494 1776585315.96365
 -0.0193819302537505  -0.0430736162510628 -0.00562612434644731 0.0475673092834434 1776585315.98079
-0.0171812195647274  0.0146142308915654  -0.054354661371589 0.0588489529482341 1776585316.00035
0.00865167057323452  0.0467363943005531 -0.0565031208739612 0.0738359304432606 1776585316.02162
-0.0183901568590195  0.0422265580779219 -0.0177185280327396 0.0493480122401544 1776585316.03773
0.00330658675252401  0.0330406552211268  0.0082866902347268 0.0342240799502288 1776585316.06106
 0.0288286786615646 0.00754491752968231  0.0123155529844946 0.0322442450557514 1776585316.08403
   0.010736834548575   0.0503012783370914 -0.00420093888501808 0.0516056790090458 1776585316.10188
  0.0477386458263615   0.0156645774280225 -0.00637210344500563 0.0506454439574494 1776585316.12021
0.0094557036475134 0.0240708353185601  0.018351883396626 0.0317113082134149 1776585316.13814
0.00106800218079077  0.0327175599475577  0.0439062157719811 0.0547661861096422 1776585316.16199
0.0150988225205701 0.0106407191117157 0.0372854821903328 0.0416101733580591 1776585316.18412
0.00556874176646185  0.0480633189882297  0.0153664710477963 0.050766346623414 1776585316.20231
  0.0521142032682382   0.0857963743488508 -0.00444401642853669 0.100482124359055 1776585316.22132
0.0343788168418477  0.140112230062221 0.0408738560279608 0.149946697753064 1776585316.24131
 0.062049449910699  0.143946267582369 0.0754083887637459 0.173945644616528 1776585316.26195
0.0664174259505151  0.188987499353412 0.0983823551833694 0.223174006535651 1776585316.28442
 0.111753300443719  0.157935550246441 0.0732818423119275 0.206888053314686 1776585316.30231
 0.181423720260541   0.12138429710068 0.0987334220946683 0.239576715259069 1776585316.32189
 0.183418115587242 0.0403189901734998  0.130604050818958 0.22874711841793 1776585316.33898
  0.144905154587665 -0.0168080081793151   0.128687759731337 0.194526482695034 1776585316.36182
 0.065860551479832 -0.101683256467764 0.0610784357121523 0.135674876805399 1776585316.38578
-0.0169673768396499 -0.0478355229974388 -0.0557075341428875 0.0753621821442172 1776585316.40402
-0.00670515192541384   0.0258571393860839  -0.0846934450969537 0.0888061392132603 1776585316.422
-0.0137714702972135  0.0673388728959935 -0.0628129657807719 0.0931109331240227 1776585316.43972
 0.0425640413804945   0.104713955933254 -0.0131968586282261 0.113801877240603 1776585316.46211
  0.0699401866806156   0.0264659910136977 -0.00937226636978389 0.0753652291853655 1776585316.48648
   0.077042780025463 -0.00450502588555055  -0.0822085048548834 0.112756922105726 1776585316.50433
0.0236532668978759 -0.141170083762097 -0.179390951353081 0.229498546861855 1776585316.52593
-0.0976896602122875  -0.182314932011318  -0.182013011665295 0.275519038474938 1776585316.53966
-0.162531370564038 -0.251942622637225  -0.16239084000336 0.340972603643966 1776585316.56474
 -0.178919311547872  -0.147066726537021 -0.0612494336090848 0.239566765676112 1776585316.58604
 -0.194877901545907 -0.0650969176311498  0.0583737540050149 0.213594242320927 1776585316.60457
 -0.115710813687704 -0.0188728286366102  0.0644647298825685 0.133794160798781 1776585316.62196
-0.124349552577149 0.0139010551708555 0.0879641052838007 0.152950104215002 1776585316.63983
 -0.0953611187092293 0.000637023321010117    0.117926111241137 0.151659871002992 1776585316.66194
-0.0505741404846096 -0.0188266159937809   0.101703487776364 0.115133768206428 1776585316.68676
-0.00125797759360681   0.0140457797728533   0.0282462351627079 0.0315708130703108 1776585316.70665
 0.0359649332873862  0.0202949702544224 -0.0083431462748732 0.0421303967908915 1776585316.724
  0.0183498127197683 -0.00992722183669345 -0.00517576286604031 0.0214954386205766 1776585316.75036
0.00538787961564213 -0.0174545871634908  0.0118223974932372 0.0217591576649614 1776585316.76193
 -0.023478890626132 -0.0369756747547763 -0.0165236152330555 0.0468133387932856 1776585316.78672
  -0.128147094115919 -0.00586335173426539  -0.0381125416064249 0.133823101337607 1776585316.80585
 -0.153930480120893 0.00461003132774557 -0.0848786809604125 0.175841506990445 1776585316.82393
 -0.186856956375925 -0.0290356220529921  -0.084256346040522 0.207021064972091 1776585316.84194
 -0.185131037354845 -0.0515627870753112 -0.0328627513617898 0.194967131666139 1776585316.86422
  -0.128502166503759  -0.0702250527169106 -0.00615970186820008 0.146568437094614 1776585316.88681
-0.0988892842861636 -0.0785830630473778 -0.0408166410675708 0.132741804012816 1776585316.90905
-0.0571323134603599 -0.0520953065985712 -0.0644403238411709 0.10065077022898 1776585316.92416
-0.0714584970838031 -0.0164935400826821 -0.0286658660341376 0.0787406219522177 1776585316.94163
-0.0643873664955503 -0.0209632310320427  0.0427120488993014 0.080059410069719 1776585316.96257
 0.0499354670030498 -0.0132983792220559   0.154452277965065 0.162867749795175 1776585316.98656
 0.152431784841855 0.0446890682169516  0.185930328954427 0.244545801585867 1776585317.00432
 0.201657435613665 0.0706262791398522  0.176105146585613 0.276887730492632 1776585317.02193
 0.158348996078392 0.0586537631471709  0.167521398953886 0.237861488261185 1776585317.038
  0.13811059841352 0.0313032354555786  0.173565178031258 0.224007368113529 1776585317.06141
  0.14464508113459 -0.034145634024421  0.152095312210173 0.212652551867293 1776585317.08555
 0.0861893115532184 -0.0828471044845848   0.129451516446075 0.17620991815924 1776585317.1028
 0.0530609441961927 -0.0392751187726545  0.0533454554252174 0.0848748276470795 1776585317.12258
 0.0108540274870222 -0.0312865012303557  0.0187669247240618 0.0380637956006056 1776585317.14026
0.00204731307905733 -0.0304999629467358  0.0535016057147352 0.0616186744798273 1776585317.16204
 0.0237838886136552 -0.0260231058086585  0.0397694320626357 0.0531458664441553 1776585317.18879
 0.0321990667288567 -0.0567066026793784   0.023735777109779 0.0693960070944385 1776585317.20613
 0.0609256916201383 -0.0440996196867492 -0.0135955624759974 0.0764300704889564 1776585317.22432
  0.0777816529345681 -0.00284130872627702 -0.00814386385889623 0.0782584250228936 1776585317.24186
0.0399189928701388 0.0308871447143776 0.0233730044511347 0.0556222890345755 1776585317.2621
 0.0476648064009836 -0.0236361526890342  0.0313829780263886 0.0617696753511574 1776585317.28888
  0.0106653220140932 -0.00375951622976481    0.050325343180392 0.0515802600048739 1776585317.3069
0.00529029198592087  0.0346793541865972  0.0103858545656478 0.0365856634647309 1776585317.32525
-0.0510979122544132  0.0354842902246388  0.0276497932236739 0.068078209104074 1776585317.34241
 -0.0580032509738913 -0.00247969902601184    0.028057220544832 0.0644804905029512 1776585317.36282
  -0.10145657864307  -0.036126902768127 -0.0123875929663539 0.108406839789172 1776585317.38844
  -0.18223586485795 -0.0415277981672702 -0.0265486282994987 0.188783733742427 1776585317.40704
 -0.196873826175568  0.0146749697202385 -0.0900060343915216 0.216969454984303 1776585317.42516
 -0.203554786049032  0.0409089363768848 -0.0652241759410736 0.217628778258178 1776585317.44404
-0.189633164909398 0.0294301080924454 0.0190113517187798 0.192842681971764 1776585317.46857
-0.0779032182278841  0.0500518773892314  0.0678707435054599 0.114806531453711 1776585317.48812
-0.000874633864600078  -0.00753630280020933     0.106216068055429 0.106486684413823 1776585317.50624
 0.106013561708916 0.0428104554915508  0.107992470896109 0.157270417230486 1776585317.52515
0.120697184229198 0.101602299675104 0.139494196305201 0.210593134700447 1776585317.5421
 0.12488458564282 0.153361196842498 0.220337679150513 0.296081930015286 1776585317.56036
0.176298135260333 0.206785855436159 0.305412625660588 0.408801045030011 1776585317.5883
0.256785187836909 0.223825298164882 0.315509859921093 0.464309022633055 1776585317.60801
0.203239887503292 0.259702521171994 0.191348020476833 0.381268824211794 1776585317.6249
0.0954203675061886  0.298173084743237 0.0549264528765672 0.317850830148225 1776585317.64256
 0.0333223251040957   0.287787237206411 -0.0219378873204216 0.290539398618028 1776585317.66204
-0.0632851429534026   0.280854408655042  -0.123767892307757 0.313373099269721 1776585317.69114
-0.202075418276441  0.203832587540274 -0.188871421135374 0.343590762589243 1776585317.70973
-0.179435680124402  0.159281761597298  -0.20239583807557 0.313897942251232 1776585317.72904
-0.301482043051938  0.139754518018262 -0.164449229575658 0.370764476045528 1776585317.7439
 -0.348181094265465  0.0910579300406564 -0.0607530483297775 0.364982950161437 1776585317.76193
 -0.264859142161728 -0.0983317538550006   0.133429392600383 0.31244663834414 1776585317.79056
-0.0447940663848812  -0.341431497242056    0.22736286114741 0.412644939774356 1776585317.80842
0.0966138305543281 -0.477188073240093  0.167630350356441 0.514920016951755 1776585317.82524
0.0885805444665809  -0.52857082794028  0.114770831467179 0.548093036594278 1776585317.84194
0.000440217688530134   -0.511050391003728   0.0571378454158342 0.514234799790368 1776585317.85867
0.00734489007382254   -0.51239834520296  0.0349700401785634 0.513642789579507 1776585317.88438
-0.00922235734485089   -0.453949806848986   0.0295325837729148 0.455002914845094 1776585317.90943
 -0.101251462447042  -0.346377459950887 -0.0588704386525262 0.365643175728515 1776585317.92211
-0.124797121655397 -0.252777134446766 -0.115838861835305 0.304777366587299 1776585317.94008
-0.119964447291527 -0.222269771417661 -0.161940957957156 0.300033654385807 1776585317.96197
  -0.0743702945034 -0.218022663393645 -0.164778632707287 0.283225740805217 1776585317.98291
-0.037843803479007 -0.348257557443254 -0.144729359572653 0.379027792253298 1776585318.01425
 0.179352980819344 -0.401654300692935 0.0465208103072646 0.442332290010077 1776585318.02325
0.00340083445077606  -0.349607777180268 -0.0614430612276283 0.354982271829048 1776585318.04186
-0.0268416076229858  0.0106181913196121   -0.20894644156355 0.210930873341851 1776585318.0621
0.0618310366221657  0.277496862118553 -0.214105738558593 0.355905679723063 1776585318.08597
   0.156185870344942    0.247374227693863 -0.00946848254862881 0.292707510638719 1776585318.10789
0.160140599957274 0.114116258061735 0.108661055568877 0.224665878820151 1776585318.1247
 0.0566718692496181 0.00847695922448033   0.151165330952846 0.161661735992234 1776585318.14267
 0.0205925353523465 -0.0211816521487256   0.178091487215685 0.180525047344356 1776585318.16217
 0.0403455804979848 -0.0731059581362302   0.141762805727571 0.164526411461773 1776585318.18584
-0.0772323187606001  -0.151746793107734  0.0289449595825719 0.17271285697613 1776585318.20733
 -0.186593166670505  -0.116789645581559 -0.0555300603710453 0.227025150078146 1776585318.22421
 -0.248616771949004 -0.0895013083548071 -0.0889380942545678 0.278802381806898 1776585318.24244
 -0.251912056482666 -0.0624734704147059  -0.069169698143039 0.268602058533032 1776585318.26591
   -0.18631733087438  -0.0484791143284736 -0.00672671252903755 0.192638576021716 1776585318.29014
 -0.109391246158539 -0.0623739159833902  0.0321650012867937 0.129967447612857 1776585318.30201
-0.0726965522519302 -0.0786394997717109  0.0155379223575181 0.108214539988168 1776585318.31975
-0.0269737228947079  0.0235496851385271 -0.0609131154196591 0.0706581702781282 1776585318.3358
0.0825889007815861 0.0879209710663228 -0.239703841950651 0.268344844428691 1776585318.35795
 0.164438881638182 0.0979492177946431 -0.367474886307552 0.414333183715408 1776585318.37606
   0.326569550758 0.133107155113383 -0.55961235028159 0.661461388753981 1776585318.40071
 0.515793863056029  0.136412174213389 -0.777753507035062 0.943160701124269 1776585318.42187
 0.504058557097003   0.11195991958946 -0.768999610481132 0.926266945052734 1776585318.44286
 0.474077631849746  0.119048173038983 -0.662829073003192 0.823568120159136 1776585318.46196
 0.440257104973694 0.0843558451094397 -0.563808906853264 0.720293489163284 1776585318.48449
 0.342387054958616 0.0331964666077757 -0.459494336644366 0.57399124227354 1776585318.50786
0.00241550888069415  0.0284070964299676  -0.131919508101196 0.134965011867504 1776585318.52827
   -0.238488602837052    0.0166685609305308 -0.000666855626178465 0.239071326810829 1776585318.54294
  -0.261805705787327 -0.00586111745042259    0.195964082391846 0.32707568217195 1776585318.56202
 -0.204937221871289 -0.0209970982580802   0.241509300743234 0.317438002433652 1776585318.58572
 -0.151392777005861 -0.0369853274822929   0.202699031897942 0.255684541791015 1776585318.6079
 -0.134137838536551 -0.0229404778640884  0.0696763116266722 0.152885622783137 1776585318.62606
 -0.147143198613021  0.0652524585858477 -0.0141460419554246 0.161583151202635 1776585318.64292
  -0.16858378969987  0.0954708485880114 -0.0456695084033103 0.199049946188099 1776585318.66102
 -0.133090016001705  0.0693623797342663 -0.0134583851720422 0.150682514623209 1776585318.68437
-0.109031196879332 0.0107337176525707 0.0219084701570439 0.111727327240058 1776585318.71301
-0.0761933962524985  -0.026493235873811  0.0538100428652092 0.0969682726086801 1776585318.72604
 -0.125158366229312 -0.0633343305455098  0.0810220288315192 0.161988960175729 1776585318.74373
 -0.140482867843031 -0.0497389921129626   0.160506464925141 0.219024493553989 1776585318.76059
 -0.100788917554442 -0.0373893473619848   0.187522261357109 0.216150335883235 1776585318.78294
 -0.103779735141109 -0.0397464811951864   0.206201545677228 0.234241528412526 1776585318.81074
 -0.0611198868555987 -0.00644663281906116    0.149223819750652 0.161384472688422 1776585318.82516
-0.079174178515256  0.023907948760468 0.0822181640690776 0.116618896669402 1776585318.84265
-0.0967141350485555 -0.0102580352975454  0.0797663799013196 0.125783649847337 1776585318.86532
-0.0726540077792883 -0.0245742922347648  0.0979815451684274 0.124430236995776 1776585318.88208
-0.0524139384134886 -0.0700253680337237   0.126204974154046 0.153552820259007 1776585318.90597
-0.0379834941390955 -0.0398012356476525  0.0974929777698788 0.111945365694756 1776585318.93163
-0.0286128990254309  0.0011240186428271  0.0378374926513467 0.0474514199860199 1776585318.94437
-0.00599584409953305 -0.00591341488623996   0.0319018510262072 0.0329946468534068 1776585318.96244
 0.0279465729634341 -0.0135279397074799  0.0835973230019768 0.0891769505322233 1776585318.98391
 0.0431789882281991 -0.0472252447859886  0.0892375325607558 0.109808861149907 1776585319.00792
 0.0740440215602651 -0.0106395679843327  0.0447191830017984 0.087152296952281 1776585319.03065
    0.03078030251242 0.000885141440505602   0.0300212594796054 0.0430056568240456 1776585319.04456
0.000890186819318633   0.0267124218319072   0.0585968752773063 0.0644045006576655 1776585319.06202
 0.042797896936405 0.0299324901332069  0.108734464256667 0.120626687200379 1776585319.08396
0.0957272031942546 0.0239028204830456  0.116062094947441 0.152333358598922 1776585319.10817
 0.106661568447116 0.0668914525321759  0.125711725930024 0.177917381505486 1776585319.12702
0.0744566202708891 0.0873773719596512 0.0658132219150228 0.132325256892154 1776585319.14431
 0.0281440555477206  0.0578320369912193 0.00631818093331193 0.0646262468006073 1776585319.16159
 0.0336022791704852   0.068015573503616 0.00579204816915544 0.0760840274070112 1776585319.18633
     0.10423375727807     0.139275737313343 -0.000808233602004326 0.173962813273511 1776585319.21484
0.0516344078509794  0.222698757843978 0.0408054614838021 0.232219582521109 1776585319.22789
 0.051905266094454   0.30597940418439 0.0618966362406392 0.316462866717845 1776585319.24454
0.0884595108845218  0.330330689547975  0.112549227244353 0.360014969239433 1776585319.26199
 0.12225138574952  0.33393481798974 0.166130880839315 0.392501380318548 1776585319.28233
0.215394365629555 0.355243979860372 0.135563227811915 0.437001609501361 1776585319.30797
-0.0213825588472023   0.176832635957415 -0.0471069314007111 0.18424456015984 1776585319.33575
  -0.15071180638922 -0.0145802165667788  -0.108409586256479 0.186223708728338 1776585319.34615
 -0.196290553545077  -0.123203613781259 -0.0871630372727564 0.247601508328213 1776585319.36185
 -0.203783549835316  -0.223057541835419 -0.0239323853878111 0.303076164063579 1776585319.38006
   -0.237776215895155    -0.334115407725884 -0.000712938480696193 0.410086750342571 1776585319.40977
 -0.27437949782719  -0.23143089736744 0.0196141385631843 0.359484469088409 1776585319.42793
-0.182455883937343 -0.094048370809049 0.0241684327444951 0.206686619732674 1776585319.44894
-0.106500886221512 0.0254735733144991 0.0467593051655635 0.119070459489089 1776585319.46205
-0.0880595105131355  0.0774466900349295  0.0821479020013873 0.14318081223547 1776585319.48454
-0.0434781822878512  0.0089841229832408  0.0211219079278971 0.0491650464796707 1776585319.50799
-0.0179758002399858  0.0372307732481062 -0.0449656406851478 0.061083293240833 1776585319.52832
 0.0111723134763091 0.00363432369951692  -0.105802014710405 0.106452314272385 1776585319.54514
 0.00829351663817696 -0.00228392483285183   -0.134294057555504 0.134569285595157 1776585319.56268
-0.0507344307875374 0.00772441439342659   -0.13094632902304 0.140643485912669 1776585319.58193
-0.0214356942382954  0.0216424900438609  -0.132154475327949 0.135619658279992 1776585319.6079
-0.0445125579592722  0.0280410215688101 -0.0450842190726457 0.0692838618733854 1776585319.62861
-0.0401970781222053  0.0530967668381812 -0.0555423709038298 0.086718087524169 1776585319.6456
-0.0154170583105087  0.0173571726785961 -0.0116825264159547 0.0259892007149836 1776585319.66198
0.00411140552411992  0.0112090414038323  0.0619830606529347 0.0631224688401996 1776585319.68227
0.0568662494964901 0.0186018482747645 0.0953723116468699 0.112586308758668 1776585319.70775
0.0417072678084323 0.0180624382843102  0.121342398027903 0.129575172868806 1776585319.72822
0.0119575705008867 0.0742052402011482  0.060669018193748 0.0965926028958072 1776585319.74712
0.00745649272599231  0.0795720661485446  0.0381156359819203 0.0885444221915045 1776585319.76199
0.00977636070122591  0.0527512404931145  0.0696714087963507 0.0879339286384447 1776585319.78202
 0.0571219121132087 -0.0147021219291236   0.128809517998353 0.14167200556093 1776585319.80665
   0.19927361618659 -0.0909216242622864   0.222641745544762 0.31232365060269 1776585319.82837
0.265363025578187  -0.1019546675279 0.200722166830727 0.347996663535667 1776585319.84486
 0.336673153278861 -0.108849976917964  0.200724640162832 0.406801561922114 1776585319.86204
  0.335703790223933 -0.0643765971523404   0.220646935648193 0.406849420845805 1776585319.87985
  0.309597712598891 -0.0485162569622837   0.260412906866558 0.407454847681049 1776585319.90143
  0.284974849128585 -0.0600602732114586   0.185984884705469 0.345555029471431 1776585319.92457
 0.218808449947565  0.029628434897516 0.0928165459656839 0.239520130945046 1776585319.94032
 0.063760531368804 0.0883356194963902 0.0388509961618216 0.115663247987462 1776585319.95593
   0.05535142260714   0.162427030694909 0.00438845060931943 0.171655407091503 1776585319.97409
0.00557453025523333   0.216578019047346 -0.0187703950306066 0.217461356225983 1776585319.99811
-0.222535310375425  0.247689120474118   -0.1645715426497 0.371423824512148 1776585320.02488
-0.343075982108512  0.315529623223695 -0.167928167293665 0.495439140563214 1776585320.04411
 -0.116819397829232   0.100837931275147 -0.0339342120162736 0.158008198642353 1776585320.06173
 -0.0148772028850227 -0.00590323358874061   0.0924278631447269 0.0938034605864076 1776585320.07992
 0.0225251213598144 -0.0936239894079106   0.171980821775737 0.197104630954183 1776585320.10453
0.00698220173858086   -0.10136431477323   0.110392572167401 0.150033314434826 1776585320.12799
 0.0198647455943402 -0.0701772885547494 -0.0505715667047503 0.0887521453565908 1776585320.14563
  0.049212498721594 -0.0325267726147969  -0.081907475457739 0.100939068269019 1776585320.162
  0.056264655377197 -0.0135475395959185 -0.0657436678409394 0.0875869689793949 1776585320.17979
0.0585313698584258 -0.043848626109814 0.0368332044603503 0.0818859464135334 1776585320.20365
  0.108814836421575 -0.0792000135953674  0.0753372820985709 0.154236885513681 1776585320.22783
  0.103549701524235 -0.0237873527586391 0.00479526242350779 0.10635494054689 1776585320.24519
 0.0892670741887046 -0.0151158011833799 -0.0168053784483373 0.0920843022692739 1776585320.26201
 0.0558680835274589  0.0113911750817499 -0.0316878923992218 0.0652313126610132 1776585320.28003
 0.00859360752657603  0.00781601906773654 -0.00316519536287617 0.0120398798197166 1776585320.30369
-0.0911511955813005  0.0193041388006867 -0.0455070511164242 0.103692246248452 1776585320.32772
 -0.155067692208911  0.0613682452051191 -0.0806843913500565 0.185262035220609 1776585320.34578
 -0.134738280693882  0.0709146768223838 -0.0813452390133956 0.172627760175799 1776585320.36195
 -0.155181726929628  0.0854121945978828 -0.0760997999586467 0.192789498968783 1776585320.37875
 -0.135430639063912   0.077580568389968 -0.0345999732461667 0.159866696774549 1776585320.40173
-0.123977945474857 0.0363974467064184 0.0149415741289756 0.130071348606697 1776585320.42694
-0.0983231245825417  0.0303979022011283 -0.0170231509804886 0.104313263563211 1776585320.44597
-0.0492436506052297 0.00999022096047782 -0.0151116976528321 0.0524700395056048 1776585320.46228
-0.0803240299156871 -0.0189117756859904 -0.0240770311239051 0.0859610869477283 1776585320.4783
-0.0881320606400181  -0.031698212585627 0.00314406255622186 0.093711909185209 1776585320.50013
 -0.153684368632169 -0.0480488176890686  0.0197887415120742 0.162231835142852 1776585320.52595
 -0.152765290881272  0.0239433152905286 -0.0821151392355039 0.175081159856814 1776585320.54463
-0.110775443102839  0.127598686449989  -0.10358648857394 0.198198850131559 1776585320.56196
 -0.14043124451692   0.15870269143556 -0.118425758953044 0.242759426365005 1776585320.58031
 -0.134247269620546   0.200556854881481 -0.0676534916026691 0.250643923458271 1776585320.59988
 -0.181900551921038   0.213692487583931 -0.0503228947970129 0.285104689157752 1776585320.62596
 -0.232946503402672   0.226978423803034 -0.0703221570594808 0.332758897842175 1776585320.64423
 -0.168747733650737   0.143820199021439 -0.0718562501389475 0.233073739281922 1776585320.6639
 -0.173012389927776    0.04356322423227 -0.0516344049551427 0.18573409312537 1776585320.67868
-0.170375507944829 -0.140572201578857 0.0199168252795371 0.221776999468837 1776585320.69883
0.0922221424410576 -0.433581546852445  0.256015906307089 0.511900405947893 1776585320.72568
0.554449721438603 -0.66085524197541 0.462060368842515 0.978592831010223 1776585320.7442
  0.40765556749624 -0.469047422031649  0.387414149857407 0.732310227523114 1776585320.7619
-0.0755255245533347  -0.330454904604273 -0.0293476113191449 0.34024378190676 1776585320.77843
-0.302382554341628 -0.255561766092931 -0.276232322203393 0.482753893084856 1776585320.79805
-0.230702198811973 -0.210191634791109 -0.371106501699991 0.484895930563295 1776585320.82374
-0.125090392522243 -0.151373334211559 -0.338878113545516 0.391662952615971 1776585320.84565
-0.0165242334467664 -0.0405542192546469  -0.249206519489123 0.253024869027216 1776585320.86
-0.0152546621176198  0.0471224637129397  -0.127271819670482 0.136569935875125 1776585320.87786
 -0.0181543276936903    0.149153167042311 -0.00940157042980865 0.150547787693171 1776585320.89793
-0.00533559389985559    0.141291225114456    0.057599949480904 0.152674271037431 1776585320.92327
-0.0345819191182238  0.0803159859289233   0.100891579448226 0.133512836570841 1776585320.94418
-0.024489473939291 0.0782505625163444 0.0832591643186973 0.116854496323399 1776585320.96206
-0.0172889649729792  0.0673585197314009  0.0844933981192434 0.109431315517905 1776585320.9799
-0.0653522333760514   0.015707337250781  0.0754955026110075 0.101080194722984 1776585320.9996
-0.0115812797935068 -0.0456007890678481 0.00831786941558162 0.047778080297146 1776585321.0243
-0.0656346307821658 -0.0475129691001422 -0.0447518382952402 0.0925641076304721 1776585321.04428
-0.0295148100944694 -0.0430577466633386 -0.0409932081104185 0.0663742169356515 1776585321.06248
-0.0244019795878243 0.00912488773647767 0.00929695169327959 0.0276614080407178 1776585321.08072
-0.0610060881857446  0.0841081570610481  0.0775218361460769 0.129636260202892 1776585321.09836
-0.0199108276975079   0.146508066047528   0.075892852277795 0.166195004447925 1776585321.12576
0.013805839796332 0.241735703463068 0.108840255140867 0.265467423011554 1776585321.14464
0.0528164241980581  0.258691886575469 0.0955088156058708 0.28077215086878 1776585321.16191
0.082002223437548 0.258304131341302 0.102093419947872 0.28960050986374 1776585321.18437
 0.09147274292015 0.208024430260292 0.134901434905728 0.2642722524634 1776585321.19802
0.127919436772274 0.271078407150924 0.157917604461236 0.338799136549067 1776585321.22803
0.155691968419926  0.26053385049268 0.167906170497413 0.346857835970473 1776585321.24397
 0.20779347984938 0.254061012673431 0.114418309094073 0.347586935721858 1776585321.25886
0.257939887823007 0.246583990616758 0.120923346239204 0.376774608783975 1776585321.27681
 0.23311567783057 0.216843391531468 0.160090095574459 0.356360511844838 1776585321.29564
0.253028425402548  0.20213612736342 0.208661456977949 0.385255761378508 1776585321.32405
0.211423451597463 0.109364655097229 0.152370908216959 0.282625896444012 1776585321.34578
 0.104080786171383 0.0632411116038226 0.0833712578430676 0.147590700524375 1776585321.36204
0.0649548035416584 0.0957826095206541 0.0908454582233464 0.147126925032542 1776585321.3911
0.0162123328430361  0.156348243793536  0.103869383409646 0.188405047393737 1776585321.39689
0.102180895357462 0.316279040687864 0.189075738381491 0.382391163338006 1776585321.42403
0.279152363579856 0.538358327160789 0.314585048438158 0.683168707726299 1776585321.4459
 0.43377259911091 0.560704812701435 0.238632684077627 0.747993390770318 1776585321.4619
0.207324367496945 0.373200360880684 0.179949413604291 0.463296551008109 1776585321.48004
0.0938090584443452 -0.240762384232063  0.113888864857719 0.28237800666111 1776585321.49622
-0.0759796749499392  -0.741384847168181   0.132334935288092 0.756925979018946 1776585321.52233
-0.333830127503827 -0.966804047266355 -0.169766650652606 1.03680920882949 1776585321.54422
-0.122530517664807  -0.59768548236495 -0.203952172262894 0.64330253548372 1776585321.56396
 -0.220097957812714 -0.0354330816101697  -0.299578179735861 0.373424289621835 1776585321.57767
-0.319071759124916  0.281148871303085 -0.334960760116095 0.54134109960691 1776585321.59587
 -0.28035854012321  0.390430068234388 -0.250477010857615 0.542010407805691 1776585321.62061
-0.232993266259693  0.392845146007028  -0.12220529725046 0.472807894963395 1776585321.64444
 -0.117122043456079   0.263190910819597 0.00992334636101749 0.288245557475527 1776585321.66201
-0.0109602699488716  0.0765993599100094  0.0424067569447026 0.0882378744675005 1776585321.67801
0.0960578874028792 -0.116492844882244  0.130864557153374 0.19980799023065 1776585321.69964
 0.254079146498775 -0.269189828172205  0.235698233890239 0.438831441143299 1776585321.72196
 0.291945953598539 -0.329493186415828   0.28995260079415 0.527134432971616 1776585321.74442
-0.0821018337964317 -0.0750990859928682  0.0562603558331383 0.124682843519758 1776585321.76275
-0.231528608801748 0.0910385193767604  -0.08154480769742 0.261807303882827 1776585321.77794
-0.307472184757741 0.0823990550741922 -0.171867255938848 0.361755583703649 1776585321.79554
 -0.269875395087613 -0.0055627804065114  -0.188382690595929 0.329168211581416 1776585321.8205
-0.128411048018843 -0.159366800490554 -0.174141390479769 0.268723646577894 1776585321.84426
-0.0167917154312045  -0.202350980268358 -0.0838918213231513 0.219694603046146 1776585321.86208
 0.0272408058320697   -0.16083116408654 -0.0438990706461268 0.16892558494025 1776585321.8772
0.0446914265497758 -0.105569147679083 0.0807951338490449 0.140249856336565 1776585321.90094
 0.0566256769539662 0.00756123099091938    0.14307480587757 0.154058558936196 1776585321.91993
0.0325801354165202 0.0745242337156153  0.151677879849275 0.172108994158439 1776585321.94416
-0.0665098416994901  0.0836307786692358   0.147860970108577 0.182429527942062 1776585321.96209
-0.0673522486681976  0.0720843050376652   0.113228856792154 0.150177383263539 1776585321.97792
-0.0864057607556569  0.0318610372735637   0.109652078887405 0.143194481710159 1776585321.9947
-0.0794041970238012  0.0142856882227717   0.117052402386181 0.14216318896736 1776585322.01823
 -0.111782073571575 -0.0436693152830956   0.108938252641889 0.162079560580363 1776585322.04493
  -0.0651331633747842 -0.000558665734426027    0.0619615993299823 0.0898992818110267 1776585322.06208
-0.0364369326534518 -0.0283156040312248  0.0532443387148014 0.0704583784799352 1776585322.078
-0.0402583645365412  -0.045425803582475  0.0823891136393655 0.102333794967992 1776585322.09509
-0.0387572204221527  -0.059029169125328  0.0829591702831914 0.108943971272179 1776585322.11793
-0.0363746387219761 -0.0286469074496848  0.0568717204808906 0.0733358864338712 1776585322.14292
-0.0511363829059175  0.0148497949068116  0.0134930955237548 0.0549318640889616 1776585322.16206
-0.0108021139165864  0.0077407809098481  -0.039799084261628 0.0419591761385438 1776585322.17667
-0.0153849060030707  0.0467020354962496 -0.0371092373054468 0.0616025238574544 1776585322.19199
-0.0337037192702878  0.0630271676600881 -0.0201255530448938 0.0742522891314878 1776585322.21191
-0.0192061365890829   0.009638485207552 -0.0181600668334278 0.0281347491044308 1776585322.23866
  0.0108944347916242  -0.0267457963345613 -0.00656519674918026 0.0296163491901725 1776585322.258
 0.0646895165920853 0.00296572853238547 -0.0233498237641871 0.0688385311614366 1776585322.27378
0.0461276271743806 0.0331367455752043 -0.091149599133654 0.107396700686196 1776585322.29224
  0.033539887061866  0.0272930299191633 -0.0595456013664386 0.0735901633941785 1776585322.31259
  0.045415610724962  -0.028755287052993 -0.0966120556690026 0.110559185650093 1776585322.34159
 0.0945247437404194 -0.0225428990090967  -0.194992226445951 0.217864815537698 1776585322.36189
   0.169315967830808 -0.00109320657496258   -0.268327146295662 0.317283074717628 1776585322.37674
 0.214769940061683 0.0273658016073278 -0.382771687084742 0.439760365068761 1776585322.39309
 0.267541939352808 0.0322615725203529 -0.438818554378754 0.514957495373363 1776585322.41393
 0.407755019255142 0.0371102160676815 -0.667182846038191 0.782798999687641 1776585322.44058
 0.562754759226035 0.0318331500537627 -0.754956982465795 0.942160450161095 1776585322.46041
 0.629921224734921 0.0492607514519514 -0.775998491452594 1.00070026968211 1776585322.4766
 0.631573245759054 0.0452887455634313 -0.869354132725869 1.07550566866051 1776585322.4941
 0.632322275799144 0.0815872515398749 -0.941358792460494 1.13694516852323 1776585322.51436
 0.727156884861278 0.0827122793419148  -1.17015371406859 1.38016599396725 1776585322.54202
 0.768464139625812 0.0422137825497113  -1.17835921729331 1.40742658149834 1776585322.56192
  0.684597677287014 -0.0367735550389856   -1.07939898391661 1.2787214085082 1776585322.57834
 0.762461643498217 -0.014275432014684  -1.11768875504131 1.353063080167 1776585322.596
 0.782974909286537 0.0255553386411728  -1.15380300277044 1.39461971630527 1776585322.61654
 0.964414076068063 0.0246069169931731  -1.29202022688987 1.61245659698941 1776585322.64389
 0.929804500325322 0.0141351137790214  -1.29834803176305 1.59701090223259 1776585322.66067
  0.780061483610486 -0.0407286515295048    -1.3232903188953 1.5366365898774 1776585322.68001
 0.898153141653588 0.0165252568900484   -1.0079509822856 1.35015455880725 1776585322.69692
  1.04421310856203 -0.030751800732893 -0.780529836476636 1.30405272706717 1776585322.71611
 0.843246891844199 -0.170951323102569 -0.705926474968567 1.11293389899714 1776585322.74287
 0.357880980445077 -0.137498778024139  -0.31629604806624 0.497019013866453 1776585322.76203
-0.162529998893757 -0.186933401784353 -0.130175877759735 0.279831835918633 1776585322.77675
-0.221792508548467 -0.138282454718226 0.0635046631602822 0.26897359791292 1776585322.79514
 -0.149035251166968 -0.0912235072838596   0.168687348013065 0.242875803140722 1776585322.80995
-0.176894308973417 -0.115066235497449   0.19672247785284 0.288498818700004 1776585322.83615
 -0.154804636575027 -0.0902608669165097   0.212656944681765 0.278090768856194 1776585322.86676
-0.0265587154395787 0.00201535870769925  0.0322735134184646 0.0418450320216514 1776585322.87238
0.0191643662763772 0.0064087439983387 0.0466285865609078 0.0508189927003621 1776585322.89219
   0.123866696543556 -0.00804838118412431   0.0948714337811238 0.156231635400723 1776585322.91603
  0.160078554631562 -0.0101657553793454   0.121025802143723 0.200937132008732 1776585322.94207
   0.211551323129388 -0.00779480141095474    0.125849960898196 0.24627816367861 1776585322.96202
 0.158348491663992 0.0350855178411741  0.113447718900667 0.197928328690486 1776585322.97988
 0.115125150837935 0.0139740249984863  0.125245020541769 0.170690916280345 1776585322.99628
0.136514599760986 0.103869151285791 0.144087373478192 0.224022783958634 1776585323.01392
   0.134933397191 0.123891801485069 0.140328468530029 0.230755886669665 1776585323.04071
0.163436762644265 0.085712989901548 0.102735348469414 0.211217527318717 1776585323.06487
 0.153828410155513 0.0765698630731795 0.0288018216811975 0.174228782450471 1776585323.0745
  0.107340727043358   0.043824217163088 -0.0358077120203087 0.121345728941251 1776585323.09418
  0.156836701442049  0.0362322264820839 -0.0984858641792904 0.188706095816254 1776585323.11168
 0.202140011961866 0.0525265059362982 -0.155437623868122 0.260346832466975 1776585323.13987
 0.224357551711761 0.0112014015619521 -0.311235539478406 0.38383504717712 1776585323.16171
  0.277609206953044 0.00364814243038386  -0.498908182342006 0.570954950180918 1776585323.17605
    0.23275445607572 0.000828719361644299   -0.701880012705052 0.739466615766884 1776585323.19525
  0.321501456569975 -0.0802107667075161  -0.767584111593263 0.836051626421983 1776585323.21363
 0.399137148300513 -0.106481708390453   -0.8866690579433 0.97817730278783 1776585323.23997
0.645506027178784 -0.11073747953093 -1.01613181733294 1.20891053874691 1776585323.26788
 0.445952290898855 -0.129092661500541 -0.856253128096818 0.974016314230319 1776585323.27792
   0.67252931512063 -0.0837023461033518  -0.932364333326898 1.15265129701048 1776585323.29975
  0.945168848213771 -0.0484198481468475  -0.865164676702903 1.2822630584801 1776585323.31694
   1.11283166582119 -0.0192503150842323  -0.973949749015895 1.47896687072203 1776585323.34425
   1.12843597254274 -0.0128993105297179   -1.03187769596824 1.52915195967482 1776585323.36185
 0.977640463491675 -0.115767215529337  -1.12775780568519 1.4970038718492 1776585323.38095
 0.862878011261114 -0.059710411158264  -1.24728393048331 1.51784090034513 1776585323.39877
 0.898529210196148 0.0892995651744662  -1.24266316470563 1.53607971630129 1776585323.41566
0.915310828329726 0.220093514712135 -1.33902951936125 1.63683692571887 1776585323.4388
0.789327170782273 0.324664128111567  -1.4191245118161 1.65600681117406 1776585323.4559
 0.61574772368336 0.267486482911073 -1.29924539156019 1.46244072196167 1776585323.47659
0.484297158501718 0.245864280048536 -1.46177345237581 1.55941482871214 1776585323.49839
0.790530491803437  0.12535928060771 -1.39380987756716 1.60728323033286 1776585323.51591
  0.771960110998762 -0.0340574575720516   -1.41376027392854 1.61114879372701 1776585323.54241
 0.610015364801283 -0.257031108132843  -1.14575699677934 1.32323196436243 1776585323.56159
 0.365430936918292 -0.366983410276523  -1.06692203528018 1.18597606318238 1776585323.58338
 0.292961446255028 -0.379542075018202 -0.883924436809883 1.00558490725081 1776585323.59912
 0.483421547843343 -0.280499287542808 -0.690279261987795 0.8881788686755 1776585323.61889
 0.546631996748582 -0.193292510379492  -0.67820481605895 0.89226134454189 1776585323.64102
 0.671699463539027 -0.153382586401227 -0.713519619534588 0.991875312017862 1776585323.66656
 0.537920316582251 -0.162549977090051 -0.477960866423492 0.73771766406683 1776585323.67716
 0.313103608374959 -0.356673960199248 -0.366157729630719 0.599434455491138 1776585323.69931
 0.470258268481884 -0.448815310320827 -0.325481112209589 0.726991042764044 1776585323.7333
 0.171174566739264 -0.235506135124861 -0.240605366704657 0.377696722870224 1776585323.74152
-0.0742722224089075  -0.139093330911715  -0.228995324180085 0.278032689124887 1776585323.75979
 -0.235183435247011 -0.0884156286235269  -0.197512658068032 0.319593212844982 1776585323.78174
-0.334449996237657 -0.059521143058166 -0.102029625570082 0.354696505407497 1776585323.80156
-0.0870101690290122 -0.0491133678344573   0.141879744452008 0.173530269118292 1776585323.8226
0.00577859062905386 -0.0773690765394303   0.166117775849097 0.183342525256072 1776585323.84179
0.0175003150014348 -0.122176366238555  0.159942494802926 0.20202704555626 1776585323.86085
 0.037699508806656 -0.113404390623447    0.1023784987653 0.157363165278203 1776585323.88013
-0.0806244497832577 -0.0872162397388236  0.0364170134050115 0.124230323360981 1776585323.90071
-0.0713376656168232 -0.0760140223933634  0.0129085460983791 0.105042013967985 1776585323.9198
-0.0804426242379272 -0.0236343519014398  0.0260394180230915 0.0877932211225146 1776585323.94196
 -0.0760819897865943  -0.0118636033003426 -0.00417758848528268 0.077114632195892 1776585323.96187
-0.0930009254567291 -0.0123751324838846   0.014476417095491 0.0949309364313047 1776585323.97988
 -0.157911640265482 -0.0109874946732457 -0.0219768243412362 0.159811739176617 1776585324.00547
-0.0352116897844691 -0.0167482250035124   0.011634564919517 0.0406906529698458 1776585324.01967
-0.00104119622909917 -0.00323668887823235    0.027426491596086 0.0276364376458352 1776585324.04026
  0.136435836925845  0.0165473875305899 -0.0356508689178759 0.141984288167187 1776585324.06026
 0.233605341791135 0.0189849057456602 -0.137884807490773 0.271926649110182 1776585324.07868
  0.226855533884445 0.00927756264641475  -0.257504473656865 0.343304617469608 1776585324.10039
 0.447335829040388 0.0342001854448286  -0.39376754419523 0.596935403112644 1776585324.11888
 0.577329118258796 0.0697504315411012 -0.501435126988887 0.767861458902588 1776585324.14035
0.656278018729939 0.114993551920623 -0.69109453784999 0.9599666739515 1776585324.16195
 0.656933063588628  0.114662012675113 -0.768032804776781 1.01714444224994 1776585324.17911
  0.327985806946659 0.00471215013730824  -0.815422537012459 0.878925939875029 1776585324.20105
0.621530879306315 0.114954215490954 -1.01574574914707 1.19635050570507 1776585324.22117
0.826293624069902 0.215138093518241 -1.09702100491959 1.39014410680908 1776585324.24282
0.900337524417548 0.209712276647971 -1.15084709364988 1.47615579456017 1776585324.26195
0.904528816611201 0.201141733217185 -1.20056528844892 1.51657093099865 1776585324.28173
   0.495329626135706 -0.00715464187123483    -1.12303341772115 1.2274390757779 1776585324.30158
0.535742278784354 0.199581114119336 -1.45125698934737 1.55980744309026 1776585324.32191
0.602076659866576 0.348669646669032 -1.52615239992794 1.67726204710839 1776585324.3422
0.850998108661861 0.371559467387529 -1.33377957357734 1.62518373411855 1776585324.36043
 1.09824243156101 0.282203536953982 -1.19124625170289 1.64464066195219 1776585324.38193
  0.731956196379755 -0.0714250785341706   -1.07318984137983 1.30099878973933 1776585324.40409
   1.09342049478892 -0.0492833385825378   -1.03330237112893 1.50522789506007 1776585324.42201
   1.14162873021133 -0.0156540513802119   -1.13315869670891 1.60860493561831 1776585324.44213
 0.960916834537921 -0.104785597270801  -1.17227354140757 1.51939673560858 1776585324.46183
 0.669655669104811 -0.198062395737369   -1.1172034223164 1.31750177024735 1776585324.48169
 0.228899170862855 -0.511884908823592 -0.896337763294185 1.05728065158229 1776585324.50401
0.0790399069386368 -0.409622629533263 -0.574587715007225 0.710062706915267 1776585324.52188
-0.0417336692884212  -0.281552330492739  -0.235667619051417 0.369530297306637 1776585324.54191
   -0.118201259202214    -0.146586361312775 -0.000124425780610678 0.188305906656385 1776585324.5608
 -0.152409176302508 -0.0782525931019416   0.111781750641922 0.204565845450701 1776585324.58055
 -0.223442233572062 -0.0881204266445377  0.0966484949863594 0.258906494547386 1776585324.60251
 -0.216539644385254 -0.0876416912827901   0.224912306116696 0.324277703649404 1776585324.62065
 -0.17293010973306 -0.110197737287259  0.244992815260488 0.319483714271603 1776585324.6405
-0.153862651771826 -0.147918269318245  0.194706502463853 0.288901630507807 1776585324.66027
-0.225924696352366 -0.203823065833946 0.0759747313042996 0.31362074291191 1776585324.68296
-0.224268211246994 -0.218065531288838 0.0390953036957516 0.315241572898108 1776585324.70198
0.00843075120980954  -0.120847969202029   0.137180240566978 0.183012916561182 1776585324.72014
  0.240057194761919 -0.0643900728556093   0.227458853136557 0.336914036676286 1776585324.74013
  0.331857332692797 -0.0980035335824782   0.231597312255578 0.416378790166643 1776585324.76207
 0.370528966951658 -0.103501805830907  0.228649275581992 0.447531932251422 1776585324.77973
 0.379596775014179 -0.160386908338174  0.199136076567848 0.457682039147571 1776585324.79636
 0.199391496306445 -0.128633069162841 0.0680164156833389 0.246839356837568 1776585324.81436
 0.0626227185725174 -0.0235858888800535 -0.0542721486429508 0.0861589528371689 1776585324.83086
-0.0751559880416938  0.0173684793353831  -0.276356415095455 0.286919770628234 1776585324.858
-0.102101713750352 0.0431264236711757 -0.393014503010799 0.408344276250139 1776585324.87277
0.0114404698283435 0.0451344478345727  -0.41026866288434 0.412902383713305 1776585324.89566
   0.14287568210849 0.00980207607533524   -0.49131858347582 0.511765074718898 1776585324.91792
  0.395939634799342 -0.0191372372275853  -0.567673420296805 0.692378177273962 1776585324.93619
  0.554627549113683 -0.0376827088536549   -0.79909866760764 0.973442543427554 1776585324.96194
  0.567083409314059 -0.0486527623207983  -0.746339510925637 0.938601805863072 1776585324.97975
  0.505582776649723 -0.0608541923090688  -0.825812081674913 0.970197284580145 1776585325.00116
  0.447615876553701 -0.0205673942613338  -0.918100772039913 1.021612459923 1776585325.0231
 0.445518611831301 0.0777148808363623  -0.98443659676212 1.08334752006735 1776585325.03833
0.534263401032457 0.133246167216329 -1.26219167510507 1.3770692602281 1776585325.06294
 0.568314256133976 0.0884635993838095  -1.16897724417696 1.30281030835061 1776585325.07872
  0.587123765075635 -0.0126424389325681   -1.16762050581999 1.30698576594777 1776585325.10041
 0.661326612476365 0.0413158496988428  -1.20380420428544 1.37411951811373 1776585325.12069
0.753485645764665 0.181754920989094 -1.27257784412195 1.49004356950635 1776585325.14196
0.669357039346512 0.241987514996283  -1.2432762877304 1.43259649977567 1776585325.16255
0.803093448536386 0.123611101807585 -1.17616722128721 1.42954822374155 1776585325.17911
 0.885832197384174 0.0248783360239826   -1.1889962573927 1.48291257787492 1776585325.20018
    0.93850618141789 -0.00685984596303649    -1.22507270994442 1.5432576112551 1776585325.22182
   0.85443805115195 0.00347688866966079   -1.16984641187646 1.44866044999903 1776585325.2396
 0.640553305041152 0.0765288144755667  -1.16255400819893 1.32954767421991 1776585325.26314
   0.64218885169216 -0.0203980111352863  -0.984683468592007 1.175765339434 1776585325.28147
   0.64731848176817 -0.0228385799099368  -0.847753314073157 1.06687792136353 1776585325.29969
 0.768530372181732 0.0159803586094552 -0.573257179874014 0.958915063550566 1776585325.3218
 0.558392869855299  0.099936248728304 -0.144571130769106 0.585397867067331 1776585325.33781
 0.249231490132872  0.291559254016621 0.0396873151364463 0.385614078139427 1776585325.36297
0.0575532836213415  0.226278512118456 -0.177661242758984 0.293390290706437 1776585325.37762
-0.102905506275022  0.177004447528512 -0.329313661770074 0.387772620868218 1776585325.39808
 -0.11750757455421  0.102065614885311 -0.373634472515651 0.404756888602997 1776585325.4169
-0.0605670447736515  0.0741224791092051  -0.382344249130454 0.394144178778577 1776585325.43644
-0.0560760481232329   0.130520358205639  -0.375926693614206 0.401871827889138 1776585325.46571
 -0.144437120808037 -0.0267400466152469  -0.270199001120575 0.307546113886775 1776585325.47791
 -0.210199077113153 -0.0994049706239753  -0.315109894047018 0.391611089641621 1776585325.49822
-0.302975840414991 -0.203206902976541 -0.351501681399682 0.50659731278333 1776585325.52057
-0.376962206157848  -0.31630278034848 -0.266480594682815 0.55960688082803 1776585325.53825
 -0.382352426001212  -0.246968844388891 -0.0149742461930923 0.455424215228887 1776585325.56308
-0.193233338321725 -0.188204859810482  0.204677690738446 0.338604709626526 1776585325.58169
-0.193215482049454   -0.1773817262426  0.253998022161569 0.365118466487791 1776585325.59863
-0.256165488585854 -0.168126585010213  0.334770519605011 0.45382662650646 1776585325.62028
-0.349468449892832 -0.140127758952864   0.52974388996403 0.649917360326583 1776585325.63801
-0.490673005770479 -0.143288378329307  0.726195965130237 0.888060886272734 1776585325.66203
 -0.50847968902112 -0.196108776825112  0.693742515344096 0.882206848812007 1776585325.68011
-0.473637200940916 -0.201227969284166  0.690872017931385 0.861469116624594 1776585325.69804
 -0.45505894049382 -0.195972892168176  0.710885899797344 0.866511844303813 1776585325.72004
-0.392526222326606 -0.132261229137354  0.791734863617892 0.893540129045675 1776585325.73793
 -0.46327150901848 -0.034231617228513  0.888706175238116 1.00279158382622 1776585325.76198
 -0.47794039447188 0.0193147282731382  0.780443443865667 0.915364434784913 1776585325.77977
-0.515870855475304 0.0343420829594835  0.754274552972256 0.914457336048169 1776585325.79654
-0.543736300722337 0.0536586124003074   0.77233299038035 0.946058486266992 1776585325.81824
-0.632251317429318 0.0978626393327688  0.836157545593148 1.05284294442269 1776585325.83581
-0.744225701461526  0.153185917683266   1.09232793757467 1.33060818549207 1776585325.86213
-0.683873791582479  0.101087392472656  0.926988517929384 1.15637785178688 1776585325.87791
-0.701069339789351 0.0830397104004658  0.981154729780304 1.20874249386142 1776585325.89606
-0.746199691874919 0.0691950463602327    1.0496849098698 1.28974429427053 1776585325.91869
-0.819397790973455 0.0397931984790937   1.18606020651796 1.44212865306213 1776585325.93974
 -0.906957707056218 0.00675117915297238    1.33265451862454 1.61201300454402 1776585325.96187
 -0.880088246618202 -0.0656787574965188    1.18187906049824 1.47502784199688 1776585325.9795
 -0.879647714895678 -0.0508480161804854    1.16423806980649 1.46007393862688 1776585325.99603
-0.914061062080718 -0.120267570442582   1.18787116412501 1.50366546022445 1776585326.01786
-0.871599180799374 -0.149724953660929   1.39366174901259 1.65057437408308 1776585326.04662
-0.631263427757613 -0.108866476851173   1.15401127943577 1.3198816075964 1776585326.05222
-0.770271553569473 -0.145865845485397   1.35436944466052 1.56489990214951 1776585326.07613
-0.943282494727143 -0.162355985832728   1.49862355245811 1.77820524208443 1776585326.0947
 -1.07945436462766 -0.209467971803298   1.55025852090069 1.90063148404689 1776585326.11781
-1.15372425906713 -0.19061707808599  1.68905651057458 2.05434330926757 1776585326.14221
 -1.05759715365274 -0.122562137671689   1.61277177617161 1.9325025275587 1776585326.15994
 -1.03579840540529 -0.160892201928414    1.6883564718706 1.98728765240185 1776585326.1808
-0.955312994803616 -0.170622653436634   1.66014348720325 1.92296942409644 1776585326.19967
-0.963297712339458 -0.250446402566165   1.68797013021478 1.95956858610615 1776585326.2219
-0.871534424802655  -0.24869008868818   1.76674111757535 1.98564679395889 1776585326.24216
-0.847585674731784  -0.24967737372859    1.8571333942119 2.05661972927898 1776585326.26387
-0.729554042501718 -0.286927645986741   1.87315546785097 2.03058808764901 1776585326.28203
-0.619166326012014 -0.332076792789059   1.99636674230346 2.11639365557347 1776585326.30208
-0.549528961869316   -0.3925974791037   2.03280679623808 2.14205936690921 1776585326.32205
-0.499878324582638 -0.248344351433495   2.00897839366271 2.08507732290198 1776585326.34164
 -0.573730702845208 0.00261238756771047    1.76826845001448 1.85901776626063 1776585326.35987
-0.656085552677908  0.163516889202774   1.33553735607455 1.49694557514888 1776585326.38075
-0.60503909980601 0.285909086238695 0.832590751826845 1.06818709874043 1776585326.39871
-0.654890640314394  0.487756882168009  0.592873887666244 1.00910255848954 1776585326.42045
-0.546951632508165  0.594809302485222  0.197532172538004 0.83184923743061 1776585326.44167
-0.487470575317195  0.662072144195464 0.0224960293586995 0.822479882584714 1776585326.46228
-0.218774536739115  0.450233422492438 0.0143194996548815 0.500776877186871 1776585326.48695
    0.077941409734672     0.203287016384652 -0.000479881851359138 0.217717028889779 1776585326.50193
   0.161892127755198   0.0645820817266996 -0.00620222979375183 0.174408640736845 1776585326.52059
  0.285340249752836 -0.0762671246316163 -0.0181666700694773 0.295915123523618 1776585326.54197
 0.296909405288485 -0.132489185794954 0.0117161558937324 0.325339588138759 1776585326.55991
  0.133350143670253  -0.136024245985829 -0.0656300513977379 0.201474961122617 1776585326.58422
-0.0403497380533789 -0.0538083778939379  -0.110849298882051 0.129657278836151 1776585326.6022
 -0.134521709846655 -0.0369814630756013  -0.128639652788336 0.189767961734281 1776585326.62302
  -0.189380816426067 -0.00379035641982387  0.00184763015695094 0.189427754484895 1776585326.64188
-0.181773229951039 0.0132539282092871 0.0743644971340709 0.196843217241066 1776585326.65894
   -0.1579637528854 -0.0230634854376105   0.145210414329147 0.215802076022946 1776585326.68393
 -0.116783375588528 -0.0517792817539995   0.184381737536726 0.224312451660342 1776585326.70448
 -0.183327827124634 -0.0339763697224553   0.175383044161133 0.255974018363158 1776585326.72385
 -0.211419443187149 -0.0200934476421165   0.222407346388284 0.307517406536912 1776585326.74187
 -0.232574661068214 -0.0344420437339819   0.289036813488231 0.372584898914326 1776585326.76203
  -0.28258570464829 -0.0653507565617569   0.361927782723099 0.463807203223089 1776585326.79049
 -0.322411846596047 -0.0667662832400769   0.377665110599468 0.501036995806972 1776585326.80174
 -0.444429294692649 -0.0347822466726612   0.408103506655585 0.604380405712485 1776585326.82396
 -0.604538995164681 0.00153180196397115   0.546267819581788 0.814787256774809 1776585326.84401
 -0.599962000097888 -0.0187055301196729   0.624739509418845 0.866373910645637 1776585326.86191
 -0.619780368074295 -0.0740375183188489   0.777303056908643 0.996899845043946 1776585326.88434
-0.612601615481359 -0.130595834480183  0.928691596570899 1.12018038405221 1776585326.90405
-0.633100595536717 -0.117551475111031  0.976069821364597 1.16933614052951 1776585326.92336
 -0.614371259801027 -0.0764036701686459    1.14293325454218 1.29984075564013 1776585326.94399
-0.619468310417298 0.0115191107337242   1.14106403961377 1.29842243512004 1776585326.96204
 -0.708210020139383 -0.0147953928042678    1.13418816176895 1.33722216649698 1776585326.98668
 -0.759995527509984 -0.0427851591960628    1.04084880903297 1.28949215389159 1776585327.00592
-0.868999163765828 -0.040554401450056   1.06325641283147 1.3737970758194 1776585327.02537
-0.908456838450658 -0.086906199898588   1.18519897625507 1.49584194627128 1776585327.04409
 -0.827369540491344 -0.0602970895576267    1.24058807092819 1.49239232686023 1776585327.06196
-0.814920379126902 -0.100390464557195   1.38763182390392 1.61235714046277 1776585327.08779
 -0.718795517826328 -0.0716556846394839    1.20713151942206 1.40675798869975 1776585327.10734
-0.779509725584628 0.0111415217240116   1.11305723818199 1.35891720176642 1776585327.12591
 -0.788123153004522 -0.0410266466095804   0.972740598189249 1.25261548824825 1776585327.14404
 -0.731363476439075 -0.0567458556146759   0.948224067347337 1.19885007765576 1776585327.16289
-0.582498616155272 -0.112439853988828  0.968551077343955 1.13579863884932 1776585327.18691
 -0.348101962801595 -0.0834754175915298   0.760471903548441 0.840512128368766 1776585327.20709
 -0.145319723113939 -0.0460698212004756   0.543799233828776 0.564763540841758 1776585327.22427
0.00632458808183101 -0.0594882108956821   0.376203850605089 0.380930682487077 1776585327.24273
 0.0467596909641041 -0.0564311264791981   0.276145816549227 0.285705184993918 1776585327.26148
  0.112866921322608 -0.0860653669596791   0.147775387433046 0.204899376401527 1776585327.28677
  0.140892383552304 -0.0376948674269231 -0.0782242395121083 0.165501052626956 1776585327.30438
0.0881604883462875 0.0113038929837559  -0.20819840865916 0.22637717877527 1776585327.32479
-0.0200601950136785  0.0493581763155606  -0.208091456177917 0.214803852682932 1776585327.34225
-0.0743261033603965  0.0566466691860522  -0.211724527362708 0.231431394278253 1776585327.36028
-0.124557995909082 0.0130279599192443 -0.161382937148162 0.204276465818047 1776585327.38675
 -0.104945693614656 -0.0292383963062359 -0.0921168958233611 0.142667462733988 1776585327.404
  -0.104650545105208 -0.00627003105163086  -0.0431225995201368 0.113360524300039 1776585327.42449
-0.0621566173209629 0.00216531835034469  0.0143303178185848 0.0638239115780646 1776585327.44205
-0.00678226989952214  -0.0256666494849034   0.0481343471483598 0.0549699141000754 1776585327.46191
-0.0197930447255599 -0.0206496667313777  0.0748992694856448 0.0801752700345201 1776585327.48582
 0.0127711682471415 0.00229312069106332  0.0273071190601937 0.0302330926679387 1776585327.50287
 -0.0053234626768364   0.0324027315663699 -0.00654783210589239 0.0334835836361768 1776585327.52374
-0.0700606871767297  0.0684070743879806 -0.0195284986781771 0.099846832571804 1776585327.54191
-0.0787312108567536  0.0328834238089422 0.00233285554169336 0.085354351613421 1776585327.5619
-0.0864203097046317 -0.0192130996700883  0.0205726204827369 0.0908891954079468 1776585327.59329
-0.0475684741680315 -0.0311342716637923  0.0401368233084009 0.0695921489249994 1776585327.60553
-0.0280677607757622 -0.0243775671416581  0.0406313645919757 0.0550724319720631 1776585327.62415
-0.0524166308429345  0.0041040788246902  0.0363439822321997 0.0639158172631641 1776585327.642
-0.0304741459727277  0.0239033317523453  0.0285477236640529 0.048114606597466 1776585327.66193
-0.0203854448764123  -0.004952378029782  0.0598977544068032 0.0634652140462539 1776585327.69183
0.000454776664461019  -0.0161091266289716   0.0353171819884862 0.0388202798311738 1776585327.70567
0.00764660588443669  0.0289058060557293 -0.0192962212212766 0.0355859573245372 1776585327.72816
 -0.0383195625845165   0.0195319468560307 -0.00662475735592851 0.0435175049225069 1776585327.744
-0.0447430807312108   -0.00948856575678 0.00376932837141004 0.0458931802102655 1776585327.76203
-0.0739900304705027 -0.0295382162507748   0.064748723436307 0.102661716403608 1776585327.78708
-0.0914068600968704 -0.0234073529078019   0.128555394542959 0.159466635096546 1776585327.80508
 -0.143425773815634 0.00732591940212565   0.186434538169793 0.235334780073588 1776585327.82507
   -0.1800192760734 0.00697808390739539    0.25851487010927 0.315096130538956 1776585327.84281
 -0.194508528028137 -0.0201051039644913   0.403176122753191 0.448094597869012 1776585327.86553
 -0.259899114183724 -0.0607846312564399   0.551011137274371 0.612254517623889 1776585327.88793
  -0.31002102625787 -0.0686609673513414   0.586413943743969 0.66686481281963 1776585327.90551
 -0.439577634797079 -0.0545800536565801   0.671595782956384 0.804517479583724 1776585327.92368
 -0.509527588593379 -0.0129717257111294   0.754312619479904 0.910370340637448 1776585327.94294
 -0.496531795907815 -0.0208968779454301   0.838860359819162 0.97502164444244 1776585327.96195
 -0.580705574777676 -0.0312502999285778   0.969136750829617 1.13023076742411 1776585327.98789
 -0.521635815611381 -0.0173201402424262   0.964944973823869 1.09705182826269 1776585328.00781
-0.530374731966044 0.0522569720397851   1.00064738743334 1.13372101568771 1776585328.02521
-0.582555321709044 0.0924781775649783   1.05480492912708 1.20852652212852 1776585328.04378
-0.594157195359893  0.126933273451405   1.16097027667421 1.31033843415662 1776585328.06194
-0.739351124790379 0.0695700297547347   1.33186437981632 1.52490747292823 1776585328.08793
   -0.75958296837454 -0.00912737014726476     1.24515974204676 1.45858574583205 1776585328.10789
  -0.823486801110936 -0.00472194475739507     1.10439440527612 1.37762106936974 1776585328.12496
-0.839095828259552 -0.011482361426944   1.06645507704785 1.35703356074478 1776585328.14395
  -0.774404692245317 -0.00422175821339822    0.953550831721447 1.22840532369843 1776585328.16189
 -0.465260448321846 0.00661133747726221   0.770363184431102 0.899983572340469 1776585328.18775
 -0.201134422829227 -0.0555018685602647   0.543347125705985 0.582032312224573 1776585328.2078
  0.20940340933053 -0.036552840118538 0.0367131534933336 0.215716836615517 1776585328.2252
  0.283392796444387   0.117746871571084 -0.0949093835599187 0.321222032135205 1776585328.24281
 0.258277855359198  0.238898147570414 -0.185239672347006 0.397609747985066 1776585328.26164
 0.169500999987676  0.292929366789746 -0.136626603779892 0.364972645255903 1776585328.28751
-0.0511135828627935   0.322806165732996  -0.135546730888672 0.353821049745371 1776585328.30955
-0.319497054140593  0.294040163569221 0.0319327441261836 0.435382229246624 1776585328.3267
-0.342067600680552  0.278769604830794 0.0899914328405761 0.450356740815063 1776585328.34387
-0.381413351610989  0.247460830534424  0.178960598490464 0.488610175137584 1776585328.36105
-0.275382211335797  0.157466563780478  0.227710860375666 0.390491122769841 1776585328.38943
  -0.154878032348362 -0.00813047266859509    0.192598487987381 0.247280179280388 1776585328.40953
0.00650596686638347 -0.0792671831025555  0.0681009404303907 0.104706026614442 1776585328.42773
 0.154852399813063 -0.094787888558156 0.0348814409228699 0.18488029766861 1776585328.44304
 0.230871958131774 -0.100958279853798 0.0415102074237714 0.255377235953015 1776585328.46039
  0.19730834732451 -0.097695501029786 0.0174733093928927 0.220862652765311 1776585328.4853
 0.0911824906367247 -0.0862460675288397 -0.0361933672746659 0.130623851564653 1776585328.50955
-0.0535087523580943 0.00496599964407596 -0.0383531974780678 0.0660213260104377 1776585328.52669
-0.0972482010500771  0.0204618147520826 -0.0277780558269647 0.103186815320324 1776585328.54395
-0.158242750964196  0.012772856284282 0.0247935513093823 0.160681779542381 1776585328.5619
   -0.16186185019446 -0.00658475349579026    0.062260587520186 0.173548259240284 1776585328.58243
  -0.13528243159424 -0.0519304911269957  0.0830157150934125 0.167002159145359 1776585328.60972
-0.0822638520422672 -0.0401353597631933  0.0259287514607897 0.095134055986636 1776585328.62778
-0.0456937275458856  0.0313133131017872  0.0160804656386641 0.0576803405815573 1776585328.64391
-0.0418151935757469  0.0261777354977982 -0.0108794932001249 0.0505187848414966 1776585328.66257
 -0.0398096995114655   0.0457153850011683 -0.00376011679063074 0.0607358796699068 1776585328.68095
  -0.04640731333799 -0.0186604353833166  -0.016809227603319 0.0527674209391126 1776585328.7062
 -0.0294382081638094    -0.03616926569756 -0.00655347673804732 0.0470932260346708 1776585328.73052
  0.0219268833726403 0.000280943681480786  -0.0503177882490915 0.0548884956805153 1776585328.74217
 0.0152520331565175 -0.0268552408118567 -0.0508798916415875 0.0595196761410041 1776585328.76584
 0.00654726559862587 -0.00547675087018085   0.0116302844181996 0.0144265381350202 1776585328.77455
0.00793484066922688 -0.0629788100251206 0.00305694962808097 0.0635502726166841 1776585328.80271
-0.0193911315113576 -0.0141254816067412  0.0058038147212465 0.0246825743639457 1776585328.82156
 -0.0182112047003666  -0.0241957878168663 -0.00464583403581646 0.0306376875531725 1776585328.83795
-0.0392031277576767  0.0103769806965172 0.00379148173806552 0.0407301152481883 1776585328.85436
-0.0108108012867704  0.0239711710704426  0.0301220363762255 0.0399853415941531 1776585328.87382
 0.0193431016517412 -0.0131294278333206  0.0394576622296985 0.04586332483993 1776585328.90204
   0.0100004092434662    0.0163117030426028 -0.000524666267806933 0.0191404053217124 1776585328.92071
-0.000295057895974986    0.0512369597863396   -0.0401781166137079 0.0651121660055451 1776585328.93791
-0.00131572265287741   0.0476982842586157  -0.0428700576287998 0.0641459218377257 1776585328.96208
 -0.0213307957436359  0.00453143941704989 -0.00621706810139103 0.0226757298895635 1776585328.97303
 -0.0119069797266143  -0.0450523395133961 -0.00489637901762428 0.0468557786118697 1776585329.00148
0.00142945513960308  -0.021759211253205  0.0259810828594152 0.0339193644236672 1776585329.02281
-0.00322082853965755  -0.0228638210290135    0.011733521920026 0.0258998761614098 1776585329.03617
 0.0151104866194514  0.0114276431944847 -0.0142095535997058 0.0236818337203854 1776585329.0525
 -0.0190780387501767   0.0254918214203847 -0.00848944679496708 0.0329526209696073 1776585329.07552
0.00167383408032797 -0.0284883559451265 -0.0043784823683822 0.0288714262348594 1776585329.10373
 0.00332537565818646 -0.00206157742477573  0.00564317512406135 0.00686685155127361 1776585329.12471
0.00682417890560327  0.0157238334942653 -0.0109161187133937 0.0203216634470696 1776585329.14409
-0.0291495818329361 -0.0109660511230009 -0.0112629351574516 0.0331180631472957 1776585329.16187
-0.0402044810627992 -0.0766515839270899 -0.0262557314729908 0.0904501467729184 1776585329.18208
-0.0456010399454125  -0.162663830992669 -0.0761142993795711 0.185289943945584 1776585329.20898
 -0.109100643962938 -0.0849835478473487  -0.139334607864364 0.196314255382962 1776585329.22873
 -0.119197706723754 -0.0250002156850384  -0.149688032282873 0.192975674843279 1776585329.24488
-0.109208129117524 0.0307792605324607 -0.132495441565944 0.174438586270439 1776585329.26161
-0.0960472804401644  0.0347692968753374 -0.0993568575594806 0.142498313075109 1776585329.28175
-0.0696779507230957  0.0194932179364855 -0.0665538735689342 0.0983077842773356 1776585329.30888
 -0.05712167258301 0.0237059113406939 -0.022890606567666 0.0659457017568932 1776585329.32888
-0.0580061259870818  0.0494437662578517  -0.032663743859532 0.0829235602028242 1776585329.34548
-0.0537729672329132  0.0367978274854086 -0.0328341505341945 0.0729636454268836 1776585329.36059
 -0.0887481340117016   0.0251153480559817 -0.00985410151351292 0.0927583705935517 1776585329.38029
-0.0338666649772896 -0.0324309167687787 -0.0427017151410875 0.0634204370462551 1776585329.40655
-0.0552727131171369 -0.0940217244374955 -0.0573930365663166 0.123244140338729 1776585329.42686
-0.0300289235514125  -0.108007019782102 -0.0821761854450451 0.138997043228144 1776585329.44211
-0.0280156481389332   -0.12923926180969 -0.0853595056161443 0.157397295188928 1776585329.45687
-0.00895457414110184   -0.177205782115256  -0.0650767552586522 0.188989570315726 1776585329.47825
0.0856373010184559  -0.18033516882813 -0.037204191217727 0.203073071297405 1776585329.50574
 0.142373479269839 0.0346090709698222 0.0688334903743452 0.161882811903885 1776585329.52773
 0.127313307810198  0.233338000868474 0.0783248324089968 0.277110231436459 1776585329.54461
 -0.143044408600314   0.367182550715175 -0.0292121766718323 0.395143112868517 1776585329.562
 -0.273136260075179   0.375314469411321 -0.0769664453846644 0.470519076374707 1776585329.58178
 -0.320413979741348   0.225156391439502 -0.0418768058020196 0.393845383220277 1776585329.60776
 -0.238748531811816  -0.023204059725238 0.00187219952949217 0.239880793230947 1776585329.628
-0.188839004655222 -0.123665333072622 0.0505130582089002 0.23131116128011 1776585329.64411
-0.0497917428764956  -0.114232275900986    0.15365214180414 0.197831269513183 1776585329.66198
-0.0277788373370872 -0.0436824504321081   0.238665059642536 0.244214723089598 1776585329.67999
-0.0122442339030615 -0.0503566771112688   0.290779557592479 0.295361587392876 1776585329.70616
-0.0257231929224183  0.0107256491778576   0.269539061371394 0.27097606501199 1776585329.72846
0.00481037603388377  0.0165610065410329   0.144965165511429 0.145987348311405 1776585329.74446
0.0230363624316946 0.0267275054748765 0.0810204038114097 0.0883704666546344 1776585329.76376
 -0.0423768373245747 -0.00853110026746426   0.0578152638428755 0.0721885084111613 1776585329.77973
 0.0012891436036382 -0.0337897011541049 -0.0344246543181024 0.0482541461455424 1776585329.80261
-0.0140713928906915 -0.0667356459551941  -0.106814192144495 0.126731693677715 1776585329.82394
-0.0266221504734398 -0.0667692835826126  -0.147265801458938 0.163872183134629 1776585329.84009
0.00143892859124211 -0.0254493253077981  -0.170153357360604 0.172052037753693 1776585329.85584
-0.0316507633398359  -0.049748888919647  -0.150017979201648 0.161189692140906 1776585329.87407
-0.00534371302349062  -0.0418637215972413   -0.131734484113444 0.138329681411778 1776585329.89914
0.00424496139165546 -0.0215817393469078  -0.127420236099282 0.129304708878104 1776585329.92713
-0.0184972686353712  0.0290455518307909  -0.124956619181716 0.129614619952568 1776585329.94943
-0.0325040671728638  0.0817305210772005 -0.0870020486905589 0.123716405277082 1776585329.96027
-0.0395804076839304   0.051775644320433 -0.0421183979465154 0.0775969423547291 1776585329.97976
-0.0108085374509528   0.017565293996641 -0.0112254741536335 0.0234813820928619 1776585330.00445
0.0179286998490868 0.0026807549966602 0.0176991577204447 0.0253354476898266 1776585330.02823
  -0.022328532978409 -0.00192018792252131  -0.0142877713703272 0.0265780156775565 1776585330.04476
0.000360483133255216 0.000942527980734159  -0.0108633154371932 0.0109100838388983 1776585330.06186
-0.0504101154351245 0.00490684339718492 -0.0227964004945952 0.0555421706977415 1776585330.08007
-0.0062949243747436 -0.0252194529519566 -0.0144188026459547 0.0297245479330247 1776585330.10411
 0.00447648022079921  -0.0339912308498694 -0.00195901271090264 0.0343406520127064 1776585330.1287
 -0.0108698111734038  -0.0100852925217883 -0.00413248892161982 0.0153929654349902 1776585330.14715
 0.0192930591536445 0.00743836581705107 0.00579337683529703 0.0214735798759792 1776585330.16196
-0.0122497415408124  0.0415464473758548  0.0126460334477879 0.0451230054333037 1776585330.18041
0.0136696952362332 0.0136473599064327 0.0142528831667885 0.0240053260513854 1776585330.20398
 0.0319661316040753 -0.0311392121737187  0.0078107678291448 0.0453044390607558 1776585330.22681
  0.0077244818994021 -0.00734920480099022  -0.0207914797366955 0.0233658738647307 1776585330.24477
 0.0169596780455968 0.00708070869741615 -0.0151375345882195 0.0238099153395703 1776585330.26197
0.00757142813916977  0.0137101981841684 -0.0209994828048685 0.0261968382899112 1776585330.28209
  0.0312102270802112  -0.0116816698997105 -0.00643947725063493 0.0339412220361258 1776585330.30371
  0.0279255717470331 -0.00246942289974451 -0.00936612719642302 0.0295577391814064 1776585330.32796
 -0.0300419126765825   0.0165781505139205 -0.00386332480524123 0.0345293624366336 1776585330.34463
 -0.0154529070466593   0.0453458809893603 -0.00104430732123231 0.0479179698722212 1776585330.36186
-0.0263054988323312  0.0571601319176084 -0.0109065880046738 0.0638608926617837 1776585330.37836
-0.0178722412486471  0.0074396902283969  0.0184477729284732 0.0267410980321462 1776585330.39969
 0.0145363028674659 -0.0582839945069612  0.0339581212641264 0.0690034935096137 1776585330.4269
-0.00273382500493726  -0.0456518044237429  0.00827598358824176 0.0464763698093358 1776585330.44412
 0.0193341884412828 0.00428175864798903  0.0038408931430389 0.0201716821296318 1776585330.47026
 -0.0128846415765233  0.00444471551210883 -0.00606293957739771 0.0149173965844657 1776585330.4761
-0.00772924286814069   0.0307667107786339  0.00220922883026129 0.0317995657120545 1776585330.499
  0.0428263052644389  -0.0344402920519158 -0.00943141900105041 0.0557600018256593 1776585330.52449
-0.00782096484179677  0.00669128823666192  -0.0189059844662627 0.0215261951575581 1776585330.546
  0.0026050574240931   0.0141460077827395 -0.00705445331455795 0.0160206482995985 1776585330.56207
-0.0332835442776939  0.0180711721145319 -0.0224262528265243 0.0440147520397131 1776585330.5815
 0.00293667920016048   0.0100482209704239 0.000114690313324672 0.010469192101738 1776585330.59874
  0.0315541238913561   -0.013317340662588 -0.00470613415870427 0.0345711150470185 1776585330.62577
  0.0130343565918821 -0.00752614629907467  -0.0101575355726104 0.0181579971028818 1776585330.64561
-0.000297846583065845    0.0315041644941962   -0.0111942523148435 0.0334351966937955 1776585330.66189
-0.0298292708979268  0.0384169726763164  0.0118806820057738 0.0500679517939077 1776585330.67692
-0.0164829283078106   0.029264764895308   0.039703013642352 0.0520042563860196 1776585330.69879
0.00741575480921807  -0.040004572686944  0.0266763756904249 0.0486517037238381 1776585330.72503
-0.00873529781388828  -0.0362411560883894   0.0255172005785156 0.0451758159625758 1776585330.74684
 0.0132625793413292 0.00235972376025426 -0.0110625887614743 0.0174311553580151 1776585330.76402
-0.00111928761828968  0.00861933087140708  -0.0171503049605141 0.0192270286233178 1776585330.77767
-0.0285548252558694 0.00569358476671917  0.0272753586778179 0.0398966182012043 1776585330.79828
  0.0167442261033129  -0.0194950774418959 -0.00277411198517509 0.0258480724536798 1776585330.82463
-0.00366711762837343 -0.00293761857824169  -0.0055358084461967 0.00726102814789618 1776585330.8446
  0.0226176284316023   0.0354630164918306 0.000885148690070548 0.0420709655555159 1776585330.86187
-0.00321156463580193   0.0331601189515862    0.014012309974337 0.0361421148677022 1776585330.87756
 -0.0276271532053908 -0.00138551315247602   0.0320655074718041 0.0423482704529257 1776585330.89753
0.00871454637776028 -0.0232676399764087 0.00856517922620958 0.0262809566762513 1776585330.92441
-0.00223920293837263  0.00671754447598543  -0.0074086071993727 0.0102482629855335 1776585330.94546
 0.0123725839999571  0.0238798262921952 0.00154175617383375 0.0269388929000612 1776585330.96191
 -0.0115197671274024   0.0343877794491036 -0.00983182616331474 0.0375751143154004 1776585330.97787
-0.0127506910168733  0.0136856754731553 0.00473302619637976 0.019294542532538 1776585330.99867
 0.0225553683356796 -0.0261206694225112  0.0111840036311616 0.0362783123788873 1776585331.0255
-0.00448472614472007 -0.00290413845286877   0.0138198190050109 0.0148166860693553 1776585331.04608
  0.0063285491735578 -0.00757798077389778  -0.0322930141554239 0.0337685517974063 1776585331.06182
-0.00627883054656172   0.0119725067972021  -0.0371428850872569 0.0395266814271912 1776585331.07801
-0.0289047339941554  0.0100242818509889 -0.0225808330752096 0.0380245170419221 1776585331.09821
0.00854674090309075 -0.0279166417226382 -0.0158606331768896 0.0332256730542296 1776585331.1246
 -0.0137183317694935 -0.00405250422692757 -0.00297170053466849 0.0146098056494571 1776585331.14596
  0.010941081142179 0.00722426055787702   0.014787366136928 0.0197626768033941 1776585331.16185
-0.000325485237093955    0.0133832028058712    0.0282711090562446 0.0312805317290598 1776585331.17805
-0.0222790848376646 -0.0126137081427987  0.0495973812510719 0.0558154412441552 1776585331.19795
 0.0221965410784919 -0.0162491652486411  0.0377469533422713 0.0467071118112694 1776585331.22438
  0.0269278965514639   0.0123476458905481 -0.00102018804465111 0.0296414701958449 1776585331.24582
 0.0249441511649336  0.0266991421672726 -0.0120878812078537 0.0384859941004838 1776585331.26185
 0.00279038513064161   0.0492321903290981 -0.00870169410219771 0.0500730895194821 1776585331.27782
0.00377411529605179   0.013901076267167  0.0057500078113403 0.0155095601963421 1776585331.29757
 0.0243267264775702 -0.0151761487060615 0.00692927108879955 0.0294977949766602 1776585331.32406
   0.012920496197185 -0.00768083155954508   0.0243957397297833 0.0286546071756516 1776585331.34524
 -0.0240870346659495 -0.00906244187857261  -0.0138876031120854 0.0292434370756921 1776585331.36352
-0.0047059766241417  0.0213191863221078 -0.0375242273334706 0.0434133799467134 1776585331.37779
-0.0402645282533407  0.0200421512788766 -0.0243371660011278 0.0511391993710881 1776585331.39631
-0.00216292855679641  -0.0236970499033261 0.000876577639927418 0.0238116950766079 1776585331.42301
 -0.012379619770961 -0.0310757379386439 0.00869588556138786 0.0345626228721374 1776585331.44435
 0.00376772854740638  0.00383883268960421 2.60247805314809e-05 0.0053789489786497 1776585331.46183
  0.0200484247098228    0.017426575008869 -0.00913002598660136 0.0280888273945565 1776585331.47825
-0.0103638658866886 0.00576761371001279  0.0217888869920381 0.0248078753700716 1776585331.49643
 0.0367265068058477 0.00119930056036241  0.0325729177427195 0.0491046799629937 1776585331.52267
 0.0413829816402454 -0.0245702059863291  0.0234901510625767 0.0535540230850139 1776585331.54415
0.000910412194399921   0.0123652124012811  -0.0380870408806069 0.0400543382311271 1776585331.56186
-0.0162651857608775  0.0176292350606314 -0.0317767350498591 0.0398134033597706 1776585331.57789
 -0.0282739538084471   0.0325496791745909 -0.00315633805924409 0.0432303197799325 1776585331.59658
-0.00872710685008053  -0.0121912857760284  0.00275314529915227 0.0152436757996147 1776585331.62243
 -0.0044397108911027  -0.0168647973692276 -0.00173895780445746 0.0175258779337118 1776585331.64438
-0.0175030041745544 -0.0178904334486956 -0.0201183764550108 0.0321118644009065 1776585331.66207
-0.00348518718034444   0.0145471270730475   -0.022402690188905 0.0269378166053132 1776585331.67854
-0.00354037863638156   0.0227389208550252  0.00102313754697656 0.0230356161840763 1776585331.69613
0.0267735693271111 0.0281587503657332 0.0319588503458566 0.0503101118275657 1776585331.7212
 0.0170987067188276 -0.0216708787652428  0.0353457168187678 0.0448476583039389 1776585331.74412
-0.0316027624343132 -0.0185427348167623  0.0157468448802841 0.0398814584944951 1776585331.76206
0.00552471868511301 0.00362597693711182 -0.0174145776119608 0.0186262647544028 1776585331.77791
-0.0196204033833229 0.00334919947234286 -0.0209174275606929 0.0288741431351076 1776585331.79582
 0.0042857790145181 -0.0147881002066711 -0.0108940607878847 0.01886097478748 1776585331.8187
 0.00263859638919501 -0.00616140168121759  -0.0249477334927201 0.0258324305477857 1776585331.84378
-0.00335008768216449   0.0217261854921971 -0.00354837114468845 0.0222674911316925 1776585331.86185
 0.0115657706751591  0.0208697796854693 -0.0076739854613969 0.0250640142094623 1776585331.87802
7.89759114793514e-05  -0.0102977250742366   0.0101530999175066 0.0144614942808144 1776585331.89563
   0.014030170954988 -0.00920221891234838   0.0150477055584035 0.022537967355318 1776585331.9179
 0.0328130496722432 -0.0350763405911409   0.025813531608289 0.0545287475754849 1776585331.94286
-0.00179885616606064    0.025022730578368  -0.0188351554645182 0.0313709421356187 1776585331.96187
-0.00800618577742662   0.0594449600272216 -0.00924519842207706 0.060689998988336 1776585331.97803
 -0.0254965064798726   0.0354891360163374 -0.00489906840476578 0.0439721672094844 1776585331.99456
-0.00790077506328655   0.0168318049623854   0.0248917357889717 0.0310697669041853 1776585332.01764
 0.0211397889100585 -0.0239799830706546 0.00589980082467861 0.0325075054872193 1776585332.04387
-0.00715224130343191 -0.00506824659477541  0.00595590343128818 0.0105978518998333 1776585332.06188
-0.0133000013209491   0.017347944097886 -0.0247718137155977 0.0330376142347008 1776585332.07773
-0.0421193038354198  0.0118481130609784 -0.0430698554344332 0.0613956511963926 1776585332.09405
   -0.016957203875759    -0.013630169185488 -0.000729316461499924 0.0217683296972941 1776585332.11614
 0.0119568443345979 -0.0446985816213813 0.00910584869799252 0.0471576696404289 1776585332.1419
0.00506096389664521 -0.0117659039304338  0.0152838662087778 0.019941073620825 1776585332.163
 0.0186005350782451  0.0215508059486546 -0.0035649171898723 0.028690168643705 1776585332.17776
   0.01397926194654  0.0149526776766815 0.00246262604385808 0.0206171496891447 1776585332.19412
0.00905247738766773  0.0335853107170627  0.0254522549444244 0.0431014816981024 1776585332.21597
 0.041932645086454  -0.03987691986584 0.0197336675401265 0.0611386383273081 1776585332.24187
  0.0115516964479466  -0.0145889651642415 -0.00672164822205621 0.0197853519101891 1776585332.26193
-0.00916217460036282  -0.0102003018220281  -0.0287452259159532 0.0318477568068332 1776585332.27811
-0.0564208225396811 -0.0215655252028032 -0.0327672340845026 0.0687173393174933 1776585332.29447
 -0.0229734160428165 -0.00227135591372517  0.00979721084596654 0.025078322167232 1776585332.31574
  0.00386076278891905 -0.000861062419390429    -0.019595237609808 0.019990504115385 1776585332.34064
-0.00470743523024221   0.0474699177767254  -0.0346681102495145 0.0589697457044584 1776585332.36185
0.00409644415429666  0.0596408888973705 -0.0200883994553555 0.0630663164918936 1776585332.37673
-0.017140583605816 0.0311970686283978 0.0230148336159981 0.0423879613065432 1776585332.39211
-0.00750367527319781   0.0157432251994817   0.0432628593553074 0.0466457852531642 1776585332.41381
 0.0181243047722278 -0.0532465259083872  0.0221358267013384 0.0604456596335984 1776585332.44005
0.00858064044561382 -0.0514365151847031  0.0188384208036846 0.0554457264645328 1776585332.46548
 0.00870820184226674  0.00148096841450469 -0.00908348747580024 0.0126702719581483 1776585332.47605
 0.0138320022996615  0.0334063389082245 -0.0352939301180832 0.0505269162926962 1776585332.49206
-0.0111500459383947   0.035603017102704 -0.0201957549997503 0.042423659333604 1776585332.51277
 0.0102488108137357 -0.0265154488753011 -0.0260744584923199 0.0385744026243073 1776585332.53969
 -0.0153988169079581 -0.00257804325880804 -0.00445627737571093 0.0162366338031741 1776585332.56019
 -0.01673144659254 0.0313935195928472 0.0384440562511154 0.0523778563759957 1776585332.57631
-0.00234045416394649   0.0344037989387514   0.0453119874398147 0.0569409809614963 1776585332.5957
-0.0175028258468364  0.0249891928348504  0.0522879495326808 0.0605379082682429 1776585332.61395
 0.0319039908811675 -0.0524910492536502   0.011199492230044 0.0624387981314949 1776585332.64145
  0.028904709259964 -0.0209942363417735 -0.0189603283652269 0.040444211312554 1776585332.66192
  0.0293994117172367 -0.00586350676811757  -0.0282300567501359 0.0411781765630199 1776585332.6788
 0.00272038513469193 -0.00594606535266122 -0.00118287587126988 0.00664495175196958 1776585332.69407
-0.0239616005270781 0.00896814588839996 0.00396472798104396 0.0258902492930942 1776585332.71586
  0.018038115445193 -0.0057086602700192 -0.0134603471134608 0.0232194607023389 1776585332.74168
 0.0101307352750827 -0.0131565091356278 0.00294896287927832 0.0168648128336197 1776585332.76191
-0.0361895731749246 0.00643817198116938 -0.0283738056648572 0.0464349880257271 1776585332.77798
-0.0137039747572346  0.0235970437444338 0.00678124966218612 0.0281176945108333 1776585332.79426
-0.0328561152325121  0.0439436881586265  0.0172912978055764 0.0575287842471563 1776585332.81546
-0.00187231703040877  -0.0140931855853732   0.0284321417170668 0.0317885220421696 1776585332.84086
 -0.031177545134585 -0.0325519884436024  0.0272020335505588 0.0526461955086712 1776585332.86181
  0.0145803292203694 -0.00957879458192972  -0.0251422805108175 0.0306018557460458 1776585332.87785
 0.0068265262789435  0.0205197205084676 -0.0241047507222075 0.0323836285515149 1776585332.89414
-0.0292435487237544  0.0198636901713195  0.0355575892940108 0.05014073678739 1776585332.9148
 0.0134621084537895 -0.0292196724379027  0.0193258635635876 0.0375300762572943 1776585332.94052
 -0.0190833769409088 -0.00399437045349731  0.00137925162063946 0.0195456543973749 1776585332.96151
 0.0069336722199123  0.0146709878798563 -0.0127760717277768 0.0206528861086622 1776585332.97972
0.00734615147984373  0.0369573845321302 -0.0232301268591121 0.0442657091540505 1776585332.99444
 -0.0179909422754013 -0.00318068658796819   0.0157432111795632 0.0241172027683981 1776585333.01408
  0.010531530301864 -0.0108716071686456 0.00177542476081928 0.0152399837929624 1776585333.04142
 -0.0105701221583965 -0.00171217854593729    0.010314479623538 0.0148676671916267 1776585333.06005
   -0.013530768242952 -0.000235011487540851  -0.00727862732274584 0.0153660448830263 1776585333.07791
 0.0237598355713883  0.0166674306767158 -0.0160214765707618 0.033151481765526 1776585333.09397
-0.00294958443386144   0.0252769181912898   0.0025505118975213 0.0255759213425643 1776585333.11377
  0.0177967821066051 -0.00422191199143298  0.00971597316402869 0.0207111112385963 1776585333.14003
 0.0127905088113537 -0.0276452761725683 0.00529906296882239 0.030918254780282 1776585333.16203
 -0.015297712218358 -0.0100908436290392 0.00458890090972277 0.0188918801557885 1776585333.17794
0.00271653880297186  0.0169704398538237 -0.0272241105586044 0.0321951488210167 1776585333.1945
-0.0322776437396819  0.0195136973494292  0.0115908739775862 0.0394585735828759 1776585333.21289
  0.0059460809842371   0.0016334611377563 -0.00708614689113643 0.00939348455699102 1776585333.23909
-1.48781807123382e-05   -0.0169195198170636  -0.00260056870494011 0.0171182163144816 1776585333.2609
 0.0136029278733448  0.0155906203957231 -0.0161858128711375 0.0262695190163512 1776585333.27798
  0.0203683517010103   0.0141329587647068 -0.00942245656802893 0.0265215565575881 1776585333.29538
 -0.0320241692854669 -0.00509230304820226   0.0241866951893688 0.0404533706005125 1776585333.31401
  0.0143019487614006 -0.00608207858114224  0.00949741549128686 0.0182136849444327 1776585333.33923
 0.0111195962453628 -0.0278412778170481 0.00484415796975373 0.0303685369680837 1776585333.36179
-0.0136637792823099  0.0118474100975402 -0.0131212882622299 0.0223434150468435 1776585333.37949
-0.00970021808144692   0.0406658916641571 -0.00820342397196444 0.0426040507526267 1776585333.39454
-0.0214516263846871  0.0432712771831358 0.00976161932259163 0.0492733692313319 1776585333.41392
 0.0143817222530725   0.018346501922569 0.00734155083299508 0.0244402626089165 1776585333.4396
0.0259813685497928 -0.016266159002907 0.0126629986351535 0.0331658103302469 1776585333.46204
-0.00220640279767875  0.00205274500839281 -0.00473791348070973 0.00561514020535349 1776585333.4786
0.00173701487369725  0.0223424903812881 -0.0276171018288028 0.0355655508959423 1776585333.49567
 -0.0255245177735982   0.0246407558447381 -0.00980378066521219 0.0368073630066908 1776585333.51257
 -0.0201299027663945  -0.0233885769645811 0.000916465950684464 0.0308719683151462 1776585333.53613
0.00619400928875849 -0.0475806117461857  0.0215237378797181 0.0525885126004273 1776585333.56013
-0.00236473605632026  -0.0198342822018685 -0.00599301199858073 0.0208544220704999 1776585333.57942
 0.00427980588414052   0.0213225223639788 -0.00775152326250858 0.0230879364876446 1776585333.59563
-0.0343285947845282  0.0432399279807143 0.00369833403214842 0.0553337281074667 1776585333.61375
-0.00173582397994535   0.0168213294611521   0.0267404776598629 0.0316389531307154 1776585333.63819
0.00955511504794146 -0.0230031716729208  0.0153101740114855 0.0292377762296524 1776585333.66188
0.000549192134287829   -0.012051609576131  -0.0177591350039085 0.021469275289653 1776585333.68016
 0.0122279549315422 -0.0124390860628201 -0.0311570306973352 0.0357073424628711 1776585333.69637
 -0.0276895544685788  -0.0134067952806595 -0.00491512852888861 0.0311546477242385 1776585333.71551
0.0211225880721325 -0.016995031980873 0.0106961021296061 0.0291444924413319 1776585333.73844
  0.0148516436517301   -0.012989192721596 -0.00703441256485041 0.0209469187912987 1776585333.7608
-0.0153097306570788  0.0064702624037193 -0.0135536751473965 0.0214465442056858 1776585333.77981
-0.00455970055504855    0.035223634533857  -0.0166763574167825 0.0392376884591678 1776585333.79598
-0.0326913057139204  0.0194381102339079 -0.0186098516009495 0.0423425102628071 1776585333.81381
-0.00874803678857834   0.0200140848545394   0.0347150250050832 0.0410149326626605 1776585333.83441
 0.0309940551413913 -0.0330612871989268  0.0208021594980375 0.0498639148597392 1776585333.86199
-0.00859857482209898  -0.0235826294935708  -0.0011389320566165 0.0251271380987143 1776585333.88016
 0.0267108184722212  0.0285005114771385 -0.0115715426778345 0.0407387724147329 1776585333.89608
-0.0120756917851912  0.0273496898119332 -0.0230049462490771 0.0377234067499586 1776585333.91907
-0.00714046408208533   0.0102903991573933 -0.00998296915703791 0.0160168103977165 1776585333.93568
 0.00668759790946997   -0.022153312423628 -0.00729515771172069 0.024263399250239 1776585333.96586
 -0.0145915358894135 -0.00917551778816047 -0.00634809862914991 0.0183684893907558 1776585333.9805
  0.0307347135636989   0.0338845657531948 -0.00881601558554214 0.0465887169272746 1776585333.99667
-0.0185723541230838 0.00149311716350922  0.0222833481930949 0.0290466752526326 1776585334.0139
 0.00624121083380809 -0.00023850161218054    0.023439583730612 0.0242574458910131 1776585334.03567
 0.0253582350073427 -0.0338950194088623  0.0234500708021869 0.0483923366251553 1776585334.0619
-0.000710677440469597   0.00976748585210822   0.00718686783567692 0.0121474240719181 1776585334.08016
-0.00151887671996097   0.0520198784398318  -0.0152369956788186 0.0542267533298984 1776585334.09658
-0.00980210671843168   0.0322701408094791  -0.0284178323351942 0.0441023409652406 1776585334.11236
-0.00282557333634563   0.0191441581505309   0.0077287288580102 0.0208378479150858 1776585334.13244
 0.0265604555105474 -0.0455567359265442 0.00721820285566934 0.0532257121856931 1776585334.16179
-0.0142314806777334 -0.0183735731884405  0.0176878057956348 0.0292058505757968 1776585334.18007
 0.0288438988445033  0.0196727440358434 -0.0189319685102424 0.039716580795992 1776585334.19653
-0.00880982211483496   0.0271311466203932  -0.0264722488011349 0.0389164751644017 1776585334.21382
 -0.0258017371593854  0.00863862475131704 -0.00929519574088912 0.0287533674879573 1776585334.2357
 0.0170549015963314 -0.0230421830519583 -0.0249543113581828 0.0380069667774427 1776585334.26202
0.00293899816871583  -0.018249937299728 -0.0133810901910985 0.0228199802011753 1776585334.28188
  0.0168927894966574   -0.025735277331382 -0.00309588543657857 0.0309395433537397 1776585334.29786
-0.00467144656649951 0.000816089438491067   0.0209362006611496 0.0214665533591026 1776585334.31419
-0.000339859807976626    0.0183234387981264    0.0355293416886442 0.039977469090804 1776585334.33585
 0.0354462652231275 -0.0358065651975226  0.0293638792413233 0.058316251882402 1776585334.36175
0.00669492129901465  0.0224947337311675   0.012785237075914 0.0267263410126312 1776585334.38158
-0.000351566312825225    0.0465841219593347  -0.00457906260645778 0.0468099544108765 1776585334.39664
 -0.0238670906527385   0.0351567955313464 -0.00133141369877655 0.0425136560495122 1776585334.41225
-0.0428409413765754 0.00797957952341774  0.0146872315320394 0.0459862448725426 1776585334.43148
 0.00881829035331588 -0.00894541007452726 -0.00309748407223838 0.0129374268591018 1776585334.46197
0.00301994824256626 -0.0147704221681332 -0.0142284298461116 0.0207300186757846 1776585334.47839
-0.0061738716136371 0.00762780279170001 -0.0606082444079463 0.0613975517129477 1776585334.49749
-0.00651210423940602   0.0138720020047407  -0.0308191900912393 0.0344189253046106 1776585334.51247
 -0.0253443826767167   0.0282822570123404 -0.00383095770360557 0.0381693598571256 1776585334.5343
 0.0146440195131425 -0.0344908403297727   0.031240617568541 0.048785669619459 1776585334.56178
-0.0162700002566898 -0.0248661681235238  0.0421958722814062 0.0516094067306415 1776585334.58256
 0.0138026677370808  0.0202334275830039 0.00595094141764072 0.0252055337609246 1776585334.59891
-0.0170516262862126  0.0130901320022274 0.00175194714928846 0.0215680048603085 1776585334.61465
 -0.0327659862487928 0.000501633556259395   0.0131899238097438 0.0353247162930956 1776585334.63563
 0.0151564030536129 -0.0240437037036116 -0.0105428690215371 0.0303144904050178 1776585334.66143
-0.00302227932764603  -0.0124422314131369 -0.00161232771250376 0.0129051499613478 1776585334.68234
 0.0262451127594918 0.00849217078021055  -0.027821499705927 0.0391785496695015 1776585334.69875
 0.0122752595521478  0.0235283000395243 -0.0212178687914541 0.0339773579884287 1776585334.71432
-0.00191187786919189  0.00617847427536466  0.00252611950773212 0.0069433494169164 1776585334.73435
 0.0409329563177899  -0.022215050120931 -0.0145624187575105 0.0487963052377808 1776585334.75995
  0.0204154891231877    0.010057221972974 -0.00248167460407716 0.0228932002741685 1776585334.78185
-0.00317213887923312   0.0383382066548336  0.00600280286665188 0.0389347427991216 1776585334.79821
-0.0249191620756288  0.0396636220997605 0.00658553319425281 0.0473026088506403 1776585334.81398
 -0.0304542083690235 -0.00100482431613492   0.0334937764194961 0.0452802554998245 1776585334.83416
0.00611483165330907 -0.0305516394975507  0.0221692349982518 0.0382396237238853 1776585334.86188
-0.00843815756429796  -0.0195633704960304   0.0221605566844693 0.0307411489832512 1776585334.88211
-0.0139633346517478  0.0135787259284549 -0.0446181831797714 0.0486840711393412 1776585334.89858
0.00287461334715618  0.0077545618621248 -0.0402439273836699 0.0410849160012682 1776585334.91557
-0.0193364303312043  0.0225435375742149 -0.0148642401834341 0.0332122606960799 1776585334.93588
 0.00120898298932834 -0.00864425933874632 -0.00188591522511823 0.0089298116228911 1776585334.96202
0.00275010301721925 -0.0168624591244221 -0.0014161962804356 0.0171438387251177 1776585334.98373
0.00586723860343411 0.00781145871227222  0.0167160681781745 0.0193615678957191 1776585334.99858
0.00275800641326315  0.0121367119473246  0.0110221431059521 0.0166251019520489 1776585335.01574
-0.00180354709541305   0.0384865697820005   0.0265300077274521 0.0467793773550785 1776585335.03581
  0.026685438492589 -0.0121189038360061  0.0202470397065822 0.0356219465303067 1776585335.06218
0.00335188643229948 -0.0172554406457824  0.0116061121275201 0.021063884096997 1776585335.08375
-0.000161380586513277   -0.0124597415413367   -0.0276948530806725 0.0303689988331958 1776585335.09986
-0.00777523334952397 -0.00545849546442975  -0.0307733929783705 0.0322063835563071 1776585335.11623
   -0.017581282697804   0.00379247574725113 -9.51319317490772e-05 0.0179859229309487 1776585335.136
0.00828691815977751 -0.0143078790068764   -0.01032644544154 0.0194942014383603 1776585335.16201
-0.00218229616515279 -0.00533908560462285    0.010288913897502 0.0117953380975766 1776585335.18255
-0.0268334283311358 -0.0152507485414203 -0.0175011728950907 0.035481111309818 1776585335.19956
 -0.0113277175062053   0.0432964484231229 -0.00632944764578572 0.045199132043185 1776585335.21581
-0.0122698524289212   0.048161321866712 0.00662021508511472 0.0501387021207143 1776585335.23565
   0.010807838676529 -0.00535860251694508   0.0252557777922771 0.0279888961855476 1776585335.26188
0.000875445729129861  -0.0454391678562293   0.0224264819530542 0.0506796948834728 1776585335.28671
 0.433081511303012 -0.231295527849611 0.0500074044894937 0.493515913765207 1776585335.29883
  0.169776406048692 -0.0518815049387063  0.0290107943199077 0.179881474289565 1776585335.31566
 -0.0203213553476418 0.000662090446915485   0.0246250036350723 0.0319340985617624 1776585335.33792
 -0.0521292564064148   0.0207746224381867 -0.00216397105940482 0.0561580544684455 1776585335.36247
 -0.123744354355081  0.0392353903795664 -0.0216507235346059 0.131608643038992 1776585335.38191
-0.0927074366651582   0.057790622478527 -0.0417949235396378 0.11696683501388 1776585335.39882
-0.057937252336165 0.0693570432535423 0.0105487592563195 0.0909857185440989 1776585335.41591
-0.0834835072699588 0.00997743546158418  0.0248398102937824 0.0876701852394213 1776585335.43579
  -0.041390672444873  -0.0114903477585777 0.000892735580920546 0.0429652514698711 1776585335.46307
 -0.0093480028289906   0.0171019502891155 -0.00578837407765706 0.0203314321936524 1776585335.48394
  0.0232788875993948 -0.00939723468326881 -0.00265812193617648 0.0252444100700585 1776585335.50076
 0.0162656990107836 0.00941226962166491  0.0414108762872523 0.0454755369250153 1776585335.51769
 0.0103851666409074 0.00218565394308428  0.0239122346323295 0.0261614933524429 1776585335.5376
  0.0189650953732013 -0.00308364550302835   -0.012589092598413 0.0229710462224598 1776585335.56266
 0.0173882743241808 0.00446853063906474 -0.0129622048019044 0.022143590570902 1776585335.58423
  0.0192162885418262   0.0131234217486642 -0.00141714873039233 0.0233130490120894 1776585335.60063
 0.0299243752470619  0.0193053315583008 0.00550458698568271 0.0360342134420309 1776585335.61805
 -0.0122918338765841 0.000339915809718477     -0.0220193524212 0.0252201626453171 1776585335.63661
 0.00533049941712264  -0.0261500324582819 -0.00341712202546395 0.0269056712338134 1776585335.66184
-0.00506644481763814   -0.034963885404202 -0.00358274640384494 0.0355102551024715 1776585335.68428
-0.00246563440539567  -0.0225841775409249   0.0317921302489396 0.0390751068326963 1776585335.70081
0.0189135254668398 0.0280371176277427 0.0235219653451851 0.0411956825912227 1776585335.7176
-0.0256778656117208  0.0680579369446877 0.00587547815062094 0.0729777829687851 1776585335.73651
-0.0112362021795983  0.0312865002590818 0.00493335255938894 0.0336070722520955 1776585335.7588
-0.0239849050233718 -0.0211431833099601 -0.0132472104523632 0.0346092249873924 1776585335.78201
-0.0333610250893265 -0.0306222225301385 -0.0229797079834761 0.0507813497920431 1776585335.80101
 0.0013973638998739 -0.0198425454854725 0.00369006098572567 0.0202310599645716 1776585335.81793
0.00666501534606731 0.00696123486634539  0.0134290317327376 0.0165293712435352 1776585335.83623
 0.0176274965896825 -0.0125246850798379 -0.0138117806855116 0.025658559158165 1776585335.8618
  0.0306869693655095  -0.0139942504507147 -0.00960963388825851 0.0350695622724808 1776585335.88422
-0.0106858684136009  0.0232234847677603 -0.0113197146450406 0.0279580751868996 1776585335.90228
 0.00874361422978851    0.032599390938474 -0.00738139836887213 0.0345493288102506 1776585335.91826
0.00338526803497232 0.00866934330580724 0.00687746323100412 0.0115722536057746 1776585335.93653
 0.00458185896543537  -0.0163175841466376 -0.00375069271384871 0.0173587061670925 1776585335.9601
 0.0279396119612172 -0.0396519723475883 0.00202291968392926 0.0485488726094121 1776585335.98548
 0.00435179906095877 -0.00998405476959435  0.00873068455966393 0.0139586660390445 1776585336.00356
0.0130872139922799 0.0263155858824673   0.03776219226759 0.0478515244822113 1776585336.01984
-0.030520555665058 0.0757379128153689 0.0359795791325307 0.0892315295749567 1776585336.03756
-0.00661973946297771   0.0268273630239733   0.0353652013005397 0.0448801272325007 1776585336.06174
-0.0246557674584149 -0.0334748078920285 0.00415000433906164 0.0417814811655341 1776585336.08569
-0.0353024843098574 -0.0377714142215551 -0.0404123548460146 0.0656209079100878 1776585336.10377
0.00303888889327237 -0.0204854660978075 -0.0266931080343604 0.0337847773928453 1776585336.12014
 -0.0193305644316543 -0.00613388964877191  -0.0319516168495304 0.0378444334449446 1776585336.13773
  0.00409059551509063  -0.00174527924566353 -0.000345108362042622 0.00446072540008632 1776585336.16179
0.000147041212681674 0.000998232316263643  -0.0136631080443712 0.0137003142411997 1776585336.18558
-0.0124302468921221  0.0165566121649142  0.0198588395912613 0.0286880803486386 1776585336.20411
0.0103982275087817    0.0446328400686 0.0413541719430226 0.061728284319319 1776585336.22026
-0.0244940038549537  0.0294994040843952   0.011995523742715 0.0401754110874171 1776585336.23851
0.00338689675845555   0.021511047641599  0.0158145434240584 0.0269127483546926 1776585336.26196
  0.0194541106639113   -0.031521098105868 -0.00296607731185628 0.0371596509959845 1776585336.28768
  0.0362283759596664  -0.0286804031652795 0.000136002409263651 0.0462069177402392 1776585336.3057
  0.0467868053886477   0.0100571605328962 -0.00524387636863402 0.0481419762351854 1776585336.32163
  0.0360818654386948 0.000155604312532966   0.0159878266943908 0.0394656284461306 1776585336.33856
0.00608602342282837 -0.0152133149617039 -0.0315820677566471 0.0355796520080322 1776585336.36163
0.00428114348594367 -0.0163862225127965 -0.0197048804609625 0.0259830481615791 1776585336.38622
-0.0184207638799422 0.00558377664377522  -0.045487691848828 0.0493926433111459 1776585336.40556
  0.0106318802045643   0.0325665275730531 -0.00874082203292411 0.0353555874602854 1776585336.42185
-0.0264770647288941  0.0512125371174079   0.053656037689181 0.0787574078748326 1776585336.43819
-0.0317140345432742  0.0378310090227006  0.0323781085831417 0.0590364899541746 1776585336.45995
-0.0110443384860754 -0.0379990090349869 0.00539329447191473 0.0399373224627892 1776585336.48601
 -0.0260798004334649 -0.00821663444081243  -0.0274365129629919 0.0387354013242631 1776585336.50562
-0.0160647541548217 0.00778762173221424 -0.0175535526098342 0.0250369843935953 1776585336.52192
-0.00184989024700061   0.0183720365973085  0.00544065587041769 0.0192497937380924 1776585336.53964
0.0108540299933581 0.0144652128154298 0.0168769477153083 0.0247362833319325 1776585336.56198
 0.0284868661782229 -0.0113414924458804 -0.0019659332896861 0.0307245160947319 1776585336.5868
-0.00311752548811336 0.000745542500708131  0.00817173665298676 0.00877793134600435 1776585336.60594
 0.0241832323963339 0.00391372258608908 0.00272114596220399 0.024648541315128 1776585336.6224
-0.00772463010264153   0.0356837187370661 -0.00363822560765354 0.0366910667424765 1776585336.63964
 -0.0116460540821677    0.011949315527561 -0.00150744058705965 0.0167537785106973 1776585336.66203
0.00490944828158387 -0.0414821131026252 -0.0010061138645465 0.0417837367285044 1776585336.68772
-0.000529838511094597   -0.0440767334338947    0.0160079032712904 0.0468966110310056 1776585336.7072
  0.029153549271031 -0.0076457176169962 0.00184237879154371 0.0301957081816077 1776585336.72402
 0.0138284518366036 -0.0243721602753533 0.00850659563661759 0.029284645225949 1776585336.74078
0.00793706533513041 -0.0048591101617145  0.0198124077692771 0.0218892544257204 1776585336.76202
-0.000351939083030628   -0.0110422192276462   -0.0121235462138693 0.0164022815300003 1776585336.7887
-0.0330666844958156   0.022332118223675 -0.0303270390504039 0.050118443964939 1776585336.80768
0.000695498877266261   0.0394332992805273 -0.00683347016793741 0.040027054917543 1776585336.82418
-0.0241698681831089  0.0105268490302238   0.028040437921783 0.0384871827669856 1776585336.84062
 -0.0042553825430694 0.000148193309681337   0.0269092711746722 0.0272440657207572 1776585336.8616
  0.0303230352895847  -0.0262685725723854 -0.00249292632280764 0.0401962567388435 1776585336.88785
-0.0344792514233568  0.0176432896421675 -0.0134325270107039 0.0409943560750228 1776585336.90616
0.0141783004399911 0.0249626402786609 0.0198927233065054 0.0349267526918501 1776585336.92187
  0.010422533291293 0.00738098133357088  0.0186304866821656 0.0225876762786476 1776585336.93766
 0.00957171164752969 -0.00378791706131056   0.0303014718973908 0.0320022683364037 1776585336.96048
 0.0890256820545748 -0.0361494405242618  0.0396047630157625 0.103927336966912 1776585336.98546
   0.11115370271397 -0.0490975821931356  0.0631537551439386 0.136945664381965 1776585337.00584
  0.236530498122582 -0.0436061673828206  0.0952101193539032 0.258675745293833 1776585337.02229
  0.229908804331643 -0.0591395859674818   0.141041068027843 0.276130642645914 1776585337.0397
  0.24281794993498 -0.059583848724321  0.177394010663133 0.306560641404895 1776585337.06185
  0.285109127953383 -0.0236027424554458   0.179157872874393 0.337552733223468 1776585337.0875
    0.213805531177721 -0.000418723247781281     0.227284979740205 0.312043975277285 1776585337.10735
 0.177770546790393 0.0957028090900498  0.185838512845394 0.274403622116162 1776585337.12413
0.147706068046279 0.118553336229516 0.152567790991426 0.24320548290868 1776585337.13966
 0.11153806770836 0.140930314568965 0.104174213607224 0.207736277268332 1776585337.16201
 0.114736601161129  0.126191951051769 0.0404553170399432 0.175286989913863 1776585337.18766
0.0930866506845112 0.0776770258418673 0.0810357795806267 0.145827440667174 1776585337.20764
 0.178493462216185 0.0413704156512392  0.130848589072657 0.225150573189104 1776585337.22424
 0.193771054545096 0.0215660455984175  0.146437018886973 0.243836249156633 1776585337.24052
  0.15561062444036 0.0362158856140697  0.136563757133437 0.210180676019301 1776585337.262
   0.14657172780363 -0.0251830455996165  0.0723351576168527 0.165377846776613 1776585337.28798
  0.087316814244601 -0.0573237154197442 0.00727158183804976 0.104704872387953 1776585337.30857
  0.057471581088525 -0.0481576324623408   0.024358650720142 0.0788383413200626 1776585337.32463
 -0.042715920928087  -0.039448990228898 0.00709790441892101 0.0585768979884938 1776585337.34151
 -0.167328591498832 -0.0623401167465218 -0.0305811589263543 0.181163889807633 1776585337.36196
 -0.174490317242586 -0.0171508659683725 -0.0856224645664796 0.195121063581873 1776585337.38843
 -0.241598306813363   0.069107694978431 -0.0777364758608579 0.263037212271536 1776585337.40959
 -0.152445470216182   0.156462984512177 -0.0732214482103854 0.230394590626422 1776585337.42575
 0.0056203569664826   0.174414075831285 -0.0583089896896777 0.183988577197452 1776585337.44196
 0.116565900279243  0.237046821162509 0.0460682224803241 0.268143777950669 1776585337.46192
  0.15216784017301  0.196157127078666 0.0922473670149015 0.264843815876181 1776585337.48862
0.137109307755271 0.180131918029513 0.112942300866915 0.252987022377104 1776585337.50981
0.178622545043077 0.118408344781944 0.116109901585143 0.243737684730485 1776585337.52591
0.199569182193049 0.135506129806074 0.144550982387776 0.281220120555934 1776585337.54215
0.0998084475163548  0.184740794544563 0.0569415146349759 0.21756199910257 1776585337.56203
-0.0495934790840901   0.047968333541959  -0.047794326249737 0.0839331389388186 1776585337.59052
  -0.22902502536594  -0.117013053241485 -0.0830783353684428 0.270271209492161 1776585337.61045
 -0.173930289038533  -0.212411190087038 -0.0739413352048732 0.284319503676935 1776585337.62651
 -0.166778649166305  -0.189161389889032 -0.0776944191864501 0.26388173869218 1776585337.64228
 -0.208494724361564  -0.168113694045561 -0.0769037336498353 0.278651123201637 1776585337.66187
-0.191403939651472 -0.182234866296863 -0.143645862182033 0.300797520485724 1776585337.68965
-0.200114748409686 -0.253751212951361 -0.209795614627079 0.385291825143115 1776585337.71007
-0.0858980135865358  -0.291777048407376  -0.212044014539851 0.370776184264321 1776585337.73251
0.0426839799742868 -0.176558386834323 -0.127662163412923 0.222018949811163 1776585337.74365
 0.0646663259250497  -0.114909039443748 -0.0254517375071576 0.134289284742539 1776585337.76199
0.0234495175146314 -0.166546080196405 0.0238714910102562 0.169874438287546 1776585337.78793
-0.0725327737612205  -0.220338113290318  0.0354609729746141 0.234664373184639 1776585337.81731
-0.0706013575877657    -0.1519229727037 -0.0303888109628658 0.17026045095706 1776585337.8262
-0.0392310847716076  -0.102570464327522  -0.064269991333642 0.12724154176505 1776585337.84357
 -0.049207723707883 -0.0273662039314922 -0.0732656204113532 0.0924021662321391 1776585337.86187
 0.0433500038242952 -0.0113272031750436 -0.0827367438954491 0.0940898355496291 1776585337.88653
0.00663723160997712 -0.0014550392653463 -0.0679141608256213 0.0682532286661703 1776585337.90854
 0.0563048759624248  0.0165219539786495 -0.0706245147664676 0.0918206736329878 1776585337.92637
 0.0377833426501635  0.0249570296090115 -0.0410441057401931 0.0611150793563822 1776585337.94201
-0.0291936717482643 -0.0215577401218731 -0.0296781704435664 0.0468807042415641 1776585337.96072
-0.0110963287048197  0.0252119437151693 -0.0101581451663121 0.029359130263721 1776585337.98493
0.0112898279765464  0.131190835968482 0.0717924811760392 0.149975518039649 1776585338.00857
 0.079067631181695  0.159485622069221 0.0990015934185844 0.203687676227379 1776585338.02638
0.108205987890303 0.175364145994851 0.078152429909175 0.220383578826845 1776585338.04656
0.0527369980082902  0.137632302963715 0.0546622649813989 0.157199888647922 1776585338.06166
0.0413833607397418 0.0793052737874087 0.0338863112130185 0.0956566311566375 1776585338.08688
 -0.0144043246813555   0.0440472467786683 -0.00629992514298687 0.0467689381439653 1776585338.10992
 0.055666869201655 0.0141372737287689 0.0330433902301322 0.0662610630242007 1776585338.12771
  0.135095330309495  0.0522178305512384 -0.0026750110864983 0.144860642630158 1776585338.14445
 -0.111601053739238 -0.0982137501192302  -0.190300311777043 0.241484874413763 1776585338.16208
-0.176663986376782 -0.272236085933854  -0.19255071133064 0.377357161057076 1776585338.18615
0.0525999232370722 -0.217385399969999  0.064282631469562 0.232713172711203 1776585338.2086
 0.207804605856044 -0.163361277328246  0.288341108908949 0.391165254377411 1776585338.22668
  0.266311509773273 -0.0628960055773245   0.290228900124055 0.398886628282425 1776585338.24377
   0.268116923216054 -0.00341090238582836    0.300749087128435 0.402924722719413 1776585338.26439
 0.222114764167854 0.0568674115454399  0.237928888039431 0.330422497298383 1776585338.2846
0.0805865560988141  0.135547957914487 0.0419608451793084 0.163181354470469 1776585338.31006
-0.0553366966094795   0.245689974988956  -0.165251824368401 0.301220648792224 1776585338.32769
-0.238030545558062  0.451338073433354 -0.328416842286419 0.606813166836863 1776585338.34424
-0.415004160631978  0.708412758139295 -0.368020077668207 0.89973099691146 1776585338.36196
-0.217092108244595  0.780827532728716 -0.136174672832388 0.821805427610638 1776585338.38657
-0.0092592295811893   0.325838302988106   0.066571784488237 0.332698264973766 1776585338.41197
  0.225929781638856 -0.0695035337126672   0.097871029477546 0.255839296905155 1776585338.42943
 0.229594727363961 -0.259308392395173 0.0425095294393485 0.348943607611682 1776585338.44567
  0.128753579720536  -0.240873559742429 -0.0224410539772589 0.274045903048107 1776585338.46192
 0.024419933144969 -0.103555091715801 -0.094950808282252 0.142603107078793 1776585338.48559
-0.0907275958137381    0.03312895216239  -0.106500432869244 0.143775402328964 1776585338.51203
 -0.130158260807509   0.057433028908066 -0.0599910439406586 0.154397704060262 1776585338.52868
 -0.133633898981129 0.00768680780362903 -0.0469442875434651 0.141848059923539 1776585338.54581
-0.0778551986572338 -0.0987755665135647  0.0053263334199527 0.125882541782939 1776585338.56187
-0.0597290955583425   -0.19585252709977  0.0998102368560136 0.227789070433235 1776585338.58561
-0.136210706154837 -0.302672193588272  0.124240494916714 0.354400217014445 1776585338.61171
-0.201105873909062 -0.232152527666192 0.0575145482181383 0.312484066600629 1776585338.62874
 -0.166122096308246  -0.142866241772142 -0.0273657940480875 0.220808062814347 1776585338.64564
-0.100022097917218 -0.133904002200034 -0.031007824826135 0.169988785151834 1776585338.66181
 -0.124354464200069 -0.0278252253124026 0.00814640487153271 0.127689623080747 1776585338.6927
 -0.131513060463152  0.0177753030875948 0.00161538450775547 0.13271870983154 1776585338.71021
-0.0895856763464064  0.0276307261675235  0.0241626889399052 0.09681366624498 1776585338.72817
 -0.0248504042765209   0.0275860536471727 -0.00219487317277086 0.0371934189982014 1776585338.74467
-0.0339859970516832  0.0109983857382752 0.00142946304399007 0.0357499069794461 1776585338.7618
-0.0739792947121119 0.00363691232604992  0.0308086862164372 0.0802205604801647 1776585338.78624
-0.0831760222110682 -0.0419694430291349 -0.0010467565948797 0.0931707063319842 1776585338.80991
  -0.0445876150160478   -0.0301208957837203 -0.000720042838205242 0.0538130303673922 1776585338.82842
 0.0175336634015657 -0.0465983633017493 -0.0446827232723734 0.0668983002303998 1776585338.84557
0.00399923254185337 -0.0242577107914282  -0.031391681082901 0.0398731492984308 1776585338.86205
-0.0251089066476148 0.00740587771735876 0.00906656175125866 0.0277039123553423 1776585338.88386
-0.0530878536274269 0.00811669646891307 0.00411564481837646 0.0538622269926392 1776585338.90991
 0.00264250978977849 -0.00422827848879752   0.0190828677785446 0.0197235148901336 1776585338.92874
 0.0134068610775482 -0.0041468067201267 -0.0115873052080197 0.0181990541487893 1776585338.94574
0.00261553510732015 -0.0127867294038152 0.00536028801838677 0.014109364279941 1776585338.96192
-0.027568535433514 0.0209156971732463 0.0297585137462123 0.0456405485788172 1776585338.9823
 -0.068316426370982 -0.0238828255379326  0.0134156179640047 0.0736036838285507 1776585339.00874
-0.0424309585628159 -0.0393039565199084 0.00911322709962073 0.058551158407392 1776585339.02817
  0.0349598681427159  -0.0290084519761415 -0.00480648293997116 0.0456813413207234 1776585339.04565
 0.063726332064313 0.0252294627558023 0.0040780426606514 0.0686600438483663 1776585339.06197
 0.0200628556125016 0.00897403925717181  0.0031562362452457 0.0222039046825812 1776585339.08204
-0.00992404763391358 -0.00220123802198358  0.00395711453417502 0.0109082961871317 1776585339.10871
 -0.0544692612300843 0.000769392257457708 -0.00138269524773186 0.0544922400855856 1776585339.12867
   0.0132086721381692 -0.000161315598345583   -0.0194744428574613 0.0235318713022241 1776585339.1458
 0.0190133804636617  0.0180439959978045 -0.0142753348145583 0.0298476064751007 1776585339.16428
-0.0228565823958598  0.0477681422530515  0.0367941588344547 0.0644827798521557 1776585339.18194
-0.0544795031834284  0.0088740599951959  0.0171733586054631 0.0578073477483906 1776585339.2098
-0.0408655888156336 -0.0489664800493792 0.00335858212946305 0.0638669914086692 1776585339.22947
 0.0182848139706622 -0.0303864140008911 -0.0274931416896166 0.0448725017994385 1776585339.24602
 0.0189403107562724 -0.0540267732928894  -0.023482366325354 0.0618793110193023 1776585339.26189
-0.00430299231209463 -0.00241261725737077   0.0060665501477161 0.00781917486460451 1776585339.28172
 -0.0211137856448763 -0.00259438508265894 -0.00151046091054475 0.0213261405410635 1776585339.30857
-0.0170206682083542  0.0195459564422636  0.0237476953644473 0.0351525332604115 1776585339.32867
 0.0251675686740805   0.019379681868306 0.00679908002125898 0.0324839355900234 1776585339.34543
 0.0120785080916519  0.0390971887445791 0.00938735878380381 0.0419833661154653 1776585339.36178
-0.0107541340430321   0.016990771372521  0.0191720429886362 0.0277831773418177 1776585339.38052
-0.0360992749720045 -0.0138966517569776  0.0168114786960897 0.0421770126906609 1776585339.40803
  -0.0757259362010753 -0.000693692039174622    0.0366769071785205 0.0841432952905717 1776585339.42845
 0.0298165837944986 -0.0146569325624091 -0.0372598463534895 0.0499214432042886 1776585339.44491
  0.069724183621381 0.00253439703999435 -0.0693744376839041 0.0983905358964076 1776585339.46192
 0.0393775432836422  0.0389557445250815 -0.0159727612956929 0.057647810452503 1776585339.4805
0.00469822220059798  0.0131724070574134 -0.0074077887513763 0.0158259575924303 1776585339.50594
-0.0291148009144573 0.00100633781845715  0.0251917271855654 0.0385137308850401 1776585339.52917
   0.010491308590994 -0.00709640764706139   0.0107274383188321 0.0165983279377497 1776585339.54474
 0.0171180133428163 -0.0232768683254918 -0.0276412335905075 0.0399859572131532 1776585339.56204
-0.00938101267618956  -0.0102588451872535   0.0126766405496915 0.0188134132743887 1776585339.57984
-0.0237560403549952 -0.0357434462569208  0.0114975397771264 0.0444312595432107 1776585339.60573
-0.0545380383946863 0.00652491679661586  0.0266141010747112 0.0610350927512851 1776585339.62791
 -0.0115487685608393   0.0182320011594723 0.000312488125119591 0.0215841972373116 1776585339.64446
  0.0260644996422214  0.00852528150145654 -0.00503065111895107 0.0278809256833241 1776585339.66182
 0.0335924302032791 0.00706464562964705 -0.0051009441697933 0.0347041815385123 1776585339.68022
 0.0141418382256285 -0.0117487181610484 0.00333193143087313 0.0186849065795801 1776585339.70658
-0.0260297971560637 -0.0133850076447314  0.0386910630785651 0.0485150196514939 1776585339.72824
0.0243679925718697 -0.036084841135136  -0.01261195532409 0.0453318457469751 1776585339.74542
  0.0335266858321469 -0.00360568899556728  -0.0230891053216572 0.04086742517672 1776585339.76187
-0.00185696444210973   0.0122501018993909    -0.04441613571307 0.0461118902796944 1776585339.77999
 -0.0451020688155512   0.0181378779156451 -0.00699812293169171 0.0491136737710857 1776585339.80574
-0.0569816022896827   0.028832102340342   0.013921260873759 0.0653604974673447 1776585339.82784
0.0162147733401965 0.0116802047938362 0.0235666734096071 0.0308987726956102 1776585339.84527
  0.0276427888193619  -0.0021149772420599 -0.00465943820101598 0.0281124041447073 1776585339.86194
   0.020804665113244 -0.00325294672276171   0.0104136124066868 0.023491681000134 1776585339.87981
 0.0157108787128662 0.00578882543874017 0.00303971058958001 0.0170171105173294 1776585339.90332
 -0.0359027580442035  0.00698551394643677 -0.00280272948908777 0.0366832486683702 1776585339.92781
  0.0342356077035621 -0.00750589828212444   -0.105795885001574 0.111450368447664 1776585339.9458
 0.121786662790265 0.0413355091808211 -0.248279420176385 0.27961274297848 1776585339.96197
  0.22695801664273 0.0163144516856304 -0.418166064131893 0.476066129696036 1776585339.97943
 0.239422582386795 0.0172908886540559 -0.597648901817614 0.644054623173383 1776585340.004
  0.239488761256089 0.00265554360115984  -0.774256637055652 0.810453736313506 1776585340.02768
 0.391834290868353 0.0157793713048836 -0.874506980551563 0.958407825037178 1776585340.04549
 0.433616064993825 0.0552695341214446 -0.944895719096382 1.04110783936603 1776585340.06195
 0.481215505120666 0.0606780763432689 -0.896801283509811 1.01956006856982 1776585340.07875
 0.485063837513418 0.0458117166660734 -0.887209968242784 1.01218929434987 1776585340.10254
   0.402973784678693 -0.00980295999854884    -0.77129073768298 0.870272009890332 1776585340.12784
  0.117025838078372 -0.0416459151175996  -0.284063807980434 0.310034959364702 1776585340.14561
-0.0410656468869384 -0.0534874440615471 -0.0186411140188513 0.0699627412151901 1776585340.16202
   -0.1128993596943 -0.0176532858365014   0.286713095783639 0.308645918835883 1776585340.17855
-0.143618811888886 0.0552392744311327  0.391078944711002 0.42026239608645 1776585340.20084
-0.169835443082478 0.0412183366649527  0.432044987801692 0.466053538221749 1776585340.22774
-0.0645999485430631 -0.0294109483010406   0.328172921031349 0.335761259423985 1776585340.24949
0.00168536929719801 -0.0195979167244739   0.144229991496533 0.145565137504477 1776585340.26194
 0.0195826964050179 -0.0413319246531391  0.0286983168918228 0.0539944755178467 1776585340.27796
 0.0172301196988939 -0.0600126464010967 -0.0486558316994253 0.0791567098309681 1776585340.30003
-7.9504805395471e-05  -0.0564615453497671  -0.0849082581905559 0.101967272853852 1776585340.32638
 0.0522630614448279 -0.0322805073828122 -0.0895129023873957 0.10856343050168 1776585340.34556
 0.0592232169160156  0.0395954350687072 -0.0696822437605494 0.0996534143703379 1776585340.36187
 0.0253560100837546   0.069704992686323 -0.0208884589956189 0.0770586852468913 1776585340.37744
-0.00708401569876071    0.111342933842481  -0.0073818233779253 0.111812000748821 1776585340.39796
-0.0454772577315517  0.0332535787691478 -0.0184004063849524 0.059266823998501 1776585340.42553
  0.038716922587069 -0.0097083813440717 -0.0833193771846052 0.0923870736486741 1776585340.4443
  0.112023375151318 -0.0393088340991422  -0.126645101091694 0.173589753871166 1776585340.46476
  0.125152025028338 -0.0585622434856526  -0.110188923616826 0.176731900398884 1776585340.4764
 0.102809196213817 -0.064919461325192 -0.121383122143253 0.171808409649028 1776585340.49764
0.0669770165875298 -0.130137924317703 -0.180159769168584 0.232119242036424 1776585340.52546
  0.02503790162868 -0.139388015933708 -0.145209989862216 0.20283455489558 1776585340.54442
 0.029524673146883 -0.148495242145369  -0.14700817554268 0.211030677723949 1776585340.56178
  0.017618827280763  -0.155092582403252 -0.0964867006916562 0.183504265894883 1776585340.57761
 0.0140270663031335  -0.199558974271295 -0.0163689447950678 0.200719917185585 1776585340.59859
0.0176424888282763 -0.242735002498817 0.0455782857724933 0.247606379126458 1776585340.62499
 0.203642148647327 -0.275976026914113  0.118640571214785 0.362916625790511 1776585340.64425
 0.245044364212894 -0.252148700641903  0.124816495971571 0.37310168229924 1776585340.66182
  0.283913388172422 -0.0970359407353522   0.214699271425521 0.36894249271206 1776585340.67791
0.331097603795921 0.175254138587371 0.345640466280958 0.509712633022098 1776585340.69856
0.370948365861225 0.460290881872023 0.474856758852649 0.758260725277052 1776585340.72639
0.0912611314962266  0.479837062576334  0.245339507317532 0.546592786811778 1776585340.74601
-0.0824060045625481   0.338456892817205 -0.0136301057501558 0.348610954598676 1776585340.76205
-0.0997916368897961   0.210321517479792  -0.123850978640583 0.263690303990074 1776585340.7787
-0.177281223857012 -0.161232890777948 -0.195791345813339 0.309449395695406 1776585340.79946
-0.118099174122958 -0.429965752162547 -0.141114728742312 0.467687213454939 1776585340.8265
  0.112786128182617  -0.520195571037811 -0.0302664860538759 0.533141822609922 1776585340.84446
  0.116682956527496  -0.420143794098847 -0.0110978146263028 0.436186750776834 1776585340.86188
0.0243654120799035 -0.260714373874123 -0.108597444941424 0.283476741723559 1776585340.87853
-0.0587901150514303 -0.0467949156080979  -0.139648811822381 0.158580681036286 1776585340.89801
-0.131391622225359 0.0518085130216007 -0.197497573938848 0.242802743238727 1776585340.92597
-0.347056990599094   0.21745291155568 -0.187558786402215 0.450458235383053 1776585340.94546
-0.237653179141683  0.215752257617849 -0.160480599279358 0.358862220034946 1776585340.96205
0.0698797007039767  0.198314392851314 0.0474011857693352 0.215542671865229 1776585340.97826
 0.354015875632766 0.0590260426314857  0.295766678112996 0.465069072064317 1776585340.99765
0.286081791162437 0.111520133354705 0.120964824341525 0.330018211779495 1776585341.02591
-0.00639776742045985   0.0597814649109811  -0.0471549222413604 0.0764090417847123 1776585341.04542
-0.070632622534033 0.0720567200391353 -0.155061961883978 0.185000946733096 1776585341.06199
-0.119851584069616  0.103269228610296  -0.17955830985707 0.239311768244876 1776585341.07856
-0.0773327576484908   0.172340495134125 -0.0667765756058639 0.200351472962495 1776585341.09754
 -0.0518389241193921    0.227299102784933 0.000232098819073141 0.233135604424879 1776585341.126
0.126141564431161  0.23830696754239 0.107169541684962 0.290150332967852 1776585341.14547
 0.186781989641409  0.206988595676534 0.0488692672101771 0.28305475737427 1776585341.16186
 0.217316469467164  0.249909967639673 0.0230561220056612 0.331983470355492 1776585341.17873
  0.22407847141983   0.25423142494517 0.0452202953575983 0.341891289587388 1776585341.19841
  0.118377979437937   0.117335885147906 -0.0122493194023222 0.167126005711473 1776585341.22667
-0.0867977382163291  -0.137899448944762 -0.0105795953842573 0.163285128585655 1776585341.24613
 -0.134753984741669  -0.232905404204581 -0.0179485574160113 0.269677055799661 1776585341.26197
 -0.159845803752304  -0.305581692721188 -0.0389109589270097 0.347051746326374 1776585341.27954
  -0.155186026581772   -0.312250055362833 -0.00433976699583915 0.348714257663648 1776585341.29808
 -0.163815322386653  -0.332980685016127 -0.0218568709827085 0.371738240233107 1776585341.32588
-0.00881367995183251  -0.0328248624261991    0.124393959714148 0.128953517830873 1776585341.34461
  -0.030783993802177    0.130405244066965 -0.00417779604444237 0.134054600571432 1776585341.36194
 -0.030310016244355   0.123330227343228 -0.0352271757323913 0.131795280535178 1776585341.37975
0.0436195426687598 0.0825126897828963 0.0924928022113612 0.131399874196097 1776585341.39812
0.0910606642693021  0.109090006626303  0.221170820290121 0.262886298370034 1776585341.42471
 0.129889136983289 0.0943534757165329   0.28551514333274 0.327555588195911 1776585341.44583
 0.141114420120662 0.0473339641977805  0.104758940744905 0.182011591385445 1776585341.46195
  0.0314075205729147 -0.00557380821986509   -0.077223492869811 0.0835521845173641 1776585341.47946
-0.0595836148420783  0.0416344049767789  -0.151517435393502 0.168051075758662 1776585341.49785
-0.177516392841618  0.132805509561591 -0.236946393942401 0.324488777463445 1776585341.52114
   -0.257738597511  0.237001825999833 -0.292588955675213 0.456297432775273 1776585341.54439
-0.281230614665071  0.278092136517057 -0.246172217804321 0.465861198036725 1776585341.56178
-0.145849461702069  0.198204996538964 -0.179007087448777 0.30430383416692 1776585341.58
 0.0487202731207315 0.00100175165846035 0.00202019519412404 0.0487724277432061 1776585341.59557
0.0776388645034491 -0.133344503831805  0.155721083099098 0.219220450015712 1776585341.61636
0.0248448257823813  -0.39289042631525  0.187052499653008 0.435854092655758 1776585341.64075
0.00431908501802209  -0.427871034242868 0.00908457302737879 0.427989259101843 1776585341.66188
 -0.23735247680817 -0.276383291040845 -0.280966925031651 0.460072097366579 1776585341.67772
 -0.246637805077333 -0.0317192660208028  -0.265420156978915 0.363708919963443 1776585341.69555
-0.287954800254068  0.129016869664215 -0.185751168414684 0.366151356975136 1776585341.71791
   -0.20835494445422    0.220532237993564 -0.00655469432351478 0.303462048517843 1776585341.74274
-0.0706155704319889   0.167910725159567 0.00453247572562236 0.182211727798323 1776585341.76203
 -0.011295517721466   0.138834009558006 -0.0842422375559773 0.162785827144092 1776585341.77964
 0.0281886639326166    0.10219135261383 -0.0453060116163784 0.115283598191302 1776585341.79761
0.0244065149018894  0.106140902760094 0.0446328505620488 0.117701574151233 1776585341.82061
0.0671643076043599  0.119533665556075 0.0996376455795269 0.169490418118182 1776585341.84442
  0.14000593670884  0.111015374305787 0.0537653018751687 0.186592559690095 1776585341.862
 0.166439274081591  0.122956294928678 0.0153091235063176 0.207496148595406 1776585341.87999
 0.164547780449537  0.147410558313344 0.0829141269926518 0.235967364709772 1776585341.89628
0.191439265225209 0.194875890369421 0.214395252115926 0.347262046655107 1776585341.91999
 -0.0780790524099625  0.00597852476182883 -0.00501595889230673 0.0784680892285188 1776585341.94271
-0.155364050596553 -0.185149352203142 -0.086126889223828 0.256585486507684 1776585341.96188
-0.137386121105421 -0.352296712633025 -0.114992961125725 0.395235753839265 1776585341.97858
 -0.109870809572676  -0.437159533404834 -0.0989427293116172 0.461486420305646 1776585341.99382
-0.0986304534221787  -0.539181651348769 -0.0445152167348217 0.549933108672681 1776585342.01223
-0.0683230839073794  -0.451870628954974  0.0668715672941452 0.461873267920058 1776585342.03525
0.125342832684304 -0.18453378847476 0.204181619207442 0.302413092336205 1776585342.0645
  0.166913589255513 -0.0111240686986631   0.076118542295083 0.183787713581999 1776585342.07288
   0.210337771531735 -0.00796708939021349   0.0542270667959431 0.217361513197667 1776585342.09185
0.275416227979271 0.062182714957395 0.243812001303555 0.373048362351917 1776585342.11387
 0.195980191846775 0.0480834620379269  0.274648620476153 0.340810973484285 1776585342.13961
 0.218682475015043 0.0613220278813451  0.207740354229612 0.307796151304122 1776585342.16068
 0.137688205108258 0.0453627554755136 0.0158625082048349 0.145833605786915 1776585342.17875
 0.0487027001914643  0.0228949972286927 -0.0767679176861281 0.0937520511237255 1776585342.19595
-0.0386823505432079  0.0615181516339705 -0.0911206564930617 0.11654947989474 1776585342.21784
-0.0790549921781166   0.072942133635281 -0.0446103868569659 0.116448843974843 1776585342.24204
-0.0445742277193538  0.0749127499108064 -0.0311242664612607 0.0925608007675355 1776585342.26199
 -0.023735348643363  0.0884264647592963 -0.0953093469675776 0.132160803812761 1776585342.2788
  0.0500218997200488   0.0888227752475281 -0.00170122455621077 0.101953764125049 1776585342.29763
 0.0798029724828602 -0.0474236558781811  0.0967941253451531 0.134114206015938 1776585342.31807
0.00990525163330298  -0.273553638300992   0.172272715733558 0.32343097505317 1776585342.34252
 -0.03857972538316 -0.431924476218183 0.0166509406036033 0.433963595466228 1776585342.36193
-0.142769726377197 -0.332669482266721 -0.222370834563125 0.424854054077077 1776585342.38014
-0.157752966624433 -0.204073921548669 -0.315186040755864 0.407276815228192 1776585342.39776
 -0.145096503873136 -0.0047617154100299  -0.240731434659592 0.281117934332049 1776585342.41776
-0.195385046289039  0.138581292679967 -0.123518320785926 0.269512275349371 1776585342.44233
-0.074924945895071  0.171918757518715  0.035317554432771 0.190832744452491 1776585342.46181
0.0444064998858096 0.0924857183781092 0.0749143677648331 0.127034278183599 1776585342.48031
0.0581613439597658 0.0572356011189152 0.0882962319799476 0.120228451493423 1776585342.49796
 0.024019943568791  0.057056298481808 0.0640952891473657 0.0891099600290421 1776585342.51956
-0.114939349461871 0.0408317380819097  0.117610526882542 0.169441792138471 1776585342.54389
-0.0704105658527567 -0.0207352155092961  0.0689972431423291 0.100738356682864 1776585342.56199
 -0.0387607738996056 -0.00447863988703044  -0.0234553748044188 0.0455259312452783 1776585342.58004
-0.0800043247046435  0.0441518470745921 0.00213502561184794 0.091403697441118 1776585342.59773
-0.0378326691096466   0.124000881591374   0.124616586656392 0.179824423139039 1776585342.61779
-0.0849685071534057   0.165408767868604   0.240566817186734 0.304059371220562 1776585342.64388
0.0133082783574113  0.199085417114514  0.217382612769916 0.295071709784543 1776585342.66206
0.0923787059401976    0.1733974621686  0.157517624141562 0.25181800394908 1776585342.67978
 -0.0814161138228009   0.0743777144442896 -0.00149695676228359 0.110285397381121 1776585342.69743
 -0.176506782659417  -0.069811838306226 -0.0390095437780841 0.193778434296099 1776585342.72081
-0.197239703788448 -0.322909511536151 0.0126892617196477 0.378596184283545 1776585342.74504
-0.0814565458568449     -0.430698669597 0.00251377411977229 0.438340999583519 1776585342.76184
  0.116988287866491  -0.407069149782045 -0.0117469848871925 0.423709268079127 1776585342.77959
 0.253704296455671 -0.345059704118058 0.0750050000646266 0.434807796021189 1776585342.798
  0.220242039402153 -0.0467376420908893   0.170053420565032 0.282150897489452 1776585342.8163
 0.173665701802274 0.0553163441413761  0.190521611745123 0.263662963750321 1776585342.8439
 0.100945576781015 0.0520251791597628     0.164499414547 0.199891685981591 1776585342.86201
   0.115590524832123 0.000460767126215069    0.140813585502897 0.18218081018453 1776585342.88139
 0.0910873707025271 -0.0336269160724512   0.141153037120376 0.171323840939752 1776585342.89823
  0.077194030596306 -0.0560259291019221   0.156204763137252 0.183023908597216 1776585342.91782
-0.0385117396982292 -0.0287121885904257  0.0725493828267166 0.0870112453466437 1776585342.94406
-0.0608010021405419 -0.0123432749007747 -0.0166884802128773 0.0642465848772203 1776585342.96199
-0.0786874430882649  0.0339392559467611  -0.172549204938722 0.192657247252663 1776585342.98153
-0.118294243374469 0.0371406195883861 -0.231420420101283 0.262542119437628 1776585342.99943
-0.0962338822474898  0.0316724511753945   -0.14994400455196 0.180962174934321 1776585343.01755
-0.0998074000364763  0.0566007824094803  -0.104567727624365 0.155240379192818 1776585343.04259
 -0.125588213994354   0.136567499002793 -0.0557208129283593 0.19372116629725 1776585343.0607
 0.0591810547924685  0.0700894150765546 -0.0266416793917946 0.0955233083228271 1776585343.07954
  0.150003148338592 -0.0360091869259332  0.0796844704736963 0.17362955073728 1776585343.09816
0.145693464190342 -0.18338197333546 0.128561000788556 0.267176841391512 1776585343.11624
  -0.102500674584184   -0.196366414324159 -0.00255694692660977 0.221523576493171 1776585343.14233
 -0.198306894028383 -0.0871666989934886  -0.113545508909638 0.2445735885703 1776585343.16199
  -0.15646517425196 -0.0625283334824259  -0.176920798363981 0.244319692484119 1776585343.17972
-0.0724620262520259 -0.0187064254422224  -0.115016807586307 0.137220776957137 1776585343.19807
-0.0614675424926135    0.14303970319778  0.0245891945268794 0.157617397385159 1776585343.21602
-0.0351080385617092   0.144468939425595   0.205228370660723 0.253421650524303 1776585343.24247
0.0157674799506116  0.112810919643614   0.18726826784219 0.219190148399615 1776585343.26196
0.0992421421678783 0.0409508937783423 0.0427484950886832 0.115556965673479 1776585343.27936
 0.0665210370634284  0.0170018339925086 -0.0587536654327638 0.0903664978456507 1776585343.29798
  0.073575378887524  0.0585652352813081 -0.0353778284923225 0.100472951140244 1776585343.3158
0.00906693503084088  0.0109135579980387 -0.0170743910072789 0.0222002226858086 1776585343.34164
-0.0276210262281989  0.0551385595353091 -0.0323775380062874 0.0696526152048597 1776585343.3627
0.00233677802436733  0.0538498242901253 -0.0803511444155546 0.0967552092473674 1776585343.37828
0.00407345234779242  0.0754073927879639 -0.0841248476077423 0.113048033535015 1776585343.39747
 0.0356663727556161   0.133083784952461 -0.0299078880039665 0.140988885121038 1776585343.41419
0.0579436907128191  0.174426844581864 0.0963406726246011 0.207518000679385 1776585343.43873
-0.00830246872532682    0.147764446694602    0.117232533334243 0.18880341513294 1776585343.45828
-0.0806193463591084  0.0138777408677814 -0.0218051152349632 0.0846612883753443 1776585343.47749
 -0.105205912674475  -0.151342150479712 -0.0413916635221805 0.188907385728104 1776585343.49679
  -0.13020594834986  -0.397781262056362 -0.0975093526034826 0.429757600600605 1776585343.51461
 -0.148410361719484  -0.518060527032139 -0.0443397362712522 0.540720220952694 1776585343.54051
0.0113118485876128 -0.296717081284768 0.0744628948926316 0.30612694582544 1776585343.56187
 0.122801782651302 -0.119341111091966  0.100781056399743 0.19869423732975 1776585343.57851
 0.133313161826416 0.0505106462925827  0.100647727831659 0.174509855374206 1776585343.59928
0.125759567836415 0.146497665059545 0.127797758915066 0.231536826345214 1776585343.61611
0.0776559396918258  0.212523138595638  0.155090847063105 0.274316788131373 1776585343.64197
0.0567009767466391  0.123795411156303  0.176573480527212 0.222976453045775 1776585343.66188
0.0920760126117202 0.0476191422259655  0.174110402668508 0.202632690161781 1776585343.67874
0.0949799354387357 0.0536037218027593  0.119681300730283 0.161920229963851 1776585343.69876
0.0116949980940627 0.0783351768250237 0.0464939942117148 0.0918415178793711 1776585343.71609
-0.0926351673208576   0.121279901055884 -0.0157108934295304 0.153417472267804 1776585343.73915
  -0.18468192355135   0.114267069517759 -0.0880177504190157 0.234332030357839 1776585343.76191
-0.155202534704798  0.103059107025825 -0.178354015727047 0.257913088550617 1776585343.77853
-0.175638540661151  0.103279247350131 -0.220479537402849 0.300211136222764 1776585343.79842
-0.195632519691362  0.117986139105616 -0.166031811550471 0.282417021846369 1776585343.81583
-0.0345065971472914   0.134652637881627  0.0154588238772517 0.139860692729709 1776585343.83774
0.0328034557014401 -0.123984504775366  0.155483170530594 0.201552078750369 1776585343.86181
 0.103208705566139 -0.312844262718442 0.0625737979642959 0.335319325139725 1776585343.87823
-0.164751171064252 -0.280654295603505 -0.111347847503488 0.343959481845467 1776585343.89957
-0.248387939459543 -0.148122065125448 -0.236918943159297 0.373854651266644 1776585343.91578
 -0.28673568840855 0.0129060133968915 -0.247128634837718 0.378756494790096 1776585343.93808
-0.245119948715814  0.172541286347057 -0.155024852336306 0.337471464859822 1776585343.96067
 -0.0291461763089442    0.217340249586951 -0.00688511168769203 0.219393911599438 1776585343.98011
 0.104604330980144  0.183124709863839 0.0996141763785759 0.233237453163296 1776585343.99839
0.132085475375245 0.131499922681934 0.163706044783648 0.248069489395945 1776585344.01563
0.130720005422675 0.109962865313997 0.182136379667584 0.24970625215277 1776585344.03914
0.0598807747671448  0.111262907090494  0.116813551825454 0.172077155866255 1776585344.06234
 0.0576133925679282  0.0950678781259831 -0.0158447070910991 0.112286504965493 1776585344.07941
0.0879956902947323   0.12564343853871  -0.06976855622972 0.168514588676045 1776585344.09786
 0.0797379130692999    0.14837453323538 -0.0855384723497379 0.188917884662599 1776585344.11419
 0.120706518152122  0.256618826809903 -0.067054430846195 0.291409647221582 1776585344.13635
 0.112133826871765  0.286184069675555 0.0271893057895416 0.308568590777297 1776585344.16195
 0.168932057936969  0.207703625526241 0.0768568373831759 0.27854229428959 1776585344.17958
-0.0213074093527569   0.137642902247162  0.0803121219814802 0.160778142698303 1776585344.19795
  -0.16052348006862 -0.0507045319011272  0.0682921954682082 0.181666070498927 1776585344.21549
 -0.22657829638436 -0.291172502559342 0.0648025317266198 0.374591135449424 1776585344.2357
-0.313489349314261 -0.532160314303853 0.0243775574292373 0.618113612177948 1776585344.26193
 -0.186283213109786  -0.490596020800957 -0.0234328336841491 0.525295144472808 1776585344.27933
 0.0931841612771303  -0.422392482373725 0.00396465978715552 0.432567238248562 1776585344.29782
  0.26033839299071 -0.243934672333318  0.111809997415826 0.373873880812067 1776585344.31549
0.301011923442558 0.110568481732124 0.205226666764863 0.380725034583426 1776585344.3358
0.209683054178811 0.184591140763035 0.184617437959979 0.334849922886148 1776585344.36203
0.135800121104856 0.164844981038405 0.139166200232552 0.254917186460255 1776585344.37956
0.142481455424361 0.140606615665939 0.140689968824498 0.244672950766347 1776585344.39767
0.115496596186613 0.102484796558918 0.102565800687565 0.185370819513476 1776585344.41543
0.0611093934967548 0.0797875255959039 0.0417993954718433 0.108846665893218 1776585344.43424
-0.0689855361818264  0.0323479049624116 -0.0271860944662258 0.0808979288367622 1776585344.46857
-0.165951884793276 0.0203334926846488 -0.137258263843687 0.216317613671612 1776585344.47849
-0.216483661165538 0.0558138445228991 -0.243408853737248 0.330496945325888 1776585344.49755
 -0.26668472993763 0.0649732402366905  -0.28680911788768 0.396990852831989 1776585344.51606
-0.259955321900632  0.114151306616894 -0.208284209915768 0.352121573163362 1776585344.53454
 -0.156898580107832  0.0243043460521113 -0.0156897255328954 0.159543201560493 1776585344.56182
 0.120197389421122 -0.212439502598175  0.111221670903469 0.268231643857269 1776585344.57986
 0.175157398160509 -0.302868136206956  0.135379186054668 0.375148965181378 1776585344.59935
-0.0308645272023805  -0.317749129792515 -0.0269837030285416 0.320382972007657 1776585344.61752
-0.199912960404587 -0.147878659898356 -0.173348554381709 0.303122105919856 1776585344.63573
 -0.245906273903431 -0.0030219105821711  -0.191771141960122 0.31185765723696 1776585344.66199
 -0.161567936992287   0.165690085691491 -0.0974401774409668 0.251101555033266 1776585344.67988
-0.0719149322525091   0.219334319189019 -0.0453178615682668 0.235229695472562 1776585344.69939
-0.0192288939508455   0.184562557141001  0.0144112765297408 0.186120317945717 1776585344.71757
0.0213607635807443  0.167077381906588 0.0759054784847208 0.184750576262989 1776585344.73666
-0.036278542630453  0.123150449568694  0.113230862319295 0.171182341571589 1776585344.7619
-0.00938813309151562    0.072868502327407   0.0780122290535974 0.107162789979985 1776585344.77991
 0.0344966404540099  0.0894236589600418 -0.0313864740846124 0.100854944052729 1776585344.79864
 0.0290502508978115  0.0488972681358412 -0.0781941543436455 0.0966911871986895 1776585344.81656
-0.0024316307058395  0.0631455247908466  -0.038988162781308 0.0742519155716724 1776585344.83438
 -0.0465382588956893    0.126701522853721 -0.00565581738742528 0.135096534762421 1776585344.86191
0.0438737892647249  0.192510707116106 0.0621723005936699 0.207004049960136 1776585344.88137
 0.144514528556667  0.169754143756939 0.0861453310923096 0.239001958894924 1776585344.8985
0.0513586634008476  0.180020153996241 0.0681714200834516 0.199229291690119 1776585344.91655
  -0.103962912986278     -0.0728335263798 -0.00941209265182662 0.127285495362182 1776585344.93414
 -0.219675302687229  -0.334130831973991 -0.0247037046517909 0.400638146598498 1776585344.96176
 -0.187049255479602   -0.48537741332138 -0.0489339826109613 0.52246836458507 1776585344.98045
-0.00942453834319472   -0.490905102836912  -0.0331951030637195 0.492116405722987 1776585344.99855
 0.132960560518747 -0.349464880162359 0.0441453380552638 0.376501027876903 1776585345.01769
  0.210591899063504 -0.0251691319902903   0.176816022355293 0.276127396174058 1776585345.03514
0.165940612026232 0.129277930751131 0.225627769138315 0.308475218300056 1776585345.06178
 0.129971312433884 0.0827063812084338  0.198477296023828 0.251249128526471 1776585345.08075
 0.140421213606373 0.0654986531533793  0.165684947276502 0.226847289050609 1776585345.09865
 0.180216059189768 0.0305489948722461  0.162202305107124 0.244378102250711 1776585345.11785
0.136993850493873 0.050675689627249 0.149366398623872 0.208915441339792 1776585345.13565
0.00553757819557418   0.060613151522465  0.0804658373027557 0.100892863387808 1776585345.16202
 -0.123255236005275  0.0407985847503845 -0.0565478881748273 0.141612292465672 1776585345.1815
-0.119571942522526 0.0428293403393564 -0.151704842701123 0.197853888340582 1776585345.19941
-0.148457977056258 0.0525281057515685 -0.180488550848445 0.239530978858386 1776585345.21771
-0.166361233469149  0.127243679285612 -0.143651934643254 0.253974196024451 1776585345.23631
 -0.213679376901003    0.15512932395291 -0.0959097040724555 0.280931761462021 1776585345.26085
 -0.0411243668773782 -0.00933839810846579 -0.00224489992993802 0.042231017108197 1776585345.28081
0.0880047184500355 -0.173045069989184 0.0425872134575264 0.198753861514962 1776585345.29888
 0.111885072337077 -0.254312290127764  0.012657832204601 0.278124488382488 1776585345.31842
-0.100402507787063 -0.309371334080435  -0.11802956384941 0.346009051706919 1776585345.33739
-0.232589601622083 -0.190884776183718  -0.20111228118377 0.361913069955158 1776585345.36189
-0.229962143716652 0.0502347326305017 -0.162970161925422 0.286295982478299 1776585345.38064
 -0.107264220741665   0.117427208368142 -0.0815847941723537 0.17874798168538 1776585345.39867
-0.0159037368986018   0.189970004717994 -0.0415645473774287 0.195113154704098 1776585345.41652
0.107722258679164 0.208717190770257 0.105370729554644 0.257429488180446 1776585345.43588
0.0680319523531924  0.239356852015111  0.169323083934062 0.300982318252272 1776585345.46329
-0.03001916745671 0.137032984472604 0.125288645096698 0.188086240428239 1776585345.48052
0.0331743268252548   0.08872311022327 0.0181097177769705 0.0964380014618763 1776585345.49957
  0.100149331196707  0.0629834223835917 -0.0152910372753392 0.11929214498555 1776585345.51842
  0.076859286590588  0.0329682714595761 -0.0362888380781302 0.0911654354857541 1776585345.53774
 0.0841596587490194  0.0340414714147386 -0.0248733170459763 0.0941294419281317 1776585345.562
  0.120736287542269  0.0794257530811979 -0.0590926773928159 0.156133423402731 1776585345.58274
  0.261592058595146  0.0837597492736478 -0.0979503527447738 0.291616824482498 1776585345.60174
 0.255420226620758 0.0750540509401448 -0.127637456934504 0.295235369057016 1776585345.61956
 0.0702953796237401 -0.0194381487664013  -0.231997444112635 0.24319148031686 1776585345.63788
-0.0228735628204579  -0.214900281719011  -0.303653892728962 0.372707683752916 1776585345.66197
-0.0638593463043419  -0.405636240442716  -0.356407788135682 0.543732735003777 1776585345.68259
 0.239301399709493 -0.358158273809498 -0.219322537248063 0.483368269899928 1776585345.7018
  0.347242030556959  -0.247093877833173 -0.0919739356266801 0.435994973689624 1776585345.71968
 0.338665034692773 -0.063708861973976 0.0873835537533148 0.355511898934529 1776585345.73963
 0.27482597379578 0.066869122291593 0.239841580217974 0.370843334833325 1776585345.7625
 0.201295819925586 0.0423504019291414  0.317653228679755 0.378440401323308 1776585345.78436
  0.167326881558509 -0.0204591896930927   0.270653483219566 0.31885760413369 1776585345.80265
  0.104173540952702 -0.0283525960517956   0.171872310343826 0.202968193075726 1776585345.82154
  0.0856932608387483 -0.00942660146757981    0.101651631044888 0.133286345371506 1776585345.83972
  0.041238924703468 -0.0175817811248003 0.00531883810691599 0.045144855487932 1776585345.86201
0.00721867452965035 -0.0340129126185072 -0.0170298507085275 0.0387169640069307 1776585345.8844
 0.0493601755888968 -0.0479370213948124  -0.015571285721717 0.0705467922261585 1776585345.90385
 0.0751928356021368 -0.0786581000176548 -0.0274585631033496 0.112227589798489 1776585345.9204
 0.0613851931221408 -0.0775725599183489 -0.0142270943589495 0.0999402531557071 1776585345.93979
-0.00581410501392261  -0.0788494233621924  0.00248000656389755 0.0791023755282997 1776585345.96182
-0.203125507947808 0.0752857869968492 -0.154006769930446 0.265793165614166 1776585345.98579
-0.248503995806185  0.262994911627046 -0.253287248530257 0.441672944316704 1776585346.00668
-0.0589437962022852   0.312620216137466  -0.195834659486322 0.373573265243508 1776585346.02084
  0.168195374094243   0.385838483646234 -0.0187152345295279 0.421320874551241 1776585346.03954
 0.16850907986851 0.374539561890624  0.13785384195577 0.433219199899218 1776585346.06189
0.167270270092054 0.191822534048959  0.16750839196134 0.304687198948539 1776585346.08578
 0.142822836054666 0.0334945226492233 0.0791630396199285 0.166694428185419 1776585346.1038
  0.115771994910354 -0.0935977387375051  0.0145210754185538 0.149581259299448 1776585346.11998
  0.079617428837677  -0.118118341514656 -0.0331718199127911 0.146257468914316 1776585346.13754
 0.0480849484414896 -0.0885249480024864 -0.0797536430612272 0.128489191245806 1776585346.15869
0.00336546818432655 -0.0705006722110518  -0.140161154212812 0.15692934814297 1776585346.18532
  0.023057931562877 -0.0367630197580266  -0.173233437636377 0.178586146565191 1776585346.20413
-0.0130266107642016  -0.111376338834043  -0.198710766439646 0.228167373081931 1776585346.22163
-0.0490840935544877  -0.175779318359134   -0.16951152387772 0.249081861503832 1776585346.23943
-0.101503117820906 -0.142447188230769 -0.179286296440616 0.250474869904366 1776585346.26176
-0.0901571443389166  -0.110647445619487  -0.171620198077526 0.223214381896944 1776585346.2859
-0.0214548112077535 -0.0792760544373109  -0.138826520202884 0.161300354750849 1776585346.30537
-0.00762857655899883   -0.102890731144609   -0.114674307083363 0.154255938105599 1776585346.3215
 0.0045238713028443 -0.0977088393665658 -0.0605247892538854 0.115024922587035 1776585346.33986
0.0171759284672882 -0.029070145128566 0.0446338568956232 0.0559666600565753 1776585346.36137
0.00901919460092853 -0.0363482057589167  0.0650652284260274 0.075073443262402 1776585346.3856
 0.0225142790611293 -0.0107485493192916  0.0308605433238296 0.0396837146491305 1776585346.40539
 0.00886552035298181   0.0284030036083245 -0.00144357615223614 0.0297894608412259 1776585346.42212
0.00904013619553306  0.0230236578836011  0.0122369127161737 0.0275962844890059 1776585346.43989
-0.0152101846216179  0.0660410274405034  0.0460770949568225 0.0819503856078851 1776585346.462
-0.0432268370810414  0.0190744928936484  0.0371187262398897 0.0600849029362003 1776585346.48581
0.0212653149802559 0.0105141796341811 0.0110084295291971 0.0261523825929612 1776585346.50556
 0.0409657752939245 -0.0350014889665852 -0.0200501488925912 0.0574918032933859 1776585346.52231
  0.0012875159369057  -0.0553513432238198 -0.00389327198650803 0.0555030310949755 1776585346.5398
-0.00113419846322628  -0.0326848819084541   0.0427116941607488 0.053794764890321 1776585346.56193
-0.0256513487283018 -0.0349596858255234   0.060285674841824 0.0742599078624151 1776585346.58659
 0.0163753087153466 -0.0213733509630415  0.0160491222576573 0.0313455769153079 1776585346.6059
  0.0455943744555882  -0.0113025134194989 -0.00981267235510119 0.047988356195466 1776585346.62249
 0.0385536682501947 -0.0107289660075666 -0.0199068544910684 0.0446965200308275 1776585346.64007
0.0231949282080832 0.0229231611620516 0.0194953569199138 0.0379940120765675 1776585346.66197
-0.0236407901462763  0.0321255809221441  0.0210345784562093 0.0450931635523161 1776585346.68594
-0.0117092857028982 -0.0227490566690476 -0.0182577933950726 0.0314320532364781 1776585346.70581
-0.0120269054998846 -0.0405356444273453 -0.0496478861021125 0.0652127097999436 1776585346.72363
0.000242842631907903  -0.0471275573381208  -0.0574167228841252 0.0742815300054742 1776585346.74017
-0.0207297693489285 0.00333585051549713 -0.0109992970085608 0.0237030751296968 1776585346.76197
-0.0595937154360462  0.0222928165256823  0.0257955862628894 0.0686570670708148 1776585346.78634
-0.0122875566774324   0.023381268538558 0.00405237283437828 0.0267224529780124 1776585346.8075
  0.0508626129946171  -0.0137860739118133 -0.00934098946649796 0.0535192985637462 1776585346.82275
  0.0544834840543072 -0.00748726554155276    0.012060702676153 0.0563024842172016 1776585346.84158
 0.040896400672488 0.0282866289659578 0.0527286931300607 0.0724773347014538 1776585346.86219
-0.00309648028122356 -0.00877013430791234   0.0418471023423494 0.0428682099038658 1776585346.88731
0.0130563877739918 0.0154553666829983 0.0203549800114159 0.0286995266907995 1776585346.90659
 0.0264923732184855  -0.025195598196542 -0.0461390805899322 0.0588683171571379 1776585346.92402
 0.0277371543295029 -0.0497218635464594 -0.0274567752433282 0.063209872263706 1776585346.94077
  0.0256184823110843  -0.0152481293090432 -0.00928925001191702 0.0312266272455502 1776585346.96432
 -0.0213747078155971   0.0320347479400142 -0.00326241834419513 0.0386490178818936 1776585346.98584
-0.0186297569743663  0.0139460338099122 0.00387646651761637 0.0235920897042497 1776585347.0059
  0.0265537282040789 -0.00131594114512781  -0.0210515971652597 0.0339116783106043 1776585347.02371
   0.041963750323672  -0.0373199863046021 -0.00723729813351707 0.0566225767982752 1776585347.03998
 0.0171550604425011 -0.0116398804760835 0.00898012879518734 0.0225926012106071 1776585347.06066
-0.0353629937196333  -0.024891018391207  0.0185236824030287 0.0470449883742626 1776585347.08564
-0.00286195910337624  -0.0300721457346255  0.00757279650391571 0.0311427681153052 1776585347.10577
 0.0257668947168508 -0.0204205635341449 -0.0174576970931511 0.0372250381624726 1776585347.12365
  0.0282523101881819 -0.00391133433500016  -0.0554723116131736 0.0623752268369297 1776585347.13995
  0.012163505345618  0.0466081251112292 -0.0247893194956584 0.05417359642607 1776585347.16185
-0.0523067483457796 0.00710045376801651  0.0132607488971703 0.0544266463006335 1776585347.18553
-0.0341224467379021   0.038697353671026  0.0120927988135671 0.0529911533717359 1776585347.20656
 -0.012064637087925 -0.0059150143026303 -0.0114282482157251 0.0176393797947627 1776585347.22384
0.00222025177942742 -0.0408305654003796 -0.0185307246583185 0.0448937896065942 1776585347.24135
 0.0401827924612579 -0.0282535326470707  0.0086233811841341 0.049872654030746 1776585347.26191
-0.0121280291662576  0.0119413982723893  0.0446636924353725 0.0477967729676279 1776585347.28664
-0.00966410855316837  -0.0192357533559193   0.0362893855276103 0.0421939415469651 1776585347.30751
 0.0256479697749692  0.0157921270677838 0.00514560972158001 0.0305562911739887 1776585347.32416
 0.0253945423783508 -0.0313638883178769 -0.0102596996710523 0.0416393769209183 1776585347.34068
0.0458224468221097 -0.019365839531083  0.029230896486293 0.0576990267067055 1776585347.36188
-0.0325082061069959 -0.0133808015680391  0.0176341484550704 0.0393292830678824 1776585347.38624
-0.0195162217992989  -0.020461578476094 0.00442765737445027 0.0286210282288793 1776585347.40632
 0.0219072246251107 -0.0142565085685438 -0.0491332849850985 0.0556529803403818 1776585347.42402
-0.000394843033280971   0.00109953637765157   -0.0463509941225049 0.0463657151072988 1776585347.44072
0.00958278413357689   0.044511777145059 -0.0328203949237692 0.0561275901791116 1776585347.46328
 -0.0211491649533054   0.0368864044754779 -0.00113665971193005 0.0425345272531787 1776585347.49145
 -0.0030052256356743 -0.00417900255113326  0.00778844925417341 0.00933570485975894 1776585347.50651
 0.0103379119724135 -0.0159609836998999  -0.024184322074052 0.0307653515955745 1776585347.5258
  0.0199794355107226 -0.00701406900013643  -0.0481600935284953 0.0526095962343299 1776585347.54197
 0.0265123025175637   0.002223204582021 -0.0214470468163613 0.0341733908258974 1776585347.56184
0.00499563935908421 -0.0061590669186031  0.0288798428542694 0.0299488871446195 1776585347.58573
-0.0204425775491255 -0.0133873670674374  0.0409052649755569 0.0476483082235963 1776585347.60768
  0.0101347967205555 -0.00856761394110321  -0.0319121092309517 0.0345615513074712 1776585347.62468
 0.0149998014408144 0.00724041323103298 -0.0429356887396722 0.0460531322992257 1776585347.64182
 0.0261063310749465  0.0164805836269699 -0.0310126178148726 0.0437599431285236 1776585347.66192
-0.0342446382694554  0.0501401371061191  0.0380122701572071 0.0716356146182244 1776585347.68609
-0.042000746568783 0.0345750010053537 0.0399357590966443 0.0674859856672521 1776585347.70758
 0.0323813958775772 0.00603058958830596 0.00980313570148618 0.0343660338029385 1776585347.72423
 0.0399666448820805 -0.0401601639794745 -0.0168806197237722 0.0591195973958486 1776585347.74145
 0.0456018067239295 -0.0634415012863723 -0.0111192142692946 0.0789175885840532 1776585347.75982
-0.00557777082946124  -0.0406540683789834   0.0168256652643492 0.0443505108739119 1776585347.78453
 0.0117568519846375 -0.0311868700035996  -0.012878034191883 0.0357307737651649 1776585347.80626
 -0.011427459862014 -0.0164050183456995 -0.0430834758995922 0.0474962878698054 1776585347.82407
-0.00556712917195139 -0.00958237681370717  -0.0688050874702855 0.0696918570165174 1776585347.84169
-0.0158201443482379  0.0419815335913799  -0.011098253531444 0.0462157696174309 1776585347.86184
-0.0638230078005623  0.0604882666531215  0.0178356356216606 0.0897235566918656 1776585347.88585
-0.0116263496630811 0.00616316843961757  0.0246101183959839 0.0279072495808467 1776585347.90682
-0.00524587574486065  -0.0349551528327302  -0.0292938086819832 0.045907615370292 1776585347.92483
0.00768406622364007 -0.0628583188400688 -0.0397343637173151 0.07475983400964 1776585347.94202
-0.00342379915536499  -0.0508878237501395  -0.0270073053741231 0.0577121092168072 1776585347.96137
-0.00868237708256823 -0.00418888235941611   0.0413700275739666 0.0424783425841415 1776585347.98544
-0.00167872595228636   0.0168756936991148   0.0498061310796091 0.0526142362081635 1776585348.00765
  0.0185993089687744  -0.0337672951021837 -0.00443049652694681 0.0388045591665358 1776585348.0246
-0.0038339811063703 -0.0688177222307059 -0.0298932710285774 0.0751277974982269 1776585348.04176
-0.0208526331071539 -0.0462072773670101 -0.0344223646237298 0.0612767816996159 1776585348.06178
  -0.114352060652063 -0.00894529470987306  0.00984629559414212 0.115123245305832 1776585348.08628
-0.0838066691545045  0.0130078723081278  0.0164444619839526 0.0863897150516124 1776585348.10775
-0.00803869771044629   0.0283658545435663  -0.0213696061103954 0.0364129431683315 1776585348.12492
  0.0386973089159322 -0.00145555777981473  -0.0753213975784175 0.0846930534279613 1776585348.14362
-0.0191735373272891 -0.0463007360564629  -0.110835387754464 0.121638258256577 1776585348.16197
-0.086416332094868 -0.073054217182929 -0.113877724090284 0.16053920750061 1776585348.18631
-0.0685351466527472 -0.0255253868351782  -0.137435493868104 0.155682775780009 1776585348.2077
 -0.0214648213478928 -0.00993799098211617   -0.112024574897192 0.11449457454899 1776585348.22599
  0.0430203994225924 -0.00822785491049157  -0.0958438948771206 0.105377912999471 1776585348.24363
  0.065812418014243  0.0644424167206669 -0.0641087387836627 0.112223125184221 1776585348.26162
 0.0153498980540833  0.0780784740577681 -0.0476935244760799 0.092771438268525 1776585348.2866
 -0.018548280506276  0.0656414039063403 -0.0390101680603659 0.0785787873960447 1776585348.30838
-0.0131621012980974 -0.0169207946162995 -0.0588894185716446 0.0626699116062463 1776585348.32642
0.00526197954340185 -0.0523361331521795 -0.0742553216938608 0.0909978684469949 1776585348.34356
0.00710029456457426  -0.103761157016979 -0.0565831647444579 0.118399520357578 1776585348.36178
-0.0120375991418961 -0.0619633953055854 -0.0298200286156948 0.0698111757352508 1776585348.38328
 0.0228264755976259 -0.0850309605926988 -0.0441756948845692 0.0985028134931214 1776585348.40789
  0.042327694264694 -0.0594768097897924 -0.0618332807658399 0.0956685905342174 1776585348.42613
  0.073329906504351 -0.0832957196666257 -0.0857812219346299 0.140263573814858 1776585348.44386
 0.0629093457169278 -0.0819656021311289 -0.0930480516899956 0.13904634347783 1776585348.46196
  0.0363127976855168 -0.00640001737517704  -0.0437112806386481 0.0571861482635655 1776585348.48426
  0.0236836038453663 -0.00384524480785721  -0.0102131775388882 0.0260769629017156 1776585348.50788
  0.0301131120070415 -0.00421021017618495   -0.036521952474278 0.0475223988978849 1776585348.52638
 0.0654827066081443 -0.0482753253386841  -0.056972424068008 0.0993194291438943 1776585348.54385
 0.0360964987052731 -0.0477842851424018 -0.0790713442036461 0.0991895790873297 1776585348.56209
 0.0366575759653772 -0.0230825575243796 -0.0561588638028485 0.0709253150937701 1776585348.58398
 0.0242797382958771 -0.0356060709842964   -0.04036549397475 0.0590480404965365 1776585348.60985
 0.0395791079387433 -0.0194074925564372 -0.0498571534522671 0.0665499233877679 1776585348.62564
 0.0432925557116211 -0.0788657841214043 -0.0851789399498034 0.12389313579089 1776585348.64232
 0.0376968589415501  -0.047965119503805 -0.0690960363688597 0.0921735759584069 1776585348.6603
 0.0375628563607653 -0.0169497819817737 -0.0262286077201522 0.0488487783895029 1776585348.68176
-0.0158288183519727  0.0528257698574846 0.00545634822404425 0.0554155680959575 1776585348.70748
 0.0291577542390509 0.00880274485889289 -0.0224339501441021 0.0378278345716975 1776585348.72655
 0.0325701426440865   0.010520970975165 -0.0505157388218655 0.0610192173895678 1776585348.74504
  0.0532366992860106 -0.00269127699276611 -0.00843170066093283 0.0539674225691434 1776585348.76067
  0.0300648743702589 -0.00606060903494558   0.0600016631659013 0.0673856604586479 1776585348.78251
-0.0196029451884479  -0.086122196133391  0.0344646071584754 0.0948109554507685 1776585348.80784
-0.0092551651230876 -0.0958702355034631 -0.0679220172862161 0.117856525356783 1776585348.82757
-0.00141797605079509    -0.12426571485658    -0.12613549224227 0.17707100538512 1776585348.84371
-0.00962412686231221   -0.112741708226207   -0.218702952228853 0.246240325505879 1776585348.86192
-0.0654076278528714  -0.069023060107245  -0.225058936651524 0.244323280869062 1776585348.88218
-0.016175911297417 0.0145920100535164 -0.168707437428906 0.170108160614158 1776585348.90751
  0.114098657263906  0.0793539780658251 -0.0241288359091923 0.141059413534264 1776585348.92744
 0.185332510466256 0.0744526046831707 0.0104320016943429 0.200000391097578 1776585348.94402
 0.157646273498032 0.0812318332536689 0.0611461732876768 0.187589479420608 1776585348.96183
0.0927649680832221 0.0641646726938701  0.187442524395937 0.218762758433226 1776585348.9818
-0.0119225556424609  0.0275363961696332   0.237255581249673 0.239145585953784 1776585349.00772
-0.00966916095398299 -0.00291607777274032     0.16037971829501 0.160697387108557 1776585349.02771
-0.0349775236870626 -0.0695216188527562   0.132808288600731 0.153930907137722 1776585349.04408
-0.0202506398969974 -0.0967818563005718  0.0626117317184916 0.117034375608241 1776585349.06077
 -0.055426125460882 -0.0775025543621169  0.0411578484827276 0.103791472713251 1776585349.08366
-0.0954148320057228 -0.0246096093013838  0.0253155695505289 0.101737412480929 1776585349.1095
-0.0382716667354964 -0.0711201773982008  0.0109737136738716 0.0815059660372207 1776585349.12847
 -0.013375746105092 -0.0916327696100828 -0.0168124336075209 0.094117654954263 1776585349.14485
  0.0152590135510049  -0.0810716123725854 -0.00165287451820037 0.0825116708194266 1776585349.16181
  0.014994367016411 -0.0256861175255891  0.0261706654149913 0.0396170595075483 1776585349.18396
-0.0268353641613651 0.00991705029270433  0.0512133449834559 0.0586625209190295 1776585349.20835
0.00210592794557325 -0.0274818058269855  0.0185439303978281 0.0332199027485568 1776585349.22849
0.0313849186965961 -0.049711694406972 0.0125293038602449 0.0601103080812806 1776585349.24544
0.0438158056838545 -0.093429314965128 0.0624403396946934 0.120613671462928 1776585349.26192
0.00909516466107176 -0.0546229817879415  0.0975911567511067 0.112207067672392 1776585349.28373
-0.0586436629673435 -0.0413576143634475  0.0670450689236534 0.0982067856058859 1776585349.3083
 -0.103302796832576 0.00458181780794883 -0.0620292294587097 0.120582279772357 1776585349.32967
 -0.118425565089148 0.00526683431723264  -0.145419341753593 0.187614335716804 1776585349.34558
-0.112934373530625 0.0325034586232754 -0.152387619525991 0.192438650307125 1776585349.36192
-0.12558813230269 0.103474957690422 -0.13834870178453 0.213587942379193 1776585349.38365
 -0.0995294221939357   0.0827113781139842 -0.00467812342386369 0.129495802212049 1776585349.40972
-0.0789738044532591 -0.0620644931093952 -0.0306370061275666 0.105011852851039 1776585349.42982
0.00740797402185629 -0.0911643195003239 -0.0726355847046066 0.116797856977111 1776585349.44555
0.000401786083249036   -0.101162037531709   -0.160002889108192 0.189300934473637 1776585349.46331
-0.0821825006558513 -0.0643537332662536  -0.188042403840686 0.215070481567175 1776585349.48222
 -0.174766199351074 -0.0143676865713961  -0.165490532400205 0.241115680052411 1776585349.50954
-0.176839071813414 0.0134554102242274 -0.109154077804619 0.208249173072809 1776585349.52979
-0.0564899922398973 -0.0144508277106087 -0.0446226637116454 0.0734242995302505 1776585349.54646
0.0229761545504307 0.0266771016677045 0.0224697732909003 0.0417667588287478 1776585349.56196
0.0773777275481712  0.115140232809233  0.111455724649021 0.17795214100685 1776585349.58368
0.061589883947577 0.148671032395539  0.23164415292279 0.282055674046009 1776585349.60808
0.198502634730707 0.151651257499837 0.210571816233079 0.326713773336864 1776585349.62963
0.240772965934379 0.091473300153185  0.15554484397881 0.300887328171435 1776585349.6459
 0.220099953599569 0.0321141372168132  0.129337115322818 0.257300207508157 1776585349.66169
  0.187460895580731 -0.0298784210726708  0.0376112373940512 0.193517215244632 1776585349.68221
  0.082823250289056  0.0181161116453007 -0.0181745435277042 0.0867075447814608 1776585349.70847
 0.0370658478660038  -0.007600759565951 -0.0924674642870587 0.0999093618020034 1776585349.73024
0.0337749250073564 0.0047646198702125 -0.133898771346683 0.138174990971273 1776585349.74597
-0.0394569651032037 0.00115948962961058  -0.141152667130716 0.146568318368846 1776585349.76203
-0.0722309310416249  0.0498909001332304  -0.136749227063564 0.162501570508491 1776585349.78619
-0.0929730279074151  0.0652212368133221 -0.0324280364550917 0.118107456149327 1776585349.81007
 0.0297431726202278   0.103285805517646 -0.0143934025382469 0.108442537666608 1776585349.83033
  0.0599759144194309    0.104860399666902 0.000207801821365115 0.120800897804388 1776585349.8461
0.0934655002015475 0.0473076271259774 0.0218600373562569 0.107012487801345 1776585349.86203
 0.128099199848777  0.106627565928493 0.0486211394995031 0.173616986565146 1776585349.88175
0.0506693669756234 0.0860633914229972 0.0735786906982249 0.124048844483951 1776585349.90973
 -0.117216114595824  -0.119168866643925 -0.0199073670948361 0.168336388112575 1776585349.92984
   -0.10252245048523   -0.204286031430773 -0.00252007152596242 0.228582558940369 1776585349.94596
 -0.0704434395389263   -0.286819612689253 -0.00248970144484063 0.295353969011036 1776585349.96186
-0.00712771840123251   -0.256628493258792   0.0731689220419712 0.266950705327162 1776585349.98156
0.0427870728157781 -0.194765099419488  0.154030489043869 0.251971365649193 1776585350.00983
  0.109793201906026 -0.0646491280902107    0.19095389922338 0.229559248509431 1776585350.02961
 0.0654847955037743 -0.0210770200103788   0.110922466663197 0.13052315053406 1776585350.04596
0.00966838715796493  0.0250064682151424  0.0522496987359619 0.0587267586439947 1776585350.06202
0.0156801310335749 0.0717507469827962 0.0517304454929909 0.089833597238019 1776585350.08045
-0.0177688512914545   0.123299568878386   0.103940036667424 0.162240706927204 1776585350.10944
-0.0333349544503953  0.0252329259611587  0.0642061253914878 0.0766181850382708 1776585350.13149
 0.0568193534674139 -0.0945714648948081 0.00440554596593809 0.110415622699249 1776585350.14654
  0.0554935917571702   -0.195780441728429 0.000157799719312171 0.203493353675843 1776585350.16197
 0.118434870348452 -0.179957628061339 0.0726598121663253 0.227356580542467 1776585350.17963
 0.103591185623886 -0.108804696229982  0.118299048857821 0.191217835520973 1776585350.20555
   0.0438926943096127 -0.000291403832827021     0.094995808608115 0.104646343381221 1776585350.23311
  0.0335471432799535   0.0675950363440916 -0.00510544018696624 0.0756344186208071 1776585350.24377
-0.000517424151759149    0.0689894857977841   -0.0436368030163568 0.0816332496957202 1776585350.25976
-0.0177414946796334   0.103256914581967 -0.0668060355334847 0.124256981398054 1776585350.27609
-0.0438469442592563  0.0703230961955962 -0.0324714746040198 0.089007241516457 1776585350.29977
 -0.061241638074271  0.0913076783189097 -0.0412813799638299 0.117438420824395 1776585350.32651
-0.0591397378000985  0.0850958855889911 -0.0406674875777619 0.111322337727549 1776585350.34565
-0.0523893979507363 -0.0549318405783089 -0.0831851348340172 0.112614043459575 1776585350.36197
 -0.054015744492744  0.0111880779530506 -0.0958166210219212 0.110560836671253 1776585350.37803
 -0.111580469107242  0.0646161367967502 -0.0698559138857211 0.146646837420852 1776585350.40012
-0.129671035138121 0.0468180835264723 -0.125961751137569 0.186742799187884 1776585350.42666
  -0.09511734580041 -0.0210230013083086  -0.159938513667506 0.187268802020771 1776585350.44454
-0.120990429270057 -0.149302675516697 -0.169636140287148 0.256332582757085 1776585350.46287
-0.147509248612597 -0.127099752264124  -0.12816304587405 0.233107468305004 1776585350.47623
 -0.151917409795546  -0.126921028432406 -0.0941072727077386 0.219189474276973 1776585350.4984
 -0.0971581137245166  -0.0523326335356558 -0.00383889864992881 0.110422555386695 1776585350.52792
0.0439170106537281 0.0187654097855789 0.0285643213047997 0.0556485838165195 1776585350.5458
   0.0932818593498107 -0.000343620717958555    0.0576704733005859 0.109669990652271 1776585350.562
 0.154886551036373 0.0340336968751466  0.150140204890163 0.218380899667055 1776585350.57805
 0.210933911030841 0.0721657257684413  0.234521946344049 0.323576189042788 1776585350.60022
 0.142046577504737 0.0546557988829929  0.193206634312288 0.245953837283807 1776585350.62794
  0.115614025010575 0.00464026569375453  0.0419509204625713 0.123077270738798 1776585350.64575
 0.0276231517379664 -0.0323463041399279 -0.0308310361376362 0.0525345095415543 1776585350.66176
 0.0295072917391837 -0.0173722727403619 -0.0987310233162709 0.104500196607589 1776585350.67754
-0.00682360503465297 -0.00399418348133187   -0.134836493352181 0.135068112546464 1776585350.69976
-0.0738410177868366  0.0361411134057087   -0.15559808806606 0.175981365478887 1776585350.72766
-0.0737951807359227 0.00530266800736134  -0.136304267137218 0.155089329831739 1776585350.74588
 -0.092518923056451 0.00479844786677448   -0.11596533762903 0.148427543794508 1776585350.76188
-0.0565798865320757  0.0308474655925993 -0.0349776228466341 0.0733231463691414 1776585350.77751
-0.0499886751673811  0.0519584104929862  0.0215060077265852 0.0752399656717329 1776585350.79824
0.068550247676736 0.189763017048099 0.133781839558647 0.242088247735065 1776585350.82756
0.152201449640505 0.262674451763681 0.128390069849504 0.329616684829488 1776585350.84602
 0.146084521052625  0.247835101387231 0.0571250980147161 0.293302235917125 1776585350.86191
-0.0146295358053356   0.275548652184009  0.0794039163711201 0.287134228146655 1776585350.87837
-0.176873364167682  0.186686275794553 0.0793994971834942 0.269147232337665 1776585350.89827
 -0.10796875499263 0.0737987581471456  0.200059427451167 0.239013144556545 1776585350.92731
 0.061541181829793 -0.118796228525596  0.208262370617001 0.247533989560881 1776585350.946
 0.133428480639579 -0.276449092440875  0.094091340221853 0.321061427863757 1776585350.96193
0.0910663031117876 -0.304866204408201 0.0311771464064576 0.319700623413156 1776585350.97838
0.0631277752685913 -0.285718248369458 0.0170313953790746 0.293104250890757 1776585350.99809
0.0764121635903118 -0.257185871290667  0.039706710609698 0.271219494143644 1776585351.02594
0.00367779550030944  -0.126434145757049 -0.0207405359140848 0.128176788940355 1776585351.04606
-0.0450804727455204   -0.15758015952266  -0.131230442394159 0.209964722534794 1776585351.06192
-0.144802474224922 -0.171713387949337 -0.200109424787493 0.300827236186287 1776585351.07852
-0.145716991226376 -0.130223121413786 -0.154084737901763 0.248864640592175 1776585351.09804
 -0.143182109687995 0.00527363830974423  -0.131646972502407 0.194576085798786 1776585351.12598
-0.0983363984602673  0.0426904849950926 -0.0362491644056691 0.113165925487144 1776585351.14584
-0.0442671662234973  0.0311995698094861 -0.0579020694125682 0.0792820585253284 1776585351.16195
-0.144794606036327 0.0175082687944676  -0.17198751532044 0.22550326569585 1776585351.17847
 -0.17204929638838  0.365592489419438 -0.134855276211138 0.425963348458081 1776585351.19743
-0.172924021205735  0.578718665309808 -0.164675125925707 0.626047847841181 1776585351.22602
-0.0315849194813329   0.462744883698675  -0.173838608786117 0.495328473270652 1776585351.24579
0.0125213381208114  0.240280643331617 -0.109069287805656 0.264173581212475 1776585351.26193
-0.0703754968764614 -0.0901121691184755  -0.117618641466339 0.164033711182283 1776585351.27856
 -0.079419479683974 -0.0491851692357257  0.0305907750079314 0.0982976609162497 1776585351.29756
-0.0902004203844426  0.0457816656684877   0.167617677825725 0.195774775363426 1776585351.32567
-0.0860546897253192   0.085662968486939   0.263643830387556 0.290261301408123 1776585351.34732
-0.0983322464392972  0.0128255941980818   0.289301419022322 0.305825174903346 1776585351.36195
 -0.201932914734371 -0.0637787768726212   0.232002120001944 0.314117204428351 1776585351.37848
-0.161180157316744 0.0560443904619934   0.36069981014178 0.399029284453188 1776585351.39638
-0.0164580615580356   0.262178263978151   0.555938785322364 0.614879047389444 1776585351.42434
-0.161586731744313  0.301966649037504  0.528523549283172 0.629786687024765 1776585351.44567
-0.314099470085658  0.134215189910097  0.389419999999461 0.517996265150893 1776585351.46185
-0.446277053960636 -0.129953612183961  0.265116894904471 0.535105707477721 1776585351.47795
-0.589687845624758 -0.229169990408583  0.294203461563575 0.697715068331929 1776585351.49586
-0.557703816112428 -0.135887296921435  0.318158793488705 0.656295605535469 1776585351.5216
 -0.419679676584385 -0.0285316604775793   0.273750664902025 0.501880975054726 1776585351.5447
-0.0668924872083544 0.00155720045264069    0.15347500182355 0.16742641936955 1776585351.56161
  0.111051433473266 -0.0574271922433884  0.0364293092216861 0.130220573857573 1776585351.57804
 0.219263174908407 0.0804766811663545 0.0869321009642356 0.249218832074387 1776585351.59559
 0.187142781235483  0.345787831411955 0.0988634083948905 0.405420298505871 1776585351.62159
 0.0349659763154052   0.324928669692239 -0.0064355655686195 0.326867980065111 1776585351.64415
 -0.121626071224571   0.222850513524783 -0.0904461968678308 0.269510235626846 1776585351.66192
 -0.166922226958933 -0.0390030486754645  -0.205705187284239 0.267766487325345 1776585351.67936
 -0.196007573872421 -0.0386983124892127  -0.182687296249235 0.270723431966502 1776585351.69562
 -0.161247664849437  0.0376767770335242 -0.0808645594371623 0.184280834380564 1776585351.7204
  0.073072434069112 -0.0181680873220188  0.0660767569978435 0.100178829265855 1776585351.74397
 0.239745776072985 -0.246423332859847  0.205697547151189 0.40064195614864 1776585351.7619
0.0981657759794719 -0.382726769553724 0.0685573408758505 0.401019212375977 1776585351.77885
-0.269634215406952 -0.406839039782012 -0.167670714382529 0.516075656149774 1776585351.79595
-0.357874510508987 -0.199584330937225 -0.264586073724968 0.487764144681526 1776585351.81977
-0.286666660722226 0.0363549595155425 -0.242559613786777 0.377272611902056 1776585351.84543
-0.0621623995049429   0.146513978592979  -0.161723386869645 0.226902983003628 1776585351.86192
 0.122961934098793 0.0705612225612182 -0.135095527778268 0.195829836828658 1776585351.87965
 0.0921018906171961  0.0960269229811301 -0.0316040370086395 0.136757973616639 1776585351.89662
0.0791190435267872  0.307722607176912  0.103170318998366 0.334061582254791 1776585351.9179
0.0728379508741072  0.328380713787076  0.156538809611791 0.371003583796067 1776585351.94544
0.0993075519148832  0.197501590602977  0.120230627491502 0.251643144045359 1776585351.96196
   0.1287516635698 -0.136417217638939  0.058713940227554 0.196555271914506 1776585351.98142
  0.19247893083494 -0.173426851992783 0.0643898408294833 0.266966408766224 1776585351.99635
  0.245309361853702 0.00796128772865189   0.102037257004244 0.265803812862643 1776585352.01622
-0.0189622664629205 -0.0407956274854331  -0.100516400217879 0.11012446360415 1776585352.0426
 -0.23984235654875 -0.238609140126371 -0.139488619664597 0.365945013304784 1776585352.06162
 -0.131282558399601  -0.420445578162684 -0.0838124897825693 0.448368294797984 1776585352.07889
 0.109496804031651  -0.40970133499222 0.0344144226205186 0.425475130262459 1776585352.09744
 0.238106781759464 -0.225691952648784  0.213998981987247 0.39169792098229 1776585352.11604
  0.340571544353355 -0.0841495307765602   0.318774543408418 0.474011951197847 1776585352.14364
  0.284250916324632 -0.0763520093844951   0.247337265155338 0.384452774086707 1776585352.16207
   0.134438473766703   -0.198709582055128 -0.00652798274512908 0.240003782861781 1776585352.17858
 0.0959125531114158  -0.202130064093215 -0.0964231038459206 0.243625112847503 1776585352.19547
 0.0644505686211743  0.0167809799849042 -0.0403628312516441 0.0778757679351873 1776585352.21416
0.00181245480576207   0.142495408825034 -0.0340467367018383 0.146517598972549 1776585352.23991
 -0.113686098456181   0.146149618844312 -0.0361176159923342 0.188649734310695 1776585352.26
 -0.199856562642102 -0.0219851378402694  -0.140597983193345 0.245344216958558 1776585352.27738
  -0.20836124893276 -0.0341671523662769   -0.13532575784221 0.250788486763664 1776585352.29396
 0.0886580696722164 -0.0324333950985792    0.13554765938005 0.165182766652681 1776585352.31409
 0.0111508150686328  0.0442510917641403 -0.0320752221711817 0.0557792046944368 1776585352.34204
-0.0778869562810996  0.0121881181826534   -0.18936830295973 0.205122603214313 1776585352.36187
-0.0600397231949855 -0.0950225718587513  -0.277340475420234 0.299252062365999 1776585352.3778
-0.0410317160063725  -0.121287980624374  -0.288318414413724 0.315470892559694 1776585352.39511
-0.022518038283854 -0.114199973573758  -0.16746433216351 0.203943616128014 1776585352.41189
-0.0541001120816333 0.00385744836383568  -0.073370420118007 0.0912410027532457 1776585352.4379
-0.0626122636213455  0.0205744825351285 -0.0374309136049782 0.0757936552798485 1776585352.45908
-0.0781905214051584 -0.0447442240043281 -0.0526947006864631 0.104367306661598 1776585352.47562
-0.116236913512954 -0.163534852316711 -0.121122790438122 0.234361682765728 1776585352.49367
 -0.108281437148843  -0.102161729753747 -0.0301446281718264 0.151890049920705 1776585352.51383
-0.0976990592506264 -0.0232786360809031  0.0580025598715943 0.115979731108079 1776585352.54186
 0.0562764840599071 0.00990763131060893  0.0741459041544488 0.0936099295973063 1776585352.56207
   0.107712483516997  -0.0716818089663523 -0.00225998403962488 0.129403896270349 1776585352.57826
  0.147337151685404 -0.0363970804624246 -0.0137261094074004 0.152385661439717 1776585352.59537
 0.0238003513009171  0.0913706955803928 -0.0253500176644974 0.0977634089446671 1776585352.6155
 -0.0409804195400836    0.170428182645836 -0.00353144622587753 0.175321508486808 1776585352.64336
-0.0255883968794187   0.136728366320162   0.152663763739511 0.206532411428696 1776585352.66192
-0.0579753486905123  -0.142897451415943   0.166992918981511 0.227304768245024 1776585352.67807
0.0197959500290389 -0.316342542067689  0.167614303762031 0.358551305094585 1776585352.69567
 0.189723371754428 -0.275495345058392  0.270541103568111 0.430215215512612 1776585352.71411
 0.240024466180598 -0.169129768328697  0.270718340793492 0.399380824454781 1776585352.74166
   0.207509460015325 -0.00857473120931047    0.126954193094334 0.243415425056419 1776585352.76201
  0.142724119643759 -0.0130100320859673  -0.147450698878434 0.205623792063814 1776585352.77818
 0.0305575834725978 -0.0686484280281111  -0.284570867398828 0.294324567697868 1776585352.79547
-0.031948580356151 0.0328969419433236 -0.203649472930974 0.208748720717181 1776585352.81378
-0.102517157666509  0.153567215027481 -0.129865759072955 0.225738283254993 1776585352.84267
 -0.151392833273627   0.154569874823486 -0.0409161628772791 0.220194842251503 1776585352.86205
 0.0552825500191187 0.00204018480482785  0.0724006027711924 0.0911162442832572 1776585352.88174
  0.12582294560653 -0.257780378389901 0.0437275215440181 0.290162425659022 1776585352.89436
0.000276565855228577   -0.122951121894997    0.042498458596093 0.130089099646952 1776585352.91251
-0.0742044245974217  0.0378921837644199  0.0240358955825639 0.0867170023509054 1776585352.94121
  0.008314345774576  0.0625346736666955 -0.0113405756765934 0.0640961965559257 1776585352.96188
-0.0354963096434305  0.0537772778310926  -0.179221678035382 0.190453126745252 1776585352.97793
-0.0966951951377302  -0.137792706169745  -0.260320465824292 0.310005702468974 1776585352.99465
-0.0931610126497108  0.0226924182207675 -0.0995572037221313 0.138222852436186 1776585353.0125
-0.0613491119540192   0.213108163127646  0.0458009650610501 0.226443218334552 1776585353.04033
-0.0412505276311853    0.17110054214234  0.0645637665653999 0.187471281812349 1776585353.06188
-0.0214376822813969   0.118225726005803 -0.0673625758446084 0.137748368903656 1776585353.07837
-0.00145561739072573   -0.131531812462494   -0.143174520859818 0.194426541231117 1776585353.09537
  0.121064590987258 -0.0189970831496421  0.0148598449486195 0.123443668736001 1776585353.11264
0.164077374621762 0.166546063599157 0.123989746923395 0.264636417571867 1776585353.13958
-0.0322209016683559   0.140279063717949 -0.0139122007741088 0.144602737015194 1776585353.16539
-0.250243499326828 0.0081075427868039 -0.127346107327175 0.280899576818407 1776585353.17939
-0.274741521837199 -0.299920631709767 -0.172623769725977 0.441853205285435 1776585353.19568
-0.00278922029783361   -0.303752667685391   0.0554913802949771 0.308792415973746 1776585353.21365
 0.109218813660257 -0.212390566362208  0.307107776846981 0.389042013845431 1776585353.23945
 0.230343416906717 -0.128961207414923   0.34248384386107 0.432416773536863 1776585353.26188
  0.253201076281519 -0.0566755872735398   0.119951987407575 0.285852036036036 1776585353.2794
-0.00119521342717399   -0.102864064342087  -0.0599405075528205 0.119060105466941 1776585353.29584
-0.0167297691246478  0.0484026614737683 -0.0693597971797366 0.0862176564139993 1776585353.31235
-0.103207059046535  0.245727339304236 -0.141874769219696 0.301930575562854 1776585353.33841
-0.182278938209854  0.317873680967376 -0.206440401780862 0.420579276539043 1776585353.36191
 -0.29241019451442  0.221726039537996 -0.231067013635364 0.433656688240285 1776585353.37964
-0.174884231733654  0.161218309665178 -0.124241617130842 0.268350176649195 1776585353.39624
0.000936165333207849   0.0666977316834989   0.0947829633448921 0.115902001525833 1776585353.41367
 0.184029753535793 -0.184732648484498  0.336912585382479 0.426031914052983 1776585353.43772
0.0185945476297481 -0.346298198170106  0.162973090348601 0.383181976918527 1776585353.46199
-0.0445162636513421  -0.251526484518156  -0.195627280136005 0.321741049412333 1776585353.47982
-0.0982254599175154  -0.215314918229033  -0.384650610057117 0.451624674708209 1776585353.49721
-0.0721760621387696  -0.131483618002017  -0.363303780241691 0.393048295361604 1776585353.51365
-0.0450898045554065  0.0800121611148222  -0.231687399166809 0.249226979546335 1776585353.53573
-0.0532472381973468   0.184437172021296  -0.151962620039735 0.24483663265165 1776585353.56194
-0.0326928776023658   0.175734682313222  -0.112640242799313 0.211280209938225 1776585353.57935
-0.0960033709092068  0.0745250455453171  -0.160911390198373 0.201650948758084 1776585353.59613
-0.0428572429479556  0.0649576751935259 -0.0280911226767206 0.0827366545908539 1776585353.61206
-0.00932310656026759    0.176878449564218    0.114365021469789 0.210837056448721 1776585353.63427
0.0765453870261053   0.22628694769798  0.153437471485509 0.28391554488846 1776585353.66191
0.140852680159845 0.163329292811744 0.139849650205213 0.257048361327429 1776585353.6796
0.0745091164887684  0.142827572308626  0.026427034074137 0.163247395021998 1776585353.69726
 0.118197432464985  0.102141746962776 0.0340718870960077 0.159888908321389 1776585353.71397
-0.0844889641884535  0.0131394598961588 -0.0332231769148598 0.0917322732756396 1776585353.73441
-0.221358957621431 -0.195144370448573 -0.119788449012288 0.318481374579089 1776585353.76195
 -0.158970496202067  -0.364202212502958 -0.0260479477438576 0.398237825722831 1776585353.77982
0.0316960723834128  -0.41653199043927 0.0317748433038901 0.418942932546691 1776585353.7976
 0.182793476211423 -0.336269641706806  0.165663291071081 0.417055215634071 1776585353.81438
 0.300497001024932 -0.158615203176657  0.320794856544927 0.46729708996465 1776585353.83581
  0.338291197193988 -0.0455092345717431   0.364565544787479 0.4994197242565 1776585353.86179
 0.335171196392585 0.0329724923245397  0.229918904519088 0.40778624154891 1776585353.88003
0.0717791141683145  0.053899556184042 0.0515326177120668 0.103503691122021 1776585353.89775
 0.0360930245075647  0.0476270145643586 -0.0359023317093475 0.069713817544195 1776585353.91426
0.0134414376011396 0.0862571319490873 -0.046355528536297 0.0988422990563606 1776585353.93589
-0.0139097772982072    0.13057397750988 -0.0297406935707188 0.134638606503869 1776585353.9619
-0.0107706620398009   0.140143177797193 -0.0436314086908426 0.147172746350058 1776585353.9801
  -0.1679543513157 0.0991695252779852 -0.103700357145547 0.220900481986465 1776585353.99778
-0.192618801918298 0.0407561525333129 -0.130301572203287 0.236096519543189 1776585354.01528
-0.0836766124238437  0.0199852494219092  0.0547723170572061 0.101986236213526 1776585354.03544
-0.0248310427031183  -0.109024633380324   0.154388460857483 0.190627249393629 1776585354.06192
-0.0444091677457522  -0.178739984631161 -0.0549176253734178 0.192187673544567 1776585354.08044
-0.0860071412402899  -0.187600660864377  -0.253216857031619 0.326664985858677 1776585354.09833
-0.0930363939039029  -0.175780943913304  -0.251922594373107 0.320966827552897 1776585354.11571
-0.0680781133734129 -0.0460781292231356 -0.0704744749041276 0.108279615469394 1776585354.13587
 -0.0318793642911137 -0.00724550440473318   0.0129639734611237 0.0351689608829329 1776585354.16191
   -0.01272432080404 -0.00860951129470256 -0.00321995237315317 0.0156971372531144 1776585354.18145
-0.0648668119638019 -0.0530704369488455  -0.077854850665564 0.114392099134713 1776585354.19817
-0.0198349907618784 -0.0122101661774231 -0.0877492060798469 0.0907878746543145 1776585354.21585
-0.0076286593266331  0.0636139335466658  -0.014756220616499 0.065747053403816 1776585354.2358
 -0.0224433893766614   0.0527831437678588 0.000265167363970923 0.057357094648019 1776585354.26191
 0.0439536925078413 0.00669047049496766 0.00230169065494282 0.0445195155003842 1776585354.2814
 0.0305552391016309  0.0347572003796612 -0.0603367320800517 0.0760408235942358 1776585354.29853
 0.0266059492810513   0.071652583844143 -0.0559178097383683 0.0947035942011927 1776585354.31601
0.0951104209433487  0.130684711786743  0.101540660388382 0.190879521633186 1776585354.33546
0.00323315854072027   0.116527651992165  0.0665758755589959 0.134244158902365 1776585354.36196
-0.0987613511740137 -0.0982225705801206 -0.0298944749254775 0.142461073589081 1776585354.3817
-0.191764494506934 -0.203786443009123 -0.111892193898242 0.301367547627763 1776585354.39952
-0.076058088700706  -0.25904725462021  0.059886375534014 0.276544193498387 1776585354.41634
  0.10052156579895 -0.211518504006541  0.238435504967503 0.334209743659496 1776585354.43569
0.0966762475937993 -0.185806549269908  0.249882542150982 0.326054681721097 1776585354.46161
 0.210150793232999 -0.122013066160078  0.246946798415081 0.346458172739078 1776585354.48309
  0.237294321507756 -0.0644299015038286   0.165098388221051 0.2961710401454 1776585354.49933
  0.114097307827283 -0.0451507909834431  0.0361763043164036 0.127927770925071 1776585354.51609
 0.161465285877555 0.0437044516279134 0.0288143785360497 0.169739170629634 1776585354.53558
 0.0378505921775104   0.158439153714521 -0.0697408609608496 0.177198816151583 1776585354.56194
-0.0252700324665528   0.168983810610861  -0.103069687754993 0.1995431364977 1776585354.58175
-0.108217289080321  0.131680931153772 -0.151619977810571 0.228121605633259 1776585354.59865
-0.168979260091588 0.0108354035258598 -0.200520278659998 0.262449573184168 1776585354.61737
  -0.207065518846936 -0.00801072242171354   -0.107755126938281 0.233562557252984 1776585354.63601
-0.186628898496942 0.0140500967555301 0.0388519248836143 0.191147124069874 1776585354.66186
0.0928990253651343 -0.141282963962992    0.1570633435083 0.230781278907034 1776585354.68179
 -0.021951782432715  -0.125817897607722 -0.0618840689959294 0.141921323647624 1776585354.70528
-0.102536947240161 -0.126144755734721 -0.188751409660121 0.249105237996689 1776585354.71982
 -0.103746284565252 -0.0694203101202354  -0.256885633176943 0.285609347800458 1776585354.73578
 -0.134597670160435 -0.0612438875145955  -0.252996079065098 0.293043277678965 1776585354.76745
-0.0332275885242959 -0.0429718261233515 -0.0567327460904264 0.0785446048973211 1776585354.78161
 -0.087196912661345 -0.0136490485813399 -0.0688321671948561 0.11192616023784 1776585354.79963
 -0.100060539547639  -0.066377819038045 -0.0742389972209354 0.141172076357834 1776585354.81786
-0.0320630203826202  0.0667145557843066  0.0471349639598751 0.0877529148065886 1776585354.83741
-0.00380983638272302   0.0673650406785015   0.0111033978880886 0.0683801799028088 1776585354.86194
-0.0218294182408523 0.00244477485422824 -0.0498920580648969 0.0545134651510337 1776585354.88213
-0.0602437674681629 -0.0464019095481765  -0.144441803341843 0.16323566791948 1776585354.90014
-0.0675055995732761  -0.134752609045471  -0.178115594298804 0.233324744831587 1776585354.91809
-0.0441321145773906 -0.0213889272618409 -0.0372280654847889 0.0615715730367836 1776585354.93728
0.0458176318390227 0.0158715612012343  0.099990323704214 0.111127074454312 1776585354.96195
 0.158411693087646 0.0990612091821116  0.179856773853919 0.25933732236733 1776585354.98297
0.186948539284199 0.199005264071049 0.107194415626873 0.293331713611179 1776585354.99987
 -0.0337894106709669   0.0761952462916352 -0.00432522214826088 0.0834634493509944 1776585355.01978
 -0.307579217520155 -0.0323112925168915  -0.168399245671433 0.352146703260346 1776585355.03883
 -0.188914466244844  -0.121001492339746 0.00347330419987182 0.224370453819314 1776585355.06206
-0.0158132767143952  -0.103395267510154   0.157329166712961 0.188926196602104 1776585355.08233
0.0582235065167122 -0.119702034178964  0.158390953485548 0.206896708151059 1776585355.09961
 0.159301900617737 -0.230971783650378  0.151664889134856 0.318947172709445 1776585355.11777
 0.207936072142898 -0.117454534907486  0.203822570754911 0.313969135772437 1776585355.13575
 0.224804990341169 0.0379461790438441  0.207986962018093 0.308602936725878 1776585355.16324
 0.153069617792983 0.0788225932096001  0.136720595070496 0.219854111191959 1776585355.17991
 0.0818255518269072   0.155026792375702 -0.0320331990666164 0.17819891449871 1776585355.19917
0.0100041815122546 0.0432720417414644 -0.140521965644157 0.147373593539354 1776585355.21778
-0.167911282810976  0.072402181055276 -0.189563064636255 0.263382668737102 1776585355.23629
-0.285311804774448  0.120843886225089 -0.270871374070562 0.411554822681632 1776585355.26186
-0.267520335015061   0.22716098837027  -0.17868691599492 0.393825162009366 1776585355.28209
-0.069524194941899  0.085694945647267 -0.040695997424623 0.117615481966415 1776585355.3
0.0868693117672704 -0.180842362289996 0.0868078961412657 0.218599744185619 1776585355.31957
 0.168301152831805 -0.301138464581023  0.176528021177766 0.387520057746265 1776585355.33777
0.00340178492935014  -0.268833234697871 -0.0208038195812453 0.269658449020228 1776585355.3606
-0.0300621730849931  -0.105924849361211 -0.0916472400265763 0.143258593345307 1776585355.38225
0.0398996869698135 0.0848113928704806 -0.110981739121105 0.145264943462851 1776585355.40044
-0.0761488069310626   0.135203591673992  -0.058420120121502 0.16580579734612 1776585355.41961
-0.0253864354224747   0.230165001757481  0.0768230552857879 0.243971680653563 1776585355.43914
0.0210227456385985  0.264232759042073  0.157879382372419 0.308523590935066 1776585355.46717
0.063052761953068 0.185540569497842 0.121810435870979 0.230735207557432 1776585355.48213
 0.176669591404508  0.188456307910963 0.0432261692505803 0.261909194620096 1776585355.50171
  0.192208722183532  0.0836702289899826 -0.0370200587469576 0.212874105640612 1776585355.51964
  0.280232895858873   0.211472233086645 -0.0303175327545412 0.352377828588044 1776585355.5381
 0.345612929884135  0.368802107387474 0.0913772460584537 0.513627387133674 1776585355.56259
   0.133410125379122    0.356787886432094 -0.00924561326263958 0.381026690433828 1776585355.58377
-0.119055462257817  0.228425914006594 -0.122552723407558 0.285257377288966 1776585355.6015
-0.207886156373535 -0.119181208950535  -0.14119754128823 0.278132271131047 1776585355.61984
 -0.252764744827553  -0.077481395950287 -0.0154267472395331 0.264823275934226 1776585355.63789
   -0.2687884993198 -0.0144908587467798   0.109883625371834 0.290743277615609 1776585355.66064
 -0.211775962951117 -0.0142170626412277   0.113090543126915 0.240500840536489 1776585355.68912
 -0.067464390307188 -0.0322037068189897  0.0527591107544857 0.0914988877528472 1776585355.70173
-0.0245629176417887 -0.0909454797755519 -0.0165021843314144 0.0956385868903896 1776585355.72066
-0.0314607610976228  -0.102140447361972 -0.0699098491211773 0.127709974083042 1776585355.73824
-0.0275186744317031  -0.100057197519586 -0.0583110335796494 0.119033175438944 1776585355.76194
-0.0246534806142037  -0.133835254203291 -0.0473794100872964 0.144098847581355 1776585355.78537
-0.0462539129732881  -0.158971660894866 -0.0918365492539522 0.189328722627832 1776585355.80346
-0.0886085547968801  -0.226066520300222 -0.0950190288070405 0.260741564425919 1776585355.82169
-0.0569554566684647  -0.250141228845805 -0.0718783248434853 0.266422694219371 1776585355.8398
-0.0566083599755736  -0.297923799803201 -0.0563561284375306 0.308446284011932 1776585355.86261
-0.0127811048241551  -0.351406530338651  -0.108247174431396 0.367923031322526 1776585355.88458
 0.142986027353856 -0.311152010169184 -0.109001301158495 0.359363132645805 1776585355.90377
  0.158874921704263   -0.20192686466068 -0.0587775051510552 0.263572560275175 1776585355.92225
  0.162343310281038 -0.0115212688688289 -0.0426860063523617 0.168256307958029 1776585355.9401
  0.164513186444401   0.145692410025068 -0.0810420760233203 0.234219309492562 1776585355.96268
 0.252338665631188  0.156830168882759 -0.246426488166485 0.386000671132046 1776585355.98521
 0.297856559450308  0.184319777246945 -0.445620297733809 0.566806633733504 1776585356.00356
 0.272250285901776  0.123769127621858 -0.578982187641328 0.651658951240457 1776585356.02218
 0.308093426381318 0.0975217685573348 -0.687801633199439 0.759936274534745 1776585356.04054
  0.38783134449983 0.0310567868353944 -0.792543642646374 0.882894728313783 1776585356.06262
 0.458859456111632 0.0424825186033923 -0.842437384731511 0.96023825795644 1776585356.08456
 0.544723823347148 0.0732408165158852 -0.877933992852064 1.03578779522208 1776585356.10373
 0.572714851221547 0.0191208019986104 -0.886940610280937 1.05595054431745 1776585356.12181
  0.581972631913177 0.00872182359181082  -0.884498650264939 1.05882296765003 1776585356.13986
 0.670799552166692 0.0698095258297457  -0.92347508882286 1.1435259720531 1776585356.16053
 0.869517719720562 0.0755012240699168  -1.02029428810371 1.34266970401553 1776585356.1842
 0.969579088744275 0.0330853727772766  -1.07986544323905 1.45164996701128 1776585356.20387
   1.06343013740498 -0.0945453678638203   -1.06698729644597 1.50939867977376 1776585356.22216
   1.09876360425756 -0.0995744745365756   -1.12392356967399 1.57492879981574 1776585356.24046
   1.20444765822649 -0.0371449859047394   -1.18977606531561 1.69341105375601 1776585356.26206
      1.314910608539 -0.00655833427259166    -1.26947614847712 1.82773154805325 1776585356.28378
   1.30949975169843 -0.0310746613683515   -1.32160823482118 1.86075349270788 1776585356.30372
  1.04081691438257 0.0746244081864594  -1.41020137754006 1.75429090426244 1776585356.32254
 1.01351528670022 0.092583200146989 -1.40592768010048 1.73563173714852 1776585356.34033
 1.05701043238009  0.16162923176149 -1.42575405839069 1.78218116299597 1776585356.36262
  1.0636982907464 0.173222020567592 -1.39614593785824 1.76371295905666 1776585356.38429
 0.951488735437454 0.0956489382626985  -1.33690195915963 1.64371116120199 1776585356.4035
 0.775149357280439 0.0362225233624997  -1.29496756871589 1.50967201779624 1776585356.42223
   0.71234720360165 -0.0510240103871606   -1.03959891179582 1.26127232805692 1776585356.44034
  0.776860046996291 -0.0778849772955877  -0.824929210224683 1.13581944172009 1776585356.46162
  0.813116577940616 -0.0666036155650236  -0.668735202834794 1.05489401478949 1776585356.48556
  0.837608293474163 -0.0427066605258081  -0.519454689963402 0.986531645247602 1776585356.50384
 0.688366758249128 0.0323807811457607 -0.498899378257531 0.850763127125156 1776585356.52366
0.628023518773529 0.154294212533327 -0.36748042808421 0.743815910813232 1776585356.54243
 0.512398303030598  0.284162827021133 -0.331308174862491 0.673101507902036 1776585356.56205
 0.344824904572396  0.287305714185615 -0.363630402082908 0.5776468276863 1776585356.58588
 0.144719058313099  0.187628296366139 -0.371009369146018 0.440222597591736 1776585356.60406
-0.0336495739823652  0.0971281759294225  -0.396765694376995 0.409864846776386 1776585356.62476
 -0.150959660958903 0.00286025077662064  -0.262532419509328 0.302853548047161 1776585356.64343
 -0.286326996624411 -0.0930624833987274  -0.138252918681813 0.331296912657414 1776585356.66192
 -0.440764615242633  -0.155834072527149 -0.0221439803550651 0.468025704503875 1776585356.68549
-0.417748829619187 -0.142203633107135 0.0104384038805997 0.441412412821212 1776585356.7072
-0.394864309846398 -0.101850218061168 -0.012493084447011 0.407979616241523 1776585356.72424
 -0.339466686517764 -0.0553774825141248 0.00691183469028491 0.344023357177587 1776585356.74253
-0.211449595000391 -0.050278515335962 0.0543439089116552 0.224035980962916 1776585356.76156
 -0.180497111944616  -0.101389268577347 0.00335922473451188 0.207051383945661 1776585356.78556
 -0.102990453125565  -0.133677519030284 -0.0748501741952158 0.184605690882365 1776585356.80384
-0.00729540182129631    -0.15156429260556   -0.149477398896484 0.212998709999888 1776585356.82414
0.0993074613351809 -0.116011633046273 -0.261134604976187 0.302509425960532 1776585356.84207
   0.18405699953413 -0.0579101581168094  -0.338696498186916 0.389802364506297 1776585356.86135
 0.261724095756135 0.0349541921966605 -0.501735060306078 0.566973869408311 1776585356.88536
 0.361067797628504 0.0883580412569848 -0.644101885755983 0.743669508029933 1776585356.90363
 0.448477097587258  0.118147443577621 -0.733767470885183 0.868046788378055 1776585356.92399
  0.56570120863672  0.120817405061763 -0.801423838212494 0.988379922536951 1776585356.94183
 0.662701517645023 0.0843936352141187 -0.891838880513021 1.11430344877344 1776585356.96198
 0.622430651305286 0.0734572592314998 -0.965473136618027 1.15106657589784 1776585356.98394
 0.635707231704095 0.0510529134618323  -1.07792676074413 1.25246005363131 1776585357.00403
 0.639224258848058 0.0715078105858416  -1.13108736979598 1.30118394479282 1776585357.0237
 0.623786412511041 0.0418559754001875  -1.17594853090101 1.33180943022579 1776585357.0418
0.649582363711565 0.114331126000101 -1.34490430089999 1.49793071675457 1776585357.06188
0.776469944204867 0.171001629174171 -1.51329415352926 1.70944620463458 1776585357.08552
0.782215076294578 0.161177615802376 -1.52569029756929 1.72208290552904 1776585357.1038
   0.73972661601905 -0.0977769798123496   -1.41658315466811 1.60108202110875 1776585357.12189
 0.927918441768781 -0.126757040766186  -1.35030961830743 1.64330035211216 1776585357.14364
   1.07837236772037 -0.0890510297070772   -1.27904603847515 1.67534349250943 1776585357.16273
   1.28182551795683 -0.0732766082992048   -1.30118433708079 1.8279843541107 1776585357.1828
  1.42382693921028 -0.103957478089148  -1.35665042031467 1.9694137891798 1776585357.20341
 1.24500983478678 -0.34587898893139 -1.32166177836329 1.84836999004161 1776585357.2217
  1.10220304378033 -0.308299103675646  -1.57753471723885 1.94897810945626 1776585357.24388
   0.947611803067694 -0.00846358778351819      -1.840911962761 2.07050636711601 1776585357.26187
0.698737515318774 0.333128293725243 -2.06541540415633 2.20570835948917 1776585357.28235
0.718520059566039 0.316253296844514 -2.02245073630367 2.16946864566858 1776585357.30232
 1.09881072084816 0.166461736100874 -1.68693053875203 2.02010622305135 1776585357.32154
  1.26269699530188 0.0807582580549437  -1.44056440298144 1.91732923550593 1776585357.34282
 1.33948380203365 0.178235679503924 -1.29992247790059 1.87504220270104 1776585357.36185
 1.33628310471036 0.331405026513325 -1.36481713699089 1.9386097196075 1776585357.38151
 1.45276914999836 0.371017694329106 -1.51249335530316 2.12974845522387 1776585357.40145
 1.48674573935857 0.351041755315804 -1.51744420758284 2.15320229672058 1776585357.41991
  1.3734565338351 0.205156317301679 -1.58919385222551 2.11045233654174 1776585357.44179
  1.18481226594376 0.0527596855303226   -1.7078038237912 2.07922042855102 1776585357.46304
 0.760685000446304 -0.238651101236531  -2.01675281189528 2.1686142862005 1776585357.48234
 0.653830224172324 -0.421193616322666  -1.90733934835024 2.05981586901289 1776585357.5005
 0.854397247531079 -0.391746828747631  -1.69338514346427 1.93675333445641 1776585357.52178
 0.954907932983002 -0.322806823990565  -1.49904216131105 1.80642763693342 1776585357.54159
0.920123919224413 -0.14679539173236 -1.37527827200282 1.66119452178419 1776585357.56095
   0.880524929301687 -0.00370947284282482    -1.44855825452379 1.69518698911345 1776585357.58232
  0.902310377127444 0.00930109124054842   -1.55491456683306 1.79777914025049 1776585357.60121
   0.988833734341318 -0.00711049215607258    -1.58189756786456 1.86554084074456 1776585357.62185
   1.11585930853678 -0.0151212162015122   -1.56778737249366 1.92440325633121 1776585357.64365
   1.20715759767846 -0.0472685558446253   -1.49936721864232 1.92550404786478 1776585357.66191
    1.24773135020184 -0.00221329784648284    -1.51660702715656 1.96390816887769 1776585357.68358
 1.21770754056343 0.110047435482858 -1.42354158882769 1.87653743568399 1776585357.70159
  1.37334235491477 0.0286013301176803  -1.29551887092947 1.88818865710546 1776585357.72167
  1.43258969106063 -0.100686141611045  -1.27641328856557 1.92137497778869 1776585357.74413
 0.978716790145882 -0.177254988686853  -1.36359679071455 1.6878098512495 1776585357.76253
  0.79960433457353 -0.196418421464089  -1.51916223022451 1.72794709696215 1776585357.78249
  0.752964286552329 -0.0926473108028574   -1.52805102439062 1.70601250703607 1776585357.80142
  0.916323634698323 -0.0818344481149486   -1.40393280148935 1.67850325930656 1776585357.82153
   1.14600417471325 0.00482362182558491   -1.27472252458422 1.7141372029304 1776585357.84377
 1.11056180723939  0.18273273912683 -1.20204173015167 1.64670674458861 1776585357.86189
 1.15164231160307 0.344403260818759 -1.23208171362089 1.72131315250191 1776585357.88174
 1.17645324550305 0.351112258606943 -1.28688616038506 1.77859440198976 1776585357.90033
 1.16397144879433 0.270684399088701  -1.4378794367234 1.86965153225685 1776585357.92126
 1.05888777401212 0.197175454608929 -1.52811850712442 1.8695634917458 1776585357.94085
 0.745818427338283 -0.112533526758225  -1.65079058674539 1.81494310723207 1776585357.96187
 0.546328017376161 -0.251641712443649  -1.62381637586431 1.73164011172554 1776585357.9798
 0.446006859816852 -0.426938875285827  -1.67850951687615 1.78846110398796 1776585357.99999
 0.415423558368669 -0.460142280092497  -1.51935672448183 1.64096084871168 1776585358.0194
 0.656502661254126 -0.286607134872325  -1.38145882659731 1.55613877388139 1776585358.03982
 0.853374797112618 -0.102079410679554  -1.25500231191505 1.52108499214995 1776585358.06234
0.828708845544204 0.238891266722583 -1.07389649118406 1.37734565806008 1776585358.07976
0.854939065016169 0.237461493922278 -1.07983977329858 1.39762752619718 1776585358.10044
0.853077907038649 0.106600990295447 -1.24966916259613 1.51683179771296 1776585358.12171
 0.798578939728617 0.0129796582372816  -1.34298881417932 1.5625350394525 1776585358.14184
  0.754949042127242 -0.0461438065884798   -1.45978376664532 1.64409426507622 1776585358.16203
 0.698530523356903 -0.053579142909242  -1.50725262516702 1.66211494569089 1776585358.18158
   0.804945101362055 -0.00543614507042955     -1.6771422125181 1.86031507247834 1776585358.20426
 0.812712478430218 0.0954046952426805  -1.60401847146156 1.80068844758343 1776585358.22401
0.971782024865349  0.21647422988274 -1.45944266065362 1.76669020368328 1776585358.24398
  1.0822198239282 0.102701308863407 -1.29003617341615 1.68699159300443 1776585358.26206
   1.12694244761622 -0.0854821488823245   -1.31307446049426 1.73247540150476 1776585358.28386
  1.20494527949304 -0.198786550351028  -1.42475656531897 1.87652351160132 1776585358.3057
  1.01944945521519 -0.174769206956459  -1.39671787345964 1.73799950675492 1776585358.3243
  0.92963536345391 -0.145972897908464  -1.40700934669044 1.69269173140952 1776585358.34389
  0.726951583583559 -0.0125587292053273   -1.38910442228957 1.56787353526308 1776585358.36192
0.698675758033174 0.157811560349821 -1.30306660430592 1.48695490136743 1776585358.38193
  0.8922856538484 0.278967593011238 -1.40311129463023 1.68603615356642 1776585358.40684
0.993499927382538 0.271173422621143 -1.24051236501765 1.61228039081509 1776585358.42387
 1.18404506651886 0.338305768367362 -1.25322011089275 1.75697870186417 1776585358.44376
 1.29733650646185 0.309784901070351 -1.25679927348776 1.83264647702964 1776585358.46226
 1.23073386039931 0.216389165958652 -1.28846148207242 1.79489918855125 1776585358.48143
 1.13175144154134 0.115906420152205 -1.39737770251735 1.80193231480987 1776585358.50551
  0.862302274683526 -0.0291290768203209   -1.21487506202055 1.49007890138751 1776585358.52371
 0.455352513497982  -0.26550674477511 -0.983950366206657 1.11624283479368 1776585358.54263
 0.158957488606933 -0.337637528124315 -0.652959762109555 0.752079141125645 1776585358.5618
0.0669146690982212 -0.304863746610912 -0.489530341705826 0.580568197879276 1776585358.58038
-0.0674511670716852  -0.166930601303101  -0.247184085818865 0.305802972308732 1776585358.60538
-0.144241088007839 0.0297230308049278 0.0192625425134209 0.148526077084118 1776585358.62246
-0.170988050703775  0.091277582622754  0.225537045029197 0.297381016968859 1776585358.64237
-0.165168116682026 0.0842164550067259  0.323274595439019 0.372665241360727 1776585358.66165
-0.119373806099852 0.0458715950792558  0.331418645590956 0.355236016562544 1776585358.67977
-0.127843325280513 0.0310748187912106   0.31670382884887 0.342944420262555 1776585358.70398
-0.0677630476663896 -0.0582313008797518   0.240602150920804 0.256655625418386 1776585358.72203
 0.0268943615070577 -0.0415132548923032   0.127942132109336 0.137170864914196 1776585358.74198
 0.0111602325440467 -0.0401057829628237  0.0540611858382946 0.0682322242913195 1776585358.76186
-0.0331861478216937 -0.0213754815149341  0.0368544882000807 0.0540044897923171 1776585358.77979
-0.0840963977477747 -0.0364664629006422  0.0569840093282384 0.107931387231688 1776585358.80407
 -0.0169389820038298  -0.0897576475638024 0.000301035348639805 0.0913425149084202 1776585358.82251
 0.0553118862398336 -0.0245918242187963 0.00536359665160051 0.0607694886177063 1776585358.84218
  0.0892768231551539  -0.0137149316424478 0.000787035041743873 0.0903275701366452 1776585358.86185
 0.0858610384140262 0.00136776287524835  0.0247241901490481 0.089360361857728 1776585358.88052
0.0146247210251872 0.0698098886027058  0.069664225938458 0.099701591699387 1776585358.9041
0.00797394268790114  0.0855805647743019  0.0472816476620283 0.098097762638679 1776585358.92259
 0.063530972073607   0.10071332445516 0.0387327793208503 0.125218154951051 1776585358.94182
0.0560163094695843 0.0834333126317735 0.0880580396378963 0.133615728595749 1776585358.96188
0.0470880796575423  0.196698000927496  0.070052999788485 0.2140439524819 1776585358.98037
-0.0538814201883398   0.257796480518233   0.082548542896697 0.276000896272944 1776585359.00426
-0.0527895418314175   0.233338926540842  0.0199569527013406 0.240066803884101 1776585359.02368
-0.0345658539164554   0.207724819285374 -0.0377177782566812 0.213932301443085 1776585359.04341
-0.0789222241789767   0.230707206242108 -0.0381742218480922 0.246803167919504 1776585359.06207
-0.0544745458378887   0.136399421689534   0.022915168370683 0.148651886375318 1776585359.08034
-0.0772462535115057    0.10296636533149  0.0866714572767227 0.155180532212041 1776585359.10461
-0.0511008128747033 -0.0211892283909751  0.0952374474844207 0.110138312496643 1776585359.12379
-0.0300609991730507 -0.0459910501126068    0.10363790582946 0.117301559607955 1776585359.14248
-0.0327560478398501 -0.0679386879777199   0.136795150486102 0.156209913868281 1776585359.16201
0.00368531031127089 -0.0993299004976809   0.122954358907005 0.158106878468972 1776585359.18042
-0.00820316682594495  -0.0762309266037078   0.0708155398538344 0.104370909747995 1776585359.20445
-0.0167995541344286 -0.0743514343986177  0.0220041062512946 0.0793381466141339 1776585359.22369
 0.0132159072880918 -0.0480961760198295 -0.0167551178613537 0.052617832791989 1776585359.24232
-0.00888688392083613  -0.0309756634092438 -0.00786553279314903 0.0331712983705083 1776585359.26199
-0.0332938798436078  0.0102776499314399  0.0610987443043259 0.0703361150385719 1776585359.2799
 -0.160245739288575 -0.0271528280737291   0.173190448001034 0.237509798348074 1776585359.30396
-0.332995011923484 -0.064345750299399  0.289561592021496 0.445950635296707 1776585359.32373
-0.474937475225677  -0.13698341857136  0.469113882149892 0.681467458330168 1776585359.34195
-0.505033829490576 -0.152081223780933  0.626411754387445 0.818889219364487 1776585359.36203
-0.475191363024318 -0.144562780833783  0.715987139728095 0.871402784796632 1776585359.3798
 -0.51740409573582 -0.154427621311248  0.781935801613545 0.95025180155213 1776585359.40357
-0.534506797471568 -0.129977169387269  0.804270761761356 0.974393677796316 1776585359.42252
  -0.56826261362659 -0.0790764617518563   0.849273233555468 1.02491000096724 1776585359.44149
 -0.644321550740335 -0.0597645555832279   0.963849461436111 1.16091681319687 1776585359.46542
-0.529524454734636 0.0237470576461123  0.891651563895073 1.03730544310988 1776585359.47957
-0.654319242996137  0.141753009753597   1.05296435415688 1.24778264078895 1776585359.50195
-0.77499223497135 0.216571717911213  1.20356646823057 1.44778745564185 1776585359.5225
-0.816430579652223  0.176941566096719   1.22434355374868 1.48218903882398 1776585359.5416
-0.800436675097293   0.15204773724618   1.27740367502959 1.51511634346066 1776585359.56212
  -0.7383651812535 0.0976501096744271   1.27940162378592 1.48040102666575 1776585359.5798
-0.760538177047584 0.0851703682673872   1.29782561765418 1.50665976392055 1776585359.60213
-0.793242323015499 0.0272730466401682   1.33613928288887 1.55410597623677 1776585359.62401
  -0.676331092379515 -0.00729822157339907      1.3116391609936 1.47576227733649 1776585359.64172
 -0.692003142253467 -0.0550598824402004    1.30259070090872 1.4760225179979 1776585359.66168
 -0.652721620290168 -0.0460752435996611    1.23744704440553 1.3998012821022 1776585359.67932
 -0.542399771732914 0.00167309483872851    1.01949604479877 1.15480409463363 1776585359.69968
-0.343553510504647 0.0240040054261583  0.699597687027019 0.779770562761971 1776585359.72142
0.00591176698711146  0.0187887043645721   0.293363222557937 0.29402371460511 1776585359.7397
  0.216471068744556 -0.0589551729093907  0.0314430233786722 0.226548228276846 1776585359.75899
  0.26563392574956 -0.113356216347291 -0.294567586909573 0.412530092904052 1776585359.77756
 0.226926146099519 -0.134141320445216 -0.389324644386142 0.470173423707425 1776585359.79835
 0.130576220815372 -0.139920453349573 -0.435609527051668 0.475797796092156 1776585359.82372
-0.0954639135819616  -0.105828630512692  -0.308941913681775 0.340232514410268 1776585359.84161
-0.0904174937411691 -0.0984730445043246  -0.222655466293938 0.259706989391807 1776585359.86194
 -0.144844915593274 0.00179361183905397  -0.108439899722203 0.180948828314563 1776585359.88148
 -0.153366191674725    0.10881321347557 -0.0224053271222599 0.189376616452888 1776585359.90168
-0.091507966172992  0.128632137645517 0.0109186772849834 0.158237644768956 1776585359.92398
-0.00105410910381836   0.0696658797691962   0.0075395855312603 0.0700806057336982 1776585359.94351
 0.0457578517100885  0.0338018738117157 -0.0197900876023151 0.0602328418191679 1776585359.9625
  0.0116731043134925 0.000661837617134869  -0.0559233037743544 0.0571324364821233 1776585359.98128
-0.00193963339258035  -0.0202167669834827  -0.0760555005279634 0.0787205119744599 1776585360.00168
-0.0473603255953529 -0.0208940885168652  -0.131693706846119 0.141501928602828 1776585360.02407
-0.0748651716172799 -0.0338967115368825  -0.135060495756841 0.158098445559668 1776585360.04352
-0.0916381965527377  -0.030084843256198  -0.141946305163414 0.171614132316466 1776585360.06204
-0.104178700689333  0.010359011394517 -0.114689518336209 0.155287463790806 1776585360.0805
 -0.132412539849295   0.143283294521329 -0.0989684618769069 0.218764575844691 1776585360.10162
-0.0345056624788128   0.195327663742445 -0.0296951359165722 0.200562553990737 1776585360.12378
0.0926338117945509  0.161219412067322 0.0187451633159638 0.186879916156508 1776585360.1446
0.218626711807909 0.152250744582185 0.045032587415849 0.270195970123787 1776585360.16206
 0.282660103495022  0.148953035497218 0.0307039547982647 0.320977372616679 1776585360.18005
  0.291570227220818   0.232433377704397 0.00874186042020186 0.372981088791752 1776585360.20146
  0.274851288414477   0.200310572785558 -0.0501647440442072 0.343779082926517 1776585360.22431
   0.1264499973479 0.0869077620101594 -0.064995963733909 0.166634438903241 1776585360.24258
   0.0776461681796353 -0.000812239977286734     -0.04695811208226 0.090744980341014 1776585360.2619
-0.0323459662261906 -0.0690078855757549 -0.0390907307759063 0.0856529919812305 1776585360.27971
-0.0236043821637716 -0.0872920167257203 -0.0522261378426813 0.10442524845716 1776585360.30035
0.00812813700068325 -0.0156115075803463 -0.0512744139491422 0.0542111732566366 1776585360.32393
 0.113018078003976 0.0767985676507106 0.0449991993313215 0.143861161851883 1776585360.34337
 0.205052965517909  0.136757578443433 0.0788797158088902 0.258788259964574 1776585360.3618
 0.186855607033901  0.111101973506708 0.0556796477736891 0.22440786433032 1776585360.37954
 0.171784104548843  0.168985214630265 0.0293083778930675 0.242744232380519 1776585360.39982
  0.154427376790262   0.205628121322329 -0.0175871825522085 0.257759670955324 1776585360.42475
  0.112880941048745   0.157555576915499 -0.0229261695925985 0.195170376649262 1776585360.4437
 0.0880303782272518  0.0576806163815744 -0.0488193038635828 0.116016056762485 1776585360.46203
 0.0147074302237838  0.0399619587908037 -0.0427522197149544 0.0603408563474293 1776585360.4795
-0.00769965700365301   0.0886066015130695  -0.0652382014711476 0.110301575151309 1776585360.49964
-0.0538788683015993  0.0844639053337773 -0.0774019393654088 0.126602306342423 1776585360.52437
-0.0392703320444416  0.0992742618417548   -0.06201012119835 0.123461707319071 1776585360.54377
0.00470318040494266  0.0406308825316706 -0.0394764808654735 0.0568452378194158 1776585360.56193
-0.0339418131249671  0.0611189620559359 -0.0225103359733792 0.0734458264752976 1776585360.57968
-0.0345638428863016  0.0923842191644041 0.00573270667617095 0.0988046917485228 1776585360.59946
-0.0282490224395625   0.196358935870894 -0.0308988575212149 0.200772454189456 1776585360.62413
0.0379324440592133  0.205917552176586 0.0458986609374825 0.214353902886223 1776585360.64261
 0.109010017025226  0.212367536021704 0.0667920423525732 0.24787967058514 1776585360.66228
0.0914617021453206  0.157371240615887 0.0804163771252881 0.198991819033495 1776585360.67909
0.101263983926255 0.251970178538058 0.138169393356116 0.3046869648894 1776585360.69856
0.115983569857965 0.418198148556215 0.188178376848232 0.473025349686546 1776585360.7279
0.268158469903701   0.3737924489047 0.268988008871162 0.532901781528021 1776585360.74409
0.301612406647392 0.116125464194789 0.208912199952302 0.384836945428837 1776585360.76161
-0.0156498789195684  -0.231125021848629  0.0652689807342653 0.240673501409724 1776585360.7801
 -0.180983979432004  -0.442417420952436 0.00758129344672279 0.478064693512891 1776585360.79923
-0.151433412041181 -0.613641071319905 0.0412045394076126 0.633391866667759 1776585360.82391
-0.0686469632318087  -0.557665590293919   0.114550459269909 0.573432754451437 1776585360.84406
0.0675410460414487 -0.462660531295245   0.12691617994932 0.484483515562397 1776585360.86189
0.0655322481217714 -0.413195181893854 0.0684462368270325 0.423921715909873 1776585360.88007
 0.103715878021242 -0.103354698679727 0.0521695235288872 0.155437563922385 1776585360.89914
  0.227594432207753   0.125184361679457 -0.0241922861295069 0.260874714545574 1776585360.92368
  0.193762404269272   0.175135730933917 -0.0288022074727393 0.262765980890352 1776585360.94405
 0.131856308253064  0.182302302225204 0.0615996421072337 0.233269653685335 1776585360.96192
0.0480855131521042  0.128252864882716 0.0967467543963825 0.16769301837572 1776585360.9797
-0.0861500506329012  0.0863226735235301  0.0326991084221226 0.126264273964978 1776585360.998
 -0.214563621510023  0.0656301034631848 -0.0878625894305016 0.240966165213122 1776585361.02202
-0.359549203228104 0.0534714786868015 -0.222793582155111 0.426347052088347 1776585361.04372
-0.357570038616688  0.116466773555469 -0.223448956345004 0.437436027266196 1776585361.06189
-0.134374720998674  0.118661320105201 -0.144275266495977 0.230113943634595 1776585361.0796
-0.0527412453519631 -0.0530402332410872 -0.0945664632414752 0.120572473116986 1776585361.09803
-0.0695194628873005  -0.301950200381985 -0.0834308854204019 0.320885636750684 1776585361.12219
 -0.107881217153123  -0.432468031207446 -0.0553737272043953 0.449147197136296 1776585361.14383
 -0.122715100357785  -0.395343592961039 -0.0557045293830778 0.417682351727907 1776585361.16163
 -0.0253939748548366   -0.392784684264142 -0.00453991502853296 0.393630884179425 1776585361.17993
-0.188532900469918 -0.264350716762447 -0.151554248291041 0.358321986748625 1776585361.19974
 -0.196923287883294 -0.0766796263142646  -0.183375700430469 0.27979491401887 1776585361.22261
-0.244624703697349 0.0510549263824758 -0.216651060966514 0.330734838480695 1776585361.24369
 -0.28696336188258  0.098250831248536 -0.209255567673959 0.368495711652838 1776585361.26161
-0.263894708493266 0.0631657168588106  -0.15862542055484 0.314312502142745 1776585361.28116
-0.235297733502647  0.021577359544333  -0.12099502762461 0.265462619866278 1776585361.30046
 -0.207795355510079 0.00428302997997961    -0.1266283234075 0.243376223995615 1776585361.32411
 -0.123354574513002  0.0207432876874647 -0.0642212770644206 0.140609414567993 1776585361.34381
-0.0315715662858613  0.0311906406958712 -0.0222344315865888 0.0496385919697585 1776585361.36177
0.0238406284208291 0.0344329745513269 0.0125376204228171 0.043717241745323 1776585361.38129
0.0122003878357278 0.0973404594539744 0.0284047651780447 0.102131509314574 1776585361.39975
-0.0103361825768829   0.204369755630497  0.0654552618802358 0.214844653167217 1776585361.42395
0.0479015318384353  0.252536890638701 0.0939057573067009 0.273656224378831 1776585361.44402
0.0679452084197237  0.261939012628499 0.0416456511625551 0.273793641169304 1776585361.46169
-0.0678631097770301  0.0558186595620406 -0.0249751302358266 0.0913503232299083 1776585361.48132
-0.170825813586265 -0.075353327079102 -0.173113233154414 0.254612988636625 1776585361.49963
-0.0279954192022002  -0.325580335039555  -0.441819037259836 0.549536495372222 1776585361.52553
0.0847936045124849 -0.429782698343187 -0.619511350800901 0.758747281334521 1776585361.54344
  0.27820438033873 -0.384160250281291 -0.797812306726031 0.92816014345551 1776585361.56201
 0.391017181020502 -0.303547434732801 -0.780723374555842 0.924426562017744 1776585361.5816
 0.418499009105581 -0.178533882560324 -0.859047475200315 0.972099960133964 1776585361.60045
 0.475635525155787  -0.14166667237245 -0.941892619779486 1.06464092822245 1776585361.62286
 0.456668950224879 -0.183684267737462 -0.981988927775857 1.09844831220596 1776585361.6444
 0.497448298804138 -0.150465365336495 -0.909000786541833 1.04708025770838 1776585361.66191
  0.609174228363975 -0.0888995082380777   -0.74655396406547 0.967646208244358 1776585361.68206
 0.515819798661209 0.0415471090535203  -0.61175239749749 0.801272252611759 1776585361.70031
 0.350904361057517  0.136234554810333 -0.298826367535636 0.480615150060937 1776585361.72374
 0.174513884750856 0.0686435473602729 0.0272682497026256 0.18950089711366 1776585361.74377
-0.0998941565125756 -0.0371358481729308   0.341566735086504 0.357806858853398 1776585361.76194
-0.120631477368583 -0.106279549119478  0.404741641917343 0.435503263587213 1776585361.78197
-0.0793586108361751  -0.109654055723493   0.366661765756685 0.390848629930141 1776585361.79986
0.0487130813851245 -0.133358622255054  0.181146323329956 0.230155332077623 1776585361.82243
 0.123958632717197 -0.116979386708065 0.0117827746268519 0.170847163621815 1776585361.84362
  0.146430870335554 -0.0721883322634926 -0.0734641358254996 0.179025513139328 1776585361.86189
  0.164826558719254 -0.0437287844577974 -0.0256790764548468 0.172451198943244 1776585361.88172
 0.0535159029890665 0.00861217323840367  0.0294507634161435 0.0616884824454055 1776585361.8996
-0.0065971765536877  0.0928942966340372  0.0621935061556732 0.111986183493986 1776585361.92143
-0.00250215659822849    0.155445053713418   0.0854491308055896 0.177400618564424 1776585361.94365
0.0398614945185435  0.136531888560196 0.0653012986501533 0.156506085966208 1776585361.96282
0.0533209766307786  0.114959616283927 0.0413864634775956 0.133310462020766 1776585361.9818
 0.0384160198653529  0.0166193064252943 0.00137467920815614 0.041879370473759 1776585362.00135
 0.0807913009660427  0.0430815474960328 -0.0282047000597041 0.0958058409069954 1776585362.02116
 0.0743146668857876  0.0435349391186126 -0.0688579339628318 0.110269559299186 1776585362.04369
0.00914751860220244  0.0396609202037871 -0.0746235905789439 0.0850020350278901 1776585362.062
-0.0124544429884503  0.0601317924075721 -0.0680940698712873 0.0916937727434948 1776585362.08198
-0.0806361362518163  0.0753930200330352 -0.0205711188797865 0.112291873576361 1776585362.10022
-0.0758637992851715  0.0460692479755039  0.0197630327775956 0.0909300231803422 1776585362.12191
-0.0169619621705934 -0.0880489536023265   0.059241758179337 0.10747051829837 1776585362.1439
0.0999146294376177  -0.15608563515062  0.183952508308661 0.261121014070252 1776585362.16236
 0.191337203491091 -0.194313409019257    0.1814295176661 0.327542815895922 1776585362.18172
 0.127935579688572 -0.150412007817172   0.13642913152177 0.240008734369457 1776585362.19977
 0.0680493283117884 -0.0683744997150774  0.0647002246256742 0.116154648471705 1776585362.2214
 0.0367265354854921 -0.0655106267446235 -0.0589901711465599 0.0955003712932097 1776585362.24414
-0.0993874335004917 -0.0981126989853338  -0.152988647157786 0.207146059096404 1776585362.26203
-0.119808544937785 -0.112900729044083 -0.168935227008396 0.235880844883965 1776585362.28169
-0.117799841477288 -0.119493529840193 -0.161607665925895 0.232964684044082 1776585362.29963
 -0.136903932895598 -0.0613774713303748  -0.153506829708252 0.214649080119789 1776585362.3205
 -0.102220451299542 -0.0245466149739652  -0.181900537810236 0.210093699634747 1776585362.34189
-0.0816343063245147 0.00573758208000539  -0.135935680690982 0.158668172933736 1776585362.36162
 -0.0421404659475258 -0.00237240869606258  -0.0622851583510694 0.0752388738891906 1776585362.37958
-0.0655108746596743 -0.0183520257753423  0.0312480635659588 0.0748659670702021 1776585362.39552
 -0.0624137341081218 -0.00369524073272695   0.0895734196245568 0.109236104437265 1776585362.41337
-0.075229496350566 0.0189063570170027 0.0905401004320432 0.119224314814801 1776585362.43537
 -0.0377028871297369 -0.00987690687509497    0.101400390347625 0.108632868644751 1776585362.46228
-0.0202037492167514 -0.0668817250611893  0.0367284999297701 0.0789324986090332 1776585362.47343
-6.57964562693139e-05    -0.098196681471291   -0.0554503442653825 0.112771154380441 1776585362.49387
-0.060847311224588 -0.128336687744667 -0.116419606600184 0.183647013331216 1776585362.51542
-0.0487416286959297 -0.0952749985535914  -0.161474614214686 0.193719185299496 1776585362.54042
-0.0342743576549435  -0.105612274621068  -0.130282006711397 0.171178519143154 1776585362.5619
-0.00886663599159467  -0.0933585973564307  -0.0879772431978712 0.128586314415123 1776585362.58028
 0.0123062339818354  -0.112538004066743 -0.0111305244862398 0.113754711240813 1776585362.59789
-0.0132453884356807 -0.0744567757396544   0.022981170068686 0.0790404070465425 1776585362.61771
-0.0299266626932282  0.0581565282593139  0.0804834571123291 0.103708118235183 1776585362.64164
0.0458210282124044  0.255668128797894  0.166419827395917 0.308482280949726 1776585362.6619
0.137675397738921 0.256831705964268 0.209092278861887 0.358659478350627 1776585362.67974
-0.0876992965886791   0.172666158274983    0.14946843429608 0.244633566148459 1776585362.6998
-0.125839947084236  0.131197508876222  0.068978366325833 0.194438920071241 1776585362.7182
-0.0495011058027929 -0.0160915292559665  0.0375532017173145 0.0641836408184845 1776585362.74151
 0.143147403679819 -0.172748683769973  0.101595040538676 0.246282031798071 1776585362.76262
  0.23589534241061 -0.145350443093219  0.066311875882057 0.284904595893803 1776585362.78438
 0.200023963205216 -0.167961467465468  0.059031133488414 0.267778481455105 1776585362.7981
 0.207195330528445 -0.199583262842509 0.0608189349559935 0.294044769803571 1776585362.81816
 0.196593570673789 -0.209493200204424 0.0501697712803249 0.291639227321156 1776585362.84143
0.0827017297158964 -0.128825163795594  0.013200367760719 0.153654640782442 1776585362.86185
 0.0170390132042495  -0.105032395147665 -0.0213467052070315 0.108525636716058 1776585362.87948
-0.0760614756816653 -0.0801263601462123 -0.0635970212366591 0.127476126326968 1776585362.89797
 -0.132120956875019   0.039081636969678 -0.0926918475178782 0.166057520727241 1776585362.91775
-0.153339658451652  0.119336499470294 -0.104902359176923 0.220813849023962 1776585362.94076
 -0.158430258169444   0.214678824459137 -0.0959448628349612 0.283535819746312 1776585362.9622
-0.0489970037301321   0.198377730740563  0.0135725266189444 0.204789267070147 1776585362.97866
  0.111613469419714   0.080966210014572 0.00872588504519421 0.138163796957999 1776585362.99842
-0.00536349996468762 -0.00293072059611272  -0.0611061642861653 0.0614110704095891 1776585363.01762
0.0350678527427396  0.033702778708866 -0.171340613744313 0.178110183613861 1776585363.04179
-0.0596965596340579 -0.0141933682672927  -0.183224022684467 0.193225705907862 1776585363.06207
-0.0945078489148275  0.0288868123092178  -0.103045021901238 0.142774150218176 1776585363.08043
-0.0657520927816031  0.0800433207074936 -0.0226413946284323 0.10603255936628 1776585363.09854
-0.0687977333663632  0.0728935158151515  0.0557634196397657 0.114700269111121 1776585363.11751
-0.0527111292208207   0.138116046553711 0.00946709754847796 0.148135516994923 1776585363.14141
0.0293051460680411 0.0919037345006209 0.0515041453774062 0.109351566025763 1776585363.16171
0.0921987785121003 0.0737556542111217 0.0357888399229688 0.123374844884465 1776585363.17933
  0.10957005653612 0.0565974137951099 0.0218539428637167 0.12524559615537 1776585363.1977
0.0422884851498071 0.0423365730047663 0.0335535564083046 0.0686042457702046 1776585363.21725
 0.0425052501398534   0.131059321993224 -0.0083601932526262 0.13803309386519 1776585363.24055
0.0848379391424472  0.135945769609902 0.0329139993319008 0.163591135287908 1776585363.26185
 0.117169402476408 0.0992459493841547 0.0883911690143317 0.177176257172232 1776585363.27859
-0.0942044877601038 -0.0181358315208796  0.0136304462100571 0.0968977964815637 1776585363.29832
-0.357544797284021 -0.142464278716045 -0.126263853877829 0.405064085758089 1776585363.31635
-0.268658651528776 -0.250311073147385  -0.19074368943102 0.413782865086525 1776585363.34152
-0.0259061984213604  -0.188286342499731 -0.0317889000273735 0.192700316692847 1776585363.36195
0.0930268473438603 -0.201917585244912  0.126460996767659 0.25576764701843 1776585363.37825
 0.182679494381667 -0.143111081589848   0.21058629624801 0.313367464023968 1776585363.39804
   0.24346999685441 -0.0533094446536127   0.279792926615978 0.374704707792546 1776585363.41445
0.276898823918669 0.119191622389591  0.24449086943034 0.388143513111077 1776585363.44034
0.147202258907169 0.183056751292414 0.162011659644884 0.285352513712418 1776585363.4615
0.0669029270594439  0.183918435294423 0.0968641795139813 0.218368179374164 1776585363.47758
-0.0644790846714987   0.182036330455116  0.0831010944351711 0.210239315690386 1776585363.49752
 -0.259541858160066   0.187666197214048 0.00932054173146528 0.320417618448377 1776585363.51524
 -0.407573832820947   0.324391000733405 -0.0694673043068568 0.525520367754513 1776585363.54156
-0.262212703315992  0.119475418762377 0.0348236435105288 0.290245695258473 1776585363.56204
-0.162937946200307  0.068507142315115  0.147756689819219 0.230378042023302 1776585363.57967
-0.0808648308464762  -0.196306411680239   0.216846743126335 0.303476256302036 1776585363.59779
-0.193143276744872 -0.373929089121111  0.211872569221749 0.471187090900542 1776585363.61565
-0.283055079762515  -0.39135501576362  0.146007829750371 0.504576270638167 1776585363.64066
-0.339952680021422 -0.242064808238657  0.142191560126668 0.440887327797728 1776585363.66198
-0.261735311042665 -0.116423606078588  0.242419730744319 0.375269443137982 1776585363.67817
  -0.204094866602519 -0.00176825499544875    0.274335793664735 0.341932696571838 1776585363.69838
-0.136872671401976  0.086810549714807  0.197930005469555 0.255825109759926 1776585363.71246
-0.143487063442355  0.128121287286766 0.0771150196043202 0.207244608807812 1776585363.73358
-0.0745609756647651   0.174943724095569 -0.0396306679982999 0.194255593326163 1776585363.76155
0.00483328046095451   0.112840769716492 -0.0928912233782049 0.146236723468916 1776585363.77587
0.0836937625973574 0.0695695811792533 -0.180613651293029 0.210869304443675 1776585363.79587
 0.0532967306255338 -0.0189353049210218   -0.15249404889223 0.16264538793144 1776585363.81376
-0.0107505934851932  0.0198645734966183  -0.161404737837752 0.162977501321379 1776585363.83558
-0.0116180633983672   0.107152210573702 -0.0949311366512247 0.14362623831965 1776585363.862
-0.0146535865762688  0.0860448993902215  0.0488904961987809 0.100043655117077 1776585363.88001
0.0815650968922192 0.0897021719255808  0.138487812879898 0.184060367802146 1776585363.89945
 0.159378439351912 0.0873475480966201  0.204593499126796 0.273659607859269 1776585363.91625
0.0652405220472072 0.0348956000414059   0.10612877798758 0.129372895679037 1776585363.93781
 -0.106725377087222 -0.0848813288426211 -0.0982017938085648 0.16804385858376 1776585363.96208
-0.237923291846542 -0.249977683212549 -0.151612048356528 0.376938387689912 1776585363.97998
-0.0164320960326936  -0.229361502021864 -0.0178635028676574 0.23064218418246 1776585363.99966
 0.146015747973894 -0.188872150014817  0.188643782224876 0.304269229925903 1776585364.01742
 0.180706128255751 -0.184870257498949  0.283596545045411 0.3837430354529 1776585364.04262
 0.289232357150411 -0.215320747514673  0.262509037658816 0.446014994799074 1776585364.06329
 0.278836633144415 -0.060121766754443  0.295400962512395 0.41064123450311 1776585364.07984
0.274256540379793 0.021297183315797 0.360387342304627 0.453375403448039 1776585364.09959
  0.15865112704421 0.0659125359650788  0.320259887241475 0.363429550099697 1776585364.1174
0.00102417296790994   0.122442241766406   0.257350443813366 0.284995442823193 1776585364.13744
-0.189251042451322  0.142027541022382  0.125540428150968 0.267858504770905 1776585364.16222
-0.33488238762355 0.100825067437103 0.144857051328036 0.378543885280953 1776585364.18017
-0.396131828329795  0.115347596778639  0.205993105101714 0.461149273931944 1776585364.19965
-0.423650949464799 0.0814432737950434  0.334372797430043 0.545818927383498 1776585364.21723
-0.53285511156295 0.144739606485127 0.381783615445995 0.671299376304826 1776585364.23583
-0.468226493845423  0.197530766631836  0.539411452594436 0.741093225238888 1776585364.26195
 -0.385367423572843 -0.0139785714183237   0.556717455143422 0.677228009219521 1776585364.28023
-0.317724843305456 -0.189408582470797  0.381349502600307 0.531274063267326 1776585364.29987
-0.159597708035841 -0.403745585405066  0.139561820449283 0.456025687732052 1776585364.31788
-0.240278926439163 -0.490102648015023 -0.111216341131928 0.557049048663461 1776585364.33774
-0.260684959678955 -0.608195539391235 -0.414553821510253 0.78084142645416 1776585364.36186
-0.205653562384563 -0.368162266769419 -0.391256482759505 0.575255141389972 1776585364.38115
 -0.114973386461772 -0.0878930835327738  -0.246501573872265 0.285844537553004 1776585364.4005
-0.00793635062066863   0.0381825513741093   0.0238881745225957 0.0457333332770822 1776585364.41802
-0.0120914153081545   0.313705941777459   0.145443161153679 0.345993256230539 1776585364.43774
0.106312706657088 0.459811140046024 0.267169891764489 0.542317644164957 1776585364.46192
0.0926887443312303  0.348977509335161  0.264621765229363 0.447661908118814 1776585364.48689
0.100292080048638 0.177413606535698 0.106142896144139 0.229783383877841 1776585364.50118
 0.0453508377579942    0.04387813591282 -0.0715536448147572 0.0954039484655234 1776585364.51843
-0.0814788854966641  -0.108335597403591  -0.171088982446586 0.218281585025352 1776585364.53786
-0.0939245180161239  -0.118435681348968  -0.249038741762423 0.291323051953954 1776585364.56205
-0.143716265070257 -0.124532470751844 -0.183293914846523 0.264119973377758 1776585364.58156
-0.0667745617930481  -0.106636475399853  -0.116021268875169 0.17114647182972 1776585364.60126
-0.0183531254811711 -0.0407120931650704  -0.034627414253141 0.0565099067656956 1776585364.61921
 -0.0668842437039645   0.0116462143836124 -0.00328512130736744 0.0679700550781335 1776585364.63815
-0.0349119739067055  0.0707247024551886  0.0445231755207341 0.0905712019236111 1776585364.66193
0.0239466805311638 0.0537104922931339 0.0708160863515541 0.0920498700541353 1776585364.68061
 0.125987803612919 0.0345910794073005  0.076878299883941 0.151590706927618 1776585364.69982
 0.164593079339325 0.0390755995060095  0.116586046943206 0.205450944473368 1776585364.71844
 0.120690127450213 0.0952733464697462  0.120444727314803 0.195320377199693 1776585364.73652
  0.03587694424889 0.0531104757715128 0.0354783446487651 0.0732570181233919 1776585364.76204
 -0.0383792295500804 -0.00915410708674727   0.0172799721289733 0.0430738943467095 1776585364.77965
 -0.008986050682886 -0.0499721628860228  0.0859938119266998 0.0998644173871115 1776585364.79948
0.0451335730285738 -0.106731283885931  0.116972186662085 0.16465448316634 1776585364.81817
0.0460681464240761 -0.170003492790936  0.165012073025703 0.241355434826539 1776585364.83965
 0.139825302166648 -0.206883326521329  0.123121430570559 0.278407457845989 1776585364.86247
 0.165809166945198 -0.204391002894369  0.151113856740101 0.303486012208296 1776585364.88253
 0.232631516940231 -0.183093122786126    0.1795551794715 0.346237746007756 1776585364.90131
0.275446346502672 -0.16823010064523 0.209820021125117 0.384962982414827 1776585364.92091
  0.187375221695458 -0.0660482264675531   0.143780818154714 0.245244297781152 1776585364.93986
 0.143691123822717 -0.065867842801967 0.0771125363355524 0.175875112056601 1776585364.96166
  0.0578876110037858 -0.00576046402868119   0.0390028522266183 0.0700384247064622 1776585364.98174
  0.0506547319237917   0.0273446415490982 -0.00127914263178944 0.0575783595944894 1776585364.99965
 0.0524586295338492  0.0162260487354773 -0.0224731073817437 0.059331551686494 1776585365.01983
 0.0485233066684366   0.041765133712236 0.00183657328169129 0.064048502601225 1776585365.03948
0.0280591066724798 0.0672424579431291 0.0270795161065337 0.0777313438070841 1776585365.06109
-0.00888212484157797   0.0691627878937094   0.0352872868004491 0.0781509819558831 1776585365.0814
-0.0556345415573042  0.0725519890141399  0.0151919450927606 0.0926811119910672 1776585365.09857
-0.0628889242334658   0.126369622398264 0.00396136810108983 0.141209031912108 1776585365.11952
 -0.113690195677456   0.198319412382439 -0.0191747107167903 0.229398603857928 1776585365.14039
 -0.114663466171314   0.297607017029083 -0.0687946795514835 0.326267306045151 1776585365.16251
-0.130110315048494  0.217773228812986 -0.135411545765953 0.287558967859422 1776585365.18157
-0.124032384293904   0.14621211738106 -0.196364428759946 0.274446724347192 1776585365.19948
-0.101177237164786  0.144631306158937 -0.185956732062538 0.25638828803383 1776585365.21943
-0.0607246159896767  0.0491043114241531 -0.0752339940904522 0.108438306212962 1776585365.23885
-0.0180288497538452 -0.0198824980944646  0.0186540344776098 0.0326852590048628 1776585365.26226
 -0.016547839483128 -0.0891680625870494   0.050061324646348 0.10359010861291 1776585365.28161
0.0259633711460402 -0.120770537607502 0.0629846251850482 0.138660313013397 1776585365.30017
0.0981596209129737  -0.06049640895722 0.0265102214526474 0.118312799459595 1776585365.31966
 0.0254709794363093 -0.0316332174119339 -0.0115005456487635 0.042210114753396 1776585365.33955
  0.038117937934905 -0.0564893009647388 -0.0844778784619542 0.108538151197295 1776585365.36245
-0.00851403290054607   0.0198508865177711   -0.100104568161513 0.102408354242103 1776585365.38378
0.00818316430728231  0.0686309786780861  -0.042643262830382 0.0812134427124779 1776585365.40155
 0.0621347861786263   0.126909791681758 0.00970204719412502 0.14163670639325 1776585365.42158
0.0604103221818859  0.147998899303746  0.130182468257823 0.206156630412264 1776585365.44127
-0.0053780198828928    0.16204968544574  0.0820366190895608 0.181711393485851 1776585365.46257
-0.119130151150162 0.0448847959022033 0.0488933090963561 0.13637152741916 1776585365.48388
-0.129992250408308 -0.111595215036046 0.0109200335533442 0.171670394413142 1776585365.50164
 -0.142174637621212  -0.286597204970628 -0.0711508517651337 0.327740795731327 1776585365.52385
-0.0303873439332895   -0.31309429521645 0.00485080889423446 0.314602858720854 1776585365.5412
 0.0389334048337991  -0.293350686541159 -0.0152170176894553 0.296314010693864 1776585365.56242
  0.0365226843829799   -0.140629491509461 -0.00211437326818353 0.14531011985084 1776585365.58408
  0.112753493040483 -0.0242501594345102   0.019087544245077 0.116900619205961 1776585365.60174
 0.221473268801662 0.0764065643343119 0.0553516403638962 0.240732581837276 1776585365.62147
 0.217809733564737 0.0858355119417318  0.108319912996508 0.257957397058917 1776585365.64021
 0.210460958384369 0.0959181205494528 0.0871667434779545 0.247168246387674 1776585365.66189
 0.114782715727286 0.0898576292724653 0.0177579055988786 0.146849612118852 1776585365.68379
 0.0765130066750529  0.0744085166778781 -0.0243015308759317 0.10945972751461 1776585365.70155
0.00332362739735294  0.0432125954877703  -0.096127856009284 0.105446382625521 1776585365.72119
-0.0992870484462741  0.0484062844490252 -0.0826866358604355 0.137978861110132 1776585365.74021
 -0.19241822206019 0.0701316266015814 -0.157245252118847 0.258203963068943 1776585365.76151
-0.238247328838936  0.125783105709774 -0.113954721661725 0.292521551291329 1776585365.78368
 -0.152861083683227   0.140554675735452 -0.0129515903617902 0.208062181736154 1776585365.80182
0.00408455082394192  0.0701346088045868 -0.0105860176311766 0.0710465388100882 1776585365.82045
0.0691953375782007 -0.133401260120235  0.049190727734872 0.158125325736626 1776585365.83854
  0.13718573695571 -0.320011979515102 0.0260101123206984 0.349147704274552 1776585365.86108
-0.0827105806043126  -0.351961680416684  -0.177538657477624 0.402787834380081 1776585365.88397
-0.151561246655988 -0.291837656894588 -0.221085935570897 0.396256255946703 1776585365.90325
-0.116893186691882 -0.156133982661277 -0.185930051598058 0.269465808079451 1776585365.92147
-0.144816461631267 0.0145830501318307 -0.128589952386365 0.194215984834604 1776585365.94005
 -0.205026547631514   0.133603429308755 -0.0366271204733581 0.247441523417002 1776585365.96182
-0.108374039102008  0.229177532876193 0.0999917827419931 0.272517211460899 1776585365.98566
0.034246983672115 0.227179961420903  0.18806158818635 0.296901922716936 1776585366.00371
0.166758360855687 0.229974502527171 0.175880940303227 0.3341118493706 1776585366.02177
0.151913680064359 0.101249721003854 0.116123745287412 0.216365423331988 1776585366.0402
  0.130810356090835  0.0231869103139533 0.00475731381853419 0.132934623425526 1776585366.06075
  0.135165610107076  -0.016584048782165 -0.0288242669970454 0.139196304539827 1776585366.08412
 0.0656464583052504 -0.0374695226784332 -0.0207507601417108 0.0783837780681144 1776585366.10204
  0.0820241803993378 -0.00260109906090442  -0.0522241778988775 0.0972733089995471 1776585366.12143
0.00730991499953422  0.0181574136888394  0.0279948227699496 0.0341589904869708 1776585366.13862
-0.0073259051408408     0.1374381723459  0.0434289688801247 0.144322539618401 1776585366.16035
-0.0101381336002483   0.205023489787904  0.0911403065504853 0.224597347704339 1776585366.18435
-0.0943653404880577   0.107897651449498  0.0549266518427405 0.153504585457237 1776585366.20373
 -0.120258078241052  0.0136614783550537 -0.0662318952281329 0.137968493934619 1776585366.22188
-0.150555919549117 -0.206623859890304 -0.052725494788935 0.261037319531109 1776585366.23964
 -0.150376027406703  -0.315365111560308 -0.0964337997815583 0.362446659452638 1776585366.262
-0.0785688591478349  -0.403177359337045  -0.112652008616544 0.425929012577362 1776585366.28553
0.0686589778316635 -0.373021208760528 0.0541103663896214 0.383127666937371 1776585366.30414
 0.153768573147564 -0.262171752368551  0.144615473964699 0.336589419230417 1776585366.32239
 0.182469813018464 -0.063343200946523  0.264993651109724 0.327916496836629 1776585366.34006
 0.155095975585244 0.0826334376317296  0.242485524509662 0.299469992243466 1776585366.36196
0.109719263734585 0.144745095368221 0.189591470467057 0.262553585276369 1776585366.38435
0.0923068119322167  0.129622503518304  0.165563891578822 0.229638723089478 1776585366.40365
 0.112299696299343  0.105336698915426 0.0750868209555536 0.171304035587417 1776585366.42227
0.0902634135644729  0.100111028083183 0.0794378675767052 0.156461102441843 1776585366.43952
0.0274524916124917 0.0680134890167483  0.024665826344188 0.0773813735546669 1776585366.46165
-0.0375459476608168  0.0333434315632377  -0.101539037062589 0.113276911423992 1776585366.48559
 -0.155944025689885 -0.0104667476256926  -0.169089661770628 0.230259431233409 1776585366.5039
-0.193639159653577 0.0228743029715512 -0.208288027396525 0.285312565872086 1776585366.52333
-0.207562579853575 0.0204853341020045 -0.165641626395265 0.266343803876889 1776585366.53976
-0.244055158775562  0.141869381688449  -0.13707795696527 0.313815564099998 1776585366.56197
-0.0930524106743534  0.0480177684543211 0.00591203226048853 0.104878068942417 1776585366.58737
 0.0411043693912517 -0.0659180645039358   0.118883608774299 0.142014340283642 1776585366.60554
 0.112896818977043  -0.19653167201578 0.0394040534113627 0.230050145111232 1776585366.62417
-0.0392545953934089  -0.271878569489764 -0.0757523228553468 0.284951389232061 1776585366.64008
-0.159143767659291 -0.258900593748523 -0.175669925436249 0.351021621742749 1776585366.66141
  -0.1175284475371 -0.165789018282909 -0.210608680003692 0.292668670439098 1776585366.68619
 -0.115703721854949 -0.0647497525160901 -0.0609612290176958 0.145932015491222 1776585366.70582
  -0.0592402479521 0.0788493513209247 0.0615312280440799 0.116244222246826 1776585366.72419
0.0590479890158839  0.205369838397573  0.207306712747653 0.297723879929882 1776585366.74144
  0.0910195546001 0.267385233733631 0.261631233582038 0.385006915423669 1776585366.76197
0.110445199499531 0.244041472959624 0.211711963170558 0.341432772250007 1776585366.78652
 0.130190241436062  0.145529884192541 0.0913972329891998 0.215596614900041 1776585366.80565
  0.128649198918756  0.0948027772790714 -0.0384532286885059 0.16436798276682 1776585366.82637
  0.113131510438442  0.0614612922645336 -0.0658474031422469 0.1446101988156 1776585366.84023
 0.0435325446092805  0.0403874003100954 -0.0897018991324767 0.107576276436489 1776585366.86132
0.0332354085597253 0.0746696326991993 -0.107813444761473 0.135291852307892 1776585366.88763
0.00165481677511568   0.104562574418562  0.0391951878119424 0.111679600353914 1776585366.90545
-0.00604252332818522    0.126822372977117    0.117588409052159 0.173053345298889 1776585366.92208
-0.00114957136937487    0.159612850876379     0.21581039733947 0.26842449828404 1776585366.93728
-0.0883414883340129   0.155008579132491   0.254660560535534 0.310940314623264 1776585366.96022
-0.170269429924512 0.0608898874978919   0.14608143195086 0.232462990446088 1776585366.98359
-0.319106060393587 -0.185892365450346 0.0829607595927668 0.37850645561846 1776585367.00412
 -0.342356194084081  -0.372227211026413 -0.0283432744260857 0.506521669291089 1776585367.02238
 -0.213825325274277  -0.441252851753555 -0.0279522305062094 0.491127963060105 1776585367.04049
-0.100639101696988  -0.32621071444027 0.0702339481450041 0.348531872972965 1776585367.06185
 0.088979891257317 -0.111474975593866 0.0954783971682417 0.171639784308981 1776585367.08781
 0.149147989225349 0.0361013478572724  0.183474760516585 0.239189083684215 1776585367.1075
 0.191158117370868 0.0934241905494017  0.191004917565053 0.285923737648028 1776585367.12461
0.214510761288762 0.135957187758783 0.230782002064928 0.343161122636375 1776585367.14153
0.213930474731519 0.113252241123275 0.216443109221705 0.324715163901929 1776585367.16273
0.111151430650224 0.133346382990192   0.1674709200765 0.241210297175365 1776585367.18927
0.0115975144502104 0.0777072035432988 0.0268423830603981 0.0830266544689334 1776585367.20767
 -0.060000361576436   0.018785368541048 -0.0782868328488884 0.10040797606782 1776585367.22582
 -0.156977455269221 0.00767583881823581  -0.189064577781947 0.245858200058956 1776585367.24246
-0.257080484364043 0.0585422583838003 -0.236016993422364 0.353866631150295 1776585367.26195
 -0.26109642724298  0.152117080743294 -0.246250374369055 0.389807898136775 1776585367.28831
-0.205415306845303  0.167718951090615 -0.170098608610579 0.315053378798802 1776585367.30791
 -0.041206366076597   0.158110549995308 -0.0926929413030784 0.187853378975395 1776585367.32524
  0.032248096020097  0.0968661320385189 -0.0577276290411956 0.117283700435069 1776585367.34161
0.0373106025970137 -0.192688587732579 0.0523109234134065 0.203119190666198 1776585367.36069
-0.0932425338529635  -0.316833858397195   -0.10999203666454 0.348103593885194 1776585367.38751
 -0.17485150429758 -0.292224097665222  -0.23779884918516 0.415350772823605 1776585367.40753
-0.154891770558973 -0.229242896444825 -0.252003749919097 0.374232088590213 1776585367.42459
-0.0633964989934516  -0.132453426935073  -0.185135298791975 0.236300878648949 1776585367.44167
-0.080094084705048  0.100966475084383 -0.105528100671974 0.166569719718618 1776585367.46199
 0.0300427018482451   0.277975251991152 -0.0572785228182503 0.285400830114644 1776585367.48948
  0.191538012791584   0.340268996754535 -0.0639908052031118 0.395682478316932 1776585367.5081
 0.345048461347999  0.356483806385893 -0.211859617505423 0.539466071614834 1776585367.52566
 0.456051133629941  0.289656382108347 -0.408535443209786 0.67733644855409 1776585367.54361
 0.458633360730584  0.181451884302521 -0.514782275558365 0.712930667821923 1776585367.56161
 0.480057641754285  0.145074133637275 -0.577930281115177 0.765183150289628 1776585367.58978
 0.519786396102831 0.0797595046165136 -0.603324858118339 0.800337654102164 1776585367.60782
0.639168531301237 0.129868661566123 -0.66876417314173 0.93415619675764 1776585367.62542
 0.750781300951023  0.143913076572736 -0.676979584996297 1.0211194317846 1776585367.64391
 0.710189103898063  0.153450284346127 -0.656329219052773 0.979123892489538 1776585367.66162
 0.630893570249436   0.10125275811265 -0.662143805252906 0.920170221666783 1776585367.68977
  0.430577584177405 -0.0457184899477426  -0.545887597480543 0.696764311228863 1776585367.70823
0.00931955009716122  -0.224221869995794  -0.192956591403628 0.295963759883758 1776585367.72457
-0.222217154754933 -0.288281383208009 0.0443519077295815 0.366679303330518 1776585367.74391
 -0.31620256281023 -0.304869364958265  0.139594954302075 0.460886256775369 1776585367.76123
-0.285866477544536 -0.309039676396748  0.141107189553433 0.444000454408322 1776585367.78839
-0.190517809671686 -0.216095216820717  0.136519934058388 0.318797539090559 1776585367.80754
0.000331432393711722   -0.110835157521115    0.178209821684193 0.209864914968829 1776585367.82468
  0.146435351248008 -0.0166593426268406   0.223046753489468 0.267340045698503 1776585367.84447
0.207685161461359 0.074918853872204 0.201854597932752 0.299150864386764 1776585367.862
0.249167788808041 0.165148055911734  0.21251429290023 0.366770762245027 1776585367.88819
0.225607360120862 0.145734178847721 0.111073160781874 0.290644764052615 1776585367.9074
 0.182269812497985   0.04634102924334 0.0747952388443905 0.202395907303414 1776585367.92392
 0.187653405380178 0.0281933276928966 0.0598955243931909 0.198987783844918 1776585367.94394
  0.177366920178784 -0.0396226549917187  0.0906544984236699 0.203094109335419 1776585367.96224
   0.20460498842552 -0.0589272539998216  0.0815489248192912 0.228004056305473 1776585367.98729
  0.110994958464173 -0.0186590949729138  0.0579595728414933 0.126599189229789 1776585368.00715
 0.0183353119321031 -0.0153456719015602  0.0470773246425053 0.0528010208732151 1776585368.02434
0.0461946944203113 0.0246657274257377 0.0357149661064545 0.0633869600628704 1776585368.0449
-0.00535127444839075   0.0161917807691621   0.0275780633316007 0.0324246739354521 1776585368.06198
 -0.0213000790046761   0.0110624051114972 -0.00810253556163102 0.0253322177273096 1776585368.08837
-0.0434249676973937  0.0484431830157281 -0.0480043509280982 0.0808510204527006 1776585368.10904
-0.0802611258960364  0.0129665119925949 -0.0933161581108957 0.123765439957733 1776585368.12546
-0.0567357892034971  0.0406203693431773 -0.0841816345463387 0.109341262920332 1776585368.14426
-0.00799215361684369   -0.036006050539158   0.0121131405456232 0.0388205920709827 1776585368.16183
 0.0247195093292573  -0.130462274102538 -0.0122569144406026 0.133348007323279 1776585368.18728
-0.103250841876859 -0.183829462986615 -0.143845071691483 0.255235993661073 1776585368.20842
-0.197927747009827 -0.203229306960159 -0.254069864801671 0.380826785355537 1776585368.22543
-0.143166286986279 -0.200918514647756 -0.269673348496452 0.365497674612284 1776585368.24541
-0.167392956190459 -0.106920991257892 -0.226344924303683 0.301138713738023 1776585368.26199
 -0.130407510943282 -0.0214538288254893  -0.182525728259372 0.22534867906937 1776585368.28531
-0.0754377996239085  0.0924929636887264 -0.0674876475727228 0.137114523369777 1776585368.3075
-0.0794824371416468   0.151144078628124   0.116655764740857 0.206810439208456 1776585368.32457
-0.0309987558682756    0.13461430495331   0.107326457427827 0.174931136243525 1776585368.34395
-0.0226989784379558  0.0435603700713428   0.138721104415525 0.147160776952088 1776585368.36428
-0.0775833445822346 0.00877226057282508  0.0425445023236797 0.0889166046927844 1776585368.38337
 -0.101867991792405  -0.059999768115265 -0.0601229363311143 0.132634186387893 1776585368.40728
-0.0781762800647529 -0.0927610948522521  -0.105709156308329 0.160905491548207 1776585368.42436
-0.0381294357621451 -0.0927724558317708 -0.0947160930495065 0.137955502663577 1776585368.44404
-0.0222367823386973 -0.0663736886206197 -0.0620223082234701 0.0935238351825497 1776585368.46311
-0.0316338663231697  0.0408096897810384 -0.0483830114914121 0.0707604980165832 1776585368.48347
-0.000679371449093677     0.110558658601332   -0.0222406280582343 0.112775547321733 1776585368.50806
0.0470339961330403 0.0709213205848925 0.0777433459919255 0.115265165387328 1776585368.52551
0.112188211610264 0.106708482076004 0.106229091307985 0.187769845319728 1776585368.54587
-0.0903164691920249 -0.0289117625533741  0.0423328866852032 0.103850989000389 1776585368.5618
 -0.191933390260116 -0.0710982789125332 -0.0299157093694524 0.206853429336195 1776585368.58359
-0.0992133094651141  -0.210987429170137  0.0252308784044024 0.234511349976716 1776585368.60778
0.0467722210607558 -0.211208069007018 0.0844074948444498 0.232209203655982 1776585368.62462
 0.138819899185211 -0.202885047028862  0.150222118178052 0.288097191078976 1776585368.64575
 0.141691660961063 -0.102750101653778  0.169000239846883 0.243300619078684 1776585368.66164
  0.117335135324934 -0.0172327955047191   0.152578061853522 0.193247427360898 1776585368.68221
 0.12288438228074  -0.0168287375768 0.154279766825836 0.197954601534751 1776585368.70844
   0.135531033414352 -0.00289893323853771    0.118658623312349 0.180158079804004 1776585368.72482
  0.195460631199658 0.00976379271937565    0.11671021907858 0.22786282108893 1776585368.74402
  0.172981411115251 -0.0493480949841654  0.0939946412858182 0.202960083909224 1776585368.7615
 0.0735313015109713 -0.0140014130982904  0.0044004302494057 0.0749817021480989 1776585368.78137
-0.0104950675473085 -0.0401100884650042 -0.0679383891047638 0.079590139801632 1776585368.80624
 -0.114878627685182 -0.0382054557980058  -0.107247892051545 0.161737028231212 1776585368.83219
-0.0998146443331506 -0.0317278327048257 -0.0693133945578333 0.125594447554932 1776585368.84368
 -0.149566705592047  0.0101666980025317 -0.0708277575567306 0.16580148494645 1776585368.86224
 -0.288042469234824   0.140600303371409 -0.0595085241853584 0.326003334096058 1776585368.88101
 -0.232324424992172   0.148465057926196 -0.0963037994014693 0.292046115625821 1776585368.9064
-0.165774237421708  0.162237764836227 -0.165618934873665 0.285011967679414 1776585368.92466
-0.165774237421708  0.162237764836227 -0.165618934873665 0.285011967679414 1776585368.94367
-0.165774237421708  0.162237764836227 -0.165618934873665 0.285011967679414 1776585368.96149
-0.165774237421708  0.162237764836227 -0.165618934873665 0.285011967679414 1776585368.98036
-0.197092881347925  0.165187755524381 -0.257510827580472 0.363929148014266 1776585369.00593
-0.227433939107038 0.0541402013083752 -0.380517832637253 0.446599573455246 1776585369.02464
 -0.17401131056637   0.03721978307976 -0.418300981951099 0.454577782077813 1776585369.0427
 -0.17401131056637   0.03721978307976 -0.418300981951099 0.454577782077813 1776585369.06149
-0.172555713061648 0.0971956862920371 -0.452925126218306 0.494331513767696 1776585369.08035
0.00586495772243831  0.0477486026805419  -0.317651467867461 0.321273686792714 1776585369.10728
0.0113995911110222 0.0663071450342651 -0.412492178652805 0.417943041107076 1776585369.12552
0.0113995911110222 0.0663071450342651 -0.412492178652805 0.417943041107076 1776585369.14377
-0.0422814792773762  0.0698304386083361  -0.378507934446573 0.387210885804011 1776585369.16175
-0.0892807461718115  0.0138216680570598  -0.360583168446255 0.371728814475843 1776585369.18044
-0.0892807461718115  0.0138216680570598  -0.360583168446255 0.371728814475843 1776585369.20567
 0.178507217904033  0.231381845459177 -0.358215442400963 0.462299349368404 1776585369.22423
 0.271352815707121  0.158148455384955 -0.605167984905827 0.681814912192311 1776585369.24229
 0.170102534055375 0.0172229236102948 -0.282765771070462 0.330436049000135 1776585369.26162
  0.144119911276767 -0.0552459486367989  -0.128242278237229 0.200670739258811 1776585369.28002
0.0111974381348895 -0.035851781104732  -0.20546791468496 0.208872680822918 1776585369.30595
-0.0293963608385483 -0.0538400744746933  -0.295034248838344 0.301343836236278 1776585369.32457
-0.0495803212177178  0.0746055840991494  -0.534766382638397 0.542217009536757 1776585369.34405
-0.0533539895882949  0.0882560086975255  -0.149302945493338 0.181458372111049 1776585369.36196
-0.0410109319666488  0.0930873177081516   0.101725620889145 0.143858427643825 1776585369.38031
-0.00628466066996007    0.190308876930538   0.0801009391425015 0.206574746883084 1776585369.40556
 0.167731114758686 0.0954445266982892 0.0296667025731373 0.195252395059356 1776585369.42425
0.0449656105635911  0.207523852247479 -0.127998598230137 0.247934863490132 1776585369.4417
 0.0444946007863458    0.26409124926416 -0.0197403466898001 0.268539827073145 1776585369.46216
  -0.353318150306365 -0.00612182088501254    -0.19330278577045 0.402786741357602 1776585369.47952
-0.411534259581909  -0.16141098515411  0.136318639501369 0.462597799836483 1776585369.50278
-0.303683395641989 -0.161593290283798  0.174787368164807 0.385858290468628 1776585369.52343
-0.558036789057366 -0.363808734935106  -0.20600707807668 0.697280983373438 1776585369.54249
  -0.43535056380371  -0.071255617373949 -0.0273301317732156 0.441989154294868 1776585369.56205
  -0.1504711618224 0.0381538390925855  0.175630684251894 0.234400134872986 1776585369.58037
 -0.102380128576936 -0.0397525731867134   0.128059374297572 0.168704360192262 1776585369.60388
   0.19914140513568 -0.0767206870184221   0.293425076756314 0.362824528836516 1776585369.62523
    0.21043996996461 0.000229100854152148    0.358835551138477 0.415990367925463 1776585369.64365
0.223758616257312 0.283032082206271 0.675766073023588 0.76605147565756 1776585369.66197
0.124398082781223 0.284196703397941 0.578844414330665 0.65673701374577 1776585369.68173
0.266556202507521 0.377610397269709 0.611521168248314 0.766550690063743 1776585369.70622
0.238512265016823   0.1552319752379 0.515067154087056 0.588454959974894 1776585369.72664
0.242517117054991 0.539546015824749 0.313555002965795 0.669508174066534 1776585369.7436
0.797799642070624 0.935106570609995 0.331348895057643 1.27306742065844 1776585369.76141
 1.02889553322891  1.09725743900214 0.194857455730047 1.51676278099033 1776585369.77953
 1.06502327057529  1.05784642058754 0.172028638819242 1.51092933950954 1776585369.80258
 1.00131563049623 0.635434528614949 0.212714011170758 1.20484741049666 1776585369.82389
 1.11689760419439 0.121848971487667 0.476821681774393 1.22051888404806 1776585369.84194
 0.760453284406714 -0.206064570145525  0.839872321549023 1.15158035817669 1776585369.86147
 0.570126125630638 -0.364644834019388  0.364242410927112 0.768558513076021 1776585369.87948
 0.385194044720121 -0.224275827262833  0.161172120977924 0.473973154685787 1776585369.90187
   0.17456642495124 -0.0362075635357036  0.0589437348073103 0.187773236246499 1776585369.92458
  0.407742187357491  0.0567830977029947 -0.0378648776833911 0.413414756023291 1776585369.94351
 0.444878102638734 0.0621358946553902 0.0112825944785875 0.449338060429154 1776585369.96163
  0.358614323231162 -0.0042416271320213  0.0127950424413199 0.358867576326348 1776585369.97999
 0.0521454627816649 -0.0975083519935806  -0.272049847816041 0.293663323712631 1776585370.00436
-0.0963940679742178  -0.103135375584452  -0.442952069486589 0.464903493103694 1776585370.0258
0.0024354243479037 -0.177973441074771 -0.429006230479115 0.464464016700594 1776585370.04539
 0.273097079671127 0.0520964661821347 -0.240857389196644 0.367842817850489 1776585370.06246
  0.34829173936324 0.0300302319488181 0.0523959453157522 0.353488734792359 1776585370.08094
0.294619871837336 0.010641985790685 0.210794989365962 0.36242054064969 1776585370.10185
   0.09678483339564  -0.135831686503149 -0.0864929978759397 0.187879189148982 1776585370.12562
 0.197336863056792 -0.101111203529013 -0.220349226678377 0.312600535344934 1776585370.14529
  0.218410283025599 -0.0106848701521499  -0.180330491439827 0.283436596656854 1776585370.16206
    0.181766078621437 -0.000118740688405937   -0.0451306355536266 0.18728506534756 1776585370.17974
-0.0980685735206554  -0.101798283408801  -0.133322076762275 0.194306746587865 1776585370.20204
 -0.191649684101534 -0.0962618178760031  -0.191341481798005 0.287415207763381 1776585370.22624
 -0.168847813129014 -0.0790494580027229  -0.219555954296695 0.288033362435859 1776585370.24403
 0.0516840144869769   0.104191446031482 -0.0830204792832269 0.142896797584963 1776585370.26157
0.00174348649375658  0.0342689072911554 -0.0562984442815467 0.065931119970816 1776585370.27842
 -0.120556961979183 -0.0110613560219465 -0.0883770436473774 0.149889414311168 1776585370.30049
  -0.220321084347736  -0.0100995603051872 0.000629600066027976 0.220553344392606 1776585370.32662
-0.199301935088923 0.0689757897739759  0.138488823210237 0.252305519280275 1776585370.34534
0.0230255943462787  0.097569152850524  0.138123743099693 0.17066952273572 1776585370.36206
 0.0205177818719417 -0.0565039220647435  0.0120666899255798 0.0613129479588388 1776585370.37929
 -0.057851338822033  -0.096684093149431 -0.0620955808119148 0.12864856170202 1776585370.40021
0.00241086129063373 -0.0783293766851805  0.0169297798756092 0.0801743160288141 1776585370.42719
0.0870525737200901  0.040540821047243  0.146918530986189 0.175518556026467 1776585370.44572
0.162920618747795 0.138542478828113 0.256053983885799 0.333617729020494 1776585370.46201
  0.194798878647314 -0.0199304032648735   0.273707900141945 0.336540991109054 1776585370.47778
 0.161607522006734 -0.069335625283271  0.237567763882077 0.295572093639622 1776585370.4976
 0.0317774844678651 -0.0108027588207164   0.261156543964956 0.263304478831949 1776585370.52403
 0.0274839018057178 -0.0166766366539192   0.100897157705196 0.105894813383566 1776585370.54354
0.0785427307949462  0.114646898943853 0.0979489935718495 0.170020226267076 1776585370.55872
0.0233854776223653 0.0781866332224249 0.0478712775014267 0.0946133679133279 1776585370.5757
 -0.073127033246975 -0.0519862493953109  -0.164406719640467 0.187295762313606 1776585370.59573
 -0.180124868070569 -0.0997068017407741  -0.240050815266247 0.316244855010803 1776585370.62515
 -0.174536236315803 -0.0585135535639536  -0.284654338857385 0.338990894226235 1776585370.64421
-0.0419129712645633   0.224224254641394 -0.0805797469762788 0.241922113814496 1776585370.66114
 0.017954730641121  0.121124500770762 0.0661206394217927 0.139159821776647 1776585370.6776
0.265011074430801 -0.01247674119412  0.29422813125988 0.396177651901863 1776585370.69839
 0.144498412111433 -0.122012315617856  0.142159457725134 0.236592704210973 1776585370.72583
0.0830689309643127 -0.075917388758412 -0.121058332408967 0.165284654620717 1776585370.74572
0.0686562531802996 0.0555458144301098 -0.151296840395056 0.17518490949562 1776585370.76258
0.0246094710349532 0.0195630153603039 -0.115322059964996 0.119530394248399 1776585370.77779
-0.0211351356659977 -0.0761442138179509  -0.166500980547499 0.184301958157944 1776585370.79825
-0.0766997507987221  -0.127102929396021  -0.172195967015301 0.227353155883024 1776585370.82536
0.00513486907870716 -0.0485866885168896  -0.165694394908299 0.172747404280123 1776585370.84545
0.00227960803821839   0.108223706427695  -0.056587409634365 0.122146232749452 1776585370.86063
0.0701501845567741 0.0925224047835369  0.018639361473297 0.117596214124479 1776585370.87791
 0.0140407504701014 -0.0432363372381427 -0.0675488206889183 0.0814209230357756 1776585370.90163
 -0.117911454815215  -0.138436861029997 -0.0191113793785187 0.182847260001972 1776585370.92607
 -0.0603281564968284  0.00257909615000067 -0.00179520740101115 0.0604099410103123 1776585370.94569
0.0876687510552867  0.133977144138851 0.0858906213420146 0.181694479546611 1776585370.96201
 0.0395229686736583 0.00547656700433728  0.0762215359059261 0.0860336002663515 1776585370.97855
 0.0438687313563991  -0.104079489079508 -0.0185902769195691 0.11446660663188 1776585370.99824
  0.0863560640264131   -0.137930414190932 -0.00356588015931304 0.162772492929016 1776585371.02601
 0.132864378644749 0.0286115860769394  0.163212751008825 0.212391073405551 1776585371.04584
0.144144908516401 0.145449352393732 0.257477896120468 0.328980448892605 1776585371.06196
 0.126170730173806 0.0801994386941154  0.290299649920827 0.326534668700886 1776585371.07929
  0.104953896441275 -0.0183246851562068   0.212232161298305 0.23747337693651 1776585371.0981
 0.0440673288197511 -0.0140393851782087   0.220128767330973 0.224934897275065 1776585371.12584
-0.021358444161797 0.0582667378372712 0.0705814753389247 0.0939837248475986 1776585371.14601
0.028426704546728 0.122191934961871 0.122624947437958 0.175430397124543 1776585371.16304
-0.000282712236746148    0.0866196107521052     0.131923995778184 0.157819446061432 1776585371.17952
 -0.039293470731967 -0.0293605887329977 -0.0210564869234378 0.0533797401124161 1776585371.19781
-0.155664718583827 -0.129081938551344 -0.187983761275275 0.276100608429526 1776585371.22549
-0.239245761080934 -0.107956688474929 -0.218312733577264 0.34139951731607 1776585371.2456
 -0.151971411106472   0.148912372250091 -0.0268903614174703 0.214460476405337 1776585371.26177
0.0785973044768322  0.152844728298468 0.0824238203836559 0.190611472388976 1776585371.28006
   0.200361133600985 -0.00293942035388431    0.213094292731243 0.292510515442638 1776585371.29764
  0.116066518798428  -0.202378864935111 -0.0345911401079738 0.235849928412919 1776585371.32428
0.0789229827901202 -0.108338458751578  -0.13495615516956 0.190208366470319 1776585371.34561
-0.0243809687569684   -0.05691439030203  -0.154347296314242 0.166303239116069 1776585371.36251
0.0229944558917911 0.0796279731617031 -0.119371704015402 0.145323648561207 1776585371.3797
-0.00143727591693702  -0.0507589979908676   -0.128631728666061 0.138291949363358 1776585371.39726
-0.0133636524543252  -0.109657561161766  -0.155231550957673 0.190526119835552 1776585371.42402
-0.0101888013036197 -0.0648833862972879  -0.178178245334473 0.189897742482314 1776585371.44544
-0.0262741031201388  0.0448930049100357  -0.106092540499381 0.118158103971894 1776585371.46166
 0.0699693407581273     0.1241350358196 0.00966478041669446 0.142823750631901 1776585371.47931
  0.019484922111758 -0.0351922416195438 -0.0474497969779499 0.0622064248543372 1776585371.5033
 -0.012747519290628 -0.0802181903430067 -0.0701000587725635 0.107291544633716 1776585371.52368
-0.0595896794497722  0.0142352702167538 -0.0514405390644572 0.079998136692754 1776585371.54443
-0.0614176865762131  0.0934259823004094   0.068066825825826 0.130895527697373 1776585371.56191
-9.1911464163598e-06    0.205141082295135    0.218344518471311 0.299595047482706 1776585371.57966
0.0070224329140817 0.0517482854206597  0.164436199064919 0.172529600854255 1776585371.59712
-0.0543856196842426  -0.150458850937072 -0.0939241383630704 0.185519285307454 1776585371.62369
 -0.0091933951589463  -0.0477158423736977 -0.00637620618533743 0.0490099595316915 1776585371.64535
-0.00602346801010703   0.0884510390345215    0.168059374997675 0.190010057622654 1776585371.66195
0.104143514939662 0.162945448119243 0.322579104386827 0.376104200127805 1776585371.67947
 0.154752451828971 0.0416235874395624   0.26766360627096 0.311968989645433 1776585371.6958
  0.164874361497651 -0.0172398959000515   0.255151185198714 0.304274376834808 1776585371.71897
  0.11414075931959 0.0151324544453877  0.281425807284121 0.304068395465747 1776585371.74142
0.0779036318207133  0.118181254973332   0.24764250316673 0.285241291282684 1776585371.76207
-0.0190306794568978    0.16136971461156   0.226749958878376 0.278958590844147 1776585371.77892
0.00917234880920279  0.0319882600059715  0.0533310177460366 0.0628615797981199 1776585371.79428
-0.00829543536536651  -0.0924154042521135  -0.0759499315420043 0.11990751974842 1776585371.81729
-0.0723363439435474 -0.0223837534873378 -0.0975975334011908 0.123526748525563 1776585371.84385
-0.0454308752727352  0.0386360612336633 -0.0797558721156521 0.0995876939818694 1776585371.86198
-0.0150548332540657   0.112561896399752  0.0036366945923416 0.113622418883661 1776585371.87994
-0.0125997466517339  -0.028724553772596 -0.0378445179231683 0.0491534448636069 1776585371.89758
0.00912643400734993 -0.0626479505425337 -0.0647321233185445 0.0905444934504441 1776585371.9184
 -0.103175526848958 -0.0954293441632875  -0.244458940062377 0.281978939717874 1776585371.94372
-0.0938674435219002  0.0343842183375206  -0.269965891583518 0.287880103589156 1776585371.9619
-0.0568202932256057   0.179143049012034  -0.154350357743339 0.243197061386582 1776585371.9804
  0.0188329807471026 -0.00647382074006264  -0.0705282816107978 0.0732859469869033 1776585371.99814
 0.0852510262874225  -0.103855125515331 -0.0541801728307044 0.144876208215252 1776585372.01851
 0.0622170254771738 -0.0990937580095029 -0.0113805544453525 0.117558700890903 1776585372.04375
0.0826500730331865 0.0258853560749745 0.0189742919709514 0.0886629008510222 1776585372.06175
0.0603294585504782  0.129078510619493  0.115662681676315 0.183517741391117 1776585372.08129
  0.0732519045335878    0.010268560023702 -0.00539094997818854 0.0741643255509384 1776585372.09943
0.0586072395710689  -0.05907800128392 -0.119117645760233 0.145306683594747 1776585372.11939
 0.0217678983973059 -0.0643080692623736  -0.103786411820438 0.124020113092398 1776585372.14376
0.00196778744755207  0.0341958212547274 -0.0213426812887682 0.0403576067590478 1776585372.16183
-0.0267952592204545   0.148545155977048   0.173712109034256 0.230129411649329 1776585372.1812
-0.0160408336178073  0.0601634225615617   0.116747790387365 0.132313991390961 1776585372.19947
-0.0594366016836526 -0.0641044947239896 -0.0917662758023622 0.126740464091601 1776585372.21804
-0.0484745065554526  -0.175375539328794  -0.172078684943494 0.250434485230254 1776585372.24312
-0.0495746478279992 0.00481049843310054 -0.0171799545402224 0.0526871658039139 1776585372.26227
0.0294355081908005  0.165437043902193  0.153154194904051 0.227358905816893 1776585372.2804
 0.070692584666478 0.0261044316073618  0.221403831722194 0.233877189092139 1776585372.29962
 0.111753945877134 -0.113357895961765  0.200268522354998 0.25582501449671 1776585372.31966
 0.0678145236686482 -0.0721441626003096   0.253267638818094 0.271933974872943 1776585372.34368
0.0666329664297831 0.0398707815935433  0.186140448148044 0.201687624501027 1776585372.36198
-0.00290451636134758    0.120887859986607    0.188256584114781 0.223747295782542 1776585372.38147
0.00194289766368191  0.0185239540540233  0.0267180004785169 0.032569360980792 1776585372.39951
-0.0270559056111876   -0.10838150125087  -0.157808925266046 0.193344844088117 1776585372.41914
-0.0596773086534664  -0.111403359062089  -0.221128416745055 0.254695634573137 1776585372.44658
  -0.090833579653821 -0.00268950452613779   -0.147674701879343 0.173394896702516 1776585372.46189
 -0.176527360593095  0.0787183401582172 -0.0820389607172469 0.209973515450867 1776585372.48137
-0.0930477788841325   0.112057386060625  0.0409796864175919 0.151307903378821 1776585372.49941
 0.0218826383576182 -0.0521119251656053 -0.0619201323001877 0.0838367782660373 1776585372.5185
-0.00300574425503053    -0.12680078427579   -0.190012703272246 0.228456343305037 1776585372.54255
  -0.0643669271267032 -0.000293627124471976    -0.208668049524937 0.218370195807862 1776585372.56214
-0.0330766374969332  0.0857199346476463  -0.117318238233698 0.149015234678737 1776585372.57989
0.00751426036107052  0.0841123575763514  -0.025403791113658 0.0881856303984517 1776585372.59947
-1.03988467520001e-05   -0.0381915049632322   -0.0975150701552924 0.104727169669022 1776585372.61812
-0.0101611718259526  -0.116451289307467   -0.11786823721876 0.166003233520633 1776585372.64568
 -0.0597218587469063 -0.00554383515726815   -0.052645782642405 0.0798060959480398 1776585372.6624
-0.0206783586060367   0.147613823072626  0.0747887054658069 0.166765661159627 1776585372.68127
-0.0174912395274271  0.0357357789844566  0.0652770287048608 0.0764465815871905 1776585372.69833
 0.0188393688070855 -0.0357992789566687  0.0195538914824526 0.0449317801002175 1776585372.71745
0.00839314236980523  -0.114044188030948  0.0243010599440356 0.116906215304754 1776585372.74236
-0.0636805361236239  0.0406629307554966 0.00648383478204561 0.0758335330318939 1776585372.76193
-0.0532567491877822  0.0728910944026167  0.0319867792830088 0.0957734150281875 1776585372.77949
-0.0112303678577496 -0.0287917714547182 0.00022490301205229 0.0309053045137227 1776585372.7973
 0.0933994500738002  -0.132807254576053 -0.0916382712074061 0.186437112432045 1776585372.81588
  0.106972404286514  -0.102211908603126 0.00447315113107367 0.148021547823864 1776585372.84166
 0.0619105092826554 -0.0010822105660715     0.1234289657158 0.138089796570997 1776585372.86191
0.102072305527864 0.173914313485423 0.267403621246109 0.334917363906998 1776585372.87915
0.141038340058109 0.102439696636042 0.333942842935068 0.376700845712863 1776585372.89617
 0.127114339256149 0.0432428589390393  0.195926177540394 0.23751856167327 1776585372.9154
 0.0650384632415769 -0.0370735653609672  0.0520244163337225 0.0911646359300818 1776585372.94212
-0.0769857046318571  0.0022211207405855 -0.0389239737741907 0.0862948887790099 1776585372.96191
 -0.11532398806113 0.0714342019080361 0.0195750957693705 0.137060759515412 1776585372.978
-0.0679760394677122  0.0279316287811198 0.00717747659575818 0.0738405985780512 1776585372.99554
 -0.104978312107591 -0.0344588755185604 -0.0918771701942742 0.143698554334656 1776585373.01386
  -0.11526793746292 -0.0770832646260706  -0.197403357305258 0.241239740854934 1776585373.04437
-0.0772370400628067  0.0347585599496712 0.00354641005142767 0.0847720170321042 1776585373.06189
-0.0435256745179044   0.186717602751937   0.153368836827771 0.245519749978636 1776585373.0795
0.0985044193508209 0.0264084855134025  0.132577166815325 0.167263964736976 1776585373.0968
  0.13521906286101 -0.028485235535184  0.080326062807996 0.159837041923137 1776585373.1141
 0.0959927207084043  -0.101724687928034 -0.0592708862418965 0.151906393937048 1776585373.14238
-0.0201754762853809 -0.0340171535916384  -0.069125204519333 0.0796398799701425 1776585373.1624
 -0.0448873502488886 -0.00215176009129712    0.012849891319161 0.0467399613903472 1776585373.17947
-0.0346756072841462  0.0455881745437376   0.071296811701097 0.0914544408844988 1776585373.19571
 -0.0427738204815054 -0.00550077828913837  -0.0372290213749764 0.0569724346759795 1776585373.21395
-0.056559629914619 -0.100698155014976 -0.160481297285701 0.19772040091503 1776585373.24146
 -0.130762703172663 -0.0140438943299096  -0.117263206037463 0.176200950619331 1776585373.26196
 -0.140446817020821   0.122516229179302 -0.0428996039877116 0.191248296321556 1776585373.27837
-0.115552898522106  0.164411957279195 0.0778966998114783 0.215526471447838 1776585373.29532
-0.0256574338255509  0.0520080415279644  0.0391078111471506 0.0699468454385771 1776585373.31256
0.00645196998436311  -0.162057895691896  -0.155917251863253 0.224976840811123 1776585373.33984
 0.065001673428192 -0.123790767381177 -0.100099590841998 0.171957261329731 1776585373.36173
0.0113744503172153 0.0197966073979668 0.0605139625916608 0.0646778436022178 1776585373.37787
0.0437273487083473  0.203823839668589  0.237942317889613 0.316342828723823 1776585373.39598
 0.145580266671704 0.0122396053602022  0.305327311725912 0.338479230189018 1776585373.41173
 0.145884243429932 -0.100943879205958  0.220546266178466 0.283041577785903 1776585373.43722
 0.0417573065381459 -0.0305949632462357   0.127489851927208 0.137598643778857 1776585373.46038
 0.0190938080429128 -0.0018609140804056   0.128251860043122 0.129678741940669 1776585373.47773
-0.00528182324023138   0.0150767989022372    0.104507883369082 0.105721829383364 1776585373.49519
 0.0228434762589949  0.0134597620451834 0.00619000537864109 0.0272269309415481 1776585373.51152
-0.118792253409284  -0.10069280991283 -0.153660298789939 0.21877415035239 1776585373.53747
-0.237797485221467 -0.100134671370418 -0.255440259267529 0.363076193715284 1776585373.56279
-0.257782917735712 0.0429056192586501 -0.192556867417774 0.32460910651128 1776585373.57932
 -0.115781309678486   0.214171872305784 -0.0157663816065304 0.243974345673461 1776585373.59541
-0.0675429993960151  0.0943064031838503  0.0571704602545763 0.12932214031095 1776585373.61236
  0.340356467675669 -0.0866194060172224   0.178143623909731 0.393802739105668 1776585373.63432
 0.278916547486239 -0.101517711006509   0.13274943514137 0.325150270859486 1776585373.66503
  0.131729151374924 -0.0230696258466594  0.0796823055893156 0.155672883903047 1776585373.67804
0.00831762134990344  0.0212167909879747   0.126231785599298 0.128272361560606 1776585373.69698
  0.038286015660192 -0.0609897784270186 -0.0565757183000895 0.091577202233309 1776585373.71245
 0.0423440006313374 -0.0888104329427618  -0.165991838832728 0.192960094185347 1776585373.73467
-0.0494972620509507 -0.0744007503675828  -0.250426824119969 0.265892919884328 1776585373.76236
 -0.0782510447412723 -0.00385413916422124   -0.240968168571918 0.253384566729511 1776585373.77948
-0.0910862156998138  0.0957909255153983   -0.09067457145446 0.160294971880155 1776585373.79625
 -0.0744670742108883 -0.00150649893031611   -0.143673020279595 0.161831861624397 1776585373.81346
0.00293761069920555 -0.0545089691871325  -0.162419597645045 0.171347550252819 1776585373.83632
-0.0517027394745443  0.0617860626252816 -0.0698731489972408 0.106644023530146 1776585373.86247
-0.0630479620419651  0.0368642013357734 0.00868847016639152 0.0735493329106511 1776585373.87965
-0.000633179484221671   -0.0164375986539707    0.0542302436113856 0.0566702292912115 1776585373.89717
 0.0801629086687498 -0.0781849440843754 -0.0649648797598534 0.129458151577734 1776585373.91355
  0.159143949249287    -0.0764296605272 -0.0414162127023114 0.181338336447552 1776585373.93529
 0.135375547776282 0.0216972702228675 0.0636853021375133 0.151172511321335 1776585373.96245
0.122296226594777 0.076590995125102 0.251327666841908 0.289807080130509 1776585373.98052
0.0986455843598278   0.13722165662148  0.370830385735098 0.407524121180669 1776585373.9973
0.107438165138637 0.102068643428121 0.318356490952827 0.351157831510863 1776585374.01372
  0.122555214495843 -0.0347852576111213     0.1223008733872 0.176599259280627 1776585374.03517
 0.0689288264352145 -0.0466378105219935  0.0365134539812968 0.0908817957880761 1776585374.06241
 0.0170147389672822  0.0411448867318915 -0.0678496121028503 0.0811540073490655 1776585374.07998
-0.0464289258755856   0.124053289579825  0.0595726945743104 0.145236943483332 1776585374.09742
 -0.0476763338878338  -0.0248264008821887 -0.00400459604666078 0.0539019460060978 1776585374.11366
-0.0673930758205762  -0.119425340431413  -0.204985114085523 0.246623469285411 1776585374.13522
-0.0526214257433583 -0.0223278798670083 -0.0355602355641857 0.067320717613523 1776585374.16244
 0.0318645556847983 -0.0491618993772647 -0.0526020866962746 0.0787351369095926 1776585374.18124
0.0397841899738013  0.125102079127635 0.0608539754076122 0.144694568995657 1776585374.19771
  0.0420228093706371 0.000475587955949367  0.00508835253088622 0.0423324228314814 1776585374.21415
 0.0446753084750585 -0.0873951052644754  -0.185192259470709 0.209594753224876 1776585374.23414
-0.0252111682367075 -0.0516065414194304  -0.211723463098612 0.219375620677422 1776585374.26194
-0.0389344717465429 0.00127073026553842  -0.103898053969866 0.110960864561859 1776585374.28131
-0.0175674486700873  0.0878703685812327  0.0730166941114037 0.11559089300778 1776585374.30163
-0.0192004162258633  0.0511567780297267  0.0805970938197363 0.097373320030779 1776585374.31501
-0.0160841255729651 -0.0758136845021498  -0.119385421878429 0.142335142569672 1776585374.33393
-0.0915594902197217 -0.0715296295494734  -0.186969578348843 0.220130078318989 1776585374.36152
 -0.098132731194853  0.0355464059151631 -0.0843446103520817 0.134192373854446 1776585374.37996
-0.114637854226531  0.207419727214072  0.196130778539196 0.307623248714421 1776585374.39769
0.00763322574379028 -0.0542385838474912  0.0644604008320243 0.0845886126406045 1776585374.41646
 0.127601794754277 -0.182302110528424 -0.154483865157377 0.270890276904862 1776585374.43505
 0.0647815807203721  -0.109676934751699 -0.0779478098405611 0.149337015759988 1776585374.4629
0.0354321806492849 0.0577787250380269   0.14378851341413 0.158962124678896 1776585374.48114
0.0309254089413072  0.153586850141041  0.350487793047446 0.383910138612804 1776585374.4991
0.0813613759150548 0.0950160316506493  0.342187601979011 0.364335113198788 1776585374.51613
  0.155392652359989 -0.0316807467804492   0.226830939716793 0.276772146967218 1776585374.53578
 0.0658227814445917  -0.135692898556158 -0.0203715180648781 0.15218475621409 1776585374.56238
-0.0697829350309426 -0.0416991458552002  -0.142485081664145 0.16404412602536 1776585374.58155
  -0.173143968555911   0.0958699519168814 -0.00202883511875381 0.197924222114865 1776585374.59942
 -0.220936363197197 -0.0711935550125235  -0.059946246673511 0.239739340426986 1776585374.61624
-0.230606640637836 0.0913957960986382 -0.162850118302712 0.296736878870792 1776585374.63528
   -0.21547285021788 -0.00614469615784137   -0.216751872823098 0.305692134089527 1776585374.66191
 -0.091418304355251   0.165973401357198 -0.0656400899949244 0.200532036701891 1776585374.68148
-0.0462711472590077   0.436645768500098   0.254151242042624 0.50733953132938 1776585374.69934
0.0566819770133257  0.333620487561249  0.377688809662475 0.507113708336703 1776585374.71718
0.152339865396044 0.166755646689272 0.325633050714308 0.396297570026803 1776585374.7355
 0.128378013145221 0.0409250540784177  0.084801728883781 0.159207749598172 1776585374.76189
0.00212432596966245   0.188986645386326  0.0517785999210971 0.195962976873162 1776585374.78163
-0.0256339368197955   0.324323459585245  0.0368046765491733 0.327410124110591 1776585374.79956
0.0594491556469526  0.345002291690972 -0.010029707200634 0.350230464702442 1776585374.81742
 0.111500790068669  0.243630929091745 -0.115529451969261 0.29177990004173 1776585374.8363
 0.155441307556251  0.195672906978849 -0.217276149186777 0.33114771873861 1776585374.86251
  0.10616400084573  0.324376487217686 -0.178631733344951 0.385227460979977 1776585374.8814
0.00538976097190642   0.437749055118103  -0.228061653242182 0.493624758758799 1776585374.89813
0.0468489513677473  0.437968177067227 -0.343361034283654 0.558487017066814 1776585374.91544
 0.143344344557321  0.378838622331082 -0.425303490355651 0.58732389853894 1776585374.93336
 0.216127580853527  0.229651436370078 -0.468419592912853 0.564683830525614 1776585374.95658
 0.168905180480229  0.436639082553097 -0.543619891572838 0.717429602762204 1776585374.9815
-0.0796043109235437    0.63907151992824  -0.600717782340983 0.880687860664419 1776585374.99775
-0.0501197140013783   0.610407606593562  -0.796466967897594 1.00472337629362 1776585375.01628
0.0350474916137012  0.632336372917683 -0.945583154968122 1.13807078784343 1776585375.03634
0.190614338023629  0.47806098230273 -1.00241678274844 1.12681654895381 1776585375.06239
0.0855093449085416  0.755384968387213 -0.879085133317901 1.16220005599406 1776585375.08169
 -0.11188559189343  0.936668640557778 -0.780620760653059 1.2244326440602 1776585375.10101
-0.0017090651896826   0.821023428070665  -0.631742133202799 1.03594426163204 1776585375.11817
 0.204022635993459  0.647970256894311 -0.640187904259018 0.933451253455129 1776585375.13738
 0.322709040644269  0.470366227504125 -0.629641063075478 0.849607780802897 1776585375.16251
 0.168205711884541  0.599497231778273 -0.332723134492767 0.705970804387185 1776585375.18333
0.0800902466632802  0.575495279711121  0.108861750103907 0.591151541667661 1776585375.20026
0.224426177906828 0.416269275038561 0.294134367284418 0.556922117255907 1776585375.2178
0.260666474033281 0.356517570045747 0.195160117969224 0.482844964851068 1776585375.23636
  0.255218954178812   0.197097514104754 -0.0271927156456379 0.323610241529196 1776585375.26191
 0.149436603796459   0.22011319862696 0.0408839295336764 0.26917023323192 1776585375.2832
0.187981632412065 0.155410688054841 0.245087133672541 0.345770558575778 1776585375.30129
 0.175084533763531 0.0966358280282787  0.406013887927965 0.452592923511058 1776585375.31927
    0.11743598668735 -0.00470163551033108    0.323582636403999 0.344265942154994 1776585375.33791
0.0481949473441232 -0.116276196915656 0.0744004000813825 0.146213290951749 1776585375.36251
 0.0268081458914346  -0.123707815416041 -0.0444907929010576 0.134170529305472 1776585375.38389
0.0635644532221938 -0.178177258634659 0.0276170657193877 0.191181268765922 1776585375.40141
-0.00273854001045993   -0.193707706478579    0.144911402473614 0.241928687256079 1776585375.41947
0.00135493857234227  -0.229524326809476  0.0140716477821332 0.229959265364938 1776585375.43828
-0.0407041516077201  -0.257310178349138  -0.141686876117476 0.296547680321561 1776585375.46246
-0.0380232063946476   -0.27164693697779  -0.191503697158166 0.334531745308561 1776585375.48329
 -0.119363007655249  -0.247874224518802 -0.0981191866000159 0.292089940868139 1776585375.50112
-0.138876887730077 -0.239791087392922 -0.103118293827991 0.295668628807096 1776585375.51838
-0.123379997677508 -0.204176076787688 -0.192222190486581 0.306365573579626 1776585375.53734
-0.0436228092917284  -0.237868563203658  -0.210121290885235 0.3203675385153 1776585375.56132
-0.0528823609735066   -0.16019819895582 -0.0891328959790017 0.190800105336512 1776585375.58214
 -0.169058930351785  0.0105552601156301 -0.0146617167879293 0.170021473311366 1776585375.60043
 -0.208027523825194  0.0416269206834164 -0.0438960152587161 0.216645127685851 1776585375.6185
-0.0723873645302825 -0.0268884590939134  -0.117886919573361 0.140926383557449 1776585375.63756
0.0136963468358849 -0.136050189771974 -0.153455765694368 0.205538113444888 1776585375.66184
-0.0236938944837038 -0.0623726988979157  -0.112528361244198 0.130821964088297 1776585375.68355
-0.0814047958153168   0.112381272933645 -0.0808494929083024 0.160601780162766 1776585375.70169
-0.0889709138079608  0.0856879516707945 -0.0476429014490658 0.132393710665746 1776585375.71982
-0.0391918167814629  0.0186402764792017 -0.0629366116008742 0.076449169319569 1776585375.73832
 0.0193007087497198 -0.0163671331117808 -0.0883904515722034 0.091941678980092 1776585375.76188
0.00210799387596927  0.0384215316698657 -0.0547869007933617 0.0669496992717762 1776585375.78375
-0.0372046937164738  0.0979895404760705   0.071225778533925 0.126725099348992 1776585375.80203
0.0184360418222443  0.111264471893965  0.156642642410613 0.193019656422069 1776585375.81995
0.0395035803694287 0.0839347006018863  0.090823088618581 0.129824497893698 1776585375.83903
 0.0546476392724545 0.00599184461676953  0.0429723469503353 0.0697774267394822 1776585375.8615
-0.0586163602757083   0.067148065652113  0.0306124736325719 0.0942436414549917 1776585375.8842
 -0.10983932684969  0.135736614109331 0.0837867982437651 0.193673265301641 1776585375.90234
-0.0247822227097508   0.148406278746326   0.198495410948111 0.249076314211583 1776585375.92039
-0.0119463983979957  0.0762030795657453   0.141311164930161 0.160992146093858 1776585375.93864
0.000818079883533614  -0.0570155818943087   0.0463224749335161 0.0734657574480022 1776585375.96154
 -0.083391142160791  -0.039172786690633 -0.0621381690741658 0.111129392439087 1776585375.98559
-0.0885549277355686 -0.0309670559428361  -0.137022938556237 0.166060890852135 1776585376.00443
-0.126769102165681 -0.137439513048172    -0.140012887584 0.233588599251807 1776585376.02208
-0.0876914577606491  -0.130694929629907  -0.162992335766214 0.226577708333544 1776585376.04039
-0.0134566730157557 -0.0889387876197602  -0.125366553107369 0.154298291079158 1776585376.06205
  0.151089601811693 -0.0493928969097784  0.0425447966804457 0.164553291566399 1776585376.08569
 0.182063024377012 -0.102723285580515 0.0932403606522032 0.228894698716055 1776585376.10406
  0.115221787923643 -0.0450798660253901   0.132991134489926 0.181644974018291 1776585376.12232
   0.114941390184275    -0.06454349984229 -0.00082770879059503 0.131825914186959 1776585376.14107
 0.0623020729054381 -0.0901044807395475  -0.089376195607179 0.141380585933397 1776585376.16184
-0.0114776511335435  -0.059023555829892  -0.144766590622823 0.156757399758045 1776585376.18739
-0.0666160477077614  0.0510001627917619 -0.0934629749629418 0.125594753496762 1776585376.20537
-0.0206033594582709  0.0189196674684051 -0.0183331637469331 0.0334448371360006 1776585376.22356
 -0.058845041899784  0.0612585469607664 -0.0602643840160962 0.104149625600725 1776585376.24121
 -0.0530088513982528 -0.00752375900825983  -0.0760324826391966 0.0929918474515705 1776585376.26159
 -0.128141817775448  0.0416890243841306 -0.0514564304612714 0.144243074193225 1776585376.28764
-0.184537471545822  0.166152578784477 0.0522145151101567 0.253746159437824 1776585376.30554
-0.0657227056105996  0.0706053094375709   0.167208922638586 0.193037321685495 1776585376.32381
-0.0566834265120741 -0.0166281474244457  0.0150697074863167 0.0609639418971735 1776585376.34141
0.0491388819333547 -0.129768555736668 -0.193426437078637 0.23805103305085 1776585376.3627
0.00542613214025222 -0.0500913679155197  -0.159310493812303 0.167088065068607 1776585376.38729
-0.0599611121780998   0.139324218190036   0.121407980209109 0.194284508920178 1776585376.40525
0.0266905143740098  0.106554056160017  0.233385183123705 0.257943393292766 1776585376.42389
0.0899712762486649 0.0160621158524497  0.195067166674358 0.215415927057014 1776585376.44196
  0.16264717023065 -0.067005188659314  0.139127122836955 0.224276957354512 1776585376.46141
  0.119773693192083 -0.0368175905136246    0.12216254384749 0.174999884775362 1776585376.4863
0.0871350133251284 -0.103185826818523  0.229587075919475 0.266364507456695 1776585376.50506
0.0263390522590425 -0.163017090606202  0.338395016856409 0.376536193395621 1776585376.52361
 0.100678406095614 -0.289307915663516  0.407337837568491 0.509665895891118 1776585376.54139
0.0935202106431882 -0.397949813260983  0.408265582503168 0.577746371282286 1776585376.56205
0.0331299204416525 -0.464870968722821  0.498779471107655 0.682629892392793 1776585376.58582
0.0610168286308189 -0.661364249224237  0.487528259146056 0.823898978633962 1776585376.6051
0.0731384348845915 -0.635619250166533  0.964840136761072 1.15770356799345 1776585376.62377
0.0892610709986434 -0.734316829282293   1.02915947802061 1.26742178289734 1776585376.64191
 0.191958664924428 -0.716449788124079   1.09417107058526 1.32187698355342 1776585376.66186
 0.122210060150533 -0.808097350435745   1.07992866857402 1.35432734440065 1776585376.68726
0.0723749203188622  -1.09415006228291  0.726782882852099 1.31552873275032 1776585376.70558
-0.152143307448641  -1.03112335422792  0.864998411576382 1.35446860785524 1776585376.72408
-0.232508969716781  -1.20492090232461  0.697644745083264 1.41159590258678 1776585376.74338
-0.265204231923806  -1.24505144980203  0.415739384911893 1.33915108686486 1776585376.76213
-0.324219811246873  -1.17443765916228  0.488507666638701 1.31265457818434 1776585376.78578
-0.279865522516995  -1.24902859805411  0.634735157079735 1.42873575901345 1776585376.80536
-0.205722663784447  -1.17395012704787  0.912955745803708 1.50132238675985 1776585376.82377
-0.278139736506089  -1.27905179962771  0.982495196792639 1.63665269097484 1776585376.84158
-0.276090738360329  -1.32051118525915  0.995223994749516 1.6764386913717 1776585376.86234
-0.130493595442309  -1.26009661554255    1.0841981329152 1.66744044882271 1776585376.88575
-0.109954445086287  -1.33054507081193   1.18465047498752 1.78489128894291 1776585376.9056
-0.182932789432347  -1.16562289422853   1.30702990075646 1.76081466897304 1776585376.92424
-0.318929587773717   -1.1915150442003   1.24131122109249 1.74993649316862 1776585376.94319
-0.331247110839807  -1.38292808135258   1.00523789185242 1.74147005310144 1776585376.96235
-0.26967204444508 -1.26550629661993   1.0259337212878 1.65129318984101 1776585376.98807
-0.278919366892559  -1.12600227009013   0.89490596788327 1.46510539444402 1776585377.00737
-0.504173819288037 -0.755629191293075  0.734300373325977 1.1680598242626 1776585377.02448
-0.654484851841521 -0.764901836126597   0.44191655398044 1.09941597263356 1776585377.04343
-0.458089075086698 -0.921864497198853  0.120338654302058 1.03641745625434 1776585377.06187
-0.391194703883348  -0.97643058885798 -0.137482883330072 1.06082587374775 1776585377.08601
-0.302902373068872 -0.557349116788324 0.0139792958942419 0.634494528194828 1776585377.1054
 -0.71363807787895 -0.116220359622225 -0.193243626231153 0.748418049801344 1776585377.12383
-0.698367280228035 -0.149150097945699 -0.395403257726911 0.816275900680259 1776585377.14182
-0.294920262384381 -0.147931314578436 -0.242550280114567 0.409502470543745 1776585377.16146
-0.000794359448678117    -0.363113395400986    -0.265161693371866 0.449625057751903 1776585377.18528
 0.123655776430284 -0.136135803857945 -0.105405983448474 0.211976719201343 1776585377.20422
 -0.189689193428918   0.144684749570051 -0.0810615004997308 0.251965540749385 1776585377.2238
  -0.2220281353027  0.154126892638203 -0.110444924841414 0.291975466989143 1776585377.24346
-0.0904342807991976   0.157410647857576  -0.238703257715089 0.299892841605808 1776585377.26241
-0.0706804154667108   -0.05667560210895  -0.289778145877125 0.303610307520913 1776585377.286
0.0134097339341911  0.117603189223625 -0.160244450424564 0.199220016493383 1776585377.30563
-0.0689900384414186   0.268189892636912  0.0698604535643938 0.285597491041097 1776585377.32426
0.0183990318559576  0.336121570069436  0.206068699739159 0.394690439777007 1776585377.34379
0.0108645888501572  0.259576982565594 0.0857750476018185 0.27359752915521 1776585377.36235
0.00477842261908654   0.121062608416195 -0.0238921191826795 0.123490168994536 1776585377.38582
0.0373632202172719  0.199599820937939 0.0210716701355129 0.204157081742862 1776585377.40611
-0.0316573880303492   0.290434208420322    0.25072565015712 0.384990352196459 1776585377.42425
0.0146963984748945  0.364917036392614  0.459136964308375 0.586674679504759 1776585377.44377
0.0280296450487939  0.279964971824205  0.328370830485337 0.432427391319883 1776585377.46189
-0.0349134796357931   0.101638218942305    0.13319164890757 0.171141152119414 1776585377.48531
0.00690125817192187  0.0960765129299095   0.155586424516083 0.182990325413191 1776585377.50558
 0.127680352866573 0.0507568432731285  0.408048988419393 0.430560688634338 1776585377.52384
0.250410257616364 0.158681830654151 0.769280522080814 0.824425704446541 1776585377.54387
 0.266599137962097 0.0477973090453113  0.842222777137612 0.884702712465322 1776585377.56238
 0.201758212589851 -0.118979004082201  0.822263850716302 0.854973812437928 1776585377.58584
 0.147259953538215 -0.197875279213834  0.826848546264005 0.862854934794331 1776585377.60541
 0.191920090280165 -0.344127060595176  0.986156663503116 1.06196126099713 1776585377.62361
 0.198292570111875 -0.432840559625998   1.25559592326617 1.34282985368272 1776585377.64395
0.0499240699792896 -0.575789489607406  0.970971740772188 1.12996109246462 1776585377.66199
-0.136498390915051 -0.730606059460237  0.771114757283251 1.07099719595451 1776585377.68631
-0.178734965932443 -0.815857752856027  0.656129752848135 1.06210936984602 1776585377.70579
-0.0944510221571707  -0.870118315566155   0.879904898340787 1.2410719192675 1776585377.72392
0.0139105686086666 -0.818793779773068   1.20427561120266 1.45632980655194 1776585377.74412
-0.105612121677175 -0.939440563070503   1.08458552007615 1.43875927178463 1776585377.76236
-0.0617831561909847  -0.903609290809366    1.22601903647783 1.52428658284194 1776585377.78555
-0.0841282832950053   -1.05099237960918    1.18754686674494 1.58805859802542 1776585377.80549
-0.00920700776510963    -1.24236219360067     1.25249930271192 1.76417206994502 1776585377.8237
0.0433829730009069  -1.16332962883723   1.37139656796041 1.79887366268189 1776585377.84399
-0.0610998749622134   -1.29918710669063    1.27053425163129 1.81820725371995 1776585377.86197
-0.340707224255293   -1.3223327154652    1.2523909272714 1.85287027548099 1776585377.88523
-0.384167791775223  -1.39904811336474   1.13211064994792 1.84027037129667 1776585377.90504
-0.389809490258715  -1.45631661230848   1.04602913087957 1.83493500065536 1776585377.9232
-0.376113347616789  -1.35655609994626   1.08540826432663 1.77758735448514 1776585377.94385
-0.448166112266145  -1.39138110905224   1.04584057083228 1.79738052576798 1776585377.96347
-0.548062616098983  -1.29947657826412   1.04230801510225 1.75368697519502 1776585377.98399
-0.575479680209042  -1.35884266991296   1.12466857803056 1.85540013860056 1776585378.00524
-0.444659120486448  -1.45188334875892   1.17174151386066 1.91798466290523 1776585378.02355
-0.327786005146554  -1.45027473057493   1.24021149423611 1.93619859770363 1776585378.04373
-0.298856078203627  -1.41072608362395    1.4171298338532 2.02181107042498 1776585378.06192
-0.395491210171737  -1.13897793637807   1.47951628997153 1.90857341728587 1776585378.08213
-0.487874624333418  -1.05585402716864     1.686026659935 2.04830058188936 1776585378.10523
-0.419580884211204  -1.36077823886461   1.86621187007968 2.3474480351627 1776585378.12359
-0.392652601544389  -1.56252593171247   1.88063921644527 2.47638187992187 1776585378.14378
-0.453473509829508  -1.54031000480417   1.81648578798849 2.42442029214843 1776585378.16192
-0.592432965996405  -1.26765443944732   1.70967851634787 2.20928160864822 1776585378.18161
 -0.6221661485399 -1.02654073188742   1.6367602528609 2.02974400256737 1776585378.20426
-0.720148109776261  -1.11510604669976   1.48580549715116 1.99240878605905 1776585378.22266
-0.724860738536453  -1.29165587016015   1.44693372220857 2.07060744074175 1776585378.24351
-0.8334305310406 -1.3005275276993 1.18223650279553 1.94516360466581 1776585378.26186
-0.785511071531854  -1.10841885646199  0.643879806472599 1.50339655781262 1776585378.2814
-0.795311317315315  -1.10230524643266  0.367453678603656 1.40805509611029 1776585378.30403
 -1.03135123686947 -0.945128654126128  0.272667823926719 1.4252372745783 1776585378.32227
 -1.14478203179909 -0.578978295538267 0.0753092645717331 1.28507324785974 1776585378.34241
 -1.19589483566867 -0.532950246404029 0.0753285023059553 1.31143997437198 1776585378.36159
-0.944477911073335 -0.887806860562681  -0.29388707850541 1.32913850334721 1776585378.37974
-0.825387230570378 -0.945092592566361 -0.397646556578019 1.31627765796993 1776585378.40383
-0.979043375309135  -0.76807939812287 -0.288287343995401 1.27733374075275 1776585378.42168
-0.900270489903433 -0.184516915811676 -0.327167241343694 0.975485443776617 1776585378.44171
-0.869305897582102 -0.162138054440461 -0.195821206628746 0.905719292736055 1776585378.46148
-0.600016607600159 -0.444036048006331 -0.241369804644745 0.784504508539834 1776585378.47931
-0.422178189245849 -0.671383323369704 -0.169732972692949 0.811048255280188 1776585378.50239
-0.482072215636866 -0.513858855391058 0.0167685059293154 0.704787717787382 1776585378.52121
-0.395934069915759 0.0639333253543258 0.0876754849644631 0.410534101475959 1776585378.54145
-0.360449641888128 0.0321290774399887  0.130064563186475 0.384542601737848 1776585378.56235
 -0.216400899091226  -0.264074349839194 0.00461920911985181 0.341446845736458 1776585378.58005
-0.103148788825327 -0.477256430108091 -0.212038660027261 0.532328626002592 1776585378.60153
-0.216270470724393 -0.326362788602779 -0.119291616431373 0.409287278134494 1776585378.62061
-0.256826122018116 0.0896052071558572 -0.211412578046037 0.344505483637605 1776585378.64041
-0.193981330071101  0.156697453076228 -0.254177493639353 0.356074495702112 1776585378.66267
-0.0877083105466584  0.0227130461986618  -0.282163221240365 0.29635234709263 1776585378.68145
0.0874600361158445 -0.141580098888843 -0.365336999156205 0.401453988984068 1776585378.70213
0.0500512341780199 -0.107146958647293 -0.235444495367747 0.263476198524802 1776585378.72143
0.0134399015441082 0.0928730566006179 -0.173705685829517 0.197432775610737 1776585378.7411
 0.117758143594709 0.0919824717490252 -0.186293723509878 0.238816052456922 1776585378.76205
  0.188581675939512  0.0868384827326632 -0.0511911056509185 0.213832878391583 1776585378.78147
 0.395082600282609 0.0686175529158396 0.0564782846782297 0.404954844710396 1776585378.80138
 0.360353539431198 0.0645783830885325  0.197874044741361 0.416148024776314 1776585378.81973
0.340046612881372 0.130818684629347 0.254397587295922 0.444368495285425 1776585378.8391
0.316126194251865 0.131067926879205 0.164951970459611 0.379899624515594 1776585378.86043
 0.288472613849372 0.0204916732275788  0.173948161879333 0.337482326402366 1776585378.87902
 0.257777789947571 0.0188781243287333  0.201120160107862 0.327498231094822 1776585378.8975
  0.279949963384659 0.00576189052676669   0.283500026956762 0.398468877913947 1776585378.91724
 0.249311113927822 0.0623297541272042  0.340546403744222 0.426629678855811 1776585378.93517
0.328377455511023 0.100508625935049 0.204310759890693 0.399595575278754 1776585378.96062
  0.30536682397786 0.0540546855575341  0.190224322258695 0.3638077775362 1776585378.97833
   0.133895795120928 0.000925619549747771  0.00601700720305856 0.134034119157392 1776585378.99661
 0.0760414788893271  -0.104317380627135 -0.0589576182760167 0.141916958695439 1776585379.0157
  0.011000733855876 -0.0105852128182031 -0.0192955423451945 0.0246044880086878 1776585379.03814
-0.0314001400065536  0.0731200743308849  -0.104303388028126 0.131193409959232 1776585379.06186
-0.0695031484058164   0.093188280300745 -0.0998904629787166 0.153273767546288 1776585379.08048
-0.0409294683118695   0.223358301073785 -0.0773974881412749 0.239905237969993 1776585379.10366
-0.0401427505720007   0.154070465015583 -0.0803456567362308 0.178338367072204 1776585379.12129
0.0398678920358188  0.246144648002014 -0.148789740035759 0.290370493155423 1776585379.14191
0.0483569718745413   0.30330041076559 -0.196645669198032 0.364690355114846 1776585379.16144
0.0423878606825672  0.213975406661836 -0.230678710523385 0.317482082767003 1776585379.17975
0.0101200045952879   0.30546682165375 -0.344045948853245 0.460195619868967 1776585379.20343
-0.0272627016112532   0.341468055249379  -0.298910292031207 0.454632874237135 1776585379.22002
-0.181626426237239  0.479570473442309 -0.200534888773345 0.550627132750221 1776585379.24143
-0.130848779688845  0.453880043616719 -0.204151901350469 0.514593524992869 1776585379.26005
-0.10669347227091 0.345780043972167 -0.24653631338965 0.437866977122478 1776585379.27966
-0.100185012757143  0.216978562332178 -0.590973013930816 0.637468302339309 1776585379.30179
-0.163913279030682  0.285373323155799 -0.555834150594453 0.645954409829851 1776585379.31952
-0.222029214969897  0.527101770446195 -0.532594101416088 0.781530374055208 1776585379.34122
-0.122283367682549  0.652075539479503 -0.580248900666902 0.881387836269834 1776585379.35971
-0.0860517866858758   0.614760214400612  -0.605589204530594 0.867221607114188 1776585379.37944
-0.0406096765802815    0.42680446329979  -0.718771361480459 0.836925006084207 1776585379.40199
-0.110509441978535  0.439628678687175 -0.692226792028101 0.827444042514147 1776585379.41947
-0.144066437041961  0.541262071602856 -0.679793417122397 0.880817153784329 1776585379.44027
-0.0545180262049766   0.623395773517337  -0.689564725733368 0.931178831694697 1776585379.45965
-0.0462437767865539   0.629150623483325  -0.714565226778649 0.95319067202851 1776585379.47911
-0.042614329224328  0.616676266785234 -0.697229961225236 0.931791402569028 1776585379.50203
-0.068613787248373  0.602780403722323  -0.67783825572236 0.909679486320838 1776585379.52155
0.035913324233084 0.639013311602781 -0.68745298186298 0.939265341389389 1776585379.53977
 0.130959252838017  0.636465334034761 -0.742138607476383 0.986411759884713 1776585379.5631
0.0821943451557775   0.63207722379093 -0.713311859718654 0.956604064608823 1776585379.5791
0.0432912227741674  0.600050521141287 -0.703297763833003 0.925506619373257 1776585379.60235
-0.0223868566993464    0.58121774088727  -0.665440747582861 0.883813680714784 1776585379.62177
-0.102919920257147  0.616230443035245 -0.685155455618185 0.927238085538183 1776585379.63993
-0.098341038070674  0.688422064946104 -0.786547502050768 1.04988231352651 1776585379.66158
-0.0955187230537868   0.683755579985837  -0.833087628411289 1.08197990564869 1776585379.67948
-0.0488058916794299   0.592464193420961   -1.00715057066058 1.16950763466106 1776585379.70399
-0.108248191308064  0.652421424186845 -0.963249827388157 1.16842698343661 1776585379.72235
-0.321152018991575  0.994796498524973  -1.02749247259423 1.46577606544032 1776585379.74349
-0.165519751578948   1.11252555133217  -1.01362742410376 1.51411705142796 1776585379.76238
-0.165502902768127   1.18130094440958 -0.989885314035683 1.55007614878469 1776585379.77992
 0.124985684883502  0.893688257752153 -0.958952817331928 1.31677280855078 1776585379.80599
 0.120983002563666   0.99852962574021 -0.817311706195757 1.29603114371331 1776585379.82377
  0.09852061862596   1.18747762813775 -0.750420957331441 1.40816939422228 1776585379.84356
 0.112333951435805    1.2891376781333 -0.688618019217863 1.46584093482875 1776585379.86199
 0.146995963566095   1.33552132904058 -0.592606706831596 1.46847122634692 1776585379.87961
0.391614223268079   1.1358637891803 -0.42199091593721 1.27343024173703 1776585379.90538
  0.40326264973989   1.21764918523003 -0.320088386820006 1.32202378130789 1776585379.92347
 0.277345159461524   1.29208640998298 -0.140821398577894 1.32899898218053 1776585379.94202
 0.377212320060432   1.26749039714494 -0.187875630541983 1.33570891058327 1776585379.96143
  0.362221482891472      1.243532597623 -0.0122177486984877 1.29527101310975 1776585379.97916
0.511244697467976  0.98820724267962 0.197487783716513 1.13001155741472 1776585380.0038
0.420597428813214  0.88897113493336 0.203381834456629 1.00425895388388 1776585380.02397
0.396298296645942 0.796141738518966 0.268357848446637 0.928929460486309 1776585380.04163
0.440272123225851 0.698914420236668 0.258215527975329 0.865445647162278 1776585380.0614
0.428745573714976 0.659191129013182 0.272765904666336 0.832320221007697 1776585380.0804
0.358095805683214  0.61594183021429 0.262281988708147 0.75921590200439 1776585380.10349
0.257597681045402 0.578557475622682 0.199046577574591 0.663856052109956 1776585380.12401
0.279759542955573 0.577782823370943 0.219479980485101 0.678431908662137 1776585380.14156
0.308151326998645 0.575410741743532  0.24483252227841 0.697135371366333 1776585380.16145
0.328055812050431 0.573729482184132 0.236504069889671 0.701940388937492 1776585380.18023
