 -0.106602631318 -0.0543998078791  0.0679458314047 1776585315.7
-0.0978859120983 -0.0637969448374  0.0733557637887 1776585315.72
-0.0876646098809 -0.0743027685039  0.0783821053175 1776585315.74
-0.0774021712335 -0.0839732700921  0.0812061625566 1776585315.76
-0.0685249864971 -0.0910094367313  0.0803483844334 1776585315.78
-0.0621485261597 -0.0940509811061  0.0749799691013 1776585315.8
-0.0588553245039 -0.0923521848992   0.065078095333 1776585315.82
-0.0585761525235  -0.085827325674   0.051407530679 1776585315.84
-0.0606059695216 -0.0749861432825  0.0353514707215 1776585315.86
 -0.063756628595 -0.0607971308814  0.0186417105553 1776585315.88
-0.0666156699339  -0.044517190311 0.00304957705463 1776585315.9
 -0.0678535939598  -0.0275159805343 -0.00990345560909 1776585315.92
-0.0665086851105  -0.011110305218 -0.0191684179088 1776585315.94
-0.0621830932677 0.00358505856041 -0.0242944303613 1776585315.96
-0.0551055703095  0.0157855432965 -0.0254449318807 1776585315.98
-0.0460490919378  0.0251352597256 -0.0233092878145 1776585316
-0.0361266417887  0.0317608159937 -0.0189291910099 1776585316.02
-0.0265166168183   0.036262376076 -0.0134709653097 1776585316.04
 -0.0181839999506   0.0396277865025 -0.00798312571359 1776585316.06
 -0.0116619436489   0.0430680325323 -0.00318243499157 1776585316.08
-0.00694208344675   0.0477910205589 0.000690234070325 1776585316.1
-0.00349528922797   0.0547504348844  0.00391200170886 1776585316.12
-0.000414053721732    0.0644204900804   0.00720220021317 1776585316.14
0.00335976811821  0.0766499506902  0.0115348049183 1776585316.16
0.00877643718631  0.0906368376056  0.0178691005101 1776585316.18
0.0164484933032  0.105039902637 0.0268496795584 1776585316.2
0.0264995081005  0.118209650667 0.0385398836102 1776585316.22
0.0385198423186  0.128489196816 0.0522533240044 1776585316.24
0.0516301060697   0.13451356673 0.0665339378056 1776585316.26
0.0646265477317  0.135433382398 0.0793074151402 1776585316.28
0.0761646708562   0.13100845024 0.0881909329896 1776585316.3
0.0849331991526  0.121554709207 0.0909119876502 1776585316.32
0.0897815917663  0.107773418922  0.085759531993 1776585316.34
0.0897875051354 0.0905292998667 0.0719786922468 1776585316.36
 0.084278145296 0.0706603434232 0.0500274274707 1776585316.39
0.0728406913073 0.0488884125746 0.0216381394164 1776585316.4
 0.0553619020668  0.0258592427706 -0.0103365673927 1776585316.42
 0.0321208547227 0.00228654107945 -0.0422756624457 1776585316.44
0.00392530685116 -0.0208722434629 -0.0702868599869 1776585316.46
 -0.027756148824 -0.0423020045483 -0.0907736647869 1776585316.49
-0.0607402597971  -0.060356344784  -0.100985415021 1776585316.5
-0.0922275520028 -0.0732551502674 -0.0994636916997 1776585316.53
 -0.119094962261 -0.0794212991962 -0.0863100929142 1776585316.54
 -0.138367834881 -0.0778693578737 -0.0632238725287 1776585316.56
 -0.147792524856 -0.0685324864486 -0.0332927871909 1776585316.59
   -0.146381587929   -0.0524250312832 -0.000562674785088 1776585316.6
 -0.134786961586 -0.0315825192743  0.0305474526063 1776585316.62
  -0.115380511753 -0.00878160308451   0.0558880542937 1776585316.64
-0.0919812631171  0.0129006071728  0.0721724862094 1776585316.66
-0.0692495800341  0.0305920345884  0.0774266889141 1776585316.69
-0.0518499969719  0.0420917380085  0.0712318138968 1776585316.71
-0.0435458329454   0.046209516636  0.0547372849006 1776585316.72
-0.0464146318926  0.0429253992458   0.030461373956 1776585316.75
-0.0603567559808  0.0333540411899 0.00192589667931 1776585316.76
-0.0830130959674   0.019533410508 -0.0268130522787 1776585316.79
 -0.110124267808 0.00408174908002 -0.0516742947014 1776585316.81
 -0.136271724564 -0.0102196124641 -0.0690432711904 1776585316.82
 -0.155861588801  -0.020855688577 -0.0761988561615 1776585316.84
 -0.164161996437 -0.0259598439998 -0.0716375266773 1776585316.86
 -0.158194190891 -0.0245955909877  -0.055264999516 1776585316.89
-0.137307121955 -0.016896819806 -0.028432510655 1776585316.91
  -0.103327088889 -0.00404198008923  0.00619627589934 1776585316.92
-0.0602546821817  0.0119395376695  0.0449480920544 1776585316.94
-0.0135655639194  0.0285036919157  0.0835925477929 1776585316.96
0.0307550676575 0.0430189499222  0.117898083508 1776585316.99
0.0672643311856 0.0532122008221  0.144218622729 1776585317
0.0920017968942 0.0575534096852  0.160019383324 1776585317.02
 0.103138588654 0.0555073352313  0.164247596879 1776585317.04
 0.101210241545 0.0476050526396  0.157471853953 1776585317.06
 0.088888866764 0.0353238086591  0.141751221371 1776585317.09
0.0703421293002 0.0208024994725   0.12024528311 1776585317.1
  0.050310559277 0.00645215536358  0.0966282843479 1776585317.12
  0.0330926569398 -0.00546149049877   0.0744130992687 1776585317.14
 0.0216464503592 -0.0131862367787  0.0563139678288 1776585317.16
 0.0169923993977 -0.0157410512378   0.043774891392 1776585317.19
 0.0180408680779 -0.0130274817327  0.0367625142543 1776585317.21
  0.0218808410361 -0.00578810087383   0.0338729005801 1776585317.22
 0.0244730552088 0.00456874522511  0.0327397696211 1776585317.24
0.0216089997893 0.0162394694446 0.0306688781429 1776585317.26
0.00994293546881  0.0273422944303  0.0253713885929 1776585317.29
-0.0121131136866  0.0362306886854  0.0156392259221 1776585317.31
-0.0438189893649  0.0417593795062 0.00180568781038 1776585317.33
-0.0819904438985  0.0434707356816 -0.0141319025045 1776585317.34
-0.121384195638 0.0416831911129 -0.028787281233 1776585317.36
-0.155535997636 0.0374766378486 -0.038034799318 1776585317.39
  -0.17791405544  0.0325802003098 -0.0379235108683 1776585317.41
 -0.183181904646  0.0291746571724 -0.0256744947586 1776585317.43
  -0.168332155864   0.0296257952727 -0.00054198597448 1776585317.44
-0.133464003941 0.0361683368277 0.0356734911632 1776585317.47
-0.0820337526492  0.0505651516981  0.0786152637017 1776585317.49
-0.0205003302605  0.0737741242893   0.121921860614 1776585317.51
0.0425997639913  0.105663558512  0.158277797936 1776585317.53
0.0980029373236  0.144822466331  0.180784970409 1776585317.54
0.137262074106 0.188510268686 0.184387786026 1776585317.56
 0.15420470271 0.232778926067 0.167048454222 1776585317.59
0.146032162222 0.272779807913 0.130396831579 1776585317.61
0.113843268543 0.303240739005 0.079672471252 1776585317.62
0.0624672718321    0.3190699609 0.0229202382076 1776585317.64
-0.00038014755403    0.316017756825  -0.0304342871516 1776585317.66
-0.0654708937877   0.291307500676 -0.0713558995505 1776585317.69
  -0.12371093509   0.244139889524 -0.0929516060454 1776585317.71
 -0.16773870642  0.175980568869 -0.091827558711 1776585317.73
 -0.193156547503   0.090564493933 -0.0687543057882 1776585317.74
  -0.199146633139 -0.00641003011032  -0.0284947752875 1776585317.76
-0.188350403321 -0.107872745425 0.0211632134786 1776585317.79
-0.166049197596 -0.206178160188 0.0709511300282 1776585317.81
-0.138837787468 -0.293982336989  0.111899596609 1776585317.83
-0.113094437915 -0.365053914631  0.136974937845 1776585317.84
-0.0935924617396  -0.414887333054   0.142245783759 1776585317.86
-0.0825582111283   -0.44103400988   0.127377512276 1776585317.88
-0.079369984573  -0.44313616038 0.0954128757403 1776585317.91
-0.0809405615447  -0.422716281825  0.0519520436335 1776585317.92
-0.0826711537954  -0.382820254715 0.00395868243092 1776585317.94
-0.0797425175328  -0.327618862029 -0.0415309936461 1776585317.96
-0.0684447590888   -0.26204110236  -0.078536059412 1776585317.98
-0.0472502168746  -0.191458254612  -0.102907046581 1776585318.01
-0.0173973043683  -0.121385668505  -0.112664349217 1776585318.02
 0.0171407483761 -0.0571449856119  -0.107917835396 1776585318.04
 0.0503034922419 -0.0034465190324 -0.0904697356646 1776585318.06
 0.0750884941406  0.0360957922729 -0.0632494565763 1776585318.09
 0.0849802082399  0.0594398340384 -0.0297362737213 1776585318.11
 0.0753921610712   0.066459102027 0.00650018880969 1776585318.12
0.0448432182131 0.0590314648689 0.0420619127273 1776585318.14
-0.00437107101549   0.0407974179012   0.0737718280829 1776585318.16
-0.0661675971102   0.016594016618  0.0985642809383 1776585318.19
  -0.131367504049 -0.00834210355242    0.113329021701 1776585318.21
 -0.189008546014 -0.0292452827398   0.114852021174 1776585318.22
 -0.228081497465 -0.0425859287128  0.0999835333353 1776585318.24
 -0.239409637271 -0.0465758156025  0.0661007554666 1776585318.27
 -0.217351013428 -0.0413207578784  0.0118292496477 1776585318.29
 -0.161017230904 -0.0286077254497 -0.0621284278089 1776585318.3
-0.0747695187043 -0.0113911200285  -0.152298168972 1776585318.32
 0.0321358721589 0.00689893985095  -0.252142093891 1776585318.34
 0.146740931005 0.0230755446044 -0.352380357703 1776585318.36
 0.254258047122 0.0347957824605  -0.44200350402 1776585318.38
 0.340330185721 0.0409331226233 -0.509870091099 1776585318.4
 0.393299278925 0.0416665359997  -0.54660656436 1776585318.42
 0.406078724772 0.0382942465032 -0.546406741597 1776585318.44
 0.377279358425 0.0328361376736  -0.50830728779 1776585318.46
  0.31136724387   0.02752666186 -0.436606703964 1776585318.48
 0.217815161681  0.024312946341 -0.340280014812 1776585318.51
 0.109410180665 0.0244603200668 -0.231473417003 1776585318.53
5.11114033176e-05   0.0283351439007   -0.123382046722 1776585318.54
-0.0975304464461  0.0353918424425 -0.0279617390647 1776585318.56
-0.173689185292 0.0443476701519 0.0460370395319 1776585318.59
-0.223084120657 0.0534936869308  0.094307532364 1776585318.61
-0.245020889687 0.0610691089741  0.117271448027 1776585318.63
-0.242936918752 0.0656205445699  0.119412259093 1776585318.64
-0.223219684111 0.0662767834282  0.107874940922 1776585318.66
-0.193660527995 0.0628911408403 0.0906990237963 1776585318.68
-0.161881361232 0.0560327478643 0.0751008459818 1776585318.71
-0.134032195517   0.04683992454 0.0661662700177 1776585318.73
-0.113963280519 0.0367760065681 0.0661810526471 1776585318.74
-0.102954834393 0.0273443189364 0.0746547583881 1776585318.76
-0.0999689155812  0.0198208413695  0.0889320359084 1776585318.78
-0.102295237205 0.0150514260634  0.105170035971 1776585318.81
-0.106409390982 0.0133403854235  0.119413340391 1776585318.83
-0.108851039814 0.0144360879067   0.12851870095 1776585318.84
-0.106955218629 0.0176031284252  0.130754937556 1776585318.87
-0.0993205974593  0.0217625699162   0.126002473169 1776585318.88
-0.085961382607 0.0256805164735   0.11557495726 1776585318.91
-0.0681524815383  0.0281868036502    0.10176102962 1776585318.93
-0.0480310740816  0.0284053233162  0.0872259705911 1776585318.94
-0.0280551167087   0.025972907538  0.0744188891218 1776585318.96
-0.0104367707178  0.0212156393595  0.0651066870345 1776585318.98
0.00333464531719  0.0152438503262  0.0601113111178 1776585319.01
 0.0127880338901 0.00992521299388  0.0592737630651 1776585319.03
 0.0185293307429 0.00770392536754  0.0616186641703 1776585319.04
0.0220545942887 0.0112554197963 0.0656561716272 1776585319.06
0.0253549367626 0.0229993225939 0.0697392799614 1776585319.08
0.0303910304156 0.0445335319609 0.0723954866528 1776585319.11
 0.038542221595 0.0760903313299 0.0725701548929 1776585319.13
0.0501453639361  0.116139840761 0.0697490519155 1776585319.14
0.0642290142948  0.161265361672 0.0639612153043 1776585319.16
0.0785192136018  0.206401687736 0.0556911261182 1776585319.19
0.0897457060647  0.245461264596  0.045743348185 1776585319.21
0.0942177214237   0.27228426303 0.0351001409516 1776585319.23
0.0885763488285  0.281757044722 0.0247962476238 1776585319.24
0.0705796712995  0.270874903608 0.0158137974088 1776585319.26
 0.0397515747058   0.239503790649 0.00898476702166 1776585319.28
-0.00226360612896    0.190636486474  0.00488670381081 1776585319.31
-0.0517476119607   0.130039151409 0.00373068587919 1776585319.34
-0.103380260849 0.0653233536541 0.0052621328308 1776585319.35
 -0.151065065241 0.00462099660518  0.0087131070681 1776585319.36
 -0.188951791211 -0.0448552311106  0.0128475157273 1776585319.38
 -0.212449374816 -0.0780474998505  0.0161229064413 1776585319.41
 -0.219021783152 -0.0928131177792  0.0169586572279 1776585319.43
 -0.208607716626 -0.0900563661924  0.0140624833693 1776585319.45
 -0.183588812805 -0.0732357042144 0.00674000605951 1776585319.46
  -0.148327682313  -0.0474011157333 -0.00489326282662 1776585319.48
 -0.108382394174 -0.0180197401299 -0.0198583271947 1776585319.51
-0.0695588643588  0.0101220206661  -0.036438410982 1776585319.53
-0.0369778835907  0.0336976577086  -0.052456877632 1776585319.55
-0.0143113647772  0.0511614971878  -0.065639224377 1776585319.56
-0.00329391225552   0.0625989745711  -0.0739701549247 1776585319.58
-0.00355662298819   0.0692101721844  -0.0759630766829 1776585319.61
-0.0127751109025  0.0726089246922 -0.0707909729856 1776585319.63
-0.0270832699577  0.0741458446673 -0.0582739709162 1776585319.65
-0.0416814717235  0.0744370598252 -0.0387644197067 1776585319.66
-0.0515594554323   0.073212554831 -0.0129993640916 1776585319.68
-0.0522531616504  0.0695074238206  0.0180072835229 1776585319.71
-0.0405545735595  0.0621276689451  0.0529861426469 1776585319.73
-0.0150916060715  0.0502500065795  0.0903457924063 1776585319.75
0.0233058009283  0.033978550486  0.128065577344 1776585319.76
0.0715295284538 0.0146887893848  0.163629253131 1776585319.78
   0.124458797334 -0.00496020382728    0.194085649877 1776585319.81
  0.175574069818 -0.0213823012153   0.216292892069 1776585319.83
  0.217864411947 -0.0307324775019   0.227345980839 1776585319.84
  0.244907568683 -0.0297465743096   0.225121125281 1776585319.86
  0.251949513526 -0.0165616167169   0.208815740896 1776585319.88
  0.236787915218 0.00868066497604   0.179339165272 1776585319.9
 0.200282070195 0.0436040410176  0.139425754812 1776585319.92
 0.146370419799 0.0838204662866 0.0933973981134 1776585319.94
0.0815653292004  0.123585439372 0.0465836498916 1776585319.96
 0.0139950320984    0.15676928771 0.00449371590367 1776585319.97
-0.0478471473231   0.177954352593 -0.0280979895655 1776585320
 -0.096426055334   0.183435872205 -0.0479613599217 1776585320.02
 -0.126324054692   0.171921777844 -0.0539416017303 1776585320.04
  -0.13503219444   0.144790335721 -0.0470998481488 1776585320.06
  -0.12324248766   0.105859421503 -0.0304409377058 1776585320.08
 -0.0946084291939     0.06072363807 -0.00829837652487 1776585320.1
-0.0550400567787  0.0158001377611  0.0144835370483 1776585320.13
-0.0116784444439 -0.0227284011151   0.033400343941 1776585320.15
  0.028261690858 -0.0498820349883  0.0450134745477 1776585320.16
 0.0585870551777 -0.0626069405414  0.0474387644286 1776585320.18
 0.0749913355923 -0.0601569106181   0.040541830322 1776585320.2
 0.0755732067678 -0.0441010709373  0.0258381162869 1776585320.23
 0.0609490973562 -0.0179832465024 0.00613608388312 1776585320.25
 0.033965746988 0.0132989729901 -0.015010419544 1776585320.26
-0.000923902365508    0.0442999069444   -0.0339562425887 1776585320.28
-0.0385090583255  0.0699050598682 -0.0476288762556 1776585320.3
-0.0737475169967  0.0861658874943 -0.0540999544116 1776585320.33
 -0.102611177463  0.0909724767262 -0.0529662688578 1776585320.35
   -0.1227042187  0.0844565143654 -0.0454610091364 1776585320.36
 -0.133546639106  0.0690402207985 -0.0342519097752 1776585320.38
  -0.13647702214  0.0490872192612 -0.0229348028782 1776585320.4
 -0.134201250819  0.0301690269872 -0.0152918770462 1776585320.43
 -0.130084023839  0.0180308034726 -0.0144418464534 1776585320.45
-0.127332358137 0.0174106366917 -0.022049814029 1776585320.46
 -0.128242905244  0.0309216934474 -0.0377747949001 1776585320.48
 -0.133672185744  0.0582287059631 -0.0591048456808 1776585320.5
 -0.142842768238  0.0957262401085 -0.0816637442278 1776585320.53
-0.153528222892   0.13685168048 -0.099978470403 1776585320.54
-0.162579592668  0.173048864805 -0.108590924996 1776585320.56
-0.166682149054  0.195259497442 -0.103303556713 1776585320.58
  -0.16317805547   0.195688968001 -0.0822909637245 1776585320.6
 -0.150769549029   0.169503822641 -0.0468072349598 1776585320.63
  -0.129934836584    0.116096923369 -0.00128028757994 1776585320.64
-0.102945310973 0.0396165210171 0.0472960854881 1776585320.66
-0.0734602534392 -0.0514087431957  0.0906051668195 1776585320.68
-0.0457772883773  -0.145331146395   0.120657729403 1776585320.7
-0.0239091871757  -0.229319071203   0.131498943604 1776585320.73
-0.0107129916689  -0.291597050909   0.120572671685 1776585320.74
-0.00729415272128   -0.323543542516   0.0893958767261 1776585320.76
-0.0128400531476  -0.321221261964  0.0433466887345 1776585320.78
 -0.0249195179846   -0.286032533108 -0.00941330205221 1776585320.8
-0.0401535883097  -0.224376174921 -0.0596379564127 1776585320.82
-0.0550616569181  -0.146388526408 -0.0989087102088 1776585320.85
-0.0668492615583 -0.0640329972817  -0.121300241252 1776585320.86
-0.0739381240313  0.0110765715548  -0.124415237454 1776585320.88
-0.0761278980261  0.0696941065319  -0.109580090228 1776585320.9
-0.0743890445745   0.106421972747 -0.0812148448091 1776585320.92
-0.0703826620588   0.120392991868 -0.0455925761538 1776585320.94
 -0.0658617448341    0.115057815114 -0.00933259166141 1776585320.96
-0.0621200726825  0.0971605525974  0.0219983950622 1776585320.98
-0.0596242748293  0.0751427766795  0.0448695405696 1776585321
-0.0579052461973  0.0573209441474  0.0581807793843 1776585321.02
-0.0557146291526  0.0502150627479  0.0630574504309 1776585321.04
-0.0513875855718  0.0573616933229  0.0621766206249 1776585321.06
-0.0433079428807  0.0788322541359   0.058850799573 1776585321.08
-0.0303538673665   0.111521900293  0.0561220669621 1776585321.1
-0.0122132498983   0.150107983222  0.0560829286755 1776585321.13
0.0105060425949  0.188435660839 0.0595569243436 1776585321.14
0.0363937348427  0.221001732742 0.0661678206399 1776585321.16
0.0635486294741  0.244194262693  0.074727527066 1776585321.18
0.0900016667587  0.257007084413 0.0838008508138 1776585321.2
 0.114138817878  0.261070897359 0.0922726643138 1776585321.23
 0.135008860884  0.259999969004 0.0997535903103 1776585321.24
0.152426093201 0.258212599889 0.106708976011 1776585321.26
0.166827676314 0.259511492768  0.11427080042 1776585321.28
0.178910490714  0.26577941112 0.123776611979 1776585321.3
0.189139164788 0.276138162378   0.1361552777 1776585321.32
 0.19726824117  0.28683030714 0.151329385445 1776585321.35
0.202040268703 0.291924100524 0.167816070253 1776585321.36
0.201195892109 0.284740763879 0.182675915015 1776585321.39
0.191860003987 0.259701949216 0.191885898803 1776585321.4
0.171262241675 0.214145764793 0.191109342804 1776585321.42
0.137637405887 0.149611231377 0.176725101233 1776585321.45
0.0910672793817  0.072175096647   0.14688772595 1776585321.46
  0.0340028706706 -0.00836016227322    0.102347437832 1776585321.48
-0.0287375147266 -0.0803266099999  0.0467821540413 1776585321.5
-0.0905720588512  -0.132692068462 -0.0135135457765 1776585321.52
 -0.144275292603  -0.157580723715 -0.0705917362454 1776585321.54
-0.183377170327 -0.152149082505 -0.116309629517 1776585321.56
-0.203512312288 -0.119309293895 -0.143982158014 1776585321.58
 -0.203385286677 -0.0671044235342  -0.149848175065 1776585321.6
  -0.185101796312 -0.00691032577997   -0.133983865573 1776585321.62
 -0.15376617891  0.049052656492 -0.100409569285 1776585321.64
  -0.11642390681  0.0902612336709 -0.0563240006496 1776585321.66
-0.0805890663439   0.109883229312  -0.010615546464 1776585321.68
-0.0527005349804   0.105819226638  0.0280142928038 1776585321.7
-0.0368692979456  0.0806650856332  0.0528772061741 1776585321.72
-0.0342059013453  0.0407380749753  0.0606454163834 1776585321.74
 -0.0428682315866 -0.00550261465285   0.0519120892457 1776585321.76
-0.0587842902902 -0.0492373624559  0.0308561879273 1776585321.78
-0.0768336733515 -0.0829002337525 0.00412593361335 1776585321.8
-0.0921638375607   -0.10136062693 -0.0207601221636 1776585321.82
 -0.101302880314  -0.102536519847 -0.0370971110266 1776585321.84
 -0.102809871191 -0.0874222937221 -0.0403749571327 1776585321.86
-0.0973478915966 -0.0596057010126 -0.0290741009923 1776585321.88
 -0.0872269996274   -0.024410709906 -0.00475756782895 1776585321.9
-0.0755964886177  0.0121603130717  0.0284853070311 1776585321.92
-0.0655345826588  0.0444978242475  0.0650504154458 1776585321.94
-0.0592783471629  0.0682926566915  0.0990194894546 1776585321.96
-0.0577687294945  0.0811386381173   0.125282361972 1776585321.98
-0.0605822835037  0.0827480741298     0.1403715516 1776585321.99
-0.0662144127821  0.0747713683291   0.142892294506 1776585322.02
-0.072596478592  0.060285659835  0.133529798941 1776585322.04
-0.0776874421632  0.0430755006131   0.114697233282 1776585322.06
-0.0799833404103   0.026859126985  0.0899394117879 1776585322.08
-0.0788270535486  0.0146115541044  0.0632255607932 1776585322.1
-0.0744617332224 0.00810315401504  0.0382556057302 1776585322.12
-0.0678371137929  0.0077187088306  0.0178783452763 1776585322.14
-0.0602340770185  0.0125601020109 0.00368722332267 1776585322.16
 -0.0528092655069   0.0207794176162 -0.00417230986593 1776585322.18
 -0.0461735525798   0.0300495805712 -0.00697754788332 1776585322.19
-0.0401059124873  0.0380635382393  -0.007203151126 1776585322.21
 -0.0334716984783   0.0429612768869 -0.00813522858384 1776585322.24
-0.0243683682464  0.0436119505943 -0.0133840203539 1776585322.26
-0.0104709385073  0.0397173352476 -0.0263691757044 1776585322.27
 0.0104967027835  0.0317426583737 -0.0498577453612 1776585322.29
 0.0402709184493  0.0207130680873 -0.0856286300919 1776585322.31
 0.0796550922478 0.00793348284861  -0.134316645139 1776585322.34
   0.128325756567 -0.00530499860215   -0.195456039365 1776585322.36
   0.18489767301 -0.0179758847845  -0.267702202521 1776585322.38
  0.247244976954 -0.0294848811996  -0.349169442207 1776585322.39
  0.313005574991 -0.0397343240472  -0.437792004399 1776585322.41
 0.380136276525 -0.049085124934 -0.531604486064 1776585322.44
  0.447354937704 -0.0582340397355  -0.628852763074 1776585322.46
  0.514316900436 -0.0680355001033  -0.727887946118 1776585322.48
  0.581430316886 -0.0793023054122  -0.826856738837 1776585322.49
  0.649309784139 -0.0926187078318  -0.923268216771 1776585322.51
 0.717978525285 -0.108193989362  -1.01357195362 1776585322.54
 0.786026198174 -0.125776005964    -1.092908724 1776585322.56
0.849981855968 -0.14463413933 -1.15518102054 1776585322.58
 0.904147744848 -0.163611561362   -1.1935331561 1776585322.6
 0.941053584373 -0.181239137613  -1.20123698893 1776585322.62
 0.952546459318 -0.195897992273  -1.17286742516 1776585322.64
 0.931360557203 -0.206013808754  -1.10554909514 1776585322.66
  0.87285755508  -0.21026202071 -0.999992888901 1776585322.68
 0.776537090015 -0.207758706721 -0.861043622416 1776585322.7
 0.646920213635 -0.198208453142 -0.697537483002 1776585322.72
 0.493517313269 -0.181980312984    -0.521407817 1776585322.74
 0.329787598586 -0.160089110524 -0.346147907449 1776585322.76
 0.171234550018  -0.13407320932 -0.184896228666 1776585322.78
 0.0329978935569  -0.105780208237 -0.0485116075806 1776585322.8
-0.0725643595984 -0.0770943600607  0.0559752384893 1776585322.81
 -0.137800476957 -0.0496571763922   0.126218010483 1776585322.84
 -0.160809140669 -0.0246393567326    0.16454761416 1776585322.87
  -0.145423494292 -0.00261446986583    0.177113628414 1776585322.87
-0.100194403315 0.0164362850627    0.1723654895 1776585322.89
-0.0366395156382  0.0329883335289   0.159196940981 1776585322.92
0.0328479017175 0.0477373162388  0.145135098626 1776585322.94
0.0970107308317 0.0613155656237  0.134929918448 1776585322.96
0.147310175122 0.074025365551 0.129802352985 1776585322.98
 0.178863061185 0.0856480812733  0.127466076824 1776585323
 0.190677836945 0.0953703187339  0.122880718236 1776585323.01
0.185274497813 0.101842822089 0.109554941268 1776585323.04
  0.16786831284   0.10336190951 0.0811195877806 1776585323.06
 0.145332350425 0.0981428230585 0.0328490488965 1776585323.07
  0.125134584774   0.084642342356 -0.0371724900916 1776585323.09
 0.114389944654 0.0618839499098 -0.127469557447 1776585323.11
 0.119099866675 0.0297402726994 -0.233292834975 1776585323.14
   0.14359385853 -0.0108680219449  -0.347412456505 1776585323.16
  0.190153975714 -0.0578912933457  -0.461429074815 1776585323.18
 0.258798109624 -0.108213524879 -0.567337181507 1776585323.2
 0.347214998737 -0.157871572989 -0.659018043898 1776585323.21
 0.450868601766 -0.202427475154  -0.73334778479 1776585323.24
 0.563305303769 -0.237469744184 -0.790681808047 1776585323.27
 0.676691575681 -0.259197061194 -0.834606732918 1776585323.28
 0.782577918422 -0.265015892629 -0.871007977763 1776585323.3
 0.872833329843 -0.254065708697 -0.906649739012 1776585323.32
 0.940638261396 -0.227575976798 -0.947569760759 1776585323.34
 0.981382672927 -0.188963238196 -0.997629471641 1776585323.36
 0.993306495072 -0.143599809001  -1.05752289002 1776585323.38
  0.977750222252 -0.0982312254835   -1.12444553713 1776585323.4
   0.93894807348 -0.0600850123252   -1.19248247978 1776585323.42
  0.883378995346 -0.0357876936355   -1.25362505924 1776585323.44
  0.818771590624 -0.0302710209144   -1.29920074394 1776585323.46
  0.752920748697 -0.0458798495089   -1.32142444183 1776585323.48
  0.692506128859 -0.0818760954512   -1.31476564444 1776585323.5
 0.642102730727 -0.134462694483  -1.27687417715 1776585323.52
 0.603544373611 -0.197342916732  -1.20890619462 1776585323.54
0.575748409264 -0.26271238058 -1.11521979351 1776585323.56
 0.555041812842 -0.322487033389  -1.00253879752 1776585323.58
 0.535951339364  -0.36952659878 -0.878785904175 1776585323.6
  0.51233983971 -0.398629522069 -0.751840168421 1776585323.62
 0.478696689413 -0.407142781511 -0.628468051324 1776585323.64
 0.431338700307 -0.395123680448 -0.513616225952 1776585323.67
 0.369269078584 -0.365081934589 -0.410156065058 1776585323.68
 0.294491473341 -0.321396797296 -0.319060566378 1776585323.7
 0.211684238575 -0.269537089806 -0.239901152336 1776585323.73
 0.127286517731 -0.215216570568 -0.171494525292 1776585323.74
 0.048195564122 -0.163604455017 -0.112518474183 1776585323.76
-0.0196190383223  -0.118690766143 -0.0619492730679 1776585323.78
-0.0722484209215 -0.0828818442844 -0.0192414554543 1776585323.8
 -0.108448706557 -0.0568708668447  0.0157451712934 1776585323.82
 -0.129577094121 -0.0397896085182  0.0429895307307 1776585323.84
-0.138896109236 -0.029603379668 0.0625952542015 1776585323.86
 -0.140446878274 -0.0236690257521  0.0749862819498 1776585323.88
 -0.137799104923 -0.0193465640761  0.0809209927545 1776585323.9
 -0.133007185131 -0.0145470302932  0.0813050139932 1776585323.92
  -0.126037222943 -0.00811531600041   0.0768593985498 1776585323.94
  -0.114800759028 1.66636858468e-05   0.0677569055154 1776585323.96
-0.0957743277928 0.00892323536373  0.0533569087934 1776585323.98
-0.065039286036 0.0169930766779 0.0321445599157 1776585324.01
-0.0194770971675  0.0223812960895 0.00192147869709 1776585324.02
 0.0421781185328  0.0235105560597 -0.0397776518509 1776585324.04
  0.118691037125  0.0195199046572 -0.0951334204626 1776585324.06
 0.206245981871 0.0105705847752 -0.165484509109 1776585324.08
   0.298971241135 -0.00205695301616   -0.250896759971 1776585324.1
  0.389963918243 -0.0161051878839  -0.349957110895 1776585324.12
  0.472599106941 -0.0287099488421  -0.459833772961 1776585324.14
  0.541840851135 -0.0369464252639  -0.576579691713 1776585324.16
  0.595265685351 -0.0384612629674  -0.695602179894 1776585324.18
  0.633562693807 -0.0320753614985  -0.812190257653 1776585324.2
  0.660375178992 -0.0182328790868   -0.92198794562 1776585324.22
   0.681478254213 0.000815651369383     -1.0213242584 1776585324.24
 0.703421221384 0.0211722716548  -1.10735102965 1776585324.26
 0.731881743045 0.0378116116351  -1.17798729043 1776585324.28
 0.770060399647 0.0454098196876  -1.23171312655 1776585324.3
 0.817470014523 0.0393571744874  -1.26728847788 1776585324.32
 0.869428597417 0.0167697547842  -1.28348850332 1776585324.34
  0.917443800243 -0.0227131349774   -1.27894559332 1776585324.36
  0.950496074824 -0.0765429098529   -1.25216925545 1776585324.38
 0.95702447472 -0.13941779964 -1.20177934607 1776585324.4
 0.927243516058 -0.204003929484  -1.12693664183 1776585324.42
 0.855319603225 -0.262117572107  -1.02789324699 1776585324.44
 0.740941439531 -0.306150872173 -0.906527867607 1776585324.46
 0.589933503691 -0.330452793483 -0.766698873189 1776585324.48
 0.413759062402 -0.332370643071 -0.614261869903 1776585324.5
 0.227990882302 -0.312720874616 -0.456666397807 1776585324.52
0.0500367661289 -0.275579451311 -0.302155908647 1776585324.54
-0.103455045514 -0.227434598207 -0.158714424488 1776585324.56
 -0.219044157084  -0.175890640468 -0.0329917782787 1776585324.58
-0.288386448539 -0.128212527621 0.0705358385126 1776585324.6
-0.309272222767 -0.090029604394  0.149964280944 1776585324.62
 -0.285682788415 -0.0644676622556   0.205826468082 1776585324.64
 -0.226896954952 -0.0518661496405   0.240473646937 1776585324.66
  -0.14582160393 -0.0500949257751   0.257150537988 1776585324.68
  -0.05682931804 -0.0553499376052   0.259018279636 1776585324.7
0.0265461871377 -0.063211706508  0.248381897048 1776585324.72
 0.0936846077484 -0.0697127645422   0.226308888454 1776585324.74
  0.138382008376 -0.0721819536805   0.192705083699 1776585324.76
  0.159527832632 -0.0697027049748   0.146780784388 1776585324.78
 0.160842097911 -0.063118955759 0.0877345864459 1776585324.8
  0.149735150747 -0.0546242875826  0.0154338792587 1776585324.81
  0.135530926624 -0.0470574962851 -0.0691102113368 1776585324.83
 0.127432466419 -0.043085624088 -0.163601181123 1776585324.86
  0.132665663616 -0.0444731886041  -0.264673561535 1776585324.87
  0.155191903096 -0.0516103507049   -0.36839313857 1776585324.9
  0.195238528692 -0.0634079754499  -0.470898423897 1776585324.92
   0.24969313162 -0.0775778587967  -0.569016732595 1776585324.94
  0.313198207709 -0.0912225539028  -0.660707127701 1776585324.96
 0.379623933026 -0.101583928829 -0.745232368625 1776585324.98
 0.443529768161 -0.106761344869 -0.823026374874 1776585325
 0.501262673691 -0.106218303114 -0.895287317742 1776585325.02
 0.551462335489 -0.100947900242 -0.963378490498 1776585325.04
  0.594911188208 -0.0932491389356   -1.02815411592 1776585325.06
  0.633831383026 -0.0861582391524   -1.08934396464 1776585325.08
  0.670852232431 -0.0826607939419   -1.14512955599 1776585325.1
  0.707927317707 -0.0848648867707   -1.19202552377 1776585325.12
  0.745466896588 -0.0933314868119     -1.225140778 1776585325.14
 0.781880951626 -0.106732821227  -1.23883444441 1776585325.16
 0.813623522066 -0.121945060388  -1.22770476508 1776585325.18
 0.835715687829 -0.134588853953   -1.1877659762 1776585325.2
0.842626449868 -0.13992781202 -1.11759646803 1776585325.22
0.829325210686 -0.13394418218 -1.01920274588 1776585325.24
  0.79229523259 -0.114356096339 -0.898357146664 1776585325.26
 0.730313769394 -0.081338318867 -0.764242937966 1776585325.28
  0.644853796083 -0.0377625167375  -0.628372599191 1776585325.3
 0.540033188112 0.0111262897153 -0.502909280577 1776585325.32
 0.422118277538 0.0585552303086 -0.398677730083 1776585325.34
 0.298668671601 0.0974285990521 -0.323254323708 1776585325.36
  0.17747673788  0.121643726737 -0.279540950693 1776585325.38
0.0654946436888  0.127239728822 -0.265142773881 1776585325.4
-0.0320571378622   0.113137018285  -0.272703703768 1776585325.42
-0.112246685384 0.0813176051655 -0.291148998973 1776585325.44
 -0.17457334159 0.0364210856654 -0.307594725086 1776585325.47
 -0.220704005304 -0.0151418113204  -0.309553967145 1776585325.48
 -0.253888865001 -0.0663564491008   -0.28702465859 1776585325.5
-0.278194088682 -0.110799271158 -0.234085463736 1776585325.52
  -0.2977072223 -0.143614484917 -0.149737431837 1776585325.54
  -0.31585887586  -0.162088570963 -0.0378819910019 1776585325.56
-0.334969931608  -0.16574071805 0.0935120848887 1776585325.58
-0.356085388901 -0.155963803618  0.233859679124 1776585325.6
-0.379100512617 -0.135352359844  0.371740818946 1776585325.62
-0.403128203181 -0.106915689108  0.496690370366 1776585325.64
 -0.427006880618 -0.0733817882601   0.600699368302 1776585325.66
 -0.449817070708 -0.0367521702583   0.679206794299 1776585325.68
 -0.471273231253 0.00181535814456   0.731466915964 1776585325.7
-0.491889828609 0.0418145531369  0.760292414576 1776585325.72
-0.512881408625 0.0829896892001  0.771276353549 1776585325.74
-0.535829423973  0.124873873268  0.771670195088 1776585325.76
-0.562213012285     0.166419639  0.769131401678 1776585325.78
-0.592938350064  0.205839537493  0.770551324875 1776585325.8
-0.628001644123  0.240712133618  0.781137273766 1776585325.82
-0.666385119099  0.268336747381  0.803861590122 1776585325.84
-0.706223941415  0.286255601575  0.839317821921 1776585325.86
-0.745211137249  0.292818390561  0.885953538061 1776585325.88
-0.781144660739  0.287649909109  0.940593719208 1776585325.9
-0.812480395983  0.271898263207  0.999136662144 1776585325.92
-0.838746114052  0.248185193689   1.05729843382 1776585325.94
-0.860696984136  0.220242119162   1.11129844996 1776585325.96
-0.88014955456 0.192283582964  1.15840972378 1776585325.98
-0.899508291352  0.168230815024   1.19733257899 1776585326
-0.921080874305   0.15093985989   1.22837996626 1776585326.02
-0.946345245649  0.141601555755    1.2534783639 1776585326.05
-0.975362447042  0.139459448957   1.27598863449 1776585326.05
-1.00651020518 0.141937460831  1.30034177884 1776585326.08
-1.03664115798 0.145189539959  1.33147731952 1776585326.09
-1.06166086379 0.144992521135  1.37408098517 1776585326.12
 -1.0774030567 0.137818979328  1.43165295827 1776585326.14
-1.08058804347 0.121868011448  1.50549748897 1776585326.16
 -1.06961396299 0.0978147721659    1.5937953117 1776585326.18
 -1.04496281266 0.0690735961623   1.69097689559 1776585326.2
 -1.00909618458 0.0414538787077   1.78762802344 1776585326.22
-0.965844990578 0.0222100471176   1.87110738466 1776585326.24
-0.919429694505  0.018623832841   1.92693411954 1776585326.26
-0.873349509855 0.0363790035373   1.94083018613 1776585326.28
  -0.8294249281 0.0780656971176   1.90111823253 1776585326.3
-0.787254499666   0.14216001102   1.80103260437 1776585326.32
-0.744255992149  0.222754054837   1.64044842663 1776585326.34
-0.696321943945  0.310169559043   1.42660106888 1776585326.36
-0.638962029947   0.39240068415    1.1735532329 1776585326.38
-0.568669052757  0.457140343362  0.900430963538 1776585326.4
-0.484169405044   0.49399628141  0.628726968629 1776585326.42
-0.387227483226  0.496438554423  0.379185003318 1776585326.44
-0.282770412499  0.463060401681  0.168873078746 1776585326.46
 -0.178263673067   0.397875259097 0.00900083045172 1776585326.49
 -0.082458288044   0.309582745601 -0.0961451941297 1776585326.5
-0.00379461647262    0.209964972737   -0.149032291215 1776585326.52
0.0511603436043  0.111763963014 -0.157625546017 1776585326.54
0.0788734340638 0.0264935325135 -0.133394964266 1776585326.56
 0.0793418542218 -0.0373690637891   -0.08903636576 1776585326.58
 0.0558389974411 -0.0754780652643 -0.0363460656618 1776585326.6
 0.0140150487029 -0.0878477110529   0.015410644514 1776585326.62
-0.0393879266618 -0.0782606673947  0.0604462883732 1776585326.64
-0.0978719107225 -0.0530703755517  0.0966769264261 1776585326.66
  -0.15625588538 -0.0197107583495   0.125317021146 1776585326.68
-0.211274068009 0.0147564696728  0.150015262582 1776585326.7
-0.261635447503 0.0447841756492  0.175738625824 1776585326.72
-0.307628111241 0.0670059037204  0.207609956276 1776585326.74
-0.350458250726 0.0803832266227  0.249876888916 1776585326.76
-0.391554327486 0.0859018339192  0.305147331414 1776585326.79
-0.432037892993 0.0859589968306  0.373976220388 1776585326.8
-0.472479732938 0.0836163251787  0.454834020982 1776585326.82
-0.512952420358 0.0818817101021  0.544432306461 1776585326.84
-0.553291518028 0.0831442257886  0.638329086104 1776585326.86
-0.593416034103 0.0888307820819  0.731691893701 1776585326.88
-0.633549962895 0.0992980341885  0.820068103407 1776585326.9
-0.674229844083  0.113927988909  0.900008396912 1776585326.92
-0.716062001064  0.131366374934  0.969416800507 1776585326.94
-0.759281987971   0.14983058635   1.02755840833 1776585326.96
-0.803241349231  0.167417748148   1.07473385892 1776585326.99
-0.845983302887  0.182360246429   1.11170988391 1776585327.01
-0.884060964751  0.193200977103   1.13905656184 1776585327.03
-0.912702876072  0.198886770008   1.15656671644 1776585327.04
-0.926353820462  0.198798634188   1.16291378293 1776585327.06
-0.919531809536  0.192746317449   1.15564711656 1776585327.09
-0.887862583518  0.180950978818   1.13154457506 1776585327.11
-0.829096622355  0.164026974053   1.08726185161 1776585327.13
-0.74389278919 0.142958470421    1.020153918 1776585327.14
-0.636175365833  0.119055893457  0.929106289228 1776585327.16
-0.512938930277 0.0938757358766  0.815206039684 1776585327.19
 -0.38348018091 0.0690956030333  0.682103972839 1776585327.21
-0.258158012047 0.0463511026812  0.535967343965 1776585327.22
-0.146894561753 0.0270565604157  0.384991673531 1776585327.24
-0.0577005899418  0.0122417904334   0.238520827569 1776585327.26
 0.0044835347187 0.00243839307967   0.105902640787 1776585327.29
  0.0384006276668 -0.00235966975874 -0.00473319873905 1776585327.3
  0.0464289434086 -0.00265295755424  -0.0875618855423 1776585327.32
  0.0339031255269 0.000677946229936   -0.139817220715 1776585327.34
0.00796812721506  0.0065308910765  -0.162072354618 1776585327.36
-0.0237764111793  0.0137493376482  -0.157997621387 1776585327.39
-0.054554405446  0.021265932481 -0.133648979968 1776585327.4
-0.0793664152437  0.0282020178657 -0.0964333513128 1776585327.42
-0.0954642439639  0.0339183398029 -0.0539566157802 1776585327.44
 -0.102316331284   0.038025709334 -0.0129717228501 1776585327.46
-0.101151159132 0.0403711429369 0.0213936462568 1776585327.49
-0.0942499986807  0.0410137915453   0.046026845477 1776585327.5
-0.0841928403444  0.0401978490603  0.0598280569397 1776585327.52
-0.0732397857151   0.038320904608  0.0633924877817 1776585327.54
-0.0629665425473  0.0358905123876  0.0585096932455 1776585327.56
-0.0541886387872  0.0334621230015  0.0476276728232 1776585327.59
-0.0471288933184  0.0315580279613  0.0334036776245 1776585327.61
-0.0417265847659  0.0305767559171   0.018409858793 1776585327.62
-0.0379656375262  0.0307110776424   0.004999472212 1776585327.64
-0.0361135089988  0.0318966739102 -0.0047118443209 1776585327.66
  -0.036803954266   0.0338109266626 -0.00882107059291 1776585327.69
 -0.0409516517032   0.0359328032683 -0.00563615037258 1776585327.71
-0.0495394333913  0.0376624393067 0.00626463826827 1776585327.73
-0.0633562043573  0.0384852656712  0.0279164663148 1776585327.74
-0.0827768935356  0.0381528007427  0.0598372873854 1776585327.76
-0.107662561244 0.0368428541486  0.101945246802 1776585327.79
-0.137423073624 0.0352580881761  0.153580541791 1776585327.81
-0.171235636724  0.034625647906  0.213656445977 1776585327.83
-0.208362009257 0.0365732647513  0.280916598346 1776585327.84
-0.248467951274 0.0428788694536  0.354227612267 1776585327.87
-0.291831211022 0.0551190537191  0.432804546706 1776585327.89
-0.339336134374 0.0742715946224  0.516265243656 1776585327.91
-0.392195420067  0.100351291794  0.604443579377 1776585327.92
-0.451407623278  0.132168668232   0.69695648409 1776585327.94
-0.517040517231  0.167291778365  0.792600101803 1776585327.96
-0.587506621687  0.202260737529  0.888724763454 1776585327.99
-0.659045546957  0.233056104488  0.980783448998 1776585328.01
-0.725627121211  0.255764386098   1.06224621919 1776585328.03
-0.779426845866  0.267328986329   1.12501631684 1776585328.04
-0.811903611901  0.266236846615    1.1603786446 1776585328.06
-0.815350377801  0.252982226238   1.16037865043 1776585328.09
-0.784630355184  0.230176606571   1.11940068754 1776585328.11
-0.718701536816  0.202236177754    1.0356247177 1776585328.12
-0.621513582168   0.17466504562  0.912017859794 1776585328.14
-0.501955743115  0.153045068516  0.756576847987 1776585328.16
-0.372734148721  0.141920724664  0.581672970343 1776585328.19
-0.248318810749  0.143809816556  0.402536559803 1776585328.21
-0.142356625102  0.158564382682  0.235112593566 1776585328.23
-0.0651203789815    0.18324695395  0.0936750767886 1776585328.24
  -0.02159592837   0.212583704468 -0.0113364762594 1776585328.26
-0.0106792779369   0.239929136041 -0.0748245533217 1776585328.29
-0.0256902037622   0.258556632567 -0.0975835624221 1776585328.31
-0.0560802024715   0.263006700162 -0.0857955029904 1776585328.33
-0.0899124724013   0.250203084706 -0.0496015751435 1776585328.34
  -0.116505304963    0.220093940524 -0.00107223856676 1776585328.36
-0.128608417806  0.175680485618 0.0479899830091 1776585328.39
 -0.12362594656  0.122433435071 0.0879728276254 1776585328.41
-0.103663733082 0.0672337616769  0.112751548444 1776585328.43
-0.0744842516324  0.0170753881822   0.120173689884 1776585328.44
-0.0437151505554 -0.0221906763377   0.111733545286 1776585328.46
-0.0188101823123 -0.0468162767612  0.0916081725026 1776585328.49
-0.00527323569123  -0.0556475393942   0.0653397062654 1776585328.51
-0.00553777319142  -0.0500897098278   0.0384853581114 1776585328.53
-0.0186902662224 -0.0336038574097  0.0155176477926 1776585328.54
  -0.0410002648911   -0.0108844850792 -0.000838873565547 1776585328.56
 -0.0670325196584   0.0130863075825 -0.00977263825934 1776585328.58
-0.0910101537053  0.0339142875771  -0.012110258608 1776585328.61
  -0.108086665924   0.0484463528568 -0.00974861015216 1776585328.63
  -0.115255982953   0.0551154721155 -0.00498036802267 1776585328.64
  -0.111752618285   0.0539621013584 0.000111153385401 1776585328.66
-0.0989300737814  0.0463778347754 0.00406246302568 1776585328.68
-0.0797210597089  0.0346587795042 0.00619143493444 1776585328.71
-0.0578558014588  0.0214753074677 0.00652674019765 1776585328.73
 -0.037036822628 0.00936251369463   0.005575772705 1776585328.74
 -0.0202449197379 0.000315876698422  0.00402824648701 1776585328.77
 -0.0092949079284 -0.00445488661522  0.00249012497276 1776585328.77
-0.00468847989584 -0.00459707979191  0.00131623347334 1776585328.8
 -0.00574256170991 -0.000528911721641  0.000570037261291 1776585328.82
 -0.0109190419368  0.00676018891057 9.77623875655e-05 1776585328.84
  -0.0182542949507    0.0159645431474 -0.000327864203612 1776585328.85
  -0.0257863299128    0.0257130661886 -0.000854386636333 1776585328.87
 -0.0318990067363   0.0347679142946 -0.00144378618327 1776585328.9
  -0.035537301424     0.04214342523 -0.00185165118592 1776585328.92
 -0.0362842071994   0.0471425425276 -0.00170006228488 1776585328.94
  -0.0343192671075    0.0493307348486 -0.000622869549523 1776585328.96
-0.0302956512772  0.0484826825004 0.00156074557801 1776585328.97
-0.0251765080906  0.0445406022806  0.0046981246209 1776585329
-0.0200651604828  0.0376135376361 0.00822867766509 1776585329.02
-0.0160524900025  0.0280261700273   0.011213375754 1776585329.04
-0.0140932255885  0.0163992967405  0.0124731322727 1776585329.05
 -0.014913964481 0.00372053942901  0.0108145656001 1776585329.08
 -0.0189508062073 -0.00864776619061   0.0052995252695 1776585329.1
 -0.0263130754025  -0.0190695653852 -0.00449882098977 1776585329.12
-0.0367703886155  -0.025864216518 -0.0183127735102 1776585329.14
-0.0497617033571 -0.0276418638452 -0.0351187938858 1776585329.16
-0.0644258331825 -0.0236790556349 -0.0532249525424 1776585329.18
-0.0796529381007 -0.0142359929195 -0.0705035653411 1776585329.21
  -0.0941562323541 -0.000708882799599   -0.0847330384118 1776585329.23
 -0.106563353222  0.0144649794818 -0.0939862971505 1776585329.24
-0.115527675437 0.0281776475693 -0.096989515151 1776585329.26
 -0.119860347073  0.0372528220541 -0.0933783468043 1776585329.28
 -0.118681964249  0.0391659143905 -0.0837988573532 1776585329.31
  -0.11158659311  0.0327193071016 -0.0698313676887 1776585329.33
-0.0987998196234  0.0184993417843 -0.0537491920355 1776585329.35
  -0.081298989038 -0.00102531142131   -0.038152742077 1776585329.36
-0.0608530405543  -0.021831478264 -0.0255376967116 1776585329.38
-0.0399380908636  -0.039065176186 -0.0178629325524 1776585329.41
-0.0214987309651 -0.0480299638039 -0.0161818921533 1776585329.43
-0.00855533377862  -0.0452302746011  -0.0203933599198 1776585329.44
-0.00369996144883  -0.0292269674445  -0.0291565176409 1776585329.46
-0.00856713197519 -0.00108850293215   -0.040000679496 1776585329.48
-0.0233964234445  0.0356938291676 -0.0496401666456 1776585329.51
-0.0468077631462  0.0758314565677 -0.0544768623709 1776585329.53
-0.0758790220002   0.113272718677 -0.0512369115496 1776585329.54
 -0.106551330624   0.142404998548 -0.0376485838259 1776585329.56
 -0.134304862351   0.159137931847 -0.0130360841482 1776585329.58
-0.154970832418   0.16161419039 0.0213070049893 1776585329.61
-0.165500001063  0.150399061853 0.0620792567991 1776585329.63
-0.164511286242  0.128143623878  0.104325087251 1776585329.64
-0.152497111147 0.0988529482709  0.142154284319 1776585329.66
-0.131648602425  0.066978548456  0.169712279884 1776585329.68
-0.105356863737 0.0365705931181  0.182217323818 1776585329.71
-0.0775191784142   0.010673683577   0.176853198871 1776585329.73
 -0.0518130192327 -0.00894455685925    0.153329455226 1776585329.74
-0.0310915106206 -0.0217451676518   0.113990221154 1776585329.76
-0.0170094342109 -0.0281415763489  0.0634494533489 1776585329.78
-0.00992494225071  -0.0291238295185  0.00783017035849 1776585329.8
-0.00905703167622  -0.0259044648953  -0.0462362577235 1776585329.82
-0.0128279223887 -0.0196673480425 -0.0926540565947 1776585329.84
-0.0192921150376 -0.0114473181608  -0.126756900689 1776585329.86
-0.0265522581216 -0.0021202568346  -0.145901159476 1776585329.87
-0.0330819182032 0.00754641969734  -0.149677484232 1776585329.9
-0.0379087160884  0.0168387908822  -0.139738627496 1776585329.93
-0.0406484714253  0.0250783038497  -0.119312664408 1776585329.95
-0.0414134421678  0.0316554689122 -0.0925210230274 1776585329.96
-0.0406396141342   0.036103391898 -0.0636426344742 1776585329.98
-0.0388867934614  0.0381810783629 -0.0364583065046 1776585330
-0.0366615229196  0.0379322666888 -0.0137778524943 1776585330.03
-0.0342993126333  0.0356946329599 0.00279480200213 1776585330.04
-0.0319233704167  0.0320513668707  0.0128556214992 1776585330.06
-0.0294765319929  0.0277352528874  0.0169969968187 1776585330.08
-0.0268058996247  0.0235083578234  0.0164815233719 1776585330.1
-0.0237693042621  0.0200448677078  0.0128787959007 1776585330.13
   -0.0203308184  0.0178404558043 0.00774184473424 1776585330.15
-0.0166186925889  0.0171614506686 0.00237540815033 1776585330.16
 -0.0129309454818   0.0180352166833 -0.00228332276444 1776585330.18
-0.00968808638831   0.0202738031029 -0.00568070595604 1776585330.2
-0.0073457048933  0.0235187808762 -0.0075897059054 1776585330.23
-0.00628915186023   0.0272964512907 -0.00801897113773 1776585330.24
-0.00673648802704    0.031077050467 -0.00712332891259 1776585330.26
-0.00867370728282   0.0343358687898 -0.00513875836155 1776585330.28
 -0.0118385944097   0.0366157073208 -0.00234902885846 1776585330.3
 -0.0157581914689   0.0375880487609 0.000922976003816 1776585330.33
-0.0198322734374  0.0371060258009 0.00431486844672 1776585330.34
-0.0234444063874  0.0352383521368 0.00743237801927 1776585330.36
-0.0260757964297  0.0322726266797 0.00987686532221 1776585330.38
-0.0273969638642  0.0286804990503  0.0112950314278 1776585330.4
-0.0273183452195  0.0250456568107  0.0114425160224 1776585330.43
-0.0259914238845  0.0219657721997   0.010244993205 1776585330.44
-0.0237638151183  0.0199475598332 0.00783757343488 1776585330.47
 -0.021101605155  0.0193168006477 0.00456684277865 1776585330.48
-0.0184978214015  0.0201617322435 0.00094866377139 1776585330.5
  -0.016386385578   0.0223202352341 -0.00241377938325 1776585330.52
 -0.0150769681564    0.025411700618 -0.00493660364144 1776585330.55
 -0.0147195289004   0.0289060163525 -0.00616442867785 1776585330.56
 -0.0153000852768   0.0322162777249 -0.00585836458189 1776585330.58
 -0.0166632602083   0.0347989866101 -0.00404291167855 1776585330.6
  -0.018553531698   0.0362453565074 -0.00100049297926 1776585330.63
-0.0206659174807  0.0363493141449 0.00278631116914 1776585330.65
-0.0226973321105  0.0351413496298 0.00673312325885 1776585330.66
-0.0243911376858  0.0328822222813   0.010271640016 1776585330.68
-0.0255690325967  0.0300165825179  0.0129609678334 1776585330.7
-0.0261465217044  0.0270934978549  0.0145672403603 1776585330.73
-0.0261310211002  0.0246675989802  0.0150933028864 1776585330.75
-0.0256049470173  0.0231992495483  0.0147520897885 1776585330.76
-0.0246991306866  0.0229729650334  0.0138912657488 1776585330.78
-0.0235636322623  0.0240495473266  0.0128890231703 1776585330.8
-0.0223429026996  0.0262599969112  0.0120481402897 1776585330.82
-0.0211602870319  0.0292403690866  0.0115155018488 1776585330.84
-0.0201136291626   0.032498755407  0.0112473810249 1776585330.86
-0.0192800810095  0.0355003087287  0.0110289072953 1776585330.88
-0.0187251266582  0.0377545208286  0.0105424782359 1776585330.9
-0.0185092926261  0.0388905870005 0.00946781827682 1776585330.92
-0.0186867447607  0.0387105608282 0.00758872799978 1776585330.95
-0.0192930297813  0.0372146448568 0.00487983569456 1776585330.96
-0.0203237849904  0.0345972299576 0.00155090778509 1776585330.98
 -0.0217108142145   0.0312158005465 -0.00196467855708 1776585331
 -0.0233048824308   0.0275377543176 -0.00507870956851 1776585331.03
 -0.0248747277898   0.0240727098774 -0.00716275948277 1776585331.05
 -0.0261287353924   0.0212997389941 -0.00768592714829 1776585331.06
 -0.0267599892661   0.0195996496783 -0.00634551307874 1776585331.08
 -0.0265084014369   0.0192016567844 -0.00315925032144 1776585331.1
-0.0252272602836  0.0201516615747 0.00150592414339 1776585331.12
-0.0229378250158  0.0223063779325 0.00698014244139 1776585331.15
-0.0198559042778  0.0253541484658  0.0124058930823 1776585331.16
-0.0163790395122  0.0288598181456  0.0168991065061 1776585331.18
-0.0130311752397  0.0323277536804   0.019720966483 1776585331.2
-0.0103718064293  0.0352743287189   0.020422331731 1776585331.22
-0.00888621476201   0.0372992970991   0.0189292640903 1776585331.25
-0.00888003500336   0.0381448510116   0.0155523431348 1776585331.26
-0.0104029265268  0.0377322621072  0.0109199815457 1776585331.28
-0.0132215457203  0.0361691905364 0.00585206762953 1776585331.3
-0.0168518999677   0.033725901227 0.00120131302415 1776585331.32
  -0.020647690685   0.0307848032091 -0.00230586321502 1776585331.35
 -0.0239276560428   0.0277732764459 -0.00419883926993 1776585331.36
 -0.0261146614588   0.0250930054772 -0.00433922435203 1776585331.38
 -0.0268551860587   0.0230591231197 -0.00293083944627 1776585331.4
  -0.0260913659929    0.0218596102442 -0.000462168666172 1776585331.42
-0.0240684233433  0.0215406063616 0.00240676889057 1776585331.44
-0.0212756797952  0.0220177702685 0.00498962919781 1776585331.46
-0.0183355089446  0.0231086774959 0.00672013137835 1776585331.48
-0.0158672027638  0.0245774097766 0.00726771777213 1776585331.5
-0.0143583608011  0.0261807920126 0.00659690071866 1776585331.52
-0.0140734895372    0.02770657139  0.0049574242739 1776585331.54
-0.0150188375263  0.0289969249917 0.00280874598252 1776585331.56
 -0.0169671193707   0.0299550843419 0.000698372096071 1776585331.58
  -0.0195301522143    0.0305373733645 -0.000875062516335 1776585331.6
 -0.0222561166372   0.0307365083904 -0.00157968323668 1776585331.62
  -0.024724352222   0.0305638238917 -0.00132055559268 1776585331.64
  -0.0266149876803    0.0300376551521 -0.000246469274346 1776585331.66
-0.0277412539091  0.0291823391752 0.00130562475284 1776585331.68
-0.0280451304022  0.0280378398193 0.00291140481647 1776585331.7
-0.0275677148654  0.0266753489282 0.00417671578646 1776585331.72
-0.0264111211491  0.0252111838021 0.00483961670786 1776585331.74
-0.0247075951609  0.0238111395461 0.00482970772042 1776585331.76
-0.0226050183938  0.0226801650735 0.00427016040689 1776585331.78
-0.0202689659522  0.0220366554471 0.00342470304155 1776585331.8
-0.0178935289349  0.0220751927353 0.00260775364883 1776585331.82
-0.0157089866283  0.0229249554641 0.00208597864365 1776585331.84
-0.0139752663195  0.0246126572883 0.00200074290625 1776585331.86
-0.0129553193047  0.0270387283856 0.00233319008276 1776585331.88
-0.0128701343485  0.0299737195494 0.00291991225941 1776585331.9
-0.0138446168874  0.0330787733692 0.00351190285654 1776585331.92
-0.0158586646547   0.035949611811 0.00385738068987 1776585331.94
-0.0187188879885  0.0381782202566 0.00378337657047 1776585331.96
-0.0220630911202  0.0394212940825 0.00325267978984 1776585331.98
-0.025402610954 0.0394612709906  0.002380591473 1776585331.99
-0.0281986511008  0.0382461342485 0.00140721317456 1776585332.02
 -0.0299600353549   0.0358987789937 0.000632670964738 1776585332.04
 -0.0303433410065   0.0326944102704 0.000332185358076 1776585332.06
 -0.0292336141145   0.0290125481328 0.000673398636368 1776585332.08
-0.0267856592468  0.0252759202879  0.0016586284484 1776585332.09
-0.0234124452326   0.021890107722 0.00310923642035 1776585332.12
-0.0197178145365  0.0191952139021 0.00469881973847 1776585332.14
-0.0163835612936  0.0174353795458 0.00602879896588 1776585332.16
-0.0140330146262  0.0167457621637 0.00672780088425 1776585332.18
-0.0131010328323  0.0171519108968 0.00654874812317 1776585332.19
-0.0137410149178  0.0185750697561 0.00543723107644 1776585332.22
-0.0157922265907  0.0208393384377 0.00355189509213 1776585332.24
-0.0188167933174  0.0236814948153 0.00123039614339 1776585332.26
 -0.0221985741806   0.0267688051027 -0.00109050390825 1776585332.28
 -0.0252804236159   0.0297312709816 -0.00297914486395 1776585332.29
-0.0275065750455  0.0322109163813 -0.0041088498044 1776585332.32
 -0.0285359639095   0.0339228724771 -0.00432603813239 1776585332.34
 -0.0283004967926   0.0347144962415 -0.00366850297425 1776585332.36
 -0.0269969932005   0.0346038381229 -0.00233076329442 1776585332.38
  -0.025018378123   0.0337807631145 -0.00058956978785 1776585332.39
-0.0228441170396  0.0325635566401 0.00128502299032 1776585332.41
-0.0209185336614   0.031318172391  0.0031033186093 1776585332.44
-0.0195470483179  0.0303610917549 0.00479037050411 1776585332.47
  -0.01883475168  0.0298743530806 0.00637136611662 1776585332.48
-0.0186806441587   0.029859182456 0.00791634090718 1776585332.49
-0.0188268672722  0.0301432217286 0.00946780915513 1776585332.51
-0.0189485022372  0.0304396803452  0.0109814022754 1776585332.54
-0.0187592932313  0.0304406579107    0.01230469021 1776585332.56
-0.0181046257921  0.0299165796482  0.0132048373777 1776585332.58
-0.0170165202106  0.0287920995368   0.013437211813 1776585332.6
-0.0157156264699   0.027176161306  0.0128316008294 1776585332.61
-0.0145596124097  0.0253378390563  0.0113659601686 1776585332.64
-0.0139519391455  0.0236358417586 0.00920171951343 1776585332.66
-0.0142356251746  0.0224230786366 0.00666750472381 1776585332.68
-0.0156001756783   0.021954226088 0.00419465719872 1776585332.69
-0.0180255621613  0.0223220452761 0.00222236658151 1776585332.72
-0.0212765878951    0.02343854198 0.00109831023777 1776585332.74
-0.0249475163253  0.0250634847447 0.00100079388339 1776585332.76
-0.0285443085647  0.0268696095434 0.00190145150384 1776585332.78
-0.0315833635665  0.0285246947994 0.00357620896335 1776585332.79
-0.0336830655008  0.0297677572518 0.00565975246283 1776585332.82
-0.0346279187766   0.030460233713 0.00772837605012 1776585332.84
-0.0343932850417  0.0306016672339   0.009390272358 1776585332.86
-0.0331292607756  0.0303101479098  0.0103622205787 1776585332.88
-0.0311120937883  0.0297771130013   0.010516711422 1776585332.89
-0.0286781661744  0.0292114242121  0.0098919025513 1776585332.91
-0.0261575605346  0.0287879802973 0.00866588072469 1776585332.94
-0.0238216602687  0.0286123362781   0.007104326004 1776585332.96
-0.0218534693745  0.0287067838439 0.00549549430411 1776585332.98
-0.0203423677372  0.0290171725584 0.00408790434573 1776585332.99
-0.0192987900233  0.0294350730377 0.00304421675802 1776585333.01
-0.0186802668408  0.0298276224383 0.00242003707752 1776585333.04
 -0.018419126663  0.0300675846448 0.00216991558762 1776585333.06
-0.0184438894747  0.0300580603108 0.00217629621747 1776585333.08
-0.0186901945341  0.0297488199593 0.00229218193058 1776585333.09
-0.0191016051969  0.0291435368221 0.00238585012563 1776585333.11
-0.0196242376602  0.0282988491348 0.00237632992103 1776585333.14
-0.0202006615571  0.0273170838982 0.00225123499941 1776585333.16
-0.0207675980243   0.026334605713 0.00206327009025 1776585333.18
-0.0212593043804  0.0255071722748  0.0019073260374 1776585333.19
-0.0216155724077  0.0249927281404 0.00188526115723 1776585333.21
-0.0217913527407  0.0249314576093 0.00206883691663 1776585333.24
-0.0217648330255  0.0254233770568 0.00247178211149 1776585333.26
-0.0215420455948  0.0265054678096 0.00303934782366 1776585333.28
 -0.021157749882  0.0281326861014 0.00365868077009 1776585333.3
-0.0206733578977  0.0301688978282 0.00418732347481 1776585333.31
-0.0201725726988  0.0323936361846 0.00449190058063 1776585333.34
-0.0197545411165  0.0345279052913 0.00448612414903 1776585333.36
-0.0195235632966  0.0362773188897 0.00415748545014 1776585333.38
-0.0195745833037  0.0373849854559 0.00357520342527 1776585333.39
-0.0199751064372  0.0376818569207  0.0028770511639 1776585333.41
 -0.020746439212  0.0371209450538 0.00223806348387 1776585333.44
 -0.021849227034  0.0357850668293 0.00182853583839 1776585333.46
-0.0231789666763  0.0338649832686 0.00177135688051 1776585333.48
-0.0245756694692  0.0316135958207 0.00210917791099 1776585333.5
-0.0258482449296  0.0292891900565 0.00279003585997 1776585333.51
-0.0268096114963  0.0271040452913 0.00367592209615 1776585333.54
-0.0273147388531  0.0251929050202 0.00457311191526 1776585333.56
-0.0272922434888  0.0236092494616 0.00527722842204 1776585333.58
-0.0267613464147  0.0223479147959 0.00562175289681 1776585333.6
-0.0258294998564  0.0213833995889 0.00551740703697 1776585333.61
-0.0246707036311  0.0207076028937 0.00497199762793 1776585333.64
-0.0234892138284  0.0203512061959 0.00408538582124 1776585333.66
-0.0224768919394  0.0203795918407 0.00302091300161 1776585333.68
 -0.021774020207  0.0208645440606 0.00196114645523 1776585333.7
-0.0214425918917  0.0218428259566 0.00106037741119 1776585333.72
 -0.0214580132459   0.0232781729546 0.000407473090357 1776585333.74
 -0.0217205730185   0.0250423535932 9.93725332022e-06 1776585333.76
  -0.0220831185721    0.0269243551461 -0.000195958988473 1776585333.78
   -0.02238741972    0.028667149685 -0.00031173121673 1776585333.8
  -0.0224998067221    0.0300224397015 -0.000429884005621 1776585333.81
 -0.0223374448283   0.0308083030457 -0.00058855295974 1776585333.83
  -0.0218798680875    0.0309541835785 -0.000743235427373 1776585333.86
  -0.0211650532754    0.0305216748444 -0.000767324950563 1776585333.88
  -0.0202737009873    0.0296960700351 -0.000484926791873 1776585333.9
 -0.0193079662173   0.0287504638536 0.000270986965608 1776585333.92
-0.0183709596096  0.0279897481811 0.00159127134176 1776585333.94
-0.0175513560775   0.027685541804 0.00343504965071 1776585333.97
-0.0169146049918  0.0280148366697 0.00560503253841 1776585333.98
-0.0164998222474  0.0290148431481 0.00776492734471 1776585334
-0.0163202359614  0.0305640539496 0.00949851352043 1776585334.01
-0.0163651258166  0.0323950532651  0.0103981828146 1776585334.04
-0.0166020926905  0.0341386562991  0.0101623005023 1776585334.06
-0.0169795935836  0.0353925535853 0.00867790768231 1776585334.08
-0.0174304596648  0.0358020018137 0.00606848008934 1776585334.1
-0.0178773275953  0.0351366290063 0.00269430255225 1776585334.11
   -0.018240580291    0.0333472831903 -0.000896932992563 1776585334.13
 -0.0184487074445   0.0305904333142 -0.00406184277803 1776585334.16
 -0.0184501635334   0.0272140964266 -0.00617980738289 1776585334.18
    -0.0182249638    0.023706837283 -0.00677692855135 1776585334.2
-0.0177935688655  0.0206182408396 -0.0056314869285 1776585334.21
  -0.017220335472   0.0184643190255 -0.00283783735314 1776585334.24
-0.0166093040522  0.0176342749941 0.00118875444193 1776585334.26
-0.0160915536871  0.0183157569639 0.00577339680437 1776585334.28
-0.0158055646163  0.0204537279968  0.0101020517921 1776585334.3
-0.0158742914986  0.0237528612202  0.0133797388192 1776585334.31
-0.0163840479924  0.0277251763849  0.0149938633293 1776585334.34
-0.0173701249175  0.0317749334328  0.0146459955573 1776585334.36
-0.0188121548081  0.0353040506701  0.0124203678526 1776585334.38
-0.0206391174524  0.0378161161029 0.00877075931378 1776585334.4
-0.0227406636187  0.0389971939016 0.00442619597565 1776585334.41
 -0.0249795001675   0.0387573867272 0.000235280889593 1776585334.43
 -0.0272000159035   0.0372270448655 -0.00301595421558 1776585334.46
 -0.0292312672267   0.0347127050834 -0.00477081091139 1776585334.48
 -0.0308867475716   0.0316268697252 -0.00481441456837 1776585334.5
 -0.0319670071129   0.0284099898823 -0.00330560535904 1776585334.51
  -0.0322722195971    0.0254617442166 -0.000721433388551 1776585334.53
 -0.031629309992  0.0230931413799 0.00227063194456 1776585334.56
-0.0299328138427  0.0215035401095 0.00497919463271 1776585334.58
-0.0271919830863  0.0207798644203 0.00685093391031 1776585334.6
-0.0235710851772  0.0209108574099 0.00758726104145 1776585334.61
 -0.019407527975  0.0218079361793 0.00718844103485 1776585334.64
-0.0151947870543  0.0233258609963 0.00591875839461 1776585334.66
-0.0115242411253  0.0252799104315 0.00420791280233 1776585334.68
-0.00899051695598   0.0274599113171  0.00252011633191 1776585334.7
-0.00807606546372   0.0296437615171  0.00122908205334 1776585334.71
-0.00903914422466   0.0316132318464 0.000532886493872 1776585334.73
 -0.0118323884678   0.0331730912905 0.000429217688004 1776585334.76
 -0.0160753379703   0.0341719634169 0.000752885055797 1776585334.78
-0.0210941034776  0.0345210386063 0.00125904903304 1776585334.8
-0.0260269875352  0.0342059191797 0.00172263575854 1776585334.81
-0.0299796972304  0.0332880410737 0.00202049908566 1776585334.83
-0.0322014686738   0.031895029343 0.00216924520295 1776585334.86
-0.0322468806009   0.030202771281 0.00230653223904 1776585334.88
-0.0300887582881  0.0284141936433 0.00262276505441 1776585334.9
-0.0261550853025  0.0267394602552 0.00326746124438 1776585334.92
-0.0212757529493  0.0253796536558 0.00426430931967 1776585334.94
-0.0165411678737   0.024512425674 0.00546740551828 1776585334.96
-0.0130918341617  0.0242755964386 0.00657843696004 1776585334.98
-0.0118734776658  0.0247447525185 0.00722470700224 1776585335
 -0.013403380367  0.0259039400906 0.00707739718116 1776585335.02
-0.0175976913815  0.0276138178978 0.00597497621402 1776585335.04
 -0.023704480118  0.0295874697413 0.00401275972472 1776585335.06
-0.0303723245944   0.031388204654 0.00156748579555 1776585335.08
  -0.0358602941528    0.0324636612613 -0.000756916232915 1776585335.1
 -0.0383655760753   0.0322246205873 -0.00225440501531 1776585335.12
 -0.0364151587592   0.0301650998926 -0.00228466532814 1776585335.14
  -0.0292447529555    0.0260049774494 -0.000442609841826 1776585335.16
-0.0170783266341  0.0198222050304 0.00331408240257 1776585335.18
-0.00123032696367   0.0121341207099   0.0086145278487 1776585335.2
 0.0160184778427 0.00389103126895  0.0147189762374 1776585335.22
  0.0317746368597 -0.00363814761078   0.0206531002648 1776585335.24
  0.0430634622114 -0.00908114665027   0.0254049134522 1776585335.26
 0.0474358816357 -0.0112402702343  0.0281398866684 1776585335.29
  0.0435165643479 -0.00936958443728   0.0283829041581 1776585335.3
  0.0313591886667 -0.00337878306452   0.0261217930241 1776585335.32
 0.0125116729869 0.00609613623634  0.0218058286518 1776585335.34
-0.0102383302346  0.0177824496145  0.0162394838096 1776585335.36
-0.0333874474874  0.0300045422841    0.01039923195 1776585335.38
-0.0533915780788    0.04100691536 0.00522108730781 1776585335.4
-0.0673375131339  0.0492888520217 0.00141261407211 1776585335.42
   -0.073463004964    0.0538736545956 -0.000666230342821 1776585335.44
  -0.071420878857   0.0544566308723 -0.00103033111856 1776585335.46
   -0.062248910139    0.0514096982903 -7.72990419278e-06 1776585335.48
-0.0480760726065  0.0456555811289 0.00188505387713 1776585335.5
-0.0316498315216  0.0384515232051 0.00409115954645 1776585335.52
-0.0157973169756  0.0311358117465 0.00614397586212 1776585335.54
-0.00293263203669   0.0248896775083  0.00774902428369 1776585335.56
0.00530211949176   0.020555601017 0.00880331740389 1776585335.58
0.00821370495929  0.0185358729975 0.00935766810173 1776585335.6
0.00604679715241  0.0187774909499 0.00954299325114 1776585335.62
-0.000184146199901    0.0208347287342   0.00948937148085 1776585335.64
-0.00896563765018   0.0239905739029  0.00926503238656 1776585335.66
-0.0185951799447  0.0274124841735 0.00885300291703 1776585335.68
-0.0274720785144  0.0303154846208 0.00816939951141 1776585335.7
-0.0343253092152  0.0321057135466 0.00711380597229 1776585335.72
-0.0383540856167  0.0324803635975 0.00563276963119 1776585335.74
-0.0392758501706  0.0314665490964 0.00377445109852 1776585335.76
-0.0372917018237  0.0293924695616 0.00171594636636 1776585335.78
  -0.0329892379262    0.0267980386327 -0.000247025450387 1776585335.8
 -0.0272075375455    0.024305565499 -0.00174819196743 1776585335.82
 -0.020889475887  0.0224799840995 -0.0024270318542 1776585335.84
 -0.0149437390499   0.0217096102272 -0.00201651512925 1776585335.86
 -0.0101336132025    0.022132157945 -0.00042168627691 1776585335.88
-0.00700267097246   0.0236190257648  0.00223117534587 1776585335.9
-0.0058400047995  0.0258173101617 0.00559035512275 1776585335.92
-0.00668109945062   0.0282371327625  0.00912618577349 1776585335.94
-0.00933609358315   0.0303639532517   0.0122253067258 1776585335.96
-0.0134356409995  0.0317722354536   0.014314691269 1776585335.99
-0.0184854569195  0.0322175783145  0.0149888986078 1776585336
-0.0239228230669  0.0316883841607  0.0141100087183 1776585336.02
-0.0291706395351  0.0304050011171  0.0118531966891 1776585336.04
-0.0336863410329  0.0287641491225 0.00868206488691 1776585336.06
-0.0370040754589  0.0272387663322 0.00525461749181 1776585336.09
-0.0387692844444  0.0262558497914 0.00227903059835 1776585336.1
 -0.0387654639798    0.026083337019 0.000352937896666 1776585336.12
  -0.0369332935115     0.026757474909 -0.000173894340345 1776585336.14
 -0.0333820993587   0.0280726818455 0.000721632864677 1776585336.16
-0.0283924711915  0.0296386355489 0.00273605658352 1776585336.19
-0.0224070389603  0.0309895211986 0.00531809240215 1776585336.2
-0.0160049121793  0.0317146132285 0.00780521048597 1776585336.22
-0.00985545019352   0.0315729540037  0.00958271831541 1776585336.24
-0.0046499381613   0.030559988295  0.0102253590765 1776585336.26
-0.00101541388204   0.0289088674132  0.00958744455622 1776585336.29
0.000578069688188   0.0270287261401  0.00782199736752 1776585336.31
-0.000100412950492    0.0254000809973   0.00532798352489 1776585336.32
-0.00299024815012   0.0244580471391  0.00264250909276 1776585336.34
-0.00773212846832   0.0244946183327 0.000307501510214 1776585336.36
 -0.0137127584775   0.0256025949654 -0.00125492044531 1776585336.39
-0.0201561018532  0.0276694778854  -0.001828304705 1776585336.41
-0.0262444384171  0.0304147223547 -0.0014305012288 1776585336.42
   -0.031244995728    0.0334529075273 -0.000282517334425 1776585336.44
-0.0346164820269  0.0363617757064 0.00126932185882 1776585336.46
-0.0360748624319  0.0387382639625 0.00285388100156 1776585336.49
-0.0356078561786  0.0402351940887 0.00417092334125 1776585336.51
-0.0334402502411  0.0405817475693 0.00505873588512 1776585336.52
-0.0299638929419  0.0395976298456 0.00551984233109 1776585336.54
-0.0256539112867  0.0372112352208 0.00570224855126 1776585336.56
-0.0209940171133  0.0334864210967 0.00584376438903 1776585336.59
-0.0164281884209  0.0286534626969  0.0061941730234 1776585336.61
-0.0123450882058  0.0231313022221 0.00693382200379 1776585336.62
-0.00908870328207   0.0175239330903  0.00810758022687 1776585336.64
-0.00697813230591   0.0125758921041  0.00959018737565 1776585336.66
-0.00631501123091  0.00908054892698   0.0110931553077 1776585336.69
-0.00736066925543  0.00774811407842   0.0122153481627 1776585336.71
-0.0102760502459 0.00905420510387   0.012530508518 1776585336.72
-0.0150324804912  0.0131000763871  0.0116969887795 1776585336.74
-0.0213157788041  0.0195189219124  0.0095693481654 1776585336.76
-0.0284552951989  0.0274577712215   0.006289291463 1776585336.79
-0.0354100225321  0.0356523698058 0.00233495035087 1776585336.81
  -0.040835060376    0.042595560778 -0.00148750481984 1776585336.82
 -0.0432349054291   0.0467812292931 -0.00411793894804 1776585336.84
-0.0411886762701   0.046988958147 -0.0043794948007 1776585336.86
-0.0336110574822  0.0425618692514 -0.0011641307204 1776585336.89
-0.0199966201736   0.033623925951 0.00636106127092 1776585336.91
-0.000589160349381    0.0211851635593    0.0185644147888 1776585336.92
 0.0235745776099 0.00709541603135  0.0352187876022 1776585336.94
  0.0507749446857 -0.00617046117041   0.0554655280283 1776585336.96
 0.0788669483031 -0.0158819196524  0.0778938196804 1776585336.99
  0.105639896568 -0.0195280355055   0.100731579488 1776585337.01
  0.129200214203 -0.0153195365162   0.122116358477 1776585337.02
   0.148282008447 -0.00261992337231    0.140390873674 1776585337.04
 0.162398756034 0.0177910282704  0.154355522351 1776585337.06
 0.171785388381 0.0436951196454  0.163415162599 1776585337.09
0.177136367153  0.07168621058 0.167581016629 1776585337.11
 0.179207604722 0.0976706500607  0.167326542576 1776585337.12
0.178399696284 0.117541277628 0.163338853814 1776585337.14
0.174459670694 0.127907792932 0.156241808773 1776585337.16
 0.16641821081 0.126748327262 0.146380924389 1776585337.19
0.152820108823 0.113856451773 0.133746552623 1776585337.21
 0.132220859844 0.0909925154388  0.118071636645 1776585337.22
 0.103834468232 0.0617004236368 0.0990844981565 1776585337.24
 0.068152962822  0.030810016045 0.0768426810435 1776585337.26
  0.027338874784 0.00370016842571  0.0520388685599 1776585337.29
-0.0147711156522 -0.0145604242528  0.0261667168157 1776585337.31
-0.0531246442277 -0.0200554018349 0.00146566975047 1776585337.32
-0.0823275060002 -0.0107067057611 -0.0193784442427 1776585337.34
-0.0977655605467  0.0133116952613 -0.0337315133227 1776585337.36
 -0.096720104934  0.0495057002748 -0.0396012949988 1776585337.39
-0.0791955744055  0.0933562091347 -0.0361763366091 1776585337.41
-0.0482251318586   0.138935447109 -0.0241693961418 1776585337.43
-0.00953230486966    0.179749319316 -0.00585827520159 1776585337.44
0.0294212626386  0.209673701268 0.0152151212168 1776585337.46
  0.06081974246  0.223838375733 0.0348443108639 1776585337.49
0.0780146646956   0.21932274647 0.0489375284535 1776585337.51
0.0768484968509  0.195559543337 0.0543094239882 1776585337.53
0.0564848556408  0.154390003794 0.0493098002652 1776585337.54
0.0195617181011 0.0997684724735 0.0341490575528 1776585337.56
-0.028360737826 0.0371680777275 0.0108489012142 1776585337.59
-0.0799258541472 -0.0272151600761 -0.0171683209327 1776585337.61
 -0.127422144984 -0.0873314701447 -0.0457587699788 1776585337.63
 -0.164221760042  -0.138080885357 -0.0708560922397 1776585337.64
 -0.185912356107  -0.175925407288 -0.0892206439378 1776585337.66
 -0.190904633428  -0.199219132944 -0.0989856218556 1776585337.69
 -0.180428891588  -0.208216450044 -0.0998947532275 1776585337.71
 -0.157976276821  -0.204774896832 -0.0931952898441 1776585337.73
 -0.128359234147  -0.191821157798 -0.0812263179861 1776585337.74
 -0.096634202471  -0.172687346069 -0.0668101104938 1776585337.76
-0.0671348311599   -0.15044431405 -0.0525978160831 1776585337.79
-0.0428096694081  -0.127356345768 -0.0405281444048 1776585337.82
-0.0249634003641  -0.104557712783 -0.0315246755311 1776585337.83
-0.0133936119793 -0.0820102098284 -0.0254908211376 1776585337.84
-0.00682449693758  -0.0587486070001  -0.0215787248239 1776585337.86
-0.00348515817738  -0.0333659115483  -0.0186328858605 1776585337.89
 -0.0016707548723 -0.00464061173732  -0.0156629850425 1776585337.91
-0.000154401119127    0.0278281314862   -0.0121967932906 1776585337.93
 0.00162685166914   0.0631260956288 -0.00840416893592 1776585337.94
 0.00362360149258    0.098805874144 -0.00495554109589 1776585337.96
 0.00541495880255    0.131036571114 -0.00266250949912 1776585337.98
 0.00654665672451    0.155142189697 -0.00202043144134 1776585338.01
0.00685414755023   0.166463733068 -0.0028119944412 1776585338.03
  0.0066653077475    0.161396940606 -0.00392384367214 1776585338.05
 0.00681082431433    0.138397491381 -0.00347433250997 1776585338.06
 0.00842452218475   0.0987254080792 0.000738577927267 1776585338.09
0.0125791281248 0.0467291025096 0.0105614239808 1776585338.11
 0.0198591320222 -0.0104548522745  0.0267583615169 1776585338.13
 0.0300047136314 -0.0637998401157  0.0484521624963 1776585338.14
0.0417566187492 -0.103774278553 0.0729333511352 1776585338.16
0.0529874354887 -0.121989039236 0.0959564669621 1776585338.19
0.0611271119187  -0.11280528534  0.112514353161 1776585338.21
  0.063798347711 -0.0745804302007   0.117939140035 1776585338.23
 0.0594978388091 -0.0102765140265   0.109064797448 1776585338.24
0.0481210017498 0.0727355900602 0.0851407092998 1776585338.26
0.0311506229647   0.16369016613  0.048230972313 1776585338.28
 0.0114148841725   0.250106748636 0.00296353741343 1776585338.31
-0.00755435834422    0.319839175326  -0.0443294670923 1776585338.33
-0.0224054942836   0.363105378679 -0.0868691169339 1776585338.34
-0.0308511094125   0.374097532797  -0.118766183464 1776585338.36
-0.0322984794612   0.351849474151  -0.136107215669 1776585338.39
-0.0280418068735   0.300195110418   -0.13754700171 1776585338.41
-0.0209585507373   0.226854418904  -0.124314718236 1776585338.43
-0.0147954995796      0.141880475 -0.0997025213252 1776585338.45
-0.0132426736925  0.0558354875128 -0.0682256257249 1776585338.46
-0.0190409220361 -0.0219035626033 -0.0346908684578 1776585338.49
 -0.0333431930511  -0.0843843206116 -0.00338502055123 1776585338.51
-0.0554660973898  -0.127690224041   0.022481496883 1776585338.53
-0.083059324409 -0.150924427237 0.0410304822487 1776585338.55
-0.112619392859 -0.155708506216 0.0517016602554 1776585338.56
-0.140205503007 -0.145410548572 0.0550421884851 1776585338.59
-0.162189203127 -0.124315863296 0.0523857160678 1776585338.61
 -0.175883725737 -0.0968983454719  0.0454968332318 1776585338.63
 -0.179942635382 -0.0672740081637  0.0362380026414 1776585338.65
-0.174476980731  -0.03885036889 0.0262975640665 1776585338.66
 -0.160901486713 -0.0141437055366  0.0170021444024 1776585338.69
 -0.141571347625  0.0052769662261 0.00922350274111 1776585338.71
 -0.119303195505  0.0187538393167 0.00337656514333 1776585338.73
 -0.0968828478582    0.026433753282 -0.00050780243173 1776585338.74
  -0.076649724698   0.0291038630329 -0.00266259983819 1776585338.76
 -0.0602191114306   0.0279824624127 -0.00344992064942 1776585338.79
  -0.04836728647  0.0244854036788 -0.0032427269682 1776585338.81
 -0.0410700417034   0.0199975746899 -0.00234559089855 1776585338.83
    -0.03765957595    0.0156829292512 -0.000963606257194 1776585338.85
-0.0370517373915  0.0123615675831  0.0007851805662 1776585338.86
-0.0379946163151  0.0104684050855 0.00282904667216 1776585338.88
-0.0392971247762  0.0100890684612  0.0050935215147 1776585338.91
-0.0400081610812  0.0110510134816 0.00746235884111 1776585338.93
-0.0395297176093  0.0130372623813 0.00976069720981 1776585338.95
-0.037658692976 0.0156897487148 0.0117642714117 1776585338.96
-0.0345613527491  0.0186785111165  0.0132308121537 1776585338.98
-0.0306915046813  0.0217282109033  0.0139444110775 1776585339.01
-0.0266692138455  0.0246093404912  0.0137614224813 1776585339.03
-0.0231416843771  0.0271128937709  0.0126472807571 1776585339.05
-0.020651053832 0.0290307770039 0.0106965835762 1776585339.06
-0.0195334286231  0.0301591727589 0.00813270596134 1776585339.08
-0.0198677674388  0.0303306314717 0.00528691137291 1776585339.11
-0.0214822097772  0.0294670945032 0.00255968641054 1776585339.13
 -0.0240117119851   0.0276351057387 0.000368698619958 1776585339.15
  -0.0269885860331    0.0250798982158 -0.000911300452566 1776585339.16
-0.0299406157768  0.0222186034892   -0.00101054479 1776585339.18
 -0.0324718335967   0.0195838813407 0.000178924540526 1776585339.21
-0.0343084156347  0.0177248057467 0.00256056182934 1776585339.23
-0.0353041935347   0.017087055699 0.00581518869179 1776585339.25
-0.0354133921102  0.0179039995213 0.00941796560817 1776585339.26
-0.0346483109182  0.0201301825132   0.012697912182 1776585339.28
-0.0330433834718  0.0234383088837  0.0149402149233 1776585339.31
-0.0306429584682  0.0272831822968  0.0155208908894 1776585339.33
-0.0275195049182  0.0310171073755  0.0140517496946 1776585339.35
-0.0238152696231  0.0340272133376  0.0105046602549 1776585339.36
-0.0197883122957  0.0358602732607 0.00528143773396 1776585339.38
  -0.0158376418159     0.036305693604 -0.000798526373142 1776585339.41
 -0.0124847536383   0.0354199613186 -0.00660633781607 1776585339.43
-0.0103006118457  0.0334914624188 -0.0109000799798 1776585339.44
-0.00978524600281   0.0309585438882   -0.012579805941 1776585339.46
-0.0112259982055  0.0283027138588 -0.0109523396695 1776585339.48
 -0.0145733349736   0.0259418623368 -0.00594744262467 1776585339.51
-0.0193749399113  0.0241461066514  0.0017705113251 1776585339.53
-0.0247982167531  0.0229929601043  0.0108359871178 1776585339.54
-0.0297511449539  0.0223704750807  0.0193760798409 1776585339.56
-0.033087075115 0.0220277572967 0.0253484343007 1776585339.58
-0.0338566001602  0.0216625253832  0.0269746546487 1776585339.61
-0.0315542988441  0.0210264078586  0.0231925358809 1776585339.63
-0.0263034330648  0.0200224050118  0.0140324269584 1776585339.64
 -0.0189288889541   0.0187676974587 0.000820332290163 1776585339.66
-0.0108866178042  0.0176003445689 -0.0138730914142 1776585339.68
-0.0040432537223  0.0170202107575 -0.0265814715338 1776585339.71
-0.000328005555682    0.0175703377459   -0.0335786304864 1776585339.73
-0.00130585110586   0.0196809710427  -0.0317252415181 1776585339.75
-0.00774255032138   0.0235102379042  -0.0193860429984 1776585339.76
-0.0192445654072  0.0288198488435 0.00277022336297 1776585339.78
-0.0340575058578  0.0349199918724  0.0312920148155 1776585339.81
-0.049092799096 0.0407058149267 0.0599641467211 1776585339.83
-0.060223042498 0.0447910777579 0.0804282883279 1776585339.85
-0.0628434091581  0.0457257804604  0.0833960188608 1776585339.86
-0.052644090175  0.042266751742 0.0603136054388 1776585339.88
-0.0264850937017  0.0336559004126 0.00521287976512 1776585339.9
 0.0167788800627  0.0198526172562 -0.0836045752175 1776585339.93
 0.0756963711518 0.00166717432476  -0.202425547869 1776585339.95
  0.145999387083 -0.0192471313893  -0.341843833925 1776585339.96
   0.22087334622 -0.0405635608509   -0.48752074749 1776585339.98
  0.291738301198 -0.0596033486626  -0.621972798809 1776585340
  0.349458174787 -0.0737653426275  -0.727153972246 1776585340.03
  0.385792977711 -0.0809905653272  -0.787407933479 1776585340.05
  0.394834801567 -0.0801705027052  -0.792246145066 1776585340.06
  0.374143219048 -0.0714079068085  -0.738396153138 1776585340.08
 0.325332277092 -0.056059384925  -0.63067330772 1776585340.1
  0.253958563091 -0.0365283207792  -0.481444787752 1776585340.13
  0.168700596041 -0.0158286425755  -0.308736153461 1776585340.15
 0.0799723405109 0.00300528475046  -0.133317017608 1776585340.16
-0.00176076140112   0.0175423509267   0.0246737777257 1776585340.18
-0.0676303737989   0.026469409298   0.148899218393 1776585340.2
-0.111660270047 0.0298648714639  0.229173339513 1776585340.23
-0.131478584902 0.0291450471315  0.262558839646 1776585340.25
-0.128355443614 0.0266714377794  0.253067795821 1776585340.26
-0.106621319297 0.0250928687149  0.210129115261 1776585340.28
-0.0726407076524  0.0265706498377   0.146242633855 1776585340.3
-0.0335808896852  0.0320764296076  0.0743827465873 1776585340.33
0.00378129464331  0.0409477563324  0.0057160618037 1776585340.35
 0.0340208299076  0.0508347285182 -0.0519320290978 1776585340.36
 0.0536797690398  0.0580842891423 -0.0946451059173 1776585340.38
0.0615064675698 0.0585074928953 -0.122046718325 1776585340.4
0.0583567509621 0.0483832101571 -0.136235070645 1776585340.43
0.0468340976169 0.0254896193556 -0.140392391099 1776585340.44
 0.0307558687301 -0.0100649974435  -0.137467492523 1776585340.46
 0.0145228098555 -0.0554150067583  -0.129259435137 1776585340.48
0.00245390225139  -0.105050325052  -0.116088849145 1776585340.5
-0.00185926664877   -0.151509694083  -0.0970719260224 1776585340.53
0.00387978176117  -0.186582287482 -0.0708534144161 1776585340.54
 0.0202524774898   -0.20283461101 -0.0365451456813 1776585340.56
 0.0459295507194  -0.195189489727 0.00542236155833 1776585340.58
0.0777648477344 -0.162234999942 0.0527913807182 1776585340.6
 0.111206832813 -0.106951445757  0.101469112143 1776585340.62
 0.140995898251 -0.036624339543  0.146043775784 1776585340.64
 0.162045812854 0.0381420361346  0.180711798355 1776585340.66
0.170349125109 0.105203318591 0.200398260818 1776585340.68
0.163720696845 0.153139692614 0.201803926471 1776585340.7
0.142214719295  0.17354651805 0.184130586386 1776585340.73
0.108118305155 0.162834214799 0.149316615628 1776585340.75
0.065522757007  0.12309300164 0.101734949911 1776585340.76
0.0195738201978 0.0617767668945 0.0474333458494 1776585340.78
 -0.0244256545928 -0.00975852251253 -0.00690311945685 1776585340.8
-0.0618643370894 -0.0785385398371 -0.0550403581637 1776585340.83
-0.0894561906965  -0.132542720224 -0.0921207405192 1776585340.84
-0.105561993704 -0.162962664683 -0.115272996888 1776585340.86
-0.110182893575 -0.165639988396 -0.123837057944 1776585340.88
-0.104679617611 -0.141406521976 -0.119213980898 1776585340.9
-0.0913130531373 -0.0953437680823  -0.104410801022 1776585340.93
-0.0727157364543 -0.0352494668824 -0.0833860710809 1776585340.95
-0.0513979298796  0.0302287139948 -0.0603183397184 1776585340.96
-0.0293758916455  0.0933002873385 -0.0389217665018 1776585340.98
-0.00798690763004    0.148192709865  -0.0219207792519 1776585341
 0.0120778911349   0.191577847175 -0.0107655965571 1776585341.03
   0.030539763898     0.22230361875 -0.00562103580194 1776585341.05
  0.0471718653497     0.24065837615 -0.00559923533011 1776585341.06
  0.0614359941252    0.247494883014 -0.00914949468962 1776585341.08
 0.0722591298772    0.24353239282 -0.0144857598921 1776585341.1
 0.0780625774449   0.229052979263 -0.0199377876033 1776585341.13
0.0770795481577  0.204051143703 -0.024154182671 1776585341.15
 0.0678949747459   0.168735016542 -0.0261476701379 1776585341.16
 0.0500501447196   0.124161072245 -0.0252310108016 1776585341.18
 0.0245096499242   0.072743738915 -0.0209249359759 1776585341.2
-0.00619042003785   0.0184242368133  -0.0129175369949 1776585341.23
 -0.0382092095859  -0.0336076653733 -0.00112123924089 1776585341.25
-0.0670564912163 -0.0776056083307  0.0141773462261 1776585341.26
-0.0884901166172  -0.108213006802  0.0321294424015 1776585341.28
-0.0994297708278  -0.121430670995  0.0511850650767 1776585341.3
-0.0986483715174  -0.115371084046  0.0690934594716 1776585341.33
-0.0870590136442 -0.0906314539908    0.08310527303 1776585341.34
-0.0675230798364 -0.0502260447852  0.0903844693171 1776585341.36
 -0.0442314781577 0.000870072388181   0.0885709985029 1776585341.38
-0.0218199175212  0.0564345438882  0.0763736634097 1776585341.4
-0.00444155820882    0.109810508862   0.0540359460377 1776585341.42
0.00497883715253   0.154684386037  0.0235219927356 1776585341.45
0.00514427521739   0.185748080276 -0.0116772250545 1776585341.46
-0.00362483900562    0.199219674598  -0.0471233693599 1776585341.48
-0.0197585211048   0.193228081223 -0.0782893245122 1776585341.5
-0.0410138892901   0.168065447644   -0.10149493261 1776585341.52
-0.0650638043058   0.126284382659  -0.114674288341 1776585341.54
-0.0899155504867    0.07258709101  -0.117758665717 1776585341.56
 -0.11405172412 0.0134455749681 -0.112559554249 1776585341.58
 -0.136294461682 -0.0435775726561  -0.102179458945 1776585341.6
 -0.155500552112 -0.0907715154903 -0.0901188097492 1776585341.62
 -0.170260799604  -0.121364353777 -0.0793383545645 1776585341.64
 -0.178777745984  -0.130571484226 -0.0715459874089 1776585341.66
 -0.179030338454  -0.116401633818 -0.0669013251464 1776585341.68
 -0.169225269722 -0.0800549526119 -0.0641969619761 1776585341.7
 -0.148420855293 -0.0258327393437 -0.0614287974152 1776585341.72
 -0.117129805814  0.0394179024113 -0.0565574693179 1776585341.74
-0.0776886483396   0.107213015619   -0.04822069071 1776585341.76
-0.0342296338635   0.168534647305 -0.0361883877355 1776585341.78
0.00780911027513   0.214964834163 -0.0214415375739 1776585341.8
  0.0425764020471    0.239716846061 -0.00587043884621 1776585341.82
 0.0649319321298   0.238468580669 0.00830447783391 1776585341.84
0.0715549983953  0.209932908441 0.0192132750528 1776585341.86
0.0617747297862  0.156114279545 0.0259200013068 1776585341.88
0.0379048345585 0.0822071671662  0.028741206972 1776585341.9
 0.00496781022234 -0.00389470405838   0.0292059385201 1776585341.92
-0.0301700202701 -0.0924746585562  0.0296619217005 1776585341.94
-0.0600915441281  -0.173190989834  0.0326297174174 1776585341.96
-0.0782808363052  -0.236457634096  0.0400772958886 1776585341.98
-0.0804182474185  -0.274802537566  0.0528123559749 1776585341.99
-0.0652322895288  -0.283968557088  0.0701609249275 1776585342.01
-0.0347223198933  -0.263546770446  0.0900252453336 1776585342.04
0.00628785064315  -0.217013351257   0.109312340165 1776585342.06
0.0511509119767 -0.151159516603  0.124625281104 1776585342.07
 0.0927139240316 -0.0750264775221   0.133039362733 1776585342.09
  0.124654117411 0.00145056108613   0.132763493212 1776585342.11
 0.142547492184 0.0688463730308  0.123518340228 1776585342.14
0.144467108764 0.119472894394 0.106538794026 1776585342.16
 0.131033402056  0.148266181752 0.0842096329451 1776585342.18
 0.104972733274  0.153249934962 0.0594431938021 1776585342.2
0.0703475692062  0.135567548932 0.0349782565556 1776585342.22
0.0316763392735 0.0991295233109 0.0127985590529 1776585342.24
-0.00684665972989   0.0499545589131 -0.00617013491741 1776585342.26
   -0.04188268142 -0.00470218389443  -0.0220129704871 1776585342.28
-0.0711751174018 -0.0573306582801 -0.0354664287205 1776585342.3
-0.0935076348845  -0.101143413468 -0.0473800174882 1776585342.32
 -0.108494909767  -0.130924531297 -0.0581859463259 1776585342.34
 -0.116327711595  -0.143625881678 -0.0675559609737 1776585342.36
 -0.117571192236   -0.13861122423 -0.0743590846579 1776585342.38
 -0.113063782694  -0.117505105683 -0.0769331142971 1776585342.4
 -0.103906854012  -0.083685210409 -0.0735812123489 1776585342.42
-0.0914934578696 -0.0415419873428 -0.0631370630966 1776585342.44
-0.0775102850506 0.00431199952037 -0.0454280453584 1776585342.46
-0.0638608072434  0.0496935232451 -0.0215048128798 1776585342.48
-0.0524898169155  0.0912237023055  0.0064217206378 1776585342.5
-0.0451261923268   0.126385881011  0.0353160236556 1776585342.52
-0.0429894166878   0.153333926085  0.0618443329574 1776585342.54
-0.0465199196847   0.170600348189  0.0829770485006 1776585342.56
-0.0551938638363   0.176879994578  0.0965483767828 1776585342.58
-0.0674731839861   0.171025991464   0.101671231401 1776585342.6
-0.0809247061662   0.152302964562  0.0989334546636 1776585342.62
-0.0925188885502   0.120829772989  0.0903346662722 1776585342.64
-0.0990887028847  0.0780499548395  0.0789600769292 1776585342.66
-0.0978934949331  0.0270278160452  0.0684291053576 1776585342.68
-0.0871965499482  -0.027600706781  0.0622007210534 1776585342.7
-0.0667386182329 -0.0800973608439  0.0628564741532 1776585342.72
-0.0379855468522   -0.12445539822  0.0715039035481 1776585342.75
-0.00405659090822   -0.155420537827   0.0874357992164 1776585342.76
0.0306979050422 -0.169451019254  0.108139905968 1776585342.78
0.0614169550327 -0.165374175415  0.129684774572 1776585342.8
0.0836128665415 -0.144577117605  0.147425662801 1776585342.82
0.0940301251867 -0.110696225227  0.156899550801 1776585342.84
 0.0912841500136 -0.0689008981638   0.154729351983 1776585342.86
 0.0761296908299 -0.0249596371344   0.139347136515 1776585342.88
0.0512929659151 0.0156937768697  0.111378430248 1776585342.9
0.0209027676978 0.0487096709171 0.0735984627341 1776585342.92
-0.0103519738162  0.0712788039887  0.0304623478563 1776585342.94
-0.0381491264068  0.0822741513275 -0.0126952229789 1776585342.96
-0.0593385562359  0.0821273778925 -0.0506208069882 1776585342.98
-0.0724499379862  0.0725273920685  -0.079057421284 1776585343
-0.0777987432533  0.0560323901703 -0.0954211482645 1776585343.02
-0.0771816220853  0.0356667016853  -0.099107202013 1776585343.04
-0.0732502860642  0.0145451150957  -0.091387127241 1776585343.06
 -0.0687295815207 -0.00445541382589  -0.0749590074228 1776585343.08
-0.0656810724244 -0.0189659690771 -0.0532907115738 1776585343.1
-0.0649976648306 -0.0273241324412  -0.029930479068 1776585343.12
 -0.0662503144805  -0.0286809138325 -0.00794200765442 1776585343.14
-0.0679115840518 -0.0229983617454  0.0104379078592 1776585343.16
-0.0678800889642 -0.0109367535438  0.0238992499112 1776585343.18
-0.0641538254434 0.00634113198625  0.0319654237578 1776585343.2
-0.0554696474113  0.0273925310097  0.0347943593447 1776585343.22
-0.0417459069784  0.0506746966192  0.0329621333034 1776585343.24
-0.0242249024945  0.0746264633047  0.0272884265998 1776585343.26
-0.00529071932648   0.0976356024607   0.0187241595654 1776585343.28
 0.0119860735729   0.117930556559 0.00829091283892 1776585343.3
  0.0244699178643    0.133482312766 -0.00295124862956 1776585343.32
 0.0296145360318   0.142020405192 -0.0139278571053 1776585343.34
 0.0260189552291    0.14124356814 -0.0235759678683 1776585343.36
0.0137791820956  0.129242775894 -0.030873480633 1776585343.38
-0.0054315872594   0.105070144461 -0.0348719175336 1776585343.4
-0.0285754713765  0.0693094539778 -0.0347373205974 1776585343.41
-0.0517283723658  0.0244621395248 -0.0298095877847 1776585343.44
-0.0707511843967 -0.0250228743536 -0.0196909475491 1776585343.46
 -0.0820406093881  -0.0731722722993 -0.00436515401988 1776585343.48
-0.0832209478525  -0.113342572658  0.0156689139056 1776585343.5
-0.0736364467271   -0.13935550984  0.0392857930744 1776585343.51
-0.054532498816  -0.14666856004 0.0646933623088 1776585343.54
-0.0288727165922  -0.133305121021  0.0895100658011 1776585343.56
-0.000817156420133    -0.100319216535     0.110983322668 1776585343.58
  0.025034372904 -0.0516852675225   0.126337156357 1776585343.6
 0.0444730131564 0.00635305754277   0.133197830026 1776585343.62
0.0544066472582 0.0663154166659  0.130015709623 1776585343.64
0.0533288260876  0.120667987924  0.116389605179 1776585343.66
0.0414436408411  0.162923272784 0.0932117221362 1776585343.68
0.0204443073449  0.188476799876 0.0625864206241 1776585343.7
-0.00697382974738    0.195085552657   0.0275272125072 1776585343.72
-0.0377251119984   0.182976885951 -0.0085088315646 1776585343.74
-0.0689072367096   0.154637668406 -0.0421475752339 1776585343.76
-0.0981954182976   0.114363511772 -0.0705675286086 1776585343.78
  -0.12397618954  0.0676527123239 -0.0918131541841 1776585343.8
-0.145223593783 0.0205216023191 -0.104900885224 1776585343.82
 -0.161203322757 -0.0211903810876  -0.109731445405 1776585343.84
 -0.171146540736 -0.0524605475111  -0.106879579562 1776585343.86
 -0.174045160869 -0.0696024817913  -0.097360624169 1776585343.88
 -0.168678476992 -0.0706061520047 -0.0824604541191 1776585343.9
 -0.153899069127 -0.0552605861281 -0.0636664449633 1776585343.92
 -0.129110396028 -0.0250587793055 -0.0426741358739 1776585343.94
-0.0947917941444  0.0170708271427 -0.0213966971866 1776585343.96
  -0.052894520249   0.0671281601739 -0.00189491222483 1776585343.98
-0.00695459647844    0.120416625479   0.0138209778253 1776585344
0.0381643845413  0.171873485092 0.0241049207656 1776585344.02
 0.076894418825  0.216350860354 0.0280303238851 1776585344.04
  0.10385850913   0.24889405895 0.0256786628199 1776585344.06
 0.114875873218   0.26508888334 0.0182594594697 1776585344.08
  0.107877738323   0.261531046471 0.00800297276578 1776585344.1
  0.0835341223395    0.236409434619 -0.00217067986994 1776585344.11
  0.0454284710893    0.190110579063 -0.00914380533638 1776585344.14
-0.000311680506064     0.125677353343   -0.0101562086031 1776585344.16
 -0.0459200246432   0.0489251848179 -0.00331694637263 1776585344.18
-0.0833100422212   -0.03194327609  0.0120163265887 1776585344.2
-0.105576865932 -0.107278552494 0.0350490436273 1776585344.22
-0.108381258131 -0.167384916201 0.0635783711964 1776585344.24
-0.0909059614755  -0.204139300369  0.0942362720035 1776585344.26
-0.056143116146 -0.212490602282  0.122920808032 1776585344.28
-0.0104097160578   -0.19149290819   0.145367820115 1776585344.3
0.0378346207724 -0.144614855212  0.157793101231 1776585344.32
 0.0796240860083 -0.0792306720601   0.157514461822 1776585344.34
   0.107221002596 -0.00538884086695    0.143449973437 1776585344.36
 0.115567905291 0.0658837802352  0.116391789027 1776585344.38
 0.103148503362  0.124394886388 0.0789808718692 1776585344.4
0.0720936910202   0.16236950062 0.0353572404212 1776585344.42
  0.0275476358629    0.175534239386 -0.00947443921387 1776585344.43
-0.0235240484693   0.163560075272 -0.0504572216218 1776585344.47
-0.0737864182574   0.129854136588 -0.0833149798143 1776585344.48
-0.116910631843  0.080801700474 -0.105231615481 1776585344.5
-0.148578674942 0.0246309506879 -0.115227777148 1776585344.52
 -0.166934922358 -0.0298960246344  -0.114154603267 1776585344.53
 -0.172451815899 -0.0747639495127  -0.104319018938 1776585344.56
-0.167324592752 -0.103778468238 -0.088850197027 1776585344.58
 -0.154615895908   -0.11329517118 -0.0709814580425 1776585344.6
 -0.137407754369  -0.102519652579 -0.0534335471559 1776585344.62
 -0.118179670686 -0.0733632832934 -0.0380395074945 1776585344.64
-0.0985350087191 -0.0299157159315 -0.0256653452617 1776585344.66
-0.0792784076926  0.0223354971388  -0.016386332663 1776585344.68
 -0.0607432663964   0.0773653456044 -0.00980930314681 1776585344.7
-0.0432089376294   0.129379898528 -0.0054072996842 1776585344.72
 -0.0272424381794    0.173368658485 -0.00275568462789 1776585344.74
 -0.0138419259473    0.205397303919 -0.00161270013021 1776585344.76
-0.00433068222872    0.222684137983 -0.00184914694212 1776585344.78
-2.94187881329e-05     0.223565324013  -0.00328054133752 1776585344.8
-0.00180220377253    0.207468228233 -0.00547934298451 1776585344.82
-0.00961281152561    0.174973680025 -0.00764373380072 1776585344.83
  -0.022235340655    0.127971416223 -0.00857932382515 1776585344.86
  -0.037233425992   0.0698285112753 -0.00681955526623 1776585344.88
  -0.0512610647463    0.0054333713917 -0.000876403674265 1776585344.9
-0.0606566769755  -0.059024864343  0.0104200174184 1776585344.92
-0.0622184378778  -0.116621818618  0.0275619099187 1776585344.93
-0.0539850382116  -0.160582196467  0.0500699765618 1776585344.96
-0.0358228560786  -0.185340099013  0.0763505878453 1776585344.98
-0.00965085720734   -0.187548646318    0.103767145614 1776585345
 0.020784088355 -0.166794574825   0.12894598943 1776585345.02
 0.050556409373 -0.125831172767  0.148281470008 1776585345.04
 0.0744993743213 -0.0702568365179   0.158550359942 1776585345.06
 0.0882181003394 -0.0076976562659   0.157508795254 1776585345.08
0.0889451328594 0.0533411662281  0.144338238369 1776585345.1
0.0760467521977  0.104736487821  0.119835201573 1776585345.12
0.0510771332043   0.13990639662 0.0862971851117 1776585345.14
0.0173891699324  0.154699711673 0.0471300450952 1776585345.16
-0.0205844223165   0.147913829664 0.00627025994959 1776585345.18
-0.0581947715877   0.121401963218 -0.0324402006101 1776585345.2
-0.0913796692698  0.0797799215732 -0.0657824292089 1776585345.22
 -0.117233442372  0.0297778457207 -0.0914838184461 1776585345.24
 -0.134247953645 -0.0206890694528  -0.108294518482 1776585345.26
 -0.142224214073 -0.0636274076471  -0.115853886266 1776585345.28
 -0.141940177023 -0.0921150125697  -0.114446351301 1776585345.3
-0.134712126085 -0.101332690526 -0.104770596661 1776585345.32
 -0.121991464233 -0.0893125372931 -0.0878227607214 1776585345.34
 -0.105098809639  -0.057265699282 -0.0649319008632 1776585345.36
 -0.0851314264952 -0.00941755914794  -0.0379081453082 1776585345.38
 -0.0630141482758   0.0476312258974 -0.00920108041115 1776585345.4
-0.0396207892044   0.105907199418  0.0180575215448 1776585345.42
-0.015883219738  0.157251797645 0.0402273754536 1776585345.44
0.0071747130903  0.194491137571  0.053585598684 1776585345.46
 0.028504253343  0.212406093288 0.0549581141513 1776585345.48
0.0471861908795  0.208376484853 0.0424355561456 1776585345.5
0.0626278945362  0.182642338447 0.0160079352259 1776585345.52
0.0747406634732  0.138187043953 -0.022051990353 1776585345.54
 0.0840334642075  0.0802891327428 -0.0671901737517 1776585345.56
0.0915734928117 0.0158104848411 -0.113021457026 1776585345.58
0.0987930825602 -0.047701775837 -0.152202420306 1776585345.6
  0.10716216583 -0.103012032145 -0.177606883612 1776585345.62
 0.117787743794 -0.144184817917 -0.183604587173 1776585345.64
 0.131034823675 -0.167433990284 -0.167197516229 1776585345.66
 0.146274241789 -0.171685361407 -0.128770981358 1776585345.68
  0.161843173334  -0.158718455683 -0.0722744263034 1776585345.7
   0.175255346836   -0.132808231026 -0.00475323388111 1776585345.72
  0.183633397196 -0.0998836472966  0.0647136169066 1776585345.74
  0.184276347854 -0.0663360035001    0.12648578605 1776585345.76
  0.175240249144 -0.0377114347824   0.171967267745 1776585345.78
  0.155808712302 -0.0175736543517   0.195038385062 1776585345.8
   0.126758727048 -0.00680327950304    0.193045063243 1776585345.82
  0.0903729103202 -0.00350927668103    0.167171757291 1776585345.84
  0.0501974700955 -0.00358814822902    0.122150841679 1776585345.86
  0.0105851333726 -0.00181309195522   0.0653871138355 1776585345.88
-0.0239098448085 0.00679305144839 0.00567443072066 1776585345.9
-0.0492003103302  0.0256191516708 -0.0482627822018 1776585345.92
-0.0623045594289  0.0554770335922 -0.0891593572961 1776585345.94
-0.0618571913034  0.0942005875605  -0.112312976368 1776585345.96
-0.0484011425992   0.136934883699  -0.116236825469 1776585345.99
 -0.02439053167  0.177055001642 -0.102767237813 1776585346.01
0.00612545152577   0.207505044064 -0.0766146366906 1776585346.02
 0.0381091681288   0.222249912262 -0.0444342444124 1776585346.04
  0.066339045867   0.217511619723 -0.0135767113734 1776585346.06
  0.086267814274   0.192523132488 0.00925792970769 1776585346.09
0.0947693181183   0.14965768463 0.0192146217405 1776585346.1
0.0906273630683 0.0939440135805 0.0141028425465 1776585346.12
   0.074674133235   0.0321154211785 -0.00530735723704 1776585346.14
 0.0495603031217 -0.0285721151638 -0.0355538035935 1776585346.16
 0.0192144199244 -0.0814972855992 -0.0712407423997 1776585346.19
-0.0118921222833  -0.121592803171  -0.106117485724 1776585346.2
-0.0395273402565  -0.145896116419  -0.134252221328 1776585346.22
-0.0603815103883  -0.153695867732  -0.151071223712 1776585346.24
-0.0725327217917  -0.146320658377  -0.154076117556 1776585346.26
-0.0756263889307  -0.126670618728   -0.14312857276 1776585346.29
-0.0707589791052 -0.0986137001467  -0.120284202468 1776585346.31
-0.0601134474306 -0.0663619125429 -0.0892458012075 1776585346.32
-0.0464382823407 -0.0339172784205 -0.0545735442468 1776585346.34
 -0.0324851765604 -0.00464382480653  -0.0208249013926 1776585346.36
-0.0205183250844  0.0190101328238 0.00820488764789 1776585346.39
-0.0119831330663   0.035639789788  0.0300072264167 1776585346.41
-0.0073808048529  0.0448773443651  0.0435760119933 1776585346.42
-0.0063481359802  0.0472742038227  0.0493126264437 1776585346.44
-0.0078995303632  0.0440980053776   0.048682471071 1776585346.46
-0.0107594399292  0.0370727582684  0.0437296560914 1776585346.49
-0.0137029005732  0.0280935347698  0.0365722078558 1776585346.51
-0.0158299209741  0.0189505338114  0.0289870148921 1776585346.52
-0.0167223464598  0.0110983549683  0.0221579907842 1776585346.54
-0.0164629369907 0.00550181928817  0.0166132663776 1776585346.56
 -0.015528466414 0.00257802200623   0.012329877205 1776585346.59
-0.0145952602537 0.00223672539987 0.00894838120733 1776585346.61
-0.0143120714275 0.00400173196913 0.00602240972362 1776585346.62
-0.0150988552164 0.00717992034796 0.00323130668982 1776585346.64
 -0.0170203656826   0.0110368926321 0.000504383012353 1776585346.66
 -0.0197627151751   0.0149409756247 -0.00196425254798 1776585346.69
-0.0227140274653  0.0184497133056 -0.0037993949731 1776585346.71
-0.0251238670393  0.0213310545064 -0.0045904745077 1776585346.72
 -0.0262970608217   0.0235294702672 -0.00404913898186 1776585346.74
 -0.0257706198258   0.0250997302831 -0.00212930422338 1776585346.76
 -0.0234291056533   0.0261348304121 0.000925490400622 1776585346.79
-0.0195317512813  0.0267098636593  0.0046194577491 1776585346.81
-0.0146488151195  0.0268537061224 0.00831352322055 1776585346.82
-0.00952830895684   0.0265496079217   0.0113726610877 1776585346.84
-0.00493086491282   0.0257576238291   0.0133088566105 1776585346.86
-0.00147573528942   0.0244478697425   0.0138801352258 1776585346.89
0.000465948229306   0.0226336266119    0.013120631548 1776585346.91
0.000810406842053   0.0203959724321   0.0112979789179 1776585346.92
-0.000267886455699    0.0178951222607   0.00881584506877 1776585346.94
-0.00241719799651   0.0153664779959  0.00609460075081 1776585346.96
-0.00521407918175   0.0131009400989  0.00346736397784 1776585346.99
-0.00826358378568   0.0114099476482  0.00112116076524 1776585347.01
  -0.0112697621091    0.0105773777788 -0.000903331288982 1776585347.02
 -0.0140633063772     0.01080381018 -0.00265948523577 1776585347.04
 -0.0165866943982   0.0121532013336 -0.00421248018813 1776585347.06
 -0.0188489712408   0.0145156054219 -0.00555850565255 1776585347.09
 -0.0208694147971   0.0175996621878 -0.00657545043717 1776585347.11
 -0.0226303962552   0.0209636654008 -0.00702430908248 1776585347.12
 -0.0240550898219   0.0240847115631 -0.00660384150265 1776585347.14
-0.0250168565926  0.0264543298564  -0.005043751115 1776585347.16
 -0.0253765254645   0.0276798628359 -0.00220915232443 1776585347.19
-0.0250344089045  0.0275671621751 0.00181505050566 1776585347.21
-0.0239787152228  0.0261636141073 0.00668631497425 1776585347.22
-0.0223129522492  0.0237502727134  0.0118275179678 1776585347.24
-0.0202517405585   0.020784802852  0.0165097013262 1776585347.26
-0.0180847201765  0.0178089037958  0.0199782341345 1776585347.29
-0.0161183125104  0.0153415625558  0.0215952067732 1776585347.31
-0.0146117108457  0.0137814541017  0.0209666048712 1776585347.32
-0.0137248016436  0.0133385460719  0.0180260805254 1776585347.34
-0.0134917103075  0.0140079800824  0.0130569823886 1776585347.36
-0.0138257705044  0.0155902155073 0.00664820361431 1776585347.39
  -0.0145524306432    0.0177516784756 -0.000405985340986 1776585347.41
 -0.0154588275953    0.020111233412 -0.00723999469314 1776585347.42
-0.0163448671473  0.0223314176548 -0.0130561916783 1776585347.44
-0.0170616682387  0.0241913804649 -0.0172411906682 1776585347.46
-0.0175284729226  0.0256221872352 -0.0194383188109 1776585347.49
-0.0177266510536  0.0266946486615 -0.0195675563274 1776585347.51
-0.0176768362461  0.0275632783008 -0.0177974996329 1776585347.53
-0.017410343386 0.0283836852288 -0.014484345508 1776585347.54
-0.0169473268041  0.0292301482755 -0.0100978270445 1776585347.56
 -0.0162911459361   0.0300416433566 -0.00515271545643 1776585347.59
 -0.0154419183371   0.0306169930536 -0.00015807264961 1776585347.61
-0.0144243243608  0.0306649099349 0.00441271138636 1776585347.62
-0.0133181127273  0.0298968383915 0.00813690029474 1776585347.64
-0.0122768618008  0.0281351735576  0.0106536856996 1776585347.66
-0.0115226450778  0.0254017757274  0.0116829898225 1776585347.69
-0.0113110945598  0.0219549180497  0.0110573505291 1776585347.71
-0.0118712865025  0.0182569431294 0.00876340863257 1776585347.72
-0.0133350614921  0.0148762507812  0.0049809776536 1776585347.74
 -0.0156773550587   0.0123490143718 0.000103253906252 1776585347.76
 -0.0186897448573   0.0110405268729 -0.00527674294875 1776585347.78
-0.0220023624658  0.0110476949024 -0.0104213756123 1776585347.81
-0.0251559596308  0.0121718868857 -0.0145428382579 1776585347.82
-0.0277101869952  0.0139692776399 -0.0169240349763 1776585347.84
-0.0293611202024  0.0158618428565 -0.0170454965142 1776585347.86
-0.0300351786534  0.0172746775564 -0.0146950954866 1776585347.89
-0.0299301505764  0.0177601802503 -0.0100394637995 1776585347.91
 -0.0294865826766   0.0170779309855 -0.00364197211356 1776585347.92
-0.0292911072027   0.015216772005 0.00357982718234 1776585347.94
-0.0299322848385  0.0123653089732  0.0104556073912 1776585347.96
-0.0318437668336 0.00885130642171  0.0157120520154 1776585347.99
-0.0351748246478 0.00507481937276  0.0181524092252 1776585348.01
-0.0397228687774 0.00145445136183  0.0168408183149 1776585348.02
 -0.0449477266775 -0.00160541662536   0.0112631527289 1776585348.04
   -0.05006700355 -0.00373104690167  0.00143706376753 1776585348.06
 -0.0542112758093 -0.00459281337382  -0.0120506455733 1776585348.09
 -0.0566028300997 -0.00393116051961  -0.0280915767285 1776585348.11
-0.0567162751389 -0.0016046831568 -0.0451874732345 1776585348.12
-0.0543847080149 0.00234249868812  -0.061650381812 1776585348.14
-0.0498289548047 0.00761202658454 -0.0758409885393 1776585348.16
-0.0436053699508  0.0136108030548 -0.0864045622312 1776585348.19
-0.0364853494551  0.0194699233861 -0.0924615316528 1776585348.21
-0.0292939397824  0.0241424985028 -0.0937173345859 1776585348.23
 -0.022743679534  0.0265764335825 -0.0904728740324 1776585348.24
 -0.017301374793  0.0259305085422 -0.0835385845267 1776585348.26
-0.0131184849829  0.0217804512056 -0.0740757159739 1776585348.29
-0.0100403823413  0.0142554702191 -0.0634021569965 1776585348.31
-0.00768907599518  0.00405925836516  -0.0528033864218 1776585348.33
-0.00559394751009 -0.00764011970176  -0.0433818174794 1776585348.34
-0.00333219827522   -0.019429281206  -0.0359629774787 1776585348.36
-0.000639511971571   -0.0299228942834   -0.0310596685127 1776585348.38
0.00253767171073 -0.0380205908704 -0.0288806726307 1776585348.41
0.00605758854807 -0.0430820886072 -0.0293625829698 1776585348.43
0.00965431913922  -0.044980179864  -0.032203738837 1776585348.44
 0.0130363000135 -0.0440276715763 -0.0368874670173 1776585348.46
0.0159772238083 -0.040810973581 -0.042695098728 1776585348.48
 0.0183692701753 -0.0359888850417  -0.048722931669 1776585348.51
 0.0202227584073 -0.0301225405362 -0.0539260139746 1776585348.53
  0.021614803975 -0.0235891705116 -0.0572108217982 1776585348.54
 0.0226066566354  -0.016602269211 -0.0575868958389 1776585348.56
  0.0231603300672 -0.00932320604416  -0.0543665855945 1776585348.58
  0.0230871450658 -0.00201605178222  -0.0473781364174 1776585348.61
 0.0220534201964 0.00482094828582 -0.0371382244921 1776585348.63
 0.0196534000454  0.0104109593645 -0.0249230120758 1776585348.64
 0.0155400338073  0.0137806561571 -0.0126866097703 1776585348.66
 0.00958501151748   0.0139686718968 -0.00280320578804 1776585348.68
0.00202542612446  0.0103161707736 0.00235000381161 1776585348.71
-0.00645029012223  0.00276008671026 0.000906156677256 1776585348.73
 -0.0147173939381 -0.00796485448472 -0.00798369024952 1776585348.75
-0.0213519045145 -0.0202960876263 -0.0237711515856 1776585348.76
-0.0248821589164 -0.0320264348274 -0.0443741184548 1776585348.78
-0.0241147068807 -0.0406855814934 -0.0663590902871 1776585348.81
-0.0184659725048 -0.0440469122706 -0.0854516181209 1776585348.83
-0.00821583719251  -0.0406443233319  -0.0973037452381 1776585348.84
 0.0053955879306 -0.0301700651644  -0.098372739894 1776585348.86
 0.0202786989155 -0.0136459387911 -0.0867190565986 1776585348.88
 0.0338164650706 0.00668788339804 -0.0625307396615 1776585348.91
  0.043346601627  0.0277530991157 -0.0282319517309 1776585348.93
0.0467045159885 0.0462023080962  0.011874773114 1776585348.94
0.0427018337725 0.0590504642454 0.0523726692974 1776585348.96
0.0314219408499 0.0642295299481 0.0877422836193 1776585348.98
0.0142537697429 0.0609498088852  0.113400373359 1776585349.01
-0.00635217218864   0.0498016927099    0.126539266367 1776585349.03
-0.0273536722707  0.0325942342285    0.12658823798 1776585349.04
-0.0457069638327  0.0119847263543   0.115208396916 1776585349.06
 -0.0589459024506 -0.00900800925501   0.0958398410848 1776585349.08
 -0.065626380601 -0.0275020877235  0.0729172192565 1776585349.11
-0.0655485500285 -0.0411721904869  0.0509346968048 1776585349.13
-0.0597236492394 -0.0485315373003  0.0335612202932 1776585349.14
-0.0501101026307 -0.0490554373468  0.0229815888283 1776585349.16
-0.0391912713992 -0.0431589267349  0.0195784183421 1776585349.18
-0.0294945911126 -0.0320619259402  0.0219915058257 1776585349.21
-0.0231543199232 -0.0175813766223  0.0275130749824 1776585349.23
 -0.0215994436746 -0.00188348922047   0.0327160911645 1776585349.25
-0.025411224718 0.0127828832323 0.0341788481172 1776585349.26
-0.0343512329956  0.0243604174464  0.0291659242968 1776585349.28
-0.0475210771956  0.0312544897756  0.0161500738378 1776585349.31
 -0.0635889540408   0.0325810858099 -0.00489728574699 1776585349.33
-0.0810120230492  0.0283555740031 -0.0324699884557 1776585349.35
-0.0981990358691  0.0195741272843 -0.0637254469168 1776585349.36
 -0.113589982917 0.00814049972876 -0.0948695597349 1776585349.38
  -0.125668425581 -0.00338863703222   -0.121669408696 1776585349.41
 -0.132954227581 -0.0122273319971  -0.140035155706 1776585349.43
 -0.134037299538 -0.0158915204942  -0.146614294421 1776585349.45
-0.127700058471 -0.012732834357  -0.13933731364 1776585349.46
   -0.11313966615 -0.00234877842944   -0.117843881515 1776585349.48
-0.0902520969657  0.0142449990081 -0.0837110799068 1776585349.51
 -0.059896419445  0.0347479359591 -0.0404121645496 1776585349.53
-0.0240374484811  0.0560095219293 0.00703517439592 1776585349.55
0.0143205995183 0.0746844867795 0.0527180502978 1776585349.56
0.0514484185582 0.0879636895036 0.0906953646138 1776585349.58
 0.083423865308 0.0942060784231   0.11594178614 1776585349.61
 0.106783841491 0.0933104094339  0.125192501288 1776585349.63
 0.119151847076 0.0867219163247  0.117516613647 1776585349.65
 0.119689660815 0.0770569279332  0.094493864421 1776585349.66
 0.109256368439 0.0674259965268  0.059949403438 1776585349.68
0.0902268580978 0.0606176074586 0.0192951870606 1776585349.71
  0.066006375092  0.0583471986736 -0.0213895995279 1776585349.73
 0.0403541366139  0.0607671232896 -0.0563541118591 1776585349.75
  0.016675688473  0.0663731013442 -0.0810537150101 1776585349.76
-0.00255249747944   0.0723457578798   -0.092752380563 1776585349.79
-0.0161024632283  0.0752557383414 -0.0907613609709 1776585349.81
-0.0240060671944  0.0719650555329 -0.0763096270638 1776585349.83
-0.0272883355736  0.0605004071339 -0.0521175494894 1776585349.85
-0.0275221922326  0.0406721565332 -0.0217954341306 1776585349.86
-0.0263400351443  0.0142685386701  0.0107965047798 1776585349.88
-0.0250317350232 -0.0152428708776  0.0421088229254 1776585349.91
-0.0243157131924 -0.0434491743008  0.0693078648252 1776585349.93
-0.0243070512051 -0.0659880171758  0.0904977628733 1776585349.95
-0.0246468874226 -0.0795559517821   0.104773414724 1776585349.96
-0.0247200023651 -0.0826683575515   0.112142715535 1776585349.98
-0.0238810658761 -0.0759695555681   0.113362006863 1776585350.01
-0.0216301879498 -0.0620090650408   0.109721505017 1776585350.03
-0.0177117043913 -0.0445434319965   0.102806551748 1776585350.05
-0.0121411648883 -0.0275519688809  0.0942535447741 1776585350.06
-0.00518378094061  -0.0142317408477   0.0855189615342 1776585350.08
 0.00268930410074 -0.00623993790837   0.0776832578864 1776585350.11
  0.0108482077365 -0.00337989264592   0.0713132780302 1776585350.13
  0.0185473417213 -0.00380172116864   0.0664029165539 1776585350.15
  0.0249652477349 -0.00464647528148   0.0624013358303 1776585350.16
  0.0292460055634 -0.00294469211628   0.0583238184036 1776585350.18
 0.0305471953472 0.00348100208193  0.0529270390426 1776585350.21
 0.028098532786 0.0153495673107 0.0449225630594 1776585350.23
0.0212748527931 0.0316580541967 0.0332016160982 1776585350.24
0.0096863958503 0.0498752573445 0.0170488496665 1776585350.26
-0.00671388819022   0.0665295078207 -0.00367179630271 1776585350.28
-0.027513955061 0.0780354474091 -0.028374907488 1776585350.3
-0.0517368572385  0.0815569288004 -0.0556757088844 1776585350.33
-0.0777776045779  0.0757054040553 -0.0834045750493 1776585350.35
 -0.10342231236 0.0609187259023 -0.108744893169 1776585350.36
-0.125985972728 0.0394398543471  -0.12851603582 1776585350.38
-0.142587486441 0.0149011945628 -0.139598443354 1776585350.4
  -0.150549335847 -0.00839832020512   -0.139460487536 1776585350.43
 -0.147870679513 -0.0263732980304  -0.126706257297 1776585350.44
 -0.133687262665 -0.0360045054671  -0.101532832112 1776585350.46
 -0.108611485373 -0.0359800389425 -0.0659777579299 1776585350.48
-0.0748511530264 -0.0269790238484 -0.0238602209186 1776585350.5
-0.0360398427312 -0.0115229374164  0.0196274656811 1776585350.53
0.00322896161638 0.00658829266206  0.0586474684506 1776585350.55
0.0381008511944 0.0231444718632 0.0876545684445 1776585350.56
0.0642657126353 0.0345130098453  0.102374410926 1776585350.58
  0.07870501653 0.0385268661446  0.100623817402 1776585350.6
0.0802192510791 0.0350664046948 0.0827925286896 1776585350.63
0.0696173230003 0.0261893637234 0.0518680134807 1776585350.65
0.0495246868481 0.0157579474386 0.0129795154981 1776585350.66
 0.0238535934535 0.00862089182043 -0.0274582561832 1776585350.68
-0.00294552953962  0.00950781420163   -0.062834008005 1776585350.7
-0.0266871624156  0.0218620464838 -0.0874454765618 1776585350.73
-0.0441393292653  0.0468618843063 -0.0974086893173 1776585350.75
-0.0534650118453  0.0828531365172 -0.0912086562799 1776585350.76
-0.0543498574145   0.125341847451 -0.0698129816388 1776585350.78
-0.0478282053317   0.167587634719 -0.0363637233737 1776585350.8
-0.0358892547944   0.201715070248 0.00445641866391 1776585350.83
-0.0209876913105   0.220147524718   0.047237139104 1776585350.85
-0.00558738638963      0.2170899949   0.0866735155742 1776585350.86
0.0081663757514  0.189764409892  0.118280624024 1776585350.88
0.0186082226908  0.139141279526  0.138894384692 1776585350.9
 0.024570043513 0.0700088504355   0.14691376766 1776585350.93
  0.0253182889343 -0.00964588591958    0.142286084988 1776585350.95
 0.0204846411809 -0.0898317054667   0.126273950041 1776585350.96
0.0100420536549 -0.160099392619   0.10106864078 1776585350.98
-0.00566076759075   -0.211156347688   0.0693308296429 1776585351
-0.0258314877472  -0.236267963567  0.0337456950165 1776585351.03
 -0.0491805366032   -0.232220391536 -0.00332643459794 1776585351.05
-0.0739306250138  -0.199710575891 -0.0400422737385 1776585351.06
 -0.097921109354   -0.14313197353 -0.0750818620793 1776585351.08
 -0.118812323187 -0.0698182691129  -0.107482616356 1776585351.1
-0.134368877641 0.0111189350148 -0.136358934096 1776585351.13
-0.142782439937 0.0901728047566  -0.16059975558 1776585351.15
-0.142986034761   0.15883286002 -0.178649949777 1776585351.16
-0.134911800884  0.210772078799   -0.1884659339 1776585351.18
-0.119649127286  0.242640491682 -0.187692161383 1776585351.2
-0.0994679528259   0.254330455597  -0.174043617663 1776585351.23
-0.077682561135  0.248663897778 -0.145818107165 1776585351.25
-0.0583455540144   0.230560718516  -0.102419709015 1776585351.26
-0.0457808436178   0.205860862313  -0.044764131246 1776585351.28
-0.0439885093502   0.180060223076  0.0245397760354 1776585351.3
-0.0559820451295   0.157251248169    0.10128848507 1776585351.33
-0.0831469506459   0.139514356861    0.18005764628 1776585351.35
-0.124733116542  0.126891012778  0.254791123407 1776585351.36
-0.177603250369  0.117912599742  0.319506807187 1776585351.38
-0.23634554031 0.110505206372 0.369005691673 1776585351.4
-0.29381322234 0.102983979804 0.399477748791 1776585351.42
-0.342076402027 0.0948245340074  0.408922187965 1776585351.45
-0.373673269476  0.086963998476  0.397333855574 1776585351.46
-0.382951619101 0.0815255298775  0.366644682072 1776585351.48
-0.367228050801 0.0810382767039  0.320442549385 1776585351.5
-0.327490190808 0.0873868281952   0.26351462892 1776585351.52
-0.268440999919  0.100819887181  0.201276212251 1776585351.54
-0.197823707833  0.119346911835  0.139151193543 1776585351.56
 -0.12513593013  0.138753059274 0.0819707275101 1776585351.58
-0.0599920911595   0.153294909951  0.0334554103572 1776585351.6
 -0.0104778009724    0.156949053511 -0.00415630084481 1776585351.62
0.0181667480252  0.144924709347  -0.03027806544 1776585351.64
 0.024289011088  0.115063523843 -0.045905653054 1776585351.66
0.00988998788684  0.0687580946065 -0.0532990824365 1776585351.68
-0.0199393103282  0.0111233885941 -0.0554529170956 1776585351.7
 -0.058049945212 -0.0496744659769 -0.0554412067508 1776585351.72
-0.0965163346114  -0.103831685726 -0.0557666196509 1776585351.74
 -0.127941887499  -0.141786913861 -0.0578609361018 1776585351.76
 -0.146593515447  -0.156176704323 -0.0618616280435 1776585351.78
-0.149213532341 -0.143445753691 -0.066724281019 1776585351.8
  -0.13540513713  -0.104755700411 -0.0706381372663 1776585351.82
 -0.107540289047 -0.0459819415309 -0.0716217953858 1776585351.85
-0.0702027383673  0.0232178875871  -0.068121368743 1776585351.86
-0.0292547513493  0.0910827092976 -0.0594362972064 1776585351.88
0.00930830716571   0.145838281336 -0.0458590570988 1776585351.9
 0.0404973189142   0.177784936434 -0.0285125091125 1776585351.92
  0.0612327398653    0.180980868308 -0.00896759804573 1776585351.95
0.0708224615118  0.154213990655 0.0112098379095 1776585351.96
0.0709121032918  0.101108109775 0.0308226222544 1776585351.98
0.0649212535908 0.0293836440706 0.0491996513905 1776585352
 0.0570969400685 -0.0505489134716  0.0661127249555 1776585352.02
0.0514078505811 -0.127374374913 0.0815084418355 1776585352.04
0.0505456510375 -0.190703124232  0.095177067108 1776585352.06
0.0552783213323 -0.232632311312  0.106499842357 1776585352.08
0.0643145590989 -0.248797821387  0.114383128328 1776585352.1
0.0747063082535  -0.23878546564  0.117415451606 1776585352.12
0.0826734879311 -0.205890833687  0.114200114847 1776585352.14
0.0846232715559 -0.156327782169  0.103753386015 1776585352.16
 0.0780901135629 -0.0980661284589  0.0858388377198 1776585352.18
0.0623552964811 -0.039518360342 0.0611360381083 1776585352.2
0.0386034302015 0.0117076887601 0.0312013929164 1776585352.21
 0.00960540943309   0.0498101089832 -0.00175526004665 1776585352.24
-0.0209574155638  0.0714268371869 -0.0352068531757 1776585352.26
-0.0493293018026  0.0758498369254 -0.0666696339996 1776585352.28
-0.0724550766678  0.0648356342992 -0.0940121556907 1776585352.29
-0.0885114267018  0.0420867291072   -0.11566704233 1776585352.31
-0.0970952050397  0.0125183669408   -0.13073223738 1776585352.34
-0.0990690224672 -0.0185582911904  -0.138970912967 1776585352.36
-0.0961504952153  -0.046212195776  -0.140727874958 1776585352.38
-0.0903823414832  -0.066527999121  -0.136779915079 1776585352.4
-0.0836277702587 -0.0770368013403  -0.128137352084 1776585352.41
-0.0772045675331 -0.0769151929606  -0.115820811158 1776585352.44
 -0.071716610045 -0.0669584783687   -0.10065053942 1776585352.46
 -0.067081638197 -0.0493570256667 -0.0830973788221 1776585352.48
-0.0627059958269  -0.027316926959 -0.0632446800457 1776585352.49
 -0.0577321848341 -0.00457087375534  -0.0408924702336 1776585352.51
-0.0512867956499  0.0151714902828 -0.0158000325486 1776585352.54
-0.0426791619038  0.0287773371653  0.0119809954505 1776585352.56
-0.0315326942056  0.0341809284485  0.0417708897344 1776585352.58
-0.0178569368006   0.030733225191  0.0720332403043 1776585352.6
-0.00207854947768   0.0193352391883    0.100355632373 1776585352.62
 0.0149580347498 0.00230108514807   0.123699886942 1776585352.64
 0.0320266379422 -0.0170582140511   0.138911454026 1776585352.66
 0.0476117073669 -0.0350758776074   0.143394932254 1776585352.68
 0.0600745107197 -0.0484753075849   0.135793449328 1776585352.7
 0.0678899053411 -0.0550545436929    0.11647993846 1776585352.71
 0.0699189164239 -0.0541377186406  0.0876952621214 1776585352.74
 0.0656552265895 -0.0466673666088   0.053251347478 1776585352.76
 0.0553758349312 -0.0348993554063  0.0178364738296 1776585352.78
 0.0401444158876 -0.0217683838261 -0.0139213849545 1776585352.8
 0.0216552076405 -0.0100846414749 -0.0383984197736 1776585352.81
 0.00195081031443 -0.00177332686712  -0.0536809790148 1776585352.84
-0.0169183428651 0.00263741494501 -0.0598524618871 1776585352.86
-0.0332138662341 0.00413726923568 -0.0587975543094 1776585352.88
-0.0457432502336 0.00492306320457  -0.053593147574 1776585352.89
-0.0539721898364 0.00773110040757 -0.0476613742172 1776585352.91
-0.0580130321621  0.0149823103079 -0.0439093380092 1776585352.94
-0.0585117846431  0.0279609783771 -0.0440634409699 1776585352.96
-0.0564678888236  0.0462431258883 -0.0483366574957 1776585352.98
-0.0530217672461  0.0675340184314 -0.0554720080264 1776585352.99
-0.0492409009728  0.0879809291864 -0.0631150704512 1776585353.01
-0.0459315153772    0.10291826051 -0.0684050263663 1776585353.04
-0.0435021500421     0.1079002538 -0.0686461615915 1776585353.06
-0.0419054384722  0.0998030139342 -0.0619257478649 1776585353.08
-0.0406801508942  0.0777483483857 -0.0475688552861 1776585353.1
-0.0391016497318  0.0436240330826 -0.0263553018201 1776585353.11
  -0.0364236406118   0.00204554936422 -0.000462573013192 1776585353.14
-0.0321621008021 -0.0402883583786  0.0268606292563 1776585353.17
-0.0263447767802 -0.0757672589489  0.0518428364662 1776585353.18
-0.0196411495679 -0.0973650420926  0.0708702547059 1776585353.2
-0.0133091937419  -0.100163479922  0.0811725856199 1776585353.21
-0.00894636089497  -0.0825681457307   0.0813678235493 1776585353.24
-0.00809800616063  -0.0469171175921    0.071730033597 1776585353.26
 -0.0118315688424 0.000706442343783   0.0540942020167 1776585353.28
-0.0204049357389  0.0514805919482  0.0313989749732 1776585353.3
-0.0331318094074  0.0955072539514 0.00697100149883 1776585353.31
-0.0484843351435   0.123807987324 -0.0162601318672 1776585353.34
-0.0643980962203   0.130233967885 -0.0363939848715 1776585353.36
-0.0786856213073   0.112867623951 -0.0528535852761 1776585353.38
-0.0894423702677  0.0745882175065 -0.0662596209562 1776585353.4
-0.0953482416559  0.0226491878511 -0.0779376685648 1776585353.41
-0.0958157017683 -0.0326682528619 -0.0892333366728 1776585353.44
-0.0909901215546 -0.0800549664924  -0.100873044612 1776585353.46
-0.0816465489346  -0.109412401709  -0.112587152537 1776585353.48
-0.0690377200306  -0.113866539815   -0.12311405638 1776585353.5
-0.0547327114757 -0.0911506252942   -0.13056589626 1776585353.51
-0.0404576156276 -0.0440931807046  -0.133011256507 1776585353.54
-0.027925812725 0.0198616076556 -0.129063281397 1776585353.56
-0.0186383356642  0.0899827968679  -0.118273562659 1776585353.58
-0.0136483629355   0.154161004866  -0.101212891772 1776585353.6
-0.0133129632759   0.201038611413 -0.0792361832554 1776585353.61
-0.0170881098502    0.22198631956 -0.0540384415851 1776585353.63
-0.0234448613357   0.212594096168 -0.0271751834489 1776585353.66
 -0.0299819932953     0.17343503323 0.000275929271908 1776585353.68
-0.0337760766387   0.109982581999  0.0277942758393 1776585353.7
-0.0319475317315  0.0316994374058  0.0552178007961 1776585353.71
-0.022346358858 -0.049546902914 0.0823536470873 1776585353.73
-0.00419913388659   -0.121470972289    0.108558708479 1776585353.76
0.0214643517742 -0.173413608189  0.132467383337 1776585353.78
0.0517542877338 -0.198084368801   0.15199636269 1776585353.8
0.0822980808884 -0.192696384035  0.164661109583 1776585353.81
 0.108000352922 -0.159302793982  0.168129076395 1776585353.84
  0.12402527722 -0.104297248068  0.160849245867 1776585353.86
  0.126774310265 -0.0371986379149   0.142566072817 1776585353.88
 0.114630222341 0.0310330250213  0.114558367057 1776585353.9
0.0882998163657 0.0898326307322 0.0795269536477 1776585353.91
0.0506912315577  0.130696928326 0.0411586008887 1776585353.94
0.00637438667893   0.148416335212 0.00348239984255 1776585353.96
-0.0392367299645   0.141700945599 -0.0298182339646 1776585353.98
-0.0807942488599   0.113143713134 -0.0559791494645 1776585354
 -0.113835388547   0.068574794989 -0.0735033426295 1776585354.02
  -0.13536972154  0.0159529367643 -0.0822417995524 1776585354.04
 -0.144161976735 -0.0359989806493 -0.0832339564916 1776585354.06
 -0.140709557269 -0.0791830519346 -0.0783806074754 1776585354.08
 -0.126971767562  -0.107323330769 -0.0700373787947 1776585354.1
 -0.105939858251  -0.116802244312 -0.0606051041226 1776585354.12
-0.0811412393564  -0.107039900689 -0.0521679990228 1776585354.14
-0.0561540743003 -0.0804002354356  -0.046206801024 1776585354.16
-0.0341814034251 -0.0416807528542 -0.0434013367144 1776585354.18
  -0.01770861891 0.00270509272466  -0.043535207201 1776585354.2
-0.0082526062769  0.0457175766198 -0.0455175239523 1776585354.22
-0.00620775033118    0.080714273057  -0.0475347006136 1776585354.24
-0.0108001817451   0.102381920576 -0.0473341667577 1776585354.26
-0.0201697065207   0.107470656009 -0.0426210434671 1776585354.28
-0.0315997401073  0.0952466680019  -0.031521885657 1776585354.3
-0.0419020321022  0.0676038083762 -0.0130431365718 1776585354.32
-0.0479330640798  0.0288055008241  0.0125657463274 1776585354.34
-0.0471781650146 -0.0151304649174  0.0436353822154 1776585354.36
-0.0383001190552 -0.0573395737043  0.0771553129428 1776585354.38
-0.0215276195988 -0.0911895745003   0.109134202699 1776585354.4
0.00123046835946  -0.111362630746    0.13520646783 1776585354.42
0.0266110767851 -0.114751261338  0.151386009308 1776585354.44
  0.05035177626 -0.100996011355  0.154817209723 1776585354.46
 0.0680770489562 -0.0725507909692    0.14435502807 1776585354.48
0.0761506237506 -0.034250240944  0.120831584347 1776585354.5
 0.0724017535421 0.00754741761997  0.0869346238405 1776585354.52
0.0565581835535 0.0460819324439 0.0467171461905 1776585354.54
 0.0302891081591  0.0753628135697 0.00485025375772 1776585354.56
-0.00314246100602    0.091168339879  -0.0342052525839 1776585354.58
-0.0395242751719  0.0916872927143 -0.0669182494325 1776585354.6
-0.0744766563057  0.0776962700664 -0.0911454324857 1776585354.62
-0.104191069559 0.0522637041737 -0.106254409235 1776585354.64
-0.125972886096 0.0200679590014 -0.112931511634 1776585354.66
-0.138500976124 -0.013510959994 -0.112773218957 1776585354.68
  -0.14179728851 -0.0433338784297  -0.107800598833 1776585354.71
 -0.136970241588 -0.0652987161051  -0.100028306738 1776585354.72
 -0.125837053562 -0.0768604330082 -0.0911718630674 1776585354.74
 -0.110534520558 -0.0772183503831 -0.0825120206536 1776585354.77
-0.0932006835314 -0.0671920124466 -0.0748799150909 1776585354.78
-0.0757656984276 -0.0488683820692 -0.0687002872673 1776585354.8
-0.0598458227542 -0.0251349318959 -0.0640362989278 1776585354.82
 -0.0467033413953 0.000789763582545  -0.0606082205946 1776585354.84
-0.0372247913145  0.0257487464096 -0.0577926200426 1776585354.86
-0.0318803804652  0.0469318398559 -0.0546333821355 1776585354.88
-0.0306534515998  0.0620687792242 -0.0499029991833 1776585354.9
-0.0329606920692  0.0695734038341 -0.0422424190606 1776585354.92
 -0.037610448135  0.0686805087924 -0.0303861371206 1776585354.94
-0.0428576090318  0.0595872464266 -0.0134531581104 1776585354.96
-0.0466017514353  0.0435662430769 0.00874088344997 1776585354.98
-0.0467389635736  0.0229795036946  0.0354162805716 1776585355
-0.0416238108893 0.00111226902497  0.0646849094984 1776585355.02
-0.0305424019608 -0.0182240888235    0.09360446398 1776585355.04
-0.0140625757612 -0.0313058973898   0.118480600504 1776585355.06
0.00586740250757 -0.0352334389796    0.13541435414 1776585355.08
  0.026147512834 -0.0286290045859   0.141022584913 1776585355.1
 0.0430696637169 -0.0121097753979   0.133191780087 1776585355.12
0.0530685620089 0.0116235688332  0.111685434631 1776585355.14
0.0535028939008 0.0381622562963   0.07843253018 1776585355.16
0.0432725742739 0.0621967774843 0.0373850298653 1776585355.18
  0.0231190563138   0.0786096229954 -0.00606661631036 1776585355.2
-0.00445814959457   0.0836213747718  -0.0460167114342 1776585355.22
 -0.035633336353  0.0757261544054 -0.0771097394806 1776585355.24
 -0.065914438995  0.0561845915153 -0.0955085430043 1776585355.26
-0.0908687670426  0.0289333867694 -0.0995479248634 1776585355.28
   -0.106763609991 -9.93633969114e-05   -0.0899373947348 1776585355.3
  -0.11102415815 -0.0241443011945 -0.0694915881256 1776585355.32
 -0.102481475136 -0.0369626378742 -0.0424798601453 1776585355.34
-0.0814407373033 -0.0341366321285  -0.013764662321 1776585355.36
-0.0496239488815 -0.0139908234309  0.0120768570937 1776585355.38
-0.0100288391677  0.0220557933837  0.0314801294173 1776585355.4
0.0332886812391 0.0697690726036 0.0423606856203 1776585355.42
0.0755331132422  0.122924988772 0.0442805944078 1776585355.44
 0.111621330048  0.174477389042 0.0383287240026 1776585355.47
 0.136773755706  0.217805164563 0.0267674935906 1776585355.48
 0.147196344478  0.247782965128 0.0125208004759 1776585355.5
   0.140743379983    0.261482289031 -0.00140959347141 1776585355.52
  0.117409349278   0.258404569043 -0.0125051621707 1776585355.54
 0.0794995175032   0.240249159379 -0.0191756793072 1776585355.56
 0.0313831041825   0.210307009567 -0.0210072108403 1776585355.58
 -0.021169347571   0.172633631131 -0.0187604691711 1776585355.6
 -0.071949371697   0.131186997898 -0.0141114931542 1776585355.62
  -0.115367773753   0.0891140088203 -0.00918158608206 1776585355.64
   -0.14736144485   0.0483317179968 -0.00595741091216 1776585355.66
  -0.165939063324   0.0094803607421 -0.00573984774295 1776585355.69
  -0.17125071221 -0.0277636013975 -0.0087671382933 1776585355.7
 -0.165194742588 -0.0641145892456 -0.0141262819194 1776585355.72
 -0.150695887892  -0.100010845852 -0.0200004008381 1776585355.74
-0.130865491887 -0.135043944054 -0.024214387727 1776585355.76
  -0.10826743625  -0.167652927236 -0.0249591733845 1776585355.79
-0.0844628122772  -0.195185389778 -0.0215187747217 1776585355.8
-0.0599123293951   -0.21433410806  -0.014809490921 1776585355.82
 -0.0342085274789   -0.221858521496 -0.00757229550744 1776585355.84
-0.00652134468547   -0.215420231999 -0.00413162896179 1776585355.86
  0.0239066526649   -0.194322309278 -0.00973112679968 1776585355.88
 0.0573761305997  -0.159956063155 -0.0295580131808 1776585355.9
 0.0935714578477  -0.115825065349 -0.0676498946128 1776585355.92
  0.131664972361 -0.0671187615951  -0.125920394808 1776585355.94
  0.170644992501 -0.0199195778308  -0.203530862278 1776585355.96
 0.209763929678 0.0197833766297 -0.296772785541 1776585355.99
 0.248969034533 0.0470591886798 -0.399520966571 1776585356
 0.289179963673 0.0587796186548 -0.504193747807 1776585356.02
 0.332312130484 0.0540092227711 -0.603042692063 1776585356.04
 0.381003910842 0.0339984006275 -0.689517481611 1776585356.06
  0.438076251049 0.00182560240471  -0.759430478105 1776585356.08
  0.505820469651 -0.0382020328377   -0.81168338363 1776585356.1
  0.585260199437 -0.0812548177104  -0.848405624858 1776585356.12
 0.675555306463 -0.122668438974 -0.874470020933 1776585356.14
 0.773702435331 -0.158521211513 -0.896471264523 1776585356.16
 0.874637871271 -0.186047134431 -0.921353701776 1776585356.18
 0.971770622304 -0.203863089714 -0.954939823442 1776585356.2
  1.05788165739 -0.212007475221  -1.00063067798 1776585356.22
  1.12623899603 -0.211796291303  -1.05852260479 1776585356.24
  1.17171831449 -0.205509616856  -1.12511605238 1776585356.26
  1.19170070507 -0.195935186415  -1.19369175455 1776585356.28
 1.18655019555 -0.18581984683 -1.25531182692 1776585356.3
  1.15954973316 -0.177309446905  -1.30028706322 1776585356.32
  1.11628104364 -0.171481841766  -1.31985761271 1776585356.34
  1.06354876927 -0.168082577897  -1.30778174123 1776585356.36
  1.00804773126 -0.165548474022  -1.26153035215 1776585356.38
 0.955032834504 -0.161349399032  -1.18284766856 1776585356.4
 0.907260968084 -0.152602853904  -1.07755327337 1776585356.42
 0.864430029331 -0.136838969398 -0.954607781591 1776585356.44
 0.823248418362 -0.112739015133 -0.824614533874 1776585356.46
  0.778144767428 -0.0806586600873  -0.698049666222 1776585356.49
  0.722496100159 -0.0427869999442  -0.583573399105 1776585356.5
    0.65014130281 -0.00287716308264   -0.486759275076 1776585356.52
 0.556881751095 0.0344073403034 -0.409486493673 1776585356.54
 0.441668395041 0.0643849039449 -0.350093894151 1776585356.56
 0.307235901551 0.0832766655459 -0.304227417085 1776585356.59
 0.160055596587 0.0889382034727 -0.266166101151 1776585356.6
0.00961456732501  0.0812361333417  -0.230319382112 1776585356.62
-0.132841731621 0.0619986426999 -0.192570618092 1776585356.64
 -0.25586920902 0.0345779826257 -0.151198709388 1776585356.66
 -0.349408078954 0.00315375191904  -0.107222587199 1776585356.69
 -0.406122728919 -0.0280456494953  -0.064150323693 1776585356.71
 -0.422295464802 -0.0554286118824 -0.0272406404039 1776585356.72
  -0.398166503006  -0.0765043604081 -0.00247166997218 1776585356.74
 -0.337716349397 -0.0900674233181 0.00455434956065 1776585356.76
 -0.247975926216 -0.0961165166062 -0.0104394752204 1776585356.79
 -0.138008627995 -0.0955767511256 -0.0497521427669 1776585356.8
-0.0177316732255 -0.0899225365821   -0.11342014043 1776585356.82
  0.103263226948 -0.0808008402556  -0.199291005561 1776585356.84
  0.216756151156 -0.0697370023389  -0.303381224895 1776585356.86
   0.31671119359 -0.0579760718614   -0.42040879488 1776585356.89
  0.399784228712 -0.0464778393119  -0.544386903477 1776585356.9
 0.465482127543  -0.03604746622 -0.669188905838 1776585356.92
   0.51595502802 -0.0275494872672  -0.789034817461 1776585356.94
   0.55543470461 -0.0221262201722  -0.898890740313 1776585356.96
  0.589373904744 -0.0213294606985  -0.994799988818 1776585356.98
  0.623392427353 -0.0270839074687   -1.07416821752 1776585357
  0.662186504248 -0.0414355303315   -1.13600358443 1776585357.02
  0.708593099172 -0.0660945251534   -1.18107636897 1776585357.04
 0.763002985938 -0.101848848865  -1.21192819566 1776585357.06
 0.823274004609 -0.147982707059  -1.23264935326 1776585357.09
 0.885207761455 -0.201865684297  -1.24836873779 1776585357.1
 0.943531942433 -0.258868504423  -1.26446713187 1776585357.12
 0.993201540246 -0.312707197623  -1.28561634777 1776585357.14
  1.03072857561 -0.356227848738  -1.31483446557 1776585357.16
   1.0552045439 -0.382538769644  -1.35279496887 1776585357.18
  1.06871704899 -0.386300861891  -1.39760655115 1776585357.2
   1.0759873104 -0.364924292121  -1.44518306138 1776585357.22
  1.08324791703 -0.319408384233  -1.49016927451 1776585357.24
  1.0965938961 -0.25460928002 -1.52722193709 1776585357.26
  1.12021285146 -0.178820225712  -1.55232219585 1776585357.28
   1.1549732795 -0.102682316582  -1.56376264912 1776585357.3
   1.19779104137 -0.0375801437091   -1.56253041755 1776585357.32
   1.24200897401 0.00621237944455   -1.55197870938 1776585357.34
  1.27876100085 0.0213074025977  -1.53688951844 1776585357.36
   1.29902370119 0.00456622722781   -1.52220853942 1776585357.38
   1.29586203338 -0.0422279985278   -1.51181986506 1776585357.4
  1.26630793002 -0.112555212603  -1.50769631088 1776585357.42
  1.21239024526 -0.196214383948  -1.50962765208 1776585357.44
  1.14104054547 -0.281090128223   -1.5155436958 1776585357.46
  1.06287605857 -0.355310443791   -1.5222752505 1776585357.48
 0.990135065686 -0.409371356608  -1.52648771325 1776585357.5
 0.934240000985 -0.437788100949  -1.52550697127 1776585357.52
 0.903541148167 -0.439919315999  -1.51783017053 1776585357.54
 0.901736238833 -0.419787005388  -1.50324042226 1776585357.56
 0.927291556475 -0.384939914673   -1.4825762051 1776585357.58
 0.973956237045 -0.344624932817  -1.45729940942 1776585357.6
  1.03221987815 -0.307685205469  -1.42903726386 1776585357.62
  1.09136561184 -0.280658078908  -1.39924473897 1776585357.64
  1.14165425073 -0.266491187013   -1.3690666378 1776585357.66
  1.17616052349 -0.264148017633  -1.33940067332 1776585357.68
  1.19187133263 -0.269171099471   -1.3110982848 1776585357.7
  1.18983041749 -0.275056078644  -1.28520240817 1776585357.72
  1.17433782425 -0.275107615411  -1.26311426094 1776585357.74
  1.15143710526 -0.264335664514  -1.24660106973 1776585357.76
  1.12709473064 -0.240933814461  -1.23759755808 1776585357.78
  1.10554904911 -0.206968362611  -1.23780942655 1776585357.8
  1.08825595062 -0.168084578603  -1.24818911963 1776585357.82
    1.073693247 -0.132269584103  -1.26841099298 1776585357.84
  1.05804843067 -0.107946560555  -1.29650770989 1776585357.86
  1.03657179587 -0.101853792103  -1.32882434376 1776585357.88
  1.00519910463 -0.117234807105  -1.36039053497 1776585357.9
 0.961985567544 -0.152807036597  -1.38570915558 1776585357.92
 0.907960812947 -0.202794175906  -1.39983595654 1776585357.94
 0.847188423124 -0.258044739801  -1.39951561251 1776585357.96
 0.786038628461 -0.307984084133  -1.38408370443 1776585357.98
 0.731891091492 -0.342933859628  -1.35586714014 1776585358
0.691617234521 -0.35624037463 -1.31992002185 1776585358.02
 0.670216476089 -0.345706732152  -1.28309489454 1776585358.04
 0.669902763384 -0.314005866553  -1.25262725745 1776585358.06
 0.689793766679 -0.268008924117  -1.23455304119 1776585358.08
0.726197693978 -0.21722272115 -1.23234114408 1776585358.1
 0.773369313098 -0.171722798171  -1.24608448381 1776585358.12
0.824543215924 -0.14005232556  -1.2724609052 1776585358.14
0.873047564713  -0.1275255564 -1.30548470234 1776585358.16
 0.913334262243 -0.135253530573   -1.3378724128 1776585358.18
 0.941803976398 -0.160042017957  -1.36269601057 1776585358.2
 0.957336550667 -0.195139067912  -1.37493121621 1776585358.22
 0.961454820567 -0.231661292133   -1.3725419068 1776585358.24
 0.958064387028 -0.260419050333  -1.35685972877 1776585358.26
 0.952743009424 -0.273797215062  -1.33218583782 1776585358.28
0.951616135976 -0.26733480738 -1.30471485474 1776585358.31
 0.959949346206 -0.240689417278  -1.28101988109 1776585358.32
  0.98069341515 -0.197774194018  -1.26641680048 1776585358.34
  1.01329651272 -0.146009052378  -1.26353895311 1776585358.36
   1.05311072485 -0.0948100837229   -1.27140662952 1776585358.38
    1.0916405956 -0.0536136823341   -1.28518424024 1776585358.41
   1.11771215071 -0.0298509231984   -1.29669816543 1776585358.42
   1.11941760338 -0.0273178941376   -1.29565671647 1776585358.44
   1.08647450494 -0.0453141901908   -1.27138712867 1776585358.46
   1.01249523618 -0.0787565197064   -1.21480115665 1776585358.48
 0.896643006501 -0.119254084185  -1.12023976887 1776585358.51
 0.744268242811   -0.1569097143 -0.986845562463 1776585358.52
 0.566347218958  -0.18244088668 -0.819177741706 1776585358.54
 0.377822191647 -0.189141118396 -0.626913622503 1776585358.56
 0.195193914134 -0.174244467781 -0.423650793755 1776585358.58
0.0338771207508 -0.139403520411 -0.225000334223 1776585358.61
-0.0941398027289 -0.0902056063699 -0.0463047298679 1776585358.62
-0.181887634955 -0.034876501194  0.099608283011 1776585358.64
-0.228010185368 0.0175024454602  0.204230643293 1776585358.66
-0.236338827159 0.0588509658298  0.264420868296 1776585358.68
-0.21463944525 0.083624885576 0.282528148919 1776585358.7
-0.172870361453 0.0897403963674  0.265611376484 1776585358.72
-0.121345946967 0.0787569896212  0.223944396403 1776585358.74
-0.0691647305302  0.0553544696371   0.169126412564 1776585358.76
-0.0231526049441  0.0262742947569    0.11217241603 1776585358.78
  0.0125749367154 -0.00102456493942   0.0619341607305 1776585358.8
 0.0364742239977 -0.0197261342757  0.0241075353279 1776585358.82
 0.0490143079673 -0.0247987848513 0.00094237963394 1776585358.84
  0.0519121402153  -0.0137508974882 -0.00838079324049 1776585358.86
  0.0473772512374   0.0130809953782 -0.00687300670845 1776585358.88
 0.0375330667296  0.0527104789246 0.00139273972558 1776585358.9
0.0241045746671   0.10007618074 0.0123903757484 1776585358.92
0.0083771855438  0.148895830957 0.0229937589261 1776585358.94
-0.00864097311751    0.192656324042   0.0314236306896 1776585358.96
-0.0259669102622   0.225590981864  0.0372500016194 1776585358.98
-0.0424258496123   0.243506197857  0.0410235853988 1776585359
-0.0565720790664   0.244344678957  0.0436972559703 1776585359.02
-0.066801373826  0.228409993677 0.0460412976053 1776585359.04
-0.0716471295068   0.198225173582  0.0482444607015 1776585359.06
-0.0701932143999   0.158052699139  0.0498291903866 1776585359.08
-0.0624941226307   0.113157355139  0.0499097697049 1776585359.1
-0.0498774262007  0.0689379211382   0.047712932512 1776585359.12
-0.0350191982441  0.0300789548296  0.0431923784196 1776585359.14
   -0.021727883424 -0.000127155075417    0.0375278669409 1776585359.16
-0.0144374696457 -0.0201675632145  0.0333201090178 1776585359.18
-0.0174830151063 -0.0303402977831  0.0343713093321 1776585359.2
-0.0342940321973  -0.032433928286  0.0450577845191 1776585359.22
-0.0666778073466 -0.0291307073314   0.069423573543 1776585359.24
 -0.114363478682 -0.0232648319161   0.110217163046 1776585359.26
  -0.17493427106 -0.0170970490604   0.168128964709 1776585359.28
 -0.244195452361 -0.0117622682236   0.241451886923 1776585359.3
  -0.316925545467 -0.00700831905738    0.326287781266 1776585359.32
  -0.387862139939 -0.00127946144509    0.417283631946 1776585359.34
 -0.452707229476 0.00787802220254   0.508739701296 1776585359.36
-0.508920348086 0.0231815031165  0.595825626596 1776585359.38
-0.556108045896   0.04689123406  0.675598867475 1776585359.4
-0.595906919491 0.0801616880589  0.747555185166 1776585359.42
-0.631372908414  0.122604144241  0.813545303019 1776585359.44
-0.666003958789  0.172149937105  0.877040527633 1776585359.47
-0.70260995394 0.225236208828 0.941887648393 1776585359.48
-0.742284136842   0.27726708899   1.01082347143 1776585359.5
-0.783716173165  0.323249584462    1.0840926328 1776585359.52
-0.823022192897  0.358477466982   1.15851244053 1776585359.54
-0.854165171913  0.379142561149   1.22725406686 1776585359.56
-0.869919844713  0.382785967239    1.2804733782 1776585359.58
-0.863222113554  0.368548797264   1.30675139999 1776585359.6
-0.828654390369  0.337226583843   1.29512587003 1776585359.62
-0.763772626584  0.291160194621   1.23734695126 1776585359.64
-0.669989842285  0.234003302476   1.12990558424 1776585359.66
-0.552799082333  0.170396205685  0.975387388344 1776585359.68
-0.421239596734   0.10555938352  0.782807941631 1776585359.7
-0.286664383275 0.0448112329326    0.5667745223 1776585359.72
  -0.161023374954 -0.00697719216943    0.345559809193 1776585359.74
-0.0549957890794 -0.0459508032312   0.138411837438 1776585359.76
 0.0236480198216 -0.0697868784194 -0.0373964389617 1776585359.78
  0.071120080889 -0.0780555247903  -0.169202733408 1776585359.8
 0.0879197491353 -0.0723180101332   -0.25075832557 1776585359.82
   0.07834983581 -0.0558906663756  -0.282856241017 1776585359.84
 0.0494083572466 -0.0332700541182   -0.27269499469 1776585359.86
 0.00935312611371 -0.00930102342744   -0.232155521907 1776585359.88
-0.0337186029288  0.0117522245555  -0.175387256791 1776585359.9
-0.0729832568099  0.0270273582546  -0.116219343234 1776585359.92
 -0.103527021255  0.0355801001547 -0.0659122926941 1776585359.94
-0.122486370337 0.0384605677236  -0.03165245026 1776585359.96
 -0.128806349566  0.0383186549855 -0.0160009112154 1776585359.98
  -0.12280468413  0.0386250405006 -0.0172897494243 1776585360
 -0.105732061064  0.0426939968516 -0.0307630607325 1776585360.02
-0.0794582689358  0.0527482638977 -0.0501294446411 1776585360.04
-0.0463194046721  0.0692598857992 -0.0691484775837 1776585360.06
-0.00907057777831   0.0907352454697  -0.0829170108287 1776585360.08
 0.0291655304127   0.114003992348 -0.0886326161019 1776585360.1
 0.0650632255394   0.134947331299 -0.0857585918475 1776585360.12
 0.0954272664546   0.149492115849 -0.0756601183537 1776585360.14
 0.117666623721  0.154630106576 -0.060890945309 1776585360.16
  0.130297286168   0.149212596186 -0.0443624692851 1776585360.18
  0.133315225244   0.134321160763 -0.0286162563324 1776585360.2
  0.128289398634   0.113113592427 -0.0153574158883 1776585360.22
   0.118091340459    0.090167688746 -0.00531264288186 1776585360.24
  0.106282802191  0.0704664593561 0.00161861280081 1776585360.26
  0.096291839062  0.0582582075952 0.00602334409543 1776585360.28
 0.0905837764871  0.0560614087424 0.00858102997858 1776585360.3
 0.0900500319789  0.0640565896446 0.00974405195673 1776585360.32
  0.093787726509  0.0800203849048 0.00957777287062 1776585360.34
 0.0993409777142  0.0998308743419 0.00778633295056 1776585360.36
  0.103351448936   0.118438786236 0.00389256273985 1776585360.38
   0.102457208722    0.131088637576 -0.00250012753193 1776585360.4
 0.0942149492069   0.134512959766 -0.0114509264155 1776585360.42
 0.0778161414748   0.127824107549 -0.0225061856914 1776585360.44
0.0544205408081  0.112889693187 -0.034652470265 1776585360.46
 0.0270240227406  0.0940846063503 -0.0464082427908 1776585360.48
-0.000112670910689    0.0774418918178   -0.0560301362978 1776585360.5
-0.0223479294391  0.0693508956713 -0.0617858067205 1776585360.52
-0.0356608865944  0.0750508765059  -0.062235093288 1776585360.54
 -0.037550436974  0.0972241158072 -0.0564644089943 1776585360.56
-0.0276330128205   0.134993801235  -0.044232994127 1776585360.58
-0.00780275499977    0.183575467888  -0.0260095177449 1776585360.6
  0.0180920086876    0.234721766694 -0.00289898906087 1776585360.62
0.0450007411853  0.277953225843 0.0235206319502 1776585360.64
0.0677024431291  0.302405971782 0.0514178717478 1776585360.66
0.0819014975352  0.298981256559 0.0789403638655 1776585360.68
0.0851469136225  0.262383320313  0.104416767542 1776585360.7
0.0773603122541  0.192609615113  0.126491643364 1776585360.73
0.0608347664986 0.0955273934597  0.144172979053 1776585360.74
 0.0396824443933 -0.0176686737996   0.156794474798 1776585360.76
 0.018840965694 -0.132097019511  0.163918755149 1776585360.78
0.00286508240116  -0.231663003545   0.165226457029 1776585360.8
-0.0052016441504   -0.30189977653   0.160442504832 1776585360.82
-0.00458628122031   -0.332606834354    0.149340529792 1776585360.84
0.00302592752463  -0.319744324369   0.131840594838 1776585360.86
0.0139315846671 -0.266195656692  0.108181395646 1776585360.88
 0.023363800611 -0.181253845347 0.0791165452049 1776585360.9
 0.0267078960921 -0.0789564722302  0.0460652800312 1776585360.92
0.0206539230597 0.0243756877251 0.0111469303982 1776585360.94
0.00398261239393   0.112901767612 -0.0229528797364 1776585360.96
-0.0222121883324   0.173805809467 -0.0533004987784 1776585360.98
-0.0549007362307   0.199186026478 -0.0771855923087 1776585361
-0.0899627529081    0.18700897623 -0.0926638071742 1776585361.02
-0.123244215488  0.141040795712 -0.099048666177 1776585361.04
 -0.151522327853  0.0698513865838 -0.0972151754637 1776585361.06
 -0.173119181926 -0.0148665687762 -0.0895988704136 1776585361.08
 -0.188022273187  -0.100330208532 -0.0798341364538 1776585361.1
-0.197522839528 -0.174685819854 -0.072063291985 1776585361.12
 -0.203523188739   -0.22867865707 -0.0700400255825 1776585361.14
 -0.207750874892  -0.256720677738 -0.0762198575543 1776585361.16
 -0.211128987392  -0.257230785429 -0.0910541212132 1776585361.18
-0.213489737383  -0.23227176317  -0.11267324112 1776585361.2
-0.213705116065 -0.186649689312  -0.13706633516 1776585361.22
-0.210178045075 -0.126741362959 -0.158757188875 1776585361.24
 -0.201527013717 -0.0593461300723  -0.171867971288 1776585361.26
 -0.187236836406 0.00918913547836  -0.171376823198 1776585361.28
-0.168054078464 0.0734358354385 -0.154330727728 1776585361.3
-0.145976391405  0.128947664881 -0.120776873554 1776585361.32
 -0.123801750005   0.172059662361 -0.0742200143266 1776585361.34
 -0.104335152746   0.199633530142 -0.0214895672206 1776585361.36
-0.0894608296872   0.208956795148  0.0280049656486 1776585361.38
-0.0793460422901      0.197924054  0.0635519669643 1776585361.4
-0.0720297122725   0.165500861799  0.0747794159092 1776585361.42
-0.0635651429888   0.112338294591   0.053420098955 1776585361.44
  -0.048749660322   0.0413146295391 -0.00507853464381 1776585361.46
 -0.022318497138 -0.0422370194879  -0.100376626406 1776585361.48
 0.019654180168 -0.130790998063  -0.22672606829 1776585361.5
0.0784807203816 -0.215427832263  -0.37325725252 1776585361.53
 0.152040671823 -0.287062595146 -0.525088585169 1776585361.54
 0.234656565725 -0.337866692774  -0.66514497732 1776585361.56
 0.317751716038 -0.362579932253 -0.776446181263 1776585361.58
 0.391197334926 -0.359422771433 -0.844531054044 1776585361.6
 0.445093903217  -0.33040427599 -0.859637635491 1776585361.62
 0.471625042668 -0.280953094418 -0.818272961217 1776585361.64
 0.466595075332 -0.218942158855 -0.723884480363 1776585361.66
 0.430319719691 -0.153300713533 -0.586480879735 1776585361.68
  0.367670852439 -0.0924862421845  -0.421226640995 1776585361.7
   0.28725389574 -0.0431109912682  -0.246222505318 1776585361.72
   0.199882446351 -0.00898044095345  -0.0798451749247 1776585361.74
  0.116667153969 0.00928810261083  0.0618850559612 1776585361.76
0.0471172178974 0.0140217018116  0.167439656853 1776585361.78
-0.00235869429825  0.00970829159313    0.231053864875 1776585361.8
-0.0292677008999 0.00186754943087   0.252955388615 1776585361.82
 -0.0350453203134 -0.00416852617799    0.238594772913 1776585361.84
 -0.0243300147419 -0.00430933518565    0.197127088878 1776585361.86
-0.00371706110383  0.00360471184185    0.139525480572 1776585361.88
0.0197041432192 0.0195766701041 0.0767336508494 1776585361.9
0.0397174884883 0.0416795851049 0.0181890045609 1776585361.92
   0.05200114387  0.0666265778697 -0.0290964335324 1776585361.94
 0.0546539501572  0.0905179288196 -0.0608743502189 1776585361.96
 0.0481935808267   0.109589056527 -0.0755295288565 1776585361.98
 0.0350937595945   0.120817588202 -0.0736646591032 1776585362
0.0190001492396  0.122309021993 -0.057586370025 1776585362.02
0.00380319641287   0.113446527568 -0.0308228426979 1776585362.04
-0.0072473531508  0.0948416786165 0.00227908516647 1776585362.06
-0.0122232154844  0.0681487512179  0.0369045754694 1776585362.08
-0.0108755600308  0.0358059113333  0.0681368708103 1776585362.1
-0.00461514098553   0.0007506864154   0.0913996158634 1776585362.12
0.00386727712315 -0.0338638867645   0.102987674449 1776585362.14
 0.0112499017768 -0.0649427743852   0.100629381047 1776585362.16
 0.0143516256671 -0.0897105971352  0.0839619719433 1776585362.18
0.0108537551981 -0.105959860984 0.0547756093638 1776585362.2
-0.00018752339688   -0.112278651722   0.0169050374928 1776585362.22
-0.0181454086147  -0.108242156258 -0.0242807306669 1776585362.24
-0.0409734813559   -0.09454275991 -0.0627403692624 1776585362.26
-0.0656512640438 -0.0730251359994 -0.0928246970331 1776585362.28
-0.0888075522173 -0.0465897265539  -0.110327000884 1776585362.3
 -0.107373808521 -0.0189353941563  -0.113287522398 1776585362.32
 -0.119127810508 0.00586659745438  -0.102363849115 1776585362.34
 -0.123027944988  0.0239405019387 -0.0806711406343 1776585362.36
 -0.119296277652  0.0322476600549 -0.0531148762927 1776585362.38
 -0.109266489075  0.0291959402535 -0.0253554563854 1776585362.4
 -0.0950567390029   0.0150898936452 -0.00263008190773 1776585362.41
 -0.0791499829814 -0.00770071092658   0.0113087293939 1776585362.44
-0.0639651050088 -0.0349405036393  0.0149061543876 1776585362.46
 -0.051486900281   -0.06111856932 0.00902073662319 1776585362.47
-0.0429993863333 -0.0803690273145 -0.0033881919575 1776585362.49
-0.0389427069114 -0.0875792141929 -0.0180092139135 1776585362.52
-0.0388944002952 -0.0794791258446 -0.0301747217919 1776585362.54
-0.0416634730149 -0.0554805680466 -0.0358684595476 1776585362.56
-0.0454800160157 -0.0180591800669 -0.0325225727189 1776585362.58
-0.0482610676843  0.0274518697129  -0.019448605788 1776585362.6
-0.0479309710402  0.0736723784876 0.00215433925588 1776585362.62
-0.042768259365   0.11247299248 0.0295683287392 1776585362.64
-0.0317404379988   0.136523583307  0.0591763981021 1776585362.66
-0.0147758169236   0.140778807241   0.087168590643 1776585362.68
0.00708610982509   0.123578772738   0.110176054511 1776585362.7
0.0317198478989 0.0871101563764  0.125719140943 1776585362.72
0.0561464388447 0.0371049956278  0.132419513064 1776585362.74
 0.0769643838221 -0.0181795553077   0.129989712718 1776585362.76
 0.0909185413499 -0.0694976142082   0.119059541556 1776585362.78
 0.095499943342 -0.108350098317  0.100918546532 1776585362.8
0.0894457025814 -0.128560302302  0.077248952838 1776585362.82
0.0730198807537 -0.127368198572 0.0499016103526 1776585362.84
0.0480039576751 -0.105828587679 0.0207394803868 1776585362.86
  0.0173966521684  -0.0684478247566 -0.00845208585844 1776585362.88
-0.0151044368633 -0.0221535265981 -0.0360063306947 1776585362.9
-0.0457154597106  0.0251720322386 -0.0603935430855 1776585362.92
-0.0711350608678  0.0662788526929 -0.0802436514904 1776585362.94
-0.0889573818824  0.0959232610407 -0.0943944671045 1776585362.96
-0.0978738119261   0.111749794788  -0.101977477151 1776585362.98
-0.0976736465763   0.114514773745  -0.102539189258 1776585363
-0.0891053062809   0.107632338089 -0.0961784375994 1776585363.02
-0.0736796656547  0.0961708608026 -0.0836618419498 1776585363.04
-0.0534809253421  0.0855414147073 -0.0664671546625 1776585363.06
-0.0310087206594  0.0801759099427 -0.0467054624467 1776585363.08
-0.00902868297295   0.0824814966792  -0.0268933959697 1776585363.1
 0.00962000258168   0.0922872383152 -0.00958409057554 1776585363.12
 0.0223075357571   0.106888777587 0.00308887401352 1776585363.14
0.0269967547166  0.121672187123 0.0098614238505 1776585363.16
0.0226783578704  0.131183661543 0.0106713234921 1776585363.18
0.00975382214549    0.13042585821 0.00677190822665 1776585363.2
-0.00976782733961    0.116116369661 0.000565933187543 1776585363.22
-0.0323795826589   0.087644815016  -0.004840455568 1776585363.24
 -0.0535522849914   0.0475131857252 -0.00629413263726 1776585363.26
   -0.0685420261  0.0011349487268 -0.0013308711625 1776585363.28
-0.0733907009203  -0.044009332965   0.011177556889 1776585363.3
-0.0659004378592 -0.0797281407889  0.0306338723095 1776585363.32
-0.0463341882318 -0.0987363581823  0.0547098017183 1776585363.34
-0.0176356179241  -0.096208390057  0.0797690367272 1776585363.36
0.0149324331047 -0.070933057154  0.101656499969 1776585363.38
 0.0446872028513 -0.0258022775923   0.116686730604 1776585363.4
0.0647789080813 0.0325042487569  0.122592103055 1776585363.41
0.0695201558969 0.0946089351341  0.119179029322 1776585363.44
0.0554970189651  0.150104498393  0.108498136939 1776585363.46
0.0222279339666  0.189475639297 0.0944516971845 1776585363.48
 -0.02774521064  0.205888642255 0.0819075361335 1776585363.5
-0.0893118252525   0.196484504307   0.075522250911 1776585363.52
-0.155654801594  0.162910640005 0.0785595138372 1776585363.54
-0.219316211722  0.110983604894 0.0919978482985 1776585363.56
-0.273257920019 0.0495577707596  0.114154098034 1776585363.58
 -0.311753377033 -0.0111571418776   0.140922974259 1776585363.6
 -0.331015829491 -0.0614721738591   0.166583872735 1776585363.62
 -0.329533695001 -0.0938991104307   0.184992505587 1776585363.64
-0.308127775376 -0.104304468218  0.190888955868 1776585363.66
 -0.269763869636 -0.0923448709724   0.181033088209 1776585363.68
 -0.219156772979 -0.0611682655168   0.154923521061 1776585363.7
 -0.162200607713 -0.0165326514297   0.114953899077 1776585363.71
-0.105265894553  0.034394318396 0.0659865576085 1776585363.73
-0.0544188845103  0.0842619357813  0.0144505029846 1776585363.76
-0.0146399219658   0.126548235247 -0.0328302566897 1776585363.78
 0.0108627348405   0.156223529381 -0.0698229033684 1776585363.8
 0.0211380535348   0.170054601647 -0.0922429824202 1776585363.81
 0.0176793152023   0.166634804775 -0.0981067203586 1776585363.84
0.00424580781369   0.146268262571 -0.0878072620497 1776585363.86
-0.0136988851992   0.110820320183 -0.0637563452098 1776585363.88
-0.0298868586452  0.0635873327584 -0.0297236570523 1776585363.9
-0.0383711597701  0.0091666162979 0.00994773650226 1776585363.92
-0.0347026563487 -0.0467466365023  0.0510778469062 1776585363.94
-0.0169451066072  -0.097722784989  0.0902154729134 1776585363.96
0.0136887574458 -0.137177782571  0.124979709565 1776585363.98
0.0527536976291 -0.159161106433  0.154185017131 1776585364
0.0931218049797 -0.159265870867  0.177790743586 1776585364.02
 0.126118253523 -0.135510749371  0.196717349828 1776585364.04
  0.143060513924 -0.0890100031823   0.212554413809 1776585364.06
  0.136913138238 -0.0242555669414   0.227171540716 1776585364.08
0.103725987077 0.051116392272 0.242250196343 1776585364.1
 0.04355641239 0.127120852678 0.258785843238 1776585364.12
-0.039320300265  0.192727269552  0.276652908952 1776585364.14
-0.136958428602  0.237513711831  0.294356512762 1776585364.16
-0.238935687818  0.253426126884  0.309090475581 1776585364.18
-0.333954388831  0.236340113674  0.317167621528 1776585364.2
-0.411542235475  0.187112464925  0.314791282978 1776585364.22
-0.463547221652  0.111857978152  0.299022142752 1776585364.24
-0.485186682978 0.0212978509031   0.26870151656 1776585364.26
-0.475517457959 -0.070808694294  0.225060139892 1776585364.28
-0.437312752633 -0.149942663555  0.171793695996 1776585364.3
-0.376433490152 -0.203422609976  0.114518186588 1776585364.32
-0.300848324695 -0.222808342743 0.0596951908657 1776585364.34
-0.219480884859 -0.205584213358 0.0132835611572 1776585364.36
 -0.141051842133  -0.155711578919 -0.0205276090743 1776585364.38
 -0.073051826629 -0.0828735954207 -0.0401581131656 1776585364.4
   -0.020944442767 -0.000534494298964   -0.0468185855431 1776585364.42
 0.0123338773797  0.0767778134438 -0.0439965358888 1776585364.44
 0.0265378023773   0.136363104276 -0.0364090071094 1776585364.46
 0.0239289698404   0.169767546591 -0.0287306636823 1776585364.49
0.00876590573508   0.174203432599   -0.02445226835 1776585364.5
-0.0134677320048   0.152694604362 -0.0251614655454 1776585364.52
-0.0369873350678   0.112983207397 -0.0303933952634 1776585364.54
-0.0566385633652  0.0655195088528 -0.0380250309751 1776585364.56
-0.0686765789928  0.0210450968774 -0.0450405537556 1776585364.58
-0.0712529977937 -0.0116692079376 -0.0484166276373 1776585364.6
-0.0645225121704 -0.0274553260622 -0.0458804061896 1776585364.62
-0.0503577090373 -0.0254612653278 -0.0363662203336 1776585364.64
 -0.0317441280043 -0.00888857551057  -0.0201070202545 1776585364.66
-0.0119975705199  0.0160870760566 0.00159405040937 1776585364.68
0.00601585853306  0.0418986410718  0.0267891817495 1776585364.7
0.0204802349368  0.061292497865 0.0533568468521 1776585364.72
0.0309206175166 0.0687951309461 0.0793859687088 1776585364.74
0.0381328260475 0.0616739946214  0.103395002576 1776585364.76
0.0437921711451 0.0402599319729  0.124374091895 1776585364.78
 0.0498603692971 0.00764331864738   0.141695039827 1776585364.8
  0.057955174343 -0.0311195361803    0.15496440711 1776585364.82
 0.0688466268943 -0.0700719395287    0.16389419595 1776585364.84
0.0821993818618 -0.103450273703   0.16823817031 1776585364.86
  0.09660759131 -0.126589795158  0.167803567526 1776585364.88
 0.109890172069 -0.136498619548  0.162513489979 1776585364.9
 0.119552696086 -0.132049754098  0.152476782203 1776585364.92
 0.123293068086 -0.113833476648  0.138024685582 1776585364.94
  0.119435585857 -0.0837809363098    0.11969385994 1776585364.96
  0.107214252174 -0.0446996110213  0.0981636930447 1776585364.98
  0.0868757908318 0.000151686289328   0.0741794523767 1776585365
0.0596185568121 0.0473681836215 0.0485009915027 1776585365.02
0.0274128357224 0.0935696476931 0.0219050789293 1776585365.04
 -0.0072435049812    0.135480943878 -0.00475779276138 1776585365.06
-0.0415887911791   0.170003532091 -0.0304826429394 1776585365.08
-0.0728529814718   0.194358781435 -0.0540573248653 1776585365.1
-0.0984940454984   0.206348011289 -0.0740907255643 1776585365.12
 -0.116414673381   0.204714021912 -0.0891515872319 1776585365.14
 -0.125159512281   0.189525013412 -0.0980073999679 1776585365.16
-0.124086099411   0.16245720757 -0.099909453715 1776585365.18
 -0.113491934081   0.126845359996 -0.0948405077913 1776585365.2
-0.0946708878539  0.0874077174179 -0.0836387388624 1776585365.22
-0.0698690832697  0.0496268763159 -0.0679396306856 1776585365.24
-0.0421164502362  0.0188612680939 -0.0499287315898 1776585365.26
  -0.0149259294523 -0.000652098377155   -0.0319557282198 1776585365.28
 0.00812429390548 -0.00668945026311  -0.0161038060567 1776585365.3
  0.0238832668795  0.00039127950542 -0.00382230924215 1776585365.32
  0.030127439957  0.0175717581373 0.00428912259131 1776585365.34
0.0259848370001 0.0396526101795  0.008502229066 1776585365.36
0.0121961417231 0.0602349598534 0.0097989882739 1776585365.38
-0.00886099299036   0.0730265835604    0.009583302533 1776585365.4
-0.0334269407192  0.0732056672081 0.00934310842238 1776585365.42
-0.0568901148704  0.0585424220038  0.0103377033183 1776585365.44
-0.0745312935123  0.0300153993353  0.0133644190527 1776585365.46
 -0.0823660443693 -0.00823843941536   0.0186317750496 1776585365.48
-0.0779286295505 -0.0496542048259  0.0257430014296 1776585365.5
-0.0608300630399 -0.0865083748383  0.0337788904492 1776585365.52
-0.0329516892034  -0.111459774884  0.0414609903049 1776585365.54
0.00179668574673  -0.119033640441  0.0473709048288 1776585365.56
 0.038131223589 -0.106738177461 0.0501954811556 1776585365.58
 0.0703407951171 -0.0755930980775  0.0489608447372 1776585365.6
 0.0933311049624 -0.0299841757162  0.0432138436773 1776585365.62
 0.103541135268 0.0231005017955 0.0331122834593 1776585365.64
0.0995320647415 0.0752825324539 0.0193990176022 1776585365.66
  0.082125488085   0.118217306503 0.00325955469323 1776585365.68
 0.0540774544709   0.144980300389 -0.0139065741283 1776585365.7
 0.0193889614922   0.151194609112 -0.0307431758984 1776585365.72
-0.0175590868336   0.135734732865 -0.0461528144548 1776585365.74
-0.0528226722123   0.100910289184 -0.0594083983406 1776585365.76
-0.0834661768483  0.0521061644771 -0.0701305083308 1776585365.78
   -0.10777386753 -0.00307037804385  -0.0781460189144 1776585365.8
 -0.125100289755 -0.0560117375056 -0.0832887455459 1776585365.82
 -0.135468694028 -0.0985104813227 -0.0852297366463 1776585365.84
 -0.139098142674  -0.124100585728 -0.0834206299352 1776585365.86
 -0.136049529441  -0.129092295348 -0.0771961925216 1776585365.88
-0.126125865272 -0.113096653903 -0.066022964832 1776585365.9
 -0.109062574279 -0.0789334103436 -0.0498211027873 1776585365.92
-0.0849339967622 -0.0319508657047 -0.0292492236714 1776585365.94
 -0.0546197738764   0.0210762372776 -0.00584254251054 1776585365.96
-0.0201454880226  0.0732056417732  0.0180665290299 1776585365.99
0.0152566583585  0.118450356489 0.0396529487463 1776585366
0.0474412753839  0.152526900379 0.0560713351272 1776585366.02
0.0719688226643  0.173111822806 0.0649928899695 1776585366.04
0.0849272194885  0.179638804907  0.065089584404 1776585366.06
0.0837721714914  0.172798310976  0.056364738872 1776585366.08
 0.067988847887   0.15397008714 0.0402657989098 1776585366.1
0.0394112712361  0.124805245656 0.0195578469013 1776585366.12
0.00210575386573  0.0870867638642 -0.0020257250229 1776585366.14
-0.0381860595621  0.0428680109205 -0.0203101310172 1776585366.16
 -0.0749589146362 -0.00523450402851   -0.031317055881 1776585366.18
 -0.102050665187  -0.053790852029 -0.0319294595407 1776585366.2
 -0.114739445424 -0.0985423642855 -0.0204852803884 1776585366.22
-0.110620307811  -0.13473379977 0.0028043918883 1776585366.24
-0.0900853490987  -0.157778698062  0.0357079134003 1776585366.26
-0.0563035888244  -0.164115818012   0.074159868917 1776585366.29
-0.0146938731694  -0.152031604495    0.11279014417 1776585366.3
0.0280137360389 -0.122214296404  0.145733131592 1776585366.32
 0.0649480776148 -0.0778713356275   0.167586661326 1776585366.34
 0.0902715959643 -0.0243584981842    0.17434415858 1776585366.36
 0.100134640304 0.0316038136687  0.164115564123 1776585366.38
0.0932341245786 0.0829547956158  0.137488226189 1776585366.4
0.0708864895033  0.123344760724 0.0974510400703 1776585366.42
0.0366258063108  0.148019742138 0.0488960679603 1776585366.44
-0.00456710414937    0.154407752219 -0.00220039531855 1776585366.46
-0.0472285230388   0.142354764016  -0.049751369706 1776585366.49
-0.0863610594185   0.114028273804 -0.0884954519973 1776585366.5
 -0.11817417452 0.0735499067986 -0.114721251594 1776585366.52
-0.140478544949  0.026433367455 -0.126661436943 1776585366.54
 -0.152685032702 -0.0211003872498  -0.124518259223 1776585366.56
 -0.155458638133 -0.0628673943882  -0.110166256938 1776585366.59
  -0.15016339262 -0.0934611758112 -0.0866423445972 1776585366.61
 -0.138281622545  -0.108915280539 -0.0575612630628 1776585366.62
 -0.120985543609  -0.107200128837 -0.0265800269512 1776585366.64
-0.0989814181915 -0.0884660134879 0.00301185646082 1776585366.66
-0.0726540922896 -0.0549705535877  0.0285575501066 1776585366.69
-0.0424417086141 -0.0106847708981  0.0481793213968 1776585366.71
-0.00929701269869   0.0393551961135   0.0608477576955 1776585366.72
0.0249363359673 0.0898179144203 0.0664015613231 1776585366.74
0.0573815145502  0.135802277096 0.0655174631327 1776585366.76
0.0843062663664  0.173369401103 0.0596081787053 1776585366.79
0.101622135749 0.199795059555 0.050627242189 1776585366.81
 0.105622838906  0.213547845423 0.0407851061796 1776585366.83
0.0938143965043  0.214084056096 0.0322185679979 1776585366.84
0.0656557024207  0.201599082889 0.0266849907042 1776585366.86
0.0230307980409  0.176868259966 0.0253563063783 1776585366.89
-0.029687074414  0.141250075385 0.0287595986369 1776585366.91
-0.0860497537911    0.09683440262  0.0368604223814 1776585366.92
-0.138405707882 0.0466332207926  0.049232547172 1776585366.94
  -0.179109383649 -0.00533453358082   0.0652265657496 1776585366.96
 -0.201861790404 -0.0541984925529  0.0840550415185 1776585366.98
 -0.202920989817 -0.0946956898664   0.104753808793 1776585367
 -0.18191796947 -0.121890692977  0.126041997469 1776585367.02
-0.142072399437 -0.132014964982  0.146161774716 1776585367.04
-0.0897194803767  -0.123225595915   0.162807756163 1776585367.06
-0.0332108249521 -0.0960894619086    0.17324155257 1776585367.09
 0.0185980329608 -0.0536653058826     0.1746315883 1776585367.11
  0.0579546190193 -0.00115748327576    0.164580214617 1776585367.12
0.0795613684434 0.0547850567959  0.141725849696 1776585367.14
0.0813796423353  0.106983670447  0.106263056459 1776585367.16
0.0647253387245  0.148697354189 0.0602242580567 1776585367.19
 0.0336691631393   0.174501799704 0.00741477595268 1776585367.21
-0.00607577899012    0.180982170419  -0.0470252509689 1776585367.23
-0.0484757553427    0.16718389738 -0.0973666348136 1776585367.24
-0.0883646679505    0.13479256595  -0.138204026131 1776585367.26
-0.122208014553 0.0880234871597 -0.165357780978 1776585367.29
 -0.14828123706 0.0332049520924 -0.176594841238 1776585367.31
 -0.166272205224 -0.0219463765162  -0.172045900867 1776585367.33
 -0.176482342612 -0.0693211092101  -0.154264166687 1776585367.34
-0.178912919789 -0.101585218352 -0.127937550736 1776585367.36
  -0.17255122734  -0.113353747144 -0.0993136842439 1776585367.39
-0.155109494342 -0.102156583313 -0.075419543934 1776585367.41
 -0.123337533271 -0.0689844401211 -0.0631608802238 1776585367.42
-0.0738668123618 -0.0182659048284 -0.0683844251432 1776585367.44
-0.00439319871418   0.0427595896184  -0.0949898846438 1776585367.46
0.0850952134483  0.105173184444 -0.144191611904 1776585367.49
 0.191368897718  0.159797387769 -0.214042959583 1776585367.51
 0.307566268194  0.198630338609 -0.299334454129 1776585367.53
0.423536016598 0.216027682168 -0.39194709085 1776585367.54
 0.526941548087  0.209439675391 -0.481680820259 1776585367.56
 0.604998494557  0.179620818835 -0.557494532035 1776585367.59
 0.646572640461  0.130339878905 -0.609005770714 1776585367.61
 0.644262364672  0.067699984731 -0.628027625067 1776585367.63
   0.596049782514 -0.00078258188554   -0.609885622252 1776585367.64
 0.506145023511 -0.067192653079 -0.554271018265 1776585367.66
 0.384773548958 -0.124198995659 -0.465451285451 1776585367.69
 0.246853540225 -0.165909732415 -0.351765935233 1776585367.71
  0.10974353751 -0.188525669662 -0.224467430919 1776585367.72
-0.00954377998694   -0.190729706838  -0.0960956028475 1776585367.74
-0.0971255487723   -0.17376316917  0.0213305999977 1776585367.76
-0.144473475129 -0.141163448741  0.117982782296 1776585367.79
 -0.149634141954 -0.0981782917629   0.187464249086 1776585367.81
 -0.117218912902 -0.0509275275092   0.227424833742 1776585367.82
 -0.0572079331269 -0.00544032867059     0.23948080294 1776585367.84
0.0171358747097 0.0332631474524  0.228505893242 1776585367.86
0.0917766378301 0.0618699645132  0.201470186205 1776585367.89
0.154319936133 0.079112797558 0.166069942193 1776585367.91
 0.195878937125 0.0856843305451  0.129405545185 1776585367.92
 0.212097116754 0.0837613079575 0.0969296786273 1776585367.94
 0.203234642076 0.0762659962813  0.071816028015 1776585367.96
  0.17342189094 0.0660561641969 0.0548080134396 1776585367.99
 0.129333140673 0.0552481915877 0.0445166666447 1776585368.01
0.0786120406025 0.0448368523319 0.0380635037187 1776585368.02
0.0283825599525 0.0346909224687 0.0319187867439 1776585368.04
-0.015884853771 0.0238996038817 0.0227711131527 1776585368.06
-0.0509905203673  0.0113494942353 0.00827744415702 1776585368.09
-0.0760703733723 -0.0036489161273 -0.0124238957381 1776585368.11
-0.0921884043608 -0.0208766181755 -0.0385094529713 1776585368.13
 -0.101620825102 -0.0390123290259 -0.0675983414005 1776585368.14
 -0.107035262621  -0.055794833725 -0.0961837899669 1776585368.16
 -0.110759611425 -0.0685039662567  -0.120294351221 1776585368.19
 -0.114285747435 -0.0746293907063   -0.13627054473 1776585368.21
  -0.11807857593 -0.0725390674059  -0.141514789269 1776585368.23
-0.121680936366 -0.061955852024 -0.135065008389 1776585368.25
 -0.124039372688 -0.0441036891457   -0.11786369903 1776585368.26
 -0.123938436082 -0.0214797424194  -0.092647804823 1776585368.29
 -0.120426186837 0.00268281005575 -0.0634637367572 1776585368.31
 -0.113135455486  0.0251083329672 -0.0348987679666 1776585368.32
  -0.10244266829  0.0431354089839 -0.0111908560563 1776585368.34
-0.0894461861389  0.0551635136958 0.00458826525611 1776585368.36
-0.0757801799236  0.0607892876659  0.0110985926001 1776585368.38
-0.0633045008184  0.0606319408281  0.0089300234392 1776585368.41
-0.0537267271593  0.0559405150991 0.00040649558605 1776585368.42
-0.0482221568078  0.0481317433061 -0.0109404954479 1776585368.44
-0.0471220945906   0.038409793521 -0.0210990529878 1776585368.46
-0.0497384543018  0.0275713358281 -0.0263463798972 1776585368.48
-0.0543793625452  0.0160216045707 -0.0239133535223 1776585368.51
-0.0585826595305 0.00394928252632  -0.012437282151 1776585368.53
  -0.059552410542 -0.00844196129502   0.0078502954258 1776585368.55
 -0.054734287228 -0.0207537513959  0.0352020809092 1776585368.56
-0.0424212489134 -0.0323377675529   0.066661067653 1776585368.58
-0.0222562399244 -0.0423772316425  0.0985301671949 1776585368.61
0.00449450232362 -0.0500581478461   0.126928398144 1776585368.62
 0.0349824225529 -0.0547489457217   0.148352096495 1776585368.65
 0.0651492116607 -0.0561098350656   0.160161667434 1776585368.66
 0.0903722958807 -0.0540893553255   0.160923953227 1776585368.68
  0.106260545767 -0.0488183000834   0.150559263173 1776585368.71
  0.109441419412 -0.0404576232145    0.13027078701 1776585368.72
 0.0981804291077 -0.0290780567865   0.102269583225 1776585368.74
 0.0727083444966 -0.0146370458893  0.0693447227062 1776585368.76
 0.0351928137492 0.00292134065831  0.0343580711125 1776585368.78
  -0.0106342527318    0.0234698478577 -0.000240534241806 1776585368.81
-0.0601105042672  0.0464754587034 -0.0327844380787 1776585368.83
-0.108402728738 0.0708415919865 -0.062577037739 1776585368.84
 -0.151235873019  0.0948940061049 -0.0898630867618 1776585368.86
 -0.18545056935  0.116548623982 -0.115600698703 1776585368.88
-0.209295352579  0.133642764017 -0.141094594043 1776585368.91
-0.222425993474  0.144356705027 -0.167580953493 1776585368.92
-0.225652379836  0.147617607573 -0.195862151552 1776585368.94
-0.220525769394  0.143373738699 -0.226073897109 1776585368.96
-0.208883501702  0.132655415175 -0.257631952989 1776585368.98
-0.192460415119  0.117392396554 -0.289359259563 1776585369.01
-0.172641806544   0.10002118472 -0.319748319493 1776585369.02
 -0.15038449328  0.082972674428 -0.347280016679 1776585369.04
-0.126285492824 0.0681653869838 -0.370708235603 1776585369.06
-0.100744423518 0.0566323284537 -0.389233830222 1776585369.08
-0.0741521939185  0.0483789453088  -0.402528101481 1776585369.11
-0.0470443121999  0.0425130810793   -0.41061407211 1776585369.13
-0.0201767165057  0.0376192254693  -0.413658563681 1776585369.14
0.0054917603764 0.0322853574349 -0.411755500473 1776585369.16
0.0288994044353 0.0256466782964 -0.404782765652 1776585369.18
0.0490301146115 0.0177975258327 -0.392391098849 1776585369.21
 0.0650605768856 0.00994554224516  -0.374141316171 1776585369.22
 0.0764523917148 0.00423825856818  -0.349757958973 1776585369.24
 0.0829481910815 0.00327152962557  -0.319427044807 1776585369.26
 0.0844616363753 0.00937460816066  -0.284043958771 1776585369.28
0.0808938827224 0.0238366807166 -0.245320218996 1776585369.31
0.0719489262901 0.0462739017489 -0.205684380923 1776585369.32
0.0570389764865 0.0743213845099 -0.167957850919 1776585369.34
0.0353555280765  0.103771026889 -0.134843293364 1776585369.36
0.00613183032415   0.129177170396  -0.108321096511 1776585369.38
-0.0309473790147   0.144841873834 -0.0890935725571 1776585369.41
-0.0752975382117   0.145997306943 -0.0762309364137 1776585369.42
 -0.125088983738   0.129947424623 -0.0671460611769 1776585369.44
 -0.177131284387  0.0969275464468 -0.0579570444934 1776585369.46
 -0.227051644711  0.0504887990165 -0.0442027607538 1776585369.48
  -0.269743081095 -0.00269753362406  -0.0217816120924 1776585369.5
 -0.299975542682 -0.0536135548871  0.0120865718357 1776585369.52
 -0.313019153523 -0.0921411794198  0.0581018176438 1776585369.54
-0.305140998522 -0.108597305537  0.114527933329 1776585369.56
 -0.273900108049 -0.0953285103354    0.17736018375 1776585369.58
 -0.218252634132 -0.0481254202419   0.241020801882 1776585369.6
-0.138552711141 0.0327647387545  0.299454612249 1776585369.63
-0.0365607614331   0.142207143234   0.347382798748 1776585369.64
0.0844641869065  0.270446448934  0.381409904605 1776585369.66
0.219595764537 0.404103310248 0.400692360458 1776585369.68
0.362099953557 0.527826346088 0.406972416858 1776585369.71
0.503492872132 0.626408686335 0.403941547878 1776585369.73
0.633962522737 0.687067757518  0.39608218141 1776585369.74
0.743237560667 0.701508991464 0.387293285481 1776585369.76
0.821846284776 0.667378280825 0.379683936308 1776585369.78
0.862559883052 0.588777915958 0.372889086558 1776585369.8
0.861710918836 0.475681024049 0.364124709634 1776585369.82
0.820062096313 0.342305032149 0.348991199062 1776585369.84
0.742981553044 0.204740687696 0.322815652963 1776585369.86
 0.639835105048 0.0783109431024  0.282162982935 1776585369.88
 0.522685189188 -0.024803435487  0.226093066926 1776585369.9
  0.404538098556 -0.0972087962364   0.156811524705 1776585369.92
 0.297466761896 -0.136938652034 0.0795303077221 1776585369.94
  0.210942088626  -0.147055238067 0.00156760852375 1776585369.96
  0.150643118152   -0.13440470424 -0.0690870095671 1776585369.98
 0.117911455464 -0.107870995245 -0.125387096869 1776585370
  0.109897165129 -0.0765270100921  -0.162633880756 1776585370.03
  0.120332279251 -0.0480415122983  -0.179344761443 1776585370.05
  0.140776367717 -0.0275946837487  -0.177400987472 1776585370.06
  0.162114013616 -0.0174202873735   -0.16147137326 1776585370.08
  0.176054126616 -0.0169601366133  -0.137882750719 1776585370.1
  0.176392099219 -0.0235092550362   -0.11322801934 1776585370.13
  0.159847955913 -0.0331603490507  -0.093039868478 1776585370.15
   0.12637728163  -0.041829099542 -0.0808097128188 1776585370.16
 0.0789490490574 -0.0461562368526 -0.0775203927209 1776585370.18
 0.0228748158836 -0.0441314341666 -0.0817261551131 1776585370.2
-0.0351606629168 -0.0353556389443 -0.0900927657638 1776585370.23
-0.0881873652327 -0.0209375494002 -0.0982310683334 1776585370.24
 -0.129983478066 -0.0030915248664  -0.101629316021 1776585370.26
-0.155917377355   0.01544427804 -0.096508382634 1776585370.28
 -0.163511176318  0.0320276993476 -0.0804739554967 1776585370.3
 -0.152687982348   0.044636564238 -0.0529007448343 1776585370.33
 -0.125703763599  0.0521986072353 -0.0150371997677 1776585370.35
-0.0867921879762  0.0546822568082  0.0301458683761 1776585370.36
-0.041571484149 0.0529608525481 0.0783240623544 1776585370.38
0.00371880985637  0.0485112919145   0.124363344565 1776585370.4
0.043064705522 0.043036375743 0.162992909792 1776585370.43
0.0715054055657 0.0381029770481  0.189546441682 1776585370.45
0.0858297735096 0.0348678765981  0.200685507998 1776585370.46
0.0850337964461 0.0339289196318   0.19499165093 1776585370.48
0.0704538358449 0.0353034867604  0.173302211099 1776585370.5
0.0455333745096 0.0385095609735  0.138685127849 1776585370.52
 0.015240120114 0.0427117366208 0.0960059872469 1776585370.54
-0.014784456541 0.0468944396015 0.0511278619536 1776585370.56
-0.0392038083614  0.0500330452642 0.00987910497985 1776585370.58
-0.0539187215852  0.0512450772771 -0.0230023534292 1776585370.6
-0.0567766121851   0.049913195212 -0.0447134353457 1776585370.63
-0.047915976389 0.0457756522553 -0.054819495844 1776585370.64
-0.0296732147458  0.0389777620855 -0.0551704454658 1776585370.66
-0.00606897318378   0.0300731832813  -0.0493207680612 1776585370.68
 0.0180187108832  0.0199628659655 -0.0416011265598 1776585370.7
 0.0378202720933  0.0097675084254 -0.0360750579047 1776585370.73
  0.0495799849561 0.000646232811562  -0.0356327498933 1776585370.75
  0.0512237413232 -0.00640631872271  -0.0414213576505 1776585370.76
0.0426738493226 -0.010739065249 -0.052708669779 1776585370.78
 0.0257770573058  -0.012154127525 -0.0671604507674 1776585370.8
0.00389078072875 -0.0109157063018 -0.0814178470942 1776585370.83
-0.0187696212878 -0.0076521052372 -0.0918130219797 1776585370.85
 -0.0378913349055 -0.00317390502021  -0.0950629742913 1776585370.86
-0.0498010385986  0.0017443747805 -0.0888212523531 1776585370.88
-0.0520671145521 0.00656017543704 -0.0720241787073 1776585370.9
-0.0438866873319  0.0110829138451 -0.0450214212728 1776585370.93
 -0.0262114461915   0.0154859935595 -0.00951632126195 1776585370.95
-0.00160114550135   0.0202091788143   0.0316445548216 1776585370.96
 0.026171661138 0.0257801417339 0.0747953379592 1776585370.98
0.0527089556502 0.0326059464564  0.115858845157 1776585371
0.0736814702744 0.0407929384206   0.15081227743 1776585371.03
0.0855253075938 0.0500447537007  0.176176461242 1776585371.05
0.0860309278224 0.0596651500024  0.189477139032 1776585371.06
0.0747257085875 0.0686620790011  0.189608614294 1776585371.08
0.0529798855043 0.0759218880093  0.177023412728 1776585371.1
0.0238088441284 0.0804067133338  0.153686780398 1776585371.13
-0.00860387463801   0.0813279459991    0.122774270193 1776585371.15
-0.0395878214451  0.0782619690467  0.0881468163752 1776585371.16
-0.0647558957059  0.0711949711408  0.0536951930244 1776585371.18
-0.0807271886357  0.0605041805854  0.0226866941699 1776585371.2
 -0.0856696794486   0.0468969125794 -0.00274328534402 1776585371.23
-0.0795605899794   0.031332264816 -0.0218399062554 1776585371.25
 -0.064116391727  0.0149428360395 -0.0351642638752 1776585371.26
 -0.0424126913439 -0.00103995547641  -0.0442416895351 1776585371.28
-0.0182807367593 -0.0153653814527 -0.0510240779217 1776585371.3
 0.0043862988506 -0.0268589531495 -0.0573133416698 1776585371.32
 0.0222721191337 -0.0345368335759  -0.064294625403 1776585371.35
 0.0331020734327 -0.0377272744525 -0.0722851593453 1776585371.36
 0.0358691173153  -0.036174661676 -0.0807339192517 1776585371.38
 0.0308198195713 -0.0300977320631 -0.0884338920796 1776585371.4
 0.0192518626798 -0.0201796549999 -0.0938563726156 1776585371.42
 0.00320226781733 -0.00748143720746  -0.0954988858663 1776585371.45
-0.0148946633622 0.00671267267039 -0.0921555561483 1776585371.46
-0.0325222922935  0.0210926749511  -0.083060648652 1776585371.48
-0.0473424984324  0.0345263405542 -0.0679062466747 1776585371.5
-0.0574016780318  0.0462278359091 -0.0467768662347 1776585371.52
 -0.061294272085  0.0558554373285 -0.0200649668859 1776585371.54
-0.0582942652486  0.0635153805968  0.0115730524341 1776585371.56
-0.0484524825076  0.0696678440804  0.0471875798444 1776585371.58
-0.0326423949801  0.0749529384282  0.0854402015979 1776585371.6
-0.0125278958319   0.079975333438   0.124488233455 1776585371.62
0.00957117626439  0.0851001226725   0.161921044614 1776585371.65
0.0309246442836 0.0903136728225  0.194820028501 1776585371.66
0.0487324682051 0.0951885569684  0.219985936794 1776585371.68
0.0605161801949 0.0989643075981  0.234327980551 1776585371.7
0.0644965454398  0.100724248657  0.235354704759 1776585371.72
 0.059886758118 0.0996231705574   0.22166603005 1776585371.74
0.0470427571646 0.0951083100752   0.19333295395 1776585371.76
0.0274397291672 0.0870794206178  0.152070087079 1776585371.78
0.00347828990571  0.0759507954366    0.10114981508 1776585371.79
-0.0218448103473  0.0626038408132  0.0450616560021 1776585371.82
-0.0453460760123  0.0482458931446 -0.0110292294521 1776585371.84
-0.0640825736668  0.0342117388491  -0.061936405794 1776585371.86
-0.0757398963515  0.0217534149085  -0.103118583704 1776585371.88
-0.0789350924523  0.0118605400189  -0.131262731629 1776585371.9
-0.0734018751012 0.00514102617701  -0.144705018835 1776585371.92
-0.0600369962295 0.00177560193697  -0.143631655288 1776585371.94
-0.0407973068916 0.00154348787761  -0.130024928104 1776585371.96
-0.0184496577061 0.00390379980314  -0.107347628403 1776585371.98
0.00380684917983 0.00810991371105 -0.0799944670882 1776585372
 0.0228048894424  0.0133331747848 -0.0525803874457 1776585372.02
 0.0358958022052  0.0187770583652 -0.0291746909114 1776585372.04
0.0413806665134 0.0237701024503 -0.012614255649 1776585372.06
  0.0388052492261   0.0278320229633 -0.00402791066949 1776585372.08
   0.029054088187   0.0307106188172 -0.00267296031656 1776585372.1
  0.0142108779849   0.0323881538938 -0.00612859706033 1776585372.12
-0.0028047622339  0.0330567599179 -0.0108216731459 1776585372.14
-0.0187685804848  0.0330642743563 -0.0127935930664 1776585372.16
-0.0307572209254  0.0328350960947 -0.0085670033353 1776585372.18
-0.0367122286195  0.0327751521409 0.00405335774121 1776585372.2
-0.0358475716341  0.0331756782289  0.0254061159135 1776585372.22
-0.0288112878562  0.0341355883836   0.053750951824 1776585372.24
-0.0175588190594   0.035523363693  0.0854634218482 1776585372.26
-0.00495521858648   0.0369934338715    0.115631212655 1776585372.28
0.00581703040106  0.0380589319228   0.138949470013 1776585372.3
0.0119224695332 0.0382066481208  0.150740044506 1776585372.32
0.0114678864763 0.0370271254902  0.147881911269 1776585372.34
0.00389935791324  0.0343277180277   0.129452105868 1776585372.36
-0.00988534225167   0.0302003574689   0.0969388857759 1776585372.38
-0.0277327105809  0.0250272244691  0.0539865095424 1776585372.4
-0.0466933792531  0.0194232238673 0.00573778892821 1776585372.42
-0.0636435009292  0.0141296182836 -0.0420726433778 1776585372.45
-0.0759307821727  0.0098835397562 -0.0840770165862 1776585372.46
-0.0819047205012 0.00729030977256  -0.116094309835 1776585372.48
-0.0812183963119 0.00672029672329  -0.135670707266 1776585372.5
 -0.074841628349 0.00824362339953  -0.142274039125 1776585372.52
-0.0647899803594  0.0116089783188  -0.137150473064 1776585372.54
-0.0536358554296  0.0162687812913  -0.122909571029 1776585372.56
-0.0439129040496  0.0214503066242  -0.102937250368 1776585372.58
 -0.037544297395  0.0262683499209 -0.0807471745905 1776585372.6
 -0.035416774664  0.0298685417902 -0.0593761274276 1776585372.62
-0.0371894818479  0.0315826005019 -0.0409139116314 1776585372.65
-0.0413773356567  0.0310698875658 -0.0262362694372 1776585372.66
-0.0456928867357  0.0284158937676  -0.014980790109 1776585372.68
 -0.0475785872935   0.0241600846077 -0.00577060674162 1776585372.7
-0.0448219226579  0.0192349421839 0.00334998702814 1776585372.72
-0.0361257237622  0.0148153419348  0.0143459557503 1776585372.74
-0.0215090908061  0.0120995198925  0.0286015519389 1776585372.76
-0.00244169722615   0.0120636445592   0.0464420760552 1776585372.78
0.0183367554235 0.0152444599743  0.066890876603 1776585372.8
0.0372964226595 0.0216035451458 0.0877442457203 1776585372.82
0.0508140855061 0.0305108137901  0.105977419798 1776585372.84
0.0559488625772 0.0408564658248  0.118410630479 1776585372.86
0.0511293500848 0.0512666612697  0.122486920341 1776585372.88
0.0365910113799 0.0603692241698  0.116967532341 1776585372.9
0.0144471104687  0.067042350329  0.102354670124 1776585372.92
-0.0116478704308  0.0705872950018  0.0809102002398 1776585372.94
-0.037191948752 0.0707925582241 0.0562396970391 1776585372.96
-0.0577498247758  0.0678917404929  0.0325265363824 1776585372.98
-0.0698914712745  0.0624469573385  0.0135970811952 1776585373
-0.0719432636738  0.0552046364761 0.00204736620832 1776585373.01
 -0.0643740134211   0.0469674593028 -0.00134974736159 1776585373.04
-0.0497163527204  0.0385087034559  0.0021934281519 1776585373.06
-0.0320283147834  0.0305316018586 0.00979192007817 1776585373.08
-0.016006071903 0.0236565232907 0.0176025690054 1776585373.1
-0.00594103495097   0.0184106900881   0.0217722352421 1776585373.11
-0.00475267739848   0.0152011442766   0.0193993765012 1776585373.14
-0.0133131034315  0.0142674087361 0.00928978247728 1776585373.16
 -0.0302146036552   0.0156271371194 -0.00766304278529 1776585373.18
-0.0520335062762  0.0190378678618 -0.0285593422612 1776585373.2
-0.0740359512095  0.0239970369187 -0.0490260882741 1776585373.21
-0.0911776406525  0.0297920281246 -0.0640993246826 1776585373.24
-0.0991888561395  0.0355968612027 -0.0692825118736 1776585373.26
-0.0955187082027  0.0405976407385 -0.0615686531974 1776585373.28
 -0.079940647136  0.0441199823258 -0.0402141911356 1776585373.3
 -0.0546885417258   0.0457313764429 -0.00709262589538 1776585373.31
-0.0240860281637  0.0452997416944   0.033470052507 1776585373.34
0.0062665919037 0.0430022175193 0.0753785743985 1776585373.36
0.0305934164424 0.0392892454412  0.111864959651 1776585373.38
0.0441160409398 0.0348136331402  0.136797813429 1776585373.4
0.0440621512006 0.0303331462315  0.145939929538 1776585373.41
0.0302981869052 0.0265932747763  0.137877329842 1776585373.44
0.00544254396863  0.0241992515885   0.114393260715 1776585373.46
-0.0255842253014  0.0234938853729  0.0801703975208 1776585373.48
-0.0565012194412  0.0244660789388  0.0418526517554 1776585373.5
-0.0809231680491  0.0267178839043 0.00665022784939 1776585373.51
-0.0936767682618   0.029511245224 -0.0192107609799 1776585373.54
 -0.091897732547   0.031898690239 -0.0318422813002 1776585373.56
-0.0756637921935  0.0329187699485 -0.0305339915409 1776585373.58
-0.0480122271628   0.031814261579 -0.0178748294546 1776585373.6
 -0.0143249505404   0.0282179188841 0.000878261311501 1776585373.61
0.0187909406181 0.0222540605357 0.0190386738972 1776585373.63
0.0448811024817 0.0145257828137 0.0300450586941 1776585373.67
 0.0589753008631 0.00599059460836  0.0289718738904 1776585373.68
  0.0585833021908 -0.00223997639531   0.0136552816723 1776585373.7
  0.0441515980362 -0.00912036437471  -0.0148033841328 1776585373.71
 0.0189056630059 -0.0138516071156 -0.0522412520155 1776585373.73
 -0.011861223592 -0.0159794790445 -0.0922679933853 1776585373.76
-0.0418800716266 -0.0153951761929  -0.127524380687 1776585373.78
-0.0651417247732 -0.0122551300112  -0.151089053086 1776585373.8
 -0.0770276777539 -0.00686115279105   -0.157753936485 1776585373.81
 -0.0751266493859 0.000448394424312     -0.1449424282 1776585373.84
 -0.059601817298 0.00935468890192  -0.113133386458 1776585373.86
-0.0330659328264  0.0195442766417 -0.0657536167472 1776585373.88
-1.37262908462e-05    0.0306377928523   -0.0085918091132 1776585373.9
0.0340621977227 0.0421005647177  0.051144303869 1776585373.91
0.0636955828389 0.0531852810511  0.105962599532 1776585373.94
0.0844175065745  0.062948518591   0.14922959705 1776585373.96
0.0934986431915  0.070357152562   0.17614265228 1776585373.98
0.0903360294015 0.0744668329297  0.184378531638 1776585374
0.0764277231802 0.0746258502968  0.174315054275 1776585374.01
0.0549571877551 0.0706451025629  0.148793418488 1776585374.04
0.0300816737228 0.0628828624612  0.112472751968 1776585374.06
0.00607256317824  0.0522175726877  0.0709087921852 1776585374.08
-0.013518830239 0.0399132638649 0.0295449181657 1776585374.1
 -0.0265040981847   0.0274099767105 -0.00718063471062 1776585374.11
-0.0323835774036  0.0160884150691 -0.0364384832338 1776585374.14
 -0.032295951268 0.00706085952171 -0.0572199212916 1776585374.16
-0.0286123137374 0.00102983423111 -0.0701453276028 1776585374.18
 -0.0242721330075 -0.00176398370854  -0.0769473259414 1776585374.2
 -0.0220147642516 -0.00150634402743  -0.0797738650578 1776585374.21
-0.0236824956249 0.00129214071608 -0.0804865959992 1776585374.23
-0.0297540360275 0.00593108256497 -0.0801194972553 1776585374.26
-0.0392147943002  0.0116546715898 -0.0786177658916 1776585374.28
-0.0497944291882  0.0177573351758 -0.0749100759375 1776585374.3
 -0.058519939813  0.0236443064252 -0.0672925531264 1776585374.32
-0.0624616032951  0.0288450349999 -0.0540330616708 1776585374.33
-0.0595040215073  0.0329917775806 -0.0340510436098 1776585374.36
 -0.0489648630678   0.0357867262069 -0.00750182606725 1776585374.38
-0.0319124290871  0.0369851478081  0.0238964662293 1776585374.4
-0.0110953431767  0.0364172241617  0.0569076790065 1776585374.42
0.00951856830634  0.0340580102694  0.0872284607755 1776585374.44
0.0255095813522 0.0301356315944  0.110282270213 1776585374.46
0.0329233461682 0.0252467093604  0.122200146034 1776585374.48
0.0291429874948 0.0204314401444   0.12076550255 1776585374.5
0.0135240915597 0.0171569982597  0.106082370716 1776585374.52
-0.0123537744381  0.0171736883938  0.0807701028996 1776585374.54
-0.0448859218476  0.0222434337284  0.0495901692063 1776585374.56
-0.0790612354823  0.0337849058009  0.0185505441494 1776585374.58
  -0.109375682338   0.0525172906545 -0.00632711171469 1776585374.6
 -0.130846730208  0.0781995610163 -0.0202943319103 1776585374.62
-0.139910252534  0.109546570354 -0.020908776585 1776585374.64
  -0.135009959204     0.14436086455 -0.00856358205722 1776585374.66
 -0.11676502993  0.179862732264 0.0136091776729 1776585374.68
-0.0877045588999   0.213148296035  0.0404215736738 1776585374.7
-0.0516592814998   0.241673082892  0.0657096884727 1776585374.72
-0.0129739265696    0.26365666231  0.0835249767655 1776585374.74
0.0242710813868  0.278331973975 0.0891392839114 1776585374.76
0.0568653294898  0.286009143698 0.0796385286601 1776585374.78
0.0828025075152  0.287970135988 0.0540134573758 1776585374.8
 0.101324227868  0.286242108842 0.0128065831967 1776585374.82
  0.112726896301   0.283307294126 -0.0425037209105 1776585374.84
 0.118030294307  0.281798824678 -0.110141901224 1776585374.86
 0.118617961739  0.284214066555 -0.188472883695 1776585374.88
0.115940437353 0.292659291069 -0.27609684243 1776585374.9
 0.111333478049   0.30862902218 -0.371579743836 1776585374.92
 0.105957914011  0.332823155868 -0.472921909012 1776585374.93
 0.100828749665  0.365013168926 -0.576958951494 1776585374.96
0.0968785430981  0.403979196056 -0.678925215356 1776585374.98
0.0949988364179  0.447544474612 -0.772379715453 1776585375
0.0960214638317  0.492727033095 -0.849606406214 1776585375.02
 0.100630701773  0.536010230222 -0.902477577502 1776585375.04
 0.109226475577  0.573708563435 -0.923643861076 1776585375.06
 0.121779041782  0.602380274157 -0.907819774391 1776585375.08
 0.137722125004  0.619221027083 -0.852894194652 1776585375.1
 0.155924226709  0.622369506303 -0.760619752423 1776585375.12
 0.174759555793  0.611069641689 -0.636716517035 1776585375.14
0.192275732283  0.58566381884 -0.49034325375 1776585375.16
 0.206431744272  0.547429088667 -0.333016802438 1776585375.18
 0.215363300746  0.498302537005 -0.177168727548 1776585375.2
   0.21762775277   0.440562535275 -0.0345946401232 1776585375.22
  0.21238690463  0.376535234516 0.0849388360047 1776585375.24
0.199499837015 0.308382107889   0.1747119778 1776585375.26
0.179515165084 0.237999745713 0.231566622245 1776585375.28
 0.15356971562 0.167033576273 0.255894170608 1776585375.3
 0.123215974523 0.0969789723908  0.251166021392 1776585375.32
0.0902115296331  0.029322428429  0.223137280923 1776585375.34
 0.0563080625815 -0.0343329808787   0.178880689837 1776585375.36
 0.0230741906343 -0.0922079502284   0.125803466409 1776585375.38
-0.00822368110775   -0.142385279666   0.0707744513549 1776585375.4
-0.0366727910332  -0.182953110444  0.0194514933955 1776585375.42
-0.0617029276556  -0.212233207472 -0.0241425552025 1776585375.44
-0.0830294163894  -0.229051477917 -0.0577852690801 1776585375.46
 -0.100572167742   -0.23299304783 -0.0809814546527 1776585375.48
 -0.114371840128  -0.224580649208 -0.0946911749315 1776585375.5
-0.124518826478 -0.205324569131 -0.100911002951 1776585375.52
-0.131103967124 -0.177614517222 -0.102168611976 1776585375.54
-0.134194159529 -0.144455147609 -0.100997008455 1776585375.56
 -0.133832437953  -0.109081521666 -0.0994583147886 1776585375.58
 -0.130060189359 -0.0745205830043 -0.0987849793399 1776585375.6
  -0.12295792136 -0.0431816922082 -0.0991948894106 1776585375.62
 -0.112699713659 -0.0165576851418  -0.099913774267 1776585375.64
-0.0996149093791 0.00490317511413 -0.0994046605921 1776585375.66
-0.0842483955356  0.0217295632598 -0.0957654534916 1776585375.68
-0.0674075510131  0.0351796000564 -0.0872205377643 1776585375.7
 -0.050180044596  0.0468649366163 -0.0726094581846 1776585375.72
-0.0339043138966  0.0583214326202 -0.0517714471784 1776585375.74
-0.0200770176448  0.0706101196699 -0.0257408116179 1776585375.76
-0.0101913617291  0.0840258837042 0.00329741348247 1776585375.78
-0.0055164811887  0.0979715787559  0.0322957084113 1776585375.8
-0.00684741871687    0.111024970449   0.0578307878428 1776585375.82
-0.0142721662108   0.121189784071  0.0767007509896 1776585375.84
-0.0270111206114   0.126286544002  0.0865181111545 1776585375.86
-0.0433811029812   0.124410398212  0.0861796188327 1776585375.88
-0.0609195396241   0.114367205926  0.0761125307178 1776585375.9
-0.0766765337944  0.0959996112857  0.0582361327664 1776585375.92
-0.0876481988396  0.0703331641578  0.0356311145603 1776585375.94
-0.0912902252108  0.0395069191846  0.0119696813171 1776585375.96
 -0.0860231873912  0.00649699885651 -0.00918476355771 1776585375.99
-0.0716274617612 -0.0253149067002 -0.0250612610148 1776585376
-0.0494318721995 -0.0526444125833 -0.0341937168644 1776585376.02
-0.0222296471297 -0.0727831401221 -0.0366387617538 1776585376.04
0.00609408433379 -0.0839677948391 -0.0338428612534 1776585376.06
 0.0311764145724 -0.0855818969952 -0.0281903878728 1776585376.09
  0.048926293499 -0.0781690692045 -0.0223485806599 1776585376.1
 0.0562647109612 -0.0632724603861 -0.0185799071081 1776585376.12
 0.0517045754955 -0.0431419401406 -0.0181992931721 1776585376.14
 0.0356496344352 -0.0203657184833 -0.0213100980746 1776585376.16
 0.0103503890549 0.00251313475622 -0.0268723641286 1776585376.19
 -0.020473447511   0.023338966076 -0.0330651169867 1776585376.21
-0.0522674879458  0.0405973669546 -0.0378286531154 1776585376.22
 -0.080410031512  0.0535458850998 -0.0394326075805 1776585376.24
 -0.100967727272  0.0622032353141 -0.0369180892755 1776585376.26
 -0.111303346073  0.0671989587184 -0.0303017139491 1776585376.29
 -0.110432415272  0.0695087629007 -0.0204920833775 1776585376.31
 -0.0990756205147   0.0701237784739 -0.00893838992518 1776585376.32
-0.0794118969723  0.0697195203058 0.00290866513554 1776585376.34
-0.0545926871621  0.0683963098335  0.0142018017607 1776585376.36
-0.0281208127061  0.0655521942582  0.0252277307211 1776585376.39
-0.00321980393294   0.0599209575955   0.0377281160985 1776585376.41
0.0176825594998 0.0497673125718  0.054902782386 1776585376.42
0.0332583980772 0.0331907450571 0.0810358723888 1776585376.44
 0.0433177256394 0.00846251065786   0.120755175844 1776585376.46
  0.048581715137 -0.0256838304649   0.178018700852 1776585376.49
 0.0502496710651 -0.0698686352316   0.255005804418 1776585376.51
0.0494662084431 -0.124014317657    0.3511508455 1776585376.52
0.0468231780545 -0.187411644282  0.462572972299 1776585376.54
0.0420298683805 -0.258859775704  0.582111686902 1776585376.56
 0.033851368953 -0.336822151302   0.70007343527 1776585376.59
0.0203530546831  -0.41954755452  0.805644924533 1776585376.61
-0.000588527366251    -0.505130783417     0.888764185662 1776585376.62
-0.0306230884439   -0.59152114671   0.942100418381 1776585376.64
-0.0702791963664  -0.676516478324   0.962719175762 1776585376.66
-0.118511447426 -0.757793092182   0.95303015745 1776585376.69
-0.172586780316 -0.833011529403  0.920737643341 1776585376.71
-0.228377273297 -0.900006932757  0.877716539275 1776585376.72
-0.281025385964 -0.957033241466  0.837973353851 1776585376.74
-0.325849166343  -1.00299819077  0.815062476709 1776585376.76
-0.35928708433 -1.03761475672 0.819460419586 1776585376.79
-0.379664001356  -1.06140946487  0.856421242559 1776585376.81
-0.387595995497  -1.07556424228  0.924741474863 1776585376.82
-0.385931918179  -1.08161414041   1.01667789819 1776585376.84
-0.37923249625 -1.08106380074  1.11903256405 1776585376.86
-0.372888359189  -1.07500929812   1.21519863144 1776585376.89
-0.372053992917  -1.06385335007   1.28779233799 1776585376.91
-0.380610096911   -1.0471817063   1.32140793551 1776585376.92
-0.400356924371   -1.0238327407   1.30503183025 1776585376.94
-0.430591003997 -0.992149743529   1.23373111396 1776585376.96
-0.468140458554 -0.950366080998   1.10936995618 1776585376.99
-0.507847263123  -0.89704607218   0.94027777847 1776585377.01
-0.543405005568 -0.831494414562  0.739966328512 1776585377.02
-0.568401186301 -0.754054494118  0.525141229308 1776585377.04
-0.577382198459  -0.66623710185  0.313354921084 1776585377.06
-0.566760166444 -0.570651112547  0.120687275516 1776585377.09
-0.535411932449 -0.470742875353 -0.040187552951 1776585377.11
-0.484875296146 -0.370387651759 -0.161277742107 1776585377.12
-0.419116966984 -0.273407706524 -0.239754302514 1776585377.14
-0.343920153994 -0.183108109268 -0.277642473941 1776585377.16
-0.266005630516 -0.101915671435 -0.280864106014 1776585377.19
 -0.192045368383 -0.0311795329308  -0.257864882096 1776585377.2
-0.127740543906 0.0288466932881 -0.218098265243 1776585377.22
-0.0771111595766  0.0788587723304  -0.170617500764 1776585377.24
-0.0420900441751   0.120236191179  -0.122960161849 1776585377.26
-0.0224474642808   0.154714571679 -0.0804206609604 1776585377.29
-0.0160142276791   0.184053747202 -0.0457225551915 1776585377.31
-0.0191342949357    0.20974854151 -0.0190452756535 1776585377.32
-0.0272646226039   0.232811957135 0.00166417337342 1776585377.34
-0.0356432099703   0.253641895199  0.0201629870166 1776585377.36
-0.0399556359857   0.271968565874  0.0412263804199 1776585377.39
-0.0369373753753   0.286873664987  0.0698583974385 1776585377.41
-0.0248509329701   0.296873106542   0.110464346001 1776585377.42
-0.00377647213511    0.300058561263    0.166070183963 1776585377.44
0.0243404714296   0.29429515351  0.237696486227 1776585377.46
0.0559223496591   0.27747087383  0.324005491463 1776585377.49
0.0862760572604   0.24778624993  0.421325612738 1776585377.51
 0.11034271736 0.204060152783 0.524109190926 1776585377.52
0.123573726504  0.14601105308 0.625796894586 1776585377.54
 0.122779233487 0.0744582280235  0.719961565174 1776585377.56
  0.106776144465 -0.0086168455021   0.801513972321 1776585377.59
0.0766831433367 -0.100194533636  0.867704796116 1776585377.61
0.0357714161146 -0.196537822775  0.918673795206 1776585377.62
-0.0111289856027  -0.293673441385    0.95738261918 1776585377.64
-0.0585662758648  -0.387949526395   0.988905502918 1776585377.66
 -0.10156085554 -0.476554552904   1.01920909338 1776585377.69
-0.136621592248 -0.557878902763   1.05368760074 1776585377.71
-0.162455596593 -0.631629713479   1.09579375433 1776585377.72
 -0.18020387691 -0.698666066749   1.14609596413 1776585377.74
-0.193139695097 -0.760590483098   1.20199786356 1776585377.76
-0.205889290232 -0.819194331201   1.25820298721 1776585377.79
-0.223345631453 -0.875890908437   1.30783552282 1776585377.81
-0.249517736403  -0.93127040658   1.34398060676 1776585377.82
-0.286573454043 -0.984876944495   1.36131710394 1776585377.84
-0.334288775339  -1.03525069017   1.35749843793 1776585377.86
-0.390022494107  -1.08021451566   1.33399182369 1776585377.89
-0.449214441847    -1.117330921   1.29619748638 1776585377.91
-0.506288370518  -1.14442267322    1.2528112086 1776585377.92
-0.555755291084  -1.16004454832   1.21453582499 1776585377.94
-0.593278640312  -1.16381183137   1.19236275433 1776585377.96
-0.616483825611  -1.15652668618   1.19571429124 1776585377.98
-0.625362451695  -1.14008640432   1.23075320329 1776585378.01
-0.622217032591  -1.11719862956   1.29913086986 1776585378.02
-0.611191806263  -1.09096143403   1.39736944675 1776585378.04
-0.597516419739  -1.06438716949   1.51697266361 1776585378.06
-0.586634180998  -1.03995650766   1.64525069916 1776585378.08
-0.583387630095  -1.01928143559     1.766743137 1776585378.11
-0.591395875191  -1.00293259542   1.86504385131 1776585378.12
-0.612695345205 -0.990450448845   1.92478274506 1776585378.14
-0.647648048342 -0.980520137909   1.93350668276 1776585378.16
-0.695067054969 -0.971258710814     1.883224943 1776585378.18
-0.752479188814 -0.960549671543   1.77143632541 1776585378.2
-0.816442959761 -0.946364305091   1.60152494791 1776585378.22
-0.882861000175 -0.927024792151   1.38248858807 1776585378.24
-0.947260252433  -0.90138195854   1.12803858267 1776585378.26
 -1.00504662716 -0.868896281889   0.85517827286 1776585378.28
 -1.05176151554 -0.829625399516  0.582423271221 1776585378.3
 -1.08336806393 -0.784136494349  0.327866099744 1776585378.32
 -1.09657593384 -0.733375422412  0.107304492152 1776585378.34
  -1.08918265501  -0.678530251098 -0.0673560169654 1776585378.36
 -1.06038043968 -0.620919838063 -0.189246949717 1776585378.38
  -1.0109612925 -0.561919432311 -0.257101560267 1776585378.4
-0.943356612611 -0.502913898249 -0.275174458392 1776585378.42
-0.861469589969 -0.445256454417 -0.252521303275 1776585378.44
-0.770294106678 -0.390212740672 -0.201716820239 1776585378.46
-0.675355060592 -0.338883134379 -0.137160294339 1776585378.48
 -0.582043799624  -0.292111396904 -0.0731781401252 1776585378.5
   -0.4949502158   -0.25039764578 -0.0221723456171 1776585378.52
 -0.417302597739  -0.213836675851 0.00692949476187 1776585378.54
 -0.350613629434  -0.182100343759 0.00969979646374 1776585378.56
  -0.29459728483  -0.154475860531 -0.0134373963804 1776585378.58
 -0.247373282626  -0.129960498491 -0.0575744958267 1776585378.6
-0.205923054031 -0.107399997559 -0.114337353304 1776585378.62
 -0.166714755963 -0.0856484880965  -0.173374303913 1776585378.64
 -0.126384652768 -0.0637264085624  -0.224066547421 1776585378.66
-0.0823549075686 -0.0409583252267  -0.257181859012 1776585378.68
-0.0332848435294 -0.0170786959479  -0.266216826763 1776585378.7
 0.0207107657796 0.00770443322088   -0.24823959387 1776585378.72
0.0780963028036 0.0326993171997 -0.204140142709 1776585378.74
 0.136176930591 0.0567854316058 -0.138298785934 1776585378.76
  0.191525107835  0.0785389418811 -0.0577760808517 1776585378.78
 0.240488788014 0.0964224837275 0.0288068084509 1776585378.8
0.279694640983 0.109019157911 0.112498316188 1776585378.82
0.306473108777 0.115279205784 0.185165636636 1776585378.84
0.319158130115 0.114741865618 0.240410027733 1776585378.86
0.317244961635   0.1076954314 0.274153804201 1776585378.88
 0.301415186729 0.0952449891224  0.284867727728 1776585378.9
 0.273451508778 0.0792682789027   0.27346212038 1776585378.92
 0.236064800956 0.0622541540691  0.242903237219 1776585378.94
  0.19264733009 0.0470342474578  0.197637297552 1776585378.96
 0.146958483332 0.0364360662908  0.142912009665 1776585378.98
 0.102751432451 0.0329032122884 0.0840841285671 1776585379
0.0633641237862 0.0381419952126 0.0259938904785 1776585379.02
 0.0313209976375  0.0528578913316 -0.0275272017206 1776585379.04
0.00801189557572  0.0766354703599 -0.0739704356406 1776585379.06
-0.00648043546653    0.107991079481    -0.11226835799 1776585379.08
-0.0133503161505   0.144593885044  -0.142728680808 1776585379.1
-0.0148213053722   0.183617019906  -0.166817998921 1776585379.12
-0.0137151944339   0.222155899171  -0.186842907763 1776585379.14
-0.012918509408  0.257640959127 -0.205577728199 1776585379.16
-0.0148545198202   0.288177640688  -0.225880910339 1776585379.18
 -0.02106801829  0.312763661941 -0.250332089757 1776585379.2
-0.0320011098795   0.331357077044  -0.280914442489 1776585379.22
-0.0469899404631   0.344793553046  -0.318764954484 1776585379.24
-0.0644597251633   0.354574635404  -0.364016325022 1776585379.26
-0.0822541953365   0.362568364274  -0.415752970753 1776585379.28
-0.0980163511484   0.370676717381  -0.472094869567 1776585379.3
-0.109542751445  0.380527364672 -0.530405854707 1776585379.32
 -0.11505807427  0.393237659436 -0.587601917799 1776585379.34
-0.113389829493  0.409278518137 -0.640517543685 1776585379.36
-0.104053221542   0.42844203986 -0.686280123531 1776585379.38
-0.0872738917611   0.449898633928  -0.722645619882 1776585379.4
-0.0639771300756   0.472322671265  -0.748259912861 1776585379.42
-0.0357578998575   0.494068718903  -0.762824461794 1776585379.44
-0.00482429764037    0.513386310402   -0.767157362651 1776585379.46
0.0261113049615  0.528662941537 -0.763149030446 1776585379.48
0.0540244527367  0.538679968411 -0.753615717611 1776585379.5
0.0758725549602  0.542856740151 -0.742056212618 1776585379.52
0.0889807521508    0.5414495094 -0.732320632388 1776585379.54
0.0914743940163  0.535667871982 -0.728207888445 1776585379.56
0.0826821414568  0.527675190044 -0.733020788036 1776585379.58
0.0634193556752  0.520451066858 -0.749122639076 1776585379.6
0.0360703719889  0.517512169646 -0.777551875983 1776585379.62
0.00442020091003   0.522509917878  -0.817755600689 1776585379.64
-0.0267661484708   0.538746225214  -0.867494223179 1776585379.66
-0.0523665870306   0.568667609973  -0.922946618036 1776585379.68
-0.0676324166883   0.613409665592  -0.979012703908 1776585379.7
-0.0689036652734   0.672465016217   -1.02977676656 1776585379.72
-0.054180892477  0.743537252288  -1.06906998129 1776585379.74
-0.0234440147941   0.822622548627   -1.09106136431 1776585379.76
0.0213491652835  0.904333791236  -1.09081395851 1776585379.78
